# https://github.com/mikedh/trimesh
mtllib material.mtl
usemtl material_0
v -0.00391517 0.22458829 -0.22315445
v -0.00446657 0.22458829 -0.22397879
v 0.00000000 0.22458829 -0.22636699
v -0.00356109 0.22458829 -0.22280590
v -0.00381927 0.22460304 -0.22254403
v -0.00416044 0.22461042 -0.22295159
v -0.00474320 0.22461226 -0.22383126
v -0.00387091 0.22463255 -0.22248133
v -0.00418995 0.22464546 -0.22292946
v -0.00477455 0.22464546 -0.22381466
v -0.00421208 0.22470263 -0.22291840
v -0.00479299 0.22470263 -0.22380544
v -0.00397049 0.22470263 -0.22253296
v -0.00388751 0.22801107 -0.22246473
v -0.00421577 0.22786538 -0.22290733
v -0.00480590 0.22785062 -0.22379806
v -0.00421392 0.22821392 -0.22290733
v -0.00480590 0.22820470 -0.22379806
v -0.00356293 0.22846104 -0.22202397
v -0.00356293 0.22846104 -0.22202397
v -0.00347257 0.22840203 -0.22213094
v -0.00349470 0.22835408 -0.22209405
v -0.00433748 0.22841309 -0.22280775
v -0.00433748 0.22841309 -0.22280775
v -0.00494790 0.22841125 -0.22372245
v -0.00494790 0.22841125 -0.22372245
v -0.00471000 0.22852190 -0.22250161
v -0.00386538 0.22852190 -0.22165698
v -0.00287137 0.22852190 -0.22099308
v -0.01430890 0.22880406 -0.20893223
v -0.01430890 0.22880406 -0.20893223
v -0.01743476 0.22880406 -0.21205809
v -0.01743476 0.22880406 -0.21205809
v -0.01989119 0.22880406 -0.21573536
v -0.01989119 0.22880406 -0.21573536
v -0.01452282 0.22869710 -0.20866851
v -0.01769663 0.22869710 -0.21184232
v -0.01799170 0.22649885 -0.21160074
v -0.01476441 0.22649885 -0.20837529
v -0.02018995 0.22869710 -0.21557492
v -0.02052559 0.22649885 -0.21539604
v -0.02190871 0.22869710 -0.21972061
v -0.02158414 0.22880406 -0.21982019
v -0.02158414 0.22880406 -0.21982019
v -0.02244537 0.22880406 -0.22415583
v -0.02244537 0.22880406 -0.22415583
v -0.00583126 0.22852190 -0.22459843
v -0.00537391 0.22852190 -0.22349378
v -0.00536837 0.22841125 -0.22473859
v -0.00536837 0.22841125 -0.22473859
v -0.00542185 0.22820470 -0.22583218
v -0.00521346 0.22820470 -0.22478469
v -0.00558230 0.22841125 -0.22581743
v -0.00558230 0.22841125 -0.22581743
v -0.00558230 0.22841125 -0.22691655
v -0.00558230 0.22841125 -0.22691655
v -0.00606362 0.22852190 -0.22576948
v -0.00542185 0.22820470 -0.22690180
v -0.00542185 0.22785062 -0.22690180
v -0.00521346 0.22820470 -0.22794929
v -0.00521346 0.22785062 -0.22794929
v -0.00480590 0.22785062 -0.22893592
v -0.00479299 0.22470263 -0.22892854
v -0.00520055 0.22470263 -0.22794375
v -0.00518027 0.22464546 -0.22793822
v -0.00540894 0.22470263 -0.22689995
v -0.00477455 0.22464546 -0.22891932
v -0.00418995 0.22464546 -0.22980452
v -0.00474320 0.22461226 -0.22890272
v -0.00416044 0.22461042 -0.22978239
v -0.00381558 0.22460304 -0.23018626
v -0.00391517 0.22458829 -0.22957953
v -0.00446657 0.22458829 -0.22875334
v -0.00356109 0.22458829 -0.22992808
v -0.00321254 0.22458829 -0.23028216
v -0.00238635 0.22458829 -0.23083356
v -0.00342462 0.22459198 -0.23054403
v -0.00386538 0.22463071 -0.23024343
v -0.00346519 0.22459751 -0.23060120
v -0.00254864 0.22459198 -0.23113047
v -0.00206916 0.22460304 -0.23135546
v -0.00258552 0.22459751 -0.23118949
v -0.00210235 0.22463071 -0.23142185
v -0.00263347 0.22460304 -0.23125403
v -0.00350761 0.22460304 -0.23067128
v -0.00399631 0.22468234 -0.23069894
v -0.00384140 0.22464915 -0.23039096
v -0.00368649 0.22463255 -0.23094975
v -0.01266574 0.22619825 -0.24625081
v -0.00282342 0.22463255 -0.23152697
v -0.01352328 0.22619825 -0.24567727
v -0.01379991 0.22624435 -0.24541724
v -0.01425726 0.22633472 -0.24616782
v -0.01405440 0.22629968 -0.24648133
v -0.01444537 0.22638635 -0.24653296
v -0.01437898 0.22638451 -0.24697372
v -0.01320424 0.22629968 -0.24704933
v -0.01353435 0.22638451 -0.24753804
v -0.01231904 0.22624435 -0.24640572
v -0.01283541 0.22633472 -0.24711757
v -0.01310281 0.22638635 -0.24742923
v -0.01223974 0.22630152 -0.24646289
v -0.01278377 0.22638820 -0.24719871
v -0.01283541 0.22933887 -0.24711757
v -0.01315814 0.22643983 -0.24759705
v -0.01310281 0.22922084 -0.24742923
v -0.01372799 0.22647118 -0.24783310
v -0.01353435 0.22951222 -0.24753804
v -0.01437898 0.22951222 -0.24697372
v -0.01320424 0.22976856 -0.24704933
v -0.01405440 0.22976856 -0.24648133
v -0.01352328 0.22983864 -0.24567727
v -0.01425726 0.22933887 -0.24616782
v -0.01379991 0.22937391 -0.24541724
v -0.01444537 0.22922084 -0.24653296
v -0.01457815 0.22647118 -0.24726510
v -0.01457999 0.22643983 -0.24664730
v -0.01435316 0.22638820 -0.24614938
v -0.01388105 0.22630152 -0.24536561
v -0.00407561 0.22474136 -0.23063439
v -0.00399816 0.22787091 -0.23070078
v -0.00392623 0.22471000 -0.23032457
v -0.00384693 0.22789119 -0.23039834
v -0.00388197 0.22801107 -0.23026003
v -0.00396127 0.22470263 -0.23018995
v -0.00369018 0.22833748 -0.23095343
v -0.00351498 0.22832642 -0.23068050
v -0.00348732 0.22835224 -0.23062702
v -0.00264085 0.22832642 -0.23126510
v -0.00282527 0.22833748 -0.23153066
v -0.01266574 0.22983864 -0.24625081
v -0.00247303 0.22787091 -0.23171876
v -0.00238266 0.22474136 -0.23176671
v -0.01231904 0.22937391 -0.24640572
v -0.00215399 0.22471000 -0.23151037
v -0.00225173 0.22789119 -0.23146427
v -0.00201568 0.22470263 -0.23149009
v -0.00211157 0.22801107 -0.23144398
v -0.00260212 0.22835224 -0.23121899
v -0.00257999 0.22840018 -0.23119133
v -0.00346888 0.22840018 -0.23059751
v -0.00356109 0.22846104 -0.23070816
v -0.00356109 0.22846104 -0.23070816
v -0.00433748 0.22841309 -0.22992623
v -0.00433748 0.22841309 -0.22992623
v -0.00421392 0.22821392 -0.22982480
v -0.00494790 0.22841125 -0.22901153
v -0.00494790 0.22841125 -0.22901153
v -0.00480590 0.22820470 -0.22893592
v -0.00421577 0.22786538 -0.22982480
v -0.00421024 0.22470263 -0.22981374
v -0.00536837 0.22841125 -0.22799539
v -0.00536837 0.22841125 -0.22799539
v -0.00583126 0.22852190 -0.22813555
v -0.00606362 0.22852190 -0.22696450
v -0.02158414 0.22880406 -0.23291379
v -0.02158414 0.22880406 -0.23291379
v -0.02244537 0.22880406 -0.22857815
v -0.02244537 0.22880406 -0.22857815
v -0.02278469 0.22869710 -0.22861134
v -0.02278469 0.22869710 -0.22412264
v -0.02227201 0.22649885 -0.21960996
v -0.02316275 0.22649885 -0.22408575
v -0.02352420 0.22524481 -0.21923006
v -0.02446473 0.22524481 -0.22395666
v -0.02316275 0.22649885 -0.22864822
v -0.02227201 0.22649885 -0.23312218
v -0.02446473 0.22524481 -0.22877732
v -0.02190871 0.22869710 -0.23301337
v -0.02018995 0.22869710 -0.23715906
v -0.01989119 0.22880406 -0.23699862
v -0.01989119 0.22880406 -0.23699862
v -0.01743476 0.22880406 -0.24067589
v -0.01743476 0.22880406 -0.24067589
v -0.00537391 0.22852190 -0.22924020
v -0.00471000 0.22852190 -0.23023237
v -0.00386538 0.22852190 -0.23107699
v -0.00287137 0.22852190 -0.23174089
v -0.00264822 0.22846104 -0.23131858
v -0.00264822 0.22846104 -0.23131858
v -0.01063163 0.22880406 -0.24625818
v -0.01063163 0.22880406 -0.24625818
v -0.01430890 0.22880406 -0.24380175
v -0.01430890 0.22880406 -0.24380175
v -0.01452282 0.22869710 -0.24406362
v -0.01769663 0.22869710 -0.24089166
v -0.02052559 0.22649885 -0.23733794
v -0.01799170 0.22649885 -0.24113140
v -0.01900231 0.22524481 -0.24196127
v -0.01476441 0.22649885 -0.24435869
v -0.02168004 0.22524481 -0.23795574
v -0.02052374 0.22524666 -0.24320977
v -0.02341540 0.22524666 -0.23888151
v -0.02352420 0.22524481 -0.23350207
v -0.02540710 0.22524666 -0.23407377
v -0.02642139 0.22524666 -0.22896911
v -0.02690456 0.22615583 -0.23452928
v -0.02797971 0.22615583 -0.22912218
v -0.02875058 0.22755187 -0.22919779
v -0.02875058 0.22755187 -0.22353435
v -0.02797971 0.22615583 -0.22361180
v -0.02764592 0.22755187 -0.21797971
v -0.02690456 0.22615583 -0.21820470
v -0.02642139 0.22524666 -0.22376487
v -0.02540710 0.22524666 -0.21866021
v -0.02168004 0.22524481 -0.21477824
v -0.02341540 0.22524666 -0.21385062
v -0.02479668 0.22615583 -0.21311296
v -0.02233287 0.22755187 -0.20803965
v -0.02173352 0.22615583 -0.20853020
v -0.02547902 0.22755187 -0.21274781
v -0.02581651 0.23076441 -0.21256708
v -0.02262794 0.23076441 -0.20779622
v -0.01857077 0.23076441 -0.20373905
v -0.01832734 0.22755187 -0.20403412
v -0.01379806 0.23076441 -0.20055048
v -0.00849793 0.23076441 -0.19835592
v -0.01361918 0.22755187 -0.20088797
v -0.01783679 0.22615583 -0.20463347
v -0.01325403 0.22615583 -0.20157031
v -0.00838543 0.22755187 -0.19872107
v -0.00816229 0.22615583 -0.19946058
v -0.00286953 0.23076441 -0.19723467
v -0.00283080 0.22755187 -0.19761641
v -0.00275519 0.22615583 -0.19838543
v 0.00286953 0.23076441 -0.19723467
v 0.00283264 0.22755187 -0.19761641
v 0.00275703 0.22615583 -0.19838543
v 0.00849793 0.23076441 -0.19835592
v 0.00838728 0.22755187 -0.19872107
v 0.00816229 0.22615583 -0.19946058
v 0.01379991 0.23076441 -0.20055048
v 0.01361918 0.22755187 -0.20088797
v 0.01325403 0.22615583 -0.20157031
v 0.01857077 0.23076441 -0.20373905
v 0.01832734 0.22755187 -0.20403412
v 0.01783679 0.22615583 -0.20463347
v 0.02262794 0.23076441 -0.20779622
v 0.02233287 0.22755187 -0.20803965
v 0.02173352 0.22615583 -0.20853020
v 0.02581651 0.23076441 -0.21256893
v 0.02547902 0.22755187 -0.21274781
v 0.02801291 0.23076441 -0.21786906
v 0.02764592 0.22755187 -0.21797971
v 0.02479668 0.22615583 -0.21311296
v 0.02690641 0.22615583 -0.21820470
v 0.02052374 0.22524666 -0.20952420
v 0.02341540 0.22524666 -0.21385062
v 0.02540710 0.22524666 -0.21866021
v 0.02168004 0.22524481 -0.21477824
v 0.02352420 0.22524481 -0.21923006
v 0.02052559 0.22649885 -0.21539604
v 0.02227201 0.22649885 -0.21960996
v 0.02446473 0.22524481 -0.22395666
v 0.02642324 0.22524666 -0.22376487
v 0.02316275 0.22649885 -0.22408575
v 0.02446473 0.22524481 -0.22877732
v 0.02642324 0.22524666 -0.22896911
v 0.02352420 0.22524481 -0.23350207
v 0.02316275 0.22649885 -0.22864822
v 0.02227201 0.22649885 -0.23312218
v 0.02278469 0.22869710 -0.22412264
v 0.02278469 0.22869710 -0.22861134
v 0.02244721 0.22880406 -0.22415583
v 0.02244721 0.22880406 -0.22415583
v 0.02190871 0.22869710 -0.23301337
v 0.02244721 0.22880406 -0.22857815
v 0.02244721 0.22880406 -0.22857815
v 0.02158414 0.22880406 -0.23291379
v 0.02158414 0.22880406 -0.23291379
v 0.00583126 0.22852190 -0.22813555
v 0.00606362 0.22852190 -0.22696450
v 0.00559152 0.22846104 -0.22581743
v 0.00559152 0.22846104 -0.22581743
v 0.00606362 0.22852190 -0.22576948
v 0.00559152 0.22846104 -0.22691655
v 0.00559152 0.22846104 -0.22691655
v 0.00537022 0.22841309 -0.22799539
v 0.00537022 0.22841309 -0.22799539
v 0.00545689 0.22840203 -0.22583218
v 0.00545689 0.22840203 -0.22690180
v 0.00521715 0.22821392 -0.22794929
v 0.00550853 0.22835592 -0.22583402
v 0.00550853 0.22835592 -0.22689995
v 0.00559889 0.22833011 -0.22689258
v 0.00559889 0.22833011 -0.22584140
v 0.00541448 0.22801291 -0.22743107
v 0.00554357 0.22789488 -0.22732596
v 0.00540710 0.22470447 -0.22753804
v 0.00522084 0.22786538 -0.22795113
v 0.00480590 0.22820470 -0.22893592
v 0.00480590 0.22785062 -0.22893592
v 0.00520793 0.22470263 -0.22795297
v 0.00518764 0.22464546 -0.22794006
v 0.00539050 0.22463255 -0.22742739
v 0.00479299 0.22470263 -0.22892854
v 0.00421208 0.22785062 -0.22982296
v 0.00477455 0.22464546 -0.22891932
v 0.00420101 0.22470263 -0.22981374
v 0.00345597 0.22785062 -0.23057907
v 0.00418442 0.22464546 -0.22980083
v 0.00344859 0.22470263 -0.23056800
v 0.00256893 0.22785062 -0.23117289
v 0.00256155 0.22470263 -0.23115998
v 0.00343384 0.22464546 -0.23055141
v 0.00255233 0.22464546 -0.23114154
v 0.00341171 0.22461226 -0.23052559
v 0.00415860 0.22461226 -0.22977870
v 0.00391517 0.22458829 -0.22957953
v 0.00446657 0.22458829 -0.22875334
v 0.00474320 0.22461226 -0.22890272
v 0.00484647 0.22458829 -0.22783679
v 0.00515076 0.22461042 -0.22792900
v 0.00530383 0.22460489 -0.22741817
v 0.00494053 0.22458829 -0.22734993
v 0.00504011 0.22458829 -0.22686307
v 0.00538681 0.22459382 -0.22689442
v 0.00547533 0.22459935 -0.22689627
v 0.00504011 0.22458829 -0.22587091
v 0.00538681 0.22459382 -0.22583956
v 0.00530383 0.22460489 -0.22531581
v 0.00547533 0.22459935 -0.22583771
v 0.00558414 0.22460673 -0.22584140
v 0.00539050 0.22463255 -0.22530659
v 0.00558414 0.22460673 -0.22689258
v 0.00590871 0.22468787 -0.22728354
v 0.00594744 0.22463624 -0.22688704
v 0.00553619 0.22465284 -0.22732411
v 0.00589949 0.22474504 -0.22738497
v 0.00552882 0.22471369 -0.22743292
v 0.02416966 0.22624251 -0.22735546
v 0.02416229 0.22931305 -0.22725772
v 0.02416229 0.22618534 -0.22725772
v 0.00591056 0.22787460 -0.22728354
v 0.00594929 0.22834117 -0.22688704
v 0.02423790 0.22977962 -0.22688336
v 0.02552328 0.22972983 -0.22585615
v 0.02552328 0.22972983 -0.22687782
v 0.00594929 0.22834117 -0.22584693
v 0.02423790 0.22977962 -0.22585062
v 0.02416229 0.22931305 -0.22547626
v 0.02531858 0.22929645 -0.22551130
v 0.00591056 0.22787460 -0.22545044
v 0.00552882 0.22471369 -0.22530106
v 0.00589949 0.22474504 -0.22534901
v 0.00554357 0.22789488 -0.22540802
v 0.00540710 0.22470447 -0.22519594
v 0.00541448 0.22801291 -0.22530106
v 0.00520793 0.22470263 -0.22478101
v 0.00522084 0.22786538 -0.22478285
v 0.00521715 0.22821392 -0.22478469
v 0.00537022 0.22841309 -0.22473859
v 0.00537022 0.22841309 -0.22473859
v 0.00480590 0.22820470 -0.22379806
v 0.00480590 0.22785062 -0.22379806
v 0.00421208 0.22785062 -0.22291102
v 0.00479299 0.22470263 -0.22380544
v 0.00420101 0.22470263 -0.22291840
v 0.00418442 0.22464546 -0.22293315
v 0.00344859 0.22470263 -0.22216598
v 0.00343384 0.22464546 -0.22218257
v 0.00255233 0.22464546 -0.22159244
v 0.00253573 0.22461226 -0.22162379
v 0.00341171 0.22461226 -0.22220839
v 0.00238820 0.22458829 -0.22190041
v 0.00415860 0.22461226 -0.22295528
v 0.00321254 0.22458829 -0.22245182
v 0.00391517 0.22458829 -0.22315445
v 0.00446657 0.22458829 -0.22397879
v 0.00474320 0.22461226 -0.22383126
v 0.00518764 0.22464546 -0.22479207
v 0.00515076 0.22461042 -0.22480498
v 0.00477455 0.22464546 -0.22381466
v 0.00484647 0.22458829 -0.22489719
v 0.00494053 0.22458829 -0.22538405
v 0.00146980 0.22458829 -0.22152052
v 0.00049608 0.22458829 -0.22132688
v 0.00156201 0.22461226 -0.22121992
v 0.00157123 0.22464546 -0.22118672
v 0.00052743 0.22461226 -0.22101337
v -0.00052743 0.22461226 -0.22101337
v -0.00049608 0.22458829 -0.22132688
v 0.00053112 0.22464546 -0.22097833
v 0.00053296 0.22470263 -0.22095805
v 0.00157861 0.22470263 -0.22116644
v -0.00053112 0.22464546 -0.22097833
v -0.00053296 0.22470263 -0.22095805
v -0.00157308 0.22464546 -0.22117935
v -0.00156385 0.22461042 -0.22121623
v -0.00146980 0.22458829 -0.22152052
v -0.00207100 0.22460304 -0.22137667
v -0.00210788 0.22463255 -0.22130290
v -0.00192716 0.22458829 -0.22171415
v -0.00238635 0.22458829 -0.22190041
v -0.00255233 0.22459198 -0.22159797
v -0.00321254 0.22458829 -0.22245182
v -0.00342831 0.22459198 -0.22218442
v -0.00259474 0.22459751 -0.22153158
v -0.00347441 0.22459751 -0.22211987
v -0.00265191 0.22460489 -0.22145413
v -0.00352420 0.22460489 -0.22203688
v -0.00285108 0.22463255 -0.22116275
v -0.00226464 0.22465099 -0.22125311
v -0.00250069 0.22468419 -0.22097464
v -0.00241033 0.22474136 -0.22092485
v -0.01294237 0.22618534 -0.20539327
v -0.01329645 0.22613923 -0.20553527
v -0.01363209 0.22629230 -0.20442508
v -0.01415583 0.22613923 -0.20611065
v -0.01403227 0.22626095 -0.20444352
v -0.01401014 0.22635685 -0.20394744
v -0.01452467 0.22636422 -0.20371323
v -0.01488428 0.22626095 -0.20501153
v -0.01536929 0.22636422 -0.20427939
v -0.01505394 0.22629230 -0.20537483
v -0.01442324 0.22618534 -0.20638174
v -0.01450991 0.22624251 -0.20642969
v -0.00402397 0.22468419 -0.22199262
v -0.00410512 0.22474136 -0.22205717
v -0.00371600 0.22463255 -0.22173997
v -0.00385800 0.22465099 -0.22231720
v -0.00394467 0.22471000 -0.22238359
v -0.00402582 0.22787091 -0.22199078
v -0.00386353 0.22789304 -0.22231166
v -0.00353158 0.22832642 -0.22202766
v -0.00265745 0.22832642 -0.22144306
v -0.00260950 0.22835408 -0.22150207
v -0.00371784 0.22833748 -0.22173813
v -0.01329645 0.22977962 -0.20553527
v -0.00285293 0.22833748 -0.22116090
v -0.01415583 0.22977962 -0.20611065
v -0.01488428 0.22972983 -0.20501153
v -0.01442324 0.22931305 -0.20638174
v -0.01505394 0.22929645 -0.20537483
v -0.01535085 0.22919133 -0.20484371
v -0.01553343 0.22641586 -0.20465745
v -0.01516275 0.22634763 -0.20537298
v -0.01535085 0.22635685 -0.20484371
v -0.01566621 0.22646196 -0.20384048
v -0.01481604 0.22646196 -0.20327248
v -0.01536929 0.22949193 -0.20427939
v -0.01452467 0.22949193 -0.20371323
v -0.01403227 0.22972983 -0.20444352
v -0.01401014 0.22919133 -0.20394744
v -0.01411157 0.22641586 -0.20370770
v -0.01363209 0.22929645 -0.20442508
v -0.01359336 0.22634763 -0.20432550
v -0.01294237 0.22931305 -0.20539327
v -0.00250254 0.22787091 -0.22097280
v -0.01286676 0.22624251 -0.20533241
v -0.00226833 0.22789304 -0.22124574
v -0.00217059 0.22471000 -0.22119963
v -0.00202305 0.22470263 -0.22123098
v -0.00211710 0.22801107 -0.22128077
v -0.00158230 0.22821392 -0.22114984
v -0.00258368 0.22840203 -0.22153711
v -0.00158230 0.22786538 -0.22114799
v -0.00053296 0.22820470 -0.22094514
v -0.00053296 0.22785062 -0.22094514
v -0.00157308 0.22470263 -0.22115537
v 0.00053481 0.22820470 -0.22094514
v 0.00053481 0.22785062 -0.22094514
v 0.00158230 0.22785062 -0.22115353
v 0.00158230 0.22820470 -0.22115353
v 0.00264454 0.22841125 -0.22141909
v 0.00264454 0.22841125 -0.22141909
v 0.00162840 0.22841125 -0.22099862
v 0.00162840 0.22841125 -0.22099862
v 0.00256893 0.22820470 -0.22156109
v 0.00355924 0.22841125 -0.22202951
v 0.00355924 0.22841125 -0.22202951
v 0.00256893 0.22785062 -0.22156109
v 0.00345597 0.22820470 -0.22215491
v 0.00345597 0.22785062 -0.22215491
v 0.00421208 0.22820470 -0.22291102
v 0.00433748 0.22841125 -0.22280775
v 0.00433748 0.22841125 -0.22280775
v 0.00471000 0.22852190 -0.22250161
v 0.00494790 0.22841125 -0.22372245
v 0.00494790 0.22841125 -0.22372245
v 0.00537391 0.22852190 -0.22349378
v 0.01989119 0.22880406 -0.21573536
v 0.01989119 0.22880406 -0.21573536
v 0.01743476 0.22880406 -0.21205809
v 0.01743476 0.22880406 -0.21205809
v 0.00583126 0.22852190 -0.22459843
v 0.02158414 0.22880406 -0.21982019
v 0.02158414 0.22880406 -0.21982019
v 0.02190871 0.22869710 -0.21972061
v 0.02019179 0.22869710 -0.21557492
v 0.01769848 0.22869710 -0.21184232
v 0.01452467 0.22869710 -0.20866851
v 0.01799170 0.22649885 -0.21160258
v 0.01430890 0.22880406 -0.20893223
v 0.01430890 0.22880406 -0.20893223
v 0.00386538 0.22852190 -0.22165698
v 0.01063163 0.22880406 -0.20647580
v 0.01063163 0.22880406 -0.20647580
v 0.01079207 0.22869710 -0.20617520
v 0.00654680 0.22880406 -0.20478285
v 0.00654680 0.22880406 -0.20478285
v 0.00287321 0.22852190 -0.22099308
v 0.00176856 0.22852190 -0.22053573
v 0.00221116 0.22880406 -0.20391978
v 0.00221116 0.22880406 -0.20391978
v 0.00054956 0.22841125 -0.22078469
v 0.00054956 0.22841125 -0.22078469
v 0.00059751 0.22852190 -0.22030337
v -0.00054956 0.22841125 -0.22078469
v -0.00054956 0.22841125 -0.22078469
v -0.00059751 0.22852190 -0.22030337
v -0.00221116 0.22880406 -0.20391978
v -0.00221116 0.22880406 -0.20391978
v -0.00224435 0.22869710 -0.20358230
v 0.00224435 0.22869710 -0.20358230
v -0.00654680 0.22880406 -0.20478285
v -0.00654680 0.22880406 -0.20478285
v -0.00176856 0.22852190 -0.22053573
v -0.01063163 0.22880406 -0.20647580
v -0.01063163 0.22880406 -0.20647580
v -0.00664638 0.22869710 -0.20445828
v -0.01079207 0.22869710 -0.20617520
v -0.00675519 0.22649885 -0.20409497
v -0.00228124 0.22649885 -0.20320424
v 0.00241033 0.22524481 -0.20190226
v -0.00240848 0.22524481 -0.20190226
v 0.00228124 0.22649885 -0.20320424
v 0.00713693 0.22524481 -0.20284278
v 0.00675703 0.22649885 -0.20409497
v 0.00664638 0.22869710 -0.20445828
v 0.01097095 0.22649885 -0.20584140
v 0.01158875 0.22524481 -0.20468695
v 0.00770678 0.22524666 -0.20095989
v 0.01559613 0.22524481 -0.20736468
v 0.01251637 0.22524666 -0.20295159
v 0.01684278 0.22524666 -0.20584325
v 0.01900231 0.22524481 -0.21077086
v 0.01476625 0.22649885 -0.20837529
v 0.00260212 0.22524666 -0.19994560
v -0.00260212 0.22524666 -0.19994560
v -0.00770678 0.22524666 -0.20095989
v -0.01251452 0.22524666 -0.20295159
v -0.00713509 0.22524481 -0.20284278
v -0.01158875 0.22524481 -0.20468695
v -0.01097095 0.22649885 -0.20584140
v -0.01559428 0.22524481 -0.20736468
v -0.01684278 0.22524666 -0.20584325
v -0.02052374 0.22524666 -0.20952420
v -0.01900231 0.22524481 -0.21077086
v -0.00264822 0.22846104 -0.22141355
v -0.00264822 0.22846104 -0.22141355
v -0.00162840 0.22841309 -0.22099862
v -0.00162840 0.22841309 -0.22099862
v 0.00256155 0.22470263 -0.22157400
v 0.00590871 0.22468787 -0.22545044
v 0.00553619 0.22465284 -0.22540987
v 0.02416966 0.22624251 -0.22537852
v 0.02416229 0.22618534 -0.22547626
v 0.02531858 0.22629230 -0.22551130
v 0.02537944 0.22634763 -0.22542462
v 0.02591240 0.22635685 -0.22555924
v 0.02616321 0.22641586 -0.22551130
v 0.02638266 0.22949193 -0.22585800
v 0.02689903 0.22646196 -0.22585615
v 0.02591240 0.22919133 -0.22555924
v 0.02689903 0.22646196 -0.22687782
v 0.02638266 0.22949193 -0.22687598
v 0.02638266 0.22636422 -0.22585800
v 0.02638266 0.22636422 -0.22687598
v 0.02552328 0.22626095 -0.22585615
v 0.02423790 0.22613923 -0.22585062
v 0.02552328 0.22626095 -0.22687782
v 0.02591240 0.22635685 -0.22717473
v 0.02423790 0.22613923 -0.22688336
v 0.02531858 0.22629230 -0.22722268
v 0.02537944 0.22634763 -0.22730936
v 0.02616321 0.22641586 -0.22722268
v 0.02531858 0.22929645 -0.22722268
v 0.02591240 0.22919133 -0.22717473
v 0.00594744 0.22463624 -0.22584693
v 0.00321254 0.22458829 -0.23028216
v 0.00238820 0.22458829 -0.23083356
v 0.00253573 0.22461226 -0.23111019
v 0.00156201 0.22461226 -0.23151406
v 0.00157123 0.22464546 -0.23154726
v 0.00053296 0.22470263 -0.23177593
v 0.00053112 0.22464546 -0.23175380
v 0.00157861 0.22470263 -0.23156754
v 0.00158230 0.22785062 -0.23158045
v 0.00053481 0.22785062 -0.23178884
v 0.00053481 0.22820470 -0.23178884
v -0.00053296 0.22820470 -0.23178884
v -0.00053296 0.22785062 -0.23178884
v -0.00158230 0.22821392 -0.23158230
v -0.00158230 0.22786538 -0.23158598
v -0.00053296 0.22470263 -0.23177593
v -0.00053112 0.22464546 -0.23175380
v -0.00157308 0.22470263 -0.23157676
v -0.00157123 0.22464546 -0.23155279
v -0.00156201 0.22461042 -0.23151775
v -0.00052743 0.22461226 -0.23172061
v 0.00049608 0.22458829 -0.23140710
v 0.00052743 0.22461226 -0.23172061
v -0.00049608 0.22458829 -0.23140710
v -0.00146980 0.22458829 -0.23121346
v -0.00192716 0.22458829 -0.23101982
v 0.00146980 0.22458829 -0.23121346
v -0.00162840 0.22841309 -0.23173536
v -0.00162840 0.22841309 -0.23173536
v -0.00176856 0.22852190 -0.23219825
v -0.00054956 0.22841125 -0.23194929
v -0.00054956 0.22841125 -0.23194929
v -0.00059751 0.22852190 -0.23243061
v 0.00054956 0.22841125 -0.23194929
v 0.00054956 0.22841125 -0.23194929
v 0.00162840 0.22841125 -0.23173536
v 0.00162840 0.22841125 -0.23173536
v 0.00059751 0.22852190 -0.23243061
v 0.00158230 0.22820470 -0.23158045
v 0.00256893 0.22820470 -0.23117289
v 0.00264454 0.22841125 -0.23131489
v 0.00264454 0.22841125 -0.23131489
v 0.00345597 0.22820470 -0.23057907
v 0.00421208 0.22820470 -0.22982296
v 0.00355924 0.22841125 -0.23070263
v 0.00355924 0.22841125 -0.23070263
v 0.00433748 0.22841125 -0.22992623
v 0.00433748 0.22841125 -0.22992623
v 0.00386538 0.22852190 -0.23107699
v 0.00287321 0.22852190 -0.23174089
v 0.01430890 0.22880406 -0.24380175
v 0.01430890 0.22880406 -0.24380175
v 0.00176856 0.22852190 -0.23219825
v 0.01063163 0.22880406 -0.24625818
v 0.01063163 0.22880406 -0.24625818
v 0.00664638 0.22869710 -0.24827570
v 0.00654680 0.22880406 -0.24795113
v 0.00654680 0.22880406 -0.24795113
v 0.01079207 0.22869710 -0.24655694
v 0.01452467 0.22869710 -0.24406362
v 0.00675703 0.22649885 -0.24863900
v 0.01097095 0.22649885 -0.24689258
v 0.01158875 0.22524481 -0.24804703
v 0.00713693 0.22524481 -0.24989119
v 0.01476625 0.22649885 -0.24435869
v 0.01769848 0.22869710 -0.24089166
v 0.01559613 0.22524481 -0.24536929
v 0.01799170 0.22649885 -0.24113140
v 0.01900231 0.22524481 -0.24196127
v 0.02019179 0.22869710 -0.23715906
v 0.02052559 0.22649885 -0.23733794
v 0.02168004 0.22524481 -0.23795574
v 0.02540710 0.22524666 -0.23407377
v 0.02341540 0.22524666 -0.23888151
v 0.02479668 0.22615583 -0.23962102
v 0.02173352 0.22615583 -0.24420378
v 0.02052374 0.22524666 -0.24320977
v 0.01783679 0.22615583 -0.24810051
v 0.01684278 0.22524666 -0.24689073
v 0.01325403 0.22615583 -0.25116367
v 0.01251637 0.22524666 -0.24978239
v 0.00770678 0.22524666 -0.25177409
v 0.00816229 0.22615583 -0.25327155
v 0.00838728 0.22755187 -0.25401291
v 0.00283264 0.22755187 -0.25511757
v 0.00275519 0.22615583 -0.25434855
v -0.00283080 0.22755187 -0.25511757
v -0.00275519 0.22615583 -0.25434855
v 0.00260212 0.22524666 -0.25278838
v -0.00260212 0.22524666 -0.25278838
v 0.00241033 0.22524481 -0.25083172
v -0.00240848 0.22524481 -0.25083172
v -0.00228124 0.22649885 -0.24952974
v 0.00228124 0.22649885 -0.24952974
v -0.00713509 0.22524481 -0.24989119
v -0.01158875 0.22524481 -0.24804703
v -0.00770678 0.22524666 -0.25177409
v -0.00675519 0.22649885 -0.24863900
v -0.00224435 0.22869710 -0.24915168
v -0.01097095 0.22649885 -0.24689258
v -0.00664638 0.22869710 -0.24827570
v -0.01079207 0.22869710 -0.24655694
v -0.00221116 0.22880406 -0.24881236
v -0.00221116 0.22880406 -0.24881236
v -0.00654680 0.22880406 -0.24795113
v -0.00654680 0.22880406 -0.24795113
v 0.00221116 0.22880406 -0.24881236
v 0.00221116 0.22880406 -0.24881236
v 0.00224435 0.22869710 -0.24915168
v -0.01251452 0.22524666 -0.24978239
v -0.01325403 0.22615583 -0.25116367
v -0.00816229 0.22615583 -0.25327155
v -0.01361918 0.22755187 -0.25184601
v -0.00838543 0.22755187 -0.25401291
v -0.00849793 0.23076441 -0.25437805
v -0.01379806 0.23076441 -0.25218349
v -0.01857077 0.23076441 -0.24899493
v -0.01832734 0.22755187 -0.24869986
v -0.02262794 0.23076441 -0.24493776
v -0.02233287 0.22755187 -0.24469433
v -0.02581651 0.23076441 -0.24016505
v -0.02547902 0.22755187 -0.23998617
v -0.02801107 0.23076441 -0.23486491
v -0.02764592 0.22755187 -0.23475242
v -0.02913047 0.23076441 -0.22923651
v -0.02913047 0.23076441 -0.22349746
v -0.02801107 0.23076441 -0.21786906
v -0.02479668 0.22615583 -0.23962102
v -0.02173352 0.22615583 -0.24420378
v -0.01783679 0.22615583 -0.24810051
v -0.01684278 0.22524666 -0.24689073
v -0.01559428 0.22524481 -0.24536929
v -0.00286953 0.23076441 -0.25549746
v 0.00286953 0.23076441 -0.25549746
v 0.00849793 0.23076441 -0.25437805
v 0.01379991 0.23076441 -0.25218349
v 0.01361918 0.22755187 -0.25184601
v 0.01832734 0.22755187 -0.24869986
v 0.01857077 0.23076441 -0.24899493
v 0.02233287 0.22755187 -0.24469433
v 0.02547902 0.22755187 -0.23998617
v 0.02262794 0.23076441 -0.24493776
v 0.02581651 0.23076441 -0.24016505
v 0.02801291 0.23076441 -0.23486491
v 0.02764592 0.22755187 -0.23475242
v 0.02875058 0.22755187 -0.22919779
v 0.02798156 0.22615583 -0.22912218
v 0.02690641 0.22615583 -0.23452928
v 0.02798156 0.22615583 -0.22361180
v 0.02875058 0.22755187 -0.22353435
v 0.02913232 0.23076441 -0.22349746
v 0.02913232 0.23076441 -0.22923651
v 0.01989119 0.22880406 -0.23699862
v 0.01989119 0.22880406 -0.23699862
v 0.00537391 0.22852190 -0.22924020
v 0.01743476 0.22880406 -0.24067589
v 0.01743476 0.22880406 -0.24067589
v 0.00471000 0.22852190 -0.23023237
v 0.00494790 0.22841125 -0.22901153
v 0.00494790 0.22841125 -0.22901153
v -0.00224804 0.22464915 -0.23145505
v -0.00247303 0.22468234 -0.23171692
v -0.00484647 0.22458829 -0.22783679
v -0.00514707 0.22461226 -0.22792900
v -0.00535362 0.22461226 -0.22689442
v -0.00538681 0.22464546 -0.22689811
v -0.00540894 0.22470263 -0.22583402
v -0.00538681 0.22464546 -0.22583587
v -0.00520055 0.22470263 -0.22478838
v -0.00518027 0.22464546 -0.22479576
v -0.00535362 0.22461226 -0.22583956
v -0.00504011 0.22458829 -0.22686307
v -0.00504011 0.22458829 -0.22587091
v -0.00514707 0.22461226 -0.22480498
v -0.00484647 0.22458829 -0.22489719
v -0.00521346 0.22785062 -0.22478469
v -0.00542185 0.22785062 -0.22583218
v 0.48149562 0.42635500 -0.13029138
v 0.48579438 0.43397326 -0.13029138
v 0.49592254 0.39653481 -0.13029138
v 0.49586538 0.40904011 -0.13029138
v 0.47016874 0.44359244 -0.13029138
v 0.46087967 0.44499769 -0.13029138
v 0.49115537 0.42669986 -0.13029138
v 0.47869249 0.43976395 -0.13029138
v 0.49461134 0.41823513 -0.13029138
v 0.43135085 0.28355371 -0.13029138
v 0.48135178 0.22970032 -0.13029138
v 0.49595574 0.22970032 -0.13029138
v 0.43135085 0.42635500 -0.13029138
v 0.43135085 0.44508437 -0.13029138
v 0.00000000 0.42628492 -0.13029138
v 0.00000000 0.28806086 -0.13029138
v 0.00000000 0.24453481 -0.13029138
v -0.43134901 0.42635500 -0.13029138
v -0.43134901 0.28355556 -0.13029138
v -0.39229322 0.24449793 -0.13029138
v -0.41236699 0.23624343 -0.13029138
v -0.48134993 0.22970217 -0.13029138
v -0.42681051 0.22516183 -0.13029138
v -0.48149378 0.42635500 -0.13029138
v -0.48579253 0.43397326 -0.13029138
v -0.49461134 0.41823513 -0.13029138
v -0.49595390 0.22970217 -0.13029138
v -0.49586353 0.40904011 -0.13029138
v -0.49592254 0.39653481 -0.13029138
v -0.47016874 0.44359244 -0.13029138
v -0.46087967 0.44499769 -0.13029138
v -0.49115537 0.42669986 -0.13029138
v -0.47869249 0.43976395 -0.13029138
v -0.47839557 0.44117658 -0.13057722
v -0.48627939 0.43483449 -0.13057722
v -0.49322453 0.42676441 -0.13138866
v -0.49227663 0.42673859 -0.13057722
v -0.48668880 0.43556293 -0.13138866
v -0.49385708 0.42677732 -0.13260581
v -0.48696173 0.43604610 -0.13260581
v -0.47813923 0.44237529 -0.13138866
v -0.47796404 0.44317381 -0.13260581
v -0.46810881 0.44671277 -0.13138866
v -0.46905671 0.44528170 -0.13057722
v -0.45894698 0.44674228 -0.13057722
v -0.43135085 0.44679576 -0.13057722
v -0.43135085 0.44508437 -0.13029138
v -0.45730198 0.44822130 -0.13138866
v -0.46746888 0.44766805 -0.13260581
v -0.43135085 0.44824527 -0.13138866
v -0.45619548 0.44920977 -0.13260581
v -0.46723651 0.44800369 -0.13403873
v -0.45579530 0.44955648 -0.13403873
v -0.43135085 0.44921531 -0.13260581
v -0.43135085 0.44955648 -0.13403873
v 0.00000000 0.44921715 -0.13260581
v 0.00000000 0.44825450 -0.13138866
v 0.00000000 0.44681236 -0.13057722
v 0.43135085 0.44824527 -0.13138866
v 0.43135085 0.44921531 -0.13260581
v 0.43135085 0.44955648 -0.13403873
v 0.45579530 0.44955648 -0.13403873
v 0.45619548 0.44920793 -0.13260581
v 0.45730383 0.44822130 -0.13138866
v 0.46723651 0.44800369 -0.13403873
v 0.46747072 0.44766805 -0.13260581
v 0.47789765 0.44345044 -0.13403873
v 0.47796588 0.44317197 -0.13260581
v 0.46810881 0.44671277 -0.13138866
v 0.47814108 0.44237529 -0.13138866
v 0.46905671 0.44528170 -0.13057538
v 0.45894882 0.44674228 -0.13057722
v 0.43135085 0.44679576 -0.13057722
v 0.00000000 0.44511203 -0.13029138
v 0.47839557 0.44117658 -0.13057538
v 0.48669064 0.43556293 -0.13138866
v 0.48627939 0.43483449 -0.13057722
v 0.49322453 0.42676441 -0.13138866
v 0.49227663 0.42673859 -0.13057538
v 0.49735731 0.41652190 -0.13138866
v 0.49609774 0.41731120 -0.13057538
v 0.49879023 0.40549562 -0.13138866
v 0.49744767 0.40712771 -0.13057538
v 0.49880682 0.39653481 -0.13138866
v 0.49748271 0.39653481 -0.13057538
v 0.49750300 0.22970032 -0.13057538
v 0.49881604 0.22970032 -0.13138866
v 0.49969202 0.22970032 -0.13260396
v 0.49881789 -0.07255878 -0.13138866
v 0.49969387 -0.07255878 -0.13260396
v 0.50000000 -0.07255878 -0.13403873
v 0.50000000 -0.37481973 -0.13403873
v 0.49969387 -0.37481973 -0.13260396
v 0.49881789 -0.37481973 -0.13138866
v 0.50000000 -0.40373813 -0.13403873
v 0.49969202 -0.40409590 -0.13260396
v 0.49850622 -0.41559797 -0.13403873
v 0.49822222 -0.41575104 -0.13260396
v 0.49881420 -0.40505671 -0.13138866
v 0.49750853 -0.37481973 -0.13057538
v 0.49740894 -0.41614569 -0.13138866
v 0.49749931 -0.40647487 -0.13057538
v 0.49594836 -0.40813462 -0.13029138
v 0.49596312 -0.37481973 -0.13029138
v 0.49619364 -0.41672107 -0.13057538
v 0.49332042 -0.42647303 -0.13138866
v 0.49242600 -0.42625911 -0.13057538
v 0.49476072 -0.41739235 -0.13029138
v 0.48149009 -0.42356109 -0.13029138
v 0.49137114 -0.42600092 -0.13029138
v 0.48598064 -0.43352144 -0.13029138
v 0.48643430 -0.43452835 -0.13057538
v 0.47828492 -0.44228492 -0.13138866
v 0.47850438 -0.44102536 -0.13057538
v 0.48681789 -0.43537852 -0.13138866
v 0.47813370 -0.44312586 -0.13260396
v 0.48707054 -0.43594283 -0.13260396
v 0.47807653 -0.44341724 -0.13403873
v 0.49391793 -0.42660950 -0.13260396
v 0.48715722 -0.43613647 -0.13403873
v 0.49412633 -0.42664822 -0.13403873
v 0.49412448 -0.42663347 -0.13540894
v 0.48715353 -0.43612909 -0.13540894
v 0.48695436 -0.43584878 -0.13684371
v 0.47786999 -0.44314062 -0.13684371
v 0.47806916 -0.44341355 -0.13540894
v 0.46728631 -0.44772337 -0.13684371
v 0.46750023 -0.44799447 -0.13403873
v 0.46748917 -0.44799447 -0.13540894
v 0.45615122 -0.44955648 -0.13403873
v 0.45592992 -0.44928538 -0.13684371
v 0.45613647 -0.44955648 -0.13540894
v 0.43135085 -0.44955648 -0.13540894
v 0.43135085 -0.44928354 -0.13684371
v 0.00000000 -0.44928170 -0.13684371
v 0.00000000 -0.44850530 -0.13805901
v 0.43135085 -0.44850715 -0.13805901
v 0.00000000 -0.44676994 -0.13927801
v 0.43135085 -0.44677547 -0.13927801
v 0.45536745 -0.44851268 -0.13805901
v 0.45413001 -0.44678838 -0.13927801
v 0.46673121 -0.44695620 -0.13805901
v 0.47731674 -0.44236976 -0.13805901
v 0.46550115 -0.44523744 -0.13927801
v 0.46368649 -0.44269064 -0.14109267
v 0.47608852 -0.44064730 -0.13927801
v 0.45231166 -0.44423790 -0.14109267
v 0.43135085 -0.42348917 -0.14109267
v 0.43135085 -0.42348917 -0.14109267
v 0.43753804 -0.42348917 -0.14109267
v 0.43753804 -0.42348917 -0.14109267
v 0.44889995 -0.42192531 -0.14109267
v 0.44889995 -0.42192531 -0.14109267
v 0.43135085 -0.44421946 -0.14109267
v 0.00000000 -0.42348917 -0.14109267
v 0.00000000 -0.42348917 -0.14109267
v 0.00000000 -0.44421208 -0.14109267
v -0.43135085 -0.44677547 -0.13927801
v -0.43135085 -0.44421946 -0.14109267
v -0.43135085 -0.42348917 -0.14109267
v -0.43135085 -0.42348917 -0.14109267
v -0.45231166 -0.44423790 -0.14109267
v -0.45413001 -0.44678838 -0.13927801
v -0.46673121 -0.44695436 -0.13805901
v -0.46550115 -0.44523744 -0.13927801
v -0.45536745 -0.44851268 -0.13805901
v -0.46728631 -0.44772337 -0.13684371
v -0.45592992 -0.44928538 -0.13684371
v -0.43135085 -0.44850715 -0.13805901
v -0.43135085 -0.44928354 -0.13684371
v -0.45613647 -0.44955463 -0.13540894
v -0.43135085 -0.44955463 -0.13540894
v -0.43135085 -0.44955463 -0.13403873
v 0.00000000 -0.44955648 -0.13540894
v -0.45615122 -0.44955463 -0.13403873
v -0.46748917 -0.44799262 -0.13540894
v -0.46750023 -0.44799447 -0.13403873
v -0.45650715 -0.44920424 -0.13260396
v -0.46770678 -0.44765330 -0.13260396
v -0.46827294 -0.44667773 -0.13138866
v -0.47813370 -0.44312402 -0.13260396
v -0.47828492 -0.44228492 -0.13138866
v -0.47850438 -0.44102536 -0.13057538
v -0.48681789 -0.43537852 -0.13138866
v -0.48643430 -0.43452835 -0.13057538
v -0.49242600 -0.42625911 -0.13057538
v -0.48598064 -0.43352144 -0.13029138
v -0.49137114 -0.42600092 -0.13029138
v -0.49476072 -0.41739235 -0.13029138
v -0.48149009 -0.42356109 -0.13029138
v -0.48143845 -0.37481973 -0.13029138
v -0.43135085 -0.44504011 -0.13029138
v -0.45595021 -0.39958691 -0.13029138
v -0.46067312 -0.44494975 -0.13029138
v -0.47009866 -0.44349839 -0.13029138
v -0.49594836 -0.40813462 -0.13029138
v -0.47876072 -0.43953711 -0.13029138
v -0.43135085 -0.42348917 -0.13029138
v -0.39377778 -0.38950669 -0.13029138
v 0.00000000 -0.44506962 -0.13029138
v 0.00000000 -0.38954726 -0.13029138
v 0.00000000 -0.42348917 -0.13029138
v -0.41236699 -0.38136284 -0.13029138
v -0.42681051 -0.37027939 -0.13029138
v -0.42390226 -0.36737298 -0.13082803
v -0.41031074 -0.37780175 -0.13082803
v -0.40839465 -0.37448409 -0.13240111
v -0.42119318 -0.36466390 -0.13240111
v -0.39210143 -0.38534440 -0.13082803
v -0.39188382 -0.38132227 -0.13240111
v -0.38956385 -0.38570586 -0.13082803
v -0.38563762 -0.38216321 -0.13240111
v 0.00000000 -0.38573536 -0.13082803
v 0.38563762 -0.38216321 -0.13240111
v 0.38956385 -0.38570586 -0.13082803
v 0.00000000 -0.38218349 -0.13240111
v 0.38226648 -0.37912218 -0.13490364
v -0.38226464 -0.37912218 -0.13490364
v 0.00000000 -0.37913324 -0.13490364
v -0.37967727 -0.37678746 -0.13816598
v 0.37967727 -0.37678746 -0.13816598
v 0.00000000 -0.37679299 -0.13816598
v 0.00000000 -0.37532135 -0.14196496
v -0.37805071 -0.37532135 -0.14196496
v 0.37805256 -0.37532135 -0.14196496
v 0.39143568 -0.37298479 -0.14604057
v 0.39143568 -0.37298479 -0.14604057
v 0.39146519 -0.37355279 -0.14196496
v 0.37749746 -0.37481973 -0.14604057
v 0.37749746 -0.37481973 -0.14604057
v 0.00000000 -0.37481973 -0.14604057
v 0.00000000 -0.37481973 -0.14604057
v 0.37749746 -0.37481973 -0.45886676
v 0.39129553 -0.37246289 -0.46294237
v 0.37746243 -0.37428308 -0.46294237
v 0.00000000 -0.37481973 -0.45886676
v 0.39143568 -0.37298479 -0.45886676
v 0.40442416 -0.36760535 -0.45886676
v 0.40442416 -0.36760535 -0.14604057
v 0.40442416 -0.36760535 -0.14604057
v 0.40415307 -0.36713693 -0.46294237
v 0.41519410 -0.35866482 -0.46294237
v 0.40336007 -0.36576302 -0.46674136
v 0.41407284 -0.35754172 -0.46674136
v 0.42010512 -0.34556754 -0.47000369
v 0.42229230 -0.34682895 -0.46674136
v 0.41228769 -0.35575657 -0.47000369
v 0.40996035 -0.35343107 -0.47250622
v 0.40209682 -0.36357584 -0.47000369
v 0.41725588 -0.34392254 -0.47250622
v 0.41814292 -0.33185800 -0.47407930
v 0.41814292 -0.33185800 -0.47407930
v 0.42184232 -0.33285016 -0.47250622
v 0.41393822 -0.34200645 -0.47407930
v 0.41393822 -0.34200645 -0.47407930
v 0.41417059 -0.33079391 -0.47461595
v 0.41037713 -0.33995021 -0.47461595
v 0.40725127 -0.35072199 -0.47407930
v 0.40725127 -0.35072199 -0.47407930
v 0.40434302 -0.34781374 -0.47461595
v 0.39853573 -0.35740894 -0.47407930
v 0.39853573 -0.35740894 -0.47407930
v 0.40045182 -0.36072660 -0.47250622
v 0.38937944 -0.36531305 -0.47250622
v 0.39023144 -0.36849055 -0.47000369
v 0.39088428 -0.37093038 -0.46674136
v 0.37719502 -0.37020747 -0.47000369
v 0.37735915 -0.37271000 -0.46674136
v 0.00000000 -0.37271000 -0.46674136
v 0.00000000 -0.37428308 -0.46294237
v -0.37735915 -0.37271000 -0.46674136
v -0.37746243 -0.37428308 -0.46294237
v -0.37749746 -0.37481973 -0.45886676
v -0.39088428 -0.37092854 -0.46674136
v -0.39129553 -0.37246289 -0.46294237
v -0.39143568 -0.37298479 -0.45886676
v -0.40336007 -0.36576118 -0.46674136
v -0.40415307 -0.36713693 -0.46294237
v -0.41407100 -0.35754172 -0.46674136
v -0.41519410 -0.35866482 -0.46294237
v -0.40442416 -0.36760535 -0.45886676
v -0.41557769 -0.35904657 -0.14604057
v -0.41557769 -0.35904657 -0.14604057
v -0.41557769 -0.35904657 -0.45886676
v -0.40442416 -0.36760535 -0.14604057
v -0.40442416 -0.36760535 -0.14604057
v -0.39143568 -0.37298479 -0.14604057
v -0.39143568 -0.37298479 -0.14604057
v -0.40469341 -0.36807377 -0.14196496
v -0.39146519 -0.37355279 -0.14196496
v -0.39155556 -0.37521992 -0.13816598
v -0.39169756 -0.37786999 -0.13490364
v -0.40548824 -0.36944767 -0.13816598
v -0.41595943 -0.35943015 -0.14196496
v -0.41708253 -0.36055141 -0.13816598
v -0.40674965 -0.37163485 -0.13490364
v -0.41886768 -0.36233656 -0.13490364
v -0.42597879 -0.34895712 -0.13816598
v -0.42816413 -0.35022038 -0.13490364
v -0.43425542 -0.33551498 -0.13490364
v -0.43101337 -0.35186538 -0.13240111
v -0.43168280 -0.33518303 -0.13816598
v -0.43184140 -0.32149746 -0.14196496
v -0.43006731 -0.33497649 -0.14196496
v -0.43328354 -0.32305025 -0.13816598
v -0.43557769 -0.32552144 -0.13490364
v -0.43328354 -0.07255878 -0.13816598
v -0.43184140 -0.07255878 -0.14196496
v -0.43135085 -0.07255878 -0.14604057
v -0.43135085 -0.07255878 -0.14604057
v -0.43184140 0.17637805 -0.14196496
v -0.43134901 0.17584878 -0.14604057
v -0.43134901 0.17584878 -0.14604057
v -0.43135085 0.17584693 -0.45886676
v -0.42951406 0.18978700 -0.14604057
v -0.42951406 0.18978700 -0.14604057
v -0.42951591 0.18978515 -0.45886676
v -0.42413462 0.20277547 -0.14604057
v -0.42413462 0.20277547 -0.14604057
v -0.43006731 0.18985708 -0.14196496
v -0.43168280 0.19006547 -0.13816598
v -0.43328354 0.17793084 -0.13816598
v -0.42460304 0.20304472 -0.14196496
v -0.41595943 0.21431074 -0.14196496
v -0.42597879 0.20383956 -0.13816598
v -0.41557584 0.21392716 -0.14604057
v -0.41557584 0.21392716 -0.14604057
v -0.42413462 0.20277363 -0.45886676
v -0.41557584 0.21392716 -0.45886676
v -0.40442231 0.22248594 -0.14604057
v -0.40442231 0.22248594 -0.14604057
v -0.40442416 0.22248594 -0.45886676
v -0.40469341 0.22295436 -0.14196496
v -0.39143384 0.22786538 -0.14604057
v -0.39143384 0.22786538 -0.14604057
v -0.39143568 0.22786538 -0.45886676
v -0.37749562 0.22970217 -0.14604057
v -0.37749562 0.22970217 -0.14604057
v -0.39147626 0.22842969 -0.14196496
v -0.37800092 0.23020562 -0.14196496
v -0.39159428 0.23008391 -0.13816598
v -0.40548640 0.22433011 -0.13816598
v -0.40674965 0.22651544 -0.13490364
v -0.41708068 0.21543384 -0.13816598
v -0.41886584 0.21721899 -0.13490364
v -0.42119318 0.21954449 -0.13240111
v -0.42816413 0.20510097 -0.13490364
v -0.43101337 0.20674597 -0.13240111
v -0.43433103 0.20866206 -0.13082803
v -0.43760811 0.19082711 -0.13240111
v -0.44151222 0.19132872 -0.13082803
v -0.44578515 0.19139696 -0.13029138
v -0.44204887 0.18737298 -0.13082803
v -0.43856708 0.18362195 -0.13240111
v -0.44578515 -0.07255878 -0.13029138
v -0.44204887 -0.07255878 -0.13082803
v -0.44205071 -0.33249055 -0.13082803
v -0.43856893 -0.07255878 -0.13240111
v -0.44578700 -0.33651452 -0.13029138
v -0.48139419 -0.07255878 -0.13029138
v -0.43789212 -0.35583587 -0.13029138
v -0.44151222 -0.33644629 -0.13082803
v -0.43760811 -0.33594467 -0.13240111
v -0.43856893 -0.32874136 -0.13240111
v -0.43433287 -0.35378147 -0.13082803
v -0.43557769 -0.07255878 -0.13490364
v -0.43557769 0.18040203 -0.13490364
v -0.43425542 0.19039557 -0.13490364
v -0.49595943 -0.07255878 -0.13029138
v -0.49596312 -0.37481973 -0.13029138
v -0.49749931 -0.40647303 -0.13057538
v -0.49750853 -0.37481973 -0.13057538
v -0.49750484 -0.07255878 -0.13057538
v -0.49881789 -0.37481973 -0.13138866
v -0.49881420 -0.40505486 -0.13138866
v -0.49969202 -0.40409590 -0.13260396
v -0.49822222 -0.41574919 -0.13260396
v -0.49740894 -0.41614385 -0.13138866
v -0.49391793 -0.42660950 -0.13260396
v -0.49332042 -0.42647303 -0.13138866
v -0.49619364 -0.41672107 -0.13057538
v -0.48707054 -0.43594283 -0.13260396
v -0.48715722 -0.43613647 -0.13403873
v -0.47807653 -0.44341724 -0.13403873
v -0.47806916 -0.44341355 -0.13540894
v -0.48715353 -0.43612909 -0.13540894
v -0.49412448 -0.42663347 -0.13540894
v -0.48695436 -0.43584693 -0.13684371
v -0.47786999 -0.44314062 -0.13684371
v -0.47731674 -0.44236976 -0.13805901
v -0.48639742 -0.43506316 -0.13805901
v -0.47608668 -0.44064730 -0.13927801
v -0.47427201 -0.43809866 -0.14109267
v -0.46368649 -0.44269064 -0.14109267
v -0.48515998 -0.43332596 -0.13927801
v -0.49335546 -0.42553619 -0.13805901
v -0.48333794 -0.43076625 -0.14109267
v -0.49209774 -0.42376210 -0.13927801
v -0.49771323 -0.41442877 -0.13805901
v -0.49026279 -0.42118211 -0.14109267
v -0.49642231 -0.41260304 -0.13927801
v -0.49917197 -0.40249885 -0.13805901
v -0.49456339 -0.40998986 -0.14109267
v -0.49783310 -0.40060120 -0.13927801
v -0.49594283 -0.39794191 -0.14109267
v -0.49913877 -0.37481973 -0.13805901
v -0.49775565 -0.37481973 -0.13927801
v -0.49583587 -0.37481973 -0.14109267
v -0.49913140 -0.07255878 -0.13805901
v -0.49773905 -0.07255878 -0.13927801
v -0.49912402 0.22970217 -0.13805901
v -0.49772061 0.22970217 -0.13927801
v -0.49581374 -0.07255878 -0.14109267
v -0.48143845 -0.07255878 -0.14109267
v -0.48143845 -0.07255878 -0.14109267
v -0.48143845 -0.37481973 -0.14109267
v -0.48143845 -0.37481973 -0.14109267
v -0.49578976 0.22970217 -0.14109267
v -0.49579899 0.39529000 -0.14109267
v -0.48143845 0.22970217 -0.14109267
v -0.48143845 0.22970217 -0.14109267
v -0.49772799 0.39630798 -0.13927801
v -0.49912586 0.39653481 -0.13805901
v -0.49777593 0.40111019 -0.13927801
v -0.49914799 0.40284555 -0.13805901
v -0.49827755 0.41547626 -0.13684371
v -0.49977870 0.40366067 -0.13684371
v -0.49766713 0.41469249 -0.13805901
v -0.49633011 0.41300507 -0.13927801
v -0.49386445 0.42648409 -0.13684371
v -0.49326510 0.42572614 -0.13805901
v -0.49195390 0.42407561 -0.13927801
v -0.48683633 0.43593545 -0.13684371
v -0.48624620 0.43519410 -0.13805901
v -0.48494790 0.43356570 -0.13927801
v -0.47767635 0.44318672 -0.13684371
v -0.47708437 0.44245090 -0.13805901
v -0.47578792 0.44083172 -0.13927801
v -0.46700415 0.44774366 -0.13684371
v -0.46640664 0.44700599 -0.13805901
v -0.45555371 0.44929461 -0.13684371
v -0.46510466 0.44538313 -0.13927801
v -0.45494514 0.44854956 -0.13805901
v -0.43135085 0.44854034 -0.13805901
v -0.43135085 0.44929276 -0.13684371
v -0.45362840 0.44691379 -0.13927801
v -0.45175841 0.44457169 -0.14109267
v -0.43135085 0.44688981 -0.13927801
v -0.46324205 0.44305025 -0.14109267
v -0.47393084 0.43850254 -0.14109267
v -0.43717289 0.42628492 -0.14109267
v -0.43717289 0.42628492 -0.14109267
v -0.44862886 0.42472845 -0.14109267
v -0.44862886 0.42472845 -0.14109267
v -0.43717473 0.42628492 -0.14595943
v -0.45930659 0.42016782 -0.14109267
v -0.45930659 0.42016782 -0.14109267
v -0.44863071 0.42472845 -0.14595943
v -0.43727616 0.42628492 -0.48758414
v -0.45930659 0.42016782 -0.14595943
v -0.44870632 0.42473398 -0.48758414
v -0.45935823 0.42018811 -0.48758414
v -0.43727801 0.42628492 -0.49404979
v -0.43727801 0.42628492 -0.49404979
v -0.44870816 0.42473398 -0.49404979
v -0.44870816 0.42473398 -0.49404979
v -0.45935823 0.42018811 -0.49404979
v -0.45935823 0.42018811 -0.49404979
v -0.43134901 0.38078377 -0.49404979
v 0.00000000 0.42628492 -0.49404979
v 0.00000000 0.42628492 -0.49404979
v -0.43134901 0.22970032 -0.49404979
v -0.48143845 0.22970032 -0.49404979
v -0.48143845 0.22970032 -0.49404979
v -0.48143845 0.38078377 -0.49404979
v -0.48143845 0.38078377 -0.49404979
v -0.43135085 0.42628492 -0.49404979
v -0.43135085 0.42628492 -0.49404979
v -0.47993361 0.39256063 -0.49404979
v -0.47993361 0.39256063 -0.49404979
v -0.47552236 0.40353527 -0.49404979
v -0.47552236 0.40353527 -0.49404979
v -0.46850530 0.41295897 -0.49404979
v -0.46850530 0.41295897 -0.49404979
v -0.46850530 0.41295897 -0.49404979
v 0.00000000 0.38078377 -0.49404979
v 0.43135085 0.38078377 -0.49404979
v 0.43135085 0.22970032 -0.49404979
v 0.00000000 0.22970032 -0.49404979
v 0.00000000 -0.07255878 -0.49404979
v 0.43135085 -0.07256063 -0.49404979
v -0.43134901 -0.07255878 -0.49404979
v -0.43135085 -0.37481973 -0.49404979
v -0.48143845 -0.37481973 -0.49404979
v -0.48143845 -0.37481973 -0.49404979
v -0.48143845 -0.07255878 -0.49404979
v -0.48143845 -0.07255878 -0.49404979
v -0.48143845 -0.37481973 -0.48758230
v -0.48143845 -0.07255878 -0.48758414
v -0.48143845 -0.37481973 -0.14595943
v -0.48143845 -0.07255878 -0.14595943
v -0.48143845 0.22970032 -0.48758414
v -0.48143845 0.22970217 -0.14595943
v -0.48143845 0.38078193 -0.48758414
v -0.48143845 0.38062702 -0.14595943
v -0.47993361 0.39255878 -0.48758414
v -0.47552236 0.40353343 -0.48758414
v -0.47993177 0.39244444 -0.14595943
v -0.48143845 0.38062517 -0.14109267
v -0.48143845 0.38062517 -0.14109267
v -0.47550945 0.40345597 -0.14595943
v -0.47992992 0.39244260 -0.14109267
v -0.47992992 0.39244260 -0.14109267
v -0.49586353 0.39871093 -0.14109267
v -0.49444168 0.41063532 -0.14109267
v -0.47550945 0.40345597 -0.14109267
v -0.47550945 0.40345597 -0.14109267
v -0.46847395 0.41291102 -0.14109267
v -0.46847395 0.41291102 -0.14109267
v -0.46847395 0.41291102 -0.14109267
v -0.46847395 0.41291286 -0.14595943
v -0.46847395 0.41291286 -0.14595943
v -0.49008391 0.42172799 -0.14109267
v -0.48308714 0.43123283 -0.14109267
v -0.46850346 0.41295712 -0.48758414
v -0.46850346 0.41295712 -0.48758414
v -0.48143845 -0.37757676 -0.14595943
v -0.48143845 -0.37757492 -0.14109267
v -0.48143845 -0.37757492 -0.14109267
v -0.47994283 -0.38945874 -0.14109267
v -0.47994283 -0.38945874 -0.14109267
v -0.47555740 -0.40053112 -0.14109267
v -0.47555740 -0.40053112 -0.14109267
v -0.47994283 -0.38946058 -0.14595943
v -0.48143845 -0.37774089 -0.48758230
v -0.47555740 -0.40053296 -0.14595943
v -0.47994652 -0.38958045 -0.48758230
v -0.48143845 -0.37774458 -0.49404979
v -0.48143845 -0.37774458 -0.49404979
v -0.47994652 -0.38958414 -0.49404979
v -0.47994652 -0.38958414 -0.49404979
v -0.47557031 -0.40061411 -0.48758230
v -0.47557031 -0.40061595 -0.49404979
v -0.47557031 -0.40061595 -0.49404979
v -0.46860673 -0.41008944 -0.48758230
v -0.46860673 -0.41008944 -0.48758230
v -0.46858091 -0.41004149 -0.14595943
v -0.46858091 -0.41004149 -0.14595943
v -0.45948732 -0.41733702 -0.14109267
v -0.45948732 -0.41733702 -0.14109267
v -0.45948917 -0.41733702 -0.14595943
v -0.46858091 -0.41004149 -0.14109267
v -0.46858091 -0.41004149 -0.14109267
v -0.46858091 -0.41004149 -0.14109267
v -0.44889995 -0.42192347 -0.14109267
v -0.44889995 -0.42192347 -0.14109267
v -0.45953343 -0.41735915 -0.48758230
v -0.44889995 -0.42192531 -0.14595943
v -0.43753619 -0.42348917 -0.14109267
v -0.43753619 -0.42348917 -0.14109267
v -0.44896634 -0.42193084 -0.48758230
v -0.43753804 -0.42348917 -0.14595943
v -0.43762656 -0.42348917 -0.48758230
v -0.43135085 -0.42348917 -0.14595943
v -0.43135085 -0.42348917 -0.48758230
v 0.00000000 -0.42348917 -0.14595943
v 0.43135085 -0.42348917 -0.14595943
v 0.00000000 -0.42348917 -0.48758230
v 0.43135085 -0.42348917 -0.48758230
v 0.43762656 -0.42348917 -0.48758230
v 0.43762840 -0.42348917 -0.49404979
v 0.43762840 -0.42348917 -0.49404979
v 0.43135085 -0.42348917 -0.49404979
v 0.43135085 -0.42348917 -0.49404979
v 0.00000000 -0.37481973 -0.49404979
v 0.00000000 -0.42348917 -0.49404979
v 0.00000000 -0.42348917 -0.49404979
v 0.43135085 -0.37481973 -0.49404979
v 0.48144030 -0.37481973 -0.49404979
v 0.48144030 -0.37481973 -0.49404979
v 0.48144030 -0.37774458 -0.49404979
v 0.48144030 -0.37774458 -0.49404979
v 0.44896819 -0.42193084 -0.49404979
v 0.44896819 -0.42193084 -0.49404979
v 0.45953343 -0.41736100 -0.49404979
v 0.45953343 -0.41736100 -0.49404979
v 0.46860858 -0.41009129 -0.49404979
v 0.46860858 -0.41009129 -0.49404979
v 0.46860858 -0.41009129 -0.49404979
v 0.47557031 -0.40061595 -0.49404979
v 0.47557031 -0.40061595 -0.49404979
v 0.47994652 -0.38958414 -0.49404979
v 0.47994652 -0.38958414 -0.49404979
v 0.47557031 -0.40061595 -0.48758230
v 0.47994652 -0.38958230 -0.48758230
v 0.47994283 -0.38946058 -0.14595943
v 0.47555740 -0.40053296 -0.14595943
v 0.48144030 -0.37774089 -0.48758230
v 0.48144030 -0.37757676 -0.14595943
v 0.48144030 -0.37481973 -0.48758230
v 0.48144030 -0.37481973 -0.14595943
v 0.48144030 -0.07256063 -0.49404979
v 0.48144030 -0.07256063 -0.49404979
v 0.48144030 -0.07256063 -0.48758414
v 0.48144030 0.22970032 -0.49404979
v 0.48144030 0.22970032 -0.49404979
v 0.48144030 -0.07255878 -0.14595943
v 0.48144030 0.22970032 -0.48758414
v 0.48144030 0.38078377 -0.49404979
v 0.48144030 0.38078377 -0.49404979
v 0.48144030 0.38078193 -0.48758414
v 0.48144030 0.22970032 -0.14595943
v 0.48144030 0.38062702 -0.14595943
v 0.48144030 0.22970032 -0.14109267
v 0.48144030 0.22970032 -0.14109267
v 0.48144030 -0.07255878 -0.14109267
v 0.48144030 -0.07255878 -0.14109267
v 0.48144030 -0.37481973 -0.14109267
v 0.48144030 -0.37481973 -0.14109267
v 0.49578976 0.22970032 -0.14109267
v 0.49581374 -0.07255878 -0.14109267
v 0.49773905 -0.07255878 -0.13927801
v 0.49583587 -0.37481973 -0.14109267
v 0.49772061 0.22970032 -0.13927801
v 0.49772799 0.39630613 -0.13927801
v 0.49912402 0.22970032 -0.13805901
v 0.49912771 0.39653481 -0.13805901
v 0.49977317 0.39653481 -0.13684371
v 0.49977870 0.40365883 -0.13684371
v 0.49914799 0.40284555 -0.13805901
v 0.49827939 0.41547441 -0.13684371
v 0.49766713 0.41469249 -0.13805901
v 0.49777593 0.40111019 -0.13927801
v 0.49586538 0.39871093 -0.14109267
v 0.49633011 0.41300507 -0.13927801
v 0.49579899 0.39529000 -0.14109267
v 0.48144030 0.38062517 -0.14109267
v 0.48144030 0.38062517 -0.14109267
v 0.47993177 0.39244260 -0.14109267
v 0.47993177 0.39244260 -0.14109267
v 0.47993177 0.39244444 -0.14595943
v 0.47552236 0.40353343 -0.48758414
v 0.47550945 0.40345597 -0.14595943
v 0.47993545 0.39255878 -0.48758414
v 0.47993545 0.39256063 -0.49404979
v 0.47993545 0.39256063 -0.49404979
v 0.47552420 0.40353527 -0.49404979
v 0.47552420 0.40353527 -0.49404979
v 0.46850530 0.41295712 -0.49404979
v 0.46850530 0.41295712 -0.49404979
v 0.46850530 0.41295712 -0.49404979
v 0.46850530 0.41295712 -0.48758414
v 0.46850530 0.41295712 -0.48758414
v 0.45936007 0.42018811 -0.49404979
v 0.45936007 0.42018811 -0.49404979
v 0.45935823 0.42018811 -0.48758414
v 0.44870816 0.42473398 -0.49404979
v 0.44870816 0.42473398 -0.49404979
v 0.44870632 0.42473398 -0.48758414
v 0.43727985 0.42628492 -0.49404979
v 0.43727985 0.42628492 -0.49404979
v 0.43135085 0.42628492 -0.49404979
v 0.43135085 0.42628492 -0.49404979
v 0.43727616 0.42628492 -0.48758414
v 0.44863071 0.42472845 -0.14595943
v 0.43135085 0.42628492 -0.48758414
v 0.43717473 0.42628492 -0.14595943
v 0.43135085 0.42628492 -0.14595943
v 0.43717289 0.42628492 -0.14109267
v 0.43717289 0.42628492 -0.14109267
v 0.44863071 0.42472845 -0.14109267
v 0.44863071 0.42472845 -0.14109267
v 0.45930659 0.42016782 -0.14109267
v 0.45930659 0.42016782 -0.14109267
v 0.47393084 0.43850254 -0.14109267
v 0.46324205 0.44305025 -0.14109267
v 0.45175841 0.44457169 -0.14109267
v 0.46510466 0.44538128 -0.13927801
v 0.45362840 0.44691194 -0.13927801
v 0.45494514 0.44854956 -0.13805901
v 0.43135085 0.44854034 -0.13805901
v 0.43135085 0.44688981 -0.13927801
v 0.43135085 0.44454034 -0.14109267
v 0.00000000 0.44853665 -0.13805901
v 0.00000000 0.44688243 -0.13927801
v 0.00000000 0.44453112 -0.14109267
v -0.43135085 0.44454034 -0.14109267
v -0.43135085 0.42628492 -0.14109267
v -0.43135085 0.42628492 -0.14109267
v 0.00000000 0.42628492 -0.14595943
v 0.00000000 0.42628492 -0.14109267
v 0.00000000 0.42628492 -0.14109267
v -0.43135085 0.42628492 -0.14595943
v -0.43135085 0.42628492 -0.48758414
v 0.00000000 0.42628492 -0.48758414
v 0.43135085 0.42628492 -0.14109267
v 0.43135085 0.42628492 -0.14109267
v 0.00000000 0.44929092 -0.13684371
v 0.00000000 0.44955648 -0.13540894
v 0.43135085 0.44929092 -0.13684371
v 0.45555371 0.44929461 -0.13684371
v 0.43135085 0.44955648 -0.13540894
v 0.00000000 0.44955648 -0.13403873
v 0.45577870 0.44955648 -0.13540894
v 0.46722361 0.44800184 -0.13540894
v 0.46700599 0.44774366 -0.13684371
v 0.46640664 0.44700599 -0.13805901
v 0.47767635 0.44318672 -0.13684371
v 0.47708437 0.44245090 -0.13805901
v 0.48624620 0.43519410 -0.13805901
v 0.48494790 0.43356570 -0.13927801
v 0.47578976 0.44083172 -0.13927801
v 0.48308714 0.43123283 -0.14109267
v 0.46847395 0.41291102 -0.14109267
v 0.46847395 0.41291102 -0.14109267
v 0.46847395 0.41291102 -0.14109267
v 0.49008391 0.42172799 -0.14109267
v 0.49444168 0.41063532 -0.14109267
v 0.47550945 0.40345413 -0.14109267
v 0.47550945 0.40345413 -0.14109267
v 0.49195574 0.42407561 -0.13927801
v 0.49326694 0.42572614 -0.13805901
v 0.48683817 0.43593545 -0.13684371
v 0.49386445 0.42648409 -0.13684371
v 0.48704841 0.43620286 -0.13540894
v 0.49407653 0.42675888 -0.13540894
v 0.49849516 0.41578239 -0.13403873
v 0.49849331 0.41576395 -0.13540894
v 0.49407838 0.42677178 -0.13403873
v 0.49385708 0.42677732 -0.13260396
v 0.48696173 0.43604426 -0.13260581
v 0.48705394 0.43620839 -0.13403873
v 0.47789027 0.44344675 -0.13540894
v 0.49820009 0.41598340 -0.13260396
v 0.50000000 0.40398709 -0.13403873
v 0.49968649 0.40439281 -0.13260396
v 0.50000000 0.39653481 -0.13403873
v 0.49969018 0.39653481 -0.13260396
v 0.50000000 0.22970032 -0.13403873
v 0.50000000 0.22970032 -0.13540894
v 0.50000000 -0.07255878 -0.13540894
v 0.50000000 -0.37481973 -0.13540894
v 0.49977686 -0.37481973 -0.13684371
v 0.49977501 -0.07255878 -0.13684371
v 0.49913877 -0.37481973 -0.13805901
v 0.49913140 -0.07255878 -0.13805901
v 0.49977317 0.22970032 -0.13684371
v 0.50000000 0.39653481 -0.13540894
v 0.50000000 0.40396312 -0.13540894
v 0.49775565 -0.37481973 -0.13927801
v 0.49594283 -0.39794191 -0.14109267
v 0.49783310 -0.40060120 -0.13927801
v 0.49917197 -0.40249885 -0.13805901
v 0.49456339 -0.40998986 -0.14109267
v 0.49642231 -0.41260304 -0.13927801
v 0.49771323 -0.41442877 -0.13805901
v 0.49209774 -0.42376210 -0.13927801
v 0.49026279 -0.42118211 -0.14109267
v 0.47994283 -0.38945874 -0.14109267
v 0.47994283 -0.38945874 -0.14109267
v 0.47555740 -0.40053112 -0.14109267
v 0.47555740 -0.40053112 -0.14109267
v 0.48333794 -0.43076625 -0.14109267
v 0.46858091 -0.41004149 -0.14109267
v 0.46858091 -0.41004149 -0.14109267
v 0.46858091 -0.41004149 -0.14109267
v 0.47427201 -0.43810051 -0.14109267
v 0.48515998 -0.43332596 -0.13927801
v 0.48639742 -0.43506501 -0.13805901
v 0.49335546 -0.42553619 -0.13805901
v 0.49392347 -0.42634209 -0.13684371
v 0.49829968 -0.41526787 -0.13684371
v 0.50000000 -0.40371231 -0.13540894
v 0.49850622 -0.41557769 -0.13540894
v 0.49978608 -0.40338405 -0.13684371
v 0.45948917 -0.41733702 -0.14109267
v 0.45948917 -0.41733702 -0.14109267
v 0.46858091 -0.41004149 -0.14595943
v 0.46858091 -0.41004149 -0.14595943
v 0.45948917 -0.41733887 -0.14595943
v 0.44890180 -0.42192531 -0.14595943
v 0.45953343 -0.41735915 -0.48758230
v 0.46860673 -0.41008944 -0.48758230
v 0.46860673 -0.41008944 -0.48758230
v 0.44896634 -0.42193084 -0.48758230
v 0.43753804 -0.42348917 -0.14595943
v 0.48144030 -0.37757492 -0.14109267
v 0.48144030 -0.37757492 -0.14109267
v 0.46847395 0.41291286 -0.14595943
v 0.46847395 0.41291286 -0.14595943
v 0.45930659 0.42016782 -0.14595943
v -0.43135085 0.44955648 -0.13540894
v -0.45577870 0.44955648 -0.13540894
v -0.46722361 0.44800184 -0.13540894
v -0.47789765 0.44345044 -0.13403873
v -0.47789027 0.44344675 -0.13540894
v -0.48705210 0.43621024 -0.13403873
v -0.48704841 0.43620286 -0.13540894
v -0.49407838 0.42677178 -0.13403873
v -0.49407653 0.42675888 -0.13540894
v -0.49849331 0.41578239 -0.13403873
v -0.49849331 0.41576395 -0.13540894
v -0.50000000 0.40396312 -0.13540894
v -0.50000000 0.40398893 -0.13403873
v -0.50000000 0.39653481 -0.13540894
v -0.50000000 0.39653481 -0.13403873
v -0.49819825 0.41598340 -0.13260581
v -0.49968465 0.40439281 -0.13260581
v -0.49878838 0.40549562 -0.13138866
v -0.49735731 0.41652190 -0.13138866
v -0.49969018 0.39653481 -0.13260581
v -0.49880682 0.39653481 -0.13138866
v -0.50000000 0.22970217 -0.13403873
v -0.49969202 0.22970217 -0.13260581
v -0.49969202 -0.07255878 -0.13260396
v -0.50000000 -0.07255878 -0.13403873
v -0.49881604 0.22970217 -0.13138866
v -0.49748271 0.39653481 -0.13057722
v -0.49750300 0.22970217 -0.13057722
v -0.49881604 -0.07255878 -0.13138866
v -0.49969387 -0.37481973 -0.13260396
v -0.50000000 -0.40373813 -0.13403873
v -0.50000000 -0.37481973 -0.13403873
v -0.50000000 -0.40371231 -0.13540894
v -0.50000000 -0.37481973 -0.13540894
v -0.50000000 -0.07255878 -0.13540894
v -0.49977686 -0.37481973 -0.13684371
v -0.49978608 -0.40338220 -0.13684371
v -0.49829968 -0.41526787 -0.13684371
v -0.49392347 -0.42634209 -0.13684371
v -0.49850622 -0.41557769 -0.13540894
v -0.49850622 -0.41559613 -0.13403873
v -0.49412633 -0.42664638 -0.13403873
v -0.49977501 -0.07255878 -0.13684371
v -0.49977317 0.22970217 -0.13684371
v -0.50000000 0.22970217 -0.13540894
v -0.49977317 0.39653481 -0.13684371
v -0.49744767 0.40712771 -0.13057722
v -0.49609774 0.41731305 -0.13057722
v -0.43135085 -0.42348917 -0.49404979
v -0.43135085 -0.42348917 -0.49404979
v -0.43762840 -0.42348917 -0.49404979
v -0.43762840 -0.42348917 -0.49404979
v -0.44896819 -0.42193084 -0.49404979
v -0.44896819 -0.42193084 -0.49404979
v -0.45953343 -0.41736100 -0.49404979
v -0.45953343 -0.41736100 -0.49404979
v -0.46860673 -0.41009129 -0.49404979
v -0.46860673 -0.41009129 -0.49404979
v -0.46860673 -0.41009129 -0.49404979
v -0.43789212 0.21071830 -0.13029138
v -0.42390226 0.22225357 -0.13082803
v -0.40839465 0.22936468 -0.13240111
v -0.41031074 0.23268419 -0.13082803
v -0.39231904 0.24013647 -0.13082803
v -0.39203135 0.23614385 -0.13240111
v -0.39178423 0.23271554 -0.13490364
v -0.38489442 0.23709912 -0.13240111
v -0.38182941 0.23403412 -0.13490364
v 0.00000000 0.23404518 -0.13490364
v 0.00000000 0.23168834 -0.13816598
v -0.37947810 0.23168280 -0.13816598
v 0.00000000 0.23020747 -0.14196496
v 0.37800092 0.23020562 -0.14196496
v 0.00000000 0.22970032 -0.14604057
v 0.00000000 0.22970032 -0.14604057
v 0.37947994 0.23168280 -0.13816598
v 0.39159428 0.23008391 -0.13816598
v 0.39178423 0.23271369 -0.13490364
v 0.38183126 0.23403412 -0.13490364
v 0.39203135 0.23614385 -0.13240111
v 0.38489442 0.23709912 -0.13240111
v 0.00000000 0.23711757 -0.13240111
v 0.38846289 0.24066759 -0.13082803
v 0.39231904 0.24013647 -0.13082803
v 0.39229322 0.24449793 -0.13029138
v 0.41236699 0.23624343 -0.13029138
v 0.41031074 0.23268234 -0.13082803
v 0.42681051 0.22516183 -0.13029138
v 0.40839465 0.22936468 -0.13240111
v 0.42390226 0.22225357 -0.13082803
v 0.43789396 0.21071830 -0.13029138
v 0.42119318 0.21954449 -0.13240111
v 0.43433287 0.20866206 -0.13082803
v 0.44578700 0.19139696 -0.13029138
v 0.44151222 0.19132872 -0.13082803
v 0.43101337 0.20674597 -0.13240111
v 0.41886768 0.21721715 -0.13490364
v 0.42816413 0.20510097 -0.13490364
v 0.43760811 0.19082711 -0.13240111
v 0.43425542 0.19039557 -0.13490364
v 0.43856893 0.18362195 -0.13240111
v 0.44205071 0.18737114 -0.13082803
v 0.44205071 -0.07255878 -0.13082803
v 0.44578700 -0.07255878 -0.13029138
v 0.44578700 -0.33651637 -0.13029138
v 0.48139604 -0.07255878 -0.13029138
v 0.49595943 -0.07255878 -0.13029138
v 0.48144030 -0.37481973 -0.13029138
v 0.42681051 -0.37027939 -0.13029138
v 0.45595021 -0.39958691 -0.13029138
v 0.43789396 -0.35583587 -0.13029138
v 0.44151222 -0.33644629 -0.13082803
v 0.43433287 -0.35378147 -0.13082803
v 0.43760811 -0.33594467 -0.13240111
v 0.43101337 -0.35186538 -0.13240111
v 0.42390226 -0.36737298 -0.13082803
v 0.42119318 -0.36466390 -0.13240111
v 0.41031074 -0.37780175 -0.13082803
v 0.41236699 -0.38136284 -0.13029138
v 0.43135085 -0.42348917 -0.13029138
v 0.39377778 -0.38950669 -0.13029138
v 0.39210143 -0.38534440 -0.13082803
v 0.40839465 -0.37448409 -0.13240111
v 0.39188382 -0.38132411 -0.13240111
v 0.39169756 -0.37786999 -0.13490364
v 0.40674965 -0.37163485 -0.13490364
v 0.41708253 -0.36055141 -0.13816598
v 0.41886768 -0.36233656 -0.13490364
v 0.40548824 -0.36944952 -0.13816598
v 0.40469341 -0.36807377 -0.14196496
v 0.39155556 -0.37521992 -0.13816598
v 0.41595943 -0.35943015 -0.14196496
v 0.41557769 -0.35904657 -0.14604057
v 0.41557769 -0.35904657 -0.14604057
v 0.42460489 -0.34816413 -0.14196496
v 0.42413462 -0.34789304 -0.14604057
v 0.42413462 -0.34789304 -0.14604057
v 0.42951591 -0.33490456 -0.14604057
v 0.42951591 -0.33490456 -0.14604057
v 0.42413462 -0.34789304 -0.45886676
v 0.41557769 -0.35904657 -0.45886676
v 0.42366621 -0.34762379 -0.46294237
v 0.42745966 -0.33435500 -0.46674136
v 0.42899216 -0.33476441 -0.46294237
v 0.42951591 -0.33490456 -0.45886676
v 0.42923928 -0.32082803 -0.46674136
v 0.43081420 -0.32093130 -0.46294237
v 0.43135085 -0.32096634 -0.45886676
v 0.42924112 -0.07256063 -0.46674136
v 0.43081420 -0.07256063 -0.46294237
v 0.42924112 0.17570862 -0.46674136
v 0.43081420 0.17581189 -0.46294237
v 0.43135085 -0.07256063 -0.45886676
v 0.43135085 -0.07255878 -0.14604057
v 0.43135085 -0.07255878 -0.14604057
v 0.43135085 0.17584693 -0.45886676
v 0.43135085 -0.32096634 -0.14604057
v 0.43135085 -0.32096634 -0.14604057
v 0.43006731 -0.33497649 -0.14196496
v 0.43184140 -0.32149746 -0.14196496
v 0.43184140 -0.07255878 -0.14196496
v 0.43168465 -0.33518303 -0.13816598
v 0.43328354 -0.32305025 -0.13816598
v 0.43425542 -0.33551498 -0.13490364
v 0.43557769 -0.32552144 -0.13490364
v 0.43328354 -0.07255878 -0.13816598
v 0.43557769 -0.07255878 -0.13490364
v 0.43184140 0.17637805 -0.14196496
v 0.43328354 0.17793084 -0.13816598
v 0.43006731 0.18985708 -0.14196496
v 0.43168465 0.19006547 -0.13816598
v 0.43557769 0.18040203 -0.13490364
v 0.43856893 -0.07255878 -0.13240111
v 0.43856893 -0.32874136 -0.13240111
v 0.44205071 -0.33249055 -0.13082803
v 0.42460489 0.20304472 -0.14196496
v 0.42597879 0.20383771 -0.13816598
v 0.41708253 0.21543200 -0.13816598
v 0.41595943 0.21431074 -0.14196496
v 0.40469341 0.22295436 -0.14196496
v 0.41557769 0.21392716 -0.14604057
v 0.41557769 0.21392716 -0.14604057
v 0.40442416 0.22248594 -0.14604057
v 0.40442416 0.22248594 -0.14604057
v 0.39143568 0.22786538 -0.14604057
v 0.39143568 0.22786538 -0.14604057
v 0.41557769 0.21392716 -0.45886676
v 0.40442416 0.22248594 -0.45886676
v 0.40415307 0.22201752 -0.46294237
v 0.39129553 0.22734348 -0.46294237
v 0.39143568 0.22786538 -0.45886676
v 0.37746243 0.22916367 -0.46294237
v 0.37749746 0.22970032 -0.14604057
v 0.37749746 0.22970032 -0.14604057
v 0.37749746 0.22970032 -0.45886676
v 0.00000000 0.22970032 -0.45886676
v 0.00000000 0.22916367 -0.46294237
v -0.37749746 0.22970032 -0.45886676
v -0.37746058 0.22916367 -0.46294237
v 0.00000000 0.22759059 -0.46674136
v 0.37735915 0.22759059 -0.46674136
v -0.37735915 0.22759059 -0.46674136
v 0.00000000 0.22508806 -0.47000369
v 0.37719502 0.22508806 -0.47000369
v -0.37719502 0.22508806 -0.47000369
v 0.00000000 0.22182573 -0.47250622
v -0.37698110 0.22182573 -0.47250622
v 0.00000000 0.21802674 -0.47407930
v 0.00000000 0.21802674 -0.47407930
v 0.37698110 0.22182573 -0.47250622
v 0.38937944 0.22019364 -0.47250622
v 0.39023144 0.22337114 -0.47000369
v 0.37673213 0.21802674 -0.47407930
v 0.37673213 0.21802674 -0.47407930
v 0.38838728 0.21649239 -0.47407930
v 0.38838728 0.21649239 -0.47407930
v 0.37646473 0.21395113 -0.47461595
v 0.00000000 0.21395113 -0.47461595
v -0.37646473 0.21395113 -0.47461595
v 0.00000000 -0.07255878 -0.47461595
v -0.37673213 0.21802674 -0.47407930
v -0.37673213 0.21802674 -0.47407930
v -0.38838728 0.21649239 -0.47407930
v -0.38838728 0.21649239 -0.47407930
v -0.38937944 0.22019364 -0.47250622
v -0.39023144 0.22337114 -0.47000369
v -0.40045182 0.21560719 -0.47250622
v -0.40209682 0.21845643 -0.47000369
v -0.41407100 0.21242231 -0.46674136
v -0.40335823 0.22064361 -0.46674136
v -0.41228585 0.21063716 -0.47000369
v -0.42010512 0.20044813 -0.47000369
v -0.42229230 0.20170954 -0.46674136
v -0.40996035 0.20831166 -0.47250622
v -0.41725588 0.19880314 -0.47250622
v -0.40725127 0.20560258 -0.47407930
v -0.40725127 0.20560258 -0.47407930
v -0.39853573 0.21228953 -0.47407930
v -0.39853573 0.21228953 -0.47407930
v -0.39647948 0.20872845 -0.47461595
v -0.38732319 0.21252190 -0.47461595
v -0.38732319 -0.07255878 -0.47461595
v -0.37646473 -0.07255878 -0.47461595
v 0.00000000 -0.35907054 -0.47461595
v -0.37646473 -0.35907054 -0.47461595
v -0.38732319 -0.35764131 -0.47461595
v 0.00000000 -0.36314615 -0.47407930
v 0.00000000 -0.36314615 -0.47407930
v -0.37673213 -0.36314615 -0.47407930
v -0.37673213 -0.36314615 -0.47407930
v -0.38838728 -0.36161180 -0.47407930
v -0.38838728 -0.36161180 -0.47407930
v 0.00000000 -0.36694514 -0.47250622
v -0.37698110 -0.36694514 -0.47250622
v -0.37719502 -0.37020747 -0.47000369
v -0.38937944 -0.36531305 -0.47250622
v 0.00000000 -0.37020747 -0.47000369
v 0.37698110 -0.36694514 -0.47250622
v 0.38838728 -0.36161180 -0.47407930
v 0.38838728 -0.36161180 -0.47407930
v 0.37673213 -0.36314615 -0.47407930
v 0.37673213 -0.36314615 -0.47407930
v 0.37646473 -0.35907054 -0.47461595
v 0.38732319 -0.35764131 -0.47461595
v 0.39648133 -0.35384786 -0.47461595
v 0.39648133 -0.07256063 -0.47461595
v 0.38732319 -0.07256063 -0.47461595
v 0.39648133 0.20872845 -0.47461595
v 0.37646473 -0.07256063 -0.47461595
v 0.38732319 0.21252190 -0.47461595
v 0.39853573 0.21228953 -0.47407930
v 0.39853573 0.21228953 -0.47407930
v 0.40045182 0.21560719 -0.47250622
v 0.40725127 0.20560258 -0.47407930
v 0.40725127 0.20560258 -0.47407930
v 0.40996035 0.20831166 -0.47250622
v 0.42010512 0.20044813 -0.47000369
v 0.41228769 0.21063716 -0.47000369
v 0.41725588 0.19880314 -0.47250622
v 0.42502167 0.18858091 -0.47000369
v 0.41393822 0.19688704 -0.47407930
v 0.41393822 0.19688704 -0.47407930
v 0.42184232 0.18773075 -0.47250622
v 0.41814292 0.18673859 -0.47407930
v 0.41814292 0.18673859 -0.47407930
v 0.42347626 0.17533057 -0.47250622
v 0.42673675 0.17554449 -0.47000369
v 0.42673675 -0.07256063 -0.47000369
v 0.42673675 -0.32066390 -0.47000369
v 0.42347626 -0.07256063 -0.47250622
v 0.41967727 -0.07256063 -0.47407930
v 0.41967727 -0.07256063 -0.47407930
v 0.41967727 0.17508160 -0.47407930
v 0.41967727 0.17508160 -0.47407930
v 0.42347441 -0.32044998 -0.47250622
v 0.41967727 -0.32020101 -0.47407930
v 0.41967727 -0.32020101 -0.47407930
v 0.42502167 -0.33370032 -0.47000369
v 0.41559982 -0.31993545 -0.47461595
v 0.41559982 -0.07256063 -0.47461595
v 0.41417059 -0.07256063 -0.47461595
v 0.41559982 0.17481604 -0.47461595
v 0.41417059 0.18567450 -0.47461595
v 0.41037713 0.19483080 -0.47461595
v 0.41037713 -0.07256063 -0.47461595
v 0.40434486 -0.07256063 -0.47461595
v 0.40434486 0.20269433 -0.47461595
v 0.42745966 0.18923559 -0.46674136
v 0.42899216 0.18964500 -0.46294237
v 0.42229230 0.20170954 -0.46674136
v 0.42366621 0.20250438 -0.46294237
v 0.41407284 0.21242231 -0.46674136
v 0.41519410 0.21354541 -0.46294237
v 0.40209682 0.21845643 -0.47000369
v 0.40336007 0.22064361 -0.46674136
v 0.39088428 0.22581097 -0.46674136
v 0.42413462 0.20277363 -0.45886676
v 0.42413462 0.20277363 -0.14604057
v 0.42413462 0.20277363 -0.14604057
v 0.42951591 0.18978515 -0.45886676
v 0.42951591 0.18978515 -0.14604057
v 0.42951591 0.18978515 -0.14604057
v 0.43135085 0.17584693 -0.14604057
v 0.43135085 0.17584693 -0.14604057
v -0.39023144 -0.36849055 -0.47000369
v -0.39853573 -0.35740894 -0.47407930
v -0.39853573 -0.35740894 -0.47407930
v -0.40045182 -0.36072660 -0.47250622
v -0.40725127 -0.35072199 -0.47407930
v -0.40725127 -0.35072199 -0.47407930
v -0.40209682 -0.36357584 -0.47000369
v -0.40996035 -0.35343107 -0.47250622
v -0.41725588 -0.34392254 -0.47250622
v -0.41228585 -0.35575657 -0.47000369
v -0.41393822 -0.34200645 -0.47407930
v -0.41393822 -0.34200645 -0.47407930
v -0.41814108 -0.33185800 -0.47407930
v -0.41814108 -0.33185800 -0.47407930
v -0.41417059 -0.33079391 -0.47461595
v -0.41037713 -0.33995021 -0.47461595
v -0.41417059 -0.07255878 -0.47461595
v -0.41037713 -0.07255878 -0.47461595
v -0.40434302 -0.34781374 -0.47461595
v -0.39647948 -0.35384786 -0.47461595
v -0.40434302 -0.07255878 -0.47461595
v -0.40434302 0.20269433 -0.47461595
v -0.41037713 0.19483080 -0.47461595
v -0.39647948 -0.07255878 -0.47461595
v -0.41814108 0.18673859 -0.47407930
v -0.41814108 0.18673859 -0.47407930
v -0.41393822 0.19688704 -0.47407930
v -0.41393822 0.19688704 -0.47407930
v -0.41417059 0.18567450 -0.47461595
v -0.41559982 0.17481604 -0.47461595
v -0.41967543 0.17508345 -0.47407930
v -0.41967543 0.17508345 -0.47407930
v -0.42347441 0.17533241 -0.47250622
v -0.41967543 -0.07255878 -0.47407930
v -0.41967543 -0.07255878 -0.47407930
v -0.42347441 -0.07255878 -0.47250622
v -0.42673675 -0.32066390 -0.47000369
v -0.42673675 -0.07255878 -0.47000369
v -0.42347441 -0.32044998 -0.47250622
v -0.41967727 -0.32020101 -0.47407930
v -0.41967727 -0.32020101 -0.47407930
v -0.42184232 -0.33285016 -0.47250622
v -0.42501982 -0.33370032 -0.47000369
v -0.42229230 -0.34682895 -0.46674136
v -0.42745966 -0.33435500 -0.46674136
v -0.42010512 -0.34556754 -0.47000369
v -0.42923928 -0.32082803 -0.46674136
v -0.42899216 -0.33476441 -0.46294237
v -0.42366621 -0.34762195 -0.46294237
v -0.42413462 -0.34789304 -0.45886676
v -0.42413462 -0.34789304 -0.14604057
v -0.42413462 -0.34789304 -0.14604057
v -0.42951591 -0.33490456 -0.14604057
v -0.42951591 -0.33490456 -0.14604057
v -0.42951591 -0.33490456 -0.45886676
v -0.43135085 -0.32096634 -0.14604057
v -0.43135085 -0.32096634 -0.14604057
v -0.43081420 -0.32093130 -0.46294237
v -0.43135085 -0.32096634 -0.45886676
v -0.43135085 -0.07255878 -0.45886676
v -0.43081420 -0.07255878 -0.46294237
v -0.42923928 0.17570862 -0.46674136
v -0.42923928 -0.07255878 -0.46674136
v -0.43081420 0.17581189 -0.46294237
v -0.42745966 0.18923559 -0.46674136
v -0.42899216 0.18964684 -0.46294237
v -0.42366621 0.20250438 -0.46294237
v -0.41519410 0.21354541 -0.46294237
v -0.40415307 0.22201752 -0.46294237
v -0.39088428 0.22581097 -0.46674136
v -0.39129553 0.22734348 -0.46294237
v -0.42501982 0.18858091 -0.47000369
v -0.42673675 0.17554633 -0.47000369
v -0.42184232 0.18773075 -0.47250622
v -0.42460304 -0.34816413 -0.14196496
v -0.41559982 -0.07255878 -0.47461595
v -0.41559982 -0.31993545 -0.47461595
v 0.39147626 0.22842969 -0.14196496
v 0.40548824 0.22433011 -0.13816598
v 0.40674965 0.22651544 -0.13490364
v 0.42816413 -0.35022038 -0.13490364
v 0.42597879 -0.34895712 -0.13816598
v 0.43135085 -0.44504011 -0.13029138
v 0.00000000 -0.44678654 -0.13057538
v 0.43135085 -0.44676810 -0.13057538
v 0.46067312 -0.44494975 -0.13029138
v 0.45895436 -0.44671277 -0.13057538
v 0.47010051 -0.44349839 -0.13029138
v 0.46911388 -0.44521899 -0.13057538
v 0.47876072 -0.43953896 -0.13029138
v 0.46827294 -0.44667773 -0.13138866
v 0.45749193 -0.44820655 -0.13138866
v 0.43135085 -0.44823237 -0.13138866
v 0.43135085 -0.44921162 -0.13260396
v 0.45650715 -0.44920424 -0.13260396
v 0.46770678 -0.44765330 -0.13260396
v 0.43135085 -0.44955648 -0.13403873
v 0.00000000 -0.44955648 -0.13403873
v 0.00000000 -0.44921346 -0.13260396
v -0.43135085 -0.44921162 -0.13260396
v -0.43135085 -0.44823237 -0.13138866
v -0.45749193 -0.44820655 -0.13138866
v -0.45895436 -0.44671277 -0.13057538
v -0.46911388 -0.44521899 -0.13057538
v -0.43135085 -0.44676810 -0.13057538
v 0.00000000 -0.44824159 -0.13138866
v 0.49750669 -0.07255878 -0.13057538
v 0.00000000 0.24069525 -0.13082803
v -0.38846289 0.24066759 -0.13082803
v -0.37749746 -0.37481973 -0.14604057
v -0.37749746 -0.37481973 -0.14604057
v 0.02528170 0.36298202 0.07677732
v 0.02528170 0.36298202 0.07677732
v 0.02568004 0.36357953 0.07663532
v 0.01741448 0.36718857 0.07677732
v 0.01741448 0.36718857 0.07677732
v 0.00000000 0.32514523 0.07677732
v 0.03217704 0.35732227 0.07677732
v 0.03217704 0.35732227 0.07677732
v 0.03268603 0.35783126 0.07663532
v 0.03311757 0.35826279 0.07622960
v 0.03894145 0.35116459 0.07622960
v 0.03843430 0.35082527 0.07663532
v 0.04326971 0.34306870 0.07622960
v 0.04270539 0.34283449 0.07663532
v 0.03783679 0.35042692 0.07677732
v 0.03783679 0.35042692 0.07677732
v 0.04204149 0.34255970 0.07677732
v 0.04204149 0.34255970 0.07677732
v 0.04463255 0.33402305 0.07677732
v 0.04463255 0.33402305 0.07677732
v 0.04533702 0.33416321 0.07663532
v 0.04683449 0.32514523 0.07622960
v 0.04622407 0.32514523 0.07663532
v 0.04593453 0.33428308 0.07622960
v 0.04633656 0.33436238 0.07562102
v 0.04724389 0.32514523 0.07562102
v 0.04738958 0.32514523 0.07490364
v 0.04647856 0.31590041 0.07490364
v 0.04633656 0.31592808 0.07562102
v 0.04593453 0.31600738 0.07622960
v 0.04378239 0.30700968 0.07490364
v 0.04364776 0.30706501 0.07562102
v 0.04326971 0.30722176 0.07622960
v 0.03940249 0.29881604 0.07490364
v 0.03928262 0.29889719 0.07562102
v 0.03894145 0.29912586 0.07622960
v 0.03351037 0.29163485 0.07490364
v 0.03340710 0.29173813 0.07562102
v 0.03311757 0.29202766 0.07622960
v 0.02632918 0.28574089 0.07490364
v 0.02624804 0.28586261 0.07562102
v 0.02601936 0.28620378 0.07622960
v 0.01813555 0.28136284 0.07490364
v 0.01808022 0.28149746 0.07562102
v 0.01792347 0.28187552 0.07622960
v 0.00924481 0.27866482 0.07490364
v 0.00921715 0.27880867 0.07562102
v 0.00000000 0.27775565 0.07490364
v 0.00000000 0.27790134 0.07562102
v 0.00913601 0.27921070 0.07622960
v 0.01768926 0.28243983 0.07663532
v 0.00901798 0.27980821 0.07663532
v 0.00000000 0.27831074 0.07622960
v 0.00000000 0.27892116 0.07663532
v -0.00921715 0.27880867 0.07562102
v -0.00913785 0.27921070 0.07622960
v -0.00901798 0.27980821 0.07663532
v -0.01808022 0.28149746 0.07562102
v -0.01792347 0.28187552 0.07622960
v -0.01768926 0.28243983 0.07663532
v -0.02624804 0.28586261 0.07562102
v -0.02601936 0.28620378 0.07622960
v -0.02568188 0.28671093 0.07663532
v -0.03340710 0.29173813 0.07562102
v -0.03311757 0.29202766 0.07622960
v -0.03268603 0.29245920 0.07663532
v -0.03928262 0.29889719 0.07562102
v -0.03894145 0.29912586 0.07622960
v -0.03843430 0.29946519 0.07663532
v -0.04364776 0.30706501 0.07562102
v -0.04326971 0.30722176 0.07622960
v -0.04270539 0.30745597 0.07663532
v -0.04633656 0.31592808 0.07562102
v -0.04593453 0.31600922 0.07622960
v -0.04533702 0.31612725 0.07663532
v -0.04724389 0.32514523 0.07562102
v -0.04683449 0.32514523 0.07622960
v -0.04622407 0.32514523 0.07663532
v -0.04633656 0.33436238 0.07562102
v -0.04593453 0.33428308 0.07622960
v -0.04533702 0.33416321 0.07663532
v -0.04364776 0.34322545 0.07562102
v -0.04326971 0.34306870 0.07622960
v -0.03894145 0.35116459 0.07622960
v -0.04270539 0.34283449 0.07663532
v -0.03928262 0.35139327 0.07562102
v -0.03940433 0.35147441 0.07490364
v -0.03351037 0.35865560 0.07490364
v -0.03340710 0.35855233 0.07562102
v -0.03311757 0.35826279 0.07622960
v -0.02632918 0.36454956 0.07490364
v -0.02624804 0.36442785 0.07562102
v -0.01813555 0.36892762 0.07490364
v -0.01808022 0.36879299 0.07562102
v -0.02601936 0.36408668 0.07622960
v -0.03268603 0.35783126 0.07663532
v -0.02568188 0.36357953 0.07663532
v -0.01792347 0.36841494 0.07622960
v -0.01768926 0.36785062 0.07663532
v -0.00921715 0.37148179 0.07562102
v -0.00913785 0.37107976 0.07622960
v 0.00000000 0.37238912 0.07562102
v 0.00000000 0.37238912 0.07562102
v 0.00000000 0.37197971 0.07622960
v 0.00000000 0.37197971 0.07622960
v -0.00901798 0.37048225 0.07663532
v -0.01741448 0.36718857 0.07677732
v -0.01741448 0.36718857 0.07677732
v 0.00000000 0.37136929 0.07663532
v 0.00000000 0.37136929 0.07663532
v -0.00887782 0.36977778 0.07677732
v -0.00887782 0.36977778 0.07677732
v 0.00000000 0.37065191 0.07677732
v 0.00000000 0.37065191 0.07677732
v 0.00000000 0.37065191 0.07677732
v 0.00901798 0.37048225 0.07663532
v 0.00887782 0.36977778 0.07677732
v 0.00887782 0.36977778 0.07677732
v 0.01768926 0.36785062 0.07663532
v 0.01792347 0.36841494 0.07622960
v 0.02601936 0.36408668 0.07622960
v 0.02624804 0.36442785 0.07562102
v 0.03340710 0.35855233 0.07562102
v 0.03351037 0.35865560 0.07490364
v 0.03940249 0.35147441 0.07490364
v 0.03928262 0.35139327 0.07562102
v 0.04378239 0.34328077 0.07490364
v 0.04364776 0.34322545 0.07562102
v 0.04647856 0.33439004 0.07490364
v 0.04647856 0.33439004 -0.12641494
v 0.04378239 0.34328077 -0.12641494
v 0.03940249 0.35147441 -0.12641494
v 0.04304103 0.34297280 -0.12864085
v 0.04569110 0.33423329 -0.12864085
v 0.04378976 0.33385523 -0.13047948
v 0.04658737 0.32514523 -0.12864085
v 0.04464730 0.32514523 -0.13047948
v 0.04378976 0.31643522 -0.13047948
v 0.04569110 0.31605717 -0.12864085
v 0.04124850 0.30805901 -0.13047948
v 0.03712310 0.30034117 -0.13047948
v 0.04304103 0.30731766 -0.12864085
v 0.04647856 0.31590041 -0.12641494
v 0.04378239 0.30700968 -0.12641494
v 0.03873490 0.29926233 -0.12864085
v 0.03294237 0.29220286 -0.12864085
v 0.03157031 0.29357492 -0.13047948
v 0.03940249 0.29881604 -0.12641494
v 0.03351037 0.29163485 -0.12641494
v 0.02632918 0.28574089 -0.12641494
v 0.02588290 0.28641033 -0.12864085
v 0.02480406 0.28802213 -0.13047948
v 0.01782757 0.28210420 -0.12864085
v 0.01708621 0.28389673 -0.13047948
v 0.00871000 0.28135546 -0.13047948
v 0.00908806 0.27945413 -0.12864085
v 0.00000000 0.28049793 -0.13047948
v 0.00000000 0.27855786 -0.12864085
v -0.00871000 0.28135546 -0.13047948
v -0.00908806 0.27945413 -0.12864085
v -0.01708621 0.28389673 -0.13047948
v -0.02480406 0.28802213 -0.13047948
v -0.01782757 0.28210420 -0.12864085
v -0.01813555 0.28136284 -0.12641494
v -0.00924481 0.27866482 -0.12641494
v -0.02588290 0.28641033 -0.12864085
v -0.03294237 0.29220286 -0.12864085
v -0.03157031 0.29357492 -0.13047948
v -0.02632918 0.28574089 -0.12641494
v -0.03351037 0.29163485 0.07490364
v -0.03351037 0.29163485 -0.12641494
v -0.02632918 0.28574274 0.07490364
v -0.01813555 0.28136284 0.07490364
v -0.00924481 0.27866667 0.07490364
v 0.00000000 0.27775565 -0.12641494
v 0.00924481 0.27866482 -0.12641494
v 0.01813555 0.28136284 -0.12641494
v -0.03940433 0.29881604 0.07490364
v -0.03940433 0.29881604 -0.12641494
v -0.03873490 0.29926233 -0.12864085
v -0.03712310 0.30034117 -0.13047948
v -0.04304103 0.30731766 -0.12864085
v -0.04124850 0.30805901 -0.13047948
v -0.04378976 0.31643522 -0.13047948
v -0.04569110 0.31605717 -0.12864085
v -0.04464730 0.32514523 -0.13047948
v -0.04658737 0.32514523 -0.12864085
v -0.04378976 0.33385523 -0.13047948
v -0.04569110 0.33423329 -0.12864085
v -0.04124850 0.34223144 -0.13047948
v -0.03712310 0.34994929 -0.13047948
v -0.04304103 0.34297280 -0.12864085
v -0.04378239 0.34328077 -0.12641494
v -0.03873490 0.35102812 -0.12864085
v -0.04648041 0.33439004 -0.12641494
v -0.04378239 0.34328077 0.07490364
v -0.04738958 0.32514523 -0.12641494
v -0.04648041 0.33439004 0.07490364
v -0.04738958 0.32514523 0.07490364
v -0.04648041 0.31590041 -0.12641494
v -0.04648041 0.31590041 0.07490364
v -0.04378239 0.30700968 0.07490364
v -0.04378239 0.30700968 -0.12641494
v -0.03294237 0.35808760 -0.12864085
v -0.03157031 0.35671554 -0.13047948
v -0.03940433 0.35147441 -0.12641494
v -0.03351037 0.35865560 -0.12641494
v -0.02632918 0.36454772 -0.12641494
v -0.02588290 0.36388013 -0.12864085
v -0.02480406 0.36226833 -0.13047948
v -0.01782757 0.36818626 -0.12864085
v -0.01708621 0.36639373 -0.13047948
v -0.00871000 0.36893499 -0.13047948
v -0.00908806 0.37083633 -0.12864085
v 0.00000000 0.36979253 -0.13047948
v 0.00000000 0.36979253 -0.13047948
v 0.00000000 0.37173260 -0.12864085
v 0.00000000 0.37173260 -0.12864085
v 0.00871000 0.36893499 -0.13047948
v 0.00908806 0.37083633 -0.12864085
v 0.01708621 0.36639373 -0.13047948
v 0.02480406 0.36226833 -0.13047948
v 0.01782757 0.36818626 -0.12864085
v 0.00924481 0.37162379 -0.12641494
v 0.01813555 0.36892762 -0.12641494
v 0.02588290 0.36388013 -0.12864085
v 0.03294237 0.35808760 -0.12864085
v 0.03157031 0.35671554 -0.13047948
v 0.02632918 0.36454772 -0.12641494
v 0.03351037 0.35865560 -0.12641494
v 0.02632918 0.36454956 0.07490364
v 0.01813555 0.36892762 0.07490364
v 0.01808022 0.36879299 0.07562102
v 0.00921715 0.37148179 0.07562102
v 0.00913601 0.37107976 0.07622960
v 0.00924481 0.37162563 0.07490364
v 0.00000000 0.37253481 -0.12641494
v 0.00000000 0.37253481 -0.12641494
v 0.00000000 0.37253481 0.07490364
v 0.00000000 0.37253481 0.07490364
v -0.00924481 0.37162563 0.07490364
v -0.00924481 0.37162379 -0.12641494
v -0.01813555 0.36892762 -0.12641494
v 0.03873490 0.35102812 -0.12864085
v 0.03712310 0.34994929 -0.13047948
v 0.04124850 0.34223144 -0.13047948
v 0.04738958 0.32514523 -0.12641494
v -0.02528170 0.36298202 0.07677732
v -0.02528170 0.36298202 0.07677732
v -0.03217704 0.35732227 0.07677732
v -0.03217704 0.35732227 0.07677732
v -0.03783679 0.35042692 0.07677732
v -0.03783679 0.35042692 0.07677732
v -0.04204334 0.34255970 0.07677732
v -0.04204334 0.34255970 0.07677732
v -0.03843430 0.35082711 0.07663532
v -0.04463255 0.33402305 0.07677732
v -0.04463255 0.33402305 0.07677732
v -0.04550669 0.32514523 0.07677732
v -0.04550669 0.32514523 0.07677732
v -0.04463255 0.31626740 0.07677732
v -0.04463255 0.31626740 0.07677732
v -0.04204334 0.30773075 0.07677732
v -0.04204334 0.30773075 0.07677732
v -0.03783679 0.29986353 0.07677732
v -0.03783679 0.29986353 0.07677732
v -0.03217888 0.29296819 0.07677732
v -0.03217888 0.29296819 0.07677732
v -0.02528170 0.28730844 0.07677732
v -0.02528170 0.28730844 0.07677732
v -0.01741448 0.28310373 0.07677732
v -0.01741448 0.28310373 0.07677732
v -0.00887782 0.28051268 0.07677732
v -0.00887782 0.28051268 0.07677732
v 0.00000000 0.27963854 0.07677732
v 0.00000000 0.27963854 0.07677732
v 0.00887782 0.28051268 0.07677732
v 0.00887782 0.28051268 0.07677732
v 0.01741448 0.28310189 0.07677732
v 0.01741448 0.28310189 0.07677732
v 0.02528170 0.28730844 0.07677732
v 0.02528170 0.28730844 0.07677732
v 0.03217704 0.29296819 0.07677732
v 0.03217704 0.29296819 0.07677732
v 0.02568004 0.28671093 0.07663532
v 0.03268603 0.29245920 0.07663532
v 0.03843430 0.29946519 0.07663532
v 0.03783679 0.29986353 0.07677732
v 0.03783679 0.29986353 0.07677732
v 0.04204149 0.30773075 0.07677732
v 0.04204149 0.30773075 0.07677732
v 0.04270539 0.30745597 0.07663532
v 0.04463255 0.31626740 0.07677732
v 0.04463255 0.31626740 0.07677732
v 0.04550669 0.32514523 0.07677732
v 0.04550669 0.32514523 0.07677732
v 0.04533702 0.31612725 0.07663532
v -0.04474873 0.02119502 -0.46568465
v 0.00000000 0.05109636 -0.46564039
v -0.04972245 0.03049885 -0.46568465
v -0.03805625 0.01303827 -0.46568465
v -0.04474873 0.02119502 -0.46932319
v -0.04972245 0.03049885 -0.46932319
v -0.05278562 0.04059567 -0.46932319
v -0.04808114 0.03117935 -0.46936745
v -0.05104288 0.04094237 -0.46936745
v -0.05204242 0.05109636 -0.47338589
v -0.05204242 0.05109636 -0.47338589
v -0.05204242 0.05109636 -0.46936745
v -0.05104288 0.04094237 -0.47338589
v -0.05104288 0.04094237 -0.47338589
v -0.05514246 0.05109636 -0.47338589
v -0.05514246 0.05109636 -0.47338589
v -0.05514246 0.05109636 -0.47338589
v -0.05408207 0.04033748 -0.47338589
v -0.05408207 0.04033748 -0.47338589
v -0.05408207 0.04033748 -0.47338589
v -0.04808114 0.03117935 -0.47338589
v -0.04808114 0.03117935 -0.47338589
v -0.04327155 0.02218165 -0.47338589
v -0.04327155 0.02218165 -0.47338589
v -0.05094514 0.02999355 -0.47338589
v -0.05094514 0.02999355 -0.47338589
v -0.05094514 0.02999355 -0.47338589
v -0.04327155 0.02218165 -0.46936745
v -0.03679852 0.01429599 -0.46936745
v -0.03805625 0.01303827 -0.46932319
v -0.02989949 0.00634578 -0.46568465
v -0.02989949 0.00634578 -0.46932319
v -0.02059567 0.00137206 -0.46568465
v -0.02059567 0.00137206 -0.46932319
v -0.02891286 0.00782296 -0.46936745
v -0.02891286 0.00782296 -0.47338589
v -0.02891286 0.00782296 -0.47338589
v -0.01991517 0.00301521 -0.46936745
v -0.03679852 0.01429599 -0.47338589
v -0.03679852 0.01429599 -0.47338589
v -0.04584970 0.02045920 -0.47338589
v -0.04584970 0.02045920 -0.47338589
v -0.04584970 0.02045920 -0.47338589
v -0.03899124 0.01210327 -0.47338589
v -0.03899124 0.01210327 -0.47338589
v -0.03899124 0.01210327 -0.47338589
v -0.04584970 0.02045920 -0.47024896
v -0.04584970 0.02045920 -0.47024896
v -0.04584970 0.02045920 -0.47024896
v -0.03899124 0.01210327 -0.47024896
v -0.03899124 0.01210327 -0.47024896
v -0.03899124 0.01210327 -0.47024896
v -0.03899124 0.01210327 -0.47024896
v -0.03063532 0.00524666 -0.47338589
v -0.03063532 0.00524666 -0.47338589
v -0.03063532 0.00524666 -0.47338589
v -0.02110097 0.00014938 -0.47338589
v -0.02110097 0.00014938 -0.47338589
v -0.02110097 0.00014938 -0.47338589
v -0.01991517 0.00301521 -0.47338589
v -0.01991517 0.00301521 -0.47338589
v -0.03063532 0.00524666 -0.47024896
v -0.03063532 0.00524666 -0.47024896
v -0.03063532 0.00524666 -0.47024896
v -0.03063532 0.00524666 -0.47024896
v -0.04242877 -0.01240387 -0.47025081
v -0.04242877 -0.01240387 -0.47025081
v -0.04242877 -0.01240387 -0.47025081
v -0.05400092 -0.00290456 -0.47025081
v -0.05400092 -0.00290456 -0.47025081
v -0.02110097 0.00014938 -0.47024896
v -0.02110097 0.00014938 -0.47024896
v -0.02110097 0.00014938 -0.47024896
v -0.01075703 -0.00298755 -0.47024896
v -0.01075703 -0.00298755 -0.47024896
v -0.01075703 -0.00298755 -0.47024896
v -0.01075703 -0.00298755 -0.47338589
v -0.01075703 -0.00298755 -0.47338589
v -0.01075703 -0.00298755 -0.47338589
v -0.02922453 -0.01945966 -0.47025081
v -0.02922453 -0.01945966 -0.47025081
v -0.01489903 -0.02380636 -0.47025081
v -0.01489903 -0.02380636 -0.47025081
v -0.01489903 -0.02380636 -0.47433011
v -0.01489903 -0.02380636 -0.47433011
v -0.02922453 -0.01945966 -0.47433011
v -0.02922453 -0.01945966 -0.47433011
v -0.04242877 -0.01240387 -0.47433011
v -0.04242877 -0.01240387 -0.47433011
v -0.04242692 0.11459474 -0.47433011
v -0.04242692 0.11459474 -0.47433011
v -0.02922453 0.12165237 -0.47433011
v -0.02922453 0.12165237 -0.47433011
v -0.01489719 0.12599908 -0.47025081
v -0.01489719 0.12599908 -0.47025081
v -0.01489719 0.12599908 -0.47433011
v -0.01489719 0.12599908 -0.47433011
v -0.02922453 0.12165237 -0.47025081
v -0.02922453 0.12165237 -0.47025081
v -0.04242692 0.11459474 -0.47025081
v -0.04242692 0.11459474 -0.47025081
v -0.04242692 0.11459474 -0.47025081
v -0.03063532 0.09694606 -0.47024896
v -0.03063532 0.09694606 -0.47024896
v -0.03063532 0.09694606 -0.47024896
v -0.03063532 0.09694606 -0.47024896
v -0.02110097 0.10204149 -0.47024896
v -0.02110097 0.10204149 -0.47024896
v -0.02110097 0.10204149 -0.47024896
v -0.03063532 0.09694606 -0.47338589
v -0.03063532 0.09694606 -0.47338589
v -0.03063532 0.09694606 -0.47338589
v -0.01075703 0.10518027 -0.47024896
v -0.01075703 0.10518027 -0.47024896
v -0.01075703 0.10518027 -0.47024896
v -0.02110097 0.10204149 -0.47338589
v -0.02110097 0.10204149 -0.47338589
v -0.02110097 0.10204149 -0.47338589
v -0.01075703 0.10518027 -0.47338589
v -0.01075703 0.10518027 -0.47338589
v -0.01075703 0.10518027 -0.47338589
v -0.02891286 0.09436791 -0.47338589
v -0.02891286 0.09436791 -0.47338589
v -0.01991517 0.09917750 -0.47338589
v -0.01991517 0.09917750 -0.47338589
v -0.01991517 0.09917750 -0.46936745
v -0.02891286 0.09436791 -0.46936745
v -0.01015214 0.10213923 -0.47338589
v -0.01015214 0.10213923 -0.47338589
v -0.01015214 0.10213923 -0.46936745
v 0.00000000 0.10623882 -0.47338589
v 0.00000000 0.10623882 -0.47338589
v 0.00000000 0.10623882 -0.47338589
v 0.00000000 0.10313877 -0.47338589
v 0.00000000 0.10313877 -0.47338589
v 0.01075888 0.10518027 -0.47338589
v 0.01075888 0.10518027 -0.47338589
v 0.01075888 0.10518027 -0.47338589
v 0.00000000 0.10313877 -0.46936745
v 0.01015399 0.10213923 -0.47338589
v 0.01015399 0.10213923 -0.47338589
v 0.01991701 0.09917750 -0.47338589
v 0.01991701 0.09917750 -0.47338589
v 0.01015399 0.10213923 -0.46936745
v 0.02110281 0.10204149 -0.47338589
v 0.02110281 0.10204149 -0.47338589
v 0.02110281 0.10204149 -0.47338589
v 0.03063716 0.09694606 -0.47338589
v 0.03063716 0.09694606 -0.47338589
v 0.03063716 0.09694606 -0.47338589
v 0.02110281 0.10204149 -0.47024896
v 0.02110281 0.10204149 -0.47024896
v 0.02110281 0.10204149 -0.47024896
v 0.03063716 0.09694606 -0.47024896
v 0.03063716 0.09694606 -0.47024896
v 0.03063716 0.09694606 -0.47024896
v 0.03063716 0.09694606 -0.47024896
v 0.04242877 0.11459474 -0.47025081
v 0.04242877 0.11459474 -0.47025081
v 0.04242877 0.11459474 -0.47025081
v 0.05400277 0.10509728 -0.47025081
v 0.05400277 0.10509728 -0.47025081
v 0.03899308 0.09008760 -0.47024896
v 0.03899308 0.09008760 -0.47024896
v 0.03899308 0.09008760 -0.47024896
v 0.06350023 0.09352513 -0.47025081
v 0.06350023 0.09352513 -0.47025081
v 0.06350023 0.09352513 -0.47025081
v 0.03899308 0.09008760 -0.47338589
v 0.03899308 0.09008760 -0.47338589
v 0.03899308 0.09008760 -0.47338589
v 0.04585154 0.08173167 -0.47024896
v 0.04585154 0.08173167 -0.47024896
v 0.04585154 0.08173167 -0.47024896
v 0.04585154 0.08173167 -0.47024896
v 0.07055786 0.08032089 -0.47025081
v 0.07055786 0.08032089 -0.47025081
v 0.05094698 0.07219917 -0.47024896
v 0.05094698 0.07219917 -0.47024896
v 0.05094698 0.07219917 -0.47024896
v 0.04585154 0.08173167 -0.47338589
v 0.04585154 0.08173167 -0.47338589
v 0.04585154 0.08173167 -0.47338589
v 0.05094698 0.07219917 -0.47338589
v 0.05094698 0.07219917 -0.47338589
v 0.05094698 0.07219917 -0.47338589
v 0.04327340 0.08000922 -0.47338589
v 0.04327340 0.08000922 -0.47338589
v 0.03680037 0.08789673 -0.47338589
v 0.03680037 0.08789673 -0.47338589
v 0.03680037 0.08789673 -0.46936745
v 0.02891471 0.09436791 -0.46936745
v 0.02891471 0.09436791 -0.47338589
v 0.02891471 0.09436791 -0.47338589
v 0.01991701 0.09917750 -0.46936745
v 0.01050069 0.10388197 -0.46932319
v 0.02059751 0.10082065 -0.46932319
v 0.02990134 0.09584693 -0.46932319
v 0.02059751 0.10082065 -0.46568465
v 0.01050069 0.10388197 -0.46568465
v 0.00000000 0.10491655 -0.46568465
v 0.00000000 0.10491655 -0.46932319
v -0.01049885 0.10388197 -0.46568465
v -0.02059567 0.10082065 -0.46568465
v -0.01049885 0.10388197 -0.46932319
v -0.02059567 0.10082065 -0.46932319
v -0.02989949 0.09584693 -0.46568465
v -0.02989949 0.09584693 -0.46932319
v -0.03805625 0.08915260 -0.46568465
v -0.03805625 0.08915260 -0.46932319
v -0.04474873 0.08099769 -0.46568465
v -0.03679852 0.08789673 -0.46936745
v -0.04474873 0.08099769 -0.46932319
v -0.04327155 0.08000922 -0.46936745
v -0.04972245 0.07169202 -0.46932319
v -0.04972245 0.07169202 -0.46568465
v -0.05278562 0.06159521 -0.46568465
v -0.05278562 0.06159521 -0.46932319
v -0.05382019 0.05109636 -0.46568465
v -0.05382019 0.05109636 -0.46932319
v -0.05278562 0.04059567 -0.46568465
v -0.05104288 0.06124850 -0.46936745
v -0.05104288 0.06124850 -0.47338589
v -0.05104288 0.06124850 -0.47338589
v -0.04808114 0.07101153 -0.47338589
v -0.04808114 0.07101153 -0.47338589
v -0.04808114 0.07101153 -0.46936745
v -0.04327155 0.08000922 -0.47338589
v -0.04327155 0.08000922 -0.47338589
v -0.04584970 0.08173167 -0.47338589
v -0.04584970 0.08173167 -0.47338589
v -0.04584970 0.08173167 -0.47338589
v -0.03679852 0.08789673 -0.47338589
v -0.03679852 0.08789673 -0.47338589
v -0.03899124 0.09008760 -0.47338589
v -0.03899124 0.09008760 -0.47338589
v -0.03899124 0.09008760 -0.47338589
v -0.03899124 0.09008760 -0.47024896
v -0.03899124 0.09008760 -0.47024896
v -0.03899124 0.09008760 -0.47024896
v -0.05400092 0.10509728 -0.47025081
v -0.05400092 0.10509728 -0.47025081
v -0.04584970 0.08173167 -0.47024896
v -0.04584970 0.08173167 -0.47024896
v -0.04584970 0.08173167 -0.47024896
v -0.04584970 0.08173167 -0.47024896
v -0.06349839 0.09352513 -0.47025081
v -0.06349839 0.09352513 -0.47025081
v -0.06349839 0.09352513 -0.47025081
v -0.05094514 0.07219917 -0.47024896
v -0.05094514 0.07219917 -0.47024896
v -0.05094514 0.07219917 -0.47024896
v -0.05094514 0.07219917 -0.47338589
v -0.05094514 0.07219917 -0.47338589
v -0.05094514 0.07219917 -0.47338589
v -0.05408207 0.06185339 -0.47338589
v -0.05408207 0.06185339 -0.47338589
v -0.05408207 0.06185339 -0.47338589
v -0.05408207 0.06185339 -0.47024896
v -0.05408207 0.06185339 -0.47024896
v -0.05408207 0.06185339 -0.47024896
v -0.05514246 0.05109636 -0.47024896
v -0.05514246 0.05109636 -0.47024896
v -0.05514246 0.05109636 -0.47024896
v -0.07490088 0.06599539 -0.47025081
v -0.07490088 0.06599539 -0.47025081
v -0.07055602 0.08032089 -0.47025081
v -0.07055602 0.08032089 -0.47025081
v -0.07490088 0.06599539 -0.47433011
v -0.07490088 0.06599539 -0.47433011
v -0.07055602 0.08032089 -0.47433011
v -0.07055602 0.08032089 -0.47433011
v -0.06349839 0.09352513 -0.47433011
v -0.06349839 0.09352513 -0.47433011
v -0.07055602 0.02186999 -0.47433011
v -0.07055602 0.02186999 -0.47433011
v -0.06349839 0.00866759 -0.47433011
v -0.06349839 0.00866759 -0.47433011
v -0.05400092 -0.00290456 -0.47433011
v -0.05400092 -0.00290456 -0.47433011
v -0.06349839 0.00866759 -0.47025081
v -0.06349839 0.00866759 -0.47025081
v -0.06349839 0.00866759 -0.47025081
v -0.07055602 0.02186999 -0.47025081
v -0.07055602 0.02186999 -0.47025081
v -0.07490088 0.03619733 -0.47025081
v -0.07490088 0.03619733 -0.47025081
v -0.05094514 0.02999355 -0.47024896
v -0.05094514 0.02999355 -0.47024896
v -0.05094514 0.02999355 -0.47024896
v -0.05408207 0.04033748 -0.47024896
v -0.05408207 0.04033748 -0.47024896
v -0.05408207 0.04033748 -0.47024896
v -0.07636883 0.05109636 -0.47025081
v -0.07636883 0.05109636 -0.47025081
v -0.07490088 0.03619733 -0.47433011
v -0.07490088 0.03619733 -0.47433011
v -0.07636883 0.05109636 -0.47433011
v -0.07636883 0.05109636 -0.47433011
v -0.05400092 0.10509728 -0.47433011
v -0.05400092 0.10509728 -0.47433011
v 0.02990134 0.09584693 -0.46568465
v 0.03805809 0.08915260 -0.46932319
v 0.03805809 0.08915260 -0.46568465
v 0.04475058 0.08099769 -0.46568465
v 0.04475058 0.08099769 -0.46932319
v 0.04808299 0.07101153 -0.46936745
v 0.04972430 0.07169202 -0.46932319
v 0.04327340 0.08000922 -0.46936745
v 0.04808299 0.07101153 -0.47338589
v 0.04808299 0.07101153 -0.47338589
v 0.05408391 0.06185339 -0.47338589
v 0.05408391 0.06185339 -0.47338589
v 0.05408391 0.06185339 -0.47338589
v 0.05104472 0.06124850 -0.47338589
v 0.05104472 0.06124850 -0.47338589
v 0.05204426 0.05109636 -0.47338589
v 0.05204426 0.05109636 -0.47338589
v 0.05104472 0.06124850 -0.46936745
v 0.05514431 0.05109636 -0.47338589
v 0.05514431 0.05109636 -0.47338589
v 0.05514431 0.05109636 -0.47338589
v 0.05408391 0.04033748 -0.47338589
v 0.05408391 0.04033748 -0.47338589
v 0.05408391 0.04033748 -0.47338589
v 0.05514431 0.05109636 -0.47024896
v 0.05514431 0.05109636 -0.47024896
v 0.05514431 0.05109636 -0.47024896
v 0.05408391 0.04033748 -0.47024896
v 0.05408391 0.04033748 -0.47024896
v 0.05408391 0.04033748 -0.47024896
v 0.05094698 0.02999355 -0.47024896
v 0.05094698 0.02999355 -0.47024896
v 0.05094698 0.02999355 -0.47024896
v 0.07490272 0.03619733 -0.47025081
v 0.07490272 0.03619733 -0.47025081
v 0.07055786 0.02186999 -0.47025081
v 0.07055786 0.02186999 -0.47025081
v 0.07490272 0.03619733 -0.47433011
v 0.07490272 0.03619733 -0.47433011
v 0.07055786 0.02186999 -0.47433011
v 0.07055786 0.02186999 -0.47433011
v 0.06350023 0.00866759 -0.47025081
v 0.06350023 0.00866759 -0.47025081
v 0.06350023 0.00866759 -0.47025081
v 0.06350023 0.00866759 -0.47433011
v 0.06350023 0.00866759 -0.47433011
v 0.05400277 -0.00290641 -0.47025081
v 0.05400277 -0.00290641 -0.47025081
v 0.04585154 0.02045920 -0.47024896
v 0.04585154 0.02045920 -0.47024896
v 0.04585154 0.02045920 -0.47024896
v 0.04585154 0.02045920 -0.47024896
v 0.05094698 0.02999355 -0.47338589
v 0.05094698 0.02999355 -0.47338589
v 0.05094698 0.02999355 -0.47338589
v 0.04585154 0.02045920 -0.47338589
v 0.04585154 0.02045920 -0.47338589
v 0.04585154 0.02045920 -0.47338589
v 0.03899308 0.01210327 -0.47024896
v 0.03899308 0.01210327 -0.47024896
v 0.03899308 0.01210327 -0.47024896
v 0.04242877 -0.01240387 -0.47025081
v 0.04242877 -0.01240387 -0.47025081
v 0.04242877 -0.01240387 -0.47025081
v 0.03063716 0.00524666 -0.47024896
v 0.03063716 0.00524666 -0.47024896
v 0.03063716 0.00524666 -0.47024896
v 0.03063716 0.00524666 -0.47024896
v 0.03899308 0.01210327 -0.47338589
v 0.03899308 0.01210327 -0.47338589
v 0.03899308 0.01210327 -0.47338589
v 0.04327340 0.02218165 -0.47338589
v 0.04327340 0.02218165 -0.47338589
v 0.03680037 0.01429599 -0.47338589
v 0.03680037 0.01429599 -0.47338589
v 0.03063716 0.00524666 -0.47338589
v 0.03063716 0.00524666 -0.47338589
v 0.03063716 0.00524666 -0.47338589
v 0.02110281 0.00014938 -0.47024896
v 0.02110281 0.00014938 -0.47024896
v 0.02110281 0.00014938 -0.47024896
v 0.02110281 0.00014938 -0.47338589
v 0.02110281 0.00014938 -0.47338589
v 0.02110281 0.00014938 -0.47338589
v 0.02891471 0.00782296 -0.47338589
v 0.02891471 0.00782296 -0.47338589
v 0.02891471 0.00782296 -0.46936745
v 0.03680037 0.01429599 -0.46936745
v 0.01991701 0.00301337 -0.47338589
v 0.01991701 0.00301337 -0.47338589
v 0.01075888 -0.00298755 -0.47338589
v 0.01075888 -0.00298755 -0.47338589
v 0.01075888 -0.00298755 -0.47338589
v 0.01015399 0.00005348 -0.47338589
v 0.01015399 0.00005348 -0.47338589
v 0.01991701 0.00301337 -0.46936745
v 0.01015399 0.00005348 -0.46936745
v 0.02059751 0.00137206 -0.46932319
v 0.02990134 0.00634578 -0.46932319
v 0.03805809 0.01303827 -0.46932319
v 0.02990134 0.00634578 -0.46568465
v 0.03805809 0.01303827 -0.46568465
v 0.04475058 0.02119502 -0.46568465
v 0.04475058 0.02119502 -0.46932319
v 0.04972430 0.03049885 -0.46568465
v 0.04972430 0.03049885 -0.46932319
v 0.05278746 0.04059567 -0.46568465
v 0.05278746 0.04059567 -0.46932319
v 0.05382204 0.05109636 -0.46568465
v 0.05278746 0.06159521 -0.46568465
v 0.05382204 0.05109636 -0.46932319
v 0.05278746 0.06159521 -0.46932319
v 0.05204426 0.05109636 -0.46936745
v 0.05104472 0.04094237 -0.46936745
v 0.04808299 0.03117935 -0.47338589
v 0.04808299 0.03117935 -0.47338589
v 0.05104472 0.04094237 -0.47338589
v 0.05104472 0.04094237 -0.47338589
v 0.04808299 0.03117935 -0.46936745
v 0.04327340 0.02218165 -0.46936745
v 0.04972430 0.07169202 -0.46568465
v 0.02059751 0.00137206 -0.46568465
v 0.01050069 -0.00169110 -0.46568465
v 0.01050069 -0.00169110 -0.46932319
v 0.00000000 -0.00094790 -0.46936745
v 0.00000000 -0.00272384 -0.46932319
v 0.00000000 -0.00272384 -0.46568465
v -0.01015214 0.00005348 -0.46936745
v -0.01049885 -0.00169110 -0.46932319
v -0.01049885 -0.00169110 -0.46568465
v -0.01015214 0.00005348 -0.47338589
v -0.01015214 0.00005348 -0.47338589
v 0.00000000 -0.00094790 -0.47338589
v 0.00000000 -0.00094790 -0.47338589
v 0.00000000 -0.00404795 -0.47338589
v 0.00000000 -0.00404795 -0.47338589
v 0.00000000 -0.00404795 -0.47338589
v 0.00000000 -0.00404795 -0.47024896
v 0.00000000 -0.00404795 -0.47024896
v 0.00000000 -0.00404795 -0.47024896
v 0.01075888 -0.00298755 -0.47024896
v 0.01075888 -0.00298755 -0.47024896
v 0.01075888 -0.00298755 -0.47024896
v 0.00000000 -0.02527432 -0.47025081
v 0.00000000 -0.02527432 -0.47025081
v 0.01489903 -0.02380636 -0.47025081
v 0.01489903 -0.02380636 -0.47025081
v 0.01489903 -0.02380636 -0.47433011
v 0.01489903 -0.02380636 -0.47433011
v 0.00000000 -0.02527432 -0.47433011
v 0.00000000 -0.02527432 -0.47433011
v 0.00000000 0.12746519 -0.47433011
v 0.00000000 0.12746519 -0.47433011
v 0.00000000 0.12746519 -0.47025081
v 0.00000000 0.12746519 -0.47025081
v 0.01489903 0.12599908 -0.47025081
v 0.01489903 0.12599908 -0.47025081
v 0.01489903 0.12599908 -0.47433011
v 0.01489903 0.12599908 -0.47433011
v 0.02922637 0.12165237 -0.47025081
v 0.02922637 0.12165237 -0.47025081
v 0.02922637 0.12165237 -0.47433011
v 0.02922637 0.12165237 -0.47433011
v 0.02922637 -0.01945966 -0.47433011
v 0.02922637 -0.01945966 -0.47433011
v 0.04242877 -0.01240387 -0.47433011
v 0.04242877 -0.01240387 -0.47433011
v 0.02922637 -0.01945966 -0.47025081
v 0.02922637 -0.01945966 -0.47025081
v 0.04242877 0.11459474 -0.47433011
v 0.04242877 0.11459474 -0.47433011
v 0.05400277 -0.00290641 -0.47433011
v 0.05400277 -0.00290641 -0.47433011
v 0.05400277 0.10509728 -0.47433011
v 0.05400277 0.10509728 -0.47433011
v 0.06350023 0.09352513 -0.47433011
v 0.06350023 0.09352513 -0.47433011
v 0.07055786 0.08032089 -0.47433011
v 0.07055786 0.08032089 -0.47433011
v 0.07490272 0.06599539 -0.47025081
v 0.07490272 0.06599539 -0.47025081
v 0.07490272 0.06599539 -0.47433011
v 0.07490272 0.06599539 -0.47433011
v 0.07637068 0.05109636 -0.47025081
v 0.07637068 0.05109636 -0.47025081
v 0.07637068 0.05109636 -0.47433011
v 0.07637068 0.05109636 -0.47433011
v 0.05408391 0.06185339 -0.47024896
v 0.05408391 0.06185339 -0.47024896
v 0.05408391 0.06185339 -0.47024896
v 0.01075888 0.10518027 -0.47024896
v 0.01075888 0.10518027 -0.47024896
v 0.01075888 0.10518027 -0.47024896
v 0.00000000 0.10623882 -0.47024896
v 0.00000000 0.10623882 -0.47024896
v 0.00000000 0.10623882 -0.47024896
v 0.07782573 0.33956293 -0.04444905
v 0.07699032 0.34607653 -0.04096727
v 0.07699032 0.33956293 -0.04444905
v 0.07782573 0.34607653 -0.04096727
v 0.07878101 0.33885846 -0.04274873
v 0.07878101 0.33213647 -0.04478838
v 0.07782573 0.33249424 -0.04659382
v 0.07782573 0.32514523 -0.04731674
v 0.07878101 0.32514523 -0.04547626
v 0.07699032 0.33249424 -0.04659382
v 0.07699032 0.32514523 -0.04731674
v 0.02350392 0.33956293 -0.04444905
v 0.02350392 0.33249424 -0.04659382
v 0.02350392 0.32514523 -0.04731674
v 0.07699032 0.31779438 -0.04659382
v 0.02350392 0.31779438 -0.04659382
v 0.07699032 0.31072752 -0.04444905
v 0.02350392 0.31072752 -0.04444905
v 0.02350392 0.30421392 -0.04096727
v 0.07699032 0.30421392 -0.04096727
v 0.07782573 0.30421392 -0.04096727
v 0.07782573 0.29850438 -0.03628308
v 0.07699032 0.29850438 -0.03628308
v 0.07782573 0.29382019 -0.03057354
v 0.02350392 0.29850438 -0.03628308
v 0.07699032 0.29382019 -0.03057354
v 0.02350207 0.29382019 -0.03057354
v 0.07699032 0.29033840 -0.02405994
v 0.07782573 0.29033840 -0.02405994
v 0.07878101 0.29203873 -0.02335546
v 0.07878101 0.28999908 -0.01663347
v 0.07782573 0.28819364 -0.01699308
v 0.07782573 0.28747072 -0.00964223
v 0.07878101 0.28931120 -0.00964223
v 0.07699032 0.28819364 -0.01699308
v 0.07699032 0.28747072 -0.00964223
v 0.02350207 0.29033840 -0.02405994
v 0.02350207 0.28819364 -0.01699308
v 0.02350207 0.28747072 -0.00964223
v 0.07699032 0.28819364 -0.00229138
v 0.02350207 0.28819364 -0.00229322
v 0.07699032 0.29033840 0.00477547
v 0.02350207 0.29033840 0.00477547
v 0.07699032 0.29382019 0.01128907
v 0.02350207 0.29382019 0.01128907
v 0.07699032 0.29850438 0.01699862
v 0.02350207 0.29850438 0.01699862
v 0.07699032 0.30421392 0.02168280
v 0.02350207 0.30421392 0.02168280
v 0.07699032 0.31072752 0.02516459
v 0.02350207 0.31072752 0.02516459
v 0.07699032 0.31779438 0.02730936
v 0.02350207 0.31779438 0.02730936
v 0.02350392 0.32514523 0.02803227
v 0.07699032 0.32514523 0.02803227
v 0.07782573 0.32514523 0.02803227
v 0.07699032 0.33249608 0.02730936
v 0.07782573 0.33249608 0.02730936
v 0.07878101 0.33885846 0.02346427
v 0.07782573 0.33956293 0.02516459
v 0.07878101 0.33213647 0.02550392
v 0.07976210 0.33213647 0.02550392
v 0.07976210 0.33885846 0.02346427
v 0.07878101 0.32514523 0.02619179
v 0.07782573 0.31779438 0.02730936
v 0.07878101 0.31815399 0.02550392
v 0.07976210 0.32514523 0.02619179
v 0.07976210 0.31815399 0.02550392
v 0.08099032 0.33249608 0.02730936
v 0.08099032 0.32514523 0.02803227
v 0.08099032 0.31779438 0.02730936
v 0.08162102 0.32514523 0.02803227
v 0.08162102 0.33206639 0.02734993
v 0.08162102 0.33249608 0.02730936
v 0.08162102 0.33914984 0.02529000
v 0.08162102 0.33956293 0.02516459
v 0.08099032 0.33956293 0.02516459
v 0.08162102 0.34569663 0.02188566
v 0.08162102 0.34607653 0.02168280
v 0.08099032 0.34607653 0.02168280
v 0.08162102 0.35145228 0.01727155
v 0.08162102 0.35178608 0.01699862
v 0.08162102 0.35619733 0.01162102
v 0.08099032 0.35178608 0.01699862
v 0.07976210 0.34505302 0.02015214
v 0.07976210 0.35048409 0.01569663
v 0.08099032 0.35647026 0.01128907
v 0.07976210 0.35493960 0.01026556
v 0.08099032 0.35995205 0.00477547
v 0.08162102 0.35647026 0.01128907
v 0.08162102 0.35974919 0.00515537
v 0.08162102 0.35995205 0.00477547
v 0.08162102 0.36197142 -0.00188013
v 0.08162102 0.36209682 -0.00229322
v 0.08099032 0.36209682 -0.00229322
v 0.08162102 0.36277732 -0.00921438
v 0.08162102 0.36281973 -0.00964223
v 0.08162102 0.36281973 -0.00964223
v 0.08162102 0.36213739 -0.01656339
v 0.08099032 0.36281973 -0.00964223
v 0.08099032 0.36281973 -0.00964223
v 0.08099032 0.36209682 -0.01699308
v 0.07976210 0.36097925 -0.00964223
v 0.07976210 0.36097925 -0.00964223
v 0.07976210 0.36029138 -0.00265099
v 0.07976210 0.35825173 0.00407100
v 0.07878101 0.35825173 0.00407100
v 0.07878101 0.36029138 -0.00265099
v 0.07878101 0.36097925 -0.00964223
v 0.07878101 0.36097925 -0.00964223
v 0.07782573 0.35995205 0.00477547
v 0.07782573 0.36209682 -0.00229322
v 0.07699032 0.36209682 -0.00229322
v 0.07699032 0.35995205 0.00477547
v 0.07782573 0.36281973 -0.00964223
v 0.07782573 0.36281973 -0.00964223
v 0.07782573 0.36209682 -0.01699308
v 0.07878101 0.36029138 -0.01663347
v 0.07699032 0.36281973 -0.00964223
v 0.07699032 0.36281973 -0.00964223
v 0.02350392 0.36209682 -0.00229322
v 0.07699032 0.36209682 -0.01699308
v 0.02350392 0.36281973 -0.00964223
v 0.02350392 0.36281973 -0.00964223
v 0.02350392 0.36209682 -0.01699308
v 0.07699032 0.35995205 -0.02405994
v 0.02350392 0.35995205 -0.02405994
v 0.07699032 0.35647026 -0.03057354
v 0.02350392 0.35647026 -0.03057354
v 0.07699032 0.35178608 -0.03628308
v 0.02350392 0.35178608 -0.03628308
v 0.02350392 0.34607653 -0.04096727
v 0.07782573 0.35178608 -0.03628308
v 0.07878101 0.34505302 -0.03943661
v 0.07878101 0.35048409 -0.03498110
v 0.07782573 0.35647026 -0.03057354
v 0.07878101 0.35493960 -0.02955002
v 0.07782573 0.35995205 -0.02405994
v 0.07878101 0.35825173 -0.02335546
v 0.07976210 0.35825173 -0.02335546
v 0.07976210 0.35493960 -0.02955002
v 0.08099032 0.35178608 -0.03628308
v 0.08099032 0.35647026 -0.03057354
v 0.07976210 0.35048409 -0.03498110
v 0.08099032 0.34607653 -0.04096727
v 0.07976210 0.34505302 -0.03943661
v 0.08099032 0.33956293 -0.04444905
v 0.07976210 0.33885846 -0.04274873
v 0.07976210 0.33213647 -0.04478838
v 0.08099032 0.33249424 -0.04659382
v 0.08099032 0.32514523 -0.04731674
v 0.08162102 0.33249424 -0.04659382
v 0.08162102 0.32557492 -0.04727432
v 0.08162102 0.32514523 -0.04731674
v 0.08162102 0.31822407 -0.04663624
v 0.08162102 0.31779438 -0.04659382
v 0.08162102 0.31114062 -0.04457446
v 0.08099032 0.31779438 -0.04659382
v 0.08099032 0.31072752 -0.04444905
v 0.07976210 0.32514523 -0.04547626
v 0.07976210 0.31815399 -0.04478838
v 0.07878101 0.31815399 -0.04478838
v 0.07976210 0.31143200 -0.04274873
v 0.07878101 0.31143200 -0.04274873
v 0.08099032 0.30421392 -0.04096727
v 0.07976210 0.30523744 -0.03943661
v 0.07878101 0.30523744 -0.03943661
v 0.07976210 0.29980636 -0.03498110
v 0.08099032 0.29850438 -0.03628308
v 0.08162102 0.29409313 -0.03090549
v 0.08162102 0.29850438 -0.03628308
v 0.08099032 0.29382019 -0.03057354
v 0.08099032 0.29033840 -0.02405994
v 0.07976210 0.29535085 -0.02955002
v 0.08162102 0.29054126 -0.02443983
v 0.08162102 0.29382019 -0.03057354
v 0.08162102 0.29033840 -0.02405994
v 0.08162102 0.28831904 -0.01740433
v 0.08162102 0.28819364 -0.01699308
v 0.08162102 0.28751314 -0.01007008
v 0.08099032 0.28819364 -0.01699308
v 0.07976210 0.29203873 -0.02335546
v 0.07976210 0.28999908 -0.01663347
v 0.08099032 0.28747072 -0.00964223
v 0.07976210 0.28931120 -0.00964223
v 0.08099032 0.28819364 -0.00229138
v 0.08162102 0.28815122 -0.00272107
v 0.08162102 0.28747072 -0.00964223
v 0.08162102 0.28819364 -0.00229138
v 0.08162102 0.29021300 0.00436238
v 0.08162102 0.29033840 0.00477547
v 0.08162102 0.29361734 0.01090917
v 0.08099032 0.29033840 0.00477547
v 0.07976210 0.28999908 -0.00265099
v 0.07976210 0.29203873 0.00407100
v 0.08099032 0.29382019 0.01128907
v 0.07976210 0.29535085 0.01026556
v 0.08099032 0.29850438 0.01699862
v 0.08162102 0.29823144 0.01666482
v 0.08162102 0.29382019 0.01128907
v 0.08162102 0.29850438 0.01699862
v 0.08162102 0.30388197 0.02140987
v 0.08162102 0.30421392 0.02168280
v 0.08099032 0.30421392 0.02168280
v 0.08162102 0.31034763 0.02496173
v 0.08162102 0.31072752 0.02516459
v 0.08162102 0.31738313 0.02718396
v 0.08099032 0.31072752 0.02516459
v 0.07976210 0.31143200 0.02346427
v 0.07976210 0.30523744 0.02015214
v 0.07976210 0.29980636 0.01569663
v 0.07878101 0.30523744 0.02015214
v 0.07878101 0.29980636 0.01569663
v 0.07782573 0.29382019 0.01128907
v 0.07878101 0.29535085 0.01026556
v 0.07782573 0.29850438 0.01699862
v 0.07782573 0.30421392 0.02168280
v 0.07782573 0.31072752 0.02516459
v 0.07878101 0.31143200 0.02346427
v 0.07782573 0.29033840 0.00477547
v 0.07878101 0.29203873 0.00407100
v 0.07782573 0.28819364 -0.00229138
v 0.07878101 0.28999908 -0.00265099
v 0.08162102 0.31779438 0.02730936
v 0.08162102 0.32471738 0.02798986
v 0.07878101 0.29535085 -0.02955002
v 0.07878101 0.29980636 -0.03498110
v 0.08162102 0.29883817 -0.03655602
v 0.08162102 0.30421392 -0.04096727
v 0.08162102 0.30459382 -0.04117012
v 0.08162102 0.31072752 -0.04444905
v 0.07782573 0.31072752 -0.04444905
v 0.07782573 0.31779438 -0.04659382
v 0.08162102 0.33290733 -0.04646842
v 0.08162102 0.33956293 -0.04444905
v 0.08162102 0.33994283 -0.04424620
v 0.08162102 0.34607653 -0.04096727
v 0.08162102 0.34640848 -0.04069433
v 0.08162102 0.35178608 -0.03628308
v 0.08162102 0.35205901 -0.03594929
v 0.08162102 0.35647026 -0.03057354
v 0.08162102 0.35667312 -0.03019364
v 0.08162102 0.35995205 -0.02405994
v 0.08099032 0.35995205 -0.02405994
v 0.07976210 0.36029138 -0.01663347
v 0.08162102 0.36007746 -0.02364684
v 0.08162102 0.36209682 -0.01699308
v 0.02350392 0.35995205 0.00477547
v 0.02350392 0.35647026 0.01128907
v 0.07699032 0.35647026 0.01128907
v 0.02350392 0.35178608 0.01699862
v 0.02350392 0.34607653 0.02168280
v 0.07699032 0.35178608 0.01699862
v 0.07699032 0.34607653 0.02168280
v 0.07782573 0.35647026 0.01128907
v 0.07782573 0.35178608 0.01699862
v 0.07878101 0.35048409 0.01569663
v 0.07878101 0.35493960 0.01026556
v 0.07782573 0.34607653 0.02168280
v 0.07699032 0.33956293 0.02516459
v 0.07878101 0.34505302 0.02015214
v 0.02350392 0.33956293 0.02516459
v 0.02350392 0.33249608 0.02730936
vn -0.02800076 -0.99942730 0.01900052
vn -0.03409857 -0.99925818 0.01789925
vn 0.00000000 -1.00000000 0.00000000
vn -0.01789961 -0.99977818 0.01109976
vn -0.16670798 -0.97884684 0.11860568
vn -0.28419214 -0.93887402 0.19429462
vn -0.37549061 -0.90527735 0.19869503
vn -0.43502692 -0.87695426 0.20421264
vn -0.63517202 -0.64507159 0.42478129
vn -0.74254663 -0.54243406 0.39292467
vn -0.81094519 -0.22468481 0.54026348
vn -0.86951152 -0.17830236 0.46060610
vn -0.85208201 -0.33339296 0.40349148
vn -0.85151053 0.19900246 0.48510600
vn -0.82104423 0.03900210 0.56953068
vn -0.88326162 -0.00089996 0.46887963
vn -0.74959642 -0.31469850 0.58229722
vn -0.83231068 -0.33130425 0.44440570
vn -0.21590856 -0.96193816 0.16750664
vn -0.21590856 -0.96193816 0.16750664
vn -0.63290541 -0.26680228 0.72680622
vn -0.61149112 0.61399108 0.49909275
vn -0.47280245 -0.84900439 0.23590122
vn -0.47280245 -0.84900439 0.23590122
vn -0.52408816 -0.84408093 0.11339744
vn -0.52408816 -0.84408093 0.11339744
vn -0.03059888 -0.99756339 0.06269770
vn -0.01749963 -0.99877896 0.04619903
vn -0.01430016 -0.99881124 0.04660052
vn 0.04119863 -0.98556726 -0.16419455
vn 0.04119863 -0.98556726 -0.16419455
vn 0.07249737 -0.98556422 -0.15299445
vn 0.07249737 -0.98556422 -0.15299445
vn 0.10099610 -0.98556197 -0.13589476
vn 0.10099610 -0.98556197 -0.13589476
vn 0.48619855 -0.64239809 -0.59239823
vn 0.59239823 -0.64239809 -0.48619855
vn 0.67908202 -0.47778735 -0.55728525
vn 0.55728525 -0.47778735 -0.67908202
vn 0.67588099 -0.64238193 -0.36128984
vn 0.77476642 -0.47777929 -0.41408205
vn 0.73337816 -0.64238087 -0.22249337
vn 0.12549607 -0.98556917 -0.11359645
vn 0.12549607 -0.98556917 -0.11359645
vn 0.14529484 -0.98556498 -0.08689691
vn 0.14529484 -0.98556498 -0.08689691
vn -0.05779758 -0.99735831 0.04399816
vn -0.04789829 -0.99736438 0.05449805
vn -0.53617832 -0.84406588 0.00809967
vn -0.53617832 -0.84406588 0.00809967
vn -0.93877217 -0.33189016 0.09249726
vn -0.90270391 -0.33190144 0.27380119
vn -0.52739830 -0.84409727 -0.09669969
vn -0.52739830 -0.84409727 -0.09669969
vn -0.49847698 -0.84406103 -0.19769087
vn -0.49847698 -0.84406103 -0.19769087
vn -0.06529711 -0.99735589 0.03189859
vn -0.93877217 -0.33189016 -0.09249726
vn -0.99518414 -0.00219996 -0.09799844
vn -0.90270391 -0.33190144 -0.27380119
vn -0.95693036 -0.00220007 -0.29030921
vn -0.88302897 -0.00170006 -0.46931540
vn -0.86940426 -0.17780087 -0.46100226
vn -0.94238087 -0.17389647 -0.28579420
vn -0.80951239 -0.53330816 -0.24550376
vn -0.98002281 -0.17390405 -0.09650225
vn -0.74292402 -0.54141751 -0.39361273
vn -0.63982439 -0.63272412 -0.43621663
vn -0.37610454 -0.90491092 -0.19920240
vn -0.28849066 -0.93646968 -0.19949354
vn -0.17240592 -0.97693352 -0.12600432
vn -0.02810069 -0.99942450 -0.01900047
vn -0.03389875 -0.99926318 -0.01799934
vn -0.01789963 -0.99977928 -0.01099977
vn -0.00880041 -0.99994615 -0.00550025
vn -0.00170008 -0.99994550 -0.01030047
vn -0.06620148 -0.99622226 -0.05620126
vn -0.45498452 -0.85907077 -0.23449202
vn -0.11479809 -0.98948353 -0.08799854
vn -0.02660051 -0.99621928 -0.08270160
vn -0.05040176 -0.97693418 -0.20750726
vn -0.03729915 -0.98947745 -0.13979681
vn -0.04260000 -0.85900009 -0.51020005
vn -0.01379981 -0.99218647 -0.12399831
vn -0.10919948 -0.99219528 -0.06019971
vn -0.31741386 -0.94424124 0.08750382
vn -0.34138558 -0.93946033 -0.02949875
vn -0.10470404 -0.99373837 -0.03900151
vn 0.00529979 -0.99276033 -0.11999520
vn 0.00389983 -0.99375732 -0.11149521
vn -0.11330117 -0.99271023 -0.04110042
vn -0.32359394 -0.94068239 0.10199809
vn -0.33700905 -0.93852520 0.07480201
vn -0.13560545 -0.98883971 -0.06170248
vn -0.34650351 -0.93750950 0.03180032
vn -0.20819264 -0.97276562 -0.10189640
vn -0.00530012 -0.98882248 -0.14900339
vn -0.01440073 -0.97274931 -0.23141173
vn 0.21800125 -0.94070541 -0.25990149
vn 0.19800935 -0.93854433 -0.28271335
vn 0.16190645 -0.93753738 -0.30791228
vn 0.68980685 -0.48280480 -0.53950536
vn 0.64259425 -0.48679565 -0.59169471
vn 0.70809286 0.34159656 -0.61799377
vn 0.43818507 -0.51148258 -0.73917482
vn 0.55941583 0.22970650 -0.79642254
vn -0.13259391 -0.48667764 -0.86346032
vn -0.04840012 0.54490137 -0.83710210
vn -0.75486678 0.54487602 -0.36508393
vn 0.23210462 0.87661744 -0.42150838
vn -0.47869051 0.87638263 0.05299895
vn -0.35109164 0.90587843 0.23689436
vn -0.84198134 0.34159243 0.41759075
vn -0.78057883 0.35899026 0.51168612
vn -0.94987221 0.22969328 0.21209380
vn -0.74696456 -0.48667691 -0.45297851
vn -0.85058443 -0.51149064 0.12199777
vn -0.79249475 -0.48679677 0.36739757
vn -0.76242750 -0.48271741 0.43091554
vn -0.77802464 -0.49211559 0.39051237
vn -0.79812416 0.35811084 0.48451466
vn -0.87439436 -0.48519687 -0.00429997
vn -0.95607608 0.29309267 0.00389990
vn -0.83387237 0.17439422 -0.52368265
vn -0.84011402 -0.30940516 -0.44550744
vn -0.32718923 0.90937008 0.25689155
vn -0.49489656 0.86329400 -0.09899931
vn -0.62599496 0.54609560 -0.55669552
vn 0.09790023 0.86330202 -0.49510116
vn 0.36258870 0.90937166 -0.20389365
vn 0.35318808 0.90586943 -0.23379211
vn 0.75307723 0.35818917 -0.55188332
vn 0.65850475 -0.49220355 -0.56930410
vn 0.77143382 0.35891573 -0.52542303
vn 0.33081458 -0.48482137 -0.80963569
vn 0.36958466 0.29308784 -0.88176340
vn -0.09009607 -0.30938650 -0.94665870
vn -0.16470049 0.17440052 -0.97080287
vn -0.27470010 0.54610020 -0.79140029
vn -0.42230947 -0.34960784 -0.83631876
vn -0.60441712 -0.33840958 -0.72122043
vn -0.14400453 -0.97303063 -0.18020567
vn -0.14400453 -0.97303063 -0.18020567
vn -0.44380396 -0.82570736 -0.34820310
vn -0.44380396 -0.82570736 -0.34820310
vn -0.73488962 -0.30999562 -0.60319148
vn -0.38440104 -0.84410227 -0.37380101
vn -0.38440104 -0.84410227 -0.37380101
vn -0.83217759 -0.33099109 -0.44488802
vn -0.81532148 0.03390089 -0.57801523
vn -0.80669846 -0.21669959 -0.54979895
vn -0.45028371 -0.84406947 -0.29118947
vn -0.45028371 -0.84406947 -0.29118947
vn -0.07249698 -0.99735848 0.00449981
vn -0.07029680 -0.99735457 0.01849916
vn 0.16749383 -0.98556368 -0.02469909
vn 0.16749383 -0.98556368 -0.02469909
vn 0.15939575 -0.98557372 -0.05689848
vn 0.15939575 -0.98557372 -0.05689848
vn 0.76268892 -0.64239067 0.07509891
vn 0.76268892 -0.64239067 -0.07509891
vn 0.84066035 -0.47777747 -0.25498797
vn 0.87425343 -0.47777455 -0.08609541
vn 0.33689285 -0.93598013 -0.10219783
vn 0.35038837 -0.93596892 -0.03449885
vn 0.87425343 -0.47777455 0.08609541
vn 0.84066035 -0.47777747 0.25498797
vn 0.35038837 -0.93596892 0.03449885
vn 0.73337816 -0.64238087 0.22249337
vn 0.67588099 -0.64238193 0.36128984
vn 0.16909371 -0.98556333 0.00849968
vn 0.16909371 -0.98556333 0.00849968
vn 0.14599709 -0.98838031 0.04229916
vn 0.14599709 -0.98838031 0.04229916
vn -0.07179792 -0.99737106 -0.00979972
vn -0.07379967 -0.99589551 -0.05239976
vn -0.04380076 -0.99761741 -0.05330093
vn -0.04109864 -0.99716707 -0.06299792
vn -0.16870002 -0.96870010 -0.18210002
vn -0.16870002 -0.96870010 -0.18210002
vn 0.03729837 -0.99665641 0.07269682
vn 0.03729837 -0.99665641 0.07269682
vn 0.17839870 -0.98019284 0.08599937
vn 0.17839870 -0.98019284 0.08599937
vn 0.48619855 -0.64239809 0.59239823
vn 0.59239823 -0.64239809 0.48619855
vn 0.77476642 -0.47777929 0.41408205
vn 0.67908202 -0.47778735 0.55728525
vn 0.27210037 -0.93600126 0.22330030
vn 0.55728525 -0.47778735 0.67908202
vn 0.31049034 -0.93597087 0.16599483
vn -0.21308942 -0.96125227 -0.17489132
vn -0.24309158 -0.96126669 -0.12989550
vn 0.33689285 -0.93598013 0.10219783
vn -0.26378838 -0.96125764 -0.07999648
vn -0.27429079 -0.96126771 -0.02699909
vn -0.69089980 -0.69189980 -0.20959994
vn -0.71850701 -0.69190675 -0.07080069
vn -0.94811309 -0.30390420 -0.09340129
vn -0.94811309 -0.30390420 0.09340129
vn -0.71850701 -0.69190675 0.07080069
vn -0.91167281 -0.30389094 0.27659175
vn -0.69089980 -0.69189980 0.20959994
vn -0.27429079 -0.96126771 0.02699909
vn -0.26378838 -0.96125764 0.07999648
vn 0.31049034 -0.93597087 -0.16599483
vn -0.24309158 -0.96126669 0.12989550
vn -0.63672656 -0.69192886 0.34031419
vn -0.73646803 -0.30388681 0.60437376
vn -0.55810971 -0.69191203 0.45800796
vn -0.84020754 -0.30390273 0.44910403
vn -0.87573691 -0.11810498 0.46811973
vn -0.76757798 -0.11809661 0.62998193
vn -0.62998193 -0.11809661 0.76757798
vn -0.60441827 -0.30390919 0.73642227
vn -0.46811973 -0.11810498 0.87573691
vn -0.28830799 -0.11810328 0.95022635
vn -0.44910403 -0.30390273 0.84020754
vn -0.45800796 -0.69191203 0.55810971
vn -0.34031419 -0.69192886 0.63672656
vn -0.27659175 -0.30389094 0.91167281
vn -0.20959994 -0.69189980 0.69089980
vn -0.09730223 -0.11810271 0.98822266
vn -0.09340129 -0.30390420 0.94811309
vn -0.07080069 -0.69190675 0.71850701
vn 0.09730223 -0.11810271 0.98822266
vn 0.09340129 -0.30390420 0.94811309
vn 0.07080069 -0.69190675 0.71850701
vn 0.28830799 -0.11810328 0.95022635
vn 0.27659175 -0.30389094 0.91167281
vn 0.20959994 -0.69189980 0.69089980
vn 0.46811973 -0.11810498 0.87573691
vn 0.44910403 -0.30390273 0.84020754
vn 0.34031419 -0.69192886 0.63672656
vn 0.62998193 -0.11809661 0.76757798
vn 0.60441827 -0.30390919 0.73642227
vn 0.45800796 -0.69191203 0.55810971
vn 0.76757798 -0.11809661 0.62998193
vn 0.73642227 -0.30390919 0.60441827
vn 0.55810971 -0.69191203 0.45800796
vn 0.87573691 -0.11810498 0.46811973
vn 0.84020754 -0.30390273 0.44910403
vn 0.95022635 -0.11810328 0.28830799
vn 0.91167281 -0.30389094 0.27659175
vn 0.63672656 -0.69192886 0.34031419
vn 0.69089980 -0.69189980 0.20959994
vn 0.21308942 -0.96125227 0.17489132
vn 0.24309158 -0.96126669 0.12989550
vn 0.26378838 -0.96125764 0.07999648
vn -0.31049034 -0.93597087 -0.16599483
vn -0.33689285 -0.93598013 -0.10219783
vn -0.77476642 -0.47777929 -0.41408205
vn -0.84066035 -0.47777747 -0.25498797
vn -0.35030064 -0.93600171 -0.03450006
vn 0.27429079 -0.96126771 0.02699909
vn -0.87425343 -0.47777455 -0.08609541
vn -0.35038837 -0.93596892 0.03449885
vn 0.27429079 -0.96126771 -0.02699909
vn -0.33689285 -0.93598013 0.10219783
vn -0.87425343 -0.47777455 0.08609541
vn -0.84066035 -0.47777747 0.25498797
vn -0.76268892 -0.64239067 -0.07509891
vn -0.76268892 -0.64239067 0.07509891
vn -0.15949320 -0.98555801 0.05689758
vn -0.15949320 -0.98555801 0.05689758
vn -0.73337816 -0.64238087 0.22249337
vn -0.14529484 -0.98556498 0.08689691
vn -0.14529484 -0.98556498 0.08689691
vn -0.12549607 -0.98556917 0.11359645
vn -0.12549607 -0.98556917 0.11359645
vn 0.05490013 -0.99770230 -0.03970009
vn 0.05909842 -0.99807324 -0.01889949
vn 0.30131552 -0.95224903 0.04930254
vn 0.30131552 -0.95224903 0.04930254
vn 0.07529704 -0.99716074 0.00089996
vn 0.35549824 -0.93419538 -0.02999985
vn 0.35549824 -0.93419538 -0.02999985
vn 0.52660384 -0.85010620 0.00280002
vn 0.52660384 -0.85010620 0.00280002
vn 0.96420312 -0.22330072 0.14300046
vn 0.97540649 -0.20230135 -0.08750058
vn 0.90779281 -0.30049762 -0.29259768
vn 0.70792957 0.66212766 0.24581027
vn 0.70799685 0.66209705 -0.24569891
vn 0.26361852 0.89166263 -0.36802585
vn 0.26360881 0.89162981 0.36811231
vn 0.85737288 0.21749312 -0.46648525
vn 0.43960480 0.32090350 -0.83890915
vn 0.78600361 -0.35160162 -0.50850234
vn 0.92629271 0.04339966 -0.37429705
vn 0.83200498 -0.33100198 -0.44520266
vn 0.88047699 -0.00109997 -0.47408761
vn 0.89497005 -0.23129226 -0.38148723
vn 0.69667692 -0.65437832 -0.29399026
vn 0.38900436 -0.88730995 -0.24770278
vn 0.86578189 -0.17879626 -0.46739022
vn 0.77300108 -0.00220000 -0.63440089
vn 0.73856517 -0.54337437 -0.39908118
vn 0.76121845 -0.17400422 -0.62471514
vn 0.63440089 -0.00220000 -0.77300108
vn 0.65379469 -0.53349567 -0.53659564
vn 0.62480869 -0.17370242 -0.76121059
vn 0.47140697 -0.00220003 -0.88191305
vn 0.46419650 -0.17389869 -0.86849344
vn 0.53661780 -0.53331769 -0.65392169
vn 0.39877696 -0.53326919 -0.74605690
vn 0.27350413 -0.90231363 -0.33320503
vn 0.33331488 -0.90224029 -0.27361222
vn 0.02989858 -0.99925266 -0.02449884
vn 0.03409839 -0.99925277 -0.01819914
vn 0.37330634 -0.90551538 -0.20170343
vn 0.03140082 -0.99942618 -0.01270033
vn 0.31471429 -0.94054271 -0.12780580
vn 0.18570513 -0.97992707 -0.07250200
vn 0.01949945 -0.99977202 -0.00869976
vn 0.01010040 -0.99993931 -0.00440017
vn 0.07809773 -0.99667107 -0.02339932
vn 0.12199949 -0.99149587 -0.04529981
vn 0.01040039 -0.99993709 0.00420016
vn 0.07809773 -0.99667107 0.02339932
vn 0.18570513 -0.97992707 0.07250200
vn 0.12199949 -0.99149587 0.04529981
vn 0.09999594 -0.99335969 0.05689769
vn 0.38908922 -0.88727543 0.24769314
vn 0.09999594 -0.99335969 -0.05689769
vn 0.09629909 -0.94509103 -0.31229703
vn 0.08420113 -0.99431334 -0.06520087
vn 0.18760461 -0.94322320 -0.27410674
vn 0.09910076 -0.49240378 -0.86470663
vn 0.41260074 -0.49620089 -0.76390137
vn 0.05729841 -0.48438652 -0.87297571
vn 0.00080004 0.35661893 -0.93424959
vn 0.08609639 -0.94186051 -0.32478638
vn 0.03670186 0.35891815 -0.93264717
vn -0.02999900 0.90946983 -0.41468625
vn -0.01480058 0.90473546 -0.42571668
vn 0.14580834 0.88765076 0.43682498
vn 0.14590622 0.88763781 -0.43681861
vn -0.03010165 0.90944981 0.41472271
vn -0.01459992 0.90479477 0.42559754
vn 0.00080004 0.35661893 0.93424959
vn 0.07709970 0.33989869 0.93729639
vn 0.03679829 0.35888336 0.93265675
vn 0.41268371 -0.49618042 0.76386985
vn 0.09910564 -0.49232802 0.86474921
vn 0.43960480 0.32090350 0.83890915
vn 0.78600361 -0.35160162 0.50850234
vn 0.85734639 0.21751177 0.46652524
vn 0.89499074 -0.23119761 0.38149605
vn 0.92629271 0.04339966 0.37429705
vn 0.89852357 -0.31270820 0.30800808
vn 0.51780118 -0.83860191 0.16920039
vn 0.51780118 -0.83860191 0.16920039
vn 0.83189154 -0.33129663 0.44519547
vn 0.88058282 -0.00119998 0.47389076
vn 0.77300108 -0.00220000 0.63440089
vn 0.86582829 -0.17850583 0.46741527
vn 0.76127374 -0.17389400 0.62467845
vn 0.65397870 -0.53318264 0.53668252
vn 0.62467845 -0.17389400 0.76127374
vn 0.53661780 -0.53331769 0.65392169
vn 0.39870135 -0.53340180 0.74600252
vn 0.20330001 -0.90220005 0.38040002
vn 0.27361222 -0.90224029 0.33331488
vn 0.01819914 -0.99925277 0.03409839
vn 0.33348353 -0.90215544 0.27368648
vn 0.02449884 -0.99925266 0.02989858
vn 0.02989858 -0.99925266 0.02449884
vn 0.03379862 -0.99925929 0.01839925
vn 0.37330634 -0.90551538 0.20170343
vn 0.69667692 -0.65437832 0.29399026
vn 0.31471027 -0.94053069 0.12790417
vn 0.73860530 -0.54330390 0.39910286
vn 0.03150069 -0.99942176 0.01280028
vn 0.01949945 -0.99977202 0.00869976
vn 0.01119947 -0.99925257 0.03699824
vn 0.00379982 -0.99925145 0.03849813
vn 0.12529665 -0.90207587 0.41298895
vn 0.24560404 -0.53310876 0.80961331
vn 0.04230070 -0.90221499 0.42920713
vn -0.03990183 -0.90524162 0.42301945
vn -0.00359987 -0.99926368 0.03819861
vn 0.08289937 -0.53339594 0.84179360
vn 0.09650225 -0.17390405 0.98002281
vn 0.28579420 -0.17389647 0.94238087
vn -0.07889816 -0.54228732 0.83648045
vn -0.09280078 -0.17820149 0.97960821
vn -0.14940249 -0.64491076 0.74951251
vn -0.07079832 -0.93887772 0.33689201
vn -0.00680017 -0.99942557 0.03320085
vn -0.04570232 -0.97884978 0.19941014
vn -0.02209981 -0.87699237 0.47999582
vn -0.00339992 -0.99977789 0.02079954
vn -0.00190008 -0.99994306 0.01050045
vn -0.02439980 -0.99659185 0.07879936
vn -0.00900038 -0.99994267 0.00580025
vn -0.06349933 -0.99658949 0.05269944
vn -0.03159883 -0.99106337 0.12959521
vn -0.10759643 -0.99106709 0.07879738
vn -0.00850015 -0.99331731 0.11510201
vn -0.10310164 -0.99331584 0.05190083
vn 0.00839982 -0.99447913 0.10459781
vn 0.11730159 -0.94261281 0.31260425
vn 0.20669765 -0.94528925 0.25239713
vn 0.66351508 -0.49271120 0.56301280
vn 0.22320327 -0.94211381 0.25020367
vn 0.01090017 -0.99371567 0.11140176
vn 0.20939797 -0.94149086 0.26409744
vn -0.10649558 -0.99375879 0.03319862
vn 0.00560004 -0.99120712 0.13220095
vn 0.18309972 -0.94299858 0.27789958
vn 0.01110044 -0.98033907 0.19700785
vn -0.12400473 -0.99123782 0.04550174
vn -0.18620963 -0.98035071 0.06510337
vn -0.32409987 -0.94149961 -0.09239996
vn -0.31660028 -0.94210084 -0.11050010
vn -0.75697294 -0.48448268 -0.43848432
vn -0.31240844 -0.94522554 -0.09460256
vn -0.77410374 -0.49270238 -0.39750192
vn -0.09969900 -0.99449001 0.03239967
vn -0.33370365 -0.94261030 0.01130012
vn -0.86866451 -0.49307986 -0.04789804
vn -0.79722824 0.35861270 -0.48561720
vn -0.94907180 0.30939081 -0.05949823
vn -0.47098486 0.88067169 0.05089836
vn 0.13309938 0.88069592 0.45459790
vn -0.22719670 0.61389108 0.75598902
vn -0.32980539 0.90951488 -0.25300414
vn 0.36191830 0.90474575 0.22461136
vn 0.35991816 0.90954589 0.20781048
vn -0.34610522 0.90471363 -0.24840374
vn -0.44290502 0.88791007 -0.12430141
vn -0.77731756 0.35640805 -0.51841171
vn -0.82118686 0.33989456 -0.45839266
vn -0.91328195 0.25579494 -0.31699373
vn -0.81950189 -0.53450123 -0.20670048
vn -0.77571560 -0.49400993 -0.39270790
vn -0.32680146 -0.94300421 -0.06280028
vn -0.78146401 -0.47787799 0.40118153
vn -0.07159946 -0.47789636 0.87549334
vn -0.74840943 0.59490749 0.29320369
vn 0.01560061 0.59492310 0.80363121
vn 0.28418470 0.88785221 0.36188052
vn 0.64240862 0.25580343 0.72240969
vn 0.50456695 -0.53446499 0.67805558
vn 0.73762164 0.33990997 0.58341711
vn 0.65958997 -0.49399249 0.56649139
vn 0.77647620 0.35638908 0.51968407
vn 0.75377027 0.35858586 0.55067828
vn 0.69477344 -0.48458148 0.53147968
vn 0.41809524 0.30939648 0.85409027
vn 0.37661039 -0.49311361 0.78422164
vn -0.04670124 -0.33340883 0.94162495
vn -0.12230455 0.19900741 0.97233618
vn -0.27069259 -0.30439167 0.91327500
vn -0.40191517 -0.31131175 0.86113250
vn -0.21199817 0.03899966 0.97649158
vn -0.09229745 -0.33109084 0.93907403
vn -0.09530452 -0.00140007 0.99544718
vn -0.18870105 -0.22460125 0.95600533
vn 0.09249419 -0.33197914 0.93874101
vn 0.09799844 -0.00219996 0.99518414
vn 0.29030921 -0.00220007 0.95693036
vn 0.27381027 -0.33181245 0.90273387
vn 0.11260533 -0.84403999 0.52432484
vn 0.11260533 -0.84403999 0.52432484
vn 0.00810036 -0.84403712 0.53622358
vn 0.00810036 -0.84403712 0.53622358
vn 0.44470593 -0.33190443 0.83191110
vn 0.21268879 -0.84405552 0.49227406
vn 0.21268879 -0.84405552 0.49227406
vn 0.47140697 -0.00220003 0.88191305
vn 0.59842800 -0.33181552 0.72923411
vn 0.63440089 -0.00220000 0.77300108
vn 0.72920991 -0.33190451 0.59840814
vn 0.30459518 -0.84408664 0.44129301
vn 0.30459518 -0.84408664 0.44129301
vn 0.06869714 -0.99735841 0.02359902
vn 0.45439598 -0.82369271 0.33919700
vn 0.45439598 -0.82369271 0.33919700
vn 0.07199708 -0.99735960 0.00949962
vn -0.07139697 -0.99665767 -0.03969831
vn -0.07139697 -0.99665767 -0.03969831
vn -0.16419387 -0.98556319 -0.04129846
vn -0.16419387 -0.98556319 -0.04129846
vn 0.10769522 -0.99365591 0.03239856
vn -0.16749383 -0.98556368 0.02469909
vn -0.16749383 -0.98556368 0.02469909
vn -0.73337816 -0.64238087 -0.22249337
vn -0.67588099 -0.64238193 -0.36128984
vn -0.59239823 -0.64239809 -0.48619855
vn -0.48619855 -0.64239809 -0.59239823
vn -0.67908202 -0.47778735 -0.55728525
vn -0.15299445 -0.98556422 -0.07249737
vn -0.15299445 -0.98556422 -0.07249737
vn 0.06279717 -0.99735504 0.03659835
vn -0.13589613 -0.98557192 -0.10089713
vn -0.13589613 -0.98557192 -0.10089713
vn -0.36128984 -0.64238193 -0.67588099
vn -0.02239899 -0.99665485 -0.07859644
vn -0.02239899 -0.99665485 -0.07859644
vn 0.05449753 -0.99735481 0.04809782
vn 0.04399816 -0.99735831 0.05779758
vn -0.08689817 -0.98557930 -0.14519695
vn -0.08689817 -0.98557930 -0.14519695
vn 0.07520306 -0.76733124 0.63682593
vn 0.07520306 -0.76733124 0.63682593
vn 0.06359885 -0.99208201 0.10829804
vn -0.19819099 -0.84406162 0.49827734
vn -0.19819099 -0.84406162 0.49827734
vn 0.01839945 -0.99737041 0.07009792
vn 0.00929958 -0.99665474 -0.08119631
vn 0.00929958 -0.99665474 -0.08119631
vn 0.07509891 -0.64239067 -0.76268892
vn -0.07509891 -0.64239067 -0.76268892
vn -0.02469909 -0.98556368 -0.16749383
vn -0.02469909 -0.98556368 -0.16749383
vn 0.00260001 -0.99770232 0.06770016
vn 0.00839969 -0.98556416 -0.16909385
vn 0.00839969 -0.98556416 -0.16909385
vn 0.22249337 -0.64238087 -0.73337816
vn 0.36128984 -0.64238193 -0.67588099
vn 0.25498797 -0.47777747 -0.84066035
vn 0.08609541 -0.47777455 -0.87425343
vn -0.03449885 -0.93596892 -0.35038837
vn 0.03450006 -0.93600171 -0.35030064
vn -0.08609953 -0.47769738 -0.87429520
vn -0.10219783 -0.93598013 -0.33689285
vn -0.25498797 -0.47777747 -0.84066035
vn -0.22250969 -0.64242798 -0.73333194
vn -0.41408205 -0.47777929 -0.77476642
vn -0.16599483 -0.93597087 -0.31049034
vn 0.07999648 -0.96125764 0.26378838
vn -0.22330030 -0.93600126 -0.27210037
vn 0.12989550 -0.96126669 0.24309158
vn 0.17489132 -0.96125227 0.21308942
vn -0.27210037 -0.93600126 -0.22330030
vn -0.55728525 -0.47778735 -0.67908202
vn 0.02699909 -0.96126771 0.27429079
vn -0.02699909 -0.96126771 0.27429079
vn -0.07999648 -0.96125764 0.26378838
vn -0.12989550 -0.96126669 0.24309158
vn 0.10219783 -0.93598013 -0.33689285
vn 0.16599483 -0.93597087 -0.31049034
vn 0.41408205 -0.47777929 -0.77476642
vn 0.22330030 -0.93600126 -0.27210037
vn -0.17489132 -0.96125227 0.21308942
vn -0.21308942 -0.96125227 0.17489132
vn 0.27210037 -0.93600126 -0.22330030
vn -0.21439193 -0.96166382 0.17099357
vn -0.21439193 -0.96166382 0.17099357
vn -0.29460445 -0.85061286 0.43550658
vn -0.29460445 -0.85061286 0.43550658
vn 0.46418842 -0.17399566 0.86847834
vn 0.09630217 -0.94502129 0.31250704
vn 0.18760461 -0.94322320 0.27410674
vn 0.05730118 -0.48430998 0.87301799
vn 0.08609639 -0.94186051 0.32478638
vn 0.10569648 -0.94126862 0.32068931
vn 0.10690078 -0.49340360 0.86320630
vn 0.13250481 -0.94253422 0.30671114
vn 0.28891513 -0.53302792 0.79524165
vn 0.66279273 0.59279350 0.45749498
vn 0.76933349 -0.47802081 0.42381845
vn 0.24920321 0.25450328 0.93441203
vn 0.76930088 -0.47800055 -0.42390049
vn 0.66279273 0.59279350 -0.45749498
vn 0.16129261 -0.97975508 0.11859456
vn 0.16119712 -0.97978250 -0.11849788
vn 0.10929561 -0.99096020 0.07779688
vn 0.08839699 -0.99356614 0.07079759
vn 0.10930303 -0.99092748 -0.07820217
vn 0.13250481 -0.94253422 -0.30671114
vn 0.08870218 -0.99352437 -0.07100174
vn 0.10579852 -0.94118688 -0.32089553
vn 0.10689551 -0.49347925 -0.86316370
vn 0.28891513 -0.53302792 -0.79524165
vn 0.07719648 0.33998451 -0.93725729
vn 0.24920321 0.25450328 -0.93441203
vn 0.08420223 -0.99432629 0.06500172
vn 0.02449884 -0.99925266 -0.02989858
vn 0.01819914 -0.99925277 -0.03409839
vn 0.20339588 -0.90218170 -0.38039229
vn 0.12530182 -0.90211312 -0.41290601
vn 0.24559724 -0.53299402 -0.80969091
vn 0.09649782 -0.17359608 -0.98007784
vn 0.08290053 -0.53290340 -0.84210538
vn 0.28580123 -0.17430075 -0.94230404
vn 0.29030921 -0.00220007 -0.95693036
vn 0.09799844 -0.00219996 -0.99518414
vn 0.09250033 -0.33180117 -0.93880332
vn -0.09230000 -0.33130000 -0.93900001
vn -0.09579998 -0.00130000 -0.99539976
vn -0.25829103 -0.31988889 -0.91156834
vn -0.22199074 0.03389859 -0.97445934
vn -0.09320395 -0.17780754 -0.97964152
vn -0.07940050 -0.54140343 -0.83700531
vn -0.19929404 -0.21629353 -0.95577141
vn -0.15819786 -0.63279143 -0.75798974
vn -0.07389727 -0.93646541 -0.34288734
vn -0.04009836 -0.90506308 -0.42338273
vn 0.00379982 -0.99925145 -0.03849813
vn 0.04229889 -0.90217626 -0.42928871
vn -0.00349986 -0.99926022 -0.03829848
vn -0.00680015 -0.99942224 -0.03330074
vn -0.00339993 -0.99977996 -0.02069959
vn 0.01119947 -0.99925257 -0.03699824
vn -0.14739882 -0.83949328 -0.52299581
vn -0.14739882 -0.83949328 -0.52299581
vn -0.04619850 -0.99756756 -0.05219830
vn 0.09579788 -0.84408134 -0.52758834
vn 0.09579788 -0.84408134 -0.52758834
vn -0.03199890 -0.99736571 -0.06509776
vn 0.19770073 -0.84410310 -0.49840183
vn 0.19770073 -0.84410310 -0.49840183
vn 0.29111105 -0.84413205 -0.45021710
vn 0.29111105 -0.84413205 -0.45021710
vn -0.01849916 -0.99735457 -0.07029680
vn 0.27379210 -0.33199042 -0.90267394
vn 0.44470593 -0.33190443 -0.83191110
vn 0.37338499 -0.84406608 -0.38488453
vn 0.37338499 -0.84406608 -0.38488453
vn 0.59840814 -0.33190451 -0.72920991
vn 0.72920991 -0.33190451 -0.59840814
vn 0.44129301 -0.84408664 -0.30459518
vn 0.44129301 -0.84408664 -0.30459518
vn 0.48777876 -0.76726659 -0.41638187
vn 0.48777876 -0.76726659 -0.41638187
vn 0.02359902 -0.99735841 -0.06869714
vn 0.00979950 -0.99734953 -0.07209635
vn -0.04129846 -0.98556319 0.16419387
vn -0.04129846 -0.98556319 0.16419387
vn -0.00449981 -0.99735848 -0.07249698
vn -0.00849968 -0.98556333 0.16909371
vn -0.00849968 -0.98556333 0.16909371
vn -0.22249337 -0.64238087 0.73337816
vn 0.02469909 -0.98556368 0.16749383
vn 0.02469909 -0.98556368 0.16749383
vn -0.36128984 -0.64238193 0.67588099
vn -0.48619855 -0.64239809 0.59239823
vn -0.25500016 -0.47770029 0.84070051
vn -0.41408205 -0.47777929 0.77476642
vn -0.16599483 -0.93597087 0.31049034
vn -0.10219783 -0.93598013 0.33689285
vn -0.55728525 -0.47778735 0.67908202
vn -0.59239823 -0.64239809 0.48619855
vn -0.22330030 -0.93600126 0.27210037
vn -0.67908202 -0.47778735 0.55728525
vn -0.27210037 -0.93600126 0.22330030
vn -0.67588099 -0.64238193 0.36128984
vn -0.77476642 -0.47777929 0.41408205
vn -0.31049034 -0.93597087 0.16599483
vn 0.26378838 -0.96125764 -0.07999648
vn 0.24309158 -0.96126669 -0.12989550
vn 0.63672656 -0.69192886 -0.34031419
vn 0.55810971 -0.69191203 -0.45800796
vn 0.21308942 -0.96125227 -0.17489132
vn 0.45800796 -0.69191203 -0.55810971
vn 0.17489132 -0.96125227 -0.21308942
vn 0.34031419 -0.69192886 -0.63672656
vn 0.12989550 -0.96126669 -0.24309158
vn 0.07999648 -0.96125764 -0.26378838
vn 0.20959994 -0.69189980 -0.69089980
vn 0.27659175 -0.30389094 -0.91167281
vn 0.09340129 -0.30390420 -0.94811309
vn 0.07080069 -0.69190675 -0.71850701
vn -0.09340129 -0.30390420 -0.94811309
vn -0.07080069 -0.69190675 -0.71850701
vn 0.02699909 -0.96126771 -0.27429079
vn -0.02699909 -0.96126771 -0.27429079
vn -0.03449885 -0.93596892 0.35038837
vn 0.03449885 -0.93596892 0.35038837
vn 0.08609953 -0.47769738 0.87429520
vn -0.08609541 -0.47777455 0.87425343
vn 0.10219783 -0.93598013 0.33689285
vn 0.16589759 -0.93598640 0.31049549
vn -0.07999648 -0.96125764 -0.26378838
vn 0.25498797 -0.47777747 0.84066035
vn 0.07509891 -0.64239067 0.76268892
vn 0.41408205 -0.47777929 0.77476642
vn 0.22249337 -0.64238087 0.73337816
vn 0.36128984 -0.64238193 0.67588099
vn 0.08689691 -0.98556498 0.14529484
vn 0.08689691 -0.98556498 0.14529484
vn 0.11359645 -0.98556917 0.12549607
vn 0.11359645 -0.98556917 0.12549607
vn 0.05689758 -0.98555801 0.15949320
vn 0.05689758 -0.98555801 0.15949320
vn -0.07509891 -0.64239067 0.76268892
vn -0.12989550 -0.96126669 -0.24309158
vn -0.34031419 -0.69192886 -0.63672656
vn -0.20959994 -0.69189980 -0.69089980
vn -0.44910403 -0.30390273 -0.84020754
vn -0.27659175 -0.30389094 -0.91167281
vn -0.28830799 -0.11810328 -0.95022635
vn -0.46811973 -0.11810498 -0.87573691
vn -0.62998193 -0.11809661 -0.76757798
vn -0.60441827 -0.30390919 -0.73642227
vn -0.76757798 -0.11809661 -0.62998193
vn -0.73642227 -0.30390919 -0.60441827
vn -0.87573691 -0.11810498 -0.46811973
vn -0.84020754 -0.30390273 -0.44910403
vn -0.95022635 -0.11810328 -0.28830799
vn -0.91167281 -0.30389094 -0.27659175
vn -0.98822266 -0.11810271 -0.09730223
vn -0.98822266 -0.11810271 0.09730223
vn -0.95022635 -0.11810328 0.28830799
vn -0.63672656 -0.69192886 -0.34031419
vn -0.55810971 -0.69191203 -0.45800796
vn -0.45800796 -0.69191203 -0.55810971
vn -0.17489132 -0.96125227 -0.21308942
vn 0.22330030 -0.93600126 0.27210037
vn -0.09730223 -0.11810271 -0.98822266
vn 0.09730223 -0.11810271 -0.98822266
vn 0.28830799 -0.11810328 -0.95022635
vn 0.46811973 -0.11810498 -0.87573691
vn 0.44910403 -0.30390273 -0.84020754
vn 0.60441827 -0.30390919 -0.73642227
vn 0.62998193 -0.11809661 -0.76757798
vn 0.73642227 -0.30390919 -0.60441827
vn 0.84020754 -0.30390273 -0.44910403
vn 0.76757798 -0.11809661 -0.62998193
vn 0.87573691 -0.11810498 -0.46811973
vn 0.95022635 -0.11810328 -0.28830799
vn 0.91167281 -0.30389094 -0.27659175
vn 0.94811309 -0.30390420 -0.09340129
vn 0.71850701 -0.69190675 -0.07080069
vn 0.69089980 -0.69189980 -0.20959994
vn 0.71850701 -0.69190675 0.07080069
vn 0.94811309 -0.30390420 0.09340129
vn 0.98822266 -0.11810271 0.09730223
vn 0.98822266 -0.11810271 -0.09730223
vn -0.10089713 -0.98557192 0.13589613
vn -0.10089713 -0.98557192 0.13589613
vn 0.04809860 -0.99737107 -0.05419843
vn -0.07249737 -0.98556422 0.15299445
vn -0.07249737 -0.98556422 0.15299445
vn 0.05469936 -0.99208834 -0.11299867
vn 0.52443268 -0.84405260 -0.11200698
vn 0.52443268 -0.84405260 -0.11200698
vn 0.10330640 -0.93945818 -0.32672023
vn 0.20210091 -0.94430425 -0.25970117
vn -0.03699824 -0.99925257 -0.01119947
vn -0.41270801 -0.90221752 -0.12520243
vn -0.42920713 -0.90221499 -0.04230070
vn -0.84183850 -0.53332439 -0.08290379
vn -0.98002281 -0.17390405 0.09650225
vn -0.84191252 -0.53320793 0.08290123
vn -0.94235393 -0.17389150 0.28588602
vn -0.80949251 -0.53329507 0.24559773
vn -0.42928871 -0.90217626 0.04229889
vn -0.03849813 -0.99925145 -0.00379982
vn -0.03849813 -0.99925145 0.00379982
vn -0.41279098 -0.90218028 0.12519726
vn -0.03699824 -0.99925257 0.01119947
vn -0.95693036 -0.00220007 0.29030921
vn -0.99518414 -0.00219996 0.09799844
vn 0.00000000 0.00000000 1.00000000
vn 0.11770157 0.10750143 0.98721314
vn 0.09040050 0.00020000 0.99590547
vn 0.10560431 0.01160047 0.99434056
vn 0.04449996 0.11729989 0.99209903
vn 0.01140029 0.09590245 0.99532545
vn 0.13159738 0.08109839 0.98798035
vn 0.08680349 0.12270494 0.98863980
vn 0.12799970 0.04399990 0.99079770
vn 0.00000000 0.00000000 1.00000000
vn 0.00000000 0.00000000 1.00000000
vn 0.09100461 0.00000000 0.99585047
vn 0.00000000 0.00000000 1.00000000
vn 0.00010000 0.08259858 0.99658289
vn 0.00000000 0.00000000 1.00000000
vn 0.00000000 0.00000000 1.00000000
vn 0.00000000 -0.06939923 0.99758897
vn 0.00000000 0.00000000 1.00000000
vn 0.00000000 0.00000000 1.00000000
vn 0.01159971 -0.05579858 0.99837466
vn 0.02970093 -0.05150161 0.99823116
vn 0.00000000 0.00000000 1.00000000
vn 0.04200144 -0.04200144 0.99823432
vn 0.00000000 0.00000000 1.00000000
vn -0.11770283 0.10740258 0.98722375
vn -0.12809750 0.04409914 0.99078065
vn -0.09100461 0.00000000 0.99585047
vn -0.10549493 0.01159944 0.99435219
vn -0.09049968 0.00020000 0.99589646
vn -0.04459923 0.11739798 0.99208297
vn -0.01140029 0.09590245 0.99532545
vn -0.13149912 0.08109945 0.98799335
vn -0.08680349 0.12270494 0.98863980
vn -0.27149823 0.42239724 0.86479436
vn -0.38807623 0.36827744 0.84484825
vn -0.71740898 0.40250504 0.56860712
vn -0.44950324 0.26130188 0.85420616
vn -0.59991395 0.58121352 0.54981279
vn -0.84119582 0.46669768 0.27309864
vn -0.69128571 0.67418607 0.25999463
vn -0.41481851 0.68933077 0.59392651
vn -0.48281002 0.82521713 0.29310608
vn -0.20580583 0.71032012 0.67311907
vn -0.13529892 0.41219672 0.90099282
vn -0.03359997 0.36089968 0.93199918
vn -0.00019999 0.33118767 0.94356488
vn -0.00010000 0.08259858 0.99658289
vn -0.05060177 0.67122348 0.73952587
vn -0.24098861 0.90105739 0.36058295
vn -0.00030000 0.64650687 0.76290811
vn -0.05699890 0.90578250 0.41989189
vn -0.25711238 0.96224631 0.08930430
vn -0.06150233 0.99203757 0.10990416
vn -0.00009999 0.89874441 0.43847288
vn 0.00000000 0.99322549 0.11620298
vn 0.00000000 0.89974272 0.43642072
vn 0.00000000 0.64861454 0.76111706
vn 0.00000000 0.33271027 0.94302910
vn 0.00030000 0.64639934 0.76299922
vn 0.00010000 0.89872519 0.43851229
vn 0.00000000 0.99322549 0.11620298
vn 0.06150233 0.99203757 0.10990416
vn 0.05699890 0.90578250 0.41989189
vn 0.05059803 0.67117384 0.73957117
vn 0.25711238 0.96224631 0.08930430
vn 0.24060746 0.90122796 0.36041118
vn 0.50539037 0.86018362 0.06829870
vn 0.48281002 0.82521713 0.29310608
vn 0.20580583 0.71032012 0.67311907
vn 0.41478992 0.68938324 0.59388557
vn 0.13529335 0.41227972 0.90095568
vn 0.03359926 0.36069209 0.93207956
vn 0.00029999 0.33088931 0.94366952
vn 0.00000000 0.08300410 0.99654921
vn 0.27140560 0.42240871 0.86481783
vn 0.59991395 0.58121352 0.54981279
vn 0.38810902 0.36830856 0.84481963
vn 0.71749830 0.40249904 0.56849865
vn 0.44958303 0.26129014 0.85416776
vn 0.74242411 0.19890646 0.63972077
vn 0.44309269 0.13279781 0.88658537
vn 0.70409024 0.04939932 0.70839018
vn 0.39049362 0.03379945 0.91998496
vn 0.67907275 0.00079997 0.73407054
vn 0.35788652 0.00069997 0.93376483
vn 0.35960220 0.00000000 0.93310571
vn 0.68140560 0.00000000 0.73190601
vn 0.91387751 0.00000000 0.40599001
vn 0.68207950 0.00000000 0.73127803
vn 0.91400526 0.00000000 0.40570233
vn 0.99442957 0.00000000 0.10540313
vn 0.99444005 0.00000000 0.10530424
vn 0.91413292 0.00000000 0.40541460
vn 0.68212938 0.00000000 0.73123150
vn 0.99347141 -0.05789833 0.09829717
vn 0.92103522 -0.05330204 0.38581475
vn 0.96671283 -0.24290322 0.08040107
vn 0.91522932 -0.22830731 0.33201064
vn 0.70731127 -0.04740076 0.70531124
vn 0.36060691 0.00000000 0.93271789
vn 0.73994147 -0.19351085 0.64423611
vn 0.39238009 -0.03179839 0.91925335
vn 0.10559487 -0.01069948 0.99435167
vn 0.09120296 0.00000000 0.99583233
vn 0.43680133 -0.12520038 0.89080271
vn 0.70858813 -0.39129345 0.58719017
vn 0.43651776 -0.24520997 0.86563521
vn 0.12350565 -0.03980182 0.99154534
vn 0.00000000 0.00000000 1.00000000
vn 0.12550509 -0.07250294 0.98944014
vn 0.11179743 -0.09809774 0.98887723
vn 0.37381188 -0.34581099 0.86062735
vn 0.40980890 -0.66961454 0.61941345
vn 0.26120161 -0.40000246 0.87850541
vn 0.59044240 -0.56304043 0.57824152
vn 0.48479335 -0.81708879 0.31199572
vn 0.69126374 -0.66636505 0.27948534
vn 0.51007515 -0.85695825 0.07379640
vn 0.83977673 -0.46168721 0.28569208
vn 0.71896018 -0.69206167 0.06439643
vn 0.87378247 -0.48179034 0.06619867
vn 0.86784341 -0.48432422 -0.11080554
vn 0.71594729 -0.68824546 -0.11720774
vn 0.65269139 -0.62699173 -0.42529439
vn 0.46779252 -0.77478762 -0.42529320
vn 0.51309981 -0.85039969 -0.11639996
vn 0.24900774 -0.87942733 -0.40571261
vn 0.26078613 -0.96084888 0.09359502
vn 0.27058915 -0.95656166 -0.10849565
vn 0.06300128 -0.99172008 0.11190227
vn 0.06610276 -0.92273848 -0.37971584
vn 0.07039953 -0.99269332 -0.09799934
vn 0.00000000 -0.99560047 -0.09370004
vn 0.00000000 -0.92950758 -0.36880301
vn 0.00000000 -0.92927451 -0.36938987
vn 0.00000000 -0.72238772 -0.69148824
vn -0.00010000 -0.72287636 -0.69097740
vn 0.00000000 -0.57661252 -0.81701775
vn -0.00010000 -0.57702080 -0.81672944
vn 0.04729949 -0.71199229 -0.70059242
vn 0.03680120 -0.56021834 -0.82752709
vn 0.18199850 -0.66219455 -0.72689402
vn 0.34318928 -0.57008219 -0.74647667
vn 0.13850485 -0.50601773 -0.85132982
vn 0.07150251 -0.28841012 -0.95483349
vn 0.25870392 -0.42910651 -0.86541313
vn 0.01409983 -0.30859630 -0.95108860
vn 0.09499688 -0.81057334 -0.57788100
vn 0.09499688 -0.81057334 -0.57788100
vn -0.07039810 -0.82577772 -0.55958490
vn -0.07039810 -0.82577772 -0.55958490
vn 0.25610940 -0.81202981 -0.52441925
vn 0.25610940 -0.81202981 -0.52441925
vn -0.00010000 -0.30369066 -0.95277068
vn 0.09870101 -0.84880870 -0.51940533
vn 0.09870101 -0.84880870 -0.51940533
vn 0.00000000 -0.30359988 -0.95279962
vn 0.00010000 -0.57702080 -0.81672944
vn 0.00010000 -0.30369066 -0.95277068
vn -0.16449633 -0.76138301 -0.62708601
vn -0.16449633 -0.76138301 -0.62708601
vn -0.01409983 -0.30859630 -0.95108860
vn -0.03680120 -0.56021834 -0.82752709
vn -0.18190911 -0.66173316 -0.72733644
vn -0.13850485 -0.50601773 -0.85132982
vn -0.04729949 -0.71199229 -0.70059242
vn -0.24900774 -0.87942733 -0.40571261
vn -0.06610276 -0.92273848 -0.37971584
vn 0.00010000 -0.72321931 -0.69061844
vn 0.00000000 -0.92950758 -0.36880301
vn -0.07039953 -0.99269332 -0.09799934
vn 0.00000000 -0.99560047 -0.09370004
vn -0.00010000 -0.99309657 0.11729959
vn 0.00000000 -0.99558180 -0.09389828
vn -0.06300128 -0.99172008 0.11190227
vn -0.27060327 -0.95651156 -0.10890132
vn -0.26078613 -0.96084888 0.09359502
vn -0.05830074 -0.90331139 0.42500536
vn -0.24320516 -0.89571900 0.37220790
vn -0.20450004 -0.69640013 0.68790013
vn -0.48480847 -0.81711428 0.31190545
vn -0.40972156 -0.66983524 0.61923258
vn -0.26120161 -0.40000246 0.87850541
vn -0.59040825 -0.56300787 0.57830808
vn -0.37381188 -0.34581099 0.86062735
vn -0.43651776 -0.24520997 0.86563521
vn -0.11169868 -0.09809884 0.98888828
vn -0.12550509 -0.07250294 0.98944014
vn -0.12350565 -0.03980182 0.99154534
vn 0.00000000 0.00000000 1.00000000
vn 0.00000000 0.00000000 1.00000000
vn -0.00010000 -0.08180398 0.99664843
vn 0.00000000 0.00000000 1.00000000
vn -0.01099975 -0.09329789 0.99557748
vn -0.04209794 -0.11079457 0.99295132
vn -0.10559487 -0.01069948 0.99435167
vn -0.08130049 -0.11350068 0.99020595
vn 0.00000000 0.00000000 1.00000000
vn 0.01319996 0.05319982 0.99849664
vn 0.00000000 -0.08230062 0.99660755
vn 0.00000000 0.06989679 0.99755423
vn 0.00000000 0.00000000 1.00000000
vn 0.02979908 0.05069844 0.99826934
vn 0.04200144 0.04200144 0.99823432
vn 0.17440126 0.17440126 0.96910701
vn 0.12309568 0.21209255 0.96946594
vn 0.24429548 0.42319218 0.87248387
vn 0.34550056 0.34550056 0.87250142
vn 0.05979887 0.23029565 0.97128163
vn 0.12469722 0.46178971 0.87818043
vn 0.02020011 0.25050142 0.96790547
vn 0.03389883 0.49528294 0.86807009
vn 0.00000000 0.27540787 0.96132747
vn -0.03430047 0.49500675 0.86821184
vn -0.02020011 0.25050142 0.96790547
vn 0.00000000 0.52450467 0.85140757
vn -0.04549828 0.70507337 0.70767327
vn 0.04549828 0.70507337 0.70767327
vn 0.00000000 0.72997363 0.68347531
vn 0.05389915 0.86498641 0.49889216
vn -0.05389915 0.86498641 0.49889216
vn 0.00000000 0.87949953 0.47589975
vn 0.00000000 0.96990084 0.24350021
vn 0.05869964 0.96449412 0.25749843
vn -0.05869964 0.96449412 0.25749843
vn -0.25989113 0.96506706 0.03319887
vn -0.25989113 0.96506706 0.03319887
vn -0.25149439 0.92937925 0.27019397
vn -0.06269935 0.99728961 0.03849960
vn -0.06269935 0.99728961 0.03849960
vn 0.04159852 0.99726457 0.06109783
vn 0.04159852 0.99726457 0.06109783
vn -0.06530131 0.99572004 0.06540132
vn -0.25000277 0.93321034 0.25810286
vn -0.06319851 0.96407732 0.25799393
vn 0.00000000 0.99785930 0.06539733
vn -0.25830869 0.96383244 0.06560221
vn -0.49888847 0.86418003 0.06559848
vn -0.46920915 0.88061717 0.06600129
vn -0.46920915 0.88061717 0.06600129
vn -0.48308355 0.83667151 0.25809121
vn -0.68314549 0.68314549 0.25811719
vn -0.43349448 0.75079045 0.49839366
vn -0.61301822 0.61301822 0.49841481
vn -0.61451400 0.35480808 0.70461605
vn -0.75079045 0.43349448 0.49839366
vn -0.50173338 0.50173338 0.70464688
vn -0.35710314 0.35710314 0.86310758
vn -0.35480808 0.61451400 0.70461605
vn -0.43731549 0.25250895 0.86313058
vn -0.32070176 0.05460030 0.94560520
vn -0.32070176 0.05460030 0.94560520
vn -0.48780660 0.13070177 0.86311168
vn -0.29569394 0.13369726 0.94588061
vn -0.29569394 0.13369726 0.94588061
vn -0.06780223 0.01820060 0.99753275
vn -0.06080198 0.03510114 0.99753247
vn -0.25099494 0.20569586 0.94588094
vn -0.25099494 0.20569586 0.94588094
vn -0.04970133 0.04970133 0.99752672
vn -0.18919422 0.26369194 0.94587109
vn -0.18919422 0.26369194 0.94587109
vn -0.25250895 0.43731549 0.86313058
vn -0.13070177 0.48780660 0.86311168
vn -0.18360521 0.68541944 0.70461998
vn -0.22440037 0.83740139 0.49840083
vn -0.04639961 0.70759408 0.70509410
vn -0.05669956 0.86509331 0.49839615
vn 0.00000000 0.86601905 0.50001100
vn 0.00000000 0.96592886 0.25880773
vn 0.05669956 0.86509331 0.49839615
vn 0.06319851 0.96407732 0.25799393
vn 0.06530131 0.99572004 0.06540132
vn 0.22440037 0.83740139 0.49840083
vn 0.25000277 0.93321034 0.25810286
vn 0.25830869 0.96383244 0.06560221
vn 0.43349448 0.75079045 0.49839366
vn 0.48308355 0.83667151 0.25809121
vn 0.61301822 0.61301822 0.49841481
vn 0.68314549 0.68314549 0.25811719
vn 0.49888847 0.86418003 0.06559848
vn 0.70673779 0.70673779 0.03230173
vn 0.70673779 0.70673779 0.03230173
vn 0.70558374 0.70558374 0.06559849
vn 0.49969832 0.86559708 0.03229989
vn 0.49969832 0.86559708 0.03229989
vn 0.29300153 0.95370499 0.06780035
vn 0.29300153 0.95370499 0.06780035
vn 0.48230207 0.83540359 0.26360113
vn 0.25149439 0.92937925 0.27019397
vn 0.22349366 0.82567658 0.51798530
vn 0.18000360 0.66501329 0.72481448
vn 0.43070411 0.74600712 0.50790485
vn 0.68209803 0.68209803 0.26359924
vn 0.60910974 0.60910974 0.50790812
vn 0.34930424 0.60500734 0.71550868
vn 0.49399697 0.49399697 0.71549562
vn 0.74600712 0.43070411 0.50790485
vn 0.60500734 0.34930424 0.71550868
vn 0.66859190 0.18009782 0.72149126
vn 0.42319218 0.24429548 0.87248387
vn 0.82799603 0.22319893 0.51439753
vn 0.96561796 0.05890110 0.25320471
vn 0.93025139 0.25081386 0.26781479
vn 0.86879482 0.05419968 0.49219707
vn 0.71149271 0.04589953 0.70119281
vn 0.88330339 0.00000000 0.46880180
vn 0.97099524 0.00000000 0.23909883
vn 0.99956481 0.00000000 0.02949896
vn 0.99956481 0.00000000 0.02949896
vn 0.96561796 -0.05890110 0.25320471
vn 0.99400404 -0.08880036 0.06380026
vn 0.99400404 -0.08880036 0.06380026
vn 0.99572004 -0.06530131 0.06540132
vn 0.96480152 -0.26090041 0.03300005
vn 0.96480152 -0.26090041 0.03300005
vn 0.96383244 -0.25830869 0.06560221
vn 0.86559428 -0.49969670 0.03239979
vn 0.86559428 -0.49969670 0.03239979
vn 0.93022647 -0.25080714 0.26790762
vn 0.82797754 -0.22329394 0.51438605
vn 0.86884229 -0.05410263 0.49212395
vn 0.83540359 -0.48230207 0.26360113
vn 0.68209803 -0.68209803 0.26359924
vn 0.74600712 -0.43070411 0.50790485
vn 0.70568480 -0.70778475 0.03239930
vn 0.70568480 -0.70778475 0.03239930
vn 0.86418003 -0.49888847 0.06559848
vn 0.70558374 -0.70558374 0.06559849
vn 0.49841794 -0.86633118 0.03240117
vn 0.49841794 -0.86633118 0.03240117
vn 0.49888847 -0.86418003 0.06559848
vn 0.48230207 -0.83540359 0.26360113
vn 0.25970549 -0.96512041 0.03310070
vn 0.25970549 -0.96512041 0.03310070
vn 0.25830869 -0.96383244 0.06560221
vn 0.06129703 -0.99775164 0.02709869
vn 0.06129703 -0.99775164 0.02709869
vn 0.25130100 -0.92960371 0.26960108
vn 0.05910051 -0.96430824 0.25810221
vn 0.22329699 -0.82628885 0.51709302
vn 0.43070411 -0.74600712 0.50790485
vn 0.34930424 -0.60500734 0.71550868
vn 0.60910974 -0.60910974 0.50790812
vn 0.49399697 -0.49399697 0.71549562
vn 0.34550056 -0.34550056 0.87250142
vn 0.60500734 -0.34930424 0.71550868
vn 0.42319218 -0.24429548 0.87248387
vn 0.21379535 -0.12319732 0.96907893
vn 0.46570520 -0.12540140 0.87600979
vn 0.23489151 -0.06319772 0.96996496
vn 0.05660147 -0.01190031 0.99832593
vn 0.25540706 -0.02000055 0.96662672
vn 0.50238378 -0.03409890 0.86397211
vn 0.07129679 0.00000000 0.99745515
vn 0.27978880 0.00000000 0.96006157
vn 0.25528890 0.01999913 0.96665796
vn 0.53178648 0.00000000 0.84687847
vn 0.05670122 0.01180025 0.99832145
vn 0.00000000 0.00000000 1.00000000
vn 0.05150161 0.02970093 0.99823116
vn 0.23510326 0.06320088 0.96991345
vn 0.46571688 0.12520454 0.87603174
vn 0.50218741 0.03429914 0.86407834
vn 0.21360185 0.12330107 0.96910840
vn 0.73618208 0.00000000 0.67678353
vn 0.71159523 -0.04579969 0.70109530
vn 0.66856781 -0.18029132 0.72146526
vn -0.09110379 0.00000000 0.99584140
vn -0.09120296 0.00000000 0.99583233
vn -0.39238009 -0.03179839 0.91925335
vn -0.36060691 0.00000000 0.93271789
vn -0.36031226 0.00000000 0.93283175
vn -0.68249281 0.00000000 0.73089230
vn -0.70731127 -0.04740076 0.70531124
vn -0.92105038 -0.05329713 0.38577922
vn -0.91527593 -0.22829400 0.33189127
vn -0.74017251 -0.19349281 0.64397608
vn -0.83980072 -0.46170039 0.28560024
vn -0.70856041 -0.39137813 0.58716719
vn -0.43680133 -0.12520038 0.89080271
vn -0.69128306 -0.66638367 0.27939315
vn -0.71898783 -0.69208829 0.06379892
vn -0.51002977 -0.85695003 0.07420433
vn -0.51309981 -0.85039969 -0.11639996
vn -0.71594729 -0.68824546 -0.11720774
vn -0.86783379 -0.48431885 -0.11090432
vn -0.65287623 -0.62707717 -0.42488453
vn -0.46781594 -0.77492641 -0.42501448
vn -0.34310105 -0.57010175 -0.74650229
vn -0.48299620 -0.45929639 -0.74549413
vn -0.25891311 -0.42932174 -0.86524381
vn -0.14399755 -0.24139589 -0.95968366
vn -0.07150251 -0.28841012 -0.95483349
vn -0.36629838 -0.34669847 -0.86349619
vn -0.60490174 -0.32890094 -0.72520208
vn -0.20899241 -0.19209303 -0.95886518
vn -0.46939747 -0.25289864 -0.84599544
vn -0.71109206 -0.17569804 -0.68079240
vn -0.27301361 -0.13600678 -0.95234748
vn -0.57538141 -0.13849553 -0.80607396
vn -0.77433951 -0.04550232 -0.63113220
vn -0.34271661 -0.06560318 -0.93714542
vn -0.65380520 -0.03600029 -0.75580602
vn -0.37610986 -0.00970025 -0.92652430
vn -0.78829557 0.00050000 -0.61529655
vn -0.67610458 0.00100001 -0.73680499
vn -0.36930347 0.00050000 -0.92930872
vn -0.78415530 0.00000000 -0.62056463
vn -0.67223464 0.00000000 -0.74033815
vn -0.78278703 0.00000000 -0.62228969
vn -0.67102853 0.00000000 -0.74143153
vn -0.36901008 0.00000000 -0.92942539
vn -0.67001871 -0.31960892 -0.67001871
vn -0.67001871 -0.31960892 -0.67001871
vn -0.67001871 -0.31960892 -0.67001871
vn -0.67001871 -0.31960892 -0.67001871
vn -0.36830240 0.00000000 -0.92970605
vn -0.36800816 -0.00190004 -0.92982062
vn -0.55790767 0.10280141 -0.82351132
vn -0.55790767 0.10280141 -0.82351132
vn -0.67401074 -0.00380006 -0.73871177
vn -0.78460011 -0.00160000 -0.62000009
vn -0.65060216 0.03520012 -0.75860252
vn -0.76909984 0.04559999 -0.63749987
vn -0.89666585 0.23879091 -0.37278580
vn -0.94117176 0.06359809 -0.33189004
vn -0.70659294 0.17789822 -0.68489316
vn -0.57400082 0.14170020 -0.80650115
vn -0.79500960 0.44860542 -0.40830493
vn -0.60201641 0.33280907 -0.72581979
vn -0.47183035 0.25911667 -0.84275422
vn -0.64920409 0.63140397 -0.42410267
vn -0.48148539 0.46508589 -0.74287747
vn -0.37061332 0.35701283 -0.85743082
vn -0.46439357 0.77878922 -0.42169416
vn -0.34239599 0.57779324 -0.74089133
vn -0.26339582 0.44429295 -0.85628641
vn -0.24720444 0.88281587 -0.39940718
vn -0.18179941 0.67209782 -0.71779767
vn -0.06560322 0.92634546 -0.37091820
vn -0.14149761 0.52639111 -0.83838584
vn -0.04709900 0.72438457 -0.68778535
vn 0.00020000 0.73599079 -0.67699152
vn 0.00010000 0.93326568 -0.35918679
vn -0.03739911 0.58498602 -0.81018064
vn -0.01400012 0.32790269 -0.94460776
vn 0.00040001 0.60262081 -0.79802756
vn -0.07290204 0.30540856 -0.94942662
vn -0.14739717 0.25409512 -0.95588166
vn -0.01959914 0.56367534 -0.82576388
vn -0.01959914 0.56367534 -0.82576388
vn -0.05720017 0.83320247 -0.55000163
vn -0.05720017 0.83320247 -0.55000163
vn -0.06740175 0.99772592 0.00000000
vn -0.22569996 0.78279987 -0.57989990
vn -0.22569996 0.78279987 -0.57989990
vn -0.26611165 0.96394221 0.00010000
vn -0.06740175 0.99772592 0.00000000
vn -0.51130101 0.85940169 0.00010000
vn -0.26590016 0.96400057 0.00010000
vn -0.51087371 0.85965577 0.00009999
vn -0.39450116 0.73220215 -0.55520163
vn -0.39450116 0.73220215 -0.55520163
vn -0.66690509 0.58120443 -0.46630356
vn -0.66690509 0.58120443 -0.46630356
vn -0.53459723 0.56619707 -0.62739675
vn -0.53459723 0.56619707 -0.62739675
vn 0.00000000 0.00000000 -1.00000000
vn 0.43239194 0.63758812 -0.63758812
vn 0.43239194 0.63758812 -0.63758812
vn 0.00000000 0.00000000 -1.00000000
vn -0.55818690 0.43928969 -0.70388348
vn -0.55818690 0.43928969 -0.70388348
vn -0.56991150 0.05420109 -0.81991654
vn -0.56991150 0.05420109 -0.81991654
vn 0.38839618 0.65159359 -0.65159359
vn 0.38839618 0.65159359 -0.65159359
vn -0.81892462 -0.13450404 -0.55791677
vn -0.81892462 -0.13450404 -0.55791677
vn -0.88080302 -0.06850023 -0.46850161
vn -0.88080302 -0.06850023 -0.46850161
vn -0.79364475 0.27051525 -0.54493073
vn -0.79364475 0.27051525 -0.54493073
vn -0.79364475 0.27051525 -0.54493073
vn 0.00000000 0.00000000 -1.00000000
vn 0.00000000 0.00000000 -1.00000000
vn 0.00000000 0.00000000 -1.00000000
vn 0.00000000 0.00000000 -1.00000000
vn 0.00000000 0.00000000 -1.00000000
vn 0.00000000 0.00000000 -1.00000000
vn 0.00000000 0.00000000 -1.00000000
vn 0.00000000 0.00000000 -1.00000000
vn -0.28900805 0.00000000 -0.95732667
vn -0.28900805 0.00000000 -0.95732667
vn -0.31628776 0.00000000 -0.94866330
vn -0.31628776 0.00000000 -0.94866330
vn -1.00000000 0.00000000 0.00000000
vn -1.00000000 0.00000000 0.00000000
vn -1.00000000 0.00000000 0.00000000
vn -1.00000000 0.00000000 0.00000000
vn -1.00000000 0.00000000 0.00000000
vn -1.00000000 0.00000000 0.00000000
vn -0.99798191 0.06349885 0.00000000
vn -0.99798824 0.06339925 0.00000000
vn -0.96774988 0.25191299 0.00010001
vn -0.87217842 0.48918790 0.00010000
vn -0.96780496 0.25170129 0.00010000
vn -0.61287236 0.22568982 -0.75726585
vn -0.61287236 0.22568982 -0.75726585
vn -0.87239686 0.48879824 0.00010000
vn -0.52511584 0.42411280 -0.73782226
vn -0.52511584 0.42411280 -0.73782226
vn -0.37682005 0.00830044 -0.92624929
vn -0.34189992 0.06899998 -0.93719979
vn -0.46858393 0.57488028 -0.67077699
vn -0.46858393 0.57488028 -0.67077699
vn -0.36618972 0.69508049 -0.61868263
vn -0.36618972 0.69508049 -0.61868263
vn -0.36618972 0.69508049 -0.61868263
vn -0.68528046 0.72827924 0.00019999
vn -0.68528046 0.72827924 0.00019999
vn -0.27559244 0.14169611 -0.95077391
vn -0.21289084 0.20109135 -0.95615886
vn -0.71560600 0.69520583 -0.06780057
vn -0.71560600 0.69520583 -0.06780057
vn -0.99803854 -0.06260242 0.00000000
vn -0.56330165 -0.07320021 -0.82300242
vn -0.56330165 -0.07320021 -0.82300242
vn -0.79139222 -0.16329839 -0.58909421
vn -0.79139222 -0.16329839 -0.58909421
vn -0.78483560 -0.15760715 -0.59932718
vn -0.78483560 -0.15760715 -0.59932718
vn -0.96862992 -0.24850768 0.00010000
vn -0.99803229 -0.06270203 0.00000000
vn -0.87511784 -0.48390986 0.00010000
vn -0.96852738 -0.24890704 0.00010000
vn -0.67378196 0.35259056 -0.64938261
vn -0.67378196 0.35259056 -0.64938261
vn -0.38671544 -0.07260290 -0.91933671
vn -0.38671544 -0.07260290 -0.91933671
vn -0.87483569 -0.48441976 0.00010000
vn -0.34959870 -0.17819934 -0.91979658
vn -0.34959870 -0.17819934 -0.91979658
vn -0.72097971 -0.69148054 -0.04519873
vn -0.72097971 -0.69148054 -0.04519873
vn -0.75291729 -0.65811512 0.00020000
vn -0.75291729 -0.65811512 0.00020000
vn -0.55990666 -0.39450469 -0.72860866
vn -0.55990666 -0.39450469 -0.72860866
vn -0.51630344 -0.85640571 0.00010000
vn -0.69395978 -0.28718335 -0.66026173
vn -0.69395978 -0.28718335 -0.66026173
vn -0.69395978 -0.28718335 -0.66026173
vn -0.38990716 -0.47010864 -0.79181455
vn -0.38990716 -0.47010864 -0.79181455
vn -0.51568640 -0.85677741 0.00010000
vn -0.26940736 -0.96302631 0.00010000
vn 0.02859982 -0.83749468 -0.54569653
vn 0.02859982 -0.83749468 -0.54569653
vn -0.26910317 -0.96311135 0.00010000
vn -0.06839713 -0.99765817 0.00000000
vn -0.06829760 -0.99766499 0.00000000
vn 0.00000000 -1.00000000 0.00000000
vn 0.00000000 -1.00000000 0.00000000
vn 0.00000000 -1.00000000 0.00000000
vn 0.00000000 -1.00000000 0.00000000
vn 0.00000000 -1.00000000 0.00000000
vn 0.00000000 -1.00000000 0.00000000
vn 0.06829760 -0.99766499 0.00000000
vn -0.35670550 -0.67361039 -0.64730999
vn -0.35670550 -0.67361039 -0.64730999
vn 0.00000000 -0.31790731 -0.94812180
vn 0.00000000 -0.31790731 -0.94812180
vn 0.00000000 0.00000000 -1.00000000
vn 0.00000000 -0.29030991 -0.95693268
vn 0.00000000 -0.29030991 -0.95693268
vn 0.00000000 0.00000000 -1.00000000
vn 0.62319603 -0.47249699 -0.62319603
vn 0.62319603 -0.47249699 -0.62319603
vn 0.38781820 -0.02690126 -0.92134324
vn 0.38781820 -0.02690126 -0.92134324
vn -0.22008668 -0.73095577 -0.64596092
vn -0.22008668 -0.73095577 -0.64596092
vn -0.01719926 -0.76316715 -0.64597220
vn -0.01719926 -0.76316715 -0.64597220
vn 0.36479581 -0.63869266 -0.67749222
vn 0.36479581 -0.63869266 -0.67749222
vn 0.36479581 -0.63869266 -0.67749222
vn 0.51609129 -0.52369117 -0.67778857
vn 0.51609129 -0.52369117 -0.67778857
vn 0.52421059 -0.55451121 -0.64631306
vn 0.52421059 -0.55451121 -0.64631306
vn 0.87483569 -0.48441976 0.00010000
vn 0.96852738 -0.24890704 0.00010000
vn 0.96862992 -0.24850768 0.00010000
vn 0.87511784 -0.48390986 0.00010000
vn 0.99803229 -0.06270203 0.00000000
vn 0.99803854 -0.06260242 0.00000000
vn 1.00000000 0.00000000 0.00000000
vn 1.00000000 0.00000000 0.00000000
vn 0.63249655 -0.44709756 -0.63249655
vn 0.63249655 -0.44709756 -0.63249655
vn 1.00000000 0.00000000 0.00000000
vn 0.55829503 0.43929609 -0.70379373
vn 0.55829503 0.43929609 -0.70379373
vn 1.00000000 0.00000000 0.00000000
vn 1.00000000 0.00000000 0.00000000
vn 0.70241650 -0.22060518 -0.67671590
vn 0.70241650 -0.22060518 -0.67671590
vn 0.99798191 0.06349885 0.00000000
vn 1.00000000 0.00000000 0.00000000
vn 0.99798824 0.06339925 0.00000000
vn 0.89524247 0.00720034 -0.44552113
vn 0.89524247 0.00720034 -0.44552113
vn 0.44401066 0.00000000 -0.89602150
vn 0.44401066 0.00000000 -0.89602150
vn 0.44401066 0.00000000 -0.89602150
vn 0.44401066 0.00000000 -0.89602150
vn 0.36830240 0.00000000 -0.92970605
vn 0.36901008 0.00000000 -0.92942539
vn 0.67223464 0.00000000 -0.74033815
vn 0.36930315 0.00140001 -0.92930793
vn 0.67087405 0.00000000 -0.74157131
vn 0.67401048 -0.00390006 -0.73871149
vn 0.78269959 0.00000000 -0.62239967
vn 0.78451314 -0.00150003 -0.62011038
vn 0.94879312 -0.00050000 -0.31589771
vn 0.94123422 0.06360231 -0.33171206
vn 0.76909984 0.04559999 -0.63749987
vn 0.89649011 0.23849737 -0.37339588
vn 0.70676658 0.17769160 -0.68476762
vn 0.65060216 0.03520012 -0.75860252
vn 0.37690585 0.00830013 -0.92621438
vn 0.57393376 0.14170834 -0.80654745
vn 0.36800816 -0.00190004 -0.92982062
vn 0.82143598 0.04100180 -0.56882492
vn 0.82143598 0.04100180 -0.56882492
vn 0.73034864 -0.09769313 -0.67605245
vn 0.73034864 -0.09769313 -0.67605245
vn 0.96780496 0.25170129 0.00010000
vn 0.87217842 0.48918790 0.00010000
vn 0.87239686 0.48879824 0.00010000
vn 0.96775623 0.25188861 0.00010000
vn 0.83088743 -0.37489433 -0.41119378
vn 0.83088743 -0.37489433 -0.41119378
vn 0.87268551 -0.04059933 -0.48659192
vn 0.87268551 -0.04059933 -0.48659192
vn 0.78197992 0.28489268 -0.55438576
vn 0.78197992 0.28489268 -0.55438576
vn 0.78197992 0.28489268 -0.55438576
vn 0.74809304 0.66359383 0.00020000
vn 0.74809304 0.66359383 0.00020000
vn 0.52781871 0.56952019 -0.63012234
vn 0.52781871 0.56952019 -0.63012234
vn 0.51087371 0.85965577 0.00009999
vn 0.65298322 0.58878487 -0.47638776
vn 0.65298322 0.58878487 -0.47638776
vn 0.26590016 0.96400057 0.00010000
vn 0.38450227 0.73340434 -0.56060332
vn 0.38450227 0.73340434 -0.56060332
vn 0.00000000 0.43581708 -0.90003526
vn 0.00000000 0.43581708 -0.90003526
vn 0.06740175 0.99772592 0.00000000
vn 0.26611165 0.96394221 0.00010000
vn 0.00000000 1.00000000 0.00000000
vn 0.06740175 0.99772592 0.00000000
vn 0.00000000 1.00000000 0.00000000
vn -0.10630214 0.73001471 -0.67511360
vn -0.10630214 0.73001471 -0.67511360
vn 0.32949159 0.53408638 -0.77858014
vn 0.32949159 0.53408638 -0.77858014
vn 0.43638996 0.33019241 -0.83698075
vn 0.43638996 0.33019241 -0.83698075
vn 0.14739717 0.25409512 -0.95588166
vn 0.07290204 0.30540856 -0.94942662
vn 0.01400012 0.32790269 -0.94460776
vn 0.14149761 0.52639111 -0.83838584
vn 0.03739911 0.58498602 -0.81018064
vn 0.04709900 0.72438457 -0.68778535
vn -0.00020000 0.73599079 -0.67699152
vn -0.00040001 0.60262081 -0.79802756
vn -0.00020000 0.32270039 -0.94650115
vn 0.00000000 0.73479194 -0.67829256
vn 0.00000000 0.60217369 -0.79836511
vn 0.00000000 0.32261081 -0.94653170
vn 0.00020000 0.32270039 -0.94650115
vn -0.00249994 0.44368882 -0.89617743
vn -0.00249994 0.44368882 -0.89617743
vn 0.00000000 1.00000000 0.00000000
vn 0.00000000 0.47140812 -0.88191518
vn 0.00000000 0.47140812 -0.88191518
vn 0.00000000 1.00000000 0.00000000
vn 0.00000000 1.00000000 0.00000000
vn 0.00000000 1.00000000 0.00000000
vn -0.00259993 0.89617720 -0.44368871
vn -0.00259993 0.89617720 -0.44368871
vn 0.00000000 0.93279813 -0.36039928
vn 0.00000000 0.99584140 -0.09110379
vn -0.00009999 0.93315218 -0.35948158
vn 0.06580359 0.92645051 -0.37062021
vn 0.00000000 0.99586940 -0.09079721
vn 0.00000000 0.99326141 0.11589550
vn 0.06970038 0.99300537 -0.09530052
vn 0.26791086 0.95753882 -0.10650432
vn 0.24720444 0.88281587 -0.39940718
vn 0.18180106 0.67230394 -0.71760420
vn 0.46449158 0.77878588 -0.42159236
vn 0.34240157 0.57790266 -0.74080340
vn 0.48128260 0.46498319 -0.74307314
vn 0.37049528 0.35699545 -0.85748907
vn 0.26339582 0.44429295 -0.85628641
vn 0.21289084 0.20109135 -0.95615886
vn 0.56479101 0.20839668 -0.79848728
vn 0.56479101 0.20839668 -0.79848728
vn 0.56479101 0.20839668 -0.79848728
vn 0.27610684 0.14170351 -0.95062355
vn 0.34199059 0.06889810 -0.93717420
vn 0.66392107 0.05960189 -0.74542366
vn 0.66392107 0.05960189 -0.74542366
vn 0.47179059 0.25909483 -0.84278319
vn 0.60208016 0.33278904 -0.72577609
vn 0.64917655 0.63137720 -0.42418468
vn 0.79500960 0.44860542 -0.40830493
vn 0.71168526 0.69258566 -0.11759757
vn 0.86528860 0.48869356 -0.11159853
vn 0.96631698 0.24460430 0.08000141
vn 0.96173837 0.25561020 -0.09860393
vn 0.87192256 0.48561256 0.06270162
vn 0.84117284 0.46668493 0.27319118
vn 0.69128571 0.67418607 0.25999463
vn 0.71521252 0.69641219 0.05900103
vn 0.50872657 0.85314456 -0.11550603
vn 0.91535728 0.23028925 0.33028459
vn 0.99331957 0.05810114 0.09970196
vn 0.91927182 0.05409834 0.38988805
vn 0.99432314 0.00010000 0.10640248
vn 0.91271118 0.00050001 0.40860501
vn 0.99441909 0.00000000 0.10550203
vn 0.99690620 0.00000000 -0.07860049
vn 0.99695364 0.00000000 -0.07799637
vn 0.99700783 0.00010000 -0.07730061
vn 0.95021205 0.00020000 -0.31160395
vn 0.94879324 0.00000000 -0.31589775
vn 0.78834408 0.00050003 -0.61523440
vn 0.78420396 0.00000000 -0.62050314
vn 0.94826248 0.00000000 -0.31748744
vn 0.99692185 0.00000000 -0.07840172
vn 0.99422883 0.06660193 -0.08410244
vn 0.67610458 0.00100001 -0.73680499
vn 0.37660691 -0.01020019 -0.92631700
vn 0.65391187 -0.03600065 -0.75571372
vn 0.77429416 -0.04539966 -0.63119524
vn 0.34271661 -0.06560318 -0.93714542
vn 0.57538141 -0.13849553 -0.80607396
vn 0.71109206 -0.17569804 -0.68079240
vn 0.46939747 -0.25289864 -0.84599544
vn 0.27301361 -0.13600678 -0.95234748
vn 0.78699282 -0.08269925 -0.61139442
vn 0.78699282 -0.08269925 -0.61139442
vn 0.76480758 -0.39170388 -0.51150507
vn 0.76480758 -0.39170388 -0.51150507
vn 0.20899241 -0.19209303 -0.95886518
vn 0.63601911 -0.57141717 -0.51861558
vn 0.63601911 -0.57141717 -0.51861558
vn 0.63601911 -0.57141717 -0.51861558
vn 0.14389969 -0.24099949 -0.95979796
vn 0.36661488 -0.34701409 -0.86323505
vn 0.48290570 -0.45920542 -0.74560879
vn 0.60479445 -0.32889698 -0.72529335
vn 0.79776911 -0.44498277 -0.40688424
vn 0.89891229 -0.23620323 -0.36900505
vn 0.99442612 -0.06590173 -0.08230216
vn 0.96258259 -0.25299542 -0.09709824
vn 0.94318730 -0.06319915 -0.32619561
vn 0.46412672 -0.71464114 -0.52333013
vn 0.46412672 -0.71464114 -0.52333013
vn 0.72201191 -0.69151141 -0.02260037
vn 0.72201191 -0.69151141 -0.02260037
vn 0.51630344 -0.85640571 0.00010000
vn 0.26940736 -0.96302631 0.00010000
vn 0.51573059 -0.85675081 0.00010001
vn 0.68959524 -0.72419500 0.00010000
vn 0.68959524 -0.72419500 0.00010000
vn 0.26910317 -0.96311135 0.00010000
vn 0.06839713 -0.99765817 0.00000000
vn 0.69110959 0.12240170 -0.71230988
vn 0.69110959 0.12240170 -0.71230988
vn 0.71739903 0.69629906 -0.02249997
vn 0.71739903 0.69629906 -0.02249997
vn 0.51130101 0.85940169 0.00010000
vn 0.00000000 0.99586940 -0.09079721
vn -0.06970038 0.99300537 -0.09530052
vn -0.26791086 0.95753882 -0.10650432
vn -0.50532624 0.86024468 0.06800353
vn -0.50868317 0.85317177 -0.11549618
vn -0.71517953 0.69648006 0.05859832
vn -0.71181732 0.69251685 -0.11720285
vn -0.87192256 0.48561256 0.06270162
vn -0.86528860 0.48869356 -0.11159853
vn -0.96632471 0.24460625 0.07990204
vn -0.96173837 0.25561020 -0.09860393
vn -0.99422883 0.06660193 -0.08410244
vn -0.99331957 0.05810114 0.09970196
vn -0.99692185 0.00000000 -0.07840172
vn -0.99432314 0.00010000 0.10640248
vn -0.91538751 0.23029686 0.33019549
vn -0.91927182 0.05409834 0.38988805
vn -0.70388961 0.04939927 0.70858954
vn -0.74251648 0.19890441 0.63961419
vn -0.91271118 0.00050001 0.40860501
vn -0.67907275 0.00079997 0.73407054
vn -0.99441909 0.00000000 0.10550203
vn -0.91382392 0.00000000 0.40611063
vn -0.91400526 0.00000000 0.40570233
vn -0.99442957 0.00000000 0.10540313
vn -0.68176939 0.00000000 0.73156715
vn -0.35788652 0.00069997 0.93376483
vn -0.35960220 0.00000000 0.93310571
vn -0.68207950 0.00000000 0.73127803
vn -0.91413292 0.00000000 0.40541460
vn -0.99347141 -0.05789833 0.09829717
vn -0.99444005 0.00000000 0.10530424
vn -0.99445490 -0.06609700 -0.08179629
vn -0.99704624 0.00000000 -0.07680356
vn -0.99695364 0.00000000 -0.07799637
vn -0.95024165 0.00020001 -0.31151366
vn -0.94318134 -0.06329875 -0.32619355
vn -0.89887912 -0.23619451 -0.36909143
vn -0.79783706 -0.44492067 -0.40681890
vn -0.96258259 -0.25299542 -0.09709824
vn -0.96670505 -0.24290127 0.08050042
vn -0.87378247 -0.48179034 0.06619867
vn -0.94879324 0.00000000 -0.31589775
vn -0.94822228 0.00000000 -0.31760746
vn -0.99689836 0.00000000 -0.07869987
vn -0.94879312 -0.00050000 -0.31589771
vn -0.39049362 0.03379945 0.91998496
vn -0.44341623 0.13340488 0.88633244
vn -0.44561396 -0.63301983 -0.63301983
vn -0.44561396 -0.63301983 -0.63301983
vn 0.00850015 -0.38490680 -0.92291630
vn 0.00850015 -0.38490680 -0.92291630
vn -0.05659973 -0.39369813 -0.91749564
vn -0.05659973 -0.39369813 -0.91749564
vn -0.18010194 -0.34990376 -0.91930988
vn -0.18010194 -0.34990376 -0.91930988
vn -0.41429363 -0.40009385 -0.81748743
vn -0.41429363 -0.40009385 -0.81748743
vn -0.41429363 -0.40009385 -0.81748743
vn 0.05150176 -0.02960101 0.99823412
vn 0.17440126 -0.17440126 0.96910701
vn 0.24429548 -0.42319218 0.87248387
vn 0.12340095 -0.21400165 0.96900748
vn 0.06229729 -0.23308984 0.97045771
vn 0.12460043 -0.46310162 0.87750306
vn 0.17979460 -0.66598001 0.72397827
vn 0.03400123 -0.49481783 0.86833129
vn 0.04569777 -0.70446561 0.70826543
vn 0.00000000 -0.72730983 0.68630927
vn 0.00000000 -0.87813242 0.47841766
vn 0.05420005 -0.86450087 0.49970050
vn 0.00000000 -0.96949793 0.24509948
vn -0.05910051 -0.96430824 0.25810221
vn 0.03129973 -0.99759149 0.06189947
vn 0.03129973 -0.99759149 0.06189947
vn -0.05420005 -0.86450087 0.49970050
vn -0.22329699 -0.82628885 0.51709302
vn -0.17979460 -0.66598001 0.72397827
vn -0.04569777 -0.70446561 0.70826543
vn -0.12460043 -0.46310162 0.87750306
vn -0.03400123 -0.49481783 0.86833129
vn 0.00000000 -0.52190297 0.85300486
vn -0.01960028 -0.25090354 0.96781364
vn -0.06229729 -0.23308984 0.97045771
vn -0.01159971 -0.05579858 0.99837466
vn -0.02970093 -0.05150161 0.99823116
vn -0.12330107 -0.21360185 0.96910840
vn -0.04210109 -0.04210109 0.99822592
vn -0.24429548 -0.42319218 0.87248387
vn -0.17440126 -0.17440126 0.96910701
vn -0.05150176 -0.02960101 0.99823412
vn -0.34550056 -0.34550056 0.87250142
vn -0.21379535 -0.12319732 0.96907893
vn -0.05660147 -0.01190031 0.99832593
vn -0.23500730 -0.06330197 0.96993012
vn -0.42319218 -0.24429548 0.87248387
vn -0.49399697 -0.49399697 0.71549562
vn -0.60500734 -0.34930424 0.71550868
vn -0.46570520 -0.12540140 0.87600979
vn -0.66856781 -0.18029132 0.72146526
vn -0.50238378 -0.03409890 0.86397211
vn -0.25540706 -0.02000055 0.96662672
vn -0.27978880 0.00000000 0.96006157
vn -0.07129679 0.00000000 0.99745515
vn -0.05670122 0.01180025 0.99832145
vn 0.00000000 0.00000000 1.00000000
vn 0.09110379 0.00000000 0.99584140
vn 0.00000000 0.00000000 1.00000000
vn -0.04200127 0.04210127 0.99823012
vn 0.00000000 0.00000000 1.00000000
vn -0.05150161 0.02970093 0.99823116
vn -0.23510326 0.06320088 0.96991345
vn -0.21360185 0.12330107 0.96910840
vn -0.46571688 0.12520454 0.87603174
vn -0.42319218 0.24429548 0.87248387
vn -0.17440126 0.17440126 0.96910701
vn -0.34550056 0.34550056 0.87250142
vn -0.12309568 0.21209255 0.96946594
vn -0.02979908 0.05069844 0.99826934
vn 0.00000000 0.00000000 1.00000000
vn -0.01319996 0.05319982 0.99849664
vn -0.05980330 0.23041271 0.97125360
vn -0.24429548 0.42319218 0.87248387
vn -0.12489872 0.46209528 0.87799104
vn -0.18000360 0.66501329 0.72481448
vn -0.34930424 0.60500734 0.71550868
vn -0.60910974 0.60910974 0.50790812
vn -0.49399697 0.49399697 0.71549562
vn -0.43070411 0.74600712 0.50790485
vn -0.48230207 0.83540359 0.26360113
vn -0.22349366 0.82567658 0.51798530
vn -0.68209803 0.68209803 0.26359924
vn -0.68110482 0.72920516 0.06600047
vn -0.68110482 0.72920516 0.06600047
vn -0.83540359 0.48230207 0.26360113
vn -0.86559428 0.49969670 0.03239979
vn -0.86559428 0.49969670 0.03239979
vn -0.95396607 0.29228960 0.06719761
vn -0.95396607 0.29228960 0.06719761
vn -0.86418003 0.49888847 0.06559848
vn -0.70558374 0.70558374 0.06559849
vn -0.83667151 0.48308355 0.25809121
vn -0.83740139 0.22440037 0.49840083
vn -0.93321034 0.25000277 0.25810286
vn -0.96383244 0.25830869 0.06560221
vn -0.86509331 0.05669956 0.49839615
vn -0.96407732 0.06319851 0.25799393
vn -0.99572004 0.06530131 0.06540132
vn -0.86601905 0.00000000 0.50001100
vn -0.96592886 0.00000000 0.25880773
vn -0.86509331 -0.05669956 0.49839615
vn -0.96407732 -0.06319851 0.25799393
vn -0.99785930 0.00000000 0.06539733
vn -0.99773216 0.03050098 0.06000193
vn -0.99773216 0.03050098 0.06000193
vn -0.99572004 -0.06530131 0.06540132
vn -0.99766810 0.06289799 0.02649915
vn -0.99766810 0.06289799 0.02649915
vn -0.93025139 0.25081386 0.26781479
vn -0.96561796 0.05890110 0.25320471
vn -0.97099524 0.00000000 0.23909883
vn -0.82799603 0.22319893 0.51439753
vn -0.86879482 0.05419968 0.49219707
vn -0.66859190 0.18009782 0.72149126
vn -0.71149271 0.04589953 0.70119281
vn -0.88330339 0.00000000 0.46880180
vn -0.73618208 0.00000000 0.67678353
vn -0.96561796 -0.05890110 0.25320471
vn -0.86884229 -0.05410263 0.49212395
vn -0.93022647 -0.25080714 0.26790762
vn -0.82797754 -0.22329394 0.51438605
vn -0.71159523 -0.04579969 0.70109530
vn -0.53178648 0.00000000 0.84687847
vn -0.50218741 0.03429914 0.86407834
vn -0.25491441 0.02010114 0.96675467
vn -0.83540359 -0.48230207 0.26360113
vn -0.74600712 -0.43070411 0.50790485
vn -0.60910974 -0.60910974 0.50790812
vn -0.68209803 -0.68209803 0.26359924
vn -0.48230207 -0.83540359 0.26360113
vn -0.70568480 -0.70778475 0.03239930
vn -0.70568480 -0.70778475 0.03239930
vn -0.49841794 -0.86633118 0.03240117
vn -0.49841794 -0.86633118 0.03240117
vn -0.29279274 -0.95377636 0.06769832
vn -0.29279274 -0.95377636 0.06769832
vn -0.70558374 -0.70558374 0.06559849
vn -0.49888847 -0.86418003 0.06559848
vn -0.48308355 -0.83667151 0.25809121
vn -0.25000277 -0.93321034 0.25810286
vn -0.25830869 -0.96383244 0.06560221
vn -0.06319851 -0.96407732 0.25799393
vn -0.06170144 -0.99742333 0.03660086
vn -0.06170144 -0.99742333 0.03660086
vn -0.06530131 -0.99572004 0.06540132
vn 0.00000000 -0.99785930 0.06539733
vn 0.00000000 -0.96592886 0.25880773
vn 0.06530131 -0.99572004 0.06540132
vn 0.06319851 -0.96407732 0.25799393
vn 0.00000000 -0.86601905 0.50001100
vn -0.05669956 -0.86509331 0.49839615
vn 0.05669956 -0.86509331 0.49839615
vn 0.00000000 -0.70710678 0.70710678
vn -0.04639961 -0.70759408 0.70509410
vn 0.04639961 -0.70759408 0.70509410
vn 0.00000000 -0.50001100 0.86601905
vn 0.03290072 -0.50221103 0.86411898
vn 0.00000000 -0.19690455 0.98042266
vn 0.00000000 -0.19690455 0.98042266
vn -0.03290072 -0.50221103 0.86411898
vn -0.13070814 -0.48773039 0.86315378
vn -0.18360521 -0.68541944 0.70461998
vn 0.01910072 -0.28601075 0.95803602
vn 0.01910072 -0.28601075 0.95803602
vn -0.00419991 -0.27449417 0.96157959
vn -0.00419991 -0.27449417 0.96157959
vn -0.00439995 -0.06779927 0.99768928
vn 0.00000000 -0.06539733 0.99785930
vn 0.00439995 -0.06779927 0.99768928
vn 0.00000000 0.00000000 1.00000000
vn 0.02540017 -0.32490222 0.94540646
vn 0.02540017 -0.32490222 0.94540646
vn 0.09370170 -0.31690575 0.94381711
vn 0.09370170 -0.31690575 0.94381711
vn 0.13070177 -0.48780660 0.86311168
vn 0.18360521 -0.68541944 0.70461998
vn 0.25250895 -0.43731549 0.86313058
vn 0.35480808 -0.61451400 0.70461605
vn 0.61301822 -0.61301822 0.49841481
vn 0.43349448 -0.75079045 0.49839366
vn 0.50173338 -0.50173338 0.70464688
vn 0.61451400 -0.35480808 0.70461605
vn 0.75079045 -0.43349448 0.49839366
vn 0.35710314 -0.35710314 0.86310758
vn 0.43731549 -0.25250895 0.86313058
vn 0.23950953 -0.22760905 0.94383754
vn 0.23950953 -0.22760905 0.94383754
vn 0.17250639 -0.28181044 0.94383496
vn 0.17250639 -0.28181044 0.94383496
vn 0.03510114 -0.06080198 0.99753247
vn 0.01820060 -0.06780223 0.99753275
vn 0.00000000 0.00000000 1.00000000
vn 0.00000000 0.00000000 1.00000000
vn 0.00000000 0.06539733 0.99785930
vn 0.00439995 0.06779927 0.99768928
vn 0.01820060 0.06780223 0.99753275
vn -0.04309958 0.32829681 0.94359082
vn -0.04309958 0.32829681 0.94359082
vn -0.01270034 0.20620554 0.97842628
vn -0.01270034 0.20620554 0.97842628
vn 0.02329939 0.21069445 0.97727426
vn 0.02329939 0.21069445 0.97727426
vn 0.00000000 0.50001100 0.86601905
vn 0.03290072 0.50221103 0.86411898
vn 0.04639961 0.70759408 0.70509410
vn 0.13070814 0.48773039 0.86315378
vn 0.00000000 0.70710678 0.70710678
vn -0.03290072 0.50221103 0.86411898
vn -0.11459463 0.30368578 0.94585571
vn -0.11459463 0.30368578 0.94585571
vn -0.04710236 0.31821593 0.94684740
vn -0.04710236 0.31821593 0.94684740
vn -0.00439995 0.06779927 0.99768928
vn -0.01820060 0.06780223 0.99753275
vn -0.03510114 0.06080198 0.99753247
vn 0.00000000 0.00000000 1.00000000
vn 0.00000000 0.00000000 1.00000000
vn -0.03510114 -0.06080198 0.99753247
vn 0.00000000 0.00000000 1.00000000
vn -0.01820060 -0.06780223 0.99753275
vn -0.07509762 -0.26409163 0.96156953
vn -0.07509762 -0.26409163 0.96156953
vn -0.25250895 -0.43731549 0.86313058
vn -0.14089423 -0.23569035 0.96156064
vn -0.14089423 -0.23569035 0.96156064
vn -0.35710314 -0.35710314 0.86310758
vn -0.61451400 -0.35480808 0.70461605
vn -0.50173338 -0.50173338 0.70464688
vn -0.43731549 -0.25250895 0.86313058
vn -0.68537114 -0.18359227 0.70467033
vn -0.19709208 -0.19119231 0.96156134
vn -0.19709208 -0.19119231 0.96156134
vn -0.48768829 -0.13069686 0.86317928
vn -0.23979670 -0.13359816 0.96158675
vn -0.23979670 -0.13359816 0.96158675
vn -0.50221103 -0.03290072 0.86411898
vn -0.70759408 -0.04639961 0.70509410
vn -0.70710678 0.00000000 0.70710678
vn -0.70759408 0.04639961 0.70509410
vn -0.50001100 0.00000000 0.86601905
vn -0.25829391 -0.06349850 0.96397728
vn -0.25829391 -0.06349850 0.96397728
vn -0.31830580 -0.04710086 0.94681726
vn -0.31830580 -0.04710086 0.94681726
vn -0.50221103 0.03290072 0.86411898
vn -0.26650871 -0.04810157 0.96263147
vn -0.26650871 -0.04810157 0.96263147
vn -0.68540685 0.18370184 0.70460704
vn -0.06779927 0.00439995 0.99768928
vn -0.06539733 0.00000000 0.99785930
vn 0.00000000 0.00000000 1.00000000
vn -0.06779927 -0.00439995 0.99768928
vn -0.06780223 -0.01820060 0.99753275
vn -0.06080198 -0.03510114 0.99753247
vn 0.00000000 0.00000000 1.00000000
vn 0.00000000 0.00000000 1.00000000
vn -0.04970133 -0.04970133 0.99752672
vn -0.83740139 -0.22440037 0.49840083
vn -0.93321034 -0.25000277 0.25810286
vn -0.75079045 -0.43349448 0.49839366
vn -0.83667151 -0.48308355 0.25809121
vn -0.61301822 -0.61301822 0.49841481
vn -0.68314549 -0.68314549 0.25811719
vn -0.35480808 -0.61451400 0.70461605
vn -0.43349448 -0.75079045 0.49839366
vn -0.22440037 -0.83740139 0.49840083
vn -0.86418003 -0.49888847 0.06559848
vn -0.88061717 -0.46920915 0.06600129
vn -0.88061717 -0.46920915 0.06600129
vn -0.96383244 -0.25830869 0.06560221
vn -0.96480152 -0.26090041 0.03300005
vn -0.96480152 -0.26090041 0.03300005
vn -0.99730621 -0.06280039 0.03790024
vn -0.99730621 -0.06280039 0.03790024
vn 0.18360521 0.68541944 0.70461998
vn 0.07699805 0.19749501 0.97727530
vn 0.07699805 0.19749501 0.97727530
vn 0.25250895 0.43731549 0.86313058
vn 0.12549760 0.17079674 0.97728134
vn 0.12549760 0.17079674 0.97728134
vn 0.35480808 0.61451400 0.70461605
vn 0.35707232 0.35707232 0.86313308
vn 0.43727775 0.25248715 0.86315608
vn 0.50173338 0.50173338 0.70464688
vn 0.16539763 0.13249810 0.97728598
vn 0.16539763 0.13249810 0.97728598
vn 0.19370502 0.08320216 0.97752533
vn 0.19370502 0.08320216 0.97752533
vn 0.06780223 0.01820060 0.99753275
vn 0.06080198 0.03510114 0.99753247
vn 0.00000000 0.00000000 1.00000000
vn 0.00000000 0.00000000 1.00000000
vn 0.04970133 0.04970133 0.99752672
vn 0.03510114 0.06080198 0.99753247
vn 0.00000000 0.00000000 1.00000000
vn 0.04970133 -0.04970133 0.99752672
vn 0.06080198 -0.03510114 0.99753247
vn 0.00000000 0.00000000 1.00000000
vn 0.32121555 -0.07730374 0.94384570
vn 0.32121555 -0.07730374 0.94384570
vn 0.29030967 -0.15780526 0.94383144
vn 0.29030967 -0.15780526 0.94383144
vn 0.06780223 -0.01820060 0.99753275
vn 0.06779927 -0.00439995 0.99768928
vn 0.20620554 0.01270034 0.97842628
vn 0.20620554 0.01270034 0.97842628
vn 0.50221103 -0.03290072 0.86411898
vn 0.31970570 0.00000000 0.94751689
vn 0.31970570 0.00000000 0.94751689
vn 0.50001100 0.00000000 0.86601905
vn 0.70759408 0.04639961 0.70509410
vn 0.70710678 0.00000000 0.70710678
vn 0.50221103 0.03290072 0.86411898
vn 0.32490222 0.02540017 0.94540646
vn 0.32490222 0.02540017 0.94540646
vn 0.48773039 0.13070814 0.86315378
vn 0.68541944 0.18360521 0.70461998
vn 0.75079045 0.43349448 0.49839366
vn 0.83740139 0.22440037 0.49840083
vn 0.61451400 0.35480808 0.70461605
vn 0.86509331 0.05669956 0.49839615
vn 0.93321034 0.25000277 0.25810286
vn 0.83667151 0.48308355 0.25809121
vn 0.86418003 0.49888847 0.06559848
vn 0.88061717 0.46920915 0.06600129
vn 0.88061717 0.46920915 0.06600129
vn 0.96520878 0.25940236 0.03290030
vn 0.96520878 0.25940236 0.03290030
vn 0.96383244 0.25830869 0.06560221
vn 0.99764812 0.02530122 0.06370307
vn 0.99764812 0.02530122 0.06370307
vn 0.96407732 0.06319851 0.25799393
vn 0.99572004 0.06530131 0.06540132
vn 0.99785930 0.00000000 0.06539733
vn 0.96592886 0.00000000 0.25880773
vn 0.86509331 -0.05669956 0.49839615
vn 0.86601905 0.00000000 0.50001100
vn 0.96407732 -0.06319851 0.25799393
vn 0.83740139 -0.22440037 0.49840083
vn 0.93321034 -0.25000277 0.25810286
vn 0.83667151 -0.48308355 0.25809121
vn 0.68314549 -0.68314549 0.25811719
vn 0.48308355 -0.83667151 0.25809121
vn 0.22440037 -0.83740139 0.49840083
vn 0.25009652 -0.93318700 0.25809640
vn 0.68541944 -0.18360521 0.70461998
vn 0.70759408 -0.04639961 0.70509410
vn 0.48780660 -0.13070177 0.86311168
vn 0.83540359 0.48230207 0.26360113
vn 0.06539733 0.00000000 0.99785930
vn 0.06779927 0.00439995 0.99768928
vn -0.25130100 -0.92960371 0.26960108
vn -0.43070411 -0.74600712 0.50790485
vn -0.34930424 -0.60500734 0.71550868
vn -0.60500734 0.34930424 0.71550868
vn -0.74600712 0.43070411 0.50790485
vn 0.00010000 -0.08180398 0.99664843
vn 0.00000000 -0.32981582 0.94404530
vn 0.00030001 -0.32841200 0.94453452
vn 0.01099985 -0.09319876 0.99558676
vn 0.03290014 -0.35390147 0.93470387
vn 0.04209794 -0.11079457 0.99295132
vn 0.13089458 -0.39648360 0.90866240
vn 0.08130049 -0.11350068 0.99020595
vn 0.20450004 -0.69640013 0.68790013
vn 0.05059940 -0.66459210 0.74549114
vn 0.00030000 -0.64309121 0.76578953
vn 0.00020000 -0.89711090 0.44180537
vn 0.05830074 -0.90331139 0.42500536
vn 0.24329386 -0.89557739 0.37249059
vn 0.00010000 -0.99309657 0.11729959
vn 0.00000000 -0.99317924 0.11659756
vn 0.00000000 -0.89809656 0.43979832
vn -0.00020000 -0.89720967 0.44160476
vn -0.00030001 -0.64292465 0.76592937
vn -0.05049925 -0.66449008 0.74558887
vn -0.03290130 -0.35381399 0.93473695
vn -0.13090648 -0.39651962 0.90864497
vn -0.00030001 -0.32841200 0.94453452
vn 0.00000000 -0.64520676 0.76400801
vn 0.36031226 0.00000000 0.93283175
vn 0.00000000 -0.27309623 0.96198672
vn 0.01990073 -0.25040919 0.96793553
vn 0.08919916 0.99389063 0.06499939
vn 0.08919916 0.99389063 0.06499939
vn 0.01990006 0.10660030 0.99410279
vn 0.01990006 0.10660030 0.99410279
vn 0.21789590 0.32609386 0.91988269
vn 0.02340053 0.05660128 0.99812259
vn 0.02340053 0.05660128 0.99812259
vn 0.00000000 0.00000000 1.00000000
vn 0.04330101 0.04330101 0.99812326
vn 0.04330101 0.04330101 0.99812326
vn 0.27729909 0.27729909 0.91989697
vn 0.50301362 0.50301362 0.70281903
vn 0.59150499 0.39520333 0.70280593
vn 0.32609386 0.21789590 0.91988269
vn 0.65722218 0.27220918 0.70282371
vn 0.36229868 0.15009945 0.91989664
vn 0.05090126 0.03400084 0.99812474
vn 0.05090126 0.03400084 0.99812474
vn 0.07579992 0.07759991 0.99409890
vn 0.07579992 0.07759991 0.99409890
vn 0.06000164 0.01190033 0.99812734
vn 0.06000164 0.01190033 0.99812734
vn 0.38460280 0.07650056 0.91990671
vn 0.71139367 0.00000000 0.70279375
vn 0.39219277 0.00000000 0.91988305
vn 0.69770748 0.13880149 0.70280753
vn 0.90636852 0.18029374 0.38208673
vn 0.92411792 0.00000000 0.38210741
vn 0.99501737 0.00000000 0.09970174
vn 0.97590209 -0.19410042 0.09970021
vn 0.90636852 -0.18029374 0.38208673
vn 0.69770748 -0.13880149 0.70280753
vn 0.91927186 -0.38078834 0.09969695
vn 0.85379667 -0.35359862 0.38209851
vn 0.65722218 -0.27220918 0.70282371
vn 0.82731935 -0.55281293 0.09970233
vn 0.76839288 -0.51339524 0.38209646
vn 0.59150499 -0.39520333 0.70280593
vn 0.70358381 -0.70358381 0.09969771
vn 0.65345919 -0.65345919 0.38207614
vn 0.50301362 -0.50301362 0.70281903
vn 0.55281293 -0.82731935 0.09970233
vn 0.51339524 -0.76839288 0.38209646
vn 0.39520333 -0.59150499 0.70280593
vn 0.38078834 -0.91927186 0.09969695
vn 0.35359862 -0.85379667 0.38209851
vn 0.27220918 -0.65722218 0.70282371
vn 0.19410042 -0.97590209 0.09970021
vn 0.18029374 -0.90636852 0.38208673
vn 0.00000000 -0.99501737 0.09970174
vn 0.00000000 -0.92411792 0.38210741
vn 0.13880149 -0.69770748 0.70280753
vn 0.15009945 -0.36229868 0.91989664
vn 0.07649762 -0.38468801 0.91987132
vn 0.00000000 -0.71139367 0.70279375
vn 0.00000000 -0.39219277 0.91988305
vn -0.18029374 -0.90636852 0.38208673
vn -0.13880149 -0.69770748 0.70280753
vn -0.07650056 -0.38460280 0.91990671
vn -0.35359862 -0.85379667 0.38209851
vn -0.27220918 -0.65722218 0.70282371
vn -0.15009945 -0.36229868 0.91989664
vn -0.51339524 -0.76839288 0.38209646
vn -0.39520333 -0.59150499 0.70280593
vn -0.21789590 -0.32609386 0.91988269
vn -0.65350189 -0.65340189 0.38210110
vn -0.50301362 -0.50301362 0.70281903
vn -0.27729909 -0.27729909 0.91989697
vn -0.76839288 -0.51339524 0.38209646
vn -0.59150499 -0.39520333 0.70280593
vn -0.32609386 -0.21789590 0.91988269
vn -0.85379667 -0.35359862 0.38209851
vn -0.65722218 -0.27220918 0.70282371
vn -0.36229868 -0.15009945 0.91989664
vn -0.90636852 -0.18029374 0.38208673
vn -0.69770748 -0.13880149 0.70280753
vn -0.38460280 -0.07650056 0.91990671
vn -0.92411792 0.00000000 0.38210741
vn -0.71139367 0.00000000 0.70279375
vn -0.39219277 0.00000000 0.91988305
vn -0.90636852 0.18029374 0.38208673
vn -0.69770748 0.13880149 0.70280753
vn -0.38460280 0.07650056 0.91990671
vn -0.85379667 0.35359862 0.38209851
vn -0.65722218 0.27220918 0.70282371
vn -0.59150499 0.39520333 0.70280593
vn -0.36229868 0.15009945 0.91989664
vn -0.76839288 0.51339524 0.38209646
vn -0.82731935 0.55281293 0.09970233
vn -0.70358381 0.70358381 0.09969771
vn -0.65340189 0.65350189 0.38210110
vn -0.50301362 0.50301362 0.70281903
vn -0.55281293 0.82731935 0.09970233
vn -0.51339524 0.76839288 0.38209646
vn -0.38078834 0.91927186 0.09969695
vn -0.35359862 0.85379667 0.38209851
vn -0.39520333 0.59150499 0.70280593
vn -0.27729909 0.27729909 0.91989697
vn -0.21789590 0.32609386 0.91988269
vn -0.27220918 0.65722218 0.70282371
vn -0.15009945 0.36229868 0.91989664
vn -0.18029374 0.90636852 0.38208673
vn -0.13880149 0.69770748 0.70280753
vn 0.04610158 0.92383157 0.38001299
vn 0.04610158 0.92383157 0.38001299
vn 0.03530007 0.71120144 0.70210143
vn 0.03530007 0.71120144 0.70210143
vn -0.07649762 0.38468801 0.91987132
vn -0.07759991 0.07579992 0.99409890
vn -0.07759991 0.07579992 0.99409890
vn 0.01279972 0.39199141 0.91987983
vn 0.01279972 0.39199141 0.91987983
vn -0.01190033 0.06000164 0.99812734
vn -0.01190033 0.06000164 0.99812734
vn -0.04270004 0.09970009 0.99410090
vn -0.04270004 0.09970009 0.99410090
vn -0.04270004 0.09970009 0.99410090
vn 0.07650056 0.38460280 0.91990671
vn 0.01190033 0.06000164 0.99812734
vn 0.01190033 0.06000164 0.99812734
vn 0.15009945 0.36229868 0.91989664
vn 0.27220918 0.65722218 0.70282371
vn 0.39520333 0.59150499 0.70280593
vn 0.51339524 0.76839288 0.38209646
vn 0.65344459 0.65344459 0.38212608
vn 0.70358381 0.70358381 0.09969771
vn 0.82731935 0.55281293 0.09970233
vn 0.76839288 0.51339524 0.38209646
vn 0.91927186 0.38078834 0.09969695
vn 0.85379667 0.35359862 0.38209851
vn 0.97590209 0.19410042 0.09970021
vn 0.96642897 0.19220576 -0.17050511
vn 0.91035320 0.37708061 -0.17049124
vn 0.81931249 0.54740835 -0.17050260
vn 0.77707015 0.32188763 -0.54087922
vn 0.82491583 0.16410315 -0.54091038
vn 0.67469481 0.13419897 -0.72579442
vn 0.84109074 0.00000000 -0.54089404
vn 0.68790273 0.00000000 -0.72580289
vn 0.67469481 -0.13419897 -0.72579442
vn 0.82491583 -0.16410315 -0.54091038
vn 0.63552538 -0.26321051 -0.72582899
vn 0.57191942 -0.38221298 -0.72582465
vn 0.77707015 -0.32188763 -0.54087922
vn 0.96642897 -0.19220576 -0.17050511
vn 0.91035320 -0.37708061 -0.17049124
vn 0.69936417 -0.46727606 -0.54087229
vn 0.59469169 -0.59479169 -0.54089244
vn 0.48641081 -0.48641081 -0.72581613
vn 0.81931249 -0.54740835 -0.17050260
vn 0.69675446 -0.69675446 -0.17048886
vn 0.54741768 -0.81932646 -0.17040550
vn 0.46727606 -0.69936417 -0.54087229
vn 0.38219112 -0.57198671 -0.72578313
vn 0.32188763 -0.77707015 -0.54087922
vn 0.26321051 -0.63552538 -0.72582899
vn 0.13419897 -0.67469481 -0.72579442
vn 0.16410315 -0.82491583 -0.54091038
vn 0.00000000 -0.68790273 -0.72580289
vn 0.00000000 -0.84109074 -0.54089404
vn -0.13419897 -0.67469481 -0.72579442
vn -0.16410315 -0.82491583 -0.54091038
vn -0.26321051 -0.63552538 -0.72582899
vn -0.38221298 -0.57191942 -0.72582465
vn -0.32188763 -0.77707015 -0.54087922
vn -0.37708061 -0.91035320 -0.17049124
vn -0.19220576 -0.96642897 -0.17050511
vn -0.46727606 -0.69936417 -0.54087229
vn -0.59469169 -0.59479169 -0.54089244
vn -0.48641081 -0.48641081 -0.72581613
vn -0.54740835 -0.81931249 -0.17050260
vn -0.70358381 -0.70358381 0.09969771
vn -0.69675446 -0.69675446 -0.17048886
vn -0.55281293 -0.82731935 0.09970233
vn -0.38078834 -0.91927186 0.09969695
vn -0.19410042 -0.97590209 0.09970021
vn 0.00000000 -0.98535891 -0.17049289
vn 0.19220576 -0.96642897 -0.17050511
vn 0.37708704 -0.91036872 -0.17039414
vn -0.82731935 -0.55281293 0.09970233
vn -0.81931249 -0.54740835 -0.17050260
vn -0.69936417 -0.46727606 -0.54087229
vn -0.57191942 -0.38221298 -0.72582465
vn -0.77707015 -0.32188763 -0.54087922
vn -0.63552538 -0.26321051 -0.72582899
vn -0.67469481 -0.13419897 -0.72579442
vn -0.82491583 -0.16410315 -0.54091038
vn -0.68790273 0.00000000 -0.72580289
vn -0.84109074 0.00000000 -0.54089404
vn -0.67469481 0.13419897 -0.72579442
vn -0.82491583 0.16410315 -0.54091038
vn -0.63552538 0.26321051 -0.72582899
vn -0.57191942 0.38221298 -0.72582465
vn -0.77707015 0.32188763 -0.54087922
vn -0.91035320 0.37708061 -0.17049124
vn -0.69936417 0.46727606 -0.54087229
vn -0.96642897 0.19220576 -0.17050511
vn -0.91927186 0.38078834 0.09969695
vn -0.98535891 0.00000000 -0.17049289
vn -0.97590209 0.19410042 0.09970021
vn -0.99501737 0.00000000 0.09970174
vn -0.96644544 -0.19220904 -0.17040801
vn -0.97590209 -0.19410042 0.09970021
vn -0.91927186 -0.38078834 0.09969695
vn -0.91035320 -0.37708061 -0.17049124
vn -0.59469169 0.59479169 -0.54089244
vn -0.48641081 0.48641081 -0.72581613
vn -0.81931249 0.54740835 -0.17050260
vn -0.69675446 0.69675446 -0.17048886
vn -0.54740835 0.81931249 -0.17050260
vn -0.46727606 0.69936417 -0.54087229
vn -0.38219112 0.57198671 -0.72578313
vn -0.32188763 0.77707015 -0.54087922
vn -0.26321051 0.63552538 -0.72582899
vn -0.13419897 0.67469481 -0.72579442
vn -0.16410315 0.82491583 -0.54091038
vn -0.02129959 0.68098683 -0.73198584
vn -0.02129959 0.68098683 -0.73198584
vn 0.00000000 0.86293258 -0.50531908
vn 0.00000000 0.86293258 -0.50531908
vn 0.13419897 0.67469481 -0.72579442
vn 0.16410315 0.82491583 -0.54091038
vn 0.26321051 0.63552538 -0.72582899
vn 0.38221298 0.57191942 -0.72582465
vn 0.32188763 0.77707015 -0.54087922
vn 0.19220576 0.96642897 -0.17050511
vn 0.37708061 0.91035320 -0.17049124
vn 0.46727606 0.69936417 -0.54087229
vn 0.59469169 0.59479169 -0.54089244
vn 0.48641081 0.48641081 -0.72581613
vn 0.54740835 0.81931249 -0.17050260
vn 0.69675446 0.69675446 -0.17048886
vn 0.55281293 0.82731935 0.09970233
vn 0.38078834 0.91927186 0.09969695
vn 0.35359862 0.85379667 0.38209851
vn 0.18029374 0.90636852 0.38208673
vn 0.13880149 0.69770748 0.70280753
vn 0.19410042 0.97590209 0.09970021
vn 0.00000000 0.99442957 -0.10540313
vn 0.00000000 0.99442957 -0.10540313
vn 0.03320110 0.99443302 0.10000332
vn 0.03320110 0.99443302 0.10000332
vn -0.19410042 0.97590209 0.09970021
vn -0.19220576 0.96642897 -0.17050511
vn -0.37708061 0.91035320 -0.17049124
vn 0.69936417 0.46727606 -0.54087229
vn 0.57198671 0.38219112 -0.72578313
vn 0.63552538 0.26321051 -0.72582899
vn 0.98535891 0.00000000 -0.17049289
vn -0.03400084 0.05090126 0.99812474
vn -0.03400084 0.05090126 0.99812474
vn -0.04330101 0.04330101 0.99812326
vn -0.04330101 0.04330101 0.99812326
vn -0.10660030 0.01990006 0.99410279
vn -0.10660030 0.01990006 0.99410279
vn -0.05660128 0.02340053 0.99812259
vn -0.05660128 0.02340053 0.99812259
vn -0.32609386 0.21789590 0.91988269
vn -0.06000164 0.01190033 0.99812734
vn -0.06000164 0.01190033 0.99812734
vn -0.09970009 -0.04270004 0.99410090
vn -0.09970009 -0.04270004 0.99410090
vn -0.06000164 -0.01190033 0.99812734
vn -0.06000164 -0.01190033 0.99812734
vn -0.05660128 -0.02340053 0.99812259
vn -0.05660128 -0.02340053 0.99812259
vn -0.05919993 -0.09089990 0.99409888
vn -0.05919993 -0.09089990 0.99409888
vn -0.04330101 -0.04330101 0.99812326
vn -0.04330101 -0.04330101 0.99812326
vn -0.03400084 -0.05090126 0.99812474
vn -0.03400084 -0.05090126 0.99812474
vn 0.00129999 -0.10849953 0.99409565
vn 0.00129999 -0.10849953 0.99409565
vn -0.01190033 -0.06000164 0.99812734
vn -0.01190033 -0.06000164 0.99812734
vn 0.00000000 -0.06120156 0.99812543
vn 0.00000000 -0.06120156 0.99812543
vn 0.06129992 -0.08949988 0.99409863
vn 0.06129992 -0.08949988 0.99409863
vn 0.02340053 -0.05660128 0.99812259
vn 0.02340053 -0.05660128 0.99812259
vn 0.03400084 -0.05090126 0.99812474
vn 0.03400084 -0.05090126 0.99812474
vn 0.10070003 -0.04030001 0.99410030
vn 0.10070003 -0.04030001 0.99410030
vn 0.21789590 -0.32609386 0.91988269
vn 0.27729909 -0.27729909 0.91989697
vn 0.32609386 -0.21789590 0.91988269
vn 0.05090126 -0.03400084 0.99812474
vn 0.05090126 -0.03400084 0.99812474
vn 0.05660128 -0.02340053 0.99812259
vn 0.05660128 -0.02340053 0.99812259
vn 0.36229868 -0.15009945 0.91989664
vn 0.10610033 0.02240007 0.99410309
vn 0.10610033 0.02240007 0.99410309
vn 0.06120156 0.00000000 0.99812543
vn 0.06120156 0.00000000 0.99812543
vn 0.38460280 -0.07650056 0.91990671
vn -0.60542949 -0.40451971 0.68543339
vn 0.00000000 0.00000000 1.00000000
vn -0.67272812 -0.27861164 0.68542865
vn -0.51489558 -0.51489558 0.68539411
vn -0.61179495 -0.40879662 -0.67719441
vn -0.67979101 -0.28159628 -0.67719105
vn -0.72168449 -0.14349692 -0.67718545
vn -0.64038435 -0.26529351 -0.72078238
vn -0.67986747 -0.13519353 -0.72076552
vn 0.00000000 0.00000000 1.00000000
vn -1.00000000 0.00000000 0.00000000
vn -0.69317266 0.00000000 -0.72077157
vn -0.98078399 -0.19509682 0.00000000
vn 0.00000000 0.00000000 1.00000000
vn 0.99518655 0.09799868 0.00000000
vn 0.99518655 -0.09799868 0.00000000
vn 0.00000000 0.00000000 1.00000000
vn 0.99518655 0.09799868 0.00000000
vn 0.95693268 0.29030991 0.00000000
vn 0.00000000 0.00000000 1.00000000
vn 0.00000000 0.00000000 1.00000000
vn -0.92387667 -0.38269034 0.00000000
vn 0.00000000 0.00000000 1.00000000
vn -0.83146524 -0.55557677 0.00000000
vn 0.00000000 0.00000000 1.00000000
vn 0.95693268 0.29030991 0.00000000
vn 0.88191518 0.47140812 0.00000000
vn -0.57637360 -0.38508236 -0.72076699
vn -0.49018856 -0.49008856 -0.72078317
vn -0.40759929 -0.61269894 -0.67709883
vn -0.40451971 -0.60542949 0.68543339
vn -0.40879662 -0.61179495 -0.67719441
vn -0.27870388 -0.67270937 0.68540955
vn -0.28159628 -0.67979101 -0.67719105
vn -0.38508236 -0.57637360 -0.72076699
vn 0.00000000 0.00000000 1.00000000
vn -0.55557677 -0.83146524 0.00000000
vn -0.26529351 -0.64038435 -0.72078238
vn -0.70710678 -0.70710678 0.00000000
vn 0.00000000 0.00000000 1.00000000
vn 0.88191518 0.47140812 0.00000000
vn 0.00000000 0.00000000 1.00000000
vn 0.77300295 0.63440242 0.00000000
vn 0.77300295 0.63440242 0.00000000
vn 0.00000000 0.00000000 1.00000000
vn 0.63440242 0.77300295 0.00000000
vn 0.77300295 0.63440242 0.00000000
vn 0.88191518 0.47140812 0.00000000
vn -0.00010000 0.00000000 0.99999999
vn -0.00010000 -0.00010000 0.99999999
vn -0.00010000 0.00000000 0.99999999
vn 0.77300295 0.63440242 0.00000000
vn 0.63440242 0.77300295 0.00000000
vn 0.00000000 0.00000000 1.00000000
vn 0.47140812 0.88191518 0.00000000
vn 0.63440242 0.77300295 0.00000000
vn 0.29030991 0.95693268 0.00000000
vn 0.00000000 0.00000000 1.00000000
vn 0.47140812 0.88191518 0.00000000
vn -0.38269034 -0.92387667 0.00000000
vn 0.00000000 0.00000000 1.00000000
vn 0.63440242 0.77300295 0.00000000
vn 0.00000000 -0.00010000 0.99999999
vn -0.00010000 -0.00010000 0.99999999
vn 0.47140812 0.88191518 0.00000000
vn -0.40440184 -0.60520276 0.68570312
vn -0.00010000 -0.00010000 0.99999999
vn 0.00000000 -0.00010000 0.99999999
vn -0.00010000 -0.00010000 0.99999999
vn -0.51469571 -0.51469571 0.68569428
vn 0.00000000 -0.00010000 0.99999999
vn 0.29030991 0.95693268 0.00000000
vn 0.47140812 0.88191518 0.00000000
vn 0.00000000 -0.00010000 0.99999999
vn 0.09799868 0.99518655 0.00000000
vn 0.29030991 0.95693268 0.00000000
vn 0.09799868 0.99518655 0.00000000
vn 0.00000000 0.00000000 1.00000000
vn 0.29030991 0.95693268 0.00000000
vn 0.00000000 -0.00010000 0.99999999
vn -0.27849958 -0.67249899 0.68569897
vn -0.14180390 -0.71391965 0.68571888
vn 0.00000000 -0.00010000 0.99999999
vn 0.00000000 0.00000000 -1.00000000
vn -0.14220599 -0.71383006 -0.68572888
vn 0.00000000 0.00000000 -1.00000000
vn -0.27861056 -0.67242548 -0.68572599
vn -0.40440184 -0.60520276 -0.68570312
vn 0.00000000 0.00000000 -1.00000000
vn 0.00000000 0.00000000 -1.00000000
vn -0.40421006 0.60531507 -0.68571707
vn 0.00000000 0.00000000 -1.00000000
vn -0.27849958 0.67249899 -0.68569897
vn -0.14199988 0.71389939 0.68569942
vn 0.00000000 0.00010000 0.99999999
vn 0.00000000 0.00000000 -1.00000000
vn -0.14199988 0.71389939 -0.68569942
vn -0.27849958 0.67249899 0.68569897
vn 0.00000000 0.00010000 0.99999999
vn -0.40450996 0.60511490 0.68571689
vn -0.00010000 0.00010000 0.99999999
vn 0.00000000 0.00010000 0.99999999
vn 0.47140812 -0.88191518 0.00000000
vn 0.63440242 -0.77300295 0.00000000
vn 0.00000000 0.00010000 0.99999999
vn -0.00010000 0.00010000 0.99999999
vn 0.29030991 -0.95693268 0.00000000
vn 0.47140812 -0.88191518 0.00000000
vn 0.00000000 0.00010000 0.99999999
vn 0.47140812 -0.88191518 0.00000000
vn 0.63440242 -0.77300295 0.00000000
vn 0.00000000 0.00000000 1.00000000
vn 0.29030991 -0.95693268 0.00000000
vn 0.09799868 -0.99518655 0.00000000
vn 0.00000000 0.00010000 0.99999999
vn 0.00000000 0.00000000 1.00000000
vn 0.47140812 -0.88191518 0.00000000
vn 0.29030991 -0.95693268 0.00000000
vn 0.29030991 -0.95693268 0.00000000
vn 0.09799868 -0.99518655 0.00000000
vn 0.00000000 0.00000000 1.00000000
vn -0.55557677 0.83146524 0.00000000
vn 0.00000000 0.00000000 1.00000000
vn -0.38269034 0.92387667 0.00000000
vn 0.00000000 0.00000000 1.00000000
vn -0.26529351 0.64038435 -0.72078238
vn -0.38508236 0.57637360 -0.72076699
vn -0.19509682 0.98078399 0.00000000
vn 0.00000000 0.00000000 1.00000000
vn -0.13519353 0.67986747 -0.72076552
vn -0.09799868 -0.99518655 0.00000000
vn 0.09799868 -0.99518655 0.00000000
vn 0.00000000 0.00000000 1.00000000
vn 0.00000000 0.00000000 1.00000000
vn 0.00000000 1.00000000 0.00000000
vn 0.00000000 0.00000000 1.00000000
vn -0.09799868 -0.99518655 0.00000000
vn -0.29030991 -0.95693268 0.00000000
vn 0.00000000 0.69317266 -0.72077157
vn 0.19509682 0.98078399 0.00000000
vn 0.00000000 0.00000000 1.00000000
vn 0.00000000 0.00000000 1.00000000
vn 0.38269034 0.92387667 0.00000000
vn 0.13519353 0.67986747 -0.72076552
vn -0.47140812 -0.88191518 0.00000000
vn -0.29030991 -0.95693268 0.00000000
vn 0.00000000 0.00000000 1.00000000
vn 0.00000000 0.00000000 1.00000000
vn -0.47140812 -0.88191518 0.00000000
vn -0.63440242 -0.77300295 0.00000000
vn -0.47140812 -0.88191518 0.00000000
vn -0.29030991 -0.95693268 0.00000000
vn 0.00000000 0.00010000 0.99999999
vn -0.63440242 -0.77300295 0.00000000
vn 0.00010000 0.00010000 0.99999999
vn -0.47140812 -0.88191518 0.00000000
vn 0.00000000 0.00010000 0.99999999
vn 0.00010000 0.00010000 0.99999999
vn 0.00000000 0.00010000 0.99999999
vn 0.40440184 0.60520276 0.68570312
vn 0.00010000 0.00010000 0.99999999
vn 0.51469571 0.51469571 0.68569428
vn 0.00010000 0.00010000 0.99999999
vn -0.63440242 -0.77300295 0.00000000
vn -0.77300295 -0.63440242 0.00000000
vn 0.00010000 0.00000000 0.99999999
vn 0.00010000 0.00010000 0.99999999
vn 0.60511490 0.40450996 0.68571689
vn -0.63440242 -0.77300295 0.00000000
vn 0.00000000 0.00000000 1.00000000
vn -0.77300295 -0.63440242 0.00000000
vn 0.00010000 0.00010000 0.99999999
vn -0.77300295 -0.63440242 0.00000000
vn 0.00010000 0.00000000 0.99999999
vn -0.88191518 -0.47140812 0.00000000
vn 0.00010000 0.00000000 0.99999999
vn 0.67249899 0.27849958 0.68569897
vn -0.95693268 -0.29030991 0.00000000
vn -0.88191518 -0.47140812 0.00000000
vn 0.00010000 0.00000000 0.99999999
vn 0.00000000 0.00000000 1.00000000
vn -0.77300295 -0.63440242 0.00000000
vn -0.88191518 -0.47140812 0.00000000
vn 0.00000000 0.00000000 1.00000000
vn -0.88191518 -0.47140812 0.00000000
vn -0.95693268 -0.29030991 0.00000000
vn 0.83146524 0.55557677 0.00000000
vn 0.00000000 0.00000000 1.00000000
vn 0.70710678 0.70710678 0.00000000
vn 0.00000000 0.00000000 1.00000000
vn 0.49016453 0.49016453 -0.72074785
vn 0.38508236 0.57637360 -0.72076699
vn 0.55557677 0.83146524 0.00000000
vn 0.00000000 0.00000000 1.00000000
vn 0.26529351 0.64038435 -0.72078238
vn 0.14359485 0.72167413 -0.67717573
vn 0.28159628 0.67979101 -0.67719105
vn 0.40879662 0.61179495 -0.67719441
vn 0.27870388 0.67270937 0.68540955
vn 0.14209665 0.71418314 0.68538382
vn 0.00000000 0.72818238 0.68538341
vn 0.00000000 0.73579946 -0.67719950
vn -0.14209665 0.71418314 0.68538382
vn -0.27870388 0.67270937 0.68540955
vn -0.14359485 0.72167413 -0.67717573
vn -0.28159628 0.67979101 -0.67719105
vn -0.40451971 0.60542949 0.68543339
vn -0.40879662 0.61179495 -0.67719441
vn -0.51489558 0.51489558 0.68539411
vn -0.52029375 0.52029375 -0.67719187
vn -0.60542949 0.40451971 0.68543339
vn -0.49016453 0.49016453 -0.72074785
vn -0.61179495 0.40879662 -0.67719441
vn -0.54768972 0.30249432 -0.78008535
vn -0.67979101 0.28159628 -0.67719105
vn -0.67270937 0.27870388 0.68540955
vn -0.71418314 0.14209665 0.68538382
vn -0.72168449 0.14349692 -0.67718545
vn -0.72818238 0.00000000 0.68538341
vn -0.73579946 0.00000000 -0.67719950
vn -0.71418314 -0.14209665 0.68538382
vn -0.62602398 -0.06080233 -0.77742978
vn -0.98078399 0.19509682 0.00000000
vn 0.00000000 0.00000000 1.00000000
vn -0.88912080 0.08760205 0.44921051
vn 0.00000000 0.00000000 1.00000000
vn -0.45120832 0.07670141 -0.88911639
vn 0.00000000 0.00000000 1.00000000
vn -0.85498199 0.25929454 0.44919054
vn 0.77300295 -0.63440242 0.00000000
vn 0.88191518 -0.47140812 0.00000000
vn 0.00000000 0.00000000 1.00000000
vn -0.70710678 0.70710678 0.00000000
vn 0.00000000 0.00000000 1.00000000
vn 0.00000000 0.00000000 1.00000000
vn 0.63440242 -0.77300295 0.00000000
vn 0.77300295 -0.63440242 0.00000000
vn -0.00010000 0.00010000 0.99999999
vn 0.63440242 -0.77300295 0.00000000
vn 0.77300295 -0.63440242 0.00000000
vn -0.51479570 0.51459571 0.68569428
vn -0.00010000 0.00010000 0.99999999
vn -0.00010000 0.00000000 0.99999999
vn 0.88191518 -0.47140812 0.00000000
vn -0.00010000 0.00010000 0.99999999
vn 0.77300295 -0.63440242 0.00000000
vn -0.00010000 0.00010000 0.99999999
vn -0.00010000 0.00000000 0.99999999
vn -0.60529060 0.40429372 0.68568935
vn 0.95693268 -0.29030991 0.00000000
vn -0.00010000 0.00000000 0.99999999
vn 0.88191518 -0.47140812 0.00000000
vn 0.95693268 -0.29030991 0.00000000
vn 0.88191518 -0.47140812 0.00000000
vn 0.00000000 0.00000000 1.00000000
vn 0.95693268 -0.29030991 0.00000000
vn 0.99518655 -0.09799868 0.00000000
vn 0.00000000 0.00000000 1.00000000
vn -0.00010000 0.00000000 0.99999999
vn 0.99518655 -0.09799868 0.00000000
vn 0.95693268 -0.29030991 0.00000000
vn -0.00010000 0.00000000 0.99999999
vn 0.99518655 0.09799868 0.00000000
vn 0.99518655 -0.09799868 0.00000000
vn -0.00010000 0.00000000 0.99999999
vn -0.71388925 0.14209786 0.68568968
vn -0.67251772 0.27840734 0.68571807
vn -0.00010000 0.00000000 0.99999999
vn -0.71390953 0.14190189 -0.68570915
vn 0.00000000 0.00000000 -1.00000000
vn 0.00000000 0.00000000 -1.00000000
vn -0.67242548 0.27861056 -0.68572599
vn 0.00000000 0.00000000 -1.00000000
vn -0.60511490 0.40450996 -0.68571689
vn 0.00000000 0.00000000 -1.00000000
vn -0.67249899 -0.27849958 -0.68569897
vn 0.00000000 0.00000000 -1.00000000
vn -0.60531507 -0.40421006 -0.68571707
vn -0.51469571 -0.51469571 -0.68569428
vn 0.00000000 0.00000000 -1.00000000
vn -0.60511490 -0.40450996 0.68571689
vn -0.00010000 0.00000000 0.99999999
vn -0.00010000 -0.00010000 0.99999999
vn -0.00010000 0.00000000 0.99999999
vn -0.67249899 -0.27849958 0.68569897
vn -0.00010000 0.00000000 0.99999999
vn -0.71388925 -0.14209786 0.68568968
vn 0.88191518 0.47140812 0.00000000
vn -0.00010000 0.00000000 0.99999999
vn 0.95693268 0.29030991 0.00000000
vn 0.99518655 0.09799868 0.00000000
vn -0.00010000 0.00000000 0.99999999
vn 0.95693268 0.29030991 0.00000000
vn -0.72789167 0.00000000 0.68569215
vn -0.00010000 0.00000000 0.99999999
vn 0.00000000 0.00000000 -1.00000000
vn -0.71390953 -0.14190189 -0.68570915
vn -0.72789167 0.00000000 -0.68569215
vn 0.00000000 0.00000000 -1.00000000
vn -0.51452218 0.51482219 -0.68572956
vn 0.00000000 0.00000000 -1.00000000
vn 0.40451971 0.60542949 0.68543339
vn 0.52029375 0.52029375 -0.67719187
vn 0.51489558 0.51489558 0.68539411
vn 0.60542949 0.40451971 0.68543339
vn 0.61179495 0.40879662 -0.67719441
vn 0.64038435 0.26529351 -0.72078238
vn 0.67979101 0.28159628 -0.67719105
vn 0.57637360 0.38508236 -0.72076699
vn 0.92387667 0.38269034 0.00000000
vn 0.00000000 0.00000000 1.00000000
vn 0.00000000 0.00000000 1.00000000
vn -0.95693268 -0.29030991 0.00000000
vn -0.99518655 -0.09799868 0.00000000
vn 0.00000000 0.00000000 1.00000000
vn 0.98078399 0.19509682 0.00000000
vn 0.00000000 0.00000000 1.00000000
vn 1.00000000 0.00000000 0.00000000
vn 0.67986747 0.13519353 -0.72076552
vn -0.99518655 0.09799868 0.00000000
vn 0.00000000 0.00000000 1.00000000
vn -0.99518655 -0.09799868 0.00000000
vn -0.95693268 0.29030991 0.00000000
vn -0.99518655 0.09799868 0.00000000
vn 0.00000000 0.00000000 1.00000000
vn -0.99518655 -0.09799868 0.00000000
vn 0.00010000 0.00000000 0.99999999
vn -0.99518655 0.09799868 0.00000000
vn -0.99518655 0.09799868 0.00000000
vn -0.95693268 0.29030991 0.00000000
vn 0.00010000 0.00000000 0.99999999
vn -0.88191518 0.47140812 0.00000000
vn 0.00010000 0.00000000 0.99999999
vn -0.95693268 0.29030991 0.00000000
vn 0.71396868 -0.14179378 0.68566992
vn 0.00010000 0.00000000 0.99999999
vn 0.00010000 0.00000000 0.99999999
vn 0.67259121 -0.27829636 0.68569104
vn 0.00000000 0.00000000 -1.00000000
vn 0.71383006 -0.14220599 -0.68572888
vn 0.67240674 -0.27870280 -0.68570688
vn 0.00000000 0.00000000 -1.00000000
vn 0.00010000 0.00000000 0.99999999
vn 0.60529060 -0.40429372 0.68568935
vn 0.00010000 -0.00010000 0.99999999
vn 0.00000000 0.00000000 -1.00000000
vn 0.60520276 -0.40440184 -0.68570312
vn 0.51459571 -0.51479570 0.68569428
vn 0.00010000 -0.00010000 0.99999999
vn 0.00010000 -0.00010000 0.99999999
vn -0.88191518 0.47140812 0.00000000
vn -0.77300295 0.63440242 0.00000000
vn 0.00010000 0.00000000 0.99999999
vn -0.88191518 0.47140812 0.00000000
vn -0.95693268 0.29030991 0.00000000
vn 0.00000000 0.00000000 1.00000000
vn -0.88191518 0.47140812 0.00000000
vn -0.77300295 0.63440242 0.00000000
vn 0.00000000 0.00000000 1.00000000
vn -0.77300295 0.63440242 0.00000000
vn 0.00010000 -0.00010000 0.99999999
vn -0.63440242 0.77300295 0.00000000
vn 0.00010000 -0.00010000 0.99999999
vn 0.40429372 -0.60529060 0.68568935
vn 0.00000000 -0.00010000 0.99999999
vn -0.47140812 0.88191518 0.00000000
vn -0.63440242 0.77300295 0.00000000
vn 0.00010000 -0.00010000 0.99999999
vn 0.00000000 -0.00010000 0.99999999
vn 0.00000000 0.00000000 1.00000000
vn -0.77300295 0.63440242 0.00000000
vn -0.63440242 0.77300295 0.00000000
vn 0.00000000 0.00000000 1.00000000
vn 0.83146524 -0.55557677 0.00000000
vn 0.70710678 -0.70710678 0.00000000
vn 0.00000000 0.00000000 1.00000000
vn 0.00000000 0.00000000 1.00000000
vn -0.47140812 0.88191518 0.00000000
vn -0.63440242 0.77300295 0.00000000
vn 0.00000000 -0.00010000 0.99999999
vn -0.47140812 0.88191518 0.00000000
vn -0.29030991 0.95693268 0.00000000
vn -0.29030991 0.95693268 0.00000000
vn 0.00000000 0.00000000 1.00000000
vn -0.47140812 0.88191518 0.00000000
vn 0.00000000 0.00000000 1.00000000
vn 0.55557677 -0.83146524 0.00000000
vn 0.38508236 -0.57637360 -0.72076699
vn 0.49018856 -0.49008856 -0.72078317
vn 0.38269034 -0.92387667 0.00000000
vn 0.00000000 0.00000000 1.00000000
vn 0.00000000 0.00000000 1.00000000
vn -0.09799868 0.99518655 0.00000000
vn -0.29030991 0.95693268 0.00000000
vn 0.19509682 -0.98078399 0.00000000
vn 0.00000000 0.00000000 1.00000000
vn 0.26529351 -0.64038435 -0.72078238
vn 0.13519353 -0.67986747 -0.72076552
vn 0.28159628 -0.67979101 -0.67719105
vn 0.40879662 -0.61179495 -0.67719441
vn 0.52029375 -0.52029375 -0.67719187
vn 0.40451971 -0.60542949 0.68543339
vn 0.51489558 -0.51489558 0.68539411
vn 0.60542949 -0.40451971 0.68543339
vn 0.61179495 -0.40879662 -0.67719441
vn 0.67270937 -0.27870388 0.68540955
vn 0.67979101 -0.28159628 -0.67719105
vn 0.71418314 -0.14209665 0.68538382
vn 0.72167413 -0.14359485 -0.67717573
vn 0.72818238 0.00000000 0.68538341
vn 0.71418314 0.14209665 0.68538382
vn 0.73579946 0.00000000 -0.67719950
vn 0.72167413 0.14359485 -0.67717573
vn 0.69317266 0.00000000 -0.72077157
vn 0.67986747 -0.13519353 -0.72076552
vn 0.92387667 -0.38269034 0.00000000
vn 0.00000000 0.00000000 1.00000000
vn 0.98078399 -0.19509682 0.00000000
vn 0.00000000 0.00000000 1.00000000
vn 0.64038435 -0.26529351 -0.72078238
vn 0.57637360 -0.38508236 -0.72076699
vn 0.67270937 0.27870388 0.68540955
vn 0.27870388 -0.67270937 0.68540955
vn 0.14209665 -0.71418314 0.68538382
vn 0.14359485 -0.72167413 -0.67717573
vn 0.00000000 -0.69317266 -0.72077157
vn 0.00000000 -0.73579946 -0.67719950
vn 0.00000000 -0.72818238 0.68538341
vn -0.13519353 -0.67986747 -0.72076552
vn -0.14359485 -0.72167413 -0.67717573
vn -0.14209665 -0.71418314 0.68538382
vn 0.00000000 0.00000000 1.00000000
vn -0.19509682 -0.98078399 0.00000000
vn 0.00000000 -1.00000000 0.00000000
vn 0.00000000 0.00000000 1.00000000
vn 0.09799868 0.99518655 0.00000000
vn -0.09799868 0.99518655 0.00000000
vn 0.00000000 0.00000000 1.00000000
vn 0.00000000 -0.00010000 0.99999999
vn 0.09799868 0.99518655 0.00000000
vn -0.09799868 0.99518655 0.00000000
vn -0.29030991 0.95693268 0.00000000
vn 0.00000000 -0.00010000 0.99999999
vn -0.09799868 0.99518655 0.00000000
vn 0.00000000 -0.00010000 0.99999999
vn 0.00000000 -0.72789167 0.68569215
vn 0.14199988 -0.71389939 0.68569942
vn 0.00000000 -0.00010000 0.99999999
vn 0.00000000 0.00000000 -1.00000000
vn 0.14199988 -0.71389939 -0.68569942
vn 0.00000000 0.00000000 -1.00000000
vn -0.00020000 -0.72789165 -0.68569214
vn 0.00020000 0.72789165 -0.68569214
vn 0.00000000 0.00000000 -1.00000000
vn 0.00020000 0.72789165 0.68569214
vn 0.00000000 0.00010000 0.99999999
vn 0.00000000 0.00010000 0.99999999
vn 0.14199988 0.71389939 0.68569942
vn 0.00000000 0.00000000 -1.00000000
vn 0.14199988 0.71389939 -0.68569942
vn 0.00000000 0.00010000 0.99999999
vn 0.27829636 0.67259121 0.68569104
vn 0.00000000 0.00000000 -1.00000000
vn 0.27870280 0.67240674 -0.68570688
vn 0.00000000 0.00000000 -1.00000000
vn 0.27849958 -0.67249899 -0.68569897
vn 0.00000000 0.00000000 -1.00000000
vn 0.40450996 -0.60511490 -0.68571689
vn 0.27849958 -0.67249899 0.68569897
vn 0.00000000 -0.00010000 0.99999999
vn 0.40440184 0.60520276 -0.68570312
vn 0.00000000 0.00000000 -1.00000000
vn 0.51479570 -0.51459571 -0.68569428
vn 0.00000000 0.00000000 -1.00000000
vn 0.00000000 0.00000000 -1.00000000
vn 0.51479570 0.51459571 -0.68569428
vn 0.00000000 0.00000000 -1.00000000
vn 0.60531507 0.40421006 -0.68571707
vn 0.00000000 0.00000000 -1.00000000
vn 0.67249899 0.27849958 -0.68569897
vn 0.71390953 0.14190189 0.68570915
vn 0.00010000 0.00000000 0.99999999
vn 0.00000000 0.00000000 -1.00000000
vn 0.71388925 0.14209786 -0.68568968
vn 0.00010000 0.00000000 0.99999999
vn 0.72789167 0.00000000 0.68569215
vn 0.72789167 0.00000000 -0.68569215
vn 0.00000000 0.00000000 -1.00000000
vn -0.95693268 -0.29030991 0.00000000
vn 0.00010000 0.00000000 0.99999999
vn -0.99518655 -0.09799868 0.00000000
vn -0.09799868 -0.99518655 0.00000000
vn 0.00000000 0.00010000 0.99999999
vn -0.29030991 -0.95693268 0.00000000
vn -0.09799868 -0.99518655 0.00000000
vn 0.09799868 -0.99518655 0.00000000
vn 0.00000000 0.00010000 0.99999999
vn 0.50528802 0.33019217 -0.79728110
vn 0.00000000 0.55557677 -0.83146524
vn 0.00000000 0.38269034 -0.92387667
vn 0.50531043 0.47940990 -0.71751482
vn 0.53409138 0.32349478 -0.78108740
vn 0.53409267 0.16489774 -0.82918862
vn 0.50527989 0.16839330 -0.84636631
vn 0.50527547 0.00000000 -0.86295811
vn 0.53410962 0.00000000 -0.84541523
vn 0.00000000 0.19509682 -0.98078399
vn 0.00000000 0.00000000 -1.00000000
vn 0.00000000 0.38269034 -0.92387667
vn 0.00000000 0.19509682 -0.98078399
vn 0.00000000 0.00000000 -1.00000000
vn 0.00000000 -0.19509682 -0.98078399
vn 0.00000000 -0.19509682 -0.98078399
vn 0.00000000 -0.38269034 -0.92387667
vn 0.00000000 -0.38269034 -0.92387667
vn 0.00000000 -0.55557677 -0.83146524
vn 0.00000000 -0.55557677 -0.83146524
vn 0.50531043 -0.47940990 -0.71751482
vn 0.50529591 -0.61019507 -0.61019507
vn 0.00000000 -0.70710678 -0.70710678
vn 0.50531043 -0.71751482 -0.47940990
vn 0.00000000 -0.70710678 -0.70710678
vn 0.00000000 -0.83146524 -0.55557677
vn 0.00000000 -0.83146524 -0.55557677
vn 0.00000000 -0.92387667 -0.38269034
vn 0.50528802 -0.79728110 -0.33019217
vn 0.53409138 -0.78108740 -0.32349478
vn 0.53409267 -0.82918862 -0.16489774
vn 0.50527989 -0.84636631 -0.16839330
vn 0.50527547 -0.86295811 0.00000000
vn 0.53410962 -0.84541523 0.00000000
vn 0.00000000 -0.98078399 -0.19509682
vn 0.00000000 -1.00000000 0.00000000
vn 0.00000000 -0.92387667 -0.38269034
vn 0.00000000 -0.98078399 -0.19509682
vn 0.00000000 -1.00000000 0.00000000
vn 0.00000000 -0.98078399 0.19509682
vn 0.00000000 -0.98078399 0.19509682
vn 0.00000000 -0.92387667 0.38269034
vn 0.00000000 -0.92387667 0.38269034
vn 0.00000000 -0.83146524 0.55557677
vn 0.00000000 -0.83146524 0.55557677
vn 0.00000000 -0.70710678 0.70710678
vn 0.00000000 -0.70710678 0.70710678
vn 0.00000000 -0.55557677 0.83146524
vn 0.00000000 -0.55557677 0.83146524
vn 0.00000000 -0.38269034 0.92387667
vn 0.00000000 -0.38269034 0.92387667
vn 0.00000000 -0.19509682 0.98078399
vn 0.00000000 -0.19509682 0.98078399
vn 0.00000000 0.00000000 1.00000000
vn 0.00000000 0.00000000 1.00000000
vn 0.50527547 0.00000000 0.86295811
vn 0.00000000 0.19509682 0.98078399
vn 0.50527989 0.16839330 0.84636631
vn 0.53409138 0.32349478 0.78108740
vn 0.50528802 0.33019217 0.79728110
vn 0.53409267 0.16489774 0.82918862
vn -0.48441312 0.17070462 0.85802323
vn -0.48441898 0.33481312 0.80823167
vn 0.53410962 0.00000000 0.84541523
vn 0.50527989 -0.16839330 0.84636631
vn 0.53409267 -0.16489774 0.82918862
vn -0.48441976 0.00000000 0.87483569
vn -0.48441312 -0.17070462 0.85802323
vn -0.45990619 0.17320233 0.87091173
vn -0.45988804 0.00000000 0.88797691
vn -0.45990619 -0.17320233 0.87091173
vn 0.00000000 0.00000000 1.00000000
vn 0.00000000 0.09799868 0.99518655
vn 0.00000000 0.19509682 0.98078399
vn 0.00000000 0.29030991 0.95693268
vn 0.00000000 0.38269034 0.92387667
vn -0.45989351 0.33979521 0.82038843
vn 0.00000000 0.47140812 0.88191518
vn 0.00000000 0.55557677 0.83146524
vn -0.45991385 0.49331485 0.73832223
vn 0.00000000 0.63440242 0.77300295
vn 0.00000000 0.70710678 0.70710678
vn 0.00000000 0.77300295 0.63440242
vn -0.45989429 0.62789220 0.62789220
vn -0.48441208 0.48601212 0.72741814
vn -0.48440599 0.61860765 0.61860765
vn -0.45991385 0.73832223 0.49331485
vn -0.48441208 0.72741814 0.48601212
vn -0.45989351 0.82038843 0.33979521
vn 0.00000000 0.83146524 0.55557677
vn 0.00000000 0.88191518 0.47140812
vn 0.00000000 0.92387667 0.38269034
vn 0.00000000 0.95693268 0.29030991
vn 0.00000000 0.98078399 0.19509682
vn -0.45990619 0.87091173 0.17320233
vn 0.00000000 0.99518655 0.09799868
vn 0.00000000 1.00000000 0.00000000
vn 0.00000000 1.00000000 0.00000000
vn 0.00000000 0.99518655 -0.09799868
vn -0.44701358 0.89452717 0.00000000
vn -0.44701358 0.89452717 0.00000000
vn -0.45990619 0.87091173 -0.17320233
vn -0.48590963 0.87271730 -0.04750094
vn -0.48590963 0.87271730 -0.04750094
vn -0.48441312 0.85802323 0.17070462
vn -0.48441898 0.80823167 0.33481312
vn 0.53409138 0.78108740 0.32349478
vn 0.53409267 0.82918862 0.16489774
vn 0.53550147 0.84330232 -0.04560013
vn 0.53550147 0.84330232 -0.04560013
vn 0.50528802 0.79728110 0.33019217
vn 0.50527989 0.84636631 0.16839330
vn 0.00000000 0.98078399 0.19509682
vn 0.00000000 0.92387667 0.38269034
vn 0.52889289 0.84868859 0.00000000
vn 0.52889289 0.84868859 0.00000000
vn 0.50527989 0.84636631 -0.16839330
vn 0.53409267 0.82918862 -0.16489774
vn -0.05020077 0.99871531 0.00690011
vn -0.05020077 0.99871531 0.00690011
vn 0.00000000 0.98078399 0.19509682
vn 0.00000000 0.98078399 -0.19509682
vn -0.02170063 0.99942895 0.02590075
vn -0.02170063 0.99942895 0.02590075
vn 0.00000000 0.98078399 -0.19509682
vn 0.00000000 0.92387667 -0.38269034
vn 0.00000000 0.92387667 -0.38269034
vn 0.00000000 0.83146524 -0.55557677
vn 0.00000000 0.83146524 -0.55557677
vn 0.00000000 0.70710678 -0.70710678
vn 0.00000000 0.70710678 -0.70710678
vn 0.00000000 0.55557677 -0.83146524
vn 0.50529591 0.61019507 -0.61019507
vn 0.53407599 0.46967889 -0.70296840
vn 0.53410201 0.59780224 -0.59780224
vn 0.50531043 0.71751482 -0.47940990
vn 0.53407599 0.70296840 -0.46967889
vn 0.50528802 0.79728110 -0.33019217
vn 0.53409138 0.78108740 -0.32349478
vn -0.48441898 0.80823167 -0.33481312
vn -0.48441208 0.72741814 -0.48601212
vn -0.45989429 0.62789220 -0.62789220
vn -0.45991385 0.73832223 -0.49331485
vn -0.48440599 0.61860765 -0.61860765
vn -0.45991385 0.49331485 -0.73832223
vn -0.48441208 0.48601212 -0.72741814
vn -0.45989351 0.33979521 -0.82038843
vn -0.48441898 0.33481312 -0.80823167
vn -0.48441312 0.17070462 -0.85802323
vn -0.45990619 0.17320233 -0.87091173
vn -0.45988804 0.00000000 -0.88797691
vn 0.00000000 0.19509682 -0.98078399
vn 0.00000000 0.09799868 -0.99518655
vn 0.00000000 0.00000000 -1.00000000
vn 0.00000000 -0.09799868 -0.99518655
vn 0.00000000 -0.19509682 -0.98078399
vn 0.00000000 -0.29030991 -0.95693268
vn -0.45990619 -0.17320233 -0.87091173
vn -0.45989351 -0.33979521 -0.82038843
vn -0.48441976 0.00000000 -0.87483569
vn -0.48441312 -0.17070462 -0.85802323
vn 0.53409267 -0.16489774 -0.82918862
vn -0.48441898 -0.33481312 -0.80823167
vn 0.53409138 -0.32349478 -0.78108740
vn -0.45991385 -0.49331485 -0.73832223
vn -0.48441208 -0.48601212 -0.72741814
vn 0.53407599 -0.46967889 -0.70296840
vn -0.48440599 -0.61860765 -0.61860765
vn -0.45989429 -0.62789220 -0.62789220
vn 0.00000000 -0.77300295 -0.63440242
vn 0.00000000 -0.70710678 -0.70710678
vn -0.45991385 -0.73832223 -0.49331485
vn -0.45989351 -0.82038843 -0.33979521
vn -0.48441208 -0.72741814 -0.48601212
vn 0.00000000 -0.88191518 -0.47140812
vn 0.00000000 -0.83146524 -0.55557677
vn 0.00000000 -0.92387667 -0.38269034
vn 0.00000000 -0.95693268 -0.29030991
vn 0.00000000 -0.98078399 -0.19509682
vn 0.00000000 -0.99518655 -0.09799868
vn -0.45990619 -0.87091173 -0.17320233
vn -0.48441898 -0.80823167 -0.33481312
vn -0.48441312 -0.85802323 -0.17070462
vn -0.45988804 -0.88797691 0.00000000
vn -0.48441976 -0.87483569 0.00000000
vn -0.45990619 -0.87091173 0.17320233
vn 0.00000000 -0.99518655 0.09799868
vn 0.00000000 -1.00000000 0.00000000
vn 0.00000000 -0.98078399 0.19509682
vn 0.00000000 -0.95693268 0.29030991
vn 0.00000000 -0.92387667 0.38269034
vn 0.00000000 -0.88191518 0.47140812
vn -0.45989351 -0.82038843 0.33979521
vn -0.48441312 -0.85802323 0.17070462
vn -0.48441898 -0.80823167 0.33481312
vn -0.45991385 -0.73832223 0.49331485
vn -0.48441208 -0.72741814 0.48601212
vn -0.45989429 -0.62789220 0.62789220
vn 0.00000000 -0.77300295 0.63440242
vn 0.00000000 -0.83146524 0.55557677
vn 0.00000000 -0.70710678 0.70710678
vn 0.00000000 -0.63440242 0.77300295
vn 0.00000000 -0.55557677 0.83146524
vn -0.45991385 -0.49331485 0.73832223
vn 0.00000000 -0.47140812 0.88191518
vn 0.00000000 -0.38269034 0.92387667
vn 0.00000000 -0.29030991 0.95693268
vn -0.45989351 -0.33979521 0.82038843
vn -0.48441898 -0.33481312 0.80823167
vn -0.48441208 -0.48601212 0.72741814
vn -0.48440599 -0.61860765 0.61860765
vn 0.53407599 -0.46967889 0.70296840
vn 0.53410201 -0.59780224 0.59780224
vn 0.50531043 -0.71751482 0.47940990
vn 0.53407599 -0.70296840 0.46967889
vn 0.50529591 -0.61019507 0.61019507
vn 0.50531043 -0.47940990 0.71751482
vn 0.50528802 -0.33019217 0.79728110
vn 0.53409138 -0.32349478 0.78108740
vn 0.50528802 -0.79728110 0.33019217
vn 0.53409138 -0.78108740 0.32349478
vn 0.50527989 -0.84636631 0.16839330
vn 0.53409267 -0.82918862 0.16489774
vn 0.00000000 -0.19509682 0.98078399
vn 0.00000000 -0.09799868 0.99518655
vn 0.53407599 -0.70296840 -0.46967889
vn 0.53410201 -0.59780224 -0.59780224
vn 0.00000000 -0.63440242 -0.77300295
vn 0.00000000 -0.55557677 -0.83146524
vn 0.00000000 -0.47140812 -0.88191518
vn 0.00000000 -0.38269034 -0.92387667
vn 0.50528802 -0.33019217 -0.79728110
vn 0.50527989 -0.16839330 -0.84636631
vn 0.00000000 0.29030991 -0.95693268
vn 0.00000000 0.38269034 -0.92387667
vn 0.00000000 0.47140812 -0.88191518
vn 0.00000000 0.55557677 -0.83146524
vn 0.00000000 0.63440242 -0.77300295
vn 0.00000000 0.70710678 -0.70710678
vn 0.00000000 0.77300295 -0.63440242
vn 0.00000000 0.83146524 -0.55557677
vn 0.00000000 0.88191518 -0.47140812
vn 0.00000000 0.92387667 -0.38269034
vn -0.45989351 0.82038843 -0.33979521
vn -0.48441312 0.85802323 -0.17070462
vn 0.00000000 0.95693268 -0.29030991
vn 0.00000000 0.98078399 -0.19509682
vn 0.00000000 0.92387667 0.38269034
vn 0.00000000 0.83146524 0.55557677
vn 0.00000000 0.83146524 0.55557677
vn 0.00000000 0.70710678 0.70710678
vn 0.00000000 0.55557677 0.83146524
vn 0.00000000 0.70710678 0.70710678
vn 0.00000000 0.55557677 0.83146524
vn 0.50531043 0.71751482 0.47940990
vn 0.50529591 0.61019507 0.61019507
vn 0.53410201 0.59780224 0.59780224
vn 0.53407599 0.70296840 0.46967889
vn 0.50531043 0.47940990 0.71751482
vn 0.00000000 0.38269034 0.92387667
vn 0.53407599 0.46967889 0.70296840
vn 0.00000000 0.38269034 0.92387667
vn 0.00000000 0.19509682 0.98078399
vt 0.97407500 0.05088400
vt 0.97314600 0.05268700
vt 0.97879900 0.05767000
vt 0.97455700 0.04998300
vt 0.97426000 0.04935100
vt 0.97361400 0.05040400
vt 0.97267100 0.05242100
vt 0.97436500 0.04900000
vt 0.97364000 0.05029300
vt 0.97270600 0.05236500
vt 0.97363900 0.05020500
vt 0.97271800 0.05230100
vt 0.97408800 0.04907600
vt 0.96993500 0.04586700
vt 0.96859300 0.04710700
vt 0.96671800 0.04965100
vt 0.96787800 0.04618000
vt 0.96572500 0.04907100
vt 0.97145100 0.04318600
vt 0.90816700 0.05598300
vt 0.97165200 0.04373300
vt 0.97188600 0.04396100
vt 0.96730200 0.04542700
vt 0.90771400 0.05711900
vt 0.90747500 0.05832800
vt 0.96493900 0.04861400
vt 0.90718500 0.05696200
vt 0.90769400 0.05573100
vt 0.90843700 0.05462300
vt 0.88610200 0.05627000
vt 0.89142400 0.04702400
vt 0.88953000 0.05160000
vt 0.88608900 0.06165600
vt 0.88856300 0.05645800
vt 0.88713000 0.06693900
vt 0.88567000 0.05622500
vt 0.88564600 0.06169900
vt 0.88279600 0.06196400
vt 0.88282200 0.05593100
vt 0.88671000 0.06706500
vt 0.88393500 0.06789800
vt 0.88878500 0.07212900
vt 0.88917500 0.07192200
vt 0.88856400 0.06141100
vt 0.89216700 0.07640000
vt 0.88953000 0.06626900
vt 0.90692400 0.05961100
vt 0.90692100 0.05827300
vt 0.90747600 0.05955600
vt 0.96345300 0.05210200
vt 0.96359600 0.05591300
vt 0.96430800 0.05236700
vt 0.90771800 0.06076100
vt 0.96270400 0.05582700
vt 0.96272800 0.05964100
vt 0.90819000 0.06189500
vt 0.90718700 0.06092300
vt 0.96361900 0.05954400
vt 0.96476400 0.05942100
vt 0.96437600 0.06307600
vt 0.96546600 0.06272600
vt 0.96681600 0.06575300
vt 0.97275000 0.06305600
vt 0.97205200 0.06094100
vt 0.97205500 0.06091000
vt 0.97168100 0.05877900
vt 0.97273800 0.06299300
vt 0.97367800 0.06504200
vt 0.97270200 0.06293800
vt 0.97364900 0.06493300
vt 0.97430000 0.06600900
vt 0.97410500 0.06447100
vt 0.97317200 0.06267200
vt 0.97458800 0.06537100
vt 0.97486100 0.06598500
vt 0.97572700 0.06662900
vt 0.97471800 0.06648700
vt 0.97441100 0.06635200
vt 0.97473800 0.06678300
vt 0.97539600 0.06709700
vt 0.97587200 0.06741500
vt 0.97525300 0.06732800
vt 0.97559900 0.06774500
vt 0.97514500 0.06753100
vt 0.97471600 0.06705400
vt 0.97469700 0.06741500
vt 0.97457200 0.06684400
vt 0.97447300 0.06744100
vt 0.97447900 0.10232600
vt 0.97497700 0.06776500
vt 0.97462100 0.10224300
vt 0.97529200 0.10191600
vt 0.97487900 0.10235400
vt 0.97467600 0.10255400
vt 0.97468900 0.10253300
vt 0.97458000 0.10285300
vt 0.97434400 0.10277700
vt 0.97436300 0.10334500
vt 0.97378600 0.10205100
vt 0.97418500 0.10261000
vt 0.97434400 0.10291800
vt 0.97284100 0.10168800
vt 0.97392400 0.10258500
vt 0.97479100 0.10183300
vt 0.97430700 0.10314000
vt 0.97460300 0.10189500
vt 0.97438400 0.10402200
vt 0.97443400 0.10187900
vt 0.97436500 0.10183800
vt 0.97454800 0.10188300
vt 0.97427400 0.10184800
vt 0.97422300 0.10192700
vt 0.97405100 0.10177300
vt 0.97352200 0.10164400
vt 0.97423700 0.10181600
vt 0.97455200 0.10310300
vt 0.97470100 0.10264500
vt 0.97511600 0.10230200
vt 0.97619000 0.10152300
vt 0.97520300 0.06778300
vt 0.97162800 0.06947600
vt 0.97438800 0.06683200
vt 0.97085700 0.06946200
vt 0.97007300 0.06946200
vt 0.97412500 0.06624700
vt 0.97314800 0.07037800
vt 0.97236400 0.07109800
vt 0.97205100 0.07132400
vt 0.97511000 0.07167700
vt 0.97480900 0.07079100
vt 0.97459800 0.10196000
vt 0.97664900 0.07057000
vt 0.97393400 0.06884800
vt 0.97531700 0.10171200
vt 0.97528100 0.06824600
vt 0.97698900 0.07108700
vt 0.97587700 0.06792200
vt 0.97732400 0.07151500
vt 0.97524600 0.07193600
vt 0.97533000 0.07216200
vt 0.97183300 0.07153700
vt 0.91190300 0.06494200
vt 0.97163800 0.07209100
vt 0.96746800 0.06995300
vt 0.91076700 0.06446100
vt 0.96802800 0.06919300
vt 0.96505800 0.06681400
vt 0.90974500 0.06378100
vt 0.96583500 0.06634500
vt 0.96872100 0.06825600
vt 0.97367800 0.06513000
vt 0.90887400 0.06291500
vt 0.96352600 0.06335200
vt 0.90844700 0.06326700
vt 0.90770100 0.06215700
vt 0.90043400 0.08315000
vt 0.89417900 0.07496400
vt 0.89596600 0.08018900
vt 0.89142700 0.07084600
vt 0.89569100 0.08052400
vt 0.89182800 0.07667800
vt 0.88630400 0.07344800
vt 0.88962200 0.07847300
vt 0.88417500 0.07459500
vt 0.88776700 0.08000500
vt 0.89387400 0.08273100
vt 0.89886000 0.08611000
vt 0.89235600 0.08459300
vt 0.90022800 0.08353700
vt 0.90528300 0.08566600
vt 0.90541400 0.08524000
vt 0.89768200 0.07846700
vt 0.90180100 0.08121900
vt 0.91069800 0.08633500
vt 0.90939400 0.06421000
vt 0.91050900 0.06494800
vt 0.91174500 0.06546000
vt 0.91305700 0.06572000
vt 0.91310800 0.06518200
vt 0.97527800 0.07265600
vt 0.91123800 0.08408200
vt 0.92130800 0.08532300
vt 0.90637700 0.08311500
vt 0.91605500 0.08639700
vt 0.91609700 0.08682800
vt 0.91065200 0.08677100
vt 0.90445000 0.08840800
vt 0.91036400 0.08959200
vt 0.91012900 0.09197200
vt 0.91636000 0.08959200
vt 0.90375500 0.09071200
vt 0.90986300 0.09460800
vt 0.90298500 0.09323700
vt 0.89773800 0.08822300
vt 0.89649500 0.09055000
vt 0.89067200 0.08664600
vt 0.89533300 0.09272300
vt 0.88910400 0.08854600
vt 0.88768200 0.09027800
vt 0.88205700 0.08466600
vt 0.88379400 0.08325200
vt 0.87767500 0.07804300
vt 0.87964500 0.07700100
vt 0.88571400 0.08168600
vt 0.88182800 0.07584200
vt 0.88164800 0.06859200
vt 0.87911600 0.06935500
vt 0.87674900 0.07006900
vt 0.87306800 0.06290500
vt 0.87529700 0.06270000
vt 0.87461100 0.07070400
vt 0.86999700 0.07204800
vt 0.86838300 0.06335700
vt 0.86830500 0.05452600
vt 0.87310300 0.05495300
vt 0.86994200 0.04570000
vt 0.87350300 0.03744500
vt 0.87467400 0.04714100
vt 0.87533000 0.05518400
vt 0.87680800 0.04780300
vt 0.87773800 0.03978500
vt 0.87969500 0.04084500
vt 0.87853500 0.03011900
vt 0.88219600 0.03320700
vt 0.88391700 0.03463600
vt 0.88484200 0.02395300
vt 0.88781900 0.02765100
vt 0.88921300 0.02937200
vt 0.89212700 0.01915000
vt 0.89436000 0.02326800
vt 0.89540200 0.02523000
vt 0.90019800 0.01559800
vt 0.90164300 0.02025300
vt 0.90228500 0.02237100
vt 0.90892600 0.01387000
vt 0.90939100 0.01865700
vt 0.90961000 0.02087200
vt 0.91778800 0.01384500
vt 0.91731800 0.01861400
vt 0.91710200 0.02082900
vt 0.92647700 0.01554200
vt 0.92509600 0.02011300
vt 0.93464200 0.01888800
vt 0.93246600 0.02307500
vt 0.92446700 0.02223900
vt 0.93143200 0.02506600
vt 0.91686500 0.02328200
vt 0.92376000 0.02461600
vt 0.93028100 0.02726800
vt 0.92299700 0.02716100
vt 0.92903200 0.02962200
vt 0.92231400 0.02947200
vt 0.92790800 0.03176300
vt 0.93449700 0.03322000
vt 0.93617700 0.03115600
vt 0.93297800 0.03509100
vt 0.93913800 0.03786900
vt 0.94120600 0.03616700
vt 0.94278600 0.04335400
vt 0.93726500 0.03942000
vt 0.94064300 0.04449700
vt 0.93112000 0.03735600
vt 0.93502500 0.04124700
vt 0.93083900 0.03769700
vt 0.93601400 0.04702200
vt 0.93809800 0.04584700
vt 0.93467800 0.04153100
vt 0.93791000 0.05160000
vt 0.93887500 0.05646100
vt 0.93770700 0.04605600
vt 0.92051400 0.05825100
vt 0.92025300 0.05694300
vt 0.98830200 0.05717600
vt 0.91927200 0.05596600
vt 0.91974300 0.05571100
vt 0.91974100 0.05709700
vt 0.98830000 0.05814900
vt 0.91996700 0.05830500
vt 0.98903300 0.06004300
vt 0.98810500 0.05712900
vt 0.98810300 0.05819600
vt 0.98859400 0.06014300
vt 0.98797900 0.05714100
vt 0.98797800 0.05818300
vt 0.98780100 0.05814800
vt 0.98780200 0.05717700
vt 0.98788600 0.05937200
vt 0.98749300 0.05900700
vt 0.98560900 0.05904900
vt 0.98806100 0.06028200
vt 0.98861800 0.06198400
vt 0.98802000 0.06191500
vt 0.98521700 0.05953200
vt 0.98518000 0.05950900
vt 0.98557600 0.05882600
vt 0.98466100 0.06065300
vt 0.98758400 0.06368700
vt 0.98463500 0.06065600
vt 0.98401700 0.06181100
vt 0.98676300 0.06546100
vt 0.98399600 0.06180800
vt 0.98323000 0.06294000
vt 0.98558700 0.06713700
vt 0.98227300 0.06399900
vt 0.98321200 0.06292600
vt 0.98226100 0.06397700
vt 0.98320700 0.06292200
vt 0.98398900 0.06181200
vt 0.98369600 0.06163700
vt 0.98431400 0.06053100
vt 0.98462200 0.06066700
vt 0.98479000 0.05938400
vt 0.98515000 0.05949900
vt 0.98542400 0.05884100
vt 0.98494300 0.05878000
vt 0.98506400 0.05821200
vt 0.98547800 0.05818400
vt 0.98560100 0.05812700
vt 0.98506400 0.05711500
vt 0.98547800 0.05714200
vt 0.98542300 0.05648600
vt 0.98560100 0.05719900
vt 0.98574200 0.05726000
vt 0.98557500 0.05649900
vt 0.98574100 0.05806600
vt 0.98625700 0.05830500
vt 0.98610800 0.05793000
vt 0.98582800 0.05860900
vt 0.98636900 0.05850600
vt 0.98591300 0.05881600
vt 0.98685300 0.05765100
vt 0.98693900 0.05766000
vt 0.98686400 0.05766100
vt 0.98711300 0.05855800
vt 0.98737400 0.05800100
vt 0.98693200 0.05766300
vt 0.98692400 0.05766300
vt 0.98692400 0.05766200
vt 0.98737400 0.05732400
vt 0.98693100 0.05766200
vt 0.98693900 0.05766500
vt 0.98692600 0.05766500
vt 0.98711300 0.05676600
vt 0.98591200 0.05651000
vt 0.98636800 0.05681900
vt 0.98749300 0.05631600
vt 0.98560700 0.05627700
vt 0.98788700 0.05595200
vt 0.98521500 0.05579500
vt 0.98806100 0.05504000
vt 0.98859400 0.05517900
vt 0.91857400 0.05495600
vt 0.98903400 0.05527900
vt 0.98861700 0.05333700
vt 0.98801900 0.05340700
vt 0.98758200 0.05163300
vt 0.98465600 0.05467400
vt 0.98401000 0.05351500
vt 0.98398900 0.05351800
vt 0.98322000 0.05238700
vt 0.98320200 0.05240000
vt 0.98224700 0.05134900
vt 0.98224600 0.05135900
vt 0.98319600 0.05240400
vt 0.98199400 0.05163300
vt 0.98398100 0.05351400
vt 0.98291900 0.05262800
vt 0.98368800 0.05368900
vt 0.98431000 0.05479500
vt 0.98461700 0.05465900
vt 0.98517800 0.05581700
vt 0.98514800 0.05582700
vt 0.98463000 0.05467000
vt 0.98478800 0.05594200
vt 0.98494200 0.05654700
vt 0.98091100 0.05072700
vt 0.97967300 0.04993100
vt 0.98112600 0.05040700
vt 0.98111800 0.05039200
vt 0.97984600 0.04956200
vt 0.97841300 0.04883800
vt 0.97829400 0.04927100
vt 0.97982200 0.04954100
vt 0.97980900 0.04950400
vt 0.98112100 0.05036200
vt 0.97836800 0.04879400
vt 0.97833100 0.04873300
vt 0.97676300 0.04807400
vt 0.97682000 0.04819600
vt 0.97678400 0.04881500
vt 0.97583200 0.04793900
vt 0.97555400 0.04760500
vt 0.97610900 0.04864700
vt 0.97568600 0.04872100
vt 0.97534400 0.04824700
vt 0.97482800 0.04936900
vt 0.97468600 0.04886200
vt 0.97518600 0.04800700
vt 0.97470500 0.04855600
vt 0.97506500 0.04779400
vt 0.97467500 0.04827500
vt 0.97489300 0.04755500
vt 0.97511000 0.04733400
vt 0.97445100 0.04710700
vt 0.97375800 0.04647200
vt 0.97340200 0.00960800
vt 0.97414100 0.00931900
vt 0.97383900 0.00881200
vt 0.97422100 0.00936300
vt 0.97407000 0.00863400
vt 0.97401200 0.00837900
vt 0.97410000 0.00791500
vt 0.97425600 0.00876000
vt 0.97415400 0.00828100
vt 0.97449500 0.00896400
vt 0.97494400 0.00967600
vt 0.97594100 0.00999600
vt 0.97468000 0.04788900
vt 0.97524000 0.04749900
vt 0.97441600 0.04788000
vt 0.97453200 0.04847400
vt 0.97437200 0.04847100
vt 0.97151400 0.04585700
vt 0.97073800 0.04586200
vt 0.97223100 0.04421800
vt 0.97505100 0.04361500
vt 0.97519600 0.04331400
vt 0.97305800 0.04497600
vt 0.97426000 0.00955800
vt 0.97474400 0.04455600
vt 0.97391900 0.00958300
vt 0.97399200 0.00947300
vt 0.97323400 0.00989500
vt 0.97382900 0.00954400
vt 0.97398400 0.00943400
vt 0.97430700 0.00851300
vt 0.97477200 0.00896800
vt 0.97428800 0.00866100
vt 0.97411900 0.00799100
vt 0.97405600 0.00714500
vt 0.97407700 0.00939300
vt 0.97410200 0.00935700
vt 0.97420400 0.00944300
vt 0.97422700 0.00936300
vt 0.97395200 0.00812900
vt 0.97437400 0.00948900
vt 0.97352500 0.00878700
vt 0.97495200 0.00983800
vt 0.97661100 0.04474700
vt 0.97238100 0.00991800
vt 0.97694200 0.04420000
vt 0.97517000 0.04707400
vt 0.97580600 0.04740400
vt 0.97728800 0.04375700
vt 0.97850800 0.04311300
vt 0.97528300 0.04306800
vt 0.97844500 0.04388900
vt 0.98070700 0.04378400
vt 0.98043000 0.04447200
vt 0.97672500 0.04795900
vt 0.98272900 0.04480500
vt 0.98234800 0.04542500
vt 0.98409000 0.04667800
vt 0.98455900 0.04613200
vt 0.98654400 0.04738300
vt 0.91432700 0.05270300
vt 0.91309700 0.05270600
vt 0.98492100 0.04571300
vt 0.98612300 0.04772700
vt 0.91553500 0.05294000
vt 0.98781000 0.04926700
vt 0.98558100 0.04817700
vt 0.98735000 0.04952000
vt 0.98676000 0.04985600
vt 0.98819100 0.05142300
vt 0.98866700 0.05126900
vt 0.91667300 0.05340700
vt 0.91693300 0.05291700
vt 0.91769700 0.05408800
vt 0.98909100 0.05329200
vt 0.91804900 0.05365800
vt 0.92975900 0.03940200
vt 0.92137300 0.03263800
vt 0.92564000 0.03664900
vt 0.91608600 0.03159200
vt 0.91899900 0.05460300
vt 0.92635500 0.03469800
vt 0.93326200 0.04290500
vt 0.92656300 0.03430900
vt 0.92149900 0.03221600
vt 0.91612700 0.03115500
vt 0.91065900 0.03116100
vt 0.91638900 0.02831400
vt 0.92106300 0.03475300
vt 0.91070300 0.03159700
vt 0.91569500 0.05240800
vt 0.90543000 0.03264000
vt 0.91620300 0.03378600
vt 0.90530400 0.03222200
vt 0.91124700 0.03378400
vt 0.90046400 0.03466600
vt 0.91438000 0.05215000
vt 0.91304100 0.05215300
vt 0.90638600 0.03475000
vt 0.89603200 0.03768400
vt 0.98302100 0.04433000
vt 0.91189000 0.05294900
vt 0.91172800 0.05241800
vt 0.91075400 0.05342300
vt 0.98092500 0.04325000
vt 0.91049200 0.05293300
vt 0.89224200 0.04150800
vt 0.90180700 0.03664500
vt 0.89190300 0.04123000
vt 0.89575400 0.03734800
vt 0.89768500 0.03939700
vt 0.88924100 0.04599800
vt 0.90938000 0.05368000
vt 0.88716500 0.05098600
vt 0.89417800 0.04290200
vt 0.88885400 0.04579000
vt 0.88674400 0.05085700
vt 0.88634400 0.04442900
vt 0.88970600 0.03941500
vt 0.89243300 0.03331600
vt 0.88784700 0.03789600
vt 0.89395900 0.03516000
vt 0.89780500 0.02973000
vt 0.89894800 0.03184000
vt 0.90025800 0.03428100
vt 0.90447300 0.02951900
vt 0.90376800 0.02723700
vt 0.89656000 0.02740100
vt 0.91012300 0.02594800
vt 0.90299800 0.02471900
vt 0.90985600 0.02332600
vt 0.91661600 0.02592500
vt 0.91036500 0.02833300
vt 0.89076300 0.03127700
vt 0.88580900 0.03621200
vt 0.88187300 0.04202900
vt 0.87917100 0.04853200
vt 0.88422100 0.04329500
vt 0.88170800 0.04930500
vt 0.88401200 0.05001000
vt 0.88042400 0.05569200
vt 0.87779300 0.05542900
vt 0.87776000 0.06245500
vt 0.88040000 0.06220300
vt 0.90885000 0.05496500
vt 0.97523300 0.04257600
vt 0.90973100 0.05411000
vt 0.97854700 0.04246800
vt 0.98225900 0.05132700
vt 0.98625600 0.05702000
vt 0.98582700 0.05671700
vt 0.98685300 0.05767400
vt 0.98686400 0.05766400
vt 0.98687600 0.05766600
vt 0.98687600 0.05767100
vt 0.98688000 0.05766500
vt 0.98688300 0.05766500
vt 0.98692100 0.05766200
vt 0.98688500 0.05766300
vt 0.98692100 0.05766300
vt 0.98688500 0.05766300
vt 0.98692100 0.05766300
vt 0.98688200 0.05766300
vt 0.98688200 0.05766200
vt 0.98687800 0.05766400
vt 0.98687100 0.05765900
vt 0.98687800 0.05766200
vt 0.98688000 0.05766100
vt 0.98687000 0.05766700
vt 0.98687600 0.05766000
vt 0.98687600 0.05765500
vt 0.98688300 0.05766100
vt 0.98692600 0.05766100
vt 0.98692100 0.05766300
vt 0.98610700 0.05739400
vt 0.98293000 0.06269800
vt 0.98200900 0.06369400
vt 0.98226000 0.06396600
vt 0.98114500 0.06491900
vt 0.98113700 0.06493500
vt 0.97983400 0.06582200
vt 0.97984700 0.06578500
vt 0.98113900 0.06496400
vt 0.98409800 0.06863200
vt 0.98235900 0.06987900
vt 0.98273700 0.07049800
vt 0.98071700 0.07151000
vt 0.98044500 0.07082300
vt 0.97852400 0.07216400
vt 0.97846900 0.07139400
vt 0.97836700 0.06659400
vt 0.97840300 0.06653400
vt 0.97677700 0.06736500
vt 0.97681300 0.06725000
vt 0.97686800 0.06712900
vt 0.97844800 0.06649100
vt 0.97969900 0.06539900
vt 0.97987000 0.06576400
vt 0.97832700 0.06606100
vt 0.97682500 0.06652700
vt 0.97614900 0.06670100
vt 0.98093000 0.06460100
vt 0.91433900 0.06516900
vt 0.97855600 0.07280500
vt 0.91439400 0.06571900
vt 0.98093200 0.07204200
vt 0.91554400 0.06492300
vt 0.91570600 0.06545400
vt 0.91667800 0.06445000
vt 0.98302800 0.07097300
vt 0.98492600 0.06959600
vt 0.91769800 0.06376300
vt 0.91694100 0.06493900
vt 0.98456500 0.06917700
vt 0.98612700 0.06758700
vt 0.91856600 0.06289200
vt 0.98654700 0.06793000
vt 0.98735300 0.06579700
vt 0.98819300 0.06389600
vt 0.98781200 0.06605000
vt 0.91924800 0.06187000
vt 0.91971900 0.06073400
vt 0.98866900 0.06405000
vt 0.91973800 0.06213100
vt 0.91899600 0.06324500
vt 0.93600700 0.07084800
vt 0.94079000 0.06177200
vt 0.91805100 0.06419200
vt 0.93325200 0.07496700
vt 0.93971800 0.06704600
vt 0.93801200 0.07222700
vt 0.93762600 0.07201700
vt 0.92974700 0.07847000
vt 0.94013800 0.06717700
vt 0.94122200 0.06181700
vt 0.94051800 0.07359900
vt 0.94287100 0.06803600
vt 0.94517300 0.06875400
vt 0.94263200 0.07474700
vt 0.94411800 0.06212700
vt 0.94129200 0.05635000
vt 0.94650300 0.06237500
vt 0.94409900 0.05608500
vt 0.94651800 0.05585800
vt 0.94021200 0.05094500
vt 0.94295900 0.05012600
vt 0.94528400 0.04943600
vt 0.94515600 0.04209500
vt 0.94785100 0.04867300
vt 0.95024900 0.04797000
vt 0.95165500 0.05540100
vt 0.94917800 0.05561800
vt 0.95160200 0.06293100
vt 0.94914000 0.06265800
vt 0.95005800 0.07028600
vt 0.94769700 0.06954100
vt 0.94496900 0.07601800
vt 0.94713500 0.07720500
vt 0.94910100 0.07826400
vt 0.94463500 0.08484600
vt 0.94291000 0.08340900
vt 0.93897100 0.09041800
vt 0.93757500 0.08867800
vt 0.94101900 0.08182500
vt 0.93602600 0.08675500
vt 0.93898400 0.08013000
vt 0.93436400 0.08470600
vt 0.93284200 0.08284200
vt 0.93713000 0.07859800
vt 0.92893700 0.08827800
vt 0.92294400 0.09075000
vt 0.93017800 0.09062400
vt 0.92781600 0.08616100
vt 0.93105100 0.08062200
vt 0.92225100 0.08845800
vt 0.92649200 0.08364600
vt 0.92143700 0.08574600
vt 0.93077500 0.08028200
vt 0.92104900 0.08311700
vt 0.92628700 0.08325900
vt 0.91619000 0.08408200
vt 0.92562700 0.08122100
vt 0.93460300 0.07648600
vt 0.93494100 0.07676700
vt 0.92370200 0.09327500
vt 0.92440100 0.09563200
vt 0.93132200 0.09280600
vt 0.92502600 0.09776100
vt 0.93235100 0.09477800
vt 0.93456300 0.09902600
vt 0.92637200 0.10234600
vt 0.91772100 0.10402200
vt 0.91728200 0.09926600
vt 0.90889900 0.10402200
vt 0.90938500 0.09926400
vt 0.90021500 0.10231100
vt 0.90162200 0.09772600
vt 0.89200600 0.09891800
vt 0.89429000 0.09469300
vt 0.88462600 0.09395700
vt 0.87841700 0.08767900
vt 0.87334600 0.08036300
vt 0.90226500 0.09560600
vt 0.90961200 0.09705500
vt 0.91707900 0.09705600
vt 0.91685100 0.09460500
vt 0.91660000 0.09198500
vt 0.94197400 0.09416500
vt 0.94831600 0.08793900
vt 0.95331700 0.08057800
vt 0.95677400 0.07239400
vt 0.95219100 0.07094300
vt 0.95381100 0.06317000
vt 0.95859000 0.06371100
vt 0.95389000 0.05521300
vt 0.95242000 0.04734200
vt 0.95870800 0.05482300
vt 0.95712600 0.04601100
vt 0.95382100 0.03752300
vt 0.94937700 0.03987400
vt 0.94490200 0.03312700
vt 0.94314100 0.03458100
vt 0.94737100 0.04092600
vt 0.93774500 0.02922500
vt 0.93915300 0.02746600
vt 0.94215600 0.02366800
vt 0.94866000 0.02995900
vt 0.93887300 0.06141300
vt 0.93978900 0.05107400
vt 0.92051200 0.05958500
vt 0.93790500 0.06627200
vt 0.94085200 0.05639200
vt 0.92025000 0.06089600
vt 0.91995900 0.05953000
vt 0.98909100 0.06202800
vt 0.97519300 0.06799000
vt 0.97457300 0.06821500
vt 0.97253500 0.06072900
vt 0.97203300 0.06088500
vt 0.97168300 0.05876200
vt 0.97169500 0.05876900
vt 0.97167400 0.05659600
vt 0.97168600 0.05660500
vt 0.97203000 0.05442800
vt 0.97203400 0.05445900
vt 0.97167400 0.05661200
vt 0.97220400 0.05870800
vt 0.97219800 0.05666100
vt 0.97201300 0.05448400
vt 0.97251700 0.05463700
vt 0.96540400 0.05270400
vt 0.96474300 0.05602100
vt 0.33186000 0.20568800
vt 0.33385700 0.20269600
vt 0.33962000 0.21858500
vt 0.33871100 0.21214200
vt 0.32881200 0.19835700
vt 0.32537900 0.19695200
vt 0.33586200 0.20535300
vt 0.33157800 0.20032600
vt 0.33754900 0.20841900
vt 0.32011600 0.26321600
vt 0.34156600 0.28694400
vt 0.34695800 0.28703100
vt 0.30843400 0.20116700
vt 0.30881900 0.19367500
vt 0.18082000 0.20169600
vt 0.18057600 0.25349000
vt 0.18050200 0.26766800
vt 0.05404700 0.20223400
vt 0.04500500 0.26309600
vt 0.06058800 0.27624300
vt 0.05240200 0.28076500
vt 0.02530800 0.28658800
vt 0.04674200 0.28578800
vt 0.03128500 0.20714800
vt 0.02925300 0.20431100
vt 0.02587000 0.21002000
vt 0.02008300 0.28691100
vt 0.02488700 0.21369200
vt 0.02426500 0.22000100
vt 0.03404200 0.19991900
vt 0.03736000 0.19844800
vt 0.02739500 0.20697000
vt 0.03139800 0.20192700
vt 0.03139900 0.20141200
vt 0.02904600 0.20401500
vt 0.02652900 0.20685500
vt 0.02697600 0.20694000
vt 0.02878400 0.20369900
vt 0.02605400 0.20668800
vt 0.02845200 0.20336100
vt 0.03132600 0.20090400
vt 0.03114300 0.20041700
vt 0.03442100 0.19850600
vt 0.03427800 0.19920600
vt 0.03797800 0.19745600
vt 0.05345300 0.19357600
vt 0.05352200 0.19483100
vt 0.03846500 0.19647700
vt 0.03440600 0.19786000
vt 0.05335400 0.19233400
vt 0.03870700 0.19558200
vt 0.03419500 0.19730900
vt 0.03860800 0.19482900
vt 0.05323100 0.19113900
vt 0.05308400 0.18998500
vt 0.18077300 0.18919600
vt 0.18078200 0.19144700
vt 0.18079200 0.19369800
vt 0.30895100 0.19113300
vt 0.30905800 0.18991800
vt 0.30918900 0.18874500
vt 0.32400800 0.19330100
vt 0.32392900 0.19407000
vt 0.32419900 0.19497400
vt 0.32857600 0.19569900
vt 0.32837700 0.19626600
vt 0.33208400 0.19832400
vt 0.33178900 0.19877500
vt 0.32838100 0.19692600
vt 0.33161800 0.19927800
vt 0.32854900 0.19763600
vt 0.32472200 0.19595800
vt 0.30887000 0.19239800
vt 0.18080100 0.19595100
vt 0.33156000 0.19980000
vt 0.33431500 0.20205200
vt 0.33405800 0.20238500
vt 0.33674500 0.20520100
vt 0.33629000 0.20530600
vt 0.33885200 0.20887300
vt 0.33819600 0.20869300
vt 0.34053300 0.21350500
vt 0.33961400 0.21288900
vt 0.34151900 0.21832900
vt 0.34056900 0.21847100
vt 0.34834500 0.28702400
vt 0.34973400 0.28700900
vt 0.35112700 0.28698700
vt 0.34792100 0.38504400
vt 0.34964300 0.38508600
vt 0.35136400 0.38512900
vt 0.34798200 0.48366300
vt 0.34697200 0.48356000
vt 0.34595200 0.48347700
vt 0.34388600 0.49907000
vt 0.34322700 0.49901300
vt 0.34193900 0.50330200
vt 0.34145200 0.50313100
vt 0.34249200 0.49922600
vt 0.34492300 0.48341300
vt 0.34093000 0.50308900
vt 0.34172100 0.49964200
vt 0.34095300 0.50016700
vt 0.34389900 0.48337000
vt 0.34040100 0.50315300
vt 0.33905900 0.50610800
vt 0.33871100 0.50595400
vt 0.33988200 0.50328200
vt 0.33505700 0.50468900
vt 0.33838500 0.50583500
vt 0.33662100 0.50802400
vt 0.33676400 0.50833300
vt 0.33457000 0.51083600
vt 0.33454000 0.51038400
vt 0.33695000 0.50865400
vt 0.33469300 0.51127000
vt 0.33719600 0.50898300
vt 0.33492000 0.51165900
vt 0.33943300 0.50631400
vt 0.33749700 0.50930500
vt 0.33981800 0.50657000
vt 0.34017200 0.50683100
vt 0.33780100 0.50959700
vt 0.33814900 0.50990400
vt 0.33547300 0.51236900
vt 0.33518400 0.51199500
vt 0.33234600 0.51463600
vt 0.33187200 0.51374200
vt 0.33210900 0.51416000
vt 0.32787000 0.51567700
vt 0.32827600 0.51691100
vt 0.32808900 0.51625400
vt 0.31433300 0.52036500
vt 0.31446900 0.52145400
vt 0.18287700 0.52484700
vt 0.18284200 0.52713000
vt 0.31463400 0.52255200
vt 0.18280700 0.52941700
vt 0.31496000 0.52418900
vt 0.32834800 0.51765100
vt 0.32832700 0.51887300
vt 0.33254300 0.51517700
vt 0.33577800 0.51278200
vt 0.33280000 0.51610400
vt 0.33324500 0.51759800
vt 0.33627700 0.51347500
vt 0.32835700 0.52081000
vt 0.32345800 0.53678900
vt 0.67481300 0.01367100
vt 0.67733100 0.01372000
vt 0.32827000 0.53527400
vt 0.68174700 0.01370200
vt 0.33720500 0.53249100
vt 0.31561300 0.52646300
vt 0.53203800 0.01798400
vt 0.18266000 0.53841000
vt 0.18277100 0.53170900
vt 0.05293700 0.52004200
vt 0.05222800 0.52224400
vt 0.04417200 0.53211600
vt 0.38926400 0.01367100
vt 0.04000300 0.51631500
vt 0.04009700 0.51443100
vt 0.03611900 0.51069600
vt 0.03583900 0.51158800
vt 0.04011700 0.51324100
vt 0.03632900 0.51017600
vt 0.04021200 0.51252400
vt 0.05330400 0.51845700
vt 0.05349900 0.51739300
vt 0.04041600 0.51189000
vt 0.05366600 0.51633800
vt 0.05379600 0.51537200
vt 0.18291100 0.52256400
vt 0.04064700 0.51133700
vt 0.03657500 0.50972200
vt 0.03682000 0.50932300
vt 0.04073300 0.51068700
vt 0.03698800 0.50885100
vt 0.03699800 0.50830500
vt 0.03415900 0.50682700
vt 0.03429200 0.50641000
vt 0.03433700 0.50597200
vt 0.03205100 0.50421300
vt 0.03224200 0.50390700
vt 0.03042700 0.50153300
vt 0.03239100 0.50361100
vt 0.03074700 0.50142800
vt 0.02937400 0.49890000
vt 0.03401700 0.50041900
vt 0.03218000 0.47991400
vt 0.05411500 0.51100400
vt 0.04318300 0.49163100
vt 0.03966800 0.50826500
vt 0.03668400 0.50712000
vt 0.02842900 0.49583900
vt 0.03432200 0.50552600
vt 0.05374200 0.50205200
vt 0.06805400 0.48938000
vt 0.18307300 0.51114400
vt 0.18321700 0.49424400
vt 0.18314700 0.50442700
vt 0.06020600 0.48532200
vt 0.05425400 0.48057400
vt 0.05547300 0.47937500
vt 0.06111400 0.48381800
vt 0.06201100 0.48231200
vt 0.05667800 0.47817300
vt 0.06890800 0.48744300
vt 0.06909700 0.48546000
vt 0.07007900 0.48764600
vt 0.07194100 0.48591000
vt 0.18323900 0.49224900
vt 0.29638500 0.48865600
vt 0.29826200 0.49049700
vt 0.18326100 0.49028900
vt 0.29479400 0.48682100
vt 0.07351500 0.48418100
vt 0.18328100 0.48836000
vt 0.07471500 0.48245700
vt 0.29358600 0.48499400
vt 0.18330100 0.48645300
vt 0.18332100 0.48456100
vt 0.07548500 0.48073400
vt 0.29282200 0.48317200
vt 0.48254000 0.86439300
vt 0.29841000 0.48094200
vt 0.29872400 0.48261100
vt 0.29253300 0.48131600
vt 0.48043600 0.86998700
vt 0.18334000 0.48263700
vt 0.32246000 0.98365400
vt 0.36209100 0.82453500
vt 0.36510100 0.81924000
vt 0.36098000 0.82314600
vt 0.27891700 0.87114800
vt 0.36633300 0.82028800
vt 0.36944000 0.81583300
vt 0.30356700 0.47916000
vt 0.48460100 0.85880000
vt 0.36814900 0.81506400
vt 0.37035900 0.81068800
vt 0.36691300 0.81428300
vt 0.36906300 0.81013700
vt 0.36915700 0.80549200
vt 0.37049200 0.80580800
vt 0.36777900 0.80959500
vt 0.36649600 0.80903100
vt 0.36569600 0.81350700
vt 0.36782500 0.80516100
vt 0.36707300 0.80109400
vt 0.51085400 0.99210400
vt 0.36843900 0.80117500
vt 0.50631800 0.99003000
vt 0.36646300 0.80482200
vt 0.51134400 0.99016900
vt 0.50718000 0.98849300
vt 0.50286800 0.98731500
vt 0.36520100 0.80845200
vt 0.50401300 0.98616100
vt 0.50029200 0.98399000
vt 0.36328100 0.81187800
vt 0.36448800 0.81270700
vt 0.36173500 0.81607600
vt 0.36282200 0.81714600
vt 0.36394100 0.81820000
vt 0.35891200 0.82042400
vt 0.35992400 0.82178000
vt 0.27766300 0.86805600
vt 0.27828800 0.86959800
vt 0.18903500 0.89114500
vt 0.18920800 0.89272200
vt 0.18934100 0.89437000
vt 0.18430400 0.89121000
vt 0.18416600 0.89258700
vt 0.18398000 0.89401100
vt 0.18009000 0.89042000
vt 0.17974100 0.89166600
vt 0.17621700 0.88900100
vt 0.17568800 0.89014300
vt 0.17935500 0.89293400
vt 0.12418500 0.98985300
vt 0.06117700 0.47354100
vt 0.17513200 0.89130600
vt 0.12896800 0.99234800
vt 0.06528800 0.47648700
vt 0.13377400 0.99481500
vt 0.07023000 0.47837300
vt 0.06454100 0.47788600
vt 0.06986600 0.47998200
vt 0.06955800 0.48171200
vt 0.06930600 0.48354400
vt 0.06373600 0.47932300
vt 0.06012800 0.47465900
vt 0.05902000 0.47580400
vt 0.06288800 0.48081100
vt 0.05786600 0.47697700
vt 0.05545000 0.47129600
vt 0.05406600 0.47211600
vt 0.05164800 0.46632500
vt 0.05264800 0.47294400
vt 0.05321800 0.46600900
vt 0.05380900 0.46075500
vt 0.05471300 0.46565000
vt 0.05239400 0.46145300
vt 0.05097900 0.46247900
vt 0.04954300 0.38190200
vt 0.05089700 0.38184300
vt 0.05227900 0.38178100
vt 0.01421100 0.87516700
vt 0.04719200 0.30585100
vt 0.00274300 0.73664000
vt 0.04863900 0.30617400
vt 0.11092200 0.75570300
vt 0.00373200 0.73152500
vt 0.04931500 0.30116800
vt 0.11015400 0.75134900
vt 0.05130200 0.29648400
vt 0.00475000 0.72642100
vt 0.04790100 0.30082900
vt 0.04638400 0.30053600
vt 0.04575000 0.30519900
vt 0.04992500 0.29578100
vt 0.05302300 0.29135600
vt 0.04851100 0.29504700
vt 0.05418600 0.29237900
vt 0.00580100 0.72132600
vt 0.11016200 0.74723400
vt 0.11083100 0.74322800
vt 0.00688400 0.71623900
vt 0.05797200 0.28916900
vt 0.11219800 0.73922900
vt 0.05710400 0.28782600
vt 0.06251600 0.28701600
vt 0.00799800 0.71114700
vt 0.11440600 0.73512000
vt 0.00914400 0.70603900
vt 0.06781900 0.28639800
vt 0.06209700 0.28549600
vt 0.06752400 0.28466200
vt 0.06171400 0.28384300
vt 0.05622100 0.28647400
vt 0.05529400 0.28506400
vt 0.05181600 0.29027900
vt 0.05057600 0.28917400
vt 0.04930800 0.28805000
vt 0.04705000 0.29429200
vt 0.04556000 0.29352800
vt 0.04406000 0.29276500
vt 0.04312500 0.30009100
vt 0.04143500 0.29992100
vt 0.03971600 0.29995400
vt 0.04126400 0.30150900
vt 0.04278800 0.30296800
vt 0.04395300 0.38213500
vt 0.04538800 0.38207700
vt 0.04812900 0.46529900
vt 0.04679500 0.38201900
vt 0.04668900 0.46690000
vt 0.03212400 0.38246800
vt 0.04976400 0.47458900
vt 0.04837200 0.46684900
vt 0.05002400 0.46660200
vt 0.04955800 0.46378800
vt 0.05121000 0.47376900
vt 0.04817800 0.38196100
vt 0.04428400 0.30422400
vt 0.04478400 0.30029200
vt 0.02729000 0.38260600
vt 0.02604700 0.47939900
vt 0.02769800 0.49530600
vt 0.02505000 0.47941900
vt 0.02559000 0.38267100
vt 0.02404800 0.47945800
vt 0.02696100 0.49487900
vt 0.02625300 0.49465000
vt 0.02785300 0.49870500
vt 0.02836200 0.49868000
vt 0.02971400 0.50186000
vt 0.03008400 0.50167200
vt 0.02887400 0.49875900
vt 0.03180200 0.50452500
vt 0.03149900 0.50482700
vt 0.03392500 0.50719800
vt 0.03365800 0.50751700
vt 0.03119400 0.50510100
vt 0.02898100 0.50233900
vt 0.03084600 0.50538800
vt 0.03336500 0.50787000
vt 0.03305600 0.50826100
vt 0.03044800 0.50567000
vt 0.03254700 0.50891800
vt 0.03171600 0.50996300
vt 0.03535600 0.51302600
vt 0.02976300 0.50609900
vt 0.02808500 0.50274300
vt 0.02865300 0.50677800
vt 0.02724700 0.50293000
vt 0.02586100 0.49927800
vt 0.02590700 0.50321600
vt 0.02487000 0.49916200
vt 0.02366100 0.49482700
vt 0.02330900 0.49898000
vt 0.02250900 0.49435000
vt 0.02075700 0.49365400
vt 0.01918100 0.47993300
vt 0.01790400 0.48015200
vt 0.01621700 0.48053200
vt 0.01544700 0.38309000
vt 0.01376200 0.38316400
vt 0.01056300 0.28715100
vt 0.00918800 0.28715200
vt 0.01207600 0.38323500
vt 0.82260500 0.23033800
vt 0.00742700 0.38340300
vt 0.71315400 0.22481200
vt 0.00943800 0.48272400
vt 0.00781600 0.28714100
vt 0.01521100 0.21869300
vt 0.00274300 0.28705300
vt 0.92927900 0.23226100
vt 0.01664800 0.21859400
vt 0.01782000 0.21887200
vt 0.01784800 0.21587200
vt 0.01924500 0.21533600
vt 0.02228500 0.21001400
vt 0.02010600 0.21519800
vt 0.02159700 0.20996900
vt 0.02045500 0.21009100
vt 0.02463500 0.20590300
vt 0.02405400 0.20570000
vt 0.02306800 0.20546900
vt 0.02724600 0.20237700
vt 0.02676200 0.20203900
vt 0.02595000 0.20151400
vt 0.03013500 0.19920100
vt 0.02976300 0.19873400
vt 0.02917700 0.19794900
vt 0.03359100 0.19631900
vt 0.03334800 0.19570300
vt 0.03808700 0.19347000
vt 0.03305000 0.19465200
vt 0.03799100 0.19264100
vt 0.05248400 0.18653400
vt 0.05271800 0.18771700
vt 0.03801900 0.19128300
vt 0.03800600 0.18919300
vt 0.05206000 0.18484600
vt 0.03255700 0.19299300
vt 0.02824200 0.19671000
vt 0.04035300 0.17446100
vt 0.44391200 0.59509200
vt 0.43944100 0.59516400
vt 0.02994300 0.17695400
vt 0.44387200 0.59311700
vt 0.43505600 0.59529500
vt 0.01853600 0.18255000
vt 0.43938800 0.59329500
vt 0.43851600 0.46522900
vt 0.43499200 0.59345900
vt 0.43416000 0.46537600
vt 0.42980800 0.46554900
vt 0.38583200 0.45142200
vt 0.43844000 0.46275000
vt 0.43406200 0.46293300
vt 0.38179500 0.45087500
vt 0.37803400 0.44926900
vt 0.42970700 0.46311900
vt 0.38792500 0.43535400
vt 0.54025700 0.45142200
vt 0.58817600 0.46406800
vt 0.38792500 0.38199800
vt 0.93024100 0.10584400
vt 0.37023600 0.38199800
vt 0.37023600 0.43535400
vt 0.98449100 0.10569500
vt 0.44073700 0.46267100
vt 0.38792500 0.45142200
vt 0.98876400 0.10568900
vt 0.37076800 0.43951200
vt 0.99302400 0.10568600
vt 0.37232600 0.44338800
vt 0.42533300 0.46330400
vt 0.37480400 0.44671600
vt 0.99725600 0.10568500
vt 0.54025700 0.43535400
vt 0.69259000 0.43535400
vt 0.69259000 0.38199800
vt 0.54025700 0.38199800
vt 0.54025700 0.27525400
vt 0.69258900 0.27525400
vt 0.38792500 0.27525400
vt 0.38792500 0.16851100
vt 0.71257800 0.11035000
vt 0.37023600 0.16851100
vt 0.82250700 0.10684900
vt 0.37023600 0.27525400
vt 0.71265000 0.11287800
vt 0.82255600 0.10917600
vt 0.71330000 0.22279500
vt 0.82267200 0.22845300
vt 0.93025500 0.10815700
vt 0.92930700 0.23044400
vt 0.98449300 0.10801900
vt 0.98441700 0.23104900
vt 0.98876600 0.10801600
vt 0.99302500 0.10801500
vt 0.98872200 0.23106500
vt 0.98440600 0.23281700
vt 0.00626700 0.22459500
vt 0.99300300 0.23106900
vt 0.98871900 0.23282400
vt 0.00542400 0.21641000
vt 0.01577100 0.21668300
vt 0.01866800 0.21026900
vt 0.99300200 0.23282400
vt 0.00504500 0.20466000
vt 0.99725100 0.23282400
vt 0.00909100 0.19162100
vt 0.43066400 0.59545200
vt 0.43059900 0.59362300
vt 0.99725100 0.23107000
vt 0.02152200 0.20511400
vt 0.02467500 0.20069700
vt 0.99725700 0.10801400
vt 0.42543600 0.46572900
vt 0.71196700 0.22281700
vt 0.71197600 0.22475400
vt 0.00968600 0.48416300
vt 0.70772100 0.22462100
vt 0.00979100 0.49298100
vt 0.01072600 0.50326700
vt 0.70376900 0.22456600
vt 0.70773700 0.22293800
vt 0.71130300 0.11289000
vt 0.70377700 0.22296000
vt 0.70716400 0.11278700
vt 0.37023600 0.16747800
vt 0.71139200 0.11036500
vt 0.70712000 0.11054700
vt 0.37076300 0.16329700
vt 0.70321600 0.11282200
vt 0.70316600 0.11068100
vt 0.37230900 0.15940100
vt 0.69937700 0.11288400
vt 0.37030300 0.14298600
vt 0.69993200 0.22296200
vt 0.37357500 0.01536200
vt 0.37798300 0.01363100
vt 0.02137800 0.52227200
vt 0.37794600 0.01546300
vt 0.37361400 0.01353700
vt 0.69992600 0.22455000
vt 0.01465400 0.51360800
vt 0.38233000 0.01370100
vt 0.03098300 0.52738100
vt 0.37465200 0.14310200
vt 0.38230200 0.01556300
vt 0.03956900 0.53043800
vt 0.38674600 0.01371900
vt 0.37896500 0.14321400
vt 0.38672900 0.01567800
vt 0.38327200 0.14331200
vt 0.38920000 0.01579900
vt 0.38564300 0.14334100
vt 0.53203800 0.02048000
vt 0.67487700 0.01580000
vt 0.53203800 0.14240500
vt 0.67843300 0.14334100
vt 0.68080400 0.14331200
vt 0.69480700 0.15132300
vt 0.68086000 0.14577200
vt 0.67845300 0.14583700
vt 0.69258900 0.15132300
vt 0.54025700 0.16851100
vt 0.54025700 0.15132300
vt 0.53203800 0.14496000
vt 0.69258900 0.16851000
vt 0.01599500 0.15979200
vt 0.71027900 0.16851000
vt 0.71027900 0.16747800
vt 0.01480900 0.15977700
vt 0.68517700 0.14564600
vt 0.69881100 0.15187300
vt 0.68949100 0.14552400
vt 0.70254300 0.15348700
vt 0.70574700 0.15605400
vt 0.00274300 0.15936900
vt 0.69384000 0.14540400
vt 0.70820600 0.15940000
vt 0.00658300 0.15946100
vt 0.01053700 0.15959500
vt 0.70975100 0.16329700
vt 0.00663300 0.15732000
vt 0.01058100 0.15735500
vt 0.01116100 0.04720600
vt 0.00720100 0.04718400
vt 0.01472000 0.15725200
vt 0.01539200 0.04732700
vt 0.01606700 0.15726500
vt 0.01672400 0.04735000
vt 0.71027900 0.27525400
vt 0.12592200 0.16330200
vt 0.12597100 0.16097500
vt 0.71027900 0.38199800
vt 0.23365800 0.16431500
vt 0.12609600 0.04169900
vt 0.23367100 0.16200200
vt 0.28790900 0.16446700
vt 0.71027900 0.43535400
vt 0.28791100 0.16214300
vt 0.23273100 0.03971400
vt 0.28784200 0.03911200
vt 0.23270400 0.03789700
vt 0.36475000 0.28634200
vt 0.36475000 0.38546600
vt 0.12602900 0.03981400
vt 0.36089000 0.48722400
vt 0.01657800 0.04533200
vt 0.35954900 0.28667400
vt 0.35998200 0.38536600
vt 0.35825400 0.38531900
vt 0.35398200 0.48476800
vt 0.35814400 0.28675200
vt 0.34736100 0.21680500
vt 0.35673400 0.28681600
vt 0.34617300 0.21714200
vt 0.34524100 0.21745600
vt 0.34367300 0.21348000
vt 0.34456100 0.21358400
vt 0.34122100 0.20826500
vt 0.34192400 0.20819000
vt 0.34601300 0.21407200
vt 0.34817500 0.21481100
vt 0.34309700 0.20826700
vt 0.34883900 0.21684200
vt 0.28783100 0.03734400
vt 0.35826600 0.22248200
vt 0.29214400 0.03733800
vt 0.35874600 0.21407400
vt 0.29214700 0.03909700
vt 0.29644300 0.16214800
vt 0.29642700 0.03909300
vt 0.29218400 0.16214600
vt 0.70974700 0.43951300
vt 0.29218300 0.16447300
vt 0.70818900 0.44338800
vt 0.29644200 0.16447600
vt 0.30067500 0.16447800
vt 0.70571100 0.44671600
vt 0.75101800 0.46330400
vt 0.75091600 0.46572900
vt 0.30067500 0.16214900
vt 0.74664500 0.46311900
vt 0.70248100 0.44927000
vt 0.74654300 0.46554900
vt 0.74228900 0.46293300
vt 0.69872000 0.45087500
vt 0.74219100 0.46537600
vt 0.73791200 0.46275000
vt 0.69468300 0.45142200
vt 0.69259000 0.45142200
vt 0.73561500 0.46267100
vt 0.73783600 0.46522900
vt 0.73696300 0.59329500
vt 0.73558400 0.46518200
vt 0.73248000 0.59311700
vt 0.73011300 0.59297900
vt 0.32156700 0.17270200
vt 0.73244000 0.59509200
vt 0.33221100 0.17487300
vt 0.73691000 0.59516400
vt 0.34398500 0.18014500
vt 0.74129600 0.59529500
vt 0.33462500 0.19489400
vt 0.33010900 0.19125400
vt 0.32446300 0.18756500
vt 0.32966000 0.19295700
vt 0.32451000 0.18968300
vt 0.32457600 0.19106100
vt 0.30974300 0.18524100
vt 0.31014400 0.18353000
vt 0.31087000 0.18124900
vt 0.18073100 0.18019100
vt 0.18072000 0.17793600
vt 0.18070900 0.17567700
vt 0.05129900 0.18259400
vt 0.04570100 0.17392900
vt 0.44630500 0.59512300
vt 0.58817600 0.58796200
vt 0.18067800 0.16996400
vt 0.58817600 0.59044000
vt 0.44623800 0.59297900
vt 0.44076800 0.46518200
vt 0.58817600 0.46664200
vt 0.73004700 0.59512300
vt 0.31605000 0.17249500
vt 0.18074200 0.18244400
vt 0.18075200 0.18469500
vt 0.30952500 0.18644100
vt 0.32450100 0.19190600
vt 0.30933600 0.18764200
vt 0.18076300 0.18694600
vt 0.32427700 0.19265200
vt 0.32887100 0.19522000
vt 0.32916100 0.19467100
vt 0.32939000 0.19403600
vt 0.33277800 0.19749900
vt 0.33314300 0.19701000
vt 0.33632300 0.20028100
vt 0.33713500 0.19971400
vt 0.33371300 0.19619000
vt 0.33840700 0.19883300
vt 0.35392500 0.18900000
vt 0.30067500 0.03733800
vt 0.74568700 0.59545200
vt 0.34180000 0.20322100
vt 0.34493300 0.20837300
vt 0.35859400 0.20208200
vt 0.29642600 0.03733700
vt 0.34023300 0.20364600
vt 0.33923400 0.20392100
vt 0.33584100 0.20064300
vt 0.33864700 0.20415200
vt 0.33541300 0.20099800
vt 0.33814200 0.20444100
vt 0.34009100 0.20873300
vt 0.34061300 0.20847700
vt 0.33770500 0.20473800
vt 0.33722600 0.20501200
vt 0.33464300 0.20169400
vt 0.33503100 0.20133100
vt 0.33241900 0.19793600
vt 0.33949600 0.20889800
vt 0.34220700 0.21383400
vt 0.34141700 0.21385400
vt 0.34339700 0.21795700
vt 0.34246200 0.21815800
vt 0.35252300 0.28695600
vt 0.35392300 0.28691700
vt 0.35308500 0.38517400
vt 0.34893700 0.48377700
vt 0.34996200 0.48392100
vt 0.35480700 0.38522100
vt 0.35094900 0.48407900
vt 0.35653000 0.38527000
vt 0.35532600 0.28687100
vt 0.34429100 0.21773500
vt 0.34288700 0.21361200
vt 0.35225800 0.48433500
vt 0.34891400 0.49815600
vt 0.34708800 0.49882000
vt 0.34588800 0.49927500
vt 0.34612000 0.50356100
vt 0.34450700 0.50369800
vt 0.34348200 0.50378500
vt 0.34193600 0.50749700
vt 0.34330600 0.50783700
vt 0.01114500 0.04552300
vt 0.36023400 0.49779400
vt 0.35895100 0.50838600
vt 0.00719400 0.04557800
vt 0.34035700 0.51140900
vt 0.35454600 0.51892600
vt 0.69046300 0.01353800
vt 0.00335000 0.04559400
vt 0.33709600 0.51457900
vt 0.33923900 0.51067300
vt 0.33854900 0.51020700
vt 0.34107900 0.50727700
vt 0.34058700 0.50708200
vt 0.34288000 0.50372300
vt 0.34445900 0.49927200
vt 0.34237100 0.50353300
vt 0.34512800 0.49938700
vt 0.34729800 0.52761100
vt 0.68609400 0.01363200
vt 0.69050200 0.01536200
vt 0.00335600 0.04718200
vt 0.68613100 0.01546300
vt 0.68177500 0.01556400
vt 0.68942500 0.14310200
vt 0.69377400 0.14298600
vt 0.00279400 0.15725700
vt 0.68511100 0.14321400
vt 0.67734800 0.01567900
vt 0.36059300 0.48869800
vt 0.01540000 0.04539100
vt 0.74575300 0.59362300
vt 0.30067500 0.03909200
vt 0.74135900 0.59345900
vt 0.05292200 0.18889900
vt 0.03832800 0.19419800
vt 0.03389100 0.19684900
vt 0.03084100 0.19998600
vt 0.03050100 0.19961700
vt 0.02806100 0.20302100
vt 0.02767700 0.20270900
vt 0.02557600 0.20643900
vt 0.02513900 0.20616600
vt 0.02340600 0.21042600
vt 0.02288600 0.21019700
vt 0.02087800 0.21529400
vt 0.02155000 0.21548200
vt 0.01968000 0.21937000
vt 0.02056100 0.21954900
vt 0.02399200 0.21056300
vt 0.02232000 0.21547000
vt 0.02316800 0.21509400
vt 0.02461800 0.21051300
vt 0.02148000 0.21970500
vt 0.02240500 0.21983200
vt 0.01466700 0.28709400
vt 0.01602600 0.28705900
vt 0.02220000 0.38280400
vt 0.02050900 0.38287300
vt 0.01738200 0.28701800
vt 0.02333600 0.21993000
vt 0.01873400 0.28696800
vt 0.02389400 0.38273700
vt 0.02305500 0.47951600
vt 0.02561100 0.49468700
vt 0.02207000 0.47959300
vt 0.02504900 0.49486600
vt 0.02114100 0.47968400
vt 0.01882000 0.38294400
vt 0.02014200 0.47980100
vt 0.02439600 0.49495800
vt 0.02644800 0.49923600
vt 0.02857000 0.50257000
vt 0.02694800 0.49906700
vt 0.02737500 0.49885700
vt 0.02933300 0.50209700
vt 0.01713300 0.38301600
vt 0.01193500 0.28713900
vt 0.01330300 0.28712000
vt 0.01874200 0.21913900
vt 0.02403800 0.21445700
vt 0.02525000 0.21031200
vt 0.38792500 0.15132300
vt 0.38562300 0.14583700
vt 0.38570800 0.15132300
vt 0.38321600 0.14577200
vt 0.38170400 0.15187400
vt 0.37889900 0.14564600
vt 0.37458500 0.14552400
vt 0.37797200 0.15348800
vt 0.37476800 0.15605500
vt 0.69932600 0.11077200
vt 0.37023600 0.14540400
vt 0.04255800 0.29200800
vt 0.04802800 0.28691800
vt 0.05434200 0.28363600
vt 0.05337700 0.28219900
vt 0.06075300 0.27828600
vt 0.06105600 0.28021800
vt 0.06136900 0.28207600
vt 0.06423400 0.27960600
vt 0.06569400 0.28128900
vt 0.18046700 0.27388900
vt 0.18045500 0.27590500
vt 0.06680600 0.28297200
vt 0.18044200 0.27790500
vt 0.29585600 0.28646600
vt 0.18042700 0.27994300
vt 0.13768300 0.54389600
vt 0.29676900 0.28458800
vt 0.30262800 0.28565900
vt 0.30298500 0.28366700
vt 0.29809900 0.28273500
vt 0.30331200 0.28160200
vt 0.29978200 0.28090200
vt 0.18047900 0.27184800
vt 0.30172100 0.27908700
vt 0.30362900 0.27948800
vt 0.30379900 0.27729300
vt 0.31287900 0.28197100
vt 0.31188000 0.28356800
vt 0.31921100 0.28711700
vt 0.31089700 0.28518100
vt 0.31791500 0.28839000
vt 0.32395800 0.29340900
vt 0.31663000 0.28967700
vt 0.32245000 0.29428800
vt 0.32730300 0.30137400
vt 0.32555500 0.30144200
vt 0.32094900 0.29518200
vt 0.31536600 0.29096700
vt 0.31946800 0.29608800
vt 0.32384600 0.30172000
vt 0.32217200 0.30203700
vt 0.32437500 0.30459900
vt 0.32582500 0.30304000
vt 0.32664100 0.38474700
vt 0.32808200 0.38478100
vt 0.32312500 0.46986000
vt 0.33962900 0.38490300
vt 0.34447700 0.38496500
vt 0.33763700 0.48369900
vt 0.31484700 0.48371000
vt 0.32591900 0.49539500
vt 0.31968600 0.47767400
vt 0.32140400 0.46975100
vt 0.31822300 0.47677700
vt 0.31972000 0.46943900
vt 0.31676800 0.47587400
vt 0.31362600 0.48243000
vt 0.31241900 0.48114800
vt 0.30764100 0.48684800
vt 0.30853000 0.48842900
vt 0.31470400 0.50575000
vt 0.30029700 0.49233500
vt 0.29947400 0.49032200
vt 0.30676500 0.48526400
vt 0.29933700 0.48827700
vt 0.29918100 0.48629800
vt 0.30590700 0.48368700
vt 0.31007200 0.47861900
vt 0.31122900 0.47987100
vt 0.30507800 0.48212600
vt 0.30429400 0.48062100
vt 0.29898100 0.48440300
vt 0.30896000 0.47739600
vt 0.30790500 0.47620100
vt 0.48662100 0.85320100
vt 0.31258100 0.47318100
vt 0.31125600 0.47230200
vt 0.48860000 0.84759000
vt 0.31354300 0.46779300
vt 0.49054400 0.84196600
vt 0.37321500 0.80647000
vt 0.37169700 0.81122800
vt 0.37184100 0.80614000
vt 0.37116100 0.80132300
vt 0.37254900 0.80141100
vt 0.37398500 0.80151100
vt 0.37095200 0.79668200
vt 0.37235300 0.79649800
vt 0.37379000 0.79630400
vt 0.35069000 0.72647400
vt 0.35189000 0.72599600
vt 0.31740400 0.66204000
vt 0.31852600 0.66131000
vt 0.35309600 0.72551700
vt 0.31974500 0.38457500
vt 0.49044300 0.67366800
vt 0.31967000 0.66055000
vt 0.49245400 0.83634300
vt 0.31467000 0.46291400
vt 0.31495600 0.46827000
vt 0.31611100 0.46334000
vt 0.32112400 0.38461100
vt 0.31647000 0.46870500
vt 0.31751300 0.46410400
vt 0.31806600 0.46909400
vt 0.31890700 0.46519900
vt 0.32247800 0.38464600
vt 0.32384400 0.38468000
vt 0.32016000 0.30771200
vt 0.32154900 0.30699000
vt 0.31903600 0.30282200
vt 0.32056000 0.30240300
vt 0.32295100 0.30594000
vt 0.32523000 0.38471400
vt 0.32030300 0.46658200
vt 0.32170800 0.46817400
vt 0.31663700 0.29788300
vt 0.31802300 0.29699200
vt 0.31413700 0.29225100
vt 0.31295600 0.29352100
vt 0.30810800 0.28998300
vt 0.31182500 0.29474800
vt 0.36598200 0.55193300
vt 0.36111100 0.54923200
vt 0.30725000 0.29156800
vt 0.30178900 0.28933400
vt 0.35621600 0.54655700
vt 0.30968900 0.65177200
vt 0.30554000 0.65006100
vt 0.30515300 0.65134200
vt 0.30056300 0.65047600
vt 0.30071900 0.64896500
vt 0.29512000 0.65056600
vt 0.35128800 0.54389600
vt 0.29538400 0.28841000
vt 0.29487500 0.64877100
vt 0.20039100 0.68162600
vt 0.20111900 0.68320300
vt 0.11784600 0.73080500
vt 0.11899400 0.73208600
vt 0.20184200 0.68477300
vt 0.29541300 0.65226900
vt 0.12004500 0.73334600
vt 0.20256100 0.68633500
vt 0.29575400 0.65389800
vt 0.12101400 0.73459800
vt 0.20327400 0.68788900
vt 0.12191200 0.73585200
vt 0.20397800 0.68942700
vt 0.70953300 0.84905500
vt 0.29614500 0.65547200
vt 0.30048500 0.65474600
vt 0.30045200 0.65335100
vt 0.71299100 0.97413600
vt 0.29659000 0.65700200
vt 0.30057300 0.65612900
vt 0.71224100 0.97887700
vt 0.71112900 0.97408500
vt 0.70735100 0.84905500
vt 0.71112900 0.72402500
vt 0.60616800 0.84905500
vt 0.12274700 0.73711800
vt 0.71299100 0.72397500
vt 0.11964900 0.73949000
vt 0.71224100 0.71923400
vt 0.11870300 0.73855200
vt 0.11771700 0.73765300
vt 0.11653600 0.74142100
vt 0.11550500 0.74084100
vt 0.11306900 0.74381900
vt 0.11444600 0.74028700
vt 0.11414500 0.74412100
vt 0.11354900 0.74749400
vt 0.11244800 0.74741500
vt 0.11520500 0.74443500
vt 0.11464100 0.74757200
vt 0.70805400 0.71200700
vt 0.11625600 0.74476000
vt 0.11754500 0.74202900
vt 0.71058500 0.71535700
vt 0.70920400 0.71615500
vt 0.71065300 0.71966500
vt 0.60547500 0.71789600
vt 0.60545200 0.72189500
vt 0.50382700 0.84905500
vt 0.49966700 0.72279700
vt 0.50017600 0.71843400
vt 0.50162300 0.84905500
vt 0.27580600 0.86349100
vt 0.18825300 0.88670200
vt 0.49779300 0.72274200
vt 0.18450400 0.88716400
vt 0.49858800 0.71798600
vt 0.27642100 0.86500300
vt 0.18856000 0.88814400
vt 0.18881900 0.88962300
vt 0.18446300 0.88850500
vt 0.27704000 0.86652500
vt 0.35793700 0.81906600
vt 0.36066400 0.81497900
vt 0.49858800 0.98012400
vt 0.49779300 0.97536800
vt 0.35698800 0.81769400
vt 0.49966700 0.97531300
vt 0.50017600 0.97967600
vt 0.50166600 0.98317500
vt 0.60549300 0.98358700
vt 0.60547400 0.98021400
vt 0.70920400 0.98195600
vt 0.60545100 0.97621500
vt 0.71065300 0.97844500
vt 0.30401800 0.65626100
vt 0.71058500 0.98275400
vt 0.30424700 0.65503900
vt 0.70805400 0.98610400
vt 0.30708700 0.65717900
vt 0.30757400 0.65611200
vt 0.31119400 0.65695600
vt 0.30807200 0.65504600
vt 0.31048300 0.65789100
vt 0.31394500 0.65947700
vt 0.70464000 0.98885700
vt 0.30976300 0.65882200
vt 0.31302300 0.66028300
vt 0.70013500 0.99098100
vt 0.31208300 0.66107900
vt 0.31518200 0.66342900
vt 0.31629200 0.66274500
vt 0.34949500 0.72694800
vt 0.36957900 0.79686200
vt 0.34830700 0.72742100
vt 0.60555100 0.99341800
vt 0.34712600 0.72789000
vt 0.31406700 0.66409800
vt 0.69395900 0.99181900
vt 0.36822600 0.79703800
vt 0.51704700 0.99286800
vt 0.36688600 0.79720700
vt 0.36979700 0.80125100
vt 0.51723800 0.99111200
vt 0.60554200 0.99188000
vt 0.60553300 0.99034200
vt 0.69374700 0.99006600
vt 0.69962200 0.98905500
vt 0.70376100 0.98733100
vt 0.60552300 0.98869900
vt 0.60551000 0.98648200
vt 0.70689600 0.98496500
vt 0.31485600 0.65865500
vt 0.31576700 0.65780500
vt 0.31190700 0.65601400
vt 0.31262700 0.65504400
vt 0.30858900 0.65397500
vt 0.30912200 0.65288900
vt 0.30451100 0.65381900
vt 0.30481200 0.65259000
vt 0.30047600 0.65193200
vt 0.31336600 0.65404900
vt 0.31530200 0.29874900
vt 0.37083700 0.55466600
vt 0.31668400 0.65691700
vt 0.37567700 0.55743300
vt 0.31762000 0.30328900
vt 0.31875200 0.30810800
vt 0.38050600 0.56023500
vt 0.18440000 0.88985000
vt 0.50029200 0.71411900
vt 0.18108200 0.88669100
vt 0.18075800 0.88794900
vt 0.17780300 0.88558400
vt 0.50286700 0.71079500
vt 0.18043000 0.88918900
vt 0.17727500 0.88673700
vt 0.17405700 0.88497400
vt 0.17674900 0.88787600
vt 0.50631800 0.70807900
vt 0.17477300 0.88395600
vt 0.17215500 0.88178700
vt 0.51085400 0.70600600
vt 0.51134400 0.70794000
vt 0.50718000 0.70961700
vt 0.60553400 0.70776800
vt 0.60552400 0.70941100
vt 0.50401300 0.71194800
vt 0.50166600 0.71493500
vt 0.60551100 0.71162800
vt 0.70689600 0.71314500
vt 0.70376200 0.71077900
vt 0.60549400 0.71452300
vt 0.70013500 0.70712900
vt 0.11589900 0.75063000
vt 0.11573000 0.74764200
vt 0.70464000 0.70925300
vt 0.69962300 0.70905500
vt 0.69374800 0.70804400
vt 0.69395900 0.70629200
vt 0.11684600 0.75384200
vt 0.11569800 0.75423700
vt 0.60555200 0.70469100
vt 0.14322000 0.81626100
vt 0.14211500 0.81673100
vt 0.16795600 0.88012500
vt 0.14100700 0.81720200
vt 0.16905200 0.87943900
vt 0.17014800 0.87876200
vt 0.51704700 0.70524100
vt 0.17127000 0.88261200
vt 0.17037500 0.88345200
vt 0.17264100 0.88699000
vt 0.16946900 0.88430600
vt 0.17335500 0.88598300
vt 0.16685000 0.88082400
vt 0.16855100 0.88520100
vt 0.17192800 0.88802900
vt 0.17120100 0.88909000
vt 0.05808700 0.46970600
vt 0.11942200 0.98732500
vt 0.11467200 0.98476500
vt 0.05611400 0.46525200
vt 0.16760400 0.88614600
vt 0.10994000 0.98218400
vt 0.05525700 0.46039500
vt 0.16572400 0.88153800
vt 0.16456800 0.88227000
vt 0.13766600 0.81862300
vt 0.13878200 0.81814900
vt 0.11336400 0.75498600
vt 0.13989500 0.81767500
vt 0.11216100 0.75534600
vt 0.11250500 0.75111500
vt 0.11134600 0.75124100
vt 0.11132100 0.74732500
vt 0.11197200 0.74352000
vt 0.11334800 0.73975100
vt 0.11668200 0.73678600
vt 0.11558400 0.73594300
vt 0.11364200 0.75097100
vt 0.11454000 0.75461800
vt 0.11477100 0.75081000
vt 0.05678200 0.47049700
vt 0.60554300 0.70623000
vt 0.51723800 0.70699800
vt 0.30222900 0.28755500
vt 0.30899400 0.28841300
vt 0.30992900 0.28679900
vt 0.31533300 0.47496500
vt 0.31393100 0.47406300
vt 0.31404400 0.51487100
vt 0.18304200 0.51343100
vt 0.31404900 0.51604300
vt 0.32898200 0.51255700
vt 0.32844300 0.51339900
vt 0.33208700 0.51148300
vt 0.33186600 0.51208900
vt 0.33457000 0.50992700
vt 0.33172400 0.51269000
vt 0.32802000 0.51423300
vt 0.31408400 0.51720000
vt 0.31414500 0.51830600
vt 0.32780400 0.51500700
vt 0.33171500 0.51325100
vt 0.31423000 0.51936800
vt 0.18294400 0.52028200
vt 0.18297700 0.51800000
vt 0.05391100 0.51434200
vt 0.05400500 0.51326700
vt 0.04054900 0.50992700
vt 0.04016400 0.50910200
vt 0.03687900 0.50771700
vt 0.05407400 0.51214300
vt 0.18301000 0.51571600
vt 0.34619900 0.38500400
vt 0.18049100 0.26977600
vt 0.06250100 0.27792200
vt 0.07580100 0.47897000
vt 0.13860700 0.99725700
vt 0.78227800 0.04537700
vt 0.84511100 0.24398400
vt 0.84511900 0.24424900
vt 0.78005000 0.04314900
vt 0.84836600 0.24386200
vt 0.76985500 0.05557200
vt 0.84184800 0.24405100
vt 0.78402800 0.04799700
vt 0.84185300 0.24431700
vt 0.84185700 0.24458100
vt 0.83858500 0.24462000
vt 0.83858200 0.24435600
vt 0.83531100 0.24464500
vt 0.83531000 0.24438100
vt 0.83857900 0.24409000
vt 0.78523400 0.05090700
vt 0.78584800 0.05399700
vt 0.83530700 0.24411500
vt 0.78584800 0.05714700
vt 0.83203400 0.24413200
vt 0.83203500 0.24439800
vt 0.82876100 0.24467400
vt 0.82876000 0.24441000
vt 0.83203600 0.24466200
vt 0.83203800 0.24492400
vt 0.82876200 0.24493700
vt 0.82876300 0.24519800
vt 0.82548600 0.24520700
vt 0.82548600 0.24494700
vt 0.82548500 0.24468400
vt 0.82221000 0.24521600
vt 0.82221000 0.24495500
vt 0.82220900 0.24469200
vt 0.81893400 0.24522200
vt 0.81893400 0.24496200
vt 0.81893300 0.24469900
vt 0.81565800 0.24522800
vt 0.81565700 0.24496700
vt 0.81565700 0.24470500
vt 0.81238100 0.24523200
vt 0.81238100 0.24497200
vt 0.81238100 0.24470900
vt 0.80910500 0.24523600
vt 0.80910500 0.24497500
vt 0.80910500 0.24471300
vt 0.80582900 0.24523900
vt 0.80582900 0.24497800
vt 0.80255200 0.24524100
vt 0.80255200 0.24498000
vt 0.80582900 0.24471600
vt 0.80910400 0.24444900
vt 0.80582800 0.24445100
vt 0.80255200 0.24471700
vt 0.80255200 0.24445300
vt 0.79927600 0.24498100
vt 0.79927600 0.24471800
vt 0.79927600 0.24445400
vt 0.79600000 0.24498100
vt 0.79600000 0.24471800
vt 0.79600000 0.24445400
vt 0.79272400 0.24498000
vt 0.79272400 0.24471700
vt 0.79272400 0.24445300
vt 0.78944800 0.24497800
vt 0.78944800 0.24471500
vt 0.78944800 0.24445100
vt 0.78617200 0.24497500
vt 0.78617200 0.24471200
vt 0.78617200 0.24444800
vt 0.78289600 0.24497100
vt 0.78289600 0.24470800
vt 0.78289700 0.24444400
vt 0.77962000 0.24496500
vt 0.77962100 0.24470300
vt 0.77962100 0.24443900
vt 0.77634400 0.24495800
vt 0.77634500 0.24469600
vt 0.77634500 0.24443100
vt 0.77306900 0.24494800
vt 0.77307000 0.24468600
vt 0.77307000 0.24442200
vt 0.76979300 0.24493400
vt 0.76979500 0.24467200
vt 0.76652100 0.24464900
vt 0.76979600 0.24440800
vt 0.76651800 0.24491200
vt 0.76651600 0.24517300
vt 0.76323900 0.24513600
vt 0.76324300 0.24487500
vt 0.76324700 0.24461300
vt 0.75996000 0.24507100
vt 0.75996800 0.24481000
vt 0.75667600 0.24495200
vt 0.75669000 0.24469100
vt 0.75997500 0.24454800
vt 0.76325100 0.24434900
vt 0.75998300 0.24428500
vt 0.75670400 0.24442800
vt 0.75671800 0.24416500
vt 0.75340300 0.24446300
vt 0.75343000 0.24420000
vt 0.85502000 0.24397000
vt 0.75007100 0.24402400
vt 0.75012100 0.24375700
vt 0.85496800 0.24370500
vt 0.75345700 0.24393700
vt 0.76828000 0.03957900
vt 0.75673200 0.24390000
vt 0.85491000 0.24344100
vt 0.75017800 0.24349300
vt 0.77143000 0.03957900
vt 0.75348400 0.24367200
vt 0.75024000 0.24323000
vt 0.77452000 0.04019400
vt 0.85484700 0.24318000
vt 0.85163500 0.24389400
vt 0.85160700 0.24363000
vt 0.77743100 0.04139900
vt 0.84838000 0.24412600
vt 0.84839500 0.24438900
vt 0.84512700 0.24451300
vt 0.84513500 0.24477500
vt 0.84186200 0.24484300
vt 0.84186600 0.24510300
vt 0.83859000 0.24514300
vt 0.83858800 0.24488200
vt 0.83531400 0.24516800
vt 0.83531300 0.24490700
vt 0.83203900 0.24518500
vt 0.83226200 0.31581900
vt 0.83555700 0.31581100
vt 0.83885200 0.31580400
vt 0.83555700 0.31666500
vt 0.83226200 0.31667400
vt 0.83226600 0.31766200
vt 0.82896600 0.31668200
vt 0.82897000 0.31767100
vt 0.82567400 0.31767800
vt 0.82567100 0.31668900
vt 0.82237800 0.31768500
vt 0.81908100 0.31769100
vt 0.82237500 0.31669600
vt 0.82567100 0.31583500
vt 0.82237500 0.31584100
vt 0.81907900 0.31670200
vt 0.81578200 0.31670700
vt 0.81578500 0.31769500
vt 0.81907900 0.31584700
vt 0.81578300 0.31585200
vt 0.81248700 0.31585600
vt 0.81248600 0.31671100
vt 0.81248900 0.31769900
vt 0.80919000 0.31671400
vt 0.80919200 0.31770200
vt 0.80589600 0.31770400
vt 0.80589400 0.31671600
vt 0.80260000 0.31770600
vt 0.80259800 0.31671700
vt 0.79930400 0.31770600
vt 0.79930200 0.31671700
vt 0.79600700 0.31770500
vt 0.79271100 0.31770400
vt 0.79600600 0.31671700
vt 0.79600900 0.31586200
vt 0.79930400 0.31586300
vt 0.79271100 0.31671500
vt 0.78941500 0.31671300
vt 0.78941500 0.31770100
vt 0.79271300 0.31586100
vt 0.78944800 0.24523800
vt 0.78941700 0.31585800
vt 0.79272400 0.24524000
vt 0.79600000 0.24524100
vt 0.79927600 0.24524100
vt 0.80260000 0.31586200
vt 0.80589600 0.31586100
vt 0.80919200 0.31585900
vt 0.78617100 0.24523500
vt 0.78612200 0.31585500
vt 0.78611900 0.31670900
vt 0.78611900 0.31769800
vt 0.78282300 0.31670500
vt 0.78282300 0.31769400
vt 0.77952700 0.31768800
vt 0.77952800 0.31670000
vt 0.77623100 0.31768200
vt 0.77623200 0.31669400
vt 0.77293600 0.31767500
vt 0.77293700 0.31668700
vt 0.76964200 0.31766800
vt 0.76635000 0.31766000
vt 0.76964300 0.31668000
vt 0.76964700 0.31582600
vt 0.76635100 0.31667300
vt 0.77294100 0.31583300
vt 0.76979200 0.24519500
vt 0.77623600 0.31584000
vt 0.77306700 0.24520900
vt 0.77634300 0.24521900
vt 0.77953100 0.31584500
vt 0.77961900 0.24522600
vt 0.78289500 0.24523100
vt 0.78282600 0.31585100
vt 0.76306300 0.31667000
vt 0.76306400 0.31765400
vt 0.76635400 0.31582000
vt 0.76306400 0.31581800
vt 0.75977800 0.31582600
vt 0.75978100 0.31667600
vt 0.75978700 0.31765700
vt 0.75651100 0.31670800
vt 0.75653000 0.31768300
vt 0.75330400 0.31777100
vt 0.75325300 0.31680600
vt 0.75010900 0.31802400
vt 0.85519700 0.31802400
vt 0.85534000 0.31703300
vt 0.74996200 0.31705600
vt 0.85195600 0.31777300
vt 0.85200800 0.31679200
vt 0.84870100 0.31767700
vt 0.84542800 0.31764500
vt 0.84871900 0.31669500
vt 0.85205300 0.31593700
vt 0.84873900 0.31584200
vt 0.84543300 0.31666100
vt 0.84214400 0.31665400
vt 0.84214500 0.31764000
vt 0.84544100 0.31580800
vt 0.84214600 0.31580000
vt 0.84514200 0.24503500
vt 0.84842300 0.24491300
vt 0.84840900 0.24465200
vt 0.85168900 0.24441900
vt 0.85166200 0.24415700
vt 0.85171500 0.24468200
vt 0.74986900 0.31618700
vt 0.85542500 0.31615400
vt 0.75003100 0.24429100
vt 0.85506100 0.24423800
vt 0.75337700 0.24472500
vt 0.75321200 0.31595800
vt 0.75649600 0.31586100
vt 0.83885200 0.31665800
vt 0.83885500 0.31764500
vt 0.83556100 0.31765300
vt 0.82896600 0.31582700
vt 0.76519000 0.04019400
vt 0.75999000 0.24401900
vt 0.76325500 0.24408300
vt 0.76228000 0.04139900
vt 0.75966000 0.04314900
vt 0.76652500 0.24412000
vt 0.76979700 0.24414200
vt 0.75743200 0.04537700
vt 0.76652300 0.24438600
vt 0.75568200 0.04799700
vt 0.77307100 0.24415600
vt 0.75447700 0.05090700
vt 0.77634600 0.24416500
vt 0.75386200 0.05399700
vt 0.77962100 0.24417200
vt 0.75386200 0.05714800
vt 0.78289700 0.24417800
vt 0.78617200 0.24418200
vt 0.75447700 0.06023700
vt 0.75568200 0.06314800
vt 0.78944800 0.24418500
vt 0.75743200 0.06576700
vt 0.79272400 0.24418700
vt 0.75966000 0.06799500
vt 0.79600000 0.24418800
vt 0.76228000 0.06974500
vt 0.79927600 0.24418800
vt 0.76519000 0.07095100
vt 0.80255200 0.24418700
vt 0.76828000 0.07156600
vt 0.80582800 0.24418500
vt 0.77143000 0.07156600
vt 0.80910400 0.24418200
vt 0.77452000 0.07095100
vt 0.81238000 0.24417900
vt 0.81565600 0.24417400
vt 0.77743100 0.06974500
vt 0.81238000 0.24444500
vt 0.81565700 0.24444000
vt 0.81893300 0.24443500
vt 0.78005000 0.06799500
vt 0.81893200 0.24416900
vt 0.78227800 0.06576700
vt 0.82220800 0.24416200
vt 0.82220900 0.24442800
vt 0.78402800 0.06314800
vt 0.82548300 0.24415400
vt 0.78523400 0.06023700
vt 0.82875900 0.24414400
vt 0.82548400 0.24442000
vt 0.76067900 0.42028600
vt 0.77337000 0.37787400
vt 0.75274600 0.41708600
vt 0.76913600 0.42191700
vt 0.75975200 0.42329100
vt 0.75125400 0.41987000
vt 0.74354800 0.41481500
vt 0.75054200 0.42123700
vt 0.74252600 0.41608400
vt 0.81370800 0.51737000
vt 0.73248200 0.41190300
vt 0.73551200 0.40932800
vt 0.74011200 0.41917600
vt 0.81962000 0.52332300
vt 0.81169000 0.51902100
vt 0.81169000 0.51902100
vt 0.81169000 0.51902100
vt 0.81797500 0.52530400
vt 0.81797500 0.52530400
vt 0.81797500 0.52530400
vt 0.82654800 0.52798400
vt 0.74877800 0.42468500
vt 0.83426900 0.53118200
vt 0.75821300 0.42854200
vt 0.82534700 0.53022500
vt 0.82534700 0.53022500
vt 0.82534700 0.53022500
vt 0.75930100 0.42483200
vt 0.76865900 0.42667000
vt 0.76880500 0.42506100
vt 0.77777700 0.42189200
vt 0.77806100 0.42504900
vt 0.78626300 0.42019000
vt 0.78715800 0.42323700
vt 0.77823100 0.42666100
vt 0.85092200 0.53282900
vt 0.77863500 0.43054300
vt 0.78763800 0.42478700
vt 0.76830200 0.43054300
vt 0.84251400 0.53281200
vt 0.83352800 0.53365100
vt 0.83352800 0.53365100
vt 0.83352800 0.53365100
vt 0.84225500 0.53541600
vt 0.84225500 0.53541600
vt 0.84225500 0.53541600
vt 0.83274400 0.53619900
vt 0.83274400 0.53619900
vt 0.83274400 0.53619900
vt 0.84198500 0.53807200
vt 0.84198500 0.53807200
vt 0.84198500 0.53807200
vt 0.84198500 0.53807200
vt 0.85116300 0.53540400
vt 0.85116300 0.53540400
vt 0.85116300 0.53540400
vt 0.85988900 0.53367400
vt 0.85988900 0.53367400
vt 0.85988900 0.53367400
vt 0.78879300 0.42852200
vt 0.85915100 0.53120100
vt 0.85142000 0.53806400
vt 0.85142000 0.53806400
vt 0.85142000 0.53806400
vt 0.85142000 0.53806400
vt 0.85321700 0.55638800
vt 0.85321700 0.55638800
vt 0.85321700 0.55638800
vt 0.84017100 0.55637100
vt 0.84017100 0.55637100
vt 0.86065800 0.53622900
vt 0.86065800 0.53622900
vt 0.86065800 0.53622900
vt 0.86935700 0.53263200
vt 0.86935700 0.53263200
vt 0.86935700 0.53263200
vt 0.86810400 0.53027600
vt 0.86810400 0.53027600
vt 0.86810400 0.53027600
vt 0.86600400 0.55384700
vt 0.86600400 0.55384700
vt 0.87803800 0.54885900
vt 0.87803800 0.54885900
vt 0.82588700 0.00566000
vt 0.87980700 0.55212300
vt 0.82204800 0.00725000
vt 0.86710100 0.55739700
vt 0.85359700 0.56008700
vt 0.81859300 0.00955900
vt 0.82204800 0.04463700
vt 0.77975000 0.46998800
vt 0.82588700 0.04622700
vt 0.78500000 0.45730600
vt 0.79550300 0.44822600
vt 0.79550300 0.44822600
vt 0.82996200 0.04703700
vt 0.79262500 0.44588900
vt 0.78827700 0.45903700
vt 0.78827700 0.45903700
vt 0.78330100 0.47104600
vt 0.78330100 0.47104600
vt 0.78330100 0.47104600
vt 0.80087900 0.47637400
vt 0.80087900 0.47637400
vt 0.80087900 0.47637400
vt 0.80087900 0.47637400
vt 0.80448300 0.46769300
vt 0.80448300 0.46769300
vt 0.80448300 0.46769300
vt 0.80342600 0.47715400
vt 0.80342600 0.47715400
vt 0.80342600 0.47715400
vt 0.80971200 0.45988000
vt 0.80971200 0.45988000
vt 0.80971200 0.45988000
vt 0.80683000 0.46895400
vt 0.80683000 0.46895400
vt 0.80683000 0.46895400
vt 0.81176700 0.46157500
vt 0.81176700 0.46157500
vt 0.81176700 0.46157500
vt 0.72256000 0.36249800
vt 0.80588800 0.47791200
vt 0.72654600 0.35288300
vt 0.80909600 0.47017900
vt 0.73001800 0.35471700
vt 0.72632500 0.36362000
vt 0.73232900 0.34423300
vt 0.81375200 0.46321800
vt 0.73537500 0.34670800
vt 0.81805100 0.45530000
vt 0.81805100 0.45530000
vt 0.81805100 0.45530000
vt 0.81967700 0.45729900
vt 0.73968500 0.33687800
vt 0.82543900 0.45037000
vt 0.82543900 0.45037000
vt 0.82543900 0.45037000
vt 0.74219000 0.33989900
vt 0.74833300 0.33110000
vt 0.82664400 0.45264900
vt 0.83438600 0.44944700
vt 0.75794100 0.32712000
vt 0.75020000 0.33455100
vt 0.83364800 0.44697600
vt 0.83364800 0.44697600
vt 0.83364800 0.44697600
vt 0.84236400 0.44524900
vt 0.84236400 0.44524900
vt 0.84236400 0.44524900
vt 0.83288000 0.44442300
vt 0.83288000 0.44442300
vt 0.83288000 0.44442300
vt 0.84210900 0.44259500
vt 0.84210900 0.44259500
vt 0.84210900 0.44259500
vt 0.84210900 0.44259500
vt 0.84030200 0.42429100
vt 0.84030200 0.42429100
vt 0.84030200 0.42429100
vt 0.85332000 0.42429400
vt 0.85332000 0.42429400
vt 0.85151800 0.44260200
vt 0.85151800 0.44260200
vt 0.85151800 0.44260200
vt 0.86609000 0.42683900
vt 0.86609000 0.42683900
vt 0.86609000 0.42683900
vt 0.85125000 0.44525500
vt 0.85125000 0.44525500
vt 0.85125000 0.44525500
vt 0.86074700 0.44444400
vt 0.86074700 0.44444400
vt 0.86074700 0.44444400
vt 0.86074700 0.44444400
vt 0.87811800 0.43183500
vt 0.87811800 0.43183500
vt 0.86944300 0.44805000
vt 0.86944300 0.44805000
vt 0.86944300 0.44805000
vt 0.85996600 0.44699500
vt 0.85996600 0.44699500
vt 0.85996600 0.44699500
vt 0.86818000 0.45040100
vt 0.86818000 0.45040100
vt 0.86818000 0.45040100
vt 0.78873200 0.32711800
vt 0.85920700 0.44946100
vt 0.77853600 0.32509100
vt 0.85098600 0.44782100
vt 0.77817200 0.32899600
vt 0.76854400 0.32899300
vt 0.76813900 0.32509100
vt 0.84260500 0.44781600
vt 0.75909900 0.33086800
vt 0.75097600 0.33598300
vt 0.75958100 0.33242400
vt 0.76871200 0.33061300
vt 0.76047600 0.33548200
vt 0.75245100 0.33880700
vt 0.74522800 0.34363500
vt 0.74323100 0.34115200
vt 0.73908400 0.34978000
vt 0.73425700 0.35700800
vt 0.73664100 0.34773400
vt 0.73146000 0.35547700
vt 0.73093100 0.36504100
vt 0.72788800 0.36408500
vt 0.72923700 0.37357400
vt 0.72606300 0.37323000
vt 0.72924500 0.38228200
vt 0.72443800 0.37307900
vt 0.72606000 0.38256700
vt 0.72443400 0.38273600
vt 0.72788800 0.39174200
vt 0.73096500 0.39083400
vt 0.73435400 0.39890300
vt 0.73150200 0.40040800
vt 0.73932100 0.40618400
vt 0.73682800 0.40822600
vt 0.74556700 0.41234600
vt 0.73005400 0.40120000
vt 0.72655900 0.40310500
vt 0.80904300 0.51041500
vt 0.72254500 0.39339600
vt 0.80586200 0.50269800
vt 0.72632200 0.39222900
vt 0.80424100 0.49449200
vt 0.72051500 0.38314100
vt 0.80167800 0.49473200
vt 0.80167800 0.49473200
vt 0.80167800 0.49473200
vt 0.72052300 0.37271300
vt 0.80424900 0.48612200
vt 0.80168700 0.48585800
vt 0.80168700 0.48585800
vt 0.80168700 0.48585800
vt 0.79903700 0.48559000
vt 0.79903700 0.48559000
vt 0.79903700 0.48559000
vt 0.78076300 0.48379100
vt 0.78076300 0.48379100
vt 0.79902800 0.49498600
vt 0.79902800 0.49498600
vt 0.79902800 0.49498600
vt 0.79902800 0.49498600
vt 0.78075800 0.49678100
vt 0.78075800 0.49678100
vt 0.78075800 0.49678100
vt 0.80085400 0.50419900
vt 0.80085400 0.50419900
vt 0.80085400 0.50419900
vt 0.80340000 0.50343200
vt 0.80340000 0.50343200
vt 0.80340000 0.50343200
vt 0.80679800 0.51161400
vt 0.80679800 0.51161400
vt 0.80679800 0.51161400
vt 0.80444500 0.51286300
vt 0.80444500 0.51286300
vt 0.80444500 0.51286300
vt 0.80962600 0.52070100
vt 0.80962600 0.52070100
vt 0.80962600 0.52070100
vt 0.78823600 0.52151700
vt 0.78823600 0.52151700
vt 0.78328300 0.50951700
vt 0.78328300 0.50951700
vt 0.78497800 0.52327300
vt 0.81175600 0.03209700
vt 0.81334600 0.03593500
vt 0.77974600 0.51060600
vt 0.81565500 0.03939000
vt 0.77707600 0.49716100
vt 0.81175600 0.01979100
vt 0.81365200 0.55206000
vt 0.81334600 0.01595200
vt 0.82632600 0.55735200
vt 0.83981800 0.56007200
vt 0.81565500 0.01249700
vt 0.82739500 0.55379700
vt 0.82739500 0.55379700
vt 0.82739500 0.55379700
vt 0.81539100 0.54878600
vt 0.81539100 0.54878600
vt 0.80460100 0.54154000
vt 0.80460100 0.54154000
vt 0.82408400 0.53257000
vt 0.82408400 0.53257000
vt 0.82408400 0.53257000
vt 0.81628000 0.52735800
vt 0.81628000 0.52735800
vt 0.81628000 0.52735800
vt 0.79542900 0.53232800
vt 0.79542900 0.53232800
vt 0.81094600 0.02386600
vt 0.80225800 0.54441100
vt 0.79257300 0.53468600
vt 0.81094600 0.02802100
vt 0.77707500 0.48344600
vt 0.81859300 0.04232800
vt 0.76899400 0.33378500
vt 0.77802100 0.33061700
vt 0.77767800 0.33378400
vt 0.78619500 0.33547600
vt 0.78714900 0.33243800
vt 0.79650500 0.33456300
vt 0.79574600 0.33600300
vt 0.78761300 0.33087700
vt 0.79833600 0.33109500
vt 0.86695200 0.45267500
vt 0.87558600 0.45533300
vt 0.87558600 0.45533300
vt 0.87558600 0.45533300
vt 0.87393000 0.45734600
vt 0.80697800 0.33686800
vt 0.87985200 0.46326900
vt 0.81432800 0.34421600
vt 0.80450700 0.33991200
vt 0.88182300 0.46165300
vt 0.88182300 0.46165300
vt 0.88182300 0.46165300
vt 0.88676300 0.46901200
vt 0.88676300 0.46901200
vt 0.88676300 0.46901200
vt 0.88388900 0.45996700
vt 0.88388900 0.45996700
vt 0.88388900 0.45996700
vt 0.88911000 0.46776100
vt 0.88911000 0.46776100
vt 0.88911000 0.46776100
vt 0.89270500 0.47643600
vt 0.89270500 0.47643600
vt 0.89270500 0.47643600
vt 0.90531200 0.45910800
vt 0.90531200 0.45910800
vt 0.91027400 0.47111000
vt 0.91027400 0.47111000
vt 0.85232300 0.01979100
vt 0.90857000 0.45734900
vt 0.91381200 0.47001900
vt 0.85073300 0.01595200
vt 0.91280200 0.48385200
vt 0.91280200 0.48385200
vt 0.91280200 0.48385200
vt 0.84842400 0.01249700
vt 0.91648600 0.48347100
vt 0.91279800 0.49684600
vt 0.91279800 0.49684600
vt 0.89453000 0.48565000
vt 0.89453000 0.48565000
vt 0.89453000 0.48565000
vt 0.89453000 0.48565000
vt 0.89015700 0.47720300
vt 0.89015700 0.47720300
vt 0.89015700 0.47720300
vt 0.89188000 0.48590400
vt 0.89188000 0.48590400
vt 0.89188000 0.48590400
vt 0.89452000 0.49504600
vt 0.89452000 0.49504600
vt 0.89452000 0.49504600
vt 0.91025900 0.50959300
vt 0.91025900 0.50959300
vt 0.91025900 0.50959300
vt 0.89267700 0.50426300
vt 0.89267700 0.50426300
vt 0.89267700 0.50426300
vt 0.89267700 0.50426300
vt 0.89187000 0.49477800
vt 0.89187000 0.49477800
vt 0.89187000 0.49477800
vt 0.88931700 0.48614500
vt 0.82610600 0.37264400
vt 0.82610700 0.38303200
vt 0.88930800 0.49451400
vt 0.89012900 0.50348300
vt 0.89012900 0.50348300
vt 0.89012900 0.50348300
vt 0.88907100 0.51294500
vt 0.88907100 0.51294500
vt 0.88907100 0.51294500
vt 0.88672400 0.51168300
vt 0.88672400 0.51168300
vt 0.88672400 0.51168300
vt 0.88766700 0.50272400
vt 0.82408200 0.39321900
vt 0.82032600 0.39210100
vt 0.82220500 0.38266800
vt 0.82010900 0.40281400
vt 0.88445600 0.51045800
vt 0.88178300 0.51906500
vt 0.88178300 0.51906500
vt 0.88178300 0.51906500
vt 0.81434100 0.41144800
vt 0.87979700 0.51742100
vt 0.81664400 0.40098500
vt 0.81130000 0.40897900
vt 0.81520500 0.40022700
vt 0.81876700 0.39163800
vt 0.82058500 0.38251800
vt 0.81573100 0.39068500
vt 0.81742200 0.38217600
vt 0.81741900 0.37349900
vt 0.82058900 0.37321800
vt 0.81572400 0.36498800
vt 0.81877900 0.36409400
vt 0.81240100 0.35697100
vt 0.81522300 0.35549700
vt 0.80757700 0.34975500
vt 0.80143800 0.34361800
vt 0.81005800 0.34775900
vt 0.80348100 0.34117700
vt 0.81131000 0.34672000
vt 0.81665400 0.35472200
vt 0.82407800 0.36245500
vt 0.88769300 0.47794000
vt 0.82010100 0.35285600
vt 0.88449200 0.47021500
vt 0.82033300 0.36361300
vt 0.82220800 0.37304900
vt 0.79421800 0.33879700
vt 0.81241400 0.39870000
vt 0.80759800 0.40591300
vt 0.81003700 0.40795500
vt 0.80450200 0.41577500
vt 0.80346300 0.41452400
vt 0.80146900 0.41204700
vt 0.79651100 0.42111200
vt 0.79573600 0.41968400
vt 0.79426400 0.41686700
vt 0.86689800 0.52799600
vt 0.79837400 0.42455400
vt 0.80700100 0.41878800
vt 0.87386900 0.52334300
vt 0.87549700 0.52534300
vt 0.87549700 0.52534300
vt 0.87549700 0.52534300
vt 0.87718400 0.52740800
vt 0.87718400 0.52740800
vt 0.87718400 0.52740800
vt 0.88384000 0.52076100
vt 0.88384000 0.52076100
vt 0.88384000 0.52076100
vt 0.88886000 0.54162200
vt 0.88886000 0.54162200
vt 0.89805800 0.53241900
vt 0.89805800 0.53241900
vt 0.83411700 0.00485000
vt 0.90093700 0.53475600
vt 0.82996200 0.00485000
vt 0.89123000 0.54447700
vt 0.80233300 0.43617700
vt 0.83411700 0.04703700
vt 0.80470000 0.43903100
vt 0.80470000 0.43903100
vt 0.81551700 0.43180500
vt 0.81551700 0.43180500
vt 0.83819200 0.04622700
vt 0.81375200 0.42854300
vt 0.82753800 0.42682800
vt 0.82753800 0.42682800
vt 0.84203100 0.04463700
vt 0.82644300 0.42328300
vt 0.83819200 0.00566000
vt 0.90856100 0.52333500
vt 0.84203100 0.00725000
vt 0.91381100 0.51065100
vt 0.90528200 0.52160500
vt 0.90528200 0.52160500
vt 0.83992000 0.42060000
vt 0.84548600 0.04232800
vt 0.91648600 0.49719100
vt 0.84548600 0.00955900
vt 0.84842400 0.03939000
vt 0.85366600 0.42059800
vt 0.85073300 0.03593500
vt 0.86715200 0.42328200
vt 0.85232300 0.03209700
vt 0.87985600 0.42855400
vt 0.88893500 0.43908800
vt 0.88893500 0.43908800
vt 0.85313300 0.02802100
vt 0.89127900 0.43621300
vt 0.89810900 0.44829900
vt 0.89810900 0.44829900
vt 0.90096400 0.44593900
vt 0.85313300 0.02386600
vt 0.87728200 0.45328100
vt 0.87728200 0.45328100
vt 0.87728200 0.45328100
vt 0.82418800 0.44801700
vt 0.82418800 0.44801700
vt 0.82418800 0.44801700
vt 0.81636500 0.45323600
vt 0.81636500 0.45323600
vt 0.81636500 0.45323600
vt 0.88093000 0.91168200
vt 0.87942300 0.92489500
vt 0.87941600 0.91169000
vt 0.88093600 0.92488600
vt 0.88472900 0.91169100
vt 0.88472300 0.89848800
vt 0.88092700 0.89847700
vt 0.88093200 0.88528600
vt 0.88471600 0.88529700
vt 0.87941400 0.89848400
vt 0.87942300 0.88529000
vt 0.78372400 0.91189200
vt 0.78368700 0.89868200
vt 0.78364900 0.88546800
vt 0.87946000 0.87213300
vt 0.78360900 0.87224900
vt 0.87930500 0.85891800
vt 0.78356600 0.85902200
vt 0.78352600 0.84578900
vt 0.87932700 0.84563700
vt 0.88084900 0.84563300
vt 0.88084700 0.83238600
vt 0.87932800 0.83239200
vt 0.88083800 0.81915300
vt 0.78349000 0.83255300
vt 0.87932100 0.81916000
vt 0.78345800 0.81931400
vt 0.87931100 0.80593200
vt 0.88082800 0.80592500
vt 0.88463400 0.80593500
vt 0.88462300 0.79270900
vt 0.88081600 0.79269900
vt 0.88080600 0.77947300
vt 0.88461200 0.77948300
vt 0.87930000 0.79270500
vt 0.87928900 0.77947900
vt 0.78342900 0.80607300
vt 0.78340300 0.79283000
vt 0.78337900 0.77958500
vt 0.87928000 0.76625200
vt 0.78336100 0.76633900
vt 0.87927200 0.75302500
vt 0.78334600 0.75309200
vt 0.87926600 0.73979700
vt 0.78333300 0.73984400
vt 0.87926100 0.72657000
vt 0.78332300 0.72659500
vt 0.87925900 0.71334200
vt 0.78331500 0.71334600
vt 0.87925900 0.70011500
vt 0.78331100 0.70009500
vt 0.87926100 0.68688800
vt 0.78330800 0.68684400
vt 0.78330900 0.67359100
vt 0.87926700 0.67366200
vt 0.88078400 0.67365600
vt 0.87927700 0.66043700
vt 0.88079400 0.66043100
vt 0.88461100 0.64722400
vt 0.88080800 0.64720800
vt 0.88459800 0.66044600
vt 0.88639600 0.66045100
vt 0.88640900 0.64722900
vt 0.88458900 0.67367000
vt 0.88077800 0.68688300
vt 0.88458400 0.68689600
vt 0.88638700 0.67367500
vt 0.88638200 0.68690100
vt 0.89045500 0.66046400
vt 0.89044700 0.67368800
vt 0.89044200 0.68691300
vt 0.89159000 0.67368300
vt 0.89159800 0.66123100
vt 0.89159800 0.66045900
vt 0.89160800 0.64801000
vt 0.89160900 0.64723900
vt 0.89046600 0.64724400
vt 0.89162100 0.63479800
vt 0.89162200 0.63402700
vt 0.89048100 0.63403200
vt 0.89163500 0.62160200
vt 0.89163600 0.62083200
vt 0.89164800 0.60842900
vt 0.89049600 0.62083600
vt 0.88642700 0.63401600
vt 0.88644800 0.62081700
vt 0.89050600 0.60765900
vt 0.88644300 0.60763400
vt 0.89059700 0.59444200
vt 0.89164800 0.60766000
vt 0.89173600 0.59522000
vt 0.89174100 0.59444900
vt 0.89175900 0.58200300
vt 0.89176100 0.58123100
vt 0.89062600 0.58122100
vt 0.89171400 0.56876300
vt 0.89168900 0.99104500
vt 0.89171200 0.56798800
vt 0.89178500 0.97846400
vt 0.89059800 0.56795100
vt 0.89050200 0.99099800
vt 0.89065100 0.97767500
vt 0.88654800 0.56825600
vt 0.88657000 0.99061400
vt 0.88652500 0.58118700
vt 0.88654700 0.59441600
vt 0.88474800 0.59440100
vt 0.88470900 0.58116300
vt 0.88479800 0.56820800
vt 0.88482000 0.99058000
vt 0.88084300 0.59439100
vt 0.88094300 0.58111000
vt 0.87942300 0.58108400
vt 0.87932800 0.59439000
vt 0.88101000 0.99090400
vt 0.88114100 0.56780600
vt 0.88091000 0.97761900
vt 0.88473700 0.97763700
vt 0.87957300 0.56774400
vt 0.87952600 0.99087300
vt 0.78340000 0.58076100
vt 0.87941000 0.97761100
vt 0.78343100 0.56748500
vt 0.78392100 0.99109700
vt 0.78389000 0.97789600
vt 0.87946100 0.96442800
vt 0.78386000 0.96470000
vt 0.87944300 0.95127300
vt 0.78383000 0.95150200
vt 0.87943100 0.93809300
vt 0.78379600 0.93830200
vt 0.78376100 0.92509900
vt 0.88094300 0.93808400
vt 0.88473400 0.92489500
vt 0.88473800 0.93809400
vt 0.88095400 0.95126700
vt 0.88474300 0.95127800
vt 0.88097500 0.96443000
vt 0.88478000 0.96444700
vt 0.88658100 0.96445700
vt 0.88653600 0.95128300
vt 0.89058100 0.93810800
vt 0.89057000 0.95129600
vt 0.88653300 0.93809700
vt 0.89058300 0.92490600
vt 0.88653000 0.92489700
vt 0.89057700 0.91170100
vt 0.88652500 0.91169300
vt 0.88651800 0.89849100
vt 0.89056900 0.89850000
vt 0.89055500 0.88531000
vt 0.89171000 0.89849300
vt 0.89169600 0.88607400
vt 0.89169500 0.88530500
vt 0.89167400 0.87290100
vt 0.89167300 0.87213200
vt 0.89172100 0.85967800
vt 0.89053100 0.87213400
vt 0.89058000 0.85890900
vt 0.88650800 0.88530100
vt 0.88646800 0.87212200
vt 0.88466500 0.87211700
vt 0.88653000 0.85890100
vt 0.88473100 0.85889700
vt 0.89054600 0.84565400
vt 0.88647600 0.84564600
vt 0.88467200 0.84564300
vt 0.88645800 0.83240000
vt 0.89052300 0.83240800
vt 0.89165100 0.81994300
vt 0.89166700 0.83240300
vt 0.89050600 0.81917600
vt 0.89049300 0.80594800
vt 0.88644400 0.81916700
vt 0.89163800 0.80671500
vt 0.89165000 0.81917100
vt 0.89163700 0.80594400
vt 0.89162600 0.79349000
vt 0.89162500 0.79271800
vt 0.89161600 0.78026400
vt 0.89048100 0.79272300
vt 0.88643200 0.80593900
vt 0.88642000 0.79271400
vt 0.89047100 0.77949800
vt 0.88641000 0.77948800
vt 0.89046200 0.76627200
vt 0.89160600 0.76703900
vt 0.89161500 0.77949300
vt 0.89160600 0.76626700
vt 0.89159900 0.75381300
vt 0.89159800 0.75304100
vt 0.89159200 0.74058600
vt 0.89045400 0.75304600
vt 0.88640100 0.76626200
vt 0.88639300 0.75303500
vt 0.89044800 0.73981900
vt 0.88638700 0.73980800
vt 0.89044300 0.72659200
vt 0.89158700 0.72736000
vt 0.89159200 0.73981500
vt 0.89158700 0.72658800
vt 0.89158500 0.71413300
vt 0.89158500 0.71336200
vt 0.89044100 0.71336600
vt 0.89158400 0.70090600
vt 0.89158400 0.70013500
vt 0.89158600 0.68768000
vt 0.89044000 0.70013900
vt 0.88638000 0.70012700
vt 0.88638000 0.71335400
vt 0.88638200 0.72658100
vt 0.88458100 0.71334900
vt 0.88458400 0.72657600
vt 0.88078300 0.73979200
vt 0.88458900 0.73980300
vt 0.88077800 0.72656400
vt 0.88077600 0.71333700
vt 0.88077600 0.70010900
vt 0.88458100 0.70012200
vt 0.88078900 0.75301900
vt 0.88459500 0.75303000
vt 0.88079700 0.76624600
vt 0.88460300 0.76625700
vt 0.89158600 0.68690900
vt 0.89159000 0.67445400
vt 0.88464500 0.81916300
vt 0.88465700 0.83239600
vt 0.89166900 0.83317600
vt 0.89169200 0.84564800
vt 0.89169400 0.84642100
vt 0.89172400 0.85890700
vt 0.88082200 0.85890800
vt 0.88097300 0.87212400
vt 0.89171100 0.89926400
vt 0.89171900 0.91169400
vt 0.89172000 0.91246500
vt 0.89172400 0.92489900
vt 0.89172400 0.92567000
vt 0.89172200 0.93810200
vt 0.89172100 0.93887200
vt 0.89170600 0.95129400
vt 0.89170300 0.95206200
vt 0.89165900 0.96445600
vt 0.89052200 0.96445800
vt 0.88654400 0.97765300
vt 0.89166600 0.96522800
vt 0.89179300 0.97768700
vt 0.78337700 0.59403500
vt 0.78335900 0.60730500
vt 0.87943500 0.60762300
vt 0.78334400 0.62056700
vt 0.78333000 0.63382600
vt 0.87935900 0.62079100
vt 0.87931800 0.63399600
vt 0.88094800 0.60761800
vt 0.88086900 0.62079000
vt 0.88465400 0.62081000
vt 0.88464000 0.60762400
vt 0.88083200 0.63399100
vt 0.87929300 0.64721400
vt 0.88463100 0.63400900
vt 0.78332000 0.64708300
vt 0.78331300 0.66033700
f 2/2/2 1/1/1 6/6/6
f 1/1/1 2/2/2 3/3/3
f 4/4/4 1/1/1 3/3/3
f 1/1/1 4/4/4 5/5/5
f 1/1/1 5/5/5 6/6/6
f 7/7/7 6/6/6 9/9/9
f 2/2/2 6/6/6 7/7/7
f 6/6/6 8/8/8 9/9/9
f 6/6/6 5/5/5 8/8/8
f 7/7/7 9/9/9 10/10/10
f 11/11/11 10/10/10 9/9/9
f 8/8/8 11/11/11 9/9/9
f 12/12/12 11/11/11 15/15/15
f 11/11/11 12/12/12 10/10/10
f 8/8/8 13/13/13 11/11/11
f 11/11/11 13/13/13 14/14/14
f 11/11/11 14/14/14 15/15/15
f 12/12/12 15/15/15 16/16/16
f 17/17/17 16/16/16 15/15/15
f 14/14/14 17/17/17 15/15/15
f 18/18/18 17/17/17 23/23/23
f 17/17/17 18/18/18 16/16/16
f 17/17/17 19/19/19 23/23/23
f 17/17/17 21/21/21 19/19/19
f 17/17/17 14/14/14 22/22/22
f 17/17/17 22/22/22 21/21/21
f 18/18/18 23/23/23 26/26/26
f 25/25/25 24/24/24 27/27/27
f 24/24/24 28/28/28 27/27/27
f 24/24/24 20/20/20 28/28/28
f 20/20/20 29/29/29 28/28/28
f 29/29/29 31/31/31 28/28/28
f 28/28/28 31/31/31 32/32/32
f 28/28/28 32/32/32 27/27/27
f 27/27/27 32/32/32 34/34/34
f 37/37/37 35/35/35 33/33/33
f 36/36/36 33/33/33 30/30/30
f 36/36/36 37/37/37 33/33/33
f 40/40/40 37/37/37 38/38/38
f 37/37/37 39/39/39 38/38/38
f 37/37/37 36/36/36 39/39/39
f 37/37/37 40/40/40 35/35/35
f 40/40/40 38/38/38 41/41/41
f 42/42/42 40/40/40 41/41/41
f 40/40/40 42/42/42 43/43/43
f 40/40/40 43/43/43 35/35/35
f 42/42/42 45/45/45 43/43/43
f 47/47/47 44/44/44 46/46/46
f 48/48/48 34/34/34 44/44/44
f 48/48/48 44/44/44 47/47/47
f 25/25/25 27/27/27 48/48/48
f 49/49/49 25/25/25 48/48/48
f 27/27/27 34/34/34 48/48/48
f 49/49/49 48/48/48 47/47/47
f 53/53/53 49/49/49 47/47/47
f 52/52/52 26/26/26 50/50/50
f 51/51/51 50/50/50 54/54/54
f 51/51/51 52/52/52 50/50/50
f 53/53/53 47/47/47 57/57/57
f 58/58/58 54/54/54 55/55/55
f 56/56/56 53/53/53 57/57/57
f 58/58/58 51/51/51 54/54/54
f 51/51/51 58/58/58 59/59/59
f 58/58/58 61/61/61 59/59/59
f 60/60/60 58/58/58 55/55/55
f 58/58/58 60/60/60 61/61/61
f 63/63/63 61/61/61 62/62/62
f 60/60/60 62/62/62 61/61/61
f 64/64/64 59/59/59 61/61/61
f 63/63/63 64/64/64 61/61/61
f 64/64/64 63/63/63 67/67/67
f 66/66/66 64/64/64 65/65/65
f 64/64/64 67/67/67 65/65/65
f 64/64/64 66/66/66 59/59/59
f 63/63/63 68/68/68 67/67/67
f 70/70/70 67/67/67 68/68/68
f 70/70/70 69/69/69 67/67/67
f 69/69/69 65/65/65 67/67/67
f 68/68/68 71/71/71 70/70/70
f 71/71/71 72/72/72 70/70/70
f 72/72/72 69/69/69 70/70/70
f 72/72/72 73/73/73 69/69/69
f 73/73/73 72/72/72 3/3/3
f 72/72/72 74/74/74 3/3/3
f 71/71/71 74/74/74 72/72/72
f 74/74/74 75/75/75 3/3/3
f 75/75/75 74/74/74 71/71/71
f 76/76/76 75/75/75 77/77/77
f 75/75/75 76/76/76 3/3/3
f 75/75/75 71/71/71 77/77/77
f 76/76/76 77/77/77 80/80/80
f 77/77/77 71/71/71 78/78/78
f 77/77/77 78/78/78 79/79/79
f 80/80/80 77/77/77 79/79/79
f 81/81/81 76/76/76 80/80/80
f 80/80/80 79/79/79 82/82/82
f 82/82/82 81/81/81 80/80/80
f 82/82/82 83/83/83 81/81/81
f 84/84/84 83/83/83 82/82/82
f 85/85/85 84/84/84 82/82/82
f 85/85/85 82/82/82 79/79/79
f 84/84/84 85/85/85 88/88/88
f 85/85/85 86/86/86 88/88/88
f 85/85/85 87/87/87 86/86/86
f 78/78/78 87/87/87 85/85/85
f 78/78/78 85/85/85 79/79/79
f 89/89/89 88/88/88 91/91/91
f 89/89/89 90/90/90 88/88/88
f 86/86/86 91/91/91 88/88/88
f 84/84/84 88/88/88 90/90/90
f 86/86/86 92/92/92 91/91/91
f 91/91/91 92/92/92 93/93/93
f 91/91/91 93/93/93 94/94/94
f 89/89/89 91/91/91 94/94/94
f 94/94/94 93/93/93 95/95/95
f 94/94/94 95/95/95 96/96/96
f 97/97/97 94/94/94 96/96/96
f 89/89/89 94/94/94 97/97/97
f 97/97/97 99/99/99 89/89/89
f 98/98/98 100/100/100 97/97/97
f 97/97/97 96/96/96 98/98/98
f 97/97/97 100/100/100 99/99/99
f 98/98/98 101/101/101 100/100/100
f 103/103/103 100/100/100 101/101/101
f 102/102/102 99/99/99 100/100/100
f 102/102/102 100/100/100 103/103/103
f 104/104/104 103/103/103 105/105/105
f 102/102/102 103/103/103 104/104/104
f 103/103/103 101/101/101 105/105/105
f 104/104/104 105/105/105 106/106/106
f 107/107/107 105/105/105 101/101/101
f 105/105/105 108/108/108 106/106/106
f 105/105/105 107/107/107 108/108/108
f 107/107/107 109/109/109 108/108/108
f 110/110/110 106/106/106 108/108/108
f 111/111/111 108/108/108 109/109/109
f 111/111/111 110/110/110 108/108/108
f 110/110/110 111/111/111 112/112/112
f 111/111/111 114/114/114 112/112/112
f 115/115/115 111/111/111 109/109/109
f 115/115/115 113/113/113 111/111/111
f 111/111/111 113/113/113 114/114/114
f 116/116/116 115/115/115 109/109/109
f 117/117/117 113/113/113 115/115/115
f 116/116/116 117/117/117 115/115/115
f 95/95/95 117/117/117 116/116/116
f 118/118/118 117/117/117 95/95/95
f 117/117/117 118/118/118 113/113/113
f 118/118/118 95/95/95 93/93/93
f 119/119/119 118/118/118 93/93/93
f 118/118/118 119/119/119 114/114/114
f 118/118/118 114/114/114 113/113/113
f 120/120/120 114/114/114 119/119/119
f 120/120/120 119/119/119 92/92/92
f 119/119/119 93/93/93 92/92/92
f 120/120/120 123/123/123 121/121/121
f 120/120/120 121/121/121 114/114/114
f 120/120/120 87/87/87 122/122/122
f 120/120/120 122/122/122 123/123/123
f 120/120/120 86/86/86 87/87/87
f 120/120/120 92/92/92 86/86/86
f 123/123/123 122/122/122 125/125/125
f 123/123/123 125/125/125 124/124/124
f 127/127/127 123/123/123 124/124/124
f 126/126/126 123/123/123 127/127/127
f 126/126/126 121/121/121 123/123/123
f 127/127/127 124/124/124 128/128/128
f 129/129/129 127/127/127 128/128/128
f 130/130/130 127/127/127 129/129/129
f 130/130/130 126/126/126 127/127/127
f 112/112/112 130/130/130 131/131/131
f 131/131/131 130/130/130 132/132/132
f 129/129/129 132/132/132 130/130/130
f 112/112/112 126/126/126 130/130/130
f 131/131/131 132/132/132 134/134/134
f 135/135/135 133/133/133 132/132/132
f 134/134/134 132/132/132 133/133/133
f 129/129/129 136/136/136 132/132/132
f 135/135/135 132/132/132 136/136/136
f 137/137/137 136/136/136 138/138/138
f 137/137/137 135/135/135 136/136/136
f 139/139/139 136/136/136 129/129/129
f 139/139/139 138/138/138 136/136/136
f 140/140/140 138/138/138 139/139/139
f 141/141/141 140/140/140 139/139/139
f 141/141/141 139/139/139 128/128/128
f 129/129/129 128/128/128 139/139/139
f 140/140/140 141/141/141 143/143/143
f 141/141/141 144/144/144 143/143/143
f 141/141/141 146/146/146 144/144/144
f 128/128/128 146/146/146 141/141/141
f 146/146/146 147/147/147 144/144/144
f 146/146/146 149/149/149 147/147/147
f 124/124/124 146/146/146 128/128/128
f 146/146/146 124/124/124 150/150/150
f 149/149/149 146/146/146 150/150/150
f 149/149/149 150/150/150 62/62/62
f 125/125/125 150/150/150 124/124/124
f 151/151/151 62/62/62 150/150/150
f 125/125/125 151/151/151 150/150/150
f 151/151/151 63/63/63 62/62/62
f 63/63/63 151/151/151 68/68/68
f 151/151/151 78/78/78 68/68/68
f 151/151/151 125/125/125 78/78/78
f 149/149/149 153/153/153 147/147/147
f 149/149/149 60/60/60 153/153/153
f 60/60/60 149/149/149 62/62/62
f 148/148/148 152/152/152 154/154/154
f 152/152/152 155/155/155 154/154/154
f 60/60/60 55/55/55 153/153/153
f 152/152/152 56/56/56 155/155/155
f 155/155/155 157/157/157 154/154/154
f 155/155/155 159/159/159 157/157/157
f 56/56/56 57/57/57 155/155/155
f 57/57/57 159/159/159 155/155/155
f 161/161/161 160/160/160 158/158/158
f 160/160/160 156/156/156 158/158/158
f 161/161/161 158/158/158 45/45/45
f 57/57/57 46/46/46 159/159/159
f 42/42/42 161/161/161 45/45/45
f 161/161/161 42/42/42 162/162/162
f 161/161/161 162/162/162 163/163/163
f 160/160/160 161/161/161 163/163/163
f 163/163/163 164/164/164 165/165/165
f 163/163/163 162/162/162 164/164/164
f 166/166/166 163/163/163 165/165/165
f 160/160/160 163/163/163 166/166/166
f 167/167/167 166/166/166 168/168/168
f 169/169/169 166/166/166 167/167/167
f 169/169/169 160/160/160 166/166/166
f 166/166/166 165/165/165 168/168/168
f 169/169/169 170/170/170 171/171/171
f 170/170/170 169/169/169 167/167/167
f 160/160/160 169/169/169 156/156/156
f 169/169/169 171/171/171 156/156/156
f 175/175/175 172/172/172 173/173/173
f 170/170/170 174/174/174 171/171/171
f 154/154/154 172/172/172 175/175/175
f 154/154/154 157/157/157 172/172/172
f 145/145/145 175/175/175 176/176/176
f 145/145/145 148/148/148 175/175/175
f 148/148/148 154/154/154 175/175/175
f 175/175/175 173/173/173 176/176/176
f 142/142/142 145/145/145 176/176/176
f 142/142/142 176/176/176 177/177/177
f 177/177/177 176/176/176 173/173/173
f 177/177/177 178/178/178 179/179/179
f 177/177/177 181/181/181 178/178/178
f 177/177/177 179/179/179 142/142/142
f 177/177/177 173/173/173 183/183/183
f 177/177/177 183/183/183 181/181/181
f 184/184/184 186/186/186 185/185/185
f 185/185/185 182/182/182 184/184/184
f 184/184/184 174/174/174 186/186/186
f 170/170/170 186/186/186 174/174/174
f 186/186/186 170/170/170 187/187/187
f 186/186/186 187/187/187 188/188/188
f 185/185/185 186/186/186 188/188/188
f 190/190/190 188/188/188 189/189/189
f 188/188/188 191/191/191 189/189/189
f 188/188/188 187/187/187 191/191/191
f 185/185/185 188/188/188 190/190/190
f 192/192/192 189/189/189 191/191/191
f 192/192/192 191/191/191 193/193/193
f 193/193/193 191/191/191 194/194/194
f 187/187/187 194/194/194 191/191/191
f 187/187/187 167/167/167 194/194/194
f 167/167/167 168/168/168 194/194/194
f 195/195/195 194/194/194 168/168/168
f 193/193/193 194/194/194 195/195/195
f 195/195/195 196/196/196 198/198/198
f 195/195/195 168/168/168 196/196/196
f 195/195/195 198/198/198 197/197/197
f 193/193/193 195/195/195 197/197/197
f 198/198/198 200/200/200 199/199/199
f 197/197/197 198/198/198 199/199/199
f 196/196/196 201/201/201 198/198/198
f 198/198/198 201/201/201 200/200/200
f 201/201/201 202/202/202 200/200/200
f 201/201/201 203/203/203 202/202/202
f 204/204/204 203/203/203 201/201/201
f 196/196/196 204/204/204 201/201/201
f 196/196/196 165/165/165 204/204/204
f 204/204/204 165/165/165 164/164/164
f 204/204/204 164/164/164 205/205/205
f 204/204/204 205/205/205 203/203/203
f 205/205/205 164/164/164 206/206/206
f 205/205/205 206/206/206 207/207/207
f 205/205/205 207/207/207 208/208/208
f 205/205/205 208/208/208 203/203/203
f 208/208/208 209/209/209 211/211/211
f 208/208/208 210/210/210 209/209/209
f 207/207/207 210/210/210 208/208/208
f 203/203/203 208/208/208 211/211/211
f 203/203/203 211/211/211 202/202/202
f 212/212/212 202/202/202 211/211/211
f 213/213/213 212/212/212 211/211/211
f 213/213/213 211/211/211 209/209/209
f 214/214/214 213/213/213 209/209/209
f 214/214/214 209/209/209 215/215/215
f 216/216/216 214/214/214 215/215/215
f 216/216/216 215/215/215 218/218/218
f 217/217/217 216/216/216 218/218/218
f 219/219/219 218/218/218 215/215/215
f 219/219/219 220/220/220 218/218/218
f 220/220/220 221/221/221 218/218/218
f 217/217/217 218/218/218 221/221/221
f 223/223/223 217/217/217 221/221/221
f 222/222/222 224/224/224 221/221/221
f 220/220/220 222/222/222 221/221/221
f 223/223/223 221/221/221 224/224/224
f 222/222/222 225/225/225 224/224/224
f 226/226/226 223/223/223 224/224/224
f 225/225/225 227/227/227 224/224/224
f 226/226/226 224/224/224 227/227/227
f 228/228/228 230/230/230 227/227/227
f 225/225/225 228/228/228 227/227/227
f 229/229/229 227/227/227 230/230/230
f 229/229/229 226/226/226 227/227/227
f 228/228/228 231/231/231 230/230/230
f 232/232/232 229/229/229 230/230/230
f 231/231/231 233/233/233 230/230/230
f 232/232/232 230/230/230 233/233/233
f 234/234/234 236/236/236 233/233/233
f 231/231/231 234/234/234 233/233/233
f 235/235/235 233/233/233 236/236/236
f 235/235/235 232/232/232 233/233/233
f 234/234/234 237/237/237 236/236/236
f 238/238/238 235/235/235 236/236/236
f 237/237/237 239/239/239 236/236/236
f 238/238/238 236/236/236 239/239/239
f 237/237/237 240/240/240 239/239/239
f 241/241/241 238/238/238 239/239/239
f 240/240/240 242/242/242 239/239/239
f 241/241/241 239/239/239 242/242/242
f 240/240/240 245/245/245 242/242/242
f 243/243/243 241/241/241 242/242/242
f 243/243/243 242/242/242 244/244/244
f 245/245/245 244/244/244 242/242/242
f 245/245/245 246/246/246 244/244/244
f 248/248/248 246/246/246 245/245/245
f 247/247/247 245/245/245 240/240/240
f 247/247/247 248/248/248 245/245/245
f 248/248/248 251/251/251 249/249/249
f 248/248/248 249/249/249 246/246/246
f 247/247/247 250/250/250 248/248/248
f 248/248/248 250/250/250 251/251/251
f 249/249/249 251/251/251 254/254/254
f 252/252/252 251/251/251 250/250/250
f 252/252/252 253/253/253 251/251/251
f 253/253/253 254/254/254 251/251/251
f 249/249/249 254/254/254 255/255/255
f 255/255/255 254/254/254 257/257/257
f 253/253/253 256/256/256 254/254/254
f 256/256/256 257/257/257 254/254/254
f 255/255/255 257/257/257 258/258/258
f 256/256/256 260/260/260 257/257/257
f 258/258/258 257/257/257 259/259/259
f 260/260/260 259/259/259 257/257/257
f 263/263/263 261/261/261 260/260/260
f 260/260/260 261/261/261 259/259/259
f 262/262/262 260/260/260 256/256/256
f 262/262/262 263/263/263 260/260/260
f 263/263/263 266/266/266 261/261/261
f 263/263/263 262/262/262 264/264/264
f 263/263/263 264/264/264 267/267/267
f 266/266/266 263/263/263 267/267/267
f 272/272/272 268/268/268 265/265/265
f 271/271/271 269/269/269 268/268/268
f 266/266/266 267/267/267 270/270/270
f 271/271/271 268/268/268 272/272/272
f 276/276/276 271/271/271 272/272/272
f 274/274/274 272/272/272 275/275/275
f 274/274/274 276/276/276 272/272/272
f 272/272/272 265/265/265 275/275/275
f 281/281/281 279/279/279 277/277/277
f 276/276/276 278/278/278 271/271/271
f 280/280/280 277/277/277 273/273/273
f 280/280/280 281/281/281 277/277/277
f 284/284/284 282/282/282 281/281/281
f 281/281/281 282/282/282 279/279/279
f 281/281/281 283/283/283 284/284/284
f 281/281/281 280/280/280 283/283/283
f 284/284/284 283/283/283 286/286/286
f 285/285/285 287/287/287 284/284/284
f 284/284/284 286/286/286 285/285/285
f 287/287/287 282/282/282 284/284/284
f 288/288/288 289/289/289 287/287/287
f 285/285/285 288/288/288 287/287/287
f 289/289/289 290/290/290 287/287/287
f 282/282/282 287/287/287 290/290/290
f 291/291/291 290/290/290 292/292/292
f 291/291/291 282/282/282 290/290/290
f 293/293/293 292/292/292 290/290/290
f 289/289/289 293/293/293 290/290/290
f 293/293/293 295/295/295 294/294/294
f 296/296/296 293/293/293 294/294/294
f 293/293/293 289/289/289 295/295/295
f 293/293/293 296/296/296 292/292/292
f 296/296/296 297/297/297 292/292/292
f 296/296/296 299/299/299 297/297/297
f 296/296/296 294/294/294 298/298/298
f 299/299/299 296/296/296 298/298/298
f 299/299/299 300/300/300 297/297/297
f 299/299/299 302/302/302 300/300/300
f 302/302/302 299/299/299 301/301/301
f 299/299/299 298/298/298 301/301/301
f 302/302/302 303/303/303 300/300/300
f 302/302/302 301/301/301 305/305/305
f 302/302/302 304/304/304 303/303/303
f 304/304/304 302/302/302 305/305/305
f 307/307/307 306/306/306 305/305/305
f 304/304/304 305/305/305 306/306/306
f 308/308/308 307/307/307 305/305/305
f 308/308/308 305/305/305 301/301/301
f 309/309/309 307/307/307 308/308/308
f 310/310/310 309/309/309 308/308/308
f 311/311/311 308/308/308 301/301/301
f 310/310/310 308/308/308 311/311/311
f 311/311/311 301/301/301 298/298/298
f 298/298/298 313/313/313 311/311/311
f 312/312/312 310/310/310 311/311/311
f 312/312/312 311/311/311 313/313/313
f 314/314/314 312/312/312 313/313/313
f 294/294/294 314/314/314 313/313/313
f 298/298/298 294/294/294 313/313/313
f 314/314/314 315/315/315 312/312/312
f 316/316/316 315/315/315 314/314/314
f 294/294/294 295/295/295 314/314/314
f 316/316/316 314/314/314 317/317/317
f 317/317/317 314/314/314 295/295/295
f 320/320/320 317/317/317 318/318/318
f 317/317/317 295/295/295 318/318/318
f 319/319/319 316/316/316 317/317/317
f 319/319/319 317/317/317 320/320/320
f 322/322/322 321/321/321 320/320/320
f 321/321/321 319/319/319 320/320/320
f 320/320/320 318/318/318 322/322/322
f 323/323/323 324/324/324 322/322/322
f 325/325/325 323/323/323 322/322/322
f 322/322/322 324/324/324 321/321/321
f 325/325/325 322/322/322 318/318/318
f 325/325/325 326/326/326 327/327/327
f 325/325/325 328/328/328 326/326/326
f 295/295/295 325/325/325 318/318/318
f 295/295/295 328/328/328 325/325/325
f 327/327/327 323/323/323 325/325/325
f 329/329/329 328/328/328 330/330/330
f 329/329/329 326/326/326 328/328/328
f 330/330/330 328/328/328 295/295/295
f 329/329/329 330/330/330 288/288/288
f 288/288/288 330/330/330 289/289/289
f 330/330/330 295/295/295 289/289/289
f 329/329/329 332/332/332 331/331/331
f 329/329/329 331/331/331 333/333/333
f 329/329/329 334/334/334 332/332/332
f 329/329/329 333/333/333 326/326/326
f 329/329/329 288/288/288 334/334/334
f 335/335/335 334/334/334 288/288/288
f 334/334/334 335/335/335 336/336/336
f 334/334/334 336/336/336 332/332/332
f 338/338/338 332/332/332 336/336/336
f 336/336/336 337/337/337 338/338/338
f 336/336/336 340/340/340 337/337/337
f 336/336/336 335/335/335 339/339/339
f 336/336/336 339/339/339 340/340/340
f 343/343/343 340/340/340 339/339/339
f 343/343/343 341/341/341 340/340/340
f 340/340/340 341/341/341 342/342/342
f 340/340/340 342/342/342 337/337/337
f 344/344/344 343/343/343 346/346/346
f 344/344/344 345/345/345 343/343/343
f 341/341/341 343/343/343 345/345/345
f 286/286/286 346/346/346 343/343/343
f 286/286/286 343/343/343 339/339/339
f 283/283/283 346/346/346 286/286/286
f 283/283/283 348/348/348 346/346/346
f 347/347/347 344/344/344 346/346/346
f 347/347/347 346/346/346 348/348/348
f 351/351/351 348/348/348 283/283/283
f 349/349/349 348/348/348 350/350/350
f 349/349/349 347/347/347 348/348/348
f 348/348/348 351/351/351 350/350/350
f 354/354/354 351/351/351 353/353/353
f 351/351/351 273/273/273 353/353/353
f 351/351/351 283/283/283 280/280/280
f 351/351/351 280/280/280 273/273/273
f 351/351/351 354/354/354 355/355/355
f 351/351/351 355/355/355 350/350/350
f 358/358/358 355/355/355 356/356/356
f 354/354/354 356/356/356 355/355/355
f 358/358/358 357/357/357 355/355/355
f 357/357/357 350/350/350 355/355/355
f 360/360/360 358/358/358 356/356/356
f 357/357/357 358/358/358 359/359/359
f 358/358/358 361/361/361 359/359/359
f 358/358/358 360/360/360 361/361/361
f 363/363/363 361/361/361 362/362/362
f 360/360/360 362/362/362 361/361/361
f 363/363/363 364/364/364 361/361/361
f 359/359/359 361/361/361 364/364/364
f 365/365/365 364/364/364 363/363/363
f 365/365/365 367/367/367 364/364/364
f 359/359/359 364/364/364 366/366/366
f 367/367/367 366/366/366 364/364/364
f 368/368/368 367/367/367 3/3/3
f 367/367/367 365/365/365 3/3/3
f 367/367/367 368/368/368 366/366/366
f 368/368/368 369/369/369 370/370/370
f 369/369/369 368/368/368 3/3/3
f 368/368/368 370/370/370 366/366/366
f 370/370/370 371/371/371 373/373/373
f 370/370/370 372/372/372 371/371/371
f 369/369/369 372/372/372 370/370/370
f 366/366/366 370/370/370 373/373/373
f 366/366/366 373/373/373 359/359/359
f 357/357/357 359/359/359 373/373/373
f 349/349/349 357/357/357 373/373/373
f 349/349/349 373/373/373 371/371/371
f 372/372/372 324/324/324 371/371/371
f 372/372/372 321/321/321 324/324/324
f 374/374/374 321/321/321 372/372/372
f 369/369/369 374/374/374 372/372/372
f 375/375/375 374/374/374 3/3/3
f 374/374/374 369/369/369 3/3/3
f 374/374/374 375/375/375 321/321/321
f 321/321/321 375/375/375 319/319/319
f 319/319/319 375/375/375 3/3/3
f 324/324/324 349/349/349 371/371/371
f 376/376/376 365/365/365 363/363/363
f 365/365/365 376/376/376 3/3/3
f 376/376/376 363/363/363 378/378/378
f 376/376/376 377/377/377 3/3/3
f 377/377/377 376/376/376 378/378/378
f 378/378/378 363/363/363 362/362/362
f 380/380/380 378/378/378 379/379/379
f 378/378/378 362/362/362 379/379/379
f 377/377/377 378/378/378 380/380/380
f 381/381/381 380/380/380 383/383/383
f 382/382/382 380/380/380 381/381/381
f 382/382/382 377/377/377 380/380/380
f 380/380/380 379/379/379 383/383/383
f 385/385/385 384/384/384 383/383/383
f 384/384/384 386/386/386 383/383/383
f 385/385/385 383/383/383 379/379/379
f 381/381/381 383/383/383 386/386/386
f 384/384/384 387/387/387 386/386/386
f 387/387/387 388/388/388 386/386/386
f 389/389/389 386/386/386 388/388/388
f 389/389/389 381/381/381 386/386/386
f 391/391/391 390/390/390 389/389/389
f 390/390/390 381/381/381 389/389/389
f 388/388/388 391/391/391 389/389/389
f 395/395/395 391/391/391 392/392/392
f 388/388/388 392/392/392 391/391/391
f 394/394/394 393/393/393 391/391/391
f 391/391/391 393/393/393 390/390/390
f 394/394/394 391/391/391 395/395/395
f 395/395/395 392/392/392 398/398/398
f 396/396/396 394/394/394 395/395/395
f 396/396/396 395/395/395 397/397/397
f 397/397/397 395/395/395 398/398/398
f 392/392/392 400/400/400 398/398/398
f 397/397/397 398/398/398 399/399/399
f 400/400/400 399/399/399 398/398/398
f 400/400/400 401/401/401 399/399/399
f 392/392/392 403/403/403 400/400/400
f 402/402/402 401/401/401 400/400/400
f 400/400/400 404/404/404 402/402/402
f 400/400/400 403/403/403 404/404/404
f 405/405/405 404/404/404 403/403/403
f 405/405/405 406/406/406 404/404/404
f 407/407/407 404/404/404 406/406/406
f 407/407/407 402/402/402 404/404/404
f 409/409/409 402/402/402 407/407/407
f 407/407/407 408/408/408 410/410/410
f 407/407/407 406/406/406 408/408/408
f 410/410/410 409/409/409 407/407/407
f 410/410/410 411/411/411 412/412/412
f 410/410/410 408/408/408 411/411/411
f 412/412/412 413/413/413 410/410/410
f 410/410/410 413/413/413 409/409/409
f 414/414/414 415/415/415 413/413/413
f 412/412/412 414/414/414 413/413/413
f 413/413/413 416/416/416 409/409/409
f 413/413/413 415/415/415 416/416/416
f 417/417/417 416/416/416 415/415/415
f 417/417/417 418/418/418 416/416/416
f 418/418/418 409/409/409 416/416/416
f 417/417/417 419/419/419 418/418/418
f 419/419/419 421/421/421 418/418/418
f 420/420/420 418/418/418 421/421/421
f 418/418/418 420/420/420 409/409/409
f 422/422/422 8/8/8 421/421/421
f 401/401/401 421/421/421 8/8/8
f 420/420/420 421/421/421 401/401/401
f 419/419/419 422/422/422 421/421/421
f 422/422/422 13/13/13 8/8/8
f 13/13/13 422/422/422 424/424/424
f 422/422/422 423/423/423 424/424/424
f 422/422/422 419/419/419 423/423/423
f 22/22/22 424/424/424 425/425/425
f 425/425/425 424/424/424 423/423/423
f 13/13/13 424/424/424 14/14/14
f 22/22/22 14/14/14 424/424/424
f 426/426/426 425/425/425 428/428/428
f 427/427/427 425/425/425 426/426/426
f 425/425/425 423/423/423 428/428/428
f 427/427/427 22/22/22 425/425/425
f 429/429/429 428/428/428 431/431/431
f 429/429/429 430/430/430 428/428/428
f 426/426/426 428/428/428 430/430/430
f 423/423/423 431/431/431 428/428/428
f 429/429/429 431/431/431 432/432/432
f 431/431/431 434/434/434 432/432/432
f 423/423/423 433/433/433 431/431/431
f 431/431/431 433/433/433 434/434/434
f 432/432/432 434/434/434 435/435/435
f 417/417/417 434/434/434 433/433/433
f 434/434/434 436/436/436 435/435/435
f 434/434/434 437/437/437 436/436/436
f 417/417/417 437/437/437 434/434/434
f 437/437/437 415/415/415 438/438/438
f 417/417/417 415/415/415 437/437/437
f 437/437/437 438/438/438 436/436/436
f 439/439/439 436/436/436 438/438/438
f 439/439/439 438/438/438 414/414/414
f 414/414/414 438/438/438 415/415/415
f 439/439/439 440/440/440 442/442/442
f 440/440/440 439/439/439 414/414/414
f 436/436/436 439/439/439 441/441/441
f 439/439/439 442/442/442 441/441/441
f 444/444/444 443/443/443 442/442/442
f 443/443/443 441/441/441 442/442/442
f 440/440/440 444/444/444 442/442/442
f 440/440/440 445/445/445 444/444/444
f 445/445/445 446/446/446 444/444/444
f 444/444/444 446/446/446 443/443/443
f 445/445/445 447/447/447 446/446/446
f 447/447/447 448/448/448 446/446/446
f 443/443/443 446/446/446 448/448/448
f 443/443/443 448/448/448 429/429/429
f 447/447/447 450/450/450 448/448/448
f 405/405/405 448/448/448 450/450/450
f 405/405/405 449/449/449 448/448/448
f 448/448/448 430/430/430 429/429/429
f 448/448/448 449/449/449 430/430/430
f 450/450/450 447/447/447 408/408/408
f 405/405/405 450/450/450 406/406/406
f 450/450/450 408/408/408 406/406/406
f 405/405/405 451/451/451 449/449/449
f 430/430/430 449/449/449 451/451/451
f 405/405/405 452/452/452 451/451/451
f 430/430/430 451/451/451 426/426/426
f 451/451/451 452/452/452 453/453/453
f 451/451/451 453/453/453 454/454/454
f 426/426/426 451/451/451 454/454/454
f 455/455/455 454/454/454 457/457/457
f 456/456/456 454/454/454 455/455/455
f 426/426/426 454/454/454 427/427/427
f 454/454/454 456/456/456 427/427/427
f 453/453/453 457/457/457 454/454/454
f 458/458/458 455/455/455 457/457/457
f 458/458/458 457/457/457 459/459/459
f 460/460/460 459/459/459 457/457/457
f 453/453/453 460/460/460 457/457/457
f 460/460/460 387/387/387 459/459/459
f 387/387/387 460/460/460 388/388/388
f 460/460/460 392/392/392 388/388/388
f 460/460/460 453/453/453 392/392/392
f 461/461/461 459/459/459 462/462/462
f 461/461/461 458/458/458 459/459/459
f 387/387/387 462/462/462 459/459/459
f 464/464/464 461/461/461 462/462/462
f 384/384/384 463/463/463 462/462/462
f 464/464/464 462/462/462 463/463/463
f 387/387/387 384/384/384 462/462/462
f 464/464/464 465/465/465 468/468/468
f 464/464/464 469/469/469 465/465/465
f 461/461/461 464/464/464 468/468/468
f 469/469/469 464/464/464 463/463/463
f 469/469/469 471/471/471 465/465/465
f 469/469/469 473/473/473 471/471/471
f 469/469/469 463/463/463 472/472/472
f 473/473/473 469/469/469 472/472/472
f 473/473/473 476/476/476 471/471/471
f 475/475/475 473/473/473 474/474/474
f 473/473/473 472/472/472 474/474/474
f 473/473/473 475/475/475 476/476/476
f 470/470/470 477/477/477 478/478/478
f 477/477/477 481/481/481 478/478/478
f 475/475/475 480/480/480 476/476/476
f 477/477/477 479/479/479 481/481/481
f 486/486/486 482/482/482 481/481/481
f 481/481/481 482/482/482 484/484/484
f 481/481/481 484/484/484 478/478/478
f 479/479/479 486/486/486 481/481/481
f 486/486/486 488/488/488 482/482/482
f 275/275/275 488/488/488 486/486/486
f 352/352/352 275/275/275 486/486/486
f 479/479/479 352/352/352 486/486/486
f 487/487/487 262/262/262 489/489/489
f 489/489/489 483/483/483 487/487/487
f 487/487/487 264/264/264 262/262/262
f 275/275/275 265/265/265 488/488/488
f 489/489/489 490/490/490 483/483/483
f 489/489/489 262/262/262 256/256/256
f 489/489/489 256/256/256 253/253/253
f 490/490/490 489/489/489 253/253/253
f 491/491/491 490/490/490 252/252/252
f 490/490/490 253/253/253 252/252/252
f 490/490/490 485/485/485 483/483/483
f 490/490/490 491/491/491 485/485/485
f 491/491/491 492/492/492 495/495/495
f 492/492/492 491/491/491 493/493/493
f 491/491/491 252/252/252 493/493/493
f 491/491/491 495/495/495 485/485/485
f 492/492/492 497/497/497 495/495/495
f 478/478/478 494/494/494 496/496/496
f 496/496/496 494/494/494 498/498/498
f 478/478/478 484/484/484 494/494/494
f 492/492/492 499/499/499 497/497/497
f 499/499/499 501/501/501 497/497/497
f 502/502/502 498/498/498 500/500/500
f 496/496/496 498/498/498 502/502/502
f 466/466/466 496/496/496 502/502/502
f 467/467/467 466/466/466 502/502/502
f 502/502/502 500/500/500 503/503/503
f 467/467/467 502/502/502 503/503/503
f 503/503/503 504/504/504 508/508/508
f 503/503/503 500/500/500 504/504/504
f 507/507/507 503/503/503 508/508/508
f 507/507/507 467/467/467 503/503/503
f 508/508/508 504/504/504 513/513/513
f 509/509/509 508/508/508 511/511/511
f 509/509/509 507/507/507 508/508/508
f 508/508/508 513/513/513 511/511/511
f 514/514/514 517/517/517 512/512/512
f 515/515/515 514/514/514 512/512/512
f 515/515/515 512/512/512 505/505/505
f 511/511/511 513/513/513 516/516/516
f 518/518/518 516/516/516 520/520/520
f 511/511/511 516/516/516 518/518/518
f 521/521/521 519/519/519 517/517/517
f 514/514/514 521/521/521 517/517/517
f 521/521/521 522/522/522 519/519/519
f 522/522/522 521/521/521 523/523/523
f 521/521/521 524/524/524 523/523/523
f 521/521/521 514/514/514 524/524/524
f 524/524/524 525/525/525 526/526/526
f 524/524/524 527/527/527 525/525/525
f 523/523/523 524/524/524 526/526/526
f 514/514/514 527/527/527 524/524/524
f 527/527/527 528/528/528 525/525/525
f 527/527/527 529/529/529 528/528/528
f 515/515/515 529/529/529 527/527/527
f 514/514/514 515/515/515 527/527/527
f 515/515/515 530/530/530 529/529/529
f 530/530/530 531/531/531 529/529/529
f 529/529/529 531/531/531 532/532/532
f 529/529/529 532/532/532 528/528/528
f 531/531/531 534/534/534 532/532/532
f 533/533/533 528/528/528 532/532/532
f 533/533/533 532/532/532 535/535/535
f 535/535/535 532/532/532 534/534/534
f 535/535/535 536/536/536 237/237/237
f 535/535/535 534/534/534 536/536/536
f 535/535/535 237/237/237 234/234/234
f 533/533/533 535/535/535 234/234/234
f 536/536/536 534/534/534 537/537/537
f 536/536/536 240/240/240 237/237/237
f 536/536/536 247/247/247 240/240/240
f 536/536/536 537/537/537 247/247/247
f 247/247/247 537/537/537 250/250/250
f 493/493/493 250/250/250 537/537/537
f 538/538/538 537/537/537 534/534/534
f 538/538/538 493/493/493 537/537/537
f 531/531/531 538/538/538 534/534/534
f 499/499/499 538/538/538 531/531/531
f 492/492/492 493/493/493 538/538/538
f 499/499/499 492/492/492 538/538/538
f 533/533/533 234/234/234 231/231/231
f 539/539/539 533/533/533 231/231/231
f 539/539/539 528/528/528 533/533/533
f 539/539/539 525/525/525 528/528/528
f 540/540/540 539/539/539 228/228/228
f 540/540/540 525/525/525 539/539/539
f 539/539/539 231/231/231 228/228/228
f 540/540/540 526/526/526 525/525/525
f 541/541/541 526/526/526 540/540/540
f 540/540/540 228/228/228 225/225/225
f 541/541/541 540/540/540 225/225/225
f 542/542/542 541/541/541 222/222/222
f 542/542/542 543/543/543 541/541/541
f 541/541/541 543/543/543 526/526/526
f 541/541/541 225/225/225 222/222/222
f 545/545/545 543/543/543 544/544/544
f 542/542/542 544/544/544 543/543/543
f 523/523/523 526/526/526 543/543/543
f 545/545/545 523/523/523 543/543/543
f 39/39/39 545/545/545 544/544/544
f 36/36/36 522/522/522 545/545/545
f 522/522/522 523/523/523 545/545/545
f 36/36/36 545/545/545 39/39/39
f 547/547/547 544/544/544 542/542/542
f 39/39/39 544/544/544 546/546/546
f 547/547/547 546/546/546 544/544/544
f 548/548/548 547/547/547 219/219/219
f 548/548/548 546/546/546 547/547/547
f 547/547/547 220/220/220 219/219/219
f 547/547/547 542/542/542 220/220/220
f 207/207/207 549/549/549 548/548/548
f 548/548/548 549/549/549 546/546/546
f 548/548/548 219/219/219 210/210/210
f 207/207/207 548/548/548 210/210/210
f 38/38/38 546/546/546 549/549/549
f 41/41/41 549/549/549 206/206/206
f 41/41/41 38/38/38 549/549/549
f 207/207/207 206/206/206 549/549/549
f 38/38/38 39/39/39 546/546/546
f 542/542/542 222/222/222 220/220/220
f 530/530/530 499/499/499 531/531/531
f 499/499/499 530/530/530 501/501/501
f 505/505/505 530/530/530 515/515/515
f 505/505/505 501/501/501 530/530/530
f 522/522/522 36/36/36 30/30/30
f 522/522/522 30/30/30 519/519/519
f 518/518/518 520/520/520 29/29/29
f 29/29/29 520/520/520 31/31/31
f 552/552/552 511/511/511 518/518/518
f 550/550/550 518/518/518 29/29/29
f 550/550/550 552/552/552 518/518/518
f 456/456/456 553/553/553 551/551/551
f 455/455/455 510/510/510 553/553/553
f 552/552/552 509/509/509 511/511/511
f 456/456/456 455/455/455 553/553/553
f 20/20/20 550/550/550 29/29/29
f 21/21/21 551/551/551 19/19/19
f 21/21/21 456/456/456 551/551/551
f 455/455/455 458/458/458 510/510/510
f 458/458/458 506/506/506 510/510/510
f 461/461/461 468/468/468 506/506/506
f 458/458/458 461/461/461 506/506/506
f 470/470/470 478/478/478 496/496/496
f 466/466/466 470/470/470 496/496/496
f 493/493/493 252/252/252 250/250/250
f 354/354/354 353/353/353 480/480/480
f 475/475/475 354/354/354 480/480/480
f 475/475/475 474/474/474 356/356/356
f 354/354/354 475/475/475 356/356/356
f 554/554/554 360/360/360 474/474/474
f 360/360/360 356/356/356 474/474/474
f 554/554/554 474/474/474 472/472/472
f 385/385/385 554/554/554 472/472/472
f 554/554/554 385/385/385 379/379/379
f 554/554/554 379/379/379 362/362/362
f 360/360/360 554/554/554 362/362/362
f 385/385/385 472/472/472 463/463/463
f 384/384/384 385/385/385 463/463/463
f 456/456/456 21/21/21 22/22/22
f 456/456/456 22/22/22 427/427/427
f 452/452/452 392/392/392 453/453/453
f 452/452/452 403/403/403 392/392/392
f 405/405/405 403/403/403 452/452/452
f 447/447/447 445/445/445 411/411/411
f 447/447/447 411/411/411 408/408/408
f 411/411/411 445/445/445 440/440/440
f 429/429/429 432/432/432 443/443/443
f 443/443/443 432/432/432 441/441/441
f 432/432/432 435/435/435 441/441/441
f 436/436/436 441/441/441 435/435/435
f 440/440/440 414/414/414 412/412/412
f 411/411/411 440/440/440 412/412/412
f 433/433/433 423/423/423 419/419/419
f 433/433/433 419/419/419 417/417/417
f 409/409/409 420/420/420 402/402/402
f 402/402/402 420/420/420 401/401/401
f 401/401/401 8/8/8 399/399/399
f 399/399/399 5/5/5 397/397/397
f 399/399/399 8/8/8 5/5/5
f 5/5/5 396/396/396 397/397/397
f 394/394/394 396/396/396 3/3/3
f 396/396/396 4/4/4 3/3/3
f 5/5/5 4/4/4 396/396/396
f 393/393/393 394/394/394 3/3/3
f 390/390/390 393/393/393 3/3/3
f 390/390/390 382/382/382 381/381/381
f 382/382/382 390/390/390 3/3/3
f 377/377/377 382/382/382 3/3/3
f 357/357/357 349/349/349 350/350/350
f 352/352/352 274/274/274 275/275/275
f 324/324/324 347/347/347 349/349/349
f 344/344/344 347/347/347 324/324/324
f 557/557/557 345/345/345 555/555/555
f 345/345/345 556/556/556 555/555/555
f 345/345/345 344/344/344 556/556/556
f 341/341/341 345/345/345 557/557/557
f 557/557/557 555/555/555 558/558/558
f 557/557/557 558/558/558 559/559/559
f 557/557/557 559/559/559 560/560/560
f 557/557/557 342/342/342 341/341/341
f 557/557/557 560/560/560 342/342/342
f 560/560/560 559/559/559 561/561/561
f 560/560/560 561/561/561 562/562/562
f 342/342/342 560/560/560 562/562/562
f 562/562/562 563/563/563 565/565/565
f 562/562/562 564/564/564 563/563/563
f 564/564/564 562/562/562 561/561/561
f 342/342/342 562/562/562 565/565/565
f 337/337/337 342/342/342 565/565/565
f 337/337/337 565/565/565 563/563/563
f 564/564/564 567/567/567 563/563/563
f 566/566/566 564/564/564 568/568/568
f 564/564/564 566/566/566 567/567/567
f 564/564/564 561/561/561 568/568/568
f 566/566/566 568/568/568 569/569/569
f 569/569/569 568/568/568 570/570/570
f 568/568/568 559/559/559 570/570/570
f 568/568/568 561/561/561 559/559/559
f 572/572/572 570/570/570 571/571/571
f 570/570/570 558/558/558 571/571/571
f 570/570/570 559/559/559 558/558/558
f 569/569/569 570/570/570 572/572/572
f 572/572/572 571/571/571 574/574/574
f 572/572/572 573/573/573 569/569/569
f 572/572/572 575/575/575 573/573/573
f 574/574/574 575/575/575 572/572/572
f 331/331/331 575/575/575 333/333/333
f 331/331/331 576/576/576 575/575/575
f 574/574/574 333/333/333 575/575/575
f 576/576/576 573/573/573 575/575/575
f 576/576/576 577/577/577 573/573/573
f 577/577/577 576/576/576 578/578/578
f 576/576/576 331/331/331 332/332/332
f 576/576/576 332/332/332 578/578/578
f 338/338/338 578/578/578 332/332/332
f 579/579/579 578/578/578 338/338/338
f 577/577/577 578/578/578 579/579/579
f 566/566/566 579/579/579 567/567/567
f 566/566/566 577/577/577 579/579/579
f 579/579/579 338/338/338 567/567/567
f 573/573/573 577/577/577 566/566/566
f 580/580/580 574/574/574 571/571/571
f 580/580/580 327/327/327 574/574/574
f 326/326/326 333/333/333 574/574/574
f 326/326/326 574/574/574 327/327/327
f 580/580/580 555/555/555 556/556/556
f 555/555/555 580/580/580 571/571/571
f 327/327/327 580/580/580 323/323/323
f 580/580/580 556/556/556 323/323/323
f 573/573/573 566/566/566 569/569/569
f 555/555/555 571/571/571 558/558/558
f 338/338/338 563/563/563 567/567/567
f 338/338/338 337/337/337 563/563/563
f 344/344/344 324/324/324 556/556/556
f 323/323/323 556/556/556 324/324/324
f 285/285/285 339/339/339 335/335/335
f 285/285/285 286/286/286 339/339/339
f 335/335/335 288/288/288 285/285/285
f 316/316/316 319/319/319 3/3/3
f 315/315/315 316/316/316 3/3/3
f 312/312/312 315/315/315 3/3/3
f 310/310/310 312/312/312 3/3/3
f 309/309/309 310/310/310 3/3/3
f 309/309/309 581/581/581 307/307/307
f 581/581/581 309/309/309 3/3/3
f 581/581/581 582/582/582 583/583/583
f 582/582/582 581/581/581 3/3/3
f 581/581/581 583/583/583 307/307/307
f 583/583/583 584/584/584 585/585/585
f 582/582/582 584/584/584 583/583/583
f 307/307/307 583/583/583 306/306/306
f 583/583/583 585/585/585 306/306/306
f 586/586/586 585/585/585 587/587/587
f 586/586/586 588/588/588 585/585/585
f 588/588/588 306/306/306 585/585/585
f 584/584/584 587/587/587 585/585/585
f 304/304/304 588/588/588 589/589/589
f 588/588/588 590/590/590 589/589/589
f 588/588/588 586/586/586 590/590/590
f 588/588/588 304/304/304 306/306/306
f 591/591/591 589/589/589 590/590/590
f 592/592/592 591/591/591 590/590/590
f 592/592/592 590/590/590 593/593/593
f 586/586/586 593/593/593 590/590/590
f 594/594/594 593/593/593 595/595/595
f 594/594/594 592/592/592 593/593/593
f 596/596/596 595/595/595 593/593/593
f 586/586/586 596/596/596 593/593/593
f 596/596/596 586/586/586 587/587/587
f 596/596/596 587/587/587 597/597/597
f 598/598/598 596/596/596 597/597/597
f 596/596/596 598/598/598 595/595/595
f 83/83/83 598/598/598 599/599/599
f 598/598/598 597/597/597 599/599/599
f 83/83/83 137/137/137 598/598/598
f 598/598/598 137/137/137 138/138/138
f 598/598/598 138/138/138 595/595/595
f 600/600/600 83/83/83 599/599/599
f 601/601/601 600/600/600 599/599/599
f 601/601/601 599/599/599 597/597/597
f 602/602/602 601/601/601 603/603/603
f 602/602/602 604/604/604 601/601/601
f 604/604/604 600/600/600 601/601/601
f 603/603/603 601/601/601 597/597/597
f 605/605/605 604/604/604 3/3/3
f 604/604/604 602/602/602 3/3/3
f 604/604/604 605/605/605 600/600/600
f 605/605/605 81/81/81 600/600/600
f 605/605/605 606/606/606 81/81/81
f 606/606/606 605/605/605 3/3/3
f 81/81/81 606/606/606 76/76/76
f 76/76/76 606/606/606 3/3/3
f 607/607/607 602/602/602 603/603/603
f 607/607/607 603/603/603 584/584/584
f 584/584/584 603/603/603 587/587/587
f 603/603/603 597/597/597 587/587/587
f 602/602/602 607/607/607 3/3/3
f 607/607/607 582/582/582 3/3/3
f 582/582/582 607/607/607 584/584/584
f 600/600/600 81/81/81 83/83/83
f 138/138/138 594/594/594 595/595/595
f 594/594/594 180/180/180 609/609/609
f 592/592/592 594/594/594 609/609/609
f 594/594/594 140/140/140 180/180/180
f 138/138/138 140/140/140 594/594/594
f 608/608/608 179/179/179 178/178/178
f 608/608/608 178/178/178 610/610/610
f 612/612/612 608/608/608 610/610/610
f 592/592/592 609/609/609 611/611/611
f 612/612/612 610/610/610 613/613/613
f 614/614/614 612/612/612 613/613/613
f 591/591/591 611/611/611 615/615/615
f 591/591/591 592/592/592 611/611/611
f 619/619/619 615/615/615 616/616/616
f 617/617/617 614/614/614 618/618/618
f 614/614/614 613/613/613 618/618/618
f 619/619/619 591/591/591 615/615/615
f 620/620/620 619/619/619 616/616/616
f 619/619/619 620/620/620 303/303/303
f 619/619/619 303/303/303 589/589/589
f 591/591/591 619/619/619 589/589/589
f 620/620/620 300/300/300 303/303/303
f 620/620/620 623/623/623 300/300/300
f 620/620/620 616/616/616 622/622/622
f 623/623/623 620/620/620 622/622/622
f 624/624/624 623/623/623 625/625/625
f 623/623/623 624/624/624 297/297/297
f 623/623/623 297/297/297 300/300/300
f 623/623/623 622/622/622 625/625/625
f 624/624/624 625/625/625 628/628/628
f 627/627/627 626/626/626 629/629/629
f 626/626/626 630/630/630 629/629/629
f 626/626/626 621/621/621 630/630/630
f 630/630/630 631/631/631 629/629/629
f 630/630/630 634/634/634 631/631/631
f 621/621/621 633/633/633 630/630/630
f 633/633/633 634/634/634 630/630/630
f 639/639/639 632/632/632 635/635/635
f 636/636/636 635/635/635 637/637/637
f 636/636/636 639/639/639 635/635/635
f 633/633/633 638/638/638 634/634/634
f 639/639/639 640/640/640 632/632/632
f 640/640/640 639/639/639 642/642/642
f 639/639/639 636/636/636 641/641/641
f 639/639/639 641/641/641 642/642/642
f 642/642/642 641/641/641 644/644/644
f 642/642/642 644/644/644 643/643/643
f 645/645/645 642/642/642 643/643/643
f 640/640/640 642/642/642 645/645/645
f 645/645/645 643/643/643 647/647/647
f 646/646/646 645/645/645 648/648/648
f 646/646/646 640/640/640 645/645/645
f 648/648/648 645/645/645 647/647/647
f 650/650/650 646/646/646 648/648/648
f 648/648/648 647/647/647 649/649/649
f 651/651/651 648/648/648 649/649/649
f 650/650/650 648/648/648 651/651/651
f 261/261/261 651/651/651 652/652/652
f 266/266/266 651/651/651 261/261/261
f 651/651/651 649/649/649 652/652/652
f 266/266/266 650/650/650 651/651/651
f 261/261/261 652/652/652 259/259/259
f 653/653/653 259/259/259 652/652/652
f 653/653/653 652/652/652 654/654/654
f 654/654/654 652/652/652 649/649/649
f 653/653/653 654/654/654 655/655/655
f 654/654/654 656/656/656 655/655/655
f 654/654/654 657/657/657 656/656/656
f 654/654/654 649/649/649 657/657/657
f 657/657/657 658/658/658 656/656/656
f 657/657/657 659/659/659 658/658/658
f 657/657/657 647/647/647 659/659/659
f 657/657/657 649/649/649 647/647/647
f 659/659/659 660/660/660 658/658/658
f 659/659/659 661/661/661 660/660/660
f 659/659/659 643/643/643 661/661/661
f 659/659/659 647/647/647 643/643/643
f 661/661/661 663/663/663 660/660/660
f 661/661/661 643/643/643 644/644/644
f 661/661/661 644/644/644 662/662/662
f 661/661/661 662/662/662 663/663/663
f 660/660/660 663/663/663 664/664/664
f 663/663/663 665/665/665 664/664/664
f 663/663/663 666/666/666 665/665/665
f 662/662/662 666/666/666 663/663/663
f 666/666/666 667/667/667 665/665/665
f 666/666/666 668/668/668 667/667/667
f 662/662/662 669/669/669 666/666/666
f 669/669/669 668/668/668 666/666/666
f 662/662/662 671/671/671 669/669/669
f 669/669/669 670/670/670 668/668/668
f 669/669/669 672/672/672 670/670/670
f 669/669/669 671/671/671 672/672/672
f 674/674/674 673/673/673 672/672/672
f 673/673/673 675/675/675 672/672/672
f 674/674/674 672/672/672 671/671/671
f 670/670/670 672/672/672 675/675/675
f 678/678/678 676/676/676 675/675/675
f 677/677/677 675/675/675 676/676/676
f 670/670/670 675/675/675 677/677/677
f 673/673/673 678/678/678 675/675/675
f 679/679/679 678/678/678 673/673/673
f 679/679/679 681/681/681 678/678/678
f 681/681/681 680/680/680 678/678/678
f 678/678/678 680/680/680 676/676/676
f 681/681/681 682/682/682 680/680/680
f 681/681/681 679/679/679 683/683/683
f 682/682/682 681/681/681 685/685/685
f 681/681/681 683/683/683 685/685/685
f 682/682/682 685/685/685 182/182/182
f 178/178/178 686/686/686 610/610/610
f 178/178/178 181/181/181 686/686/686
f 610/610/610 686/686/686 684/684/684
f 613/613/613 684/684/684 687/687/687
f 679/679/679 688/688/688 683/683/683
f 610/610/610 684/684/684 613/613/613
f 613/613/613 687/687/687 618/618/618
f 618/618/618 687/687/687 638/638/638
f 679/679/679 689/689/689 688/688/688
f 689/689/689 637/637/637 688/688/688
f 689/689/689 679/679/679 673/673/673
f 689/689/689 673/673/673 674/674/674
f 636/636/636 689/689/689 674/674/674
f 689/689/689 636/636/636 637/637/637
f 682/682/682 185/185/185 190/190/190
f 185/185/185 682/682/682 182/182/182
f 682/682/682 190/190/190 680/680/680
f 190/190/190 676/676/676 680/680/680
f 677/677/677 690/690/690 691/691/691
f 677/677/677 676/676/676 690/690/690
f 677/677/677 691/691/691 692/692/692
f 670/670/670 677/677/677 692/692/692
f 692/692/692 693/693/693 694/694/694
f 692/692/692 691/691/691 693/693/693
f 670/670/670 692/692/692 668/668/668
f 668/668/668 692/692/692 694/694/694
f 668/668/668 694/694/694 667/667/667
f 695/695/695 667/667/667 694/694/694
f 696/696/696 695/695/695 694/694/694
f 696/696/696 694/694/694 693/693/693
f 697/697/697 696/696/696 693/693/693
f 699/699/699 697/697/697 698/698/698
f 697/697/697 693/693/693 698/698/698
f 701/701/701 699/699/699 700/700/700
f 699/699/699 698/698/698 700/700/700
f 701/701/701 700/700/700 702/702/702
f 703/703/703 701/701/701 702/702/702
f 705/705/705 703/703/703 704/704/704
f 703/703/703 702/702/702 704/704/704
f 706/706/706 705/705/705 199/199/199
f 705/705/705 704/704/704 199/199/199
f 706/706/706 199/199/199 200/200/200
f 707/707/707 706/706/706 200/200/200
f 212/212/212 707/707/707 202/202/202
f 707/707/707 200/200/200 202/202/202
f 708/708/708 704/704/704 702/702/702
f 708/708/708 197/197/197 704/704/704
f 197/197/197 199/199/199 704/704/704
f 192/192/192 708/708/708 709/709/709
f 192/192/192 193/193/193 708/708/708
f 193/193/193 197/197/197 708/708/708
f 709/709/709 708/708/708 702/702/702
f 711/711/711 709/709/709 710/710/710
f 710/710/710 709/709/709 700/700/700
f 711/711/711 192/192/192 709/709/709
f 709/709/709 702/702/702 700/700/700
f 690/690/690 711/711/711 710/710/710
f 690/690/690 712/712/712 711/711/711
f 711/711/711 712/712/712 189/189/189
f 711/711/711 189/189/189 192/192/192
f 690/690/690 676/676/676 712/712/712
f 190/190/190 712/712/712 676/676/676
f 190/190/190 189/189/189 712/712/712
f 690/690/690 710/710/710 691/691/691
f 691/691/691 710/710/710 698/698/698
f 710/710/710 700/700/700 698/698/698
f 691/691/691 698/698/698 693/693/693
f 695/695/695 713/713/713 667/667/667
f 713/713/713 665/665/665 667/667/667
f 713/713/713 714/714/714 665/665/665
f 714/714/714 715/715/715 664/664/664
f 714/714/714 664/664/664 665/665/665
f 715/715/715 717/717/717 664/664/664
f 715/715/715 716/716/716 717/717/717
f 658/658/658 717/717/717 718/718/718
f 658/658/658 660/660/660 717/717/717
f 716/716/716 718/718/718 717/717/717
f 660/660/660 664/664/664 717/717/717
f 656/656/656 718/718/718 720/720/720
f 656/656/656 658/658/658 718/718/718
f 716/716/716 719/719/719 718/718/718
f 719/719/719 720/720/720 718/718/718
f 655/655/655 720/720/720 721/721/721
f 722/722/722 721/721/721 720/720/720
f 655/655/655 656/656/656 720/720/720
f 719/719/719 722/722/722 720/720/720
f 722/722/722 723/723/723 721/721/721
f 723/723/723 725/725/725 721/721/721
f 723/723/723 724/724/724 725/725/725
f 724/724/724 726/726/726 725/725/725
f 727/727/727 725/725/725 726/726/726
f 727/727/727 728/728/728 725/725/725
f 728/728/728 721/721/721 725/725/725
f 728/728/728 655/655/655 721/721/721
f 258/258/258 728/728/728 727/727/727
f 258/258/258 653/653/653 728/728/728
f 653/653/653 655/655/655 728/728/728
f 727/727/727 726/726/726 730/730/730
f 255/255/255 727/727/727 729/729/729
f 255/255/255 258/258/258 727/727/727
f 727/727/727 730/730/730 729/729/729
f 246/246/246 730/730/730 244/244/244
f 246/246/246 729/729/729 730/730/730
f 731/731/731 244/244/244 730/730/730
f 731/731/731 730/730/730 726/726/726
f 731/731/731 726/726/726 732/732/732
f 731/731/731 243/243/243 244/244/244
f 724/724/724 732/732/732 726/726/726
f 249/249/249 729/729/729 246/246/246
f 249/249/249 255/255/255 729/729/729
f 641/641/641 674/674/674 671/671/671
f 636/636/636 674/674/674 641/641/641
f 641/641/641 671/671/671 644/644/644
f 662/662/662 644/644/644 671/671/671
f 258/258/258 259/259/259 653/653/653
f 646/646/646 650/650/650 734/734/734
f 650/650/650 266/266/266 270/270/270
f 650/650/650 270/270/270 734/734/734
f 738/738/738 733/733/733 735/735/735
f 735/735/735 733/733/733 269/269/269
f 738/738/738 736/736/736 733/733/733
f 646/646/646 734/734/734 737/737/737
f 739/739/739 627/627/627 738/738/738
f 627/627/627 629/629/629 738/738/738
f 629/629/629 736/736/736 738/738/738
f 739/739/739 738/738/738 735/735/735
f 278/278/278 739/739/739 735/735/735
f 282/282/282 740/740/740 279/279/279
f 282/282/282 291/291/291 740/740/740
f 291/291/291 628/628/628 740/740/740
f 629/629/629 631/631/631 736/736/736
f 640/640/640 737/737/737 632/632/632
f 640/640/640 646/646/646 737/737/737
f 735/735/735 269/269/269 271/271/271
f 278/278/278 735/735/735 271/271/271
f 618/618/618 638/638/638 633/633/633
f 617/617/617 618/618/618 633/633/633
f 621/621/621 617/617/617 633/633/633
f 291/291/291 624/624/624 628/628/628
f 624/624/624 292/292/292 297/297/297
f 624/624/624 291/291/291 292/292/292
f 304/304/304 589/589/589 303/303/303
f 210/210/210 219/219/219 215/215/215
f 210/210/210 215/215/215 209/209/209
f 162/162/162 206/206/206 164/164/164
f 162/162/162 41/41/41 206/206/206
f 196/196/196 168/168/168 165/165/165
f 170/170/170 167/167/167 187/187/187
f 140/140/140 143/143/143 180/180/180
f 42/42/42 41/41/41 162/162/162
f 135/135/135 137/137/137 83/83/83
f 133/133/133 135/135/135 741/741/741
f 135/135/135 83/83/83 741/741/741
f 133/133/133 741/741/741 742/742/742
f 90/90/90 741/741/741 84/84/84
f 90/90/90 742/742/742 741/741/741
f 84/84/84 741/741/741 83/83/83
f 99/99/99 742/742/742 90/90/90
f 742/742/742 99/99/99 102/102/102
f 742/742/742 102/102/102 133/133/133
f 131/131/131 134/134/134 104/104/104
f 134/134/134 133/133/133 102/102/102
f 102/102/102 104/104/104 134/134/134
f 131/131/131 104/104/104 110/110/110
f 110/110/110 112/112/112 131/131/131
f 121/121/121 126/126/126 112/112/112
f 122/122/122 78/78/78 125/125/125
f 122/122/122 87/87/87 78/78/78
f 121/121/121 112/112/112 114/114/114
f 107/107/107 116/116/116 109/109/109
f 116/116/116 107/107/107 98/98/98
f 116/116/116 98/98/98 96/96/96
f 95/95/95 116/116/116 96/96/96
f 110/110/110 104/104/104 106/106/106
f 107/107/107 101/101/101 98/98/98
f 99/99/99 90/90/90 89/89/89
f 68/68/68 78/78/78 71/71/71
f 73/73/73 743/743/743 744/744/744
f 743/743/743 73/73/73 3/3/3
f 73/73/73 744/744/744 69/69/69
f 743/743/743 745/745/745 744/744/744
f 746/746/746 744/744/744 745/745/745
f 746/746/746 65/65/65 744/744/744
f 69/69/69 744/744/744 65/65/65
f 66/66/66 65/65/65 746/746/746
f 747/747/747 66/66/66 746/746/746
f 747/747/747 746/746/746 748/748/748
f 745/745/745 748/748/748 746/746/746
f 745/745/745 751/751/751 748/748/748
f 749/749/749 748/748/748 750/750/750
f 749/749/749 747/747/747 748/748/748
f 751/751/751 750/750/750 748/748/748
f 752/752/752 751/751/751 745/745/745
f 752/752/752 753/753/753 751/751/751
f 751/751/751 754/754/754 750/750/750
f 753/753/753 754/754/754 751/751/751
f 754/754/754 10/10/10 750/750/750
f 754/754/754 7/7/7 10/10/10
f 753/753/753 755/755/755 754/754/754
f 755/755/755 7/7/7 754/754/754
f 755/755/755 2/2/2 7/7/7
f 2/2/2 755/755/755 3/3/3
f 755/755/755 753/753/753 3/3/3
f 753/753/753 752/752/752 3/3/3
f 743/743/743 752/752/752 745/745/745
f 752/752/752 743/743/743 3/3/3
f 12/12/12 749/749/749 750/750/750
f 12/12/12 750/750/750 10/10/10
f 749/749/749 16/16/16 756/756/756
f 749/749/749 12/12/12 16/16/16
f 747/747/747 749/749/749 756/756/756
f 747/747/747 756/756/756 757/757/757
f 52/52/52 757/757/757 756/756/756
f 18/18/18 52/52/52 756/756/756
f 18/18/18 756/756/756 16/16/16
f 52/52/52 51/51/51 757/757/757
f 51/51/51 59/59/59 757/757/757
f 66/66/66 757/757/757 59/59/59
f 66/66/66 747/747/747 757/757/757
f 47/47/47 46/46/46 57/57/57
f 52/52/52 18/18/18 26/26/26
f 759/759/759 765/765/765 758/758/758
f 764/764/764 759/759/759 758/758/758
f 758/758/758 769/769/769 760/760/760
f 758/758/758 760/760/760 761/761/761
f 761/761/761 766/766/766 758/758/758
f 765/765/765 762/762/762 758/758/758
f 762/762/762 763/763/763 758/758/758
f 770/770/770 758/758/758 763/763/763
f 766/766/766 764/764/764 758/758/758
f 758/758/758 767/767/767 768/768/768
f 758/758/758 770/770/770 767/767/767
f 758/758/758 768/768/768 769/769/769
f 770/770/770 763/763/763 771/771/771
f 772/772/772 770/770/770 771/771/771
f 770/770/770 772/772/772 773/773/773
f 770/770/770 773/773/773 767/767/767
f 776/776/776 774/774/774 773/773/773
f 767/767/767 773/773/773 774/774/774
f 775/775/775 773/773/773 772/772/772
f 775/775/775 776/776/776 773/773/773
f 776/776/776 777/777/777 774/774/774
f 777/777/777 776/776/776 778/778/778
f 776/776/776 780/780/780 778/778/778
f 776/776/776 779/779/779 780/780/780
f 781/781/781 779/779/779 776/776/776
f 781/781/781 776/776/776 775/775/775
f 782/782/782 781/781/781 790/790/790
f 789/789/789 781/781/781 782/782/782
f 785/785/785 781/781/781 783/783/783
f 783/783/783 781/781/781 789/789/789
f 781/781/781 784/784/784 779/779/779
f 781/781/781 786/786/786 784/784/784
f 775/775/775 788/788/788 781/781/781
f 781/781/781 785/785/785 786/786/786
f 790/790/790 781/781/781 787/787/787
f 787/787/787 781/781/781 788/788/788
f 791/791/791 790/790/790 787/787/787
f 792/792/792 782/782/782 790/790/790
f 792/792/792 790/790/790 791/791/791
f 793/793/793 792/792/792 795/795/795
f 793/793/793 794/794/794 792/792/792
f 794/794/794 782/782/782 792/792/792
f 795/795/795 792/792/792 791/791/791
f 796/796/796 795/795/795 797/797/797
f 796/796/796 793/793/793 795/795/795
f 797/797/797 795/795/795 798/798/798
f 795/795/795 791/791/791 798/798/798
f 797/797/797 798/798/798 799/799/799
f 799/799/799 798/798/798 800/800/800
f 798/798/798 791/791/791 801/801/801
f 798/798/798 801/801/801 800/800/800
f 791/791/791 787/787/787 801/801/801
f 800/800/800 801/801/801 802/802/802
f 801/801/801 787/787/787 788/788/788
f 801/801/801 788/788/788 802/802/802
f 803/803/803 805/805/805 802/802/802
f 804/804/804 803/803/803 802/802/802
f 800/800/800 802/802/802 805/805/805
f 804/804/804 802/802/802 788/788/788
f 806/806/806 805/805/805 808/808/808
f 806/806/806 800/800/800 805/805/805
f 803/803/803 807/807/807 805/805/805
f 807/807/807 808/808/808 805/805/805
f 809/809/809 808/808/808 810/810/810
f 809/809/809 806/806/806 808/808/808
f 811/811/811 810/810/810 808/808/808
f 807/807/807 811/811/811 808/808/808
f 811/811/811 812/812/812 810/810/810
f 813/813/813 812/812/812 811/811/811
f 814/814/814 813/813/813 811/811/811
f 814/814/814 811/811/811 807/807/807
f 815/815/815 814/814/814 807/807/807
f 815/815/815 816/816/816 814/814/814
f 814/814/814 816/816/816 817/817/817
f 814/814/814 817/817/817 813/813/813
f 817/817/817 819/819/819 818/818/818
f 813/813/813 817/817/817 818/818/818
f 816/816/816 820/820/820 817/817/817
f 817/817/817 820/820/820 819/819/819
f 816/816/816 821/821/821 820/820/820
f 823/823/823 820/820/820 821/821/821
f 822/822/822 820/820/820 823/823/823
f 822/822/822 819/819/819 820/820/820
f 824/824/824 823/823/823 825/825/825
f 824/824/824 822/822/822 823/823/823
f 825/825/825 823/823/823 826/826/826
f 823/823/823 821/821/821 826/826/826
f 825/825/825 826/826/826 827/827/827
f 827/827/827 826/826/826 828/828/828
f 826/826/826 829/829/829 828/828/828
f 826/826/826 821/821/821 829/829/829
f 771/771/771 763/763/763 829/829/829
f 828/828/828 829/829/829 763/763/763
f 830/830/830 829/829/829 821/821/821
f 771/771/771 829/829/829 830/830/830
f 815/815/815 830/830/830 816/816/816
f 831/831/831 830/830/830 815/815/815
f 830/830/830 821/821/821 816/816/816
f 831/831/831 771/771/771 830/830/830
f 772/772/772 771/771/771 831/831/831
f 831/831/831 815/815/815 803/803/803
f 831/831/831 803/803/803 804/804/804
f 772/772/772 831/831/831 804/804/804
f 828/828/828 763/763/763 762/762/762
f 827/827/827 828/828/828 832/832/832
f 832/832/832 828/828/828 762/762/762
f 833/833/833 832/832/832 834/834/834
f 833/833/833 827/827/827 832/832/832
f 834/834/834 832/832/832 765/765/765
f 832/832/832 762/762/762 765/765/765
f 835/835/835 833/833/833 834/834/834
f 834/834/834 765/765/765 759/759/759
f 836/836/836 834/834/834 759/759/759
f 835/835/835 834/834/834 836/836/836
f 836/836/836 759/759/759 764/764/764
f 838/838/838 836/836/836 764/764/764
f 837/837/837 836/836/836 838/838/838
f 837/837/837 835/835/835 836/836/836
f 838/838/838 764/764/764 766/766/766
f 839/839/839 837/837/837 838/838/838
f 839/839/839 838/838/838 840/840/840
f 840/840/840 838/838/838 766/766/766
f 840/840/840 841/841/841 839/839/839
f 840/840/840 842/842/842 841/841/841
f 761/761/761 842/842/842 840/840/840
f 840/840/840 766/766/766 761/761/761
f 761/761/761 760/760/760 842/842/842
f 760/760/760 843/843/843 842/842/842
f 842/842/842 843/843/843 844/844/844
f 842/842/842 844/844/844 841/841/841
f 843/843/843 846/846/846 844/844/844
f 841/841/841 844/844/844 845/845/845
f 844/844/844 847/847/847 845/845/845
f 844/844/844 846/846/846 847/847/847
f 845/845/845 847/847/847 848/848/848
f 847/847/847 849/849/849 848/848/848
f 847/847/847 850/850/850 849/849/849
f 846/846/846 850/850/850 847/847/847
f 851/851/851 853/853/853 850/850/850
f 846/846/846 851/851/851 850/850/850
f 850/850/850 852/852/852 849/849/849
f 850/850/850 853/853/853 852/852/852
f 854/854/854 853/853/853 855/855/855
f 854/854/854 852/852/852 853/853/853
f 851/851/851 856/856/856 853/853/853
f 855/855/855 853/853/853 856/856/856
f 857/857/857 856/856/856 851/851/851
f 857/857/857 859/859/859 856/856/856
f 855/855/855 856/856/856 858/858/858
f 858/858/858 856/856/856 859/859/859
f 861/861/861 860/860/860 859/859/859
f 862/862/862 859/859/859 860/860/860
f 861/861/861 859/859/859 857/857/857
f 858/858/858 859/859/859 862/862/862
f 862/862/862 860/860/860 865/865/865
f 863/863/863 862/862/862 864/864/864
f 863/863/863 858/858/858 862/862/862
f 864/864/864 862/862/862 865/865/865
f 867/867/867 865/865/865 866/866/866
f 865/865/865 860/860/860 866/866/866
f 864/864/864 865/865/865 867/867/867
f 868/868/868 867/867/867 866/866/866
f 869/869/869 867/867/867 868/868/868
f 869/869/869 864/864/864 867/867/867
f 871/871/871 869/869/869 868/868/868
f 870/870/870 869/869/869 871/871/871
f 870/870/870 872/872/872 869/869/869
f 872/872/872 864/864/864 869/869/869
f 873/873/873 872/872/872 870/870/870
f 873/873/873 874/874/874 872/872/872
f 874/874/874 863/863/863 872/872/872
f 872/872/872 863/863/863 864/864/864
f 875/875/875 874/874/874 873/873/873
f 875/875/875 877/877/877 874/874/874
f 874/874/874 876/876/876 863/863/863
f 877/877/877 876/876/876 874/874/874
f 877/877/877 878/878/878 876/876/876
f 879/879/879 878/878/878 877/877/877
f 879/879/879 877/877/877 880/880/880
f 880/880/880 877/877/877 875/875/875
f 879/879/879 880/880/880 881/881/881
f 880/880/880 882/882/882 881/881/881
f 880/880/880 883/883/883 882/882/882
f 880/880/880 875/875/875 883/883/883
f 883/883/883 875/875/875 885/885/885
f 883/883/883 884/884/884 882/882/882
f 883/883/883 886/886/886 884/884/884
f 883/883/883 885/885/885 886/886/886
f 886/886/886 887/887/887 889/889/889
f 886/886/886 885/885/885 887/887/887
f 886/886/886 888/888/888 884/884/884
f 886/886/886 889/889/889 888/888/888
f 889/889/889 890/890/890 891/891/891
f 890/890/890 889/889/889 887/887/887
f 889/889/889 891/891/891 888/888/888
f 891/891/891 892/892/892 893/893/893
f 890/890/890 892/892/892 891/891/891
f 891/891/891 893/893/893 894/894/894
f 888/888/888 891/891/891 894/894/894
f 894/894/894 893/893/893 895/895/895
f 894/894/894 895/895/895 896/896/896
f 897/897/897 894/894/894 896/896/896
f 888/888/888 894/894/894 897/897/897
f 884/884/884 888/888/888 897/897/897
f 897/897/897 896/896/896 898/898/898
f 899/899/899 897/897/897 898/898/898
f 884/884/884 897/897/897 899/899/899
f 882/882/882 899/899/899 900/900/900
f 882/882/882 884/884/884 899/899/899
f 900/900/900 899/899/899 901/901/901
f 899/899/899 898/898/898 901/901/901
f 901/901/901 904/904/904 902/902/902
f 903/903/903 901/901/901 902/902/902
f 900/900/900 901/901/901 903/903/903
f 901/901/901 898/898/898 904/904/904
f 905/905/905 904/904/904 911/911/911
f 905/905/905 908/908/908 904/904/904
f 910/910/910 904/904/904 908/908/908
f 910/910/910 902/902/902 904/904/904
f 898/898/898 911/911/911 904/904/904
f 913/913/913 911/911/911 914/914/914
f 913/913/913 905/905/905 911/911/911
f 896/896/896 914/914/914 911/911/911
f 898/898/898 896/896/896 911/911/911
f 915/915/915 914/914/914 895/895/895
f 896/896/896 895/895/895 914/914/914
f 915/915/915 916/916/916 914/914/914
f 913/913/913 914/914/914 916/916/916
f 913/913/913 916/916/916 917/917/917
f 917/917/917 916/916/916 919/919/919
f 920/920/920 919/919/919 916/916/916
f 920/920/920 916/916/916 915/915/915
f 923/923/923 920/920/920 915/915/915
f 921/921/921 920/920/920 923/923/923
f 921/921/921 922/922/922 920/920/920
f 922/922/922 919/919/919 920/920/920
f 924/924/924 923/923/923 925/925/925
f 924/924/924 921/921/921 923/923/923
f 923/923/923 915/915/915 926/926/926
f 925/925/925 923/923/923 926/926/926
f 926/926/926 895/895/895 893/893/893
f 927/927/927 926/926/926 893/893/893
f 926/926/926 915/915/915 895/895/895
f 925/925/925 926/926/926 927/927/927
f 927/927/927 893/893/893 892/892/892
f 928/928/928 927/927/927 929/929/929
f 928/928/928 925/925/925 927/927/927
f 929/929/929 927/927/927 892/892/892
f 929/929/929 930/930/930 932/932/932
f 931/931/931 930/930/930 929/929/929
f 929/929/929 892/892/892 931/931/931
f 929/929/929 932/932/932 928/928/928
f 933/933/933 928/928/928 932/932/932
f 933/933/933 932/932/932 934/934/934
f 932/932/932 936/936/936 934/934/934
f 935/935/935 932/932/932 930/930/930
f 932/932/932 935/935/935 936/936/936
f 936/936/936 937/937/937 939/939/939
f 935/935/935 937/937/937 936/936/936
f 936/936/936 939/939/939 938/938/938
f 934/934/934 936/936/936 938/938/938
f 937/937/937 940/940/940 939/939/939
f 938/938/938 939/939/939 941/941/941
f 939/939/939 940/940/940 942/942/942
f 939/939/939 942/942/942 941/941/941
f 941/941/941 942/942/942 943/943/943
f 942/942/942 945/945/945 943/943/943
f 942/942/942 944/944/944 945/945/945
f 940/940/940 944/944/944 942/942/942
f 943/943/943 945/945/945 946/946/946
f 945/945/945 947/947/947 946/946/946
f 944/944/944 947/947/947 945/945/945
f 948/948/948 953/953/953 947/947/947
f 948/948/948 947/947/947 950/950/950
f 947/947/947 949/949/949 955/955/955
f 947/947/947 951/951/951 949/949/949
f 947/947/947 955/955/955 950/950/950
f 951/951/951 947/947/947 952/952/952
f 952/952/952 947/947/947 954/954/954
f 946/946/946 947/947/947 953/953/953
f 954/954/954 947/947/947 944/944/944
f 950/950/950 955/955/955 960/960/960
f 955/955/955 958/958/958 956/956/956
f 955/955/955 956/956/956 960/960/960
f 955/955/955 949/949/949 957/957/957
f 955/955/955 957/957/957 959/959/959
f 955/955/955 959/959/959 958/958/958
f 950/950/950 960/960/960 961/961/961
f 962/962/962 961/961/961 960/960/960
f 962/962/962 960/960/960 963/963/963
f 963/963/963 960/960/960 956/956/956
f 964/964/964 963/963/963 966/966/966
f 965/965/965 963/963/963 964/964/964
f 965/965/965 962/962/962 963/963/963
f 963/963/963 956/956/956 966/966/966
f 964/964/964 966/966/966 967/967/967
f 967/967/967 966/966/966 968/968/968
f 966/966/966 956/956/956 968/968/968
f 958/958/958 968/968/968 956/956/956
f 967/967/967 968/968/968 969/969/969
f 970/970/970 969/969/969 968/968/968
f 958/958/958 970/970/970 968/968/968
f 970/970/970 971/971/971 973/973/973
f 970/970/970 972/972/972 971/971/971
f 958/958/958 972/972/972 970/970/970
f 970/970/970 973/973/973 969/969/969
f 973/973/973 974/974/974 976/976/976
f 973/973/973 971/971/971 974/974/974
f 973/973/973 975/975/975 969/969/969
f 973/973/973 976/976/976 975/975/975
f 976/976/976 974/974/974 978/978/978
f 976/976/976 977/977/977 975/975/975
f 976/976/976 979/979/979 977/977/977
f 976/976/976 978/978/978 979/979/979
f 979/979/979 980/980/980 981/981/981
f 979/979/979 982/982/982 980/980/980
f 979/979/979 981/981/981 977/977/977
f 979/979/979 978/978/978 982/982/982
f 984/984/984 982/982/982 985/985/985
f 984/984/984 986/986/986 982/982/982
f 985/985/985 982/982/982 978/978/978
f 980/980/980 982/982/982 986/986/986
f 980/980/980 986/986/986 988/988/988
f 989/989/989 987/987/987 990/990/990
f 983/983/983 990/990/990 987/987/987
f 989/989/989 990/990/990 993/993/993
f 991/991/991 990/990/990 994/994/994
f 991/991/991 992/992/992 990/990/990
f 992/992/992 993/993/993 990/990/990
f 983/983/983 994/994/994 990/990/990
f 997/997/997 994/994/994 983/983/983
f 998/998/998 994/994/994 995/995/995
f 997/997/997 995/995/995 994/994/994
f 998/998/998 991/991/991 994/994/994
f 999/999/999 998/998/998 995/995/995
f 1001/1001/1001 998/998/998 999/999/999
f 1000/1000/1000 991/991/991 998/998/998
f 1001/1001/1001 1000/1000/1000 998/998/998
f 1002/1002/1002 1001/1001/1001 1003/1003/1003
f 1002/1002/1002 1004/1004/1004 1001/1001/1001
f 1003/1003/1003 1001/1001/1001 999/999/999
f 1004/1004/1004 1000/1000/1000 1001/1001/1001
f 1007/1007/1007 1004/1004/1004 1002/1002/1002
f 1005/1005/1005 1006/1006/1006 1004/1004/1004
f 1007/1007/1007 1005/1005/1005 1004/1004/1004
f 1004/1004/1004 1006/1006/1006 1000/1000/1000
f 1008/1008/1008 1007/1007/1007 1010/1010/1010
f 1008/1008/1008 1012/1012/1012 1007/1007/1007
f 1010/1010/1010 1007/1007/1007 1002/1002/1002
f 1012/1012/1012 1005/1005/1005 1007/1007/1007
f 1013/1013/1013 1011/1011/1011 1009/1009/1009
f 1013/1013/1013 1014/1014/1014 1011/1011/1011
f 1014/1014/1014 1015/1015/1015 1011/1011/1011
f 1012/1012/1012 1016/1016/1016 1005/1005/1005
f 1017/1017/1017 1018/1018/1018 1015/1015/1015
f 1014/1014/1014 1017/1017/1017 1015/1015/1015
f 1016/1016/1016 1020/1020/1020 1005/1005/1005
f 1016/1016/1016 1019/1019/1019 1020/1020/1020
f 1019/1019/1019 1021/1021/1021 1020/1020/1020
f 1020/1020/1020 1022/1022/1022 1006/1006/1006
f 1005/1005/1005 1020/1020/1020 1006/1006/1006
f 1020/1020/1020 1021/1021/1021 1022/1022/1022
f 1021/1021/1021 1024/1024/1024 1022/1022/1022
f 1022/1022/1022 1025/1025/1025 1023/1023/1023
f 1006/1006/1006 1022/1022/1022 1023/1023/1023
f 1022/1022/1022 1024/1024/1024 1025/1025/1025
f 1024/1024/1024 1026/1026/1026 1025/1025/1025
f 1025/1025/1025 1026/1026/1026 1027/1027/1027
f 1025/1025/1025 1027/1027/1027 992/992/992
f 1023/1023/1023 1025/1025/1025 992/992/992
f 1029/1029/1029 993/993/993 1027/1027/1027
f 992/992/992 1027/1027/1027 993/993/993
f 1028/1028/1028 1027/1027/1027 1026/1026/1026
f 1028/1028/1028 1029/1029/1029 1027/1027/1027
f 1029/1029/1029 1030/1030/1030 993/993/993
f 1032/1032/1032 1030/1030/1030 1029/1029/1029
f 1031/1031/1031 1029/1029/1029 1028/1028/1028
f 1031/1031/1031 1032/1032/1032 1029/1029/1029
f 1032/1032/1032 1033/1033/1033 1030/1030/1030
f 1034/1034/1034 1032/1032/1032 1031/1031/1031
f 1035/1035/1035 1033/1033/1033 1032/1032/1032
f 1034/1034/1034 1035/1035/1035 1032/1032/1032
f 1036/1036/1036 1035/1035/1035 1034/1034/1034
f 1036/1036/1036 1037/1037/1037 1035/1035/1035
f 1037/1037/1037 1038/1038/1038 1035/1035/1035
f 1035/1035/1035 1038/1038/1038 1033/1033/1033
f 1039/1039/1039 1038/1038/1038 1041/1041/1041
f 1039/1039/1039 1042/1042/1042 1038/1038/1038
f 1037/1037/1037 1041/1041/1041 1038/1038/1038
f 1042/1042/1042 1033/1033/1033 1038/1038/1038
f 1040/1040/1040 1046/1046/1046 1043/1043/1043
f 1043/1043/1043 1047/1047/1047 1045/1045/1045
f 1042/1042/1042 1044/1044/1044 1033/1033/1033
f 1043/1043/1043 1046/1046/1046 1047/1047/1047
f 1045/1045/1045 1047/1047/1047 981/981/981
f 1047/1047/1047 1048/1048/1048 977/977/977
f 1046/1046/1046 1048/1048/1048 1047/1047/1047
f 1047/1047/1047 977/977/977 981/981/981
f 1048/1048/1048 1049/1049/1049 975/975/975
f 1050/1050/1050 1049/1049/1049 1048/1048/1048
f 1048/1048/1048 975/975/975 977/977/977
f 1046/1046/1046 1050/1050/1050 1048/1048/1048
f 1051/1051/1051 1050/1050/1050 1046/1046/1046
f 1051/1051/1051 1052/1052/1052 1050/1050/1050
f 1052/1052/1052 1053/1053/1053 1050/1050/1050
f 1050/1050/1050 1053/1053/1053 1049/1049/1049
f 1053/1053/1053 964/964/964 967/967/967
f 1054/1054/1054 964/964/964 1053/1053/1053
f 1053/1053/1053 967/967/967 1049/1049/1049
f 1052/1052/1052 1054/1054/1054 1053/1053/1053
f 1055/1055/1055 1054/1054/1054 1052/1052/1052
f 1054/1054/1054 965/965/965 964/964/964
f 1056/1056/1056 965/965/965 1054/1054/1054
f 1055/1055/1055 1056/1056/1056 1054/1054/1054
f 1057/1057/1057 1058/1058/1058 1056/1056/1056
f 1059/1059/1059 1057/1057/1057 1056/1056/1056
f 1059/1059/1059 1056/1056/1056 1055/1055/1055
f 1056/1056/1056 1058/1058/1058 965/965/965
f 1060/1060/1060 1059/1059/1059 1061/1061/1061
f 1060/1060/1060 1062/1062/1062 1059/1059/1059
f 1061/1061/1061 1059/1059/1059 1055/1055/1055
f 1062/1062/1062 1057/1057/1057 1059/1059/1059
f 1062/1062/1062 1060/1060/1060 1065/1065/1065
f 1063/1063/1063 1062/1062/1062 1064/1064/1064
f 1062/1062/1062 1063/1063/1063 1057/1057/1057
f 1062/1062/1062 1065/1065/1065 1064/1064/1064
f 1060/1060/1060 1066/1066/1066 1065/1065/1065
f 1065/1065/1065 1066/1066/1066 1070/1070/1070
f 1065/1065/1065 1070/1070/1070 1068/1068/1068
f 1064/1064/1064 1065/1065/1065 1068/1068/1068
f 1067/1067/1067 1071/1071/1071 1069/1069/1069
f 1071/1071/1071 1072/1072/1072 1069/1069/1069
f 1073/1073/1073 1068/1068/1068 1070/1070/1070
f 1074/1074/1074 1076/1076/1076 1072/1072/1072
f 1071/1071/1071 1074/1074/1074 1072/1072/1072
f 1075/1075/1075 1077/1077/1077 1073/1073/1073
f 1073/1073/1073 1077/1077/1077 1068/1068/1068
f 1077/1077/1077 1078/1078/1078 1079/1079/1079
f 1080/1080/1080 1078/1078/1078 1077/1077/1077
f 1077/1077/1077 1079/1079/1079 1068/1068/1068
f 1075/1075/1075 1080/1080/1080 1077/1077/1077
f 1081/1081/1081 1082/1082/1082 1080/1080/1080
f 1083/1083/1083 1081/1081/1081 1080/1080/1080
f 1080/1080/1080 1082/1082/1082 1078/1078/1078
f 1083/1083/1083 1080/1080/1080 1075/1075/1075
f 1085/1085/1085 1084/1084/1084 1076/1076/1076
f 1085/1085/1085 1086/1086/1086 1084/1084/1084
f 1086/1086/1086 1087/1087/1087 1084/1084/1084
f 1088/1088/1088 1081/1081/1081 1083/1083/1083
f 1089/1089/1089 1092/1092/1092 1087/1087/1087
f 1086/1086/1086 1089/1089/1089 1087/1087/1087
f 1088/1088/1088 1090/1090/1090 1081/1081/1081
f 1091/1091/1091 1090/1090/1090 1088/1088/1088
f 1089/1089/1089 1093/1093/1093 1092/1092/1092
f 1093/1093/1093 1094/1094/1094 1092/1092/1092
f 1095/1095/1095 1096/1096/1096 1091/1091/1091
f 1091/1091/1091 1096/1096/1096 1090/1090/1090
f 1095/1095/1095 1097/1097/1097 1096/1096/1096
f 1097/1097/1097 1098/1098/1098 1096/1096/1096
f 1096/1096/1096 1098/1098/1098 1099/1099/1099
f 1096/1096/1096 1099/1099/1099 1090/1090/1090
f 1090/1090/1090 1099/1099/1099 1101/1101/1101
f 1099/1099/1099 1100/1100/1100 1102/1102/1102
f 1098/1098/1098 1100/1100/1100 1099/1099/1099
f 1099/1099/1099 1102/1102/1102 1101/1101/1101
f 1101/1101/1101 1102/1102/1102 1104/1104/1104
f 1102/1102/1102 1103/1103/1103 1105/1105/1105
f 1100/1100/1100 1103/1103/1103 1102/1102/1102
f 1102/1102/1102 1105/1105/1105 1104/1104/1104
f 1105/1105/1105 1106/1106/1106 1108/1108/1108
f 1103/1103/1103 1106/1106/1106 1105/1105/1105
f 1105/1105/1105 1108/1108/1108 1107/1107/1107
f 1104/1104/1104 1105/1105/1105 1107/1107/1107
f 1106/1106/1106 1109/1109/1109 1108/1108/1108
f 1108/1108/1108 1109/1109/1109 1110/1110/1110
f 1107/1107/1107 1108/1108/1108 1110/1110/1110
f 1112/1112/1112 1110/1110/1110 1109/1109/1109
f 1107/1107/1107 1110/1110/1110 1111/1111/1111
f 1113/1113/1113 1111/1111/1111 1110/1110/1110
f 1112/1112/1112 1113/1113/1113 1110/1110/1110
f 1113/1113/1113 1115/1115/1115 1111/1111/1111
f 1116/1116/1116 1113/1113/1113 1112/1112/1112
f 1116/1116/1116 1114/1114/1114 1113/1113/1113
f 1114/1114/1114 1115/1115/1115 1113/1113/1113
f 1117/1117/1117 948/948/948 1116/1116/1116
f 1116/1116/1116 948/948/948 1118/1118/1118
f 1117/1117/1117 1116/1116/1116 1112/1112/1112
f 1119/1119/1119 1116/1116/1116 1118/1118/1118
f 1114/1114/1114 1116/1116/1116 1119/1119/1119
f 1121/1121/1121 1114/1114/1114 1119/1119/1119
f 1120/1120/1120 1119/1119/1119 1122/1122/1122
f 1121/1121/1121 1119/1119/1119 1120/1120/1120
f 1119/1119/1119 1118/1118/1118 1122/1122/1122
f 1120/1120/1120 1122/1122/1122 1058/1058/1058
f 1058/1058/1058 1122/1122/1122 962/962/962
f 1122/1122/1122 1118/1118/1118 961/961/961
f 1122/1122/1122 961/961/961 962/962/962
f 1063/1063/1063 1121/1121/1121 1120/1120/1120
f 1114/1114/1114 1121/1121/1121 1115/1115/1115
f 1121/1121/1121 1123/1123/1123 1115/1115/1115
f 1121/1121/1121 1063/1063/1063 1123/1123/1123
f 1123/1123/1123 1079/1079/1079 1124/1124/1124
f 1115/1115/1115 1123/1123/1123 1124/1124/1124
f 1063/1063/1063 1064/1064/1064 1123/1123/1123
f 1123/1123/1123 1064/1064/1064 1079/1079/1079
f 1115/1115/1115 1124/1124/1124 1111/1111/1111
f 1125/1125/1125 1111/1111/1111 1124/1124/1124
f 1078/1078/1078 1124/1124/1124 1079/1079/1079
f 1078/1078/1078 1125/1125/1125 1124/1124/1124
f 1082/1082/1082 1125/1125/1125 1078/1078/1078
f 1125/1125/1125 1107/1107/1107 1111/1111/1111
f 1104/1104/1104 1107/1107/1107 1125/1125/1125
f 1082/1082/1082 1104/1104/1104 1125/1125/1125
f 1057/1057/1057 1120/1120/1120 1058/1058/1058
f 1063/1063/1063 1120/1120/1120 1057/1057/1057
f 961/961/961 1118/1118/1118 948/948/948
f 779/779/779 1117/1117/1117 1112/1112/1112
f 779/779/779 1126/1126/1126 1117/1117/1117
f 1117/1117/1117 1126/1126/1126 1127/1127/1127
f 1117/1117/1117 1127/1127/1127 948/948/948
f 948/948/948 1127/1127/1127 953/953/953
f 1127/1127/1127 1128/1128/1128 953/953/953
f 1126/1126/1126 1129/1129/1129 1127/1127/1127
f 1127/1127/1127 1129/1129/1129 1128/1128/1128
f 1126/1126/1126 1130/1130/1130 1129/1129/1129
f 1130/1130/1130 1131/1131/1131 1129/1129/1129
f 1129/1129/1129 1131/1131/1131 1132/1132/1132
f 1129/1129/1129 1132/1132/1132 1128/1128/1128
f 1131/1131/1131 1133/1133/1133 1132/1132/1132
f 1134/1134/1134 1132/1132/1132 1133/1133/1133
f 1135/1135/1135 1128/1128/1128 1132/1132/1132
f 1134/1134/1134 1135/1135/1135 1132/1132/1132
f 1136/1136/1136 1135/1135/1135 1134/1134/1134
f 1136/1136/1136 1137/1137/1137 1135/1135/1135
f 1137/1137/1137 1138/1138/1138 1135/1135/1135
f 1135/1135/1135 1138/1138/1138 1128/1128/1128
f 1138/1138/1138 953/953/953 1128/1128/1128
f 1138/1138/1138 946/946/946 953/953/953
f 943/943/943 946/946/946 1138/1138/1138
f 1137/1137/1137 943/943/943 1138/1138/1138
f 1139/1139/1139 1137/1137/1137 1136/1136/1136
f 1139/1139/1139 941/941/941 1137/1137/1137
f 941/941/941 943/943/943 1137/1137/1137
f 1140/1140/1140 1139/1139/1139 1136/1136/1136
f 1141/1141/1141 1139/1139/1139 1140/1140/1140
f 938/938/938 941/941/941 1139/1139/1139
f 1141/1141/1141 938/938/938 1139/1139/1139
f 1143/1143/1143 1141/1141/1141 1140/1140/1140
f 1142/1142/1142 934/934/934 1141/1141/1141
f 1143/1143/1143 1142/1142/1142 1141/1141/1141
f 934/934/934 938/938/938 1141/1141/1141
f 1144/1144/1144 1145/1145/1145 1143/1143/1143
f 1144/1144/1144 1143/1143/1143 1140/1140/1140
f 1143/1143/1143 1145/1145/1145 1146/1146/1146
f 1143/1143/1143 1146/1146/1146 1142/1142/1142
f 1142/1142/1142 1146/1146/1146 924/924/924
f 1145/1145/1145 1147/1147/1147 1146/1146/1146
f 1146/1146/1146 1147/1147/1147 921/921/921
f 1146/1146/1146 921/921/921 924/924/924
f 1145/1145/1145 1148/1148/1148 1147/1147/1147
f 1148/1148/1148 1149/1149/1149 1147/1147/1147
f 1147/1147/1147 1149/1149/1149 922/922/922
f 1147/1147/1147 922/922/922 921/921/921
f 1149/1149/1149 1150/1150/1150 1151/1151/1151
f 1152/1152/1152 1150/1150/1150 1149/1149/1149
f 1148/1148/1148 1152/1152/1152 1149/1149/1149
f 1149/1149/1149 1151/1151/1151 922/922/922
f 1153/1153/1153 1152/1152/1152 1148/1148/1148
f 1153/1153/1153 1155/1155/1155 1152/1152/1152
f 1152/1152/1152 1154/1154/1154 1150/1150/1150
f 1155/1155/1155 1154/1154/1154 1152/1152/1152
f 1156/1156/1156 1155/1155/1155 1153/1153/1153
f 1155/1155/1155 1157/1157/1157 1154/1154/1154
f 1156/1156/1156 1158/1158/1158 1155/1155/1155
f 1158/1158/1158 1157/1157/1157 1155/1155/1155
f 1159/1159/1159 1158/1158/1158 1156/1156/1156
f 1159/1159/1159 1161/1161/1161 1158/1158/1158
f 1158/1158/1158 1160/1160/1160 1157/1157/1157
f 1161/1161/1161 1160/1160/1160 1158/1158/1158
f 1163/1163/1163 1161/1161/1161 1159/1159/1159
f 1164/1164/1164 1162/1162/1162 1161/1161/1161
f 1161/1161/1161 1162/1162/1162 1160/1160/1160
f 1163/1163/1163 1164/1164/1164 1161/1161/1161
f 1164/1164/1164 1165/1165/1165 1162/1162/1162
f 1167/1167/1167 1165/1165/1165 1164/1164/1164
f 1166/1166/1166 1164/1164/1164 1163/1163/1163
f 1166/1166/1166 1167/1167/1167 1164/1164/1164
f 1167/1167/1167 1170/1170/1170 1165/1165/1165
f 1168/1168/1168 1167/1167/1167 1166/1166/1166
f 1168/1168/1168 1169/1169/1169 1167/1167/1167
f 1169/1169/1169 1170/1170/1170 1167/1167/1167
f 1174/1174/1174 1170/1170/1170 1172/1172/1172
f 1172/1172/1172 1170/1170/1170 1175/1175/1175
f 1174/1174/1174 1165/1165/1165 1170/1170/1170
f 1169/1169/1169 1175/1175/1175 1170/1170/1170
f 1179/1179/1179 1176/1176/1176 1175/1175/1175
f 1177/1177/1177 1175/1175/1175 1176/1176/1176
f 1172/1172/1172 1175/1175/1175 1177/1177/1177
f 1179/1179/1179 1175/1175/1175 1169/1169/1169
f 1181/1181/1181 1176/1176/1176 1179/1179/1179
f 1182/1182/1182 1179/1179/1179 1180/1180/1180
f 1180/1180/1180 1179/1179/1179 1169/1169/1169
f 1182/1182/1182 1181/1181/1181 1179/1179/1179
f 1184/1184/1184 1182/1182/1182 1180/1180/1180
f 1183/1183/1183 1182/1182/1182 1184/1184/1184
f 1183/1183/1183 1185/1185/1185 1182/1182/1182
f 1185/1185/1185 1181/1181/1181 1182/1182/1182
f 1187/1187/1187 1185/1185/1185 1183/1183/1183
f 1188/1188/1188 1186/1186/1186 1185/1185/1185
f 1185/1185/1185 1186/1186/1186 1181/1181/1181
f 1187/1187/1187 1188/1188/1188 1185/1185/1185
f 1188/1188/1188 1189/1189/1189 1186/1186/1186
f 1190/1190/1190 1188/1188/1188 1187/1187/1187
f 1191/1191/1191 1189/1189/1189 1188/1188/1188
f 1190/1190/1190 1191/1191/1191 1188/1188/1188
f 1191/1191/1191 1192/1192/1192 1189/1189/1189
f 1193/1193/1193 1191/1191/1191 1190/1190/1190
f 1194/1194/1194 1192/1192/1192 1191/1191/1191
f 1193/1193/1193 1194/1194/1194 1191/1191/1191
f 1196/1196/1196 1194/1194/1194 1193/1193/1193
f 1197/1197/1197 1195/1195/1195 1194/1194/1194
f 1194/1194/1194 1195/1195/1195 1192/1192/1192
f 1196/1196/1196 1197/1197/1197 1194/1194/1194
f 1197/1197/1197 1199/1199/1199 1195/1195/1195
f 1198/1198/1198 1197/1197/1197 1196/1196/1196
f 1198/1198/1198 1200/1200/1200 1197/1197/1197
f 1200/1200/1200 1199/1199/1199 1197/1197/1197
f 1201/1201/1201 1203/1203/1203 1200/1200/1200
f 1202/1202/1202 1201/1201/1201 1200/1200/1200
f 1200/1200/1200 1203/1203/1203 1199/1199/1199
f 1202/1202/1202 1200/1200/1200 1198/1198/1198
f 1201/1201/1201 1205/1205/1205 1203/1203/1203
f 1205/1205/1205 1204/1204/1204 1203/1203/1203
f 1203/1203/1203 1204/1204/1204 1206/1206/1206
f 1203/1203/1203 1206/1206/1206 1199/1199/1199
f 1206/1206/1206 1204/1204/1204 1208/1208/1208
f 1199/1199/1199 1206/1206/1206 1207/1207/1207
f 1207/1207/1207 1206/1206/1206 1211/1211/1211
f 1206/1206/1206 1208/1208/1208 1211/1211/1211
f 1210/1210/1210 1212/1212/1212 1215/1215/1215
f 1210/1210/1210 1209/1209/1209 1212/1212/1212
f 1207/1207/1207 1211/1211/1211 1214/1214/1214
f 1213/1213/1213 1210/1210/1210 1215/1215/1215
f 1215/1215/1215 1216/1216/1216 1218/1218/1218
f 1215/1215/1215 1212/1212/1212 1216/1216/1216
f 1213/1213/1213 1215/1215/1215 1217/1217/1217
f 1217/1217/1217 1215/1215/1215 1218/1218/1218
f 1217/1217/1217 1218/1218/1218 1219/1219/1219
f 1219/1219/1219 1218/1218/1218 1222/1222/1222
f 1218/1218/1218 1216/1216/1216 1221/1221/1221
f 1218/1218/1218 1221/1221/1221 1222/1222/1222
f 1219/1219/1219 1222/1222/1222 1225/1225/1225
f 1226/1226/1226 1224/1224/1224 1223/1223/1223
f 1226/1226/1226 1223/1223/1223 1220/1220/1220
f 1227/1227/1227 1226/1226/1226 1235/1235/1235
f 1227/1227/1227 1243/1243/1243 1226/1226/1226
f 1243/1243/1243 1229/1229/1229 1226/1226/1226
f 1226/1226/1226 1229/1229/1229 1231/1231/1231
f 1226/1226/1226 1231/1231/1231 1232/1232/1232
f 1237/1237/1237 1226/1226/1226 1232/1232/1232
f 1226/1226/1226 1220/1220/1220 1235/1235/1235
f 1226/1226/1226 1237/1237/1237 1239/1239/1239
f 1226/1226/1226 1239/1239/1239 1241/1241/1241
f 1226/1226/1226 1241/1241/1241 1224/1224/1224
f 1227/1227/1227 1244/1244/1244 1243/1243/1243
f 1243/1243/1243 1244/1244/1244 1245/1245/1245
f 1243/1243/1243 1245/1245/1245 1246/1246/1246
f 1243/1243/1243 1246/1246/1246 1229/1229/1229
f 1246/1246/1246 1248/1248/1248 1247/1247/1247
f 1246/1246/1246 1247/1247/1247 1249/1249/1249
f 1246/1246/1246 1245/1245/1245 1248/1248/1248
f 1246/1246/1246 1249/1249/1249 1229/1229/1229
f 1249/1249/1249 1250/1250/1250 1252/1252/1252
f 1247/1247/1247 1250/1250/1250 1249/1249/1249
f 1249/1249/1249 1252/1252/1252 1254/1254/1254
f 1229/1229/1229 1249/1249/1249 1254/1254/1254
f 1229/1229/1229 1254/1254/1254 1231/1231/1231
f 1230/1230/1230 1253/1253/1253 1256/1256/1256
f 1253/1253/1253 1251/1251/1251 1255/1255/1255
f 1253/1253/1253 1255/1255/1255 1256/1256/1256
f 1230/1230/1230 1256/1256/1256 1259/1259/1259
f 1256/1256/1256 1257/1257/1257 1258/1258/1258
f 1256/1256/1256 1255/1255/1255 1257/1257/1257
f 1259/1259/1259 1256/1256/1256 1258/1258/1258
f 1233/1233/1233 1230/1230/1230 1259/1259/1259
f 1233/1233/1233 1259/1259/1259 1261/1261/1261
f 1259/1259/1259 1258/1258/1258 1260/1260/1260
f 1261/1261/1261 1259/1259/1259 1260/1260/1260
f 1261/1261/1261 1236/1236/1236 1233/1233/1233
f 1261/1261/1261 1260/1260/1260 1262/1262/1262
f 1262/1262/1262 1263/1263/1263 1261/1261/1261
f 1261/1261/1261 1263/1263/1263 1236/1236/1236
f 1262/1262/1262 1265/1265/1265 1263/1263/1263
f 1263/1263/1263 1238/1238/1238 1236/1236/1236
f 1265/1265/1265 1264/1264/1264 1263/1263/1263
f 1263/1263/1263 1264/1264/1264 1238/1238/1238
f 1265/1265/1265 1268/1268/1268 1264/1264/1264
f 1266/1266/1266 1265/1265/1265 1262/1262/1262
f 1266/1266/1266 1269/1269/1269 1265/1265/1265
f 1269/1269/1269 1268/1268/1268 1265/1265/1265
f 1271/1271/1271 1270/1270/1270 1267/1267/1267
f 1271/1271/1271 1272/1272/1272 1270/1270/1270
f 1272/1272/1272 1274/1274/1274 1270/1270/1270
f 1269/1269/1269 1273/1273/1273 1268/1268/1268
f 1273/1273/1273 1275/1275/1275 1279/1279/1279
f 1280/1280/1280 1276/1276/1276 1274/1274/1274
f 1273/1273/1273 1279/1279/1279 1268/1268/1268
f 1272/1272/1272 1280/1280/1280 1274/1274/1274
f 1189/1189/1189 1280/1280/1280 1272/1272/1272
f 1192/1192/1192 1280/1280/1280 1189/1189/1189
f 1192/1192/1192 1281/1281/1281 1280/1280/1280
f 1280/1280/1280 1281/1281/1281 1276/1276/1276
f 1195/1195/1195 1281/1281/1281 1192/1192/1192
f 1281/1281/1281 1214/1214/1214 1276/1276/1276
f 1195/1195/1195 1207/1207/1207 1281/1281/1281
f 1281/1281/1281 1207/1207/1207 1214/1214/1214
f 1277/1277/1277 1217/1217/1217 1278/1278/1278
f 1278/1278/1278 1217/1217/1217 1219/1219/1219
f 1268/1268/1268 1279/1279/1279 1282/1282/1282
f 1278/1278/1278 1219/1219/1219 1283/1283/1283
f 1268/1268/1268 1282/1282/1282 1264/1264/1264
f 1264/1264/1264 1282/1282/1282 1242/1242/1242
f 1283/1283/1283 1225/1225/1225 1240/1240/1240
f 1283/1283/1283 1219/1219/1219 1225/1225/1225
f 1277/1277/1277 1213/1213/1213 1217/1217/1217
f 1186/1186/1186 1272/1272/1272 1271/1271/1271
f 1189/1189/1189 1272/1272/1272 1186/1186/1186
f 1267/1267/1267 1176/1176/1176 1271/1271/1271
f 1181/1181/1181 1271/1271/1271 1176/1176/1176
f 1186/1186/1186 1271/1271/1271 1181/1181/1181
f 1177/1177/1177 1176/1176/1176 1267/1267/1267
f 1262/1262/1262 1178/1178/1178 1266/1266/1266
f 1264/1264/1264 1242/1242/1242 1238/1238/1238
f 1262/1262/1262 1260/1260/1260 1178/1178/1178
f 1260/1260/1260 1171/1171/1171 1178/1178/1178
f 1260/1260/1260 1258/1258/1258 1171/1171/1171
f 1258/1258/1258 1257/1257/1257 1173/1173/1173
f 1258/1258/1258 1173/1173/1173 1171/1171/1171
f 1255/1255/1255 1284/1284/1284 1257/1257/1257
f 1257/1257/1257 1284/1284/1284 1285/1285/1285
f 1257/1257/1257 1285/1285/1285 1173/1173/1173
f 1287/1287/1287 1285/1285/1285 1284/1284/1284
f 1286/1286/1286 1288/1288/1288 1160/1160/1160
f 1286/1286/1286 1160/1160/1160 1162/1162/1162
f 1286/1286/1286 1165/1165/1165 1174/1174/1174
f 1286/1286/1286 1162/1162/1162 1165/1165/1165
f 1287/1287/1287 1284/1284/1284 1291/1291/1291
f 1290/1290/1290 1287/1287/1287 1291/1291/1291
f 1288/1288/1288 1289/1289/1289 1157/1157/1157
f 1288/1288/1288 1157/1157/1157 1160/1160/1160
f 1291/1291/1291 1292/1292/1292 1294/1294/1294
f 1291/1291/1291 1284/1284/1284 1292/1292/1292
f 1290/1290/1290 1291/1291/1291 1293/1293/1293
f 1293/1293/1293 1291/1291/1291 1294/1294/1294
f 1294/1294/1294 1296/1296/1296 1297/1297/1297
f 1294/1294/1294 1292/1292/1292 1296/1296/1296
f 1299/1299/1299 1294/1294/1294 1297/1297/1297
f 1293/1293/1293 1294/1294/1294 1299/1299/1299
f 1299/1299/1299 1297/1297/1297 1300/1300/1300
f 1302/1302/1302 1299/1299/1299 1300/1300/1300
f 1304/1304/1304 1299/1299/1299 1302/1302/1302
f 1304/1304/1304 1293/1293/1293 1299/1299/1299
f 1306/1306/1306 1305/1305/1305 1308/1308/1308
f 1306/1306/1306 1309/1309/1309 1305/1305/1305
f 1310/1310/1310 1293/1293/1293 1304/1304/1304
f 1308/1308/1308 1305/1305/1305 1303/1303/1303
f 1310/1310/1310 1290/1290/1290 1293/1293/1293
f 1289/1289/1289 1311/1311/1311 1154/1154/1154
f 1311/1311/1311 1150/1150/1150 1154/1154/1154
f 1311/1311/1311 1307/1307/1307 1150/1150/1150
f 1312/1312/1312 1306/1306/1306 1308/1308/1308
f 1312/1312/1312 1308/1308/1308 1315/1315/1315
f 1315/1315/1315 1308/1308/1308 1314/1314/1314
f 1308/1308/1308 1303/1303/1303 1314/1314/1314
f 1317/1317/1317 1315/1315/1315 1319/1319/1319
f 1317/1317/1317 1312/1312/1312 1315/1315/1315
f 1319/1319/1319 1315/1315/1315 1318/1318/1318
f 1315/1315/1315 1314/1314/1314 1318/1318/1318
f 1319/1319/1319 918/918/918 1317/1317/1317
f 1320/1320/1320 1321/1321/1321 1319/1319/1319
f 1319/1319/1319 1318/1318/1318 1320/1320/1320
f 1319/1319/1319 1321/1321/1321 918/918/918
f 1321/1321/1321 912/912/912 918/918/918
f 1322/1322/1322 1323/1323/1323 1321/1321/1321
f 1320/1320/1320 1322/1322/1322 1321/1321/1321
f 1321/1321/1321 1323/1323/1323 912/912/912
f 1326/1326/1326 1324/1324/1324 1323/1323/1323
f 1324/1324/1324 912/912/912 1323/1323/1323
f 1322/1322/1322 1325/1325/1325 1323/1323/1323
f 1326/1326/1326 1323/1323/1323 1325/1325/1325
f 1327/1327/1327 1324/1324/1324 1326/1326/1326
f 1329/1329/1329 1327/1327/1327 1326/1326/1326
f 1329/1329/1329 1326/1326/1326 1330/1330/1330
f 1330/1330/1330 1326/1326/1326 1325/1325/1325
f 1328/1328/1328 1331/1331/1331 1335/1335/1335
f 1330/1330/1330 1325/1325/1325 1334/1334/1334
f 1332/1332/1332 1331/1331/1331 1333/1333/1333
f 1332/1332/1332 1335/1335/1335 1331/1331/1331
f 1247/1247/1247 1335/1335/1335 1332/1332/1332
f 1247/1247/1247 1248/1248/1248 1335/1335/1335
f 1248/1248/1248 1337/1337/1337 1335/1335/1335
f 1335/1335/1335 1337/1337/1337 1338/1338/1338
f 1338/1338/1338 1350/1350/1350 1335/1335/1335
f 1341/1341/1341 1328/1328/1328 1335/1335/1335
f 1343/1343/1343 1341/1341/1341 1335/1335/1335
f 1344/1344/1344 1343/1343/1343 1335/1335/1335
f 1347/1347/1347 1344/1344/1344 1335/1335/1335
f 1350/1350/1350 1347/1347/1347 1335/1335/1335
f 1351/1351/1351 1348/1348/1348 1349/1349/1349
f 1352/1352/1352 1349/1349/1349 1339/1339/1339
f 1351/1351/1351 1349/1349/1349 1352/1352/1352
f 1354/1354/1354 1351/1351/1351 1352/1352/1352
f 1354/1354/1354 1352/1352/1352 1353/1353/1353
f 1353/1353/1353 1352/1352/1352 1355/1355/1355
f 1352/1352/1352 1339/1339/1339 1355/1355/1355
f 1357/1357/1357 1356/1356/1356 1355/1355/1355
f 1353/1353/1353 1355/1355/1355 1356/1356/1356
f 1336/1336/1336 1355/1355/1355 1339/1339/1339
f 1336/1336/1336 1357/1357/1357 1355/1355/1355
f 1357/1357/1357 1358/1358/1358 1356/1356/1356
f 1361/1361/1361 1358/1358/1358 1357/1357/1357
f 1360/1360/1360 1357/1357/1357 1336/1336/1336
f 1360/1360/1360 1361/1361/1361 1357/1357/1357
f 1361/1361/1361 1364/1364/1364 1358/1358/1358
f 1363/1363/1363 1361/1361/1361 1360/1360/1360
f 1363/1363/1363 1365/1365/1365 1361/1361/1361
f 1365/1365/1365 1364/1364/1364 1361/1361/1361
f 1366/1366/1366 1365/1365/1365 1363/1363/1363
f 1366/1366/1366 1368/1368/1368 1365/1365/1365
f 1368/1368/1368 1369/1369/1369 1365/1365/1365
f 1365/1365/1365 1369/1369/1369 1364/1364/1364
f 1368/1368/1368 1370/1370/1370 1369/1369/1369
f 1370/1370/1370 1371/1371/1371 1369/1369/1369
f 1369/1369/1369 1371/1371/1371 1374/1374/1374
f 1369/1369/1369 1374/1374/1374 1364/1364/1364
f 1375/1375/1375 1373/1373/1373 1378/1378/1378
f 1364/1364/1364 1374/1374/1374 1376/1376/1376
f 1373/1373/1373 1372/1372/1372 1377/1377/1377
f 1373/1373/1373 1377/1377/1377 1378/1378/1378
f 1381/1381/1381 1378/1378/1378 1377/1377/1377
f 1381/1381/1381 1379/1379/1379 1378/1378/1378
f 1379/1379/1379 1380/1380/1380 1378/1378/1378
f 1375/1375/1375 1378/1378/1378 1380/1380/1380
f 1382/1382/1382 1381/1381/1381 1377/1377/1377
f 1384/1384/1384 1381/1381/1381 1382/1382/1382
f 1383/1383/1383 1379/1379/1379 1381/1381/1381
f 1384/1384/1384 1383/1383/1383 1381/1381/1381
f 1386/1386/1386 1385/1385/1385 1384/1384/1384
f 1385/1385/1385 1383/1383/1383 1384/1384/1384
f 1387/1387/1387 1384/1384/1384 1382/1382/1382
f 1386/1386/1386 1384/1384/1384 1387/1387/1387
f 1388/1388/1388 1386/1386/1386 1387/1387/1387
f 1387/1387/1387 1382/1382/1382 1390/1390/1390
f 1388/1388/1388 1387/1387/1387 1389/1389/1389
f 1389/1389/1389 1387/1387/1387 1390/1390/1390
f 1390/1390/1390 1382/1382/1382 1393/1393/1393
f 1389/1389/1389 1390/1390/1390 1392/1392/1392
f 1390/1390/1390 1393/1393/1393 1391/1391/1391
f 1392/1392/1392 1390/1390/1390 1391/1391/1391
f 1372/1372/1372 1395/1395/1395 1393/1393/1393
f 1395/1395/1395 1391/1391/1391 1393/1393/1393
f 1382/1382/1382 1377/1377/1377 1393/1393/1393
f 1372/1372/1372 1393/1393/1393 1377/1377/1377
f 1394/1394/1394 1370/1370/1370 1398/1398/1398
f 1370/1370/1370 1394/1394/1394 1371/1371/1371
f 1394/1394/1394 1398/1398/1398 1396/1396/1396
f 1391/1391/1391 1395/1395/1395 1397/1397/1397
f 1398/1398/1398 1399/1399/1399 1400/1400/1400
f 1398/1398/1398 1401/1401/1401 1399/1399/1399
f 1370/1370/1370 1401/1401/1401 1398/1398/1398
f 1396/1396/1396 1398/1398/1398 1400/1400/1400
f 1370/1370/1370 1368/1368/1368 1401/1401/1401
f 1368/1368/1368 1403/1403/1403 1401/1401/1401
f 1401/1401/1401 1403/1403/1403 1405/1405/1405
f 1401/1401/1401 1405/1405/1405 1399/1399/1399
f 1367/1367/1367 1404/1404/1404 1402/1402/1402
f 1367/1367/1367 1407/1407/1407 1404/1404/1404
f 1399/1399/1399 1405/1405/1405 1406/1406/1406
f 1399/1399/1399 1406/1406/1406 1410/1410/1410
f 1367/1367/1367 1412/1412/1412 1407/1407/1407
f 1409/1409/1409 1408/1408/1408 1411/1411/1411
f 1367/1367/1367 1415/1415/1415 1412/1412/1412
f 1409/1409/1409 1411/1411/1411 1413/1413/1413
f 1413/1413/1413 1411/1411/1411 1414/1414/1414
f 1367/1367/1367 1418/1418/1418 1415/1415/1415
f 1413/1413/1413 1414/1414/1414 1416/1416/1416
f 1416/1416/1416 1414/1414/1414 1417/1417/1417
f 1367/1367/1367 1419/1419/1419 1418/1418/1418
f 1420/1420/1420 1421/1421/1421 1417/1417/1417
f 1416/1416/1416 1417/1417/1417 1421/1421/1421
f 1422/1422/1422 1421/1421/1421 1424/1424/1424
f 1422/1422/1422 1416/1416/1416 1421/1421/1421
f 1423/1423/1423 1424/1424/1424 1421/1421/1421
f 1420/1420/1420 1423/1423/1423 1421/1421/1421
f 1423/1423/1423 1425/1425/1425 1424/1424/1424
f 1425/1425/1425 1427/1427/1427 1424/1424/1424
f 1429/1429/1429 1424/1424/1424 1427/1427/1427
f 1429/1429/1429 1422/1422/1422 1424/1424/1424
f 1431/1431/1431 1422/1422/1422 1429/1429/1429
f 1432/1432/1432 1430/1430/1430 1428/1428/1428
f 1432/1432/1432 1428/1428/1428 1433/1433/1433
f 1433/1433/1433 1428/1428/1428 1426/1426/1426
f 1435/1435/1435 1432/1432/1432 1433/1433/1433
f 1433/1433/1433 1426/1426/1426 1434/1434/1434
f 1436/1436/1436 1433/1433/1433 1434/1434/1434
f 1436/1436/1436 1435/1435/1435 1433/1433/1433
f 1437/1437/1437 1435/1435/1435 1436/1436/1436
f 1439/1439/1439 1436/1436/1436 1434/1434/1434
f 1438/1438/1438 1437/1437/1437 1436/1436/1436
f 1438/1438/1438 1436/1436/1436 1439/1439/1439
f 1439/1439/1439 1434/1434/1434 1440/1440/1440
f 1442/1442/1442 1439/1439/1439 1440/1440/1440
f 1441/1441/1441 1438/1438/1438 1439/1439/1439
f 1441/1441/1441 1439/1439/1439 1442/1442/1442
f 1442/1442/1442 1440/1440/1440 1443/1443/1443
f 1441/1441/1441 1442/1442/1442 1205/1205/1205
f 1442/1442/1442 1443/1443/1443 1444/1444/1444
f 1442/1442/1442 1444/1444/1444 1205/1205/1205
f 1205/1205/1205 1444/1444/1444 1204/1204/1204
f 1208/1208/1208 1204/1204/1204 1444/1444/1444
f 1445/1445/1445 1444/1444/1444 1443/1443/1443
f 1208/1208/1208 1444/1444/1444 1445/1445/1445
f 1445/1445/1445 1443/1443/1443 1448/1448/1448
f 1450/1450/1450 1209/1209/1209 1446/1446/1446
f 1447/1447/1447 1446/1446/1446 1449/1449/1449
f 1447/1447/1447 1450/1450/1450 1446/1446/1446
f 1452/1452/1452 1450/1450/1450 1447/1447/1447
f 1451/1451/1451 1212/1212/1212 1450/1450/1450
f 1450/1450/1450 1212/1212/1212 1209/1209/1209
f 1452/1452/1452 1451/1451/1451 1450/1450/1450
f 1228/1228/1228 1451/1451/1451 1452/1452/1452
f 1452/1452/1452 1425/1425/1425 1423/1423/1423
f 1452/1452/1452 1447/1447/1447 1425/1425/1425
f 1228/1228/1228 1452/1452/1452 1423/1423/1423
f 1451/1451/1451 1216/1216/1216 1212/1212/1212
f 1234/1234/1234 1216/1216/1216 1451/1451/1451
f 1228/1228/1228 1234/1234/1234 1451/1451/1451
f 1447/1447/1447 1449/1449/1449 1453/1453/1453
f 1454/1454/1454 1448/1448/1448 1443/1443/1443
f 1447/1447/1447 1453/1453/1453 1425/1425/1425
f 1454/1454/1454 1443/1443/1443 1440/1440/1440
f 1426/1426/1426 1454/1454/1454 1440/1440/1440
f 1425/1425/1425 1453/1453/1453 1427/1427/1427
f 1455/1455/1455 1441/1441/1441 1201/1201/1201
f 1455/1455/1455 1438/1438/1438 1441/1441/1441
f 1441/1441/1441 1205/1205/1205 1201/1201/1201
f 1456/1456/1456 1455/1455/1455 1202/1202/1202
f 1456/1456/1456 1457/1457/1457 1455/1455/1455
f 1455/1455/1455 1457/1457/1457 1438/1438/1438
f 1455/1455/1455 1201/1201/1201 1202/1202/1202
f 1456/1456/1456 1459/1459/1459 1457/1457/1457
f 1457/1457/1457 1437/1437/1437 1438/1438/1438
f 1457/1457/1457 1458/1458/1458 1437/1437/1437
f 1459/1459/1459 1458/1458/1458 1457/1457/1457
f 1459/1459/1459 1461/1461/1461 1458/1458/1458
f 1459/1459/1459 1460/1460/1460 818/818/818
f 1461/1461/1461 1459/1459/1459 818/818/818
f 1459/1459/1459 1456/1456/1456 1460/1460/1460
f 822/822/822 1461/1461/1461 819/819/819
f 822/822/822 1462/1462/1462 1461/1461/1461
f 1461/1461/1461 1462/1462/1462 1463/1463/1463
f 1461/1461/1461 1463/1463/1463 1458/1458/1458
f 1461/1461/1461 818/818/818 819/819/819
f 1458/1458/1458 1463/1463/1463 1464/1464/1464
f 1463/1463/1463 1466/1466/1466 1464/1464/1464
f 1462/1462/1462 1465/1465/1465 1463/1463/1463
f 1463/1463/1463 1465/1465/1465 1466/1466/1466
f 1466/1466/1466 1467/1467/1467 1468/1468/1468
f 1465/1465/1465 1467/1467/1467 1466/1466/1466
f 1466/1466/1466 1468/1468/1468 1469/1469/1469
f 1464/1464/1464 1466/1466/1466 1469/1469/1469
f 1469/1469/1469 1470/1470/1470 1432/1432/1432
f 1469/1469/1469 1468/1468/1468 1470/1470/1470
f 1435/1435/1435 1469/1469/1469 1432/1432/1432
f 1464/1464/1464 1469/1469/1469 1435/1435/1435
f 1470/1470/1470 1471/1471/1471 1430/1430/1430
f 1474/1474/1474 1471/1471/1471 1470/1470/1470
f 1468/1468/1468 1474/1474/1474 1470/1470/1470
f 1470/1470/1470 1430/1430/1430 1432/1432/1432
f 1478/1478/1478 1475/1475/1475 1474/1474/1474
f 1475/1475/1475 1476/1476/1476 1474/1474/1474
f 1474/1474/1474 1476/1476/1476 1471/1471/1471
f 1468/1468/1468 1478/1478/1478 1474/1474/1474
f 1467/1467/1467 1479/1479/1479 1478/1478/1478
f 1479/1479/1479 1392/1392/1392 1478/1478/1478
f 1467/1467/1467 1478/1478/1478 1468/1468/1468
f 1478/1478/1478 1392/1392/1392 1475/1475/1475
f 1480/1480/1480 1479/1479/1479 1467/1467/1467
f 1480/1480/1480 1481/1481/1481 1479/1479/1479
f 1479/1479/1479 1389/1389/1389 1392/1392/1392
f 1481/1481/1481 1389/1389/1389 1479/1479/1479
f 1482/1482/1482 1481/1481/1481 1480/1480/1480
f 1482/1482/1482 1483/1483/1483 1481/1481/1481
f 1481/1481/1481 1388/1388/1388 1389/1389/1389
f 1483/1483/1483 1388/1388/1388 1481/1481/1481
f 1484/1484/1484 1483/1483/1483 1486/1486/1486
f 1484/1484/1484 1485/1485/1485 1483/1483/1483
f 1483/1483/1483 1485/1485/1485 1388/1388/1388
f 1486/1486/1486 1483/1483/1483 1482/1482/1482
f 1484/1484/1484 1486/1486/1486 1487/1487/1487
f 1486/1486/1486 1488/1488/1488 1487/1487/1487
f 1486/1486/1486 1489/1489/1489 1488/1488/1488
f 1486/1486/1486 1482/1482/1482 1489/1489/1489
f 1489/1489/1489 824/824/824 825/825/825
f 1489/1489/1489 1490/1490/1490 824/824/824
f 1489/1489/1489 1482/1482/1482 1490/1490/1490
f 1489/1489/1489 825/825/825 1488/1488/1488
f 824/824/824 1490/1490/1490 1462/1462/1462
f 1490/1490/1490 1480/1480/1480 1465/1465/1465
f 1490/1490/1490 1482/1482/1482 1480/1480/1480
f 1462/1462/1462 1490/1490/1490 1465/1465/1465
f 1488/1488/1488 825/825/825 827/827/827
f 1488/1488/1488 827/827/827 833/833/833
f 1487/1487/1487 1488/1488/1488 833/833/833
f 1484/1484/1484 1487/1487/1487 1491/1491/1491
f 1487/1487/1487 833/833/833 835/835/835
f 1491/1491/1491 1487/1487/1487 835/835/835
f 1492/1492/1492 1491/1491/1491 1493/1493/1493
f 1492/1492/1492 1484/1484/1484 1491/1491/1491
f 1493/1493/1493 1491/1491/1491 837/837/837
f 1491/1491/1491 835/835/835 837/837/837
f 1493/1493/1493 837/837/837 839/839/839
f 839/839/839 1495/1495/1495 1493/1493/1493
f 1493/1493/1493 1494/1494/1494 1492/1492/1492
f 1493/1493/1493 1495/1495/1495 1494/1494/1494
f 839/839/839 841/841/841 1495/1495/1495
f 841/841/841 845/845/845 1495/1495/1495
f 1495/1495/1495 1496/1496/1496 1494/1494/1494
f 1495/1495/1495 845/845/845 1496/1496/1496
f 1497/1497/1497 1494/1494/1494 1496/1496/1496
f 1498/1498/1498 1497/1497/1497 1496/1496/1496
f 845/845/845 848/848/848 1496/1496/1496
f 1498/1498/1498 1496/1496/1496 848/848/848
f 1499/1499/1499 1498/1498/1498 848/848/848
f 1498/1498/1498 1499/1499/1499 1500/1500/1500
f 1498/1498/1498 1500/1500/1500 1501/1501/1501
f 1497/1497/1497 1498/1498/1498 1501/1501/1501
f 1497/1497/1497 1501/1501/1501 1504/1504/1504
f 1501/1501/1501 1500/1500/1500 1502/1502/1502
f 1501/1501/1501 1502/1502/1502 1503/1503/1503
f 1504/1504/1504 1501/1501/1501 1503/1503/1503
f 1505/1505/1505 1497/1497/1497 1504/1504/1504
f 1385/1385/1385 1504/1504/1504 1383/1383/1383
f 1505/1505/1505 1504/1504/1504 1385/1385/1385
f 1504/1504/1504 1503/1503/1503 1383/1383/1383
f 1506/1506/1506 1505/1505/1505 1385/1385/1385
f 1497/1497/1497 1505/1505/1505 1494/1494/1494
f 1505/1505/1505 1506/1506/1506 1492/1492/1492
f 1505/1505/1505 1492/1492/1492 1494/1494/1494
f 1492/1492/1492 1506/1506/1506 1485/1485/1485
f 1485/1485/1485 1506/1506/1506 1386/1386/1386
f 1506/1506/1506 1385/1385/1385 1386/1386/1386
f 1503/1503/1503 1502/1502/1502 1507/1507/1507
f 1503/1503/1503 1507/1507/1507 1379/1379/1379
f 1383/1383/1383 1503/1503/1503 1379/1379/1379
f 1507/1507/1507 1508/1508/1508 1380/1380/1380
f 1379/1379/1379 1507/1507/1507 1380/1380/1380
f 1502/1502/1502 1509/1509/1509 1507/1507/1507
f 1507/1507/1507 1509/1509/1509 1508/1508/1508
f 1502/1502/1502 1510/1510/1510 1509/1509/1509
f 1510/1510/1510 1512/1512/1512 1509/1509/1509
f 1509/1509/1509 1511/1511/1511 1508/1508/1508
f 1509/1509/1509 1512/1512/1512 1511/1511/1511
f 1513/1513/1513 1514/1514/1514 1512/1512/1512
f 1510/1510/1510 1513/1513/1513 1512/1512/1512
f 1512/1512/1512 1515/1515/1515 1511/1511/1511
f 1512/1512/1512 1514/1514/1514 1515/1515/1515
f 1517/1517/1517 1511/1511/1511 1515/1515/1515
f 1517/1517/1517 1515/1515/1515 1518/1518/1518
f 1518/1518/1518 1515/1515/1515 1520/1520/1520
f 1514/1514/1514 1520/1520/1520 1515/1515/1515
f 1518/1518/1518 1520/1520/1520 1521/1521/1521
f 1521/1521/1521 1520/1520/1520 1524/1524/1524
f 1525/1525/1525 1524/1524/1524 1520/1520/1520
f 1514/1514/1514 1525/1525/1525 1520/1520/1520
f 1526/1526/1526 903/903/903 1525/1525/1525
f 1527/1527/1527 1526/1526/1526 1525/1525/1525
f 1525/1525/1525 903/903/903 1524/1524/1524
f 1527/1527/1527 1525/1525/1525 1514/1514/1514
f 1513/1513/1513 1527/1527/1527 1514/1514/1514
f 1529/1529/1529 1527/1527/1527 1513/1513/1513
f 1528/1528/1528 1526/1526/1526 1527/1527/1527
f 1529/1529/1529 1528/1528/1528 1527/1527/1527
f 1530/1530/1530 1529/1529/1529 1532/1532/1532
f 1530/1530/1530 1531/1531/1531 1529/1529/1529
f 1531/1531/1531 1528/1528/1528 1529/1529/1529
f 1532/1532/1532 1529/1529/1529 1513/1513/1513
f 1499/1499/1499 1530/1530/1530 1532/1532/1532
f 1500/1500/1500 1532/1532/1532 1510/1510/1510
f 1499/1499/1499 1532/1532/1532 1500/1500/1500
f 1532/1532/1532 1513/1513/1513 1510/1510/1510
f 1530/1530/1530 854/854/854 1531/1531/1531
f 1531/1531/1531 854/854/854 878/878/878
f 1531/1531/1531 879/879/879 1528/1528/1528
f 1531/1531/1531 878/878/878 879/879/879
f 1530/1530/1530 1499/1499/1499 849/849/849
f 1530/1530/1530 849/849/849 852/852/852
f 1530/1530/1530 852/852/852 854/854/854
f 1528/1528/1528 881/881/881 1526/1526/1526
f 879/879/879 881/881/881 1528/1528/1528
f 1526/1526/1526 900/900/900 903/903/903
f 881/881/881 900/900/900 1526/1526/1526
f 1533/1533/1533 1524/1524/1524 902/902/902
f 1521/1521/1521 1524/1524/1524 1533/1533/1533
f 903/903/903 902/902/902 1524/1524/1524
f 1534/1534/1534 1535/1535/1535 1522/1522/1522
f 1534/1534/1534 1537/1537/1537 1535/1535/1535
f 909/909/909 1537/1537/1537 1534/1534/1534
f 1533/1533/1533 902/902/902 910/910/910
f 909/909/909 1538/1538/1538 1537/1537/1537
f 1538/1538/1538 1539/1539/1539 1537/1537/1537
f 1537/1537/1537 1539/1539/1539 1540/1540/1540
f 1537/1537/1537 1540/1540/1540 1535/1535/1535
f 1539/1539/1539 1346/1346/1346 1540/1540/1540
f 1536/1536/1536 1541/1541/1541 1351/1351/1351
f 1541/1541/1541 1348/1348/1348 1351/1351/1351
f 1541/1541/1541 1345/1345/1345 1348/1348/1348
f 1538/1538/1538 1542/1542/1542 1539/1539/1539
f 1542/1542/1542 1342/1342/1342 1539/1539/1539
f 1539/1539/1539 1342/1342/1342 1346/1346/1346
f 1543/1543/1543 1327/1327/1327 1542/1542/1542
f 1327/1327/1327 1340/1340/1340 1542/1542/1542
f 1543/1543/1543 1542/1542/1542 1538/1538/1538
f 1542/1542/1542 1340/1340/1340 1342/1342/1342
f 1327/1327/1327 1543/1543/1543 1324/1324/1324
f 1543/1543/1543 906/906/906 1324/1324/1324
f 1543/1543/1543 907/907/907 906/906/906
f 907/907/907 1543/1543/1543 1538/1538/1538
f 907/907/907 1538/1538/1538 909/909/909
f 1536/1536/1536 1351/1351/1351 1354/1354/1354
f 1523/1523/1523 1536/1536/1536 1354/1354/1354
f 1523/1523/1523 1354/1354/1354 1519/1519/1519
f 1519/1519/1519 1353/1353/1353 1516/1516/1516
f 1519/1519/1519 1354/1354/1354 1353/1353/1353
f 1544/1544/1544 1511/1511/1511 1517/1517/1517
f 1516/1516/1516 1353/1353/1353 1356/1356/1356
f 1516/1516/1516 1356/1356/1356 1545/1545/1545
f 1358/1358/1358 1545/1545/1545 1356/1356/1356
f 1358/1358/1358 1376/1376/1376 1545/1545/1545
f 1544/1544/1544 1375/1375/1375 1380/1380/1380
f 1544/1544/1544 1380/1380/1380 1508/1508/1508
f 1544/1544/1544 1508/1508/1508 1511/1511/1511
f 1500/1500/1500 1510/1510/1510 1502/1502/1502
f 1499/1499/1499 848/848/848 849/849/849
f 1492/1492/1492 1485/1485/1485 1484/1484/1484
f 1485/1485/1485 1386/1386/1386 1388/1388/1388
f 1465/1465/1465 1480/1480/1480 1467/1467/1467
f 1396/1396/1396 1400/1400/1400 1477/1477/1477
f 1475/1475/1475 1397/1397/1397 1476/1476/1476
f 1477/1477/1477 1547/1547/1547 1472/1472/1472
f 1477/1477/1477 1400/1400/1400 1547/1547/1547
f 1473/1473/1473 1546/1546/1546 1548/1548/1548
f 1400/1400/1400 1410/1410/1410 1547/1547/1547
f 1546/1546/1546 1409/1409/1409 1413/1413/1413
f 1546/1546/1546 1413/1413/1413 1548/1548/1548
f 1473/1473/1473 1548/1548/1548 1431/1431/1431
f 1431/1431/1431 1548/1548/1548 1422/1422/1422
f 1548/1548/1548 1416/1416/1416 1422/1422/1422
f 1548/1548/1548 1413/1413/1413 1416/1416/1416
f 1391/1391/1391 1397/1397/1397 1475/1475/1475
f 1392/1392/1392 1391/1391/1391 1475/1475/1475
f 1437/1437/1437 1464/1464/1464 1435/1435/1435
f 1458/1458/1458 1464/1464/1464 1437/1437/1437
f 824/824/824 1462/1462/1462 822/822/822
f 1549/1549/1549 1460/1460/1460 1456/1456/1456
f 813/813/813 1460/1460/1460 812/812/812
f 813/813/813 818/818/818 1460/1460/1460
f 1549/1549/1549 812/812/812 1460/1460/1460
f 1456/1456/1456 1202/1202/1202 1549/1549/1549
f 1550/1550/1550 812/812/812 1549/1549/1549
f 1549/1549/1549 1198/1198/1198 1550/1550/1550
f 1549/1549/1549 1202/1202/1202 1198/1198/1198
f 809/809/809 1550/1550/1550 1551/1551/1551
f 809/809/809 810/810/810 1550/1550/1550
f 1550/1550/1550 810/810/810 812/812/812
f 1550/1550/1550 1196/1196/1196 1551/1551/1551
f 1550/1550/1550 1198/1198/1198 1196/1196/1196
f 1552/1552/1552 809/809/809 1551/1551/1551
f 1551/1551/1551 1193/1193/1193 1553/1553/1553
f 1551/1551/1551 1196/1196/1196 1193/1193/1193
f 1552/1552/1552 1551/1551/1551 1553/1553/1553
f 1554/1554/1554 1552/1552/1552 1553/1553/1553
f 1553/1553/1553 1190/1190/1190 1555/1555/1555
f 1553/1553/1553 1193/1193/1193 1190/1190/1190
f 1554/1554/1554 1553/1553/1553 1555/1555/1555
f 1556/1556/1556 1554/1554/1554 1555/1555/1555
f 1555/1555/1555 1187/1187/1187 1557/1557/1557
f 1555/1555/1555 1190/1190/1190 1187/1187/1187
f 1556/1556/1556 1555/1555/1555 1557/1557/1557
f 1558/1558/1558 1557/1557/1557 1559/1559/1559
f 1558/1558/1558 1556/1556/1556 1557/1557/1557
f 1557/1557/1557 1183/1183/1183 1559/1559/1559
f 1557/1557/1557 1187/1187/1187 1183/1183/1183
f 1559/1559/1559 1184/1184/1184 1560/1560/1560
f 1561/1561/1561 1559/1559/1559 1560/1560/1560
f 1559/1559/1559 1183/1183/1183 1184/1184/1184
f 1561/1561/1561 1558/1558/1558 1559/1559/1559
f 1562/1562/1562 1561/1561/1561 1560/1560/1560
f 1562/1562/1562 1563/1563/1563 1561/1561/1561
f 1565/1565/1565 1561/1561/1561 1563/1563/1563
f 1561/1561/1561 1564/1564/1564 1558/1558/1558
f 1561/1561/1561 1565/1565/1565 1564/1564/1564
f 1565/1565/1565 1567/1567/1567 1564/1564/1564
f 1566/1566/1566 1565/1565/1565 1568/1568/1568
f 1565/1565/1565 1566/1566/1566 1567/1567/1567
f 1565/1565/1565 1563/1563/1563 1568/1568/1568
f 1566/1566/1566 1568/1568/1568 1569/1569/1569
f 1569/1569/1569 1568/1568/1568 1571/1571/1571
f 1568/1568/1568 1563/1563/1563 1570/1570/1570
f 1568/1568/1568 1570/1570/1570 1571/1571/1571
f 1574/1574/1574 1571/1571/1571 1572/1572/1572
f 1571/1571/1571 1573/1573/1573 1572/1572/1572
f 1571/1571/1571 1570/1570/1570 1573/1573/1573
f 1569/1569/1569 1571/1571/1571 1574/1574/1574
f 1575/1575/1575 1574/1574/1574 1576/1576/1576
f 1575/1575/1575 1569/1569/1569 1574/1574/1574
f 1576/1576/1576 1574/1574/1574 1577/1577/1577
f 1574/1574/1574 1572/1572/1572 1577/1577/1577
f 1576/1576/1576 1577/1577/1577 1130/1130/1130
f 1130/1130/1130 1577/1577/1577 1131/1131/1131
f 1577/1577/1577 1578/1578/1578 1131/1131/1131
f 1577/1577/1577 1572/1572/1572 1578/1578/1578
f 1572/1572/1572 1580/1580/1580 1578/1578/1578
f 1578/1578/1578 1579/1579/1579 1133/1133/1133
f 1131/1131/1131 1578/1578/1578 1133/1133/1133
f 1578/1578/1578 1580/1580/1580 1579/1579/1579
f 1581/1581/1581 1580/1580/1580 1582/1582/1582
f 1581/1581/1581 1579/1579/1579 1580/1580/1580
f 1582/1582/1582 1580/1580/1580 1573/1573/1573
f 1572/1572/1572 1573/1573/1573 1580/1580/1580
f 1582/1582/1582 1585/1585/1585 1581/1581/1581
f 1582/1582/1582 1573/1573/1573 1583/1583/1583
f 1583/1583/1583 1584/1584/1584 1582/1582/1582
f 1582/1582/1582 1584/1584/1584 1585/1585/1585
f 1585/1585/1585 1156/1156/1156 1586/1586/1586
f 1581/1581/1581 1585/1585/1585 1586/1586/1586
f 1584/1584/1584 1159/1159/1159 1585/1585/1585
f 1585/1585/1585 1159/1159/1159 1156/1156/1156
f 1581/1581/1581 1586/1586/1586 1588/1588/1588
f 1586/1586/1586 1156/1156/1156 1153/1153/1153
f 1586/1586/1586 1153/1153/1153 1587/1587/1587
f 1588/1588/1588 1586/1586/1586 1587/1587/1587
f 1581/1581/1581 1588/1588/1588 1589/1589/1589
f 1588/1588/1588 1587/1587/1587 1144/1144/1144
f 1588/1588/1588 1590/1590/1590 1589/1589/1589
f 1588/1588/1588 1144/1144/1144 1590/1590/1590
f 1590/1590/1590 1134/1134/1134 1589/1589/1589
f 1144/1144/1144 1140/1140/1140 1590/1590/1590
f 1140/1140/1140 1136/1136/1136 1590/1590/1590
f 1590/1590/1590 1136/1136/1136 1134/1134/1134
f 1581/1581/1581 1589/1589/1589 1579/1579/1579
f 1589/1589/1589 1133/1133/1133 1579/1579/1579
f 1589/1589/1589 1134/1134/1134 1133/1133/1133
f 1144/1144/1144 1587/1587/1587 1145/1145/1145
f 1587/1587/1587 1153/1153/1153 1148/1148/1148
f 1587/1587/1587 1148/1148/1148 1145/1145/1145
f 1591/1591/1591 1163/1163/1163 1584/1584/1584
f 1583/1583/1583 1591/1591/1591 1584/1584/1584
f 1584/1584/1584 1163/1163/1163 1159/1159/1159
f 1593/1593/1593 1592/1592/1592 1591/1591/1591
f 1592/1592/1592 1166/1166/1166 1591/1591/1591
f 1591/1591/1591 1166/1166/1166 1163/1163/1163
f 1593/1593/1593 1591/1591/1591 1583/1583/1583
f 1583/1583/1583 1570/1570/1570 1593/1593/1593
f 1562/1562/1562 1592/1592/1592 1593/1593/1593
f 1593/1593/1593 1563/1563/1563 1562/1562/1562
f 1593/1593/1593 1570/1570/1570 1563/1563/1563
f 1594/1594/1594 1168/1168/1168 1592/1592/1592
f 1562/1562/1562 1594/1594/1594 1592/1592/1592
f 1592/1592/1592 1168/1168/1168 1166/1166/1166
f 1560/1560/1560 1594/1594/1594 1562/1562/1562
f 1560/1560/1560 1184/1184/1184 1594/1594/1594
f 1184/1184/1184 1180/1180/1180 1594/1594/1594
f 1594/1594/1594 1180/1180/1180 1168/1168/1168
f 1583/1583/1583 1573/1573/1573 1570/1570/1570
f 786/786/786 1575/1575/1575 1576/1576/1576
f 784/784/784 1576/1576/1576 1130/1130/1130
f 786/786/786 1576/1576/1576 784/784/784
f 1595/1595/1595 1569/1569/1569 1575/1575/1575
f 785/785/785 1595/1595/1595 1575/1575/1575
f 785/785/785 1575/1575/1575 786/786/786
f 1595/1595/1595 783/783/783 1596/1596/1596
f 1595/1595/1595 785/785/785 783/783/783
f 1595/1595/1595 1566/1566/1566 1569/1569/1569
f 1566/1566/1566 1595/1595/1595 1596/1596/1596
f 1596/1596/1596 783/783/783 789/789/789
f 1566/1566/1566 1596/1596/1596 1567/1567/1567
f 1567/1567/1567 1596/1596/1596 794/794/794
f 1596/1596/1596 789/789/789 794/794/794
f 1564/1564/1564 1567/1567/1567 793/793/793
f 1567/1567/1567 794/794/794 793/793/793
f 1564/1564/1564 793/793/793 796/796/796
f 1558/1558/1558 1564/1564/1564 796/796/796
f 1558/1558/1558 796/796/796 1556/1556/1556
f 1556/1556/1556 797/797/797 1554/1554/1554
f 1556/1556/1556 796/796/796 797/797/797
f 1554/1554/1554 799/799/799 1552/1552/1552
f 1554/1554/1554 797/797/797 799/799/799
f 1552/1552/1552 806/806/806 809/809/809
f 1552/1552/1552 799/799/799 806/806/806
f 1426/1426/1426 1440/1440/1440 1434/1434/1434
f 1228/1228/1228 1423/1423/1423 1420/1420/1420
f 1419/1419/1419 1367/1367/1367 1244/1244/1244
f 1227/1227/1227 1419/1419/1419 1244/1244/1244
f 1400/1400/1400 1399/1399/1399 1410/1410/1410
f 1368/1368/1368 1366/1366/1366 1403/1403/1403
f 1364/1364/1364 1376/1376/1376 1358/1358/1358
f 1244/1244/1244 1367/1367/1367 1362/1362/1362
f 1244/1244/1244 1362/1362/1362 1245/1245/1245
f 1245/1245/1245 1362/1362/1362 1359/1359/1359
f 1245/1245/1245 1359/1359/1359 1248/1248/1248
f 1248/1248/1248 1359/1359/1359 1337/1337/1337
f 1327/1327/1327 1329/1329/1329 1340/1340/1340
f 1332/1332/1332 1333/1333/1333 1597/1597/1597
f 1598/1598/1598 1334/1334/1334 1325/1325/1325
f 1332/1332/1332 1597/1597/1597 1250/1250/1250
f 1599/1599/1599 1250/1250/1250 1597/1597/1597
f 1600/1600/1600 1598/1598/1598 1322/1322/1322
f 1598/1598/1598 1325/1325/1325 1322/1322/1322
f 1601/1601/1601 1250/1250/1250 1599/1599/1599
f 1320/1320/1320 1602/1602/1602 1600/1600/1600
f 1600/1600/1600 1322/1322/1322 1320/1320/1320
f 1604/1604/1604 1250/1250/1250 1601/1601/1601
f 1318/1318/1318 1603/1603/1603 1602/1602/1602
f 1320/1320/1320 1318/1318/1318 1602/1602/1602
f 1318/1318/1318 1314/1314/1314 1603/1603/1603
f 1314/1314/1314 1607/1607/1607 1603/1603/1603
f 1605/1605/1605 1250/1250/1250 1604/1604/1604
f 1301/1301/1301 1250/1250/1250 1605/1605/1605
f 1302/1302/1302 1300/1300/1300 1606/1606/1606
f 1314/1314/1314 1303/1303/1303 1607/1607/1607
f 1247/1247/1247 1332/1332/1332 1250/1250/1250
f 1324/1324/1324 906/906/906 912/912/912
f 1313/1313/1313 1316/1316/1316 919/919/919
f 917/917/917 919/919/919 1316/1316/1316
f 1307/1307/1307 1313/1313/1313 1151/1151/1151
f 1313/1313/1313 919/919/919 1151/1151/1151
f 1307/1307/1307 1151/1151/1151 1150/1150/1150
f 1298/1298/1298 1250/1250/1250 1301/1301/1301
f 1295/1295/1295 1250/1250/1250 1298/1298/1298
f 1250/1250/1250 1295/1295/1295 1252/1252/1252
f 1251/1251/1251 1296/1296/1296 1292/1292/1292
f 1255/1255/1255 1292/1292/1292 1284/1284/1284
f 1251/1251/1251 1292/1292/1292 1255/1255/1255
f 1289/1289/1289 1154/1154/1154 1157/1157/1157
f 1234/1234/1234 1221/1221/1221 1216/1216/1216
f 1199/1199/1199 1207/1207/1207 1195/1195/1195
f 1180/1180/1180 1169/1169/1169 1168/1168/1168
f 922/922/922 1151/1151/1151 919/919/919
f 1142/1142/1142 924/924/924 933/933/933
f 1142/1142/1142 933/933/933 934/934/934
f 784/784/784 1130/1130/1130 1126/1126/1126
f 779/779/779 784/784/784 1126/1126/1126
f 779/779/779 1112/1112/1112 1109/1109/1109
f 779/779/779 1109/1109/1109 1608/1608/1608
f 1106/1106/1106 1608/1608/1608 1109/1109/1109
f 779/779/779 1608/1608/1608 780/780/780
f 1609/1609/1609 1608/1608/1608 1106/1106/1106
f 1609/1609/1609 780/780/780 1608/1608/1608
f 1103/1103/1103 1609/1609/1609 1106/1106/1106
f 1610/1610/1610 1609/1609/1609 1103/1103/1103
f 1611/1611/1611 780/780/780 1609/1609/1609
f 1610/1610/1610 1611/1611/1611 1609/1609/1609
f 1612/1612/1612 778/778/778 1611/1611/1611
f 1613/1613/1613 1612/1612/1612 1611/1611/1611
f 1611/1611/1611 778/778/778 780/780/780
f 1613/1613/1613 1611/1611/1611 1610/1610/1610
f 1614/1614/1614 1613/1613/1613 1610/1610/1610
f 1616/1616/1616 1613/1613/1613 1614/1614/1614
f 1615/1615/1615 1612/1612/1612 1613/1613/1613
f 1616/1616/1616 1615/1615/1615 1613/1613/1613
f 1616/1616/1616 1618/1618/1618 1617/1617/1617
f 1615/1615/1615 1616/1616/1616 1617/1617/1617
f 1616/1616/1616 1619/1619/1619 1618/1618/1618
f 1619/1619/1619 1616/1616/1616 1614/1614/1614
f 1619/1619/1619 1097/1097/1097 1620/1620/1620
f 1097/1097/1097 1619/1619/1619 1098/1098/1098
f 1619/1619/1619 1620/1620/1620 1618/1618/1618
f 1619/1619/1619 1614/1614/1614 1098/1098/1098
f 1624/1624/1624 1618/1618/1618 1620/1620/1620
f 1621/1621/1621 1620/1620/1620 1622/1622/1622
f 1624/1624/1624 1620/1620/1620 1621/1621/1621
f 1097/1097/1097 1622/1622/1622 1620/1620/1620
f 1621/1621/1621 1625/1625/1625 1624/1624/1624
f 1624/1624/1624 1625/1625/1625 1626/1626/1626
f 1627/1627/1627 1618/1618/1618 1624/1624/1624
f 1624/1624/1624 1626/1626/1626 1627/1627/1627
f 1627/1627/1627 1626/1626/1626 1628/1628/1628
f 1627/1627/1627 1617/1617/1617 1618/1618/1618
f 1629/1629/1629 1617/1617/1617 1627/1627/1627
f 1627/1627/1627 1628/1628/1628 1629/1629/1629
f 1629/1629/1629 1628/1628/1628 1632/1632/1632
f 1629/1629/1629 1630/1630/1630 1617/1617/1617
f 1631/1631/1631 1630/1630/1630 1629/1629/1629
f 1629/1629/1629 1632/1632/1632 1631/1631/1631
f 1632/1632/1632 1634/1634/1634 1633/1633/1633
f 1631/1631/1631 1632/1632/1632 1633/1633/1633
f 1632/1632/1632 1635/1635/1635 1634/1634/1634
f 1628/1628/1628 1635/1635/1635 1632/1632/1632
f 1628/1628/1628 1637/1637/1637 1635/1635/1635
f 1635/1635/1635 1636/1636/1636 1634/1634/1634
f 1635/1635/1635 1638/1638/1638 1636/1636/1636
f 1637/1637/1637 1638/1638/1638 1635/1635/1635
f 1638/1638/1638 1639/1639/1639 1636/1636/1636
f 1638/1638/1638 1641/1641/1641 1639/1639/1639
f 1640/1640/1640 1641/1641/1641 1638/1638/1638
f 1637/1637/1637 1640/1640/1640 1638/1638/1638
f 1641/1641/1641 1642/1642/1642 1639/1639/1639
f 1641/1641/1641 1643/1643/1643 1642/1642/1642
f 1640/1640/1640 1644/1644/1644 1641/1641/1641
f 1644/1644/1644 1643/1643/1643 1641/1641/1641
f 1645/1645/1645 1644/1644/1644 1640/1640/1640
f 1645/1645/1645 1646/1646/1646 1644/1644/1644
f 1646/1646/1646 1647/1647/1647 1644/1644/1644
f 1644/1644/1644 1647/1647/1647 1643/1643/1643
f 1648/1648/1648 1649/1649/1649 1647/1647/1647
f 1646/1646/1646 1648/1648/1648 1647/1647/1647
f 1647/1647/1647 1649/1649/1649 1650/1650/1650
f 1647/1647/1647 1650/1650/1650 1643/1643/1643
f 1643/1643/1643 1650/1650/1650 1642/1642/1642
f 1651/1651/1651 1650/1650/1650 1649/1649/1649
f 1652/1652/1652 1650/1650/1650 1651/1651/1651
f 1652/1652/1652 1642/1642/1642 1650/1650/1650
f 768/768/768 1642/1642/1642 1652/1652/1652
f 768/768/768 1652/1652/1652 1654/1654/1654
f 1653/1653/1653 1652/1652/1652 1651/1651/1651
f 1654/1654/1654 1652/1652/1652 1653/1653/1653
f 768/768/768 1654/1654/1654 1655/1655/1655
f 1654/1654/1654 861/861/861 1655/1655/1655
f 1654/1654/1654 1656/1656/1656 861/861/861
f 1654/1654/1654 1653/1653/1653 1656/1656/1656
f 1656/1656/1656 860/860/860 861/861/861
f 1656/1656/1656 866/866/866 860/860/860
f 1657/1657/1657 1656/1656/1656 1659/1659/1659
f 1657/1657/1657 1658/1658/1658 1656/1656/1656
f 1656/1656/1656 1658/1658/1658 866/866/866
f 1653/1653/1653 1659/1659/1659 1656/1656/1656
f 1660/1660/1660 1659/1659/1659 1653/1653/1653
f 1660/1660/1660 1661/1661/1661 1659/1659/1659
f 1661/1661/1661 1657/1657/1657 1659/1659/1659
f 1662/1662/1662 1661/1661/1661 1660/1660/1660
f 1662/1662/1662 1663/1663/1663 1661/1661/1661
f 1663/1663/1663 1664/1664/1664 1661/1661/1661
f 1661/1661/1661 1664/1664/1664 1657/1657/1657
f 1665/1665/1665 1666/1666/1666 1664/1664/1664
f 1663/1663/1663 1665/1665/1665 1664/1664/1664
f 1664/1664/1664 1667/1667/1667 1657/1657/1657
f 1664/1664/1664 1666/1666/1666 1667/1667/1667
f 1658/1658/1658 1667/1667/1667 1668/1668/1668
f 1658/1658/1658 1657/1657/1657 1667/1667/1667
f 1668/1668/1668 1667/1667/1667 1669/1669/1669
f 1666/1666/1666 1669/1669/1669 1667/1667/1667
f 1666/1666/1666 1670/1670/1670 1669/1669/1669
f 1670/1670/1670 972/972/972 1669/1669/1669
f 958/958/958 1669/1669/1669 972/972/972
f 1668/1668/1668 1669/1669/1669 958/958/958
f 1672/1672/1672 972/972/972 1670/1670/1670
f 1671/1671/1671 1670/1670/1670 1666/1666/1666
f 1671/1671/1671 1672/1672/1672 1670/1670/1670
f 1674/1674/1674 1672/1672/1672 1671/1671/1671
f 1672/1672/1672 971/971/971 972/972/972
f 1673/1673/1673 971/971/971 1672/1672/1672
f 1674/1674/1674 1673/1673/1673 1672/1672/1672
f 1675/1675/1675 1674/1674/1674 1676/1676/1676
f 1675/1675/1675 1677/1677/1677 1674/1674/1674
f 1676/1676/1676 1674/1674/1674 1671/1671/1671
f 1677/1677/1677 1673/1673/1673 1674/1674/1674
f 1680/1680/1680 1677/1677/1677 1675/1675/1675
f 1678/1678/1678 1679/1679/1679 1677/1677/1677
f 1680/1680/1680 1678/1678/1678 1677/1677/1677
f 1677/1677/1677 1679/1679/1679 1673/1673/1673
f 1681/1681/1681 1678/1678/1678 1680/1680/1680
f 1684/1684/1684 1681/1681/1681 1680/1680/1680
f 1683/1683/1683 1680/1680/1680 1675/1675/1675
f 1684/1684/1684 1680/1680/1680 1683/1683/1683
f 1686/1686/1686 1684/1684/1684 1683/1683/1683
f 1687/1687/1687 1688/1688/1688 1685/1685/1685
f 1685/1685/1685 1688/1688/1688 1689/1689/1689
f 1685/1685/1685 1689/1689/1689 1682/1682/1682
f 1690/1690/1690 1689/1689/1689 1688/1688/1688
f 1690/1690/1690 999/999/999 1689/1689/1689
f 999/999/999 995/995/995 1689/1689/1689
f 1682/1682/1682 1689/1689/1689 995/995/995
f 1692/1692/1692 1690/1690/1690 1688/1688/1688
f 1003/1003/1003 999/999/999 1690/1690/1690
f 1691/1691/1691 1003/1003/1003 1690/1690/1690
f 1691/1691/1691 1690/1690/1690 1692/1692/1692
f 1692/1692/1692 1688/1688/1688 1693/1693/1693
f 1695/1695/1695 1692/1692/1692 1693/1693/1693
f 1694/1694/1694 1691/1691/1691 1692/1692/1692
f 1694/1694/1694 1692/1692/1692 1695/1695/1695
f 1698/1698/1698 1695/1695/1695 1696/1696/1696
f 1695/1695/1695 1693/1693/1693 1696/1696/1696
f 1697/1697/1697 1694/1694/1694 1695/1695/1695
f 1697/1697/1697 1695/1695/1695 1698/1698/1698
f 1698/1698/1698 1696/1696/1696 1701/1701/1701
f 1699/1699/1699 1698/1698/1698 1700/1700/1700
f 1699/1699/1699 1697/1697/1697 1698/1698/1698
f 1700/1700/1700 1698/1698/1698 1701/1701/1701
f 1705/1705/1705 1701/1701/1701 1696/1696/1696
f 1705/1705/1705 1703/1703/1703 1701/1701/1701
f 1703/1703/1703 1704/1704/1704 1701/1701/1701
f 1700/1700/1700 1701/1701/1701 1704/1704/1704
f 1705/1705/1705 1696/1696/1696 1693/1693/1693
f 1705/1705/1705 1693/1693/1693 1687/1687/1687
f 1706/1706/1706 1686/1686/1686 1707/1707/1707
f 1708/1708/1708 1702/1702/1702 1706/1706/1706
f 1706/1706/1706 1707/1707/1707 1708/1708/1708
f 1708/1708/1708 1707/1707/1707 1710/1710/1710
f 1711/1711/1711 1709/1709/1709 1708/1708/1708
f 1708/1708/1708 1709/1709/1709 1702/1702/1702
f 1708/1708/1708 1710/1710/1710 1711/1711/1711
f 1711/1711/1711 1710/1710/1710 1712/1712/1712
f 1711/1711/1711 1714/1714/1714 1709/1709/1709
f 1711/1711/1711 1712/1712/1712 1713/1713/1713
f 1713/1713/1713 1714/1714/1714 1711/1711/1711
f 1713/1713/1713 1715/1715/1715 1714/1714/1714
f 1715/1715/1715 1717/1717/1717 1714/1714/1714
f 1714/1714/1714 1716/1716/1716 1709/1709/1709
f 1714/1714/1714 1717/1717/1717 1716/1716/1716
f 1718/1718/1718 1717/1717/1717 1719/1719/1719
f 1718/1718/1718 1716/1716/1716 1717/1717/1717
f 1719/1719/1719 1717/1717/1717 1720/1720/1720
f 1715/1715/1715 1720/1720/1720 1717/1717/1717
f 1719/1719/1719 1720/1720/1720 1648/1648/1648
f 1648/1648/1648 1720/1720/1720 1649/1649/1649
f 1721/1721/1721 1720/1720/1720 1715/1715/1715
f 1721/1721/1721 1649/1649/1649 1720/1720/1720
f 1651/1651/1651 1649/1649/1649 1721/1721/1721
f 1723/1723/1723 1721/1721/1721 1722/1722/1722
f 1722/1722/1722 1721/1721/1721 1715/1715/1715
f 1723/1723/1723 1651/1651/1651 1721/1721/1721
f 1653/1653/1653 1651/1651/1651 1723/1723/1723
f 1723/1723/1723 1660/1660/1660 1653/1653/1653
f 1722/1722/1722 1660/1660/1660 1723/1723/1723
f 1722/1722/1722 1662/1662/1662 1660/1660/1660
f 1713/1713/1713 1662/1662/1662 1722/1722/1722
f 1722/1722/1722 1715/1715/1715 1713/1713/1713
f 1724/1724/1724 1718/1718/1718 1719/1719/1719
f 1725/1725/1725 1719/1719/1719 1648/1648/1648
f 1724/1724/1724 1719/1719/1719 1725/1725/1725
f 1726/1726/1726 1725/1725/1725 1646/1646/1646
f 1727/1727/1727 1725/1725/1725 1726/1726/1726
f 1727/1727/1727 1724/1724/1724 1725/1725/1725
f 1725/1725/1725 1648/1648/1648 1646/1646/1646
f 1728/1728/1728 1727/1727/1727 1726/1726/1726
f 1732/1732/1732 1727/1727/1727 1728/1728/1728
f 1729/1729/1729 1724/1724/1724 1727/1727/1727
f 1732/1732/1732 1729/1729/1729 1727/1727/1727
f 1733/1733/1733 1732/1732/1732 1728/1728/1728
f 1736/1736/1736 1731/1731/1731 1734/1734/1734
f 1735/1735/1735 1730/1730/1730 1731/1731/1731
f 1735/1735/1735 1731/1731/1731 1736/1736/1736
f 1738/1738/1738 1737/1737/1737 1736/1736/1736
f 1737/1737/1737 1735/1735/1735 1736/1736/1736
f 1738/1738/1738 1736/1736/1736 1739/1739/1739
f 1736/1736/1736 1734/1734/1734 1739/1739/1739
f 1740/1740/1740 1739/1739/1739 1743/1743/1743
f 1740/1740/1740 1738/1738/1738 1739/1739/1739
f 1739/1739/1739 1734/1734/1734 1741/1741/1741
f 1739/1739/1739 1741/1741/1741 1743/1743/1743
f 1741/1741/1741 1744/1744/1744 1743/1743/1743
f 1743/1743/1743 1745/1745/1745 1740/1740/1740
f 1743/1743/1743 1744/1744/1744 1745/1745/1745
f 1746/1746/1746 1745/1745/1745 1744/1744/1744
f 1746/1746/1746 1747/1747/1747 1745/1745/1745
f 1747/1747/1747 1748/1748/1748 1745/1745/1745
f 1740/1740/1740 1745/1745/1745 1748/1748/1748
f 1749/1749/1749 1748/1748/1748 1751/1751/1751
f 1740/1740/1740 1748/1748/1748 1749/1749/1749
f 1750/1750/1750 1751/1751/1751 1748/1748/1748
f 1747/1747/1747 1750/1750/1750 1748/1748/1748
f 1752/1752/1752 1751/1751/1751 1754/1754/1754
f 1749/1749/1749 1751/1751/1751 1752/1752/1752
f 1753/1753/1753 1754/1754/1754 1751/1751/1751
f 1750/1750/1750 1753/1753/1753 1751/1751/1751
f 1752/1752/1752 1754/1754/1754 1758/1758/1758
f 1755/1755/1755 1756/1756/1756 1754/1754/1754
f 1753/1753/1753 1755/1755/1755 1754/1754/1754
f 1758/1758/1758 1754/1754/1754 1756/1756/1756
f 1758/1758/1758 1759/1759/1759 1760/1760/1760
f 1762/1762/1762 1759/1759/1759 1758/1758/1758
f 1758/1758/1758 1760/1760/1760 1752/1752/1752
f 1758/1758/1758 1756/1756/1756 1762/1762/1762
f 1762/1762/1762 1763/1763/1763 1759/1759/1759
f 1765/1765/1765 1764/1764/1764 1761/1761/1761
f 1761/1761/1761 1766/1766/1766 1765/1765/1765
f 1761/1761/1761 1757/1757/1757 1766/1766/1766
f 1770/1770/1770 1766/1766/1766 1757/1757/1757
f 1768/1768/1768 1765/1765/1765 1766/1766/1766
f 1768/1768/1768 1766/1766/1766 1767/1767/1767
f 1770/1770/1770 1767/1767/1767 1766/1766/1766
f 1769/1769/1769 1773/1773/1773 1771/1771/1771
f 1767/1767/1767 1770/1770/1770 1772/1772/1772
f 1769/1769/1769 1755/1755/1755 1773/1773/1773
f 1755/1755/1755 1769/1769/1769 1756/1756/1756
f 1771/1771/1771 1773/1773/1773 1775/1775/1775
f 1755/1755/1755 1774/1774/1774 1773/1773/1773
f 1773/1773/1773 1774/1774/1774 1776/1776/1776
f 1773/1773/1773 1776/1776/1776 1775/1775/1775
f 1776/1776/1776 1777/1777/1777 1779/1779/1779
f 1776/1776/1776 1778/1778/1778 1777/1777/1777
f 1775/1775/1775 1776/1776/1776 1779/1779/1779
f 1774/1774/1774 1778/1778/1778 1776/1776/1776
f 1779/1779/1779 1781/1781/1781 1780/1780/1780
f 1782/1782/1782 1779/1779/1779 1780/1780/1780
f 1779/1779/1779 1777/1777/1777 1781/1781/1781
f 1775/1775/1775 1779/1779/1779 1782/1782/1782
f 1782/1782/1782 1780/1780/1780 1783/1783/1783
f 1785/1785/1785 1782/1782/1782 1783/1783/1783
f 1786/1786/1786 1782/1782/1782 1785/1785/1785
f 1786/1786/1786 1775/1775/1775 1782/1782/1782
f 1789/1789/1789 1787/1787/1787 1788/1788/1788
f 1788/1788/1788 1787/1787/1787 1784/1784/1784
f 1789/1789/1789 1772/1772/1772 1787/1787/1787
f 1771/1771/1771 1775/1775/1775 1786/1786/1786
f 1767/1767/1767 1772/1772/1772 1789/1789/1789
f 1791/1791/1791 1767/1767/1767 1789/1789/1789
f 1791/1791/1791 1789/1789/1789 1790/1790/1790
f 1790/1790/1790 1789/1789/1789 1788/1788/1788
f 1792/1792/1792 1768/1768/1768 1791/1791/1791
f 1768/1768/1768 1767/1767/1767 1791/1791/1791
f 1793/1793/1793 1791/1791/1791 1790/1790/1790
f 1792/1792/1792 1791/1791/1791 1793/1793/1793
f 1793/1793/1793 1790/1790/1790 1794/1794/1794
f 1794/1794/1794 1798/1798/1798 1793/1793/1793
f 1793/1793/1793 1795/1795/1795 1792/1792/1792
f 1793/1793/1793 1798/1798/1798 1795/1795/1795
f 1799/1799/1799 1802/1802/1802 1797/1797/1797
f 1794/1794/1794 1800/1800/1800 1798/1798/1798
f 1797/1797/1797 1801/1801/1801 1796/1796/1796
f 1797/1797/1797 1802/1802/1802 1801/1801/1801
f 1799/1799/1799 1804/1804/1804 1802/1802/1802
f 1802/1802/1802 1803/1803/1803 1805/1805/1805
f 1804/1804/1804 1803/1803/1803 1802/1802/1802
f 1802/1802/1802 1805/1805/1805 1801/1801/1801
f 1024/1024/1024 1805/1805/1805 1026/1026/1026
f 1806/1806/1806 1805/1805/1805 1024/1024/1024
f 1806/1806/1806 1801/1801/1801 1805/1805/1805
f 1803/1803/1803 1026/1026/1026 1805/1805/1805
f 1807/1807/1807 1806/1806/1806 1021/1021/1021
f 1807/1807/1807 1810/1810/1810 1806/1806/1806
f 1021/1021/1021 1806/1806/1806 1024/1024/1024
f 1810/1810/1810 1801/1801/1801 1806/1806/1806
f 1812/1812/1812 1809/1809/1809 1808/1808/1808
f 1811/1811/1811 1795/1795/1795 1809/1809/1809
f 1812/1812/1812 1811/1811/1811 1809/1809/1809
f 1810/1810/1810 1796/1796/1796 1801/1801/1801
f 1812/1812/1812 1813/1813/1813 1814/1814/1814
f 1813/1813/1813 1812/1812/1812 1808/1808/1808
f 1812/1812/1812 1814/1814/1814 1815/1815/1815
f 1811/1811/1811 1812/1812/1812 1815/1815/1815
f 1815/1815/1815 1816/1816/1816 1818/1818/1818
f 1815/1815/1815 1814/1814/1814 1816/1816/1816
f 1811/1811/1811 1815/1815/1815 1817/1817/1817
f 1817/1817/1817 1815/1815/1815 1818/1818/1818
f 1818/1818/1818 1816/1816/1816 1820/1820/1820
f 1818/1818/1818 1820/1820/1820 1764/1764/1764
f 1817/1817/1817 1818/1818/1818 1765/1765/1765
f 1765/1765/1765 1818/1818/1818 1764/1764/1764
f 1816/1816/1816 1822/1822/1822 1820/1820/1820
f 1763/1763/1763 1819/1819/1819 1821/1821/1821
f 1819/1819/1819 1824/1824/1824 1821/1821/1821
f 1819/1819/1819 1823/1823/1823 1824/1824/1824
f 1824/1824/1824 1825/1825/1825 1826/1826/1826
f 1824/1824/1824 1827/1827/1827 1825/1825/1825
f 1823/1823/1823 1827/1827/1827 1824/1824/1824
f 1821/1821/1821 1824/1824/1824 1826/1826/1826
f 1827/1827/1827 1828/1828/1828 1825/1825/1825
f 1827/1827/1827 1831/1831/1831 1828/1828/1828
f 1823/1823/1823 1830/1830/1830 1827/1827/1827
f 1830/1830/1830 1831/1831/1831 1827/1827/1827
f 1830/1830/1830 1833/1833/1833 1831/1831/1831
f 1833/1833/1833 1834/1834/1834 1831/1831/1831
f 1831/1831/1831 1834/1834/1834 1835/1835/1835
f 1831/1831/1831 1835/1835/1835 1828/1828/1828
f 1834/1834/1834 1836/1836/1836 1835/1835/1835
f 1835/1835/1835 1836/1836/1836 1697/1697/1697
f 1835/1835/1835 1697/1697/1697 1699/1699/1699
f 1828/1828/1828 1835/1835/1835 1699/1699/1699
f 1836/1836/1836 1837/1837/1837 1694/1694/1694
f 1838/1838/1838 1837/1837/1837 1836/1836/1836
f 1834/1834/1834 1838/1838/1838 1836/1836/1836
f 1836/1836/1836 1694/1694/1694 1697/1697/1697
f 1838/1838/1838 1843/1843/1843 1837/1837/1837
f 1841/1841/1841 1840/1840/1840 1838/1838/1838
f 1840/1840/1840 1843/1843/1843 1838/1838/1838
f 1841/1841/1841 1838/1838/1838 1834/1834/1834
f 1840/1840/1840 1845/1845/1845 1843/1843/1843
f 1845/1845/1845 1010/1010/1010 1843/1843/1843
f 1843/1843/1843 1010/1010/1010 1846/1846/1846
f 1843/1843/1843 1846/1846/1846 1837/1837/1837
f 1010/1010/1010 1002/1002/1002 1846/1846/1846
f 1837/1837/1837 1846/1846/1846 1691/1691/1691
f 1846/1846/1846 1003/1003/1003 1691/1691/1691
f 1846/1846/1846 1002/1002/1002 1003/1003/1003
f 1848/1848/1848 1847/1847/1847 1844/1844/1844
f 1847/1847/1847 1009/1009/1009 1844/1844/1844
f 1848/1848/1848 1844/1844/1844 1839/1839/1839
f 1845/1845/1845 1008/1008/1008 1010/1010/1010
f 1013/1013/1013 1848/1848/1848 1849/1849/1849
f 1849/1849/1849 1848/1848/1848 1850/1850/1850
f 1013/1013/1013 1847/1847/1847 1848/1848/1848
f 1850/1850/1850 1848/1848/1848 1839/1839/1839
f 1849/1849/1849 1850/1850/1850 1851/1851/1851
f 1850/1850/1850 1839/1839/1839 1842/1842/1842
f 1851/1851/1851 1850/1850/1850 1842/1842/1842
f 1853/1853/1853 1849/1849/1849 1851/1851/1851
f 1851/1851/1851 1842/1842/1842 1832/1832/1832
f 1852/1852/1852 1851/1851/1851 1832/1832/1832
f 1853/1853/1853 1851/1851/1851 1852/1852/1852
f 1014/1014/1014 1849/1849/1849 1853/1853/1853
f 1017/1017/1017 1853/1853/1853 1854/1854/1854
f 1017/1017/1017 1014/1014/1014 1853/1853/1853
f 1854/1854/1854 1853/1853/1853 1852/1852/1852
f 1813/1813/1813 1854/1854/1854 1814/1814/1814
f 1813/1813/1813 1017/1017/1017 1854/1854/1854
f 1814/1814/1814 1854/1854/1854 1855/1855/1855
f 1854/1854/1854 1852/1852/1852 1855/1855/1855
f 1814/1814/1814 1855/1855/1855 1816/1816/1816
f 1816/1816/1816 1855/1855/1855 1822/1822/1822
f 1855/1855/1855 1829/1829/1829 1822/1822/1822
f 1855/1855/1855 1852/1852/1852 1829/1829/1829
f 1852/1852/1852 1832/1832/1832 1829/1829/1829
f 1014/1014/1014 1013/1013/1013 1849/1849/1849
f 1847/1847/1847 1013/1013/1013 1009/1009/1009
f 1833/1833/1833 1841/1841/1841 1834/1834/1834
f 1837/1837/1837 1691/1691/1691 1694/1694/1694
f 1828/1828/1828 1699/1699/1699 1856/1856/1856
f 1825/1825/1825 1828/1828/1828 1856/1856/1856
f 1856/1856/1856 1699/1699/1699 1700/1700/1700
f 1856/1856/1856 1700/1700/1700 1857/1857/1857
f 1858/1858/1858 1856/1856/1856 1857/1857/1857
f 1825/1825/1825 1856/1856/1856 1858/1858/1858
f 1826/1826/1826 1825/1825/1825 1858/1858/1858
f 1860/1860/1860 1858/1858/1858 1859/1859/1859
f 1858/1858/1858 1857/1857/1857 1859/1859/1859
f 1826/1826/1826 1858/1858/1858 1860/1860/1860
f 1860/1860/1860 1859/1859/1859 1861/1861/1861
f 1862/1862/1862 1826/1826/1826 1860/1860/1860
f 1863/1863/1863 1860/1860/1860 1861/1861/1861
f 1862/1862/1862 1860/1860/1860 1863/1863/1863
f 1863/1863/1863 1861/1861/1861 1737/1737/1737
f 1760/1760/1760 1862/1862/1862 1863/1863/1863
f 1864/1864/1864 1863/1863/1863 1737/1737/1737
f 1760/1760/1760 1863/1863/1863 1864/1864/1864
f 1752/1752/1752 1760/1760/1760 1864/1864/1864
f 1752/1752/1752 1864/1864/1864 1749/1749/1749
f 1749/1749/1749 1864/1864/1864 1738/1738/1738
f 1864/1864/1864 1737/1737/1737 1738/1738/1738
f 1759/1759/1759 1821/1821/1821 1862/1862/1862
f 1821/1821/1821 1826/1826/1826 1862/1862/1862
f 1759/1759/1759 1862/1862/1862 1760/1760/1760
f 1737/1737/1737 1861/1861/1861 1735/1735/1735
f 1861/1861/1861 1859/1859/1859 1865/1865/1865
f 1861/1861/1861 1865/1865/1865 1735/1735/1735
f 1868/1868/1868 1867/1867/1867 1865/1865/1865
f 1865/1865/1865 1867/1867/1867 1730/1730/1730
f 1865/1865/1865 1730/1730/1730 1735/1735/1735
f 1859/1859/1859 1868/1868/1868 1865/1865/1865
f 1868/1868/1868 1869/1869/1869 1867/1867/1867
f 1704/1704/1704 1869/1869/1869 1868/1868/1868
f 1857/1857/1857 1704/1704/1704 1868/1868/1868
f 1859/1859/1859 1857/1857/1857 1868/1868/1868
f 1870/1870/1870 1871/1871/1871 1716/1716/1716
f 1704/1704/1704 1872/1872/1872 1869/1869/1869
f 1866/1866/1866 1870/1870/1870 1718/1718/1718
f 1870/1870/1870 1716/1716/1716 1718/1718/1718
f 1709/1709/1709 1871/1871/1871 1702/1702/1702
f 1703/1703/1703 1872/1872/1872 1704/1704/1704
f 1709/1709/1709 1716/1716/1716 1871/1871/1871
f 1729/1729/1729 1866/1866/1866 1724/1724/1724
f 1866/1866/1866 1718/1718/1718 1724/1724/1724
f 1857/1857/1857 1700/1700/1700 1704/1704/1704
f 1763/1763/1763 1821/1821/1821 1759/1759/1759
f 1792/1792/1792 1817/1817/1817 1768/1768/1768
f 1792/1792/1792 1811/1811/1811 1817/1817/1817
f 1768/1768/1768 1817/1817/1817 1765/1765/1765
f 1813/1813/1813 1808/1808/1808 1018/1018/1018
f 1017/1017/1017 1813/1813/1813 1018/1018/1018
f 1811/1811/1811 1792/1792/1792 1795/1795/1795
f 1019/1019/1019 1807/1807/1807 1021/1021/1021
f 1875/1875/1875 1804/1804/1804 1799/1799/1799
f 1804/1804/1804 1873/1873/1873 1803/1803/1803
f 1876/1876/1876 1873/1873/1873 1804/1804/1804
f 1875/1875/1875 1876/1876/1876 1804/1804/1804
f 1877/1877/1877 1876/1876/1876 1875/1875/1875
f 1877/1877/1877 1880/1880/1880 1876/1876/1876
f 1876/1876/1876 1879/1879/1879 1873/1873/1873
f 1880/1880/1880 1879/1879/1879 1876/1876/1876
f 1881/1881/1881 1882/1882/1882 1880/1880/1880
f 1884/1884/1884 1881/1881/1881 1880/1880/1880
f 1884/1884/1884 1880/1880/1880 1877/1877/1877
f 1880/1880/1880 1882/1882/1882 1879/1879/1879
f 1885/1885/1885 1881/1881/1881 1884/1884/1884
f 1887/1887/1887 1886/1886/1886 1883/1883/1883
f 1887/1887/1887 1883/1883/1883 1888/1888/1888
f 1888/1888/1888 1883/1883/1883 1878/1878/1878
f 1888/1888/1888 1889/1889/1889 1887/1887/1887
f 1888/1888/1888 1890/1890/1890 1889/1889/1889
f 1891/1891/1891 1890/1890/1890 1888/1888/1888
f 1888/1888/1888 1878/1878/1878 1891/1891/1891
f 1891/1891/1891 1878/1878/1878 1874/1874/1874
f 1891/1891/1891 1893/1893/1893 1890/1890/1890
f 1891/1891/1891 1874/1874/1874 1892/1892/1892
f 1892/1892/1892 1893/1893/1893 1891/1891/1891
f 1892/1892/1892 1896/1896/1896 1893/1893/1893
f 1896/1896/1896 1894/1894/1894 1893/1893/1893
f 1893/1893/1893 1894/1894/1894 1895/1895/1895
f 1893/1893/1893 1895/1895/1895 1890/1890/1890
f 1794/1794/1794 1790/1790/1790 1896/1896/1896
f 1790/1790/1790 1788/1788/1788 1896/1896/1896
f 1794/1794/1794 1896/1896/1896 1892/1892/1892
f 1896/1896/1896 1788/1788/1788 1894/1894/1894
f 1895/1895/1895 1897/1897/1897 1901/1901/1901
f 1895/1895/1895 1900/1900/1900 1897/1897/1897
f 1894/1894/1894 1900/1900/1900 1895/1895/1895
f 1890/1890/1890 1895/1895/1895 1901/1901/1901
f 1890/1890/1890 1901/1901/1901 1889/1889/1889
f 1889/1889/1889 1901/1901/1901 1902/1902/1902
f 1901/1901/1901 1903/1903/1903 1902/1902/1902
f 1901/1901/1901 1897/1897/1897 1903/1903/1903
f 1898/1898/1898 1905/1905/1905 1904/1904/1904
f 1904/1904/1904 1905/1905/1905 1908/1908/1908
f 1902/1902/1902 1903/1903/1903 1906/1906/1906
f 1904/1904/1904 1908/1908/1908 1907/1907/1907
f 1908/1908/1908 1909/1909/1909 1911/1911/1911
f 1908/1908/1908 1910/1910/1910 1909/1909/1909
f 1907/1907/1907 1908/1908/1908 1911/1911/1911
f 1905/1905/1905 1910/1910/1910 1908/1908/1908
f 1907/1907/1907 1911/1911/1911 1912/1912/1912
f 1912/1912/1912 1911/1911/1911 1914/1914/1914
f 1911/1911/1911 1915/1915/1915 1914/1914/1914
f 1911/1911/1911 1909/1909/1909 1915/1915/1915
f 1909/1909/1909 1917/1917/1917 1915/1915/1915
f 1915/1915/1915 1916/1916/1916 1918/1918/1918
f 1915/1915/1915 1917/1917/1917 1916/1916/1916
f 1914/1914/1914 1915/1915/1915 1918/1918/1918
f 1881/1881/1881 1918/1918/1918 1882/1882/1882
f 1914/1914/1914 1918/1918/1918 1881/1881/1881
f 1918/1918/1918 1916/1916/1916 1036/1036/1036
f 1918/1918/1918 1036/1036/1036 1882/1882/1882
f 1909/1909/1909 1919/1919/1919 1917/1917/1917
f 1919/1919/1919 1920/1920/1920 1917/1917/1917
f 1917/1917/1917 1920/1920/1920 1921/1921/1921
f 1917/1917/1917 1921/1921/1921 1916/1916/1916
f 1916/1916/1916 1921/1921/1921 1037/1037/1037
f 1921/1921/1921 1041/1041/1041 1037/1037/1037
f 1921/1921/1921 1922/1922/1922 1041/1041/1041
f 1920/1920/1920 1922/1922/1922 1921/1921/1921
f 1925/1925/1925 1924/1924/1924 1922/1922/1922
f 1924/1924/1924 1041/1041/1041 1922/1922/1922
f 1925/1925/1925 1922/1922/1922 1927/1927/1927
f 1920/1920/1920 1927/1927/1927 1922/1922/1922
f 1928/1928/1928 1927/1927/1927 1931/1931/1931
f 1928/1928/1928 1925/1925/1925 1927/1927/1927
f 1930/1930/1930 1927/1927/1927 1920/1920/1920
f 1930/1930/1930 1931/1931/1931 1927/1927/1927
f 1928/1928/1928 1931/1931/1931 1932/1932/1932
f 1933/1933/1933 1932/1932/1932 1931/1931/1931
f 1933/1933/1933 1931/1931/1931 1930/1930/1930
f 1934/1934/1934 1933/1933/1933 1935/1935/1935
f 1934/1934/1934 1936/1936/1936 1933/1933/1933
f 1935/1935/1935 1933/1933/1933 1930/1930/1930
f 1936/1936/1936 1932/1932/1932 1933/1933/1933
f 1937/1937/1937 1936/1936/1936 1934/1934/1934
f 1937/1937/1937 1938/1938/1938 1936/1936/1936
f 1938/1938/1938 1071/1071/1071 1936/1936/1936
f 1936/1936/1936 1071/1071/1071 1932/1932/1932
f 1781/1781/1781 1938/1938/1938 1937/1937/1937
f 1781/1781/1781 1939/1939/1939 1938/1938/1938
f 1939/1939/1939 1074/1074/1074 1938/1938/1938
f 1938/1938/1938 1074/1074/1074 1071/1071/1071
f 1777/1777/1777 1939/1939/1939 1781/1781/1781
f 1777/1777/1777 1940/1940/1940 1939/1939/1939
f 1940/1940/1940 1085/1085/1085 1939/1939/1939
f 1939/1939/1939 1085/1085/1085 1074/1074/1074
f 1778/1778/1778 1940/1940/1940 1777/1777/1777
f 1778/1778/1778 1941/1941/1941 1940/1940/1940
f 1941/1941/1941 1086/1086/1086 1940/1940/1940
f 1940/1940/1940 1086/1086/1086 1085/1085/1085
f 1943/1943/1943 1089/1089/1089 1941/1941/1941
f 1941/1941/1941 1089/1089/1089 1086/1086/1086
f 1942/1942/1942 1941/1941/1941 1778/1778/1778
f 1942/1942/1942 1943/1943/1943 1941/1941/1941
f 1943/1943/1943 1093/1093/1093 1089/1089/1089
f 1747/1747/1747 1093/1093/1093 1943/1943/1943
f 1750/1750/1750 1943/1943/1943 1942/1942/1942
f 1750/1750/1750 1747/1747/1747 1943/1943/1943
f 1753/1753/1753 1942/1942/1942 1774/1774/1774
f 1774/1774/1774 1942/1942/1942 1778/1778/1778
f 1753/1753/1753 1750/1750/1750 1942/1942/1942
f 1780/1780/1780 1937/1937/1937 1944/1944/1944
f 1944/1944/1944 1937/1937/1937 1934/1934/1934
f 1780/1780/1780 1781/1781/1781 1937/1937/1937
f 1944/1944/1944 1934/1934/1934 1945/1945/1945
f 1946/1946/1946 1944/1944/1944 1945/1945/1945
f 1783/1783/1783 1944/1944/1944 1946/1946/1946
f 1783/1783/1783 1780/1780/1780 1944/1944/1944
f 1899/1899/1899 1946/1946/1946 1898/1898/1898
f 1898/1898/1898 1946/1946/1946 1905/1905/1905
f 1899/1899/1899 1783/1783/1783 1946/1946/1946
f 1946/1946/1946 1945/1945/1945 1905/1905/1905
f 1945/1945/1945 1934/1934/1934 1935/1935/1935
f 1905/1905/1905 1945/1945/1945 1910/1910/1910
f 1945/1945/1945 1935/1935/1935 1910/1910/1910
f 1935/1935/1935 1930/1930/1930 1919/1919/1919
f 1910/1910/1910 1935/1935/1935 1919/1919/1919
f 1928/1928/1928 1932/1932/1932 1067/1067/1067
f 1067/1067/1067 1932/1932/1932 1071/1071/1071
f 1919/1919/1919 1930/1930/1930 1920/1920/1920
f 1929/1929/1929 1061/1061/1061 1926/1926/1926
f 1060/1060/1060 1929/1929/1929 1066/1066/1066
f 1929/1929/1929 1060/1060/1060 1061/1061/1061
f 1926/1926/1926 1947/1947/1947 1923/1923/1923
f 1926/1926/1926 1061/1061/1061 1947/1947/1947
f 1923/1923/1923 1947/1947/1947 1051/1051/1051
f 1947/1947/1947 1055/1055/1055 1052/1052/1052
f 1061/1061/1061 1055/1055/1055 1947/1947/1947
f 1947/1947/1947 1052/1052/1052 1051/1051/1051
f 1923/1923/1923 1051/1051/1051 1040/1040/1040
f 1924/1924/1924 1039/1039/1039 1041/1041/1041
f 1910/1910/1910 1919/1919/1919 1909/1909/1909
f 1916/1916/1916 1037/1037/1037 1036/1036/1036
f 1912/1912/1912 1914/1914/1914 1885/1885/1885
f 1885/1885/1885 1914/1914/1914 1881/1881/1881
f 1948/1948/1948 1913/1913/1913 1949/1949/1949
f 1948/1948/1948 1906/1906/1906 1913/1913/1913
f 1949/1949/1949 1913/1913/1913 1886/1886/1886
f 1887/1887/1887 1948/1948/1948 1949/1949/1949
f 1949/1949/1949 1886/1886/1886 1887/1887/1887
f 1887/1887/1887 1889/1889/1889 1948/1948/1948
f 1902/1902/1902 1906/1906/1906 1948/1948/1948
f 1889/1889/1889 1902/1902/1902 1948/1948/1948
f 1785/1785/1785 1783/1783/1783 1899/1899/1899
f 1894/1894/1894 1784/1784/1784 1900/1900/1900
f 1788/1788/1788 1784/1784/1784 1894/1894/1894
f 1892/1892/1892 1874/1874/1874 1800/1800/1800
f 1892/1892/1892 1800/1800/1800 1794/1794/1794
f 1882/1882/1882 1036/1036/1036 1034/1034/1034
f 1882/1882/1882 1034/1034/1034 1879/1879/1879
f 1879/1879/1879 1031/1031/1031 1873/1873/1873
f 1879/1879/1879 1034/1034/1034 1031/1031/1031
f 1873/1873/1873 1031/1031/1031 1028/1028/1028
f 1873/1873/1873 1028/1028/1028 1803/1803/1803
f 1803/1803/1803 1028/1028/1028 1026/1026/1026
f 1755/1755/1755 1753/1753/1753 1774/1774/1774
f 1749/1749/1749 1738/1738/1738 1740/1740/1740
f 1747/1747/1747 1746/1746/1746 1093/1093/1093
f 1094/1094/1094 1746/1746/1746 1744/1744/1744
f 1093/1093/1093 1746/1746/1746 1094/1094/1094
f 1094/1094/1094 1744/1744/1744 1623/1623/1623
f 1741/1741/1741 1623/1623/1623 1744/1744/1744
f 1742/1742/1742 1733/1733/1733 1950/1950/1950
f 1621/1621/1621 1622/1622/1622 1742/1742/1742
f 1742/1742/1742 1950/1950/1950 1621/1621/1621
f 1733/1733/1733 1728/1728/1728 1950/1950/1950
f 1621/1621/1621 1950/1950/1950 1625/1625/1625
f 1950/1950/1950 1951/1951/1951 1625/1625/1625
f 1950/1950/1950 1728/1728/1728 1951/1951/1951
f 1728/1728/1728 1726/1726/1726 1951/1951/1951
f 1951/1951/1951 1645/1645/1645 1952/1952/1952
f 1625/1625/1625 1951/1951/1951 1952/1952/1952
f 1951/1951/1951 1726/1726/1726 1645/1645/1645
f 1625/1625/1625 1952/1952/1952 1626/1626/1626
f 1952/1952/1952 1640/1640/1640 1637/1637/1637
f 1626/1626/1626 1952/1952/1952 1637/1637/1637
f 1952/1952/1952 1645/1645/1645 1640/1640/1640
f 1726/1726/1726 1646/1646/1646 1645/1645/1645
f 1713/1713/1713 1712/1712/1712 1662/1662/1662
f 1710/1710/1710 1953/1953/1953 1712/1712/1712
f 1712/1712/1712 1663/1663/1663 1662/1662/1662
f 1712/1712/1712 1953/1953/1953 1663/1663/1663
f 1954/1954/1954 1676/1676/1676 1953/1953/1953
f 1710/1710/1710 1954/1954/1954 1953/1953/1953
f 1953/1953/1953 1665/1665/1665 1663/1663/1663
f 1953/1953/1953 1676/1676/1676 1665/1665/1665
f 1707/1707/1707 1954/1954/1954 1710/1710/1710
f 1707/1707/1707 1683/1683/1683 1954/1954/1954
f 1683/1683/1683 1675/1675/1675 1954/1954/1954
f 1954/1954/1954 1675/1675/1675 1676/1676/1676
f 1686/1686/1686 1683/1683/1683 1707/1707/1707
f 1687/1687/1687 1693/1693/1693 1688/1688/1688
f 1682/1682/1682 995/995/995 997/997/997
f 1681/1681/1681 996/996/996 1678/1678/1678
f 985/985/985 978/978/978 1679/1679/1679
f 1678/1678/1678 985/985/985 1679/1679/1679
f 1679/1679/1679 974/974/974 1673/1673/1673
f 1679/1679/1679 978/978/978 974/974/974
f 996/996/996 985/985/985 1678/1678/1678
f 1676/1676/1676 1671/1671/1671 1665/1665/1665
f 1673/1673/1673 974/974/974 971/971/971
f 1665/1665/1665 1671/1671/1671 1666/1666/1666
f 866/866/866 1658/1658/1658 1668/1668/1668
f 866/866/866 1668/1668/1668 1955/1955/1955
f 1668/1668/1668 957/957/957 1955/1955/1955
f 1668/1668/1668 959/959/959 957/957/957
f 1668/1668/1668 958/958/958 959/959/959
f 866/866/866 1955/1955/1955 1958/1958/1958
f 1955/1955/1955 957/957/957 1956/1956/1956
f 1955/1955/1955 1956/1956/1956 1957/1957/1957
f 1958/1958/1958 1955/1955/1955 1957/1957/1957
f 1958/1958/1958 1960/1960/1960 866/866/866
f 1958/1958/1958 1957/1957/1957 1959/1959/1959
f 1959/1959/1959 1960/1960/1960 1958/1958/1958
f 1960/1960/1960 1962/1962/1962 866/866/866
f 1961/1961/1961 1962/1962/1962 1960/1960/1960
f 1959/1959/1959 1961/1961/1961 1960/1960/1960
f 1962/1962/1962 868/868/868 866/866/866
f 871/871/871 868/868/868 1962/1962/1962
f 1961/1961/1961 871/871/871 1962/1962/1962
f 1964/1964/1964 1961/1961/1961 1959/1959/1959
f 1963/1963/1963 871/871/871 1961/1961/1961
f 1964/1964/1964 1963/1963/1963 1961/1961/1961
f 1964/1964/1964 1965/1965/1965 1966/1966/1966
f 1959/1959/1959 1965/1965/1965 1964/1964/1964
f 1964/1964/1964 1966/1966/1966 1967/1967/1967
f 1967/1967/1967 1963/1963/1963 1964/1964/1964
f 1967/1967/1967 1969/1969/1969 887/887/887
f 887/887/887 1968/1968/1968 1967/1967/1967
f 1967/1967/1967 1966/1966/1966 1969/1969/1969
f 1967/1967/1967 1968/1968/1968 1963/1963/1963
f 931/931/931 1969/1969/1969 1970/1970/1970
f 931/931/931 890/890/890 1969/1969/1969
f 890/890/890 887/887/887 1969/1969/1969
f 1966/1966/1966 1970/1970/1970 1969/1969/1969
f 1972/1972/1972 1970/1970/1970 1971/1971/1971
f 1966/1966/1966 1971/1971/1971 1970/1970/1970
f 1972/1972/1972 930/930/930 1970/1970/1970
f 931/931/931 1970/1970/1970 930/930/930
f 1974/1974/1974 1972/1972/1972 1973/1973/1973
f 1973/1973/1973 1972/1972/1972 1971/1971/1971
f 935/935/935 930/930/930 1972/1972/1972
f 1974/1974/1974 935/935/935 1972/1972/1972
f 1975/1975/1975 1974/1974/1974 1973/1973/1973
f 1974/1974/1974 1976/1976/1976 937/937/937
f 935/935/935 1974/1974/1974 937/937/937
f 1974/1974/1974 1975/1975/1975 1976/1976/1976
f 1976/1976/1976 952/952/952 954/954/954
f 1975/1975/1975 952/952/952 1976/1976/1976
f 937/937/937 1976/1976/1976 940/940/940
f 1976/1976/1976 954/954/954 940/940/940
f 1975/1975/1975 1973/1973/1973 1977/1977/1977
f 951/951/951 1975/1975/1975 1977/1977/1977
f 1975/1975/1975 951/951/951 952/952/952
f 1977/1977/1977 1973/1973/1973 1978/1978/1978
f 951/951/951 1977/1977/1977 949/949/949
f 1977/1977/1977 1978/1978/1978 1956/1956/1956
f 949/949/949 1977/1977/1977 1956/1956/1956
f 1957/1957/1957 1978/1978/1978 1965/1965/1965
f 1957/1957/1957 1956/1956/1956 1978/1978/1978
f 1965/1965/1965 1978/1978/1978 1971/1971/1971
f 1973/1973/1973 1971/1971/1971 1978/1978/1978
f 1965/1965/1965 1971/1971/1971 1966/1966/1966
f 887/887/887 885/885/885 1968/1968/1968
f 885/885/885 873/873/873 1968/1968/1968
f 1968/1968/1968 870/870/870 1963/1963/1963
f 1968/1968/1968 873/873/873 870/870/870
f 1959/1959/1959 1957/1957/1957 1965/1965/1965
f 1963/1963/1963 870/870/870 871/871/871
f 949/949/949 1956/1956/1956 957/957/957
f 768/768/768 1655/1655/1655 769/769/769
f 1655/1655/1655 861/861/861 857/857/857
f 769/769/769 1655/1655/1655 1979/1979/1979
f 1655/1655/1655 857/857/857 1979/1979/1979
f 1979/1979/1979 857/857/857 851/851/851
f 1979/1979/1979 851/851/851 846/846/846
f 843/843/843 1979/1979/1979 846/846/846
f 769/769/769 1979/1979/1979 843/843/843
f 768/768/768 1639/1639/1639 1642/1642/1642
f 768/768/768 1636/1636/1636 1639/1639/1639
f 1626/1626/1626 1637/1637/1637 1628/1628/1628
f 767/767/767 1636/1636/1636 768/768/768
f 767/767/767 1634/1634/1634 1636/1636/1636
f 1633/1633/1633 1634/1634/1634 767/767/767
f 767/767/767 774/774/774 1633/1633/1633
f 1633/1633/1633 774/774/774 1980/1980/1980
f 1633/1633/1633 1980/1980/1980 1631/1631/1631
f 1981/1981/1981 1630/1630/1630 1980/1980/1980
f 777/777/777 1981/1981/1981 1980/1980/1980
f 1631/1631/1631 1980/1980/1980 1630/1630/1630
f 777/777/777 1980/1980/1980 774/774/774
f 1615/1615/1615 1981/1981/1981 1612/1612/1612
f 1981/1981/1981 777/777/777 1612/1612/1612
f 1981/1981/1981 1615/1615/1615 1630/1630/1630
f 1615/1615/1615 1617/1617/1617 1630/1630/1630
f 1097/1097/1097 1095/1095/1095 1622/1622/1622
f 1614/1614/1614 1610/1610/1610 1100/1100/1100
f 1098/1098/1098 1614/1614/1614 1100/1100/1100
f 1612/1612/1612 777/777/777 778/778/778
f 1100/1100/1100 1610/1610/1610 1103/1103/1103
f 1101/1101/1101 1104/1104/1104 1082/1082/1082
f 1081/1081/1081 1101/1101/1101 1082/1082/1082
f 1090/1090/1090 1101/1101/1101 1081/1081/1081
f 1074/1074/1074 1085/1085/1085 1076/1076/1076
f 1064/1064/1064 1068/1068/1068 1079/1079/1079
f 1058/1058/1058 962/962/962 965/965/965
f 1040/1040/1040 1051/1051/1051 1046/1046/1046
f 1049/1049/1049 967/967/967 969/969/969
f 1049/1049/1049 969/969/969 975/975/975
f 1044/1044/1044 1030/1030/1030 1033/1033/1033
f 1044/1044/1044 1983/1983/1983 1030/1030/1030
f 1045/1045/1045 981/981/981 1982/1982/1982
f 980/980/980 1982/1982/1982 981/981/981
f 980/980/980 988/988/988 1982/1982/1982
f 989/989/989 1030/1030/1030 1983/1983/1983
f 989/989/989 993/993/993 1030/1030/1030
f 1023/1023/1023 992/992/992 991/991/991
f 1000/1000/1000 1023/1023/1023 991/991/991
f 1006/1006/1006 1023/1023/1023 1000/1000/1000
f 996/996/996 984/984/984 985/985/985
f 961/961/961 948/948/948 950/950/950
f 940/940/940 954/954/954 944/944/944
f 933/933/933 924/924/924 925/925/925
f 933/933/933 925/925/925 928/928/928
f 890/890/890 931/931/931 892/892/892
f 881/881/881 882/882/882 900/900/900
f 885/885/885 875/875/875 873/873/873
f 878/878/878 854/854/854 855/855/855
f 878/878/878 855/855/855 876/876/876
f 876/876/876 858/858/858 863/863/863
f 876/876/876 855/855/855 858/858/858
f 760/760/760 769/769/769 843/843/843
f 815/815/815 807/807/807 803/803/803
f 799/799/799 800/800/800 806/806/806
f 775/775/775 804/804/804 788/788/788
f 772/772/772 804/804/804 775/775/775
f 794/794/794 789/789/789 782/782/782
f 1992/1992/1992 1986/1986/1986 1985/1985/1985
f 1986/1986/1986 1988/1988/1988 1985/1985/1985
f 1984/1984/1984 1987/1987/1987 1989/1989/1989
f 1991/1991/1991 1984/1984/1984 1989/1989/1989
f 1992/1992/1992 1985/1985/1985 1990/1990/1990
f 1993/1993/1993 1986/1986/1986 1992/1992/1992
f 1995/1995/1995 1992/1992/1992 1990/1990/1990
f 1994/1994/1994 1993/1993/1993 1992/1992/1992
f 1994/1994/1994 1992/1992/1992 1995/1995/1995
f 1996/1996/1996 1995/1995/1995 1997/1997/1997
f 1996/1996/1996 1994/1994/1994 1995/1995/1995
f 1997/1997/1997 1995/1995/1995 1998/1998/1998
f 1995/1995/1995 1990/1990/1990 1998/1998/1998
f 1999/1999/1999 1991/1991/1991 1989/1989/1989
f 2000/2000/2000 1999/1999/1999 1989/1989/1989
f 1997/1997/1997 1998/1998/1998 2001/2001/2001
f 2002/2002/2002 2000/2000/2000 1989/1989/1989
f 2004/2004/2004 2001/2001/2001 2003/2003/2003
f 2004/2004/2004 1997/1997/1997 2001/2001/2001
f 2005/2005/2005 2004/2004/2004 2006/2006/2006
f 2005/2005/2005 2007/2007/2007 2004/2004/2004
f 2006/2006/2006 2004/2004/2004 2003/2003/2003
f 2007/2007/2007 1997/1997/1997 2004/2004/2004
f 2007/2007/2007 1996/1996/1996 1997/1997/1997
f 2008/2008/2008 1996/1996/1996 2007/2007/2007
f 2009/2009/2009 2008/2008/2008 2007/2007/2007
f 2009/2009/2009 2007/2007/2007 2005/2005/2005
f 2011/2011/2011 2010/2010/2010 2009/2009/2009
f 2010/2010/2010 2008/2008/2008 2009/2009/2009
f 2012/2012/2012 2009/2009/2009 2005/2005/2005
f 2011/2011/2011 2009/2009/2009 2012/2012/2012
f 2012/2012/2012 2005/2005/2005 2013/2013/2013
f 2014/2014/2014 2011/2011/2011 2012/2012/2012
f 2015/2015/2015 2012/2012/2012 2013/2013/2013
f 2014/2014/2014 2012/2012/2012 2015/2015/2015
f 2017/2017/2017 2014/2014/2014 2015/2015/2015
f 2018/2018/2018 2015/2015/2015 2016/2016/2016
f 2015/2015/2015 2013/2013/2013 2016/2016/2016
f 2017/2017/2017 2015/2015/2015 2018/2018/2018
f 2018/2018/2018 2016/2016/2016 2019/2019/2019
f 2020/2020/2020 2017/2017/2017 2018/2018/2018
f 2021/2021/2021 2018/2018/2018 2019/2019/2019
f 2020/2020/2020 2018/2018/2018 2021/2021/2021
f 2023/2023/2023 2020/2020/2020 2021/2021/2021
f 2024/2024/2024 2021/2021/2021 2022/2022/2022
f 2021/2021/2021 2019/2019/2019 2022/2022/2022
f 2023/2023/2023 2021/2021/2021 2024/2024/2024
f 2024/2024/2024 2022/2022/2022 2025/2025/2025
f 2026/2026/2026 2023/2023/2023 2024/2024/2024
f 2027/2027/2027 2024/2024/2024 2025/2025/2025
f 2026/2026/2026 2024/2024/2024 2027/2027/2027
f 2029/2029/2029 2026/2026/2026 2027/2027/2027
f 2030/2030/2030 2027/2027/2027 2028/2028/2028
f 2027/2027/2027 2025/2025/2025 2028/2028/2028
f 2029/2029/2029 2027/2027/2027 2030/2030/2030
f 2030/2030/2030 2028/2028/2028 2033/2033/2033
f 2031/2031/2031 2029/2029/2029 2030/2030/2030
f 2031/2031/2031 2030/2030/2030 2032/2032/2032
f 2032/2032/2032 2030/2030/2030 2033/2033/2033
f 2033/2033/2033 2028/2028/2028 2034/2034/2034
f 2033/2033/2033 2034/2034/2034 2035/2035/2035
f 2036/2036/2036 2033/2033/2033 2035/2035/2035
f 2032/2032/2032 2033/2033/2033 2036/2036/2036
f 2036/2036/2036 2035/2035/2035 2037/2037/2037
f 2038/2038/2038 2032/2032/2032 2036/2036/2036
f 2039/2039/2039 2036/2036/2036 2037/2037/2037
f 2038/2038/2038 2036/2036/2036 2039/2039/2039
f 2039/2039/2039 2037/2037/2037 2040/2040/2040
f 2041/2041/2041 2038/2038/2038 2039/2039/2039
f 2042/2042/2042 2039/2039/2039 2040/2040/2040
f 2041/2041/2041 2039/2039/2039 2042/2042/2042
f 2042/2042/2042 2040/2040/2040 2043/2043/2043
f 2044/2044/2044 2041/2041/2041 2042/2042/2042
f 2045/2045/2045 2042/2042/2042 2043/2043/2043
f 2044/2044/2044 2042/2042/2042 2045/2045/2045
f 2045/2045/2045 2043/2043/2043 2046/2046/2046
f 2047/2047/2047 2044/2044/2044 2045/2045/2045
f 2048/2048/2048 2045/2045/2045 2046/2046/2046
f 2047/2047/2047 2045/2045/2045 2048/2048/2048
f 2048/2048/2048 2046/2046/2046 2049/2049/2049
f 2050/2050/2050 2047/2047/2047 2048/2048/2048
f 2051/2051/2051 2048/2048/2048 2049/2049/2049
f 2050/2050/2050 2048/2048/2048 2051/2051/2051
f 2051/2051/2051 2049/2049/2049 2052/2052/2052
f 2053/2053/2053 2050/2050/2050 2051/2051/2051
f 2054/2054/2054 2051/2051/2051 2052/2052/2052
f 2053/2053/2053 2051/2051/2051 2054/2054/2054
f 2054/2054/2054 2052/2052/2052 2055/2055/2055
f 2056/2056/2056 2053/2053/2053 2054/2054/2054
f 2057/2057/2057 2054/2054/2054 2055/2055/2055
f 2056/2056/2056 2054/2054/2054 2057/2057/2057
f 2057/2057/2057 2055/2055/2055 2058/2058/2058
f 2059/2059/2059 2056/2056/2056 2057/2057/2057
f 2060/2060/2060 2057/2057/2057 2058/2058/2058
f 2059/2059/2059 2057/2057/2057 2060/2060/2060
f 2060/2060/2060 2058/2058/2058 2061/2061/2061
f 2062/2062/2062 2059/2059/2059 2060/2060/2060
f 2063/2063/2063 2060/2060/2060 2061/2061/2061
f 2062/2062/2062 2060/2060/2060 2063/2063/2063
f 2063/2063/2063 2061/2061/2061 2064/2064/2064
f 2065/2065/2065 2062/2062/2062 2063/2063/2063
f 2066/2066/2066 2063/2063/2063 2064/2064/2064
f 2065/2065/2065 2063/2063/2063 2066/2066/2066
f 2066/2066/2066 2064/2064/2064 2068/2068/2068
f 2069/2069/2069 2065/2065/2065 2066/2066/2066
f 2067/2067/2067 2066/2066/2066 2068/2068/2068
f 2069/2069/2069 2066/2066/2066 2067/2067/2067
f 2070/2070/2070 2065/2065/2065 2069/2069/2069
f 2071/2071/2071 2070/2070/2070 2069/2069/2069
f 2072/2072/2072 2069/2069/2069 2067/2067/2067
f 2071/2071/2071 2069/2069/2069 2072/2072/2072
f 2074/2074/2074 2071/2071/2071 2072/2072/2072
f 2075/2075/2075 2072/2072/2072 2073/2073/2073
f 2072/2072/2072 2067/2067/2067 2073/2073/2073
f 2074/2074/2074 2072/2072/2072 2075/2075/2075
f 2076/2076/2076 2075/2075/2075 2077/2077/2077
f 2076/2076/2076 2074/2074/2074 2075/2075/2075
f 2075/2075/2075 2073/2073/2073 2078/2078/2078
f 2077/2077/2077 2075/2075/2075 2078/2078/2078
f 2078/2078/2078 2073/2073/2073 2079/2079/2079
f 2078/2078/2078 2079/2079/2079 2080/2080/2080
f 2081/2081/2081 2078/2078/2078 2080/2080/2080
f 2077/2077/2077 2078/2078/2078 2081/2081/2081
f 2081/2081/2081 2080/2080/2080 2082/2082/2082
f 2083/2083/2083 2077/2077/2077 2081/2081/2081
f 2084/2084/2084 2081/2081/2081 2082/2082/2082
f 2083/2083/2083 2081/2081/2081 2084/2084/2084
f 2086/2086/2086 2084/2084/2084 2087/2087/2087
f 2086/2086/2086 2083/2083/2083 2084/2084/2084
f 2084/2084/2084 2082/2082/2082 2089/2089/2089
f 2087/2087/2087 2084/2084/2084 2089/2089/2089
f 2089/2089/2089 2082/2082/2082 2091/2091/2091
f 2089/2089/2089 2091/2091/2091 2095/2095/2095
f 2087/2087/2087 2089/2089/2089 2093/2093/2093
f 2093/2093/2093 2089/2089/2089 2095/2095/2095
f 2094/2094/2094 2090/2090/2090 1989/1989/1989
f 2097/2097/2097 2094/2094/2094 1989/1989/1989
f 2093/2093/2093 2095/2095/2095 2096/2096/2096
f 2101/2101/2101 2097/2097/2097 1989/1989/1989
f 2099/2099/2099 2098/2098/2098 2100/2100/2100
f 2099/2099/2099 2092/2092/2092 2098/2098/2098
f 2102/2102/2102 2099/2099/2099 2100/2100/2100
f 2102/2102/2102 2100/2100/2100 1988/1988/1988
f 1987/1987/1987 2101/2101/2101 1989/1989/1989
f 2103/2103/2103 2099/2099/2099 2102/2102/2102
f 1986/1986/1986 2102/2102/2102 1988/1988/1988
f 2104/2104/2104 2103/2103/2103 2102/2102/2102
f 2104/2104/2104 2102/2102/2102 1986/1986/1986
f 2105/2105/2105 2103/2103/2103 2104/2104/2104
f 2106/2106/2106 2105/2105/2105 2104/2104/2104
f 1993/1993/1993 2104/2104/2104 1986/1986/1986
f 2106/2106/2106 2104/2104/2104 1993/1993/1993
f 2108/2108/2108 2107/2107/2107 2106/2106/2106
f 2107/2107/2107 2105/2105/2105 2106/2106/2106
f 2109/2109/2109 2106/2106/2106 1993/1993/1993
f 2108/2108/2108 2106/2106/2106 2109/2109/2109
f 2109/2109/2109 1993/1993/1993 1994/1994/1994
f 2110/2110/2110 2108/2108/2108 2109/2109/2109
f 2111/2111/2111 2109/2109/2109 1994/1994/1994
f 2110/2110/2110 2109/2109/2109 2111/2111/2111
f 2112/2112/2112 2110/2110/2110 2111/2111/2111
f 2008/2008/2008 2111/2111/2111 1996/1996/1996
f 2111/2111/2111 1994/1994/1994 1996/1996/1996
f 2112/2112/2112 2111/2111/2111 2008/2008/2008
f 2114/2114/2114 2110/2110/2110 2112/2112/2112
f 2010/2010/2010 2112/2112/2112 2008/2008/2008
f 2113/2113/2113 2112/2112/2112 2010/2010/2010
f 2114/2114/2114 2112/2112/2112 2113/2113/2113
f 2115/2115/2115 2110/2110/2110 2114/2114/2114
f 2115/2115/2115 2114/2114/2114 2116/2116/2116
f 2114/2114/2114 2113/2113/2113 2117/2117/2117
f 2114/2114/2114 2117/2117/2117 2116/2116/2116
f 2117/2117/2117 2120/2120/2120 2118/2118/2118
f 2116/2116/2116 2117/2117/2117 2118/2118/2118
f 2117/2117/2117 2119/2119/2119 2120/2120/2120
f 2113/2113/2113 2119/2119/2119 2117/2117/2117
f 2119/2119/2119 2121/2121/2121 2120/2120/2120
f 2119/2119/2119 2122/2122/2122 2121/2121/2121
f 2122/2122/2122 2123/2123/2123 2121/2121/2121
f 2125/2125/2125 2124/2124/2124 2123/2123/2123
f 2122/2122/2122 2125/2125/2125 2123/2123/2123
f 2126/2126/2126 2125/2125/2125 2122/2122/2122
f 2126/2126/2126 2127/2127/2127 2125/2125/2125
f 2127/2127/2127 2128/2128/2128 2125/2125/2125
f 2125/2125/2125 2128/2128/2128 2124/2124/2124
f 2128/2128/2128 2130/2130/2130 2124/2124/2124
f 2128/2128/2128 2129/2129/2129 2130/2130/2130
f 2131/2131/2131 2129/2129/2129 2128/2128/2128
f 2127/2127/2127 2131/2131/2131 2128/2128/2128
f 2131/2131/2131 2020/2020/2020 2132/2132/2132
f 2131/2131/2131 2017/2017/2017 2020/2020/2020
f 2127/2127/2127 2017/2017/2017 2131/2131/2131
f 2131/2131/2131 2132/2132/2132 2129/2129/2129
f 2132/2132/2132 2133/2133/2133 2134/2134/2134
f 2132/2132/2132 2023/2023/2023 2133/2133/2133
f 2132/2132/2132 2134/2134/2134 2129/2129/2129
f 2132/2132/2132 2020/2020/2020 2023/2023/2023
f 2133/2133/2133 2136/2136/2136 2134/2134/2134
f 2129/2129/2129 2134/2134/2134 2135/2135/2135
f 2134/2134/2134 2137/2137/2137 2135/2135/2135
f 2134/2134/2134 2136/2136/2136 2137/2137/2137
f 2136/2136/2136 2138/2138/2138 2137/2137/2137
f 2139/2139/2139 2140/2140/2140 2138/2138/2138
f 2136/2136/2136 2139/2139/2139 2138/2138/2138
f 2139/2139/2139 2141/2141/2141 2140/2140/2140
f 2141/2141/2141 2142/2142/2142 2140/2140/2140
f 2141/2141/2141 2143/2143/2143 2142/2142/2142
f 2143/2143/2143 2144/2144/2144 2142/2142/2142
f 2146/2146/2146 2145/2145/2145 2144/2144/2144
f 2143/2143/2143 2146/2146/2146 2144/2144/2144
f 2147/2147/2147 2149/2149/2149 2146/2146/2146
f 2148/2148/2148 2147/2147/2147 2146/2146/2146
f 2148/2148/2148 2146/2146/2146 2143/2143/2143
f 2146/2146/2146 2149/2149/2149 2145/2145/2145
f 2147/2147/2147 2152/2152/2152 2149/2149/2149
f 2149/2149/2149 2151/2151/2151 2145/2145/2145
f 2149/2149/2149 2150/2150/2150 2151/2151/2151
f 2152/2152/2152 2150/2150/2150 2149/2149/2149
f 2147/2147/2147 2155/2155/2155 2152/2152/2152
f 2152/2152/2152 2153/2153/2153 2154/2154/2154
f 2152/2152/2152 2155/2155/2155 2153/2153/2153
f 2152/2152/2152 2154/2154/2154 2150/2150/2150
f 2147/2147/2147 2156/2156/2156 2155/2155/2155
f 2155/2155/2155 2156/2156/2156 2041/2041/2041
f 2155/2155/2155 2041/2041/2041 2044/2044/2044
f 2153/2153/2153 2155/2155/2155 2044/2044/2044
f 2148/2148/2148 2156/2156/2156 2147/2147/2147
f 2148/2148/2148 2157/2157/2157 2156/2156/2156
f 2156/2156/2156 2038/2038/2038 2041/2041/2041
f 2156/2156/2156 2157/2157/2157 2038/2038/2038
f 2158/2158/2158 2031/2031/2031 2157/2157/2157
f 2157/2157/2157 2031/2031/2031 2032/2032/2032
f 2157/2157/2157 2032/2032/2032 2038/2038/2038
f 2158/2158/2158 2157/2157/2157 2148/2148/2148
f 2159/2159/2159 2031/2031/2031 2158/2158/2158
f 2158/2158/2158 2143/2143/2143 2141/2141/2141
f 2159/2159/2159 2158/2158/2158 2141/2141/2141
f 2158/2158/2158 2148/2148/2148 2143/2143/2143
f 2159/2159/2159 2029/2029/2029 2031/2031/2031
f 2160/2160/2160 2159/2159/2159 2139/2139/2139
f 2160/2160/2160 2029/2029/2029 2159/2159/2159
f 2159/2159/2159 2141/2141/2141 2139/2139/2139
f 2160/2160/2160 2026/2026/2026 2029/2029/2029
f 2133/2133/2133 2026/2026/2026 2160/2160/2160
f 2133/2133/2133 2160/2160/2160 2136/2136/2136
f 2160/2160/2160 2139/2139/2139 2136/2136/2136
f 2154/2154/2154 2153/2153/2153 2161/2161/2161
f 2154/2154/2154 2161/2161/2161 2162/2162/2162
f 2154/2154/2154 2162/2162/2162 2163/2163/2163
f 2154/2154/2154 2163/2163/2163 2150/2150/2150
f 2150/2150/2150 2163/2163/2163 2164/2164/2164
f 2163/2163/2163 2166/2166/2166 2164/2164/2164
f 2163/2163/2163 2165/2165/2165 2166/2166/2166
f 2162/2162/2162 2165/2165/2165 2163/2163/2163
f 2165/2165/2165 2167/2167/2167 2166/2166/2166
f 2168/2168/2168 2169/2169/2169 2167/2167/2167
f 2165/2165/2165 2168/2168/2168 2167/2167/2167
f 2168/2168/2168 2170/2170/2170 2169/2169/2169
f 2170/2170/2170 2171/2171/2171 2169/2169/2169
f 2170/2170/2170 2172/2172/2172 2171/2171/2171
f 2172/2172/2172 2173/2173/2173 2171/2171/2171
f 2175/2175/2175 2174/2174/2174 2173/2173/2173
f 2172/2172/2172 2175/2175/2175 2173/2173/2173
f 2176/2176/2176 2177/2177/2177 2175/2175/2175
f 2178/2178/2178 2176/2176/2176 2175/2175/2175
f 2178/2178/2178 2175/2175/2175 2172/2172/2172
f 2175/2175/2175 2177/2177/2177 2174/2174/2174
f 2178/2178/2178 2179/2179/2179 2176/2176/2176
f 2178/2178/2178 2181/2181/2181 2179/2179/2179
f 2180/2180/2180 2178/2178/2178 2172/2172/2172
f 2180/2180/2180 2181/2181/2181 2178/2178/2178
f 2180/2180/2180 2182/2182/2182 2181/2181/2181
f 2181/2181/2181 2182/2182/2182 2059/2059/2059
f 2181/2181/2181 2059/2059/2059 2062/2062/2062
f 2179/2179/2179 2181/2181/2181 2062/2062/2062
f 2182/2182/2182 2056/2056/2056 2059/2059/2059
f 2183/2183/2183 2182/2182/2182 2180/2180/2180
f 2183/2183/2183 2184/2184/2184 2182/2182/2182
f 2182/2182/2182 2184/2184/2184 2056/2056/2056
f 2186/2186/2186 2185/2185/2185 2184/2184/2184
f 2184/2184/2184 2185/2185/2185 2053/2053/2053
f 2184/2184/2184 2053/2053/2053 2056/2056/2056
f 2186/2186/2186 2184/2184/2184 2183/2183/2183
f 2162/2162/2162 2185/2185/2185 2186/2186/2186
f 2186/2186/2186 2183/2183/2183 2168/2168/2168
f 2186/2186/2186 2168/2168/2168 2165/2165/2165
f 2162/2162/2162 2186/2186/2186 2165/2165/2165
f 2185/2185/2185 2050/2050/2050 2053/2053/2053
f 2162/2162/2162 2161/2161/2161 2185/2185/2185
f 2185/2185/2185 2161/2161/2161 2050/2050/2050
f 2183/2183/2183 2180/2180/2180 2170/2170/2170
f 2183/2183/2183 2170/2170/2170 2168/2168/2168
f 2180/2180/2180 2172/2172/2172 2170/2170/2170
f 2070/2070/2070 2179/2179/2179 2065/2065/2065
f 2179/2179/2179 2062/2062/2062 2065/2065/2065
f 2176/2176/2176 2179/2179/2179 2070/2070/2070
f 2176/2176/2176 2189/2189/2189 2177/2177/2177
f 2177/2177/2177 2188/2188/2188 2174/2174/2174
f 2177/2177/2177 2187/2187/2187 2188/2188/2188
f 2189/2189/2189 2187/2187/2187 2177/2177/2177
f 2176/2176/2176 2070/2070/2070 2189/2189/2189
f 2189/2189/2189 2071/2071/2071 2190/2190/2190
f 2189/2189/2189 2070/2070/2070 2071/2071/2071
f 2189/2189/2189 2190/2190/2190 2187/2187/2187
f 2190/2190/2190 2071/2071/2071 2074/2074/2074
f 2190/2190/2190 2074/2074/2074 2191/2191/2191
f 2190/2190/2190 2191/2191/2191 2192/2192/2192
f 2190/2190/2190 2192/2192/2192 2187/2187/2187
f 2191/2191/2191 2194/2194/2194 2192/2192/2192
f 2187/2187/2187 2192/2192/2192 2193/2193/2193
f 2192/2192/2192 2195/2195/2195 2193/2193/2193
f 2192/2192/2192 2194/2194/2194 2195/2195/2195
f 2194/2194/2194 2196/2196/2196 2195/2195/2195
f 2197/2197/2197 2198/2198/2198 2196/2196/2196
f 2194/2194/2194 2197/2197/2197 2196/2196/2196
f 2197/2197/2197 2201/2201/2201 2198/2198/2198
f 2200/2200/2200 2202/2202/2202 2199/2199/2199
f 2203/2203/2203 2204/2204/2204 2202/2202/2202
f 2200/2200/2200 2203/2203/2203 2202/2202/2202
f 2206/2206/2206 2205/2205/2205 2204/2204/2204
f 2203/2203/2203 2206/2206/2206 2204/2204/2204
f 2207/2207/2207 2206/2206/2206 2203/2203/2203
f 2207/2207/2207 2208/2208/2208 2206/2206/2206
f 2208/2208/2208 2209/2209/2209 2206/2206/2206
f 2206/2206/2206 2209/2209/2209 2205/2205/2205
f 2209/2209/2209 2210/2210/2210 2211/2211/2211
f 2212/2212/2212 2210/2210/2210 2209/2209/2209
f 2209/2209/2209 2211/2211/2211 2205/2205/2205
f 2208/2208/2208 2212/2212/2212 2209/2209/2209
f 2212/2212/2212 2107/2107/2107 2213/2213/2213
f 2212/2212/2212 2214/2214/2214 2107/2107/2107
f 2212/2212/2212 2213/2213/2213 2210/2210/2210
f 2208/2208/2208 2214/2214/2214 2212/2212/2212
f 2208/2208/2208 2215/2215/2215 2214/2214/2214
f 2214/2214/2214 2215/2215/2215 2216/2216/2216
f 2214/2214/2214 2216/2216/2216 2105/2105/2105
f 2107/2107/2107 2214/2214/2214 2105/2105/2105
f 2215/2215/2215 2217/2217/2217 2216/2216/2216
f 2105/2105/2105 2216/2216/2216 2103/2103/2103
f 2216/2216/2216 2218/2218/2218 2103/2103/2103
f 2216/2216/2216 2217/2217/2217 2218/2218/2218
f 2217/2217/2217 2088/2088/2088 2218/2218/2218
f 2218/2218/2218 2088/2088/2088 2092/2092/2092
f 2218/2218/2218 2092/2092/2092 2099/2099/2099
f 2103/2103/2103 2218/2218/2218 2099/2099/2099
f 2217/2217/2217 2085/2085/2085 2088/2088/2088
f 2219/2219/2219 2085/2085/2085 2217/2217/2217
f 2215/2215/2215 2219/2219/2219 2217/2217/2217
f 2221/2221/2221 2219/2219/2219 2207/2207/2207
f 2221/2221/2221 2223/2223/2223 2219/2219/2219
f 2219/2219/2219 2223/2223/2223 2085/2085/2085
f 2207/2207/2207 2219/2219/2219 2215/2215/2215
f 2225/2225/2225 2222/2222/2222 2220/2220/2220
f 2225/2225/2225 2224/2224/2224 2222/2222/2222
f 2222/2222/2222 2224/2224/2224 2083/2083/2083
f 2222/2222/2222 2083/2083/2083 2086/2086/2086
f 2226/2226/2226 2224/2224/2224 2225/2225/2225
f 2225/2225/2225 2201/2201/2201 2197/2197/2197
f 2226/2226/2226 2225/2225/2225 2197/2197/2197
f 2225/2225/2225 2220/2220/2220 2201/2201/2201
f 2191/2191/2191 2226/2226/2226 2194/2194/2194
f 2191/2191/2191 2076/2076/2076 2226/2226/2226
f 2226/2226/2226 2197/2197/2197 2194/2194/2194
f 2226/2226/2226 2076/2076/2076 2224/2224/2224
f 2224/2224/2224 2076/2076/2076 2077/2077/2077
f 2224/2224/2224 2077/2077/2077 2083/2083/2083
f 2221/2221/2221 2203/2203/2203 2200/2200/2200
f 2221/2221/2221 2207/2207/2207 2203/2203/2203
f 2207/2207/2207 2215/2215/2215 2208/2208/2208
f 2213/2213/2213 2107/2107/2107 2108/2108/2108
f 2213/2213/2213 2115/2115/2115 2227/2227/2227
f 2213/2213/2213 2108/2108/2108 2115/2115/2115
f 2213/2213/2213 2227/2227/2227 2210/2210/2210
f 2115/2115/2115 2116/2116/2116 2227/2227/2227
f 2210/2210/2210 2227/2227/2227 2228/2228/2228
f 2227/2227/2227 2116/2116/2116 2229/2229/2229
f 2227/2227/2227 2229/2229/2229 2228/2228/2228
f 2116/2116/2116 2118/2118/2118 2229/2229/2229
f 2210/2210/2210 2228/2228/2228 2211/2211/2211
f 2187/2187/2187 2193/2193/2193 2188/2188/2188
f 2191/2191/2191 2074/2074/2074 2076/2076/2076
f 2150/2150/2150 2164/2164/2164 2151/2151/2151
f 2161/2161/2161 2153/2153/2153 2047/2047/2047
f 2161/2161/2161 2047/2047/2047 2050/2050/2050
f 2153/2153/2153 2044/2044/2044 2047/2047/2047
f 2129/2129/2129 2135/2135/2135 2130/2130/2130
f 2133/2133/2133 2023/2023/2023 2026/2026/2026
f 2127/2127/2127 2014/2014/2014 2017/2017/2017
f 2126/2126/2126 2014/2014/2014 2127/2127/2127
f 2230/2230/2230 2126/2126/2126 2122/2122/2122
f 2230/2230/2230 2011/2011/2011 2126/2126/2126
f 2126/2126/2126 2011/2011/2011 2014/2014/2014
f 2230/2230/2230 2122/2122/2122 2119/2119/2119
f 2113/2113/2113 2230/2230/2230 2119/2119/2119
f 2230/2230/2230 2010/2010/2010 2011/2011/2011
f 2113/2113/2113 2010/2010/2010 2230/2230/2230
f 2115/2115/2115 2108/2108/2108 2110/2110/2110
f 2090/2090/2090 2231/2231/2231 1989/1989/1989
f 2082/2082/2082 2232/2232/2232 2091/2091/2091
f 2231/2231/2231 2234/2234/2234 1989/1989/1989
f 2080/2080/2080 2233/2233/2233 2232/2232/2232
f 2082/2082/2082 2080/2080/2080 2232/2232/2232
f 2080/2080/2080 2079/2079/2079 2233/2233/2233
f 2079/2079/2079 2236/2236/2236 2233/2233/2233
f 2234/2234/2234 2235/2235/2235 1989/1989/1989
f 2239/2239/2239 2237/2237/2237 2236/2236/2236
f 2235/2235/2235 2238/2238/2238 1989/1989/1989
f 2079/2079/2079 2239/2239/2239 2236/2236/2236
f 2073/2073/2073 2239/2239/2239 2079/2079/2079
f 2073/2073/2073 2067/2067/2067 2239/2239/2239
f 2239/2239/2239 2068/2068/2068 2237/2237/2237
f 2067/2067/2067 2068/2068/2068 2239/2239/2239
f 2238/2238/2238 2240/2240/2240 1989/1989/1989
f 2068/2068/2068 2241/2241/2241 2237/2237/2237
f 2064/2064/2064 2243/2243/2243 2241/2241/2241
f 2240/2240/2240 2242/2242/2242 1989/1989/1989
f 2068/2068/2068 2064/2064/2064 2241/2241/2241
f 2061/2061/2061 2245/2245/2245 2243/2243/2243
f 2242/2242/2242 2244/2244/2244 1989/1989/1989
f 2064/2064/2064 2061/2061/2061 2243/2243/2243
f 2058/2058/2058 2247/2247/2247 2245/2245/2245
f 2244/2244/2244 2246/2246/2246 1989/1989/1989
f 2061/2061/2061 2058/2058/2058 2245/2245/2245
f 2246/2246/2246 2249/2249/2249 1989/1989/1989
f 2055/2055/2055 2248/2248/2248 2247/2247/2247
f 2058/2058/2058 2055/2055/2055 2247/2247/2247
f 2249/2249/2249 2250/2250/2250 1989/1989/1989
f 2055/2055/2055 2052/2052/2052 2248/2248/2248
f 2052/2052/2052 2251/2251/2251 2248/2248/2248
f 2250/2250/2250 2252/2252/2252 1989/1989/1989
f 2052/2052/2052 2049/2049/2049 2251/2251/2251
f 2049/2049/2049 2253/2253/2253 2251/2251/2251
f 2252/2252/2252 2254/2254/2254 1989/1989/1989
f 2046/2046/2046 2255/2255/2255 2253/2253/2253
f 2049/2049/2049 2046/2046/2046 2253/2253/2253
f 2254/2254/2254 2256/2256/2256 1989/1989/1989
f 2046/2046/2046 2043/2043/2043 2255/2255/2255
f 2043/2043/2043 2257/2257/2257 2255/2255/2255
f 2256/2256/2256 2258/2258/2258 1989/1989/1989
f 2043/2043/2043 2040/2040/2040 2257/2257/2257
f 2040/2040/2040 2259/2259/2259 2257/2257/2257
f 2037/2037/2037 2261/2261/2261 2259/2259/2259
f 2258/2258/2258 2260/2260/2260 1989/1989/1989
f 2040/2040/2040 2037/2037/2037 2259/2259/2259
f 2037/2037/2037 2035/2035/2035 2261/2261/2261
f 2035/2035/2035 2263/2263/2263 2261/2261/2261
f 2260/2260/2260 2262/2262/2262 1989/1989/1989
f 2035/2035/2035 2034/2034/2034 2263/2263/2263
f 2262/2262/2262 2264/2264/2264 1989/1989/1989
f 2034/2034/2034 2265/2265/2265 2263/2263/2263
f 2268/2268/2268 2266/2266/2266 2265/2265/2265
f 2264/2264/2264 2267/2267/2267 1989/1989/1989
f 2034/2034/2034 2268/2268/2268 2265/2265/2265
f 2268/2268/2268 2269/2269/2269 2266/2266/2266
f 2028/2028/2028 2268/2268/2268 2034/2034/2034
f 2028/2028/2028 2025/2025/2025 2268/2268/2268
f 2025/2025/2025 2269/2269/2269 2268/2268/2268
f 2269/2269/2269 2270/2270/2270 2272/2272/2272
f 2022/2022/2022 2270/2270/2270 2269/2269/2269
f 2269/2269/2269 2272/2272/2272 2266/2266/2266
f 2025/2025/2025 2022/2022/2022 2269/2269/2269
f 2267/2267/2267 2271/2271/2271 1989/1989/1989
f 2270/2270/2270 2274/2274/2274 2272/2272/2272
f 2271/2271/2271 2273/2273/2273 1989/1989/1989
f 2270/2270/2270 2275/2275/2275 2274/2274/2274
f 2273/2273/2273 2276/2276/2276 1989/1989/1989
f 2275/2275/2275 2277/2277/2277 2274/2274/2274
f 2276/2276/2276 2278/2278/2278 1989/1989/1989
f 2280/2280/2280 2279/2279/2279 2277/2277/2277
f 2275/2275/2275 2280/2280/2280 2277/2277/2277
f 2016/2016/2016 2280/2280/2280 2275/2275/2275
f 2016/2016/2016 2013/2013/2013 2280/2280/2280
f 2280/2280/2280 2006/2006/2006 2279/2279/2279
f 2013/2013/2013 2006/2006/2006 2280/2280/2280
f 2278/2278/2278 2002/2002/2002 1989/1989/1989
f 2006/2006/2006 2003/2003/2003 2279/2279/2279
f 2019/2019/2019 2016/2016/2016 2275/2275/2275
f 2019/2019/2019 2275/2275/2275 2270/2270/2270
f 2022/2022/2022 2019/2019/2019 2270/2270/2270
f 2013/2013/2013 2005/2005/2005 2006/2006/2006
f 2284/2284/2284 2282/2282/2282 2281/2281/2281
f 2281/2281/2281 2282/2282/2282 2283/2283/2283
f 2286/2286/2286 2281/2281/2281 2283/2283/2283
f 2285/2285/2285 2284/2284/2284 2281/2281/2281
f 2286/2286/2286 2285/2285/2285 2281/2281/2281
f 2288/2288/2288 2285/2285/2285 2286/2286/2286
f 2287/2287/2287 2286/2286/2286 2283/2283/2283
f 2289/2289/2289 2286/2286/2286 2287/2287/2287
f 2289/2289/2289 2288/2288/2288 2286/2286/2286
f 2291/2291/2291 2289/2289/2289 2292/2292/2292
f 2291/2291/2291 2293/2293/2293 2289/2289/2289
f 2293/2293/2293 2288/2288/2288 2289/2289/2289
f 2292/2292/2292 2289/2289/2289 2287/2287/2287
f 2297/2297/2297 2294/2294/2294 2290/2290/2290
f 2297/2297/2297 2300/2300/2300 2294/2294/2294
f 2300/2300/2300 2301/2301/2301 2294/2294/2294
f 2293/2293/2293 2302/2302/2302 2288/2288/2288
f 2302/2302/2302 2304/2304/2304 2308/2308/2308
f 2305/2305/2305 2303/2303/2303 2301/2301/2301
f 2300/2300/2300 2305/2305/2305 2301/2301/2301
f 2302/2302/2302 2308/2308/2308 2288/2288/2288
f 2308/2308/2308 2309/2309/2309 2310/2310/2310
f 2304/2304/2304 2309/2309/2309 2308/2308/2308
f 2288/2288/2288 2308/2308/2308 2285/2285/2285
f 2308/2308/2308 2310/2310/2310 2285/2285/2285
f 2309/2309/2309 2312/2312/2312 2310/2310/2310
f 2310/2310/2310 2311/2311/2311 2284/2284/2284
f 2310/2310/2310 2312/2312/2312 2311/2311/2311
f 2285/2285/2285 2310/2310/2310 2284/2284/2284
f 2312/2312/2312 2313/2313/2313 2311/2311/2311
f 2309/2309/2309 2315/2315/2315 2312/2312/2312
f 2312/2312/2312 2314/2314/2314 2313/2313/2313
f 2315/2315/2315 2314/2314/2314 2312/2312/2312
f 2319/2319/2319 2317/2317/2317 2315/2315/2315
f 2317/2317/2317 2318/2318/2318 2315/2315/2315
f 2315/2315/2315 2318/2318/2318 2314/2314/2314
f 2319/2319/2319 2315/2315/2315 2309/2309/2309
f 2322/2322/2322 2320/2320/2320 2303/2303/2303
f 2322/2322/2322 2325/2325/2325 2320/2320/2320
f 2325/2325/2325 2316/2316/2316 2320/2320/2320
f 2304/2304/2304 2319/2319/2319 2309/2309/2309
f 2327/2327/2327 2324/2324/2324 2323/2323/2323
f 2327/2327/2327 2332/2332/2332 2324/2324/2324
f 2333/2333/2333 2336/2336/2336 2326/2326/2326
f 2325/2325/2325 2334/2334/2334 2316/2316/2316
f 2334/2334/2334 2338/2338/2338 2341/2341/2341
f 2345/2345/2345 2339/2339/2339 2335/2335/2335
f 2334/2334/2334 2341/2341/2341 2316/2316/2316
f 2333/2333/2333 2342/2342/2342 2336/2336/2336
f 2349/2349/2349 2347/2347/2347 2344/2344/2344
f 2348/2348/2348 2351/2351/2351 2343/2343/2343
f 2349/2349/2349 2344/2344/2344 2330/2330/2330
f 2345/2345/2345 2353/2353/2353 2339/2339/2339
f 2348/2348/2348 2360/2360/2360 2351/2351/2351
f 2352/2352/2352 2356/2356/2356 2359/2359/2359
f 2360/2360/2360 2354/2354/2354 2351/2351/2351
f 2352/2352/2352 2359/2359/2359 2337/2337/2337
f 2360/2360/2360 2363/2363/2363 2354/2354/2354
f 2365/2365/2365 2362/2362/2362 2361/2361/2361
f 2365/2365/2365 2361/2361/2361 2367/2367/2367
f 2367/2367/2367 2361/2361/2361 2346/2346/2346
f 2367/2367/2367 2346/2346/2346 2368/2368/2368
f 2369/2369/2369 2370/2370/2370 2366/2366/2366
f 2366/2366/2366 2370/2370/2370 2372/2372/2372
f 2366/2366/2366 2372/2372/2372 2364/2364/2364
f 2373/2373/2373 2374/2374/2374 2377/2377/2377
f 2373/2373/2373 2378/2378/2378 2374/2374/2374
f 2364/2364/2364 2372/2372/2372 2376/2376/2376
f 2371/2371/2371 2378/2378/2378 2373/2373/2373
f 2379/2379/2379 2382/2382/2382 2385/2385/2385
f 2371/2371/2371 2380/2380/2380 2378/2378/2378
f 2375/2375/2375 2379/2379/2379 2389/2389/2389
f 2379/2379/2379 2385/2385/2385 2389/2389/2389
f 2388/2388/2388 2390/2390/2390 2397/2397/2397
f 2388/2388/2388 2383/2383/2383 2390/2390/2390
f 2393/2393/2393 2387/2387/2387 2398/2398/2398
f 2375/2375/2375 2389/2389/2389 2395/2395/2395
f 2396/2396/2396 2392/2392/2392 2403/2403/2403
f 2393/2393/2393 2398/2398/2398 2399/2399/2399
f 2401/2401/2401 2396/2396/2396 2405/2405/2405
f 2396/2396/2396 2403/2403/2403 2405/2405/2405
f 2401/2401/2401 2405/2405/2405 2409/2409/2409
f 2404/2404/2404 2402/2402/2402 2407/2407/2407
f 2408/2408/2408 2404/2404/2404 2406/2406/2406
f 2404/2404/2404 2407/2407/2407 2406/2406/2406
f 2413/2413/2413 2401/2401/2401 2409/2409/2409
f 2408/2408/2408 2406/2406/2406 2410/2410/2410
f 2415/2415/2415 2408/2408/2408 2410/2410/2410
f 2413/2413/2413 2409/2409/2409 2414/2414/2414
f 2416/2416/2416 2413/2413/2413 2414/2414/2414
f 2416/2416/2416 2414/2414/2414 2421/2421/2421
f 2415/2415/2415 2410/2410/2410 2419/2419/2419
f 2420/2420/2420 2415/2415/2415 2419/2419/2419
f 2423/2423/2423 2420/2420/2420 2424/2424/2424
f 2427/2427/2427 2421/2421/2421 2422/2422/2422
f 2420/2420/2420 2419/2419/2419 2424/2424/2424
f 2427/2427/2427 2416/2416/2416 2421/2421/2421
f 2428/2428/2428 2427/2427/2427 2422/2422/2422
f 2436/2436/2436 2425/2425/2425 2429/2429/2429
f 2436/2436/2436 2431/2431/2431 2425/2425/2425
f 2432/2432/2432 2418/2418/2418 2426/2426/2426
f 2439/2439/2439 2433/2433/2433 2437/2437/2437
f 2441/2441/2441 2438/2438/2438 2435/2435/2435
f 2441/2441/2441 2435/2435/2435 2443/2443/2443
f 2444/2444/2444 2434/2434/2434 2430/2430/2430
f 2447/2447/2447 2441/2441/2441 2443/2443/2443
f 2447/2447/2447 2443/2443/2443 2452/2452/2452
f 2444/2444/2444 2430/2430/2430 2449/2449/2449
f 2453/2453/2453 2445/2445/2445 2451/2451/2451
f 2456/2456/2456 2446/2446/2446 2454/2454/2454
f 2456/2456/2456 2454/2454/2454 2460/2460/2460
f 2453/2453/2453 2451/2451/2451 2462/2462/2462
f 2459/2459/2459 2455/2455/2455 2463/2463/2463
f 2464/2464/2464 2461/2461/2461 2468/2468/2468
f 2459/2459/2459 2463/2463/2463 2465/2465/2465
f 2461/2461/2461 2470/2470/2470 2468/2468/2468
f 2461/2461/2461 2450/2450/2450 2470/2470/2470
f 2467/2467/2467 2469/2469/2469 2471/2471/2471
f 2469/2469/2469 2472/2472/2472 2471/2471/2471
f 2469/2469/2469 2473/2473/2473 2472/2472/2472
f 2450/2450/2450 2474/2474/2474 2470/2470/2470
f 2473/2473/2473 2423/2423/2423 2475/2475/2475
f 2428/2428/2428 2422/2422/2422 2474/2474/2474
f 2450/2450/2450 2428/2428/2428 2474/2474/2474
f 2473/2473/2473 2475/2475/2475 2472/2472/2472
f 2423/2423/2423 2424/2424/2424 2475/2475/2475
f 2475/2475/2475 2424/2424/2424 2476/2476/2476
f 2475/2475/2475 2476/2476/2476 2477/2477/2477
f 2472/2472/2472 2475/2475/2475 2477/2477/2477
f 2478/2478/2478 2477/2477/2477 2479/2479/2479
f 2472/2472/2472 2477/2477/2477 2478/2478/2478
f 2477/2477/2477 2480/2480/2480 2479/2479/2479
f 2477/2477/2477 2476/2476/2476 2480/2480/2480
f 2481/2481/2481 2282/2282/2282 2480/2480/2480
f 2480/2480/2480 2282/2282/2282 2479/2479/2479
f 2476/2476/2476 2481/2481/2481 2480/2480/2480
f 2482/2482/2482 2483/2483/2483 2481/2481/2481
f 2476/2476/2476 2482/2482/2482 2481/2481/2481
f 2483/2483/2483 2282/2282/2282 2481/2481/2481
f 2484/2484/2484 2282/2282/2282 2483/2483/2483
f 2485/2485/2485 2484/2484/2484 2483/2483/2483
f 2482/2482/2482 2485/2485/2485 2483/2483/2483
f 2485/2485/2485 2486/2486/2486 2484/2484/2484
f 2410/2410/2410 2486/2486/2486 2485/2485/2485
f 2419/2419/2419 2485/2485/2485 2482/2482/2482
f 2419/2419/2419 2410/2410/2410 2485/2485/2485
f 2410/2410/2410 2406/2406/2406 2486/2486/2486
f 2486/2486/2486 2487/2487/2487 2484/2484/2484
f 2486/2486/2486 2488/2488/2488 2487/2487/2487
f 2406/2406/2406 2488/2488/2488 2486/2486/2486
f 2488/2488/2488 2489/2489/2489 2487/2487/2487
f 2406/2406/2406 2407/2407/2407 2488/2488/2488
f 2488/2488/2488 2490/2490/2490 2489/2489/2489
f 2407/2407/2407 2490/2490/2490 2488/2488/2488
f 2490/2490/2490 2491/2491/2491 2489/2489/2489
f 2490/2490/2490 2493/2493/2493 2491/2491/2491
f 2407/2407/2407 2492/2492/2492 2490/2490/2490
f 2492/2492/2492 2493/2493/2493 2490/2490/2490
f 2492/2492/2492 2494/2494/2494 2493/2493/2493
f 2494/2494/2494 2495/2495/2495 2493/2493/2493
f 2493/2493/2493 2496/2496/2496 2491/2491/2491
f 2493/2493/2493 2495/2495/2495 2496/2496/2496
f 2496/2496/2496 2282/2282/2282 2491/2491/2491
f 2495/2495/2495 2497/2497/2497 2496/2496/2496
f 2497/2497/2497 2282/2282/2282 2496/2496/2496
f 2499/2499/2499 2282/2282/2282 2497/2497/2497
f 2495/2495/2495 2498/2498/2498 2497/2497/2497
f 2498/2498/2498 2499/2499/2499 2497/2497/2497
f 2501/2501/2501 2282/2282/2282 2499/2499/2499
f 2498/2498/2498 2500/2500/2500 2499/2499/2499
f 2500/2500/2500 2501/2501/2501 2499/2499/2499
f 2500/2500/2500 2287/2287/2287 2501/2501/2501
f 2287/2287/2287 2283/2283/2283 2501/2501/2501
f 2283/2283/2283 2282/2282/2282 2501/2501/2501
f 2502/2502/2502 2292/2292/2292 2500/2500/2500
f 2292/2292/2292 2287/2287/2287 2500/2500/2500
f 2502/2502/2502 2500/2500/2500 2498/2498/2498
f 2503/2503/2503 2292/2292/2292 2502/2502/2502
f 2505/2505/2505 2503/2503/2503 2502/2502/2502
f 2507/2507/2507 2502/2502/2502 2498/2498/2498
f 2505/2505/2505 2502/2502/2502 2507/2507/2507
f 2509/2509/2509 2507/2507/2507 2494/2494/2494
f 2509/2509/2509 2505/2505/2505 2507/2507/2507
f 2507/2507/2507 2498/2498/2498 2495/2495/2495
f 2494/2494/2494 2507/2507/2507 2495/2495/2495
f 2515/2515/2515 2512/2512/2512 2508/2508/2508
f 2512/2512/2512 2506/2506/2506 2508/2508/2508
f 2513/2513/2513 2509/2509/2509 2494/2494/2494
f 2515/2515/2515 2508/2508/2508 2514/2514/2514
f 2520/2520/2520 2510/2510/2510 2517/2517/2517
f 2384/2384/2384 2516/2516/2516 2391/2391/2391
f 2384/2384/2384 2519/2519/2519 2516/2516/2516
f 2392/2392/2392 2515/2515/2515 2514/2514/2514
f 2381/2381/2381 2522/2522/2522 2518/2518/2518
f 2522/2522/2522 2525/2525/2525 2518/2518/2518
f 2381/2381/2381 2518/2518/2518 2386/2386/2386
f 2520/2520/2520 2526/2526/2526 2510/2510/2510
f 2522/2522/2522 2527/2527/2527 2525/2525/2525
f 2528/2528/2528 2531/2531/2531 2523/2523/2523
f 2524/2524/2524 2532/2532/2532 2534/2534/2534
f 2524/2524/2524 2534/2534/2534 2511/2511/2511
f 2512/2512/2512 2535/2535/2535 2506/2506/2506
f 2535/2535/2535 2504/2504/2504 2506/2506/2506
f 2535/2535/2535 2538/2538/2538 2504/2504/2504
f 2530/2530/2530 2536/2536/2536 2533/2533/2533
f 2538/2538/2538 2290/2290/2290 2504/2504/2504
f 2538/2538/2538 2297/2297/2297 2290/2290/2290
f 2530/2530/2530 2541/2541/2541 2536/2536/2536
f 2540/2540/2540 2296/2296/2296 2537/2537/2537
f 2548/2548/2548 2539/2539/2539 2531/2531/2531
f 2540/2540/2540 2544/2544/2544 2296/2296/2296
f 2545/2545/2545 2542/2542/2542 2539/2539/2539
f 2548/2548/2548 2545/2545/2545 2539/2539/2539
f 2549/2549/2549 2546/2546/2546 2547/2547/2547
f 2549/2549/2549 2547/2547/2547 2552/2552/2552
f 2552/2552/2552 2547/2547/2547 2529/2529/2529
f 2528/2528/2528 2548/2548/2548 2531/2531/2531
f 2552/2552/2552 2529/2529/2529 2554/2554/2554
f 2557/2557/2557 2551/2551/2551 2553/2553/2553
f 2555/2555/2555 2551/2551/2551 2557/2557/2557
f 2555/2555/2555 2550/2550/2550 2551/2551/2551
f 2557/2557/2557 2553/2553/2553 2560/2560/2560
f 2559/2559/2559 2561/2561/2561 2558/2558/2558
f 2558/2558/2558 2561/2561/2561 2565/2565/2565
f 2558/2558/2558 2565/2565/2565 2556/2556/2556
f 2564/2564/2564 2562/2562/2562 2329/2329/2329
f 2556/2556/2556 2565/2565/2565 2567/2567/2567
f 2566/2566/2566 2564/2564/2564 2569/2569/2569
f 2564/2564/2564 2329/2329/2329 2569/2569/2569
f 2568/2568/2568 2321/2321/2321 2307/2307/2307
f 2568/2568/2568 2328/2328/2328 2321/2321/2321
f 2573/2573/2573 2570/2570/2570 2306/2306/2306
f 2566/2566/2566 2569/2569/2569 2572/2572/2572
f 2543/2543/2543 2571/2571/2571 2298/2298/2298
f 2575/2575/2575 2572/2572/2572 2542/2542/2542
f 2573/2573/2573 2306/2306/2306 2299/2299/2299
f 2575/2575/2575 2566/2566/2566 2572/2572/2572
f 2577/2577/2577 2567/2567/2567 2574/2574/2574
f 2577/2577/2577 2574/2574/2574 2578/2578/2578
f 2545/2545/2545 2575/2575/2575 2542/2542/2542
f 2578/2578/2578 2574/2574/2574 2546/2546/2546
f 2550/2550/2550 2576/2576/2576 2579/2579/2579
f 2578/2578/2578 2546/2546/2546 2549/2549/2549
f 2576/2576/2576 2550/2550/2550 2555/2555/2555
f 2556/2556/2556 2567/2567/2567 2577/2577/2577
f 2563/2563/2563 2349/2349/2349 2330/2330/2330
f 2559/2559/2559 2350/2350/2350 2561/2561/2561
f 2562/2562/2562 2331/2331/2331 2329/2329/2329
f 2560/2560/2560 2581/2581/2581 2369/2369/2369
f 2368/2368/2368 2350/2350/2350 2559/2559/2559
f 2560/2560/2560 2553/2553/2553 2581/2581/2581
f 2554/2554/2554 2521/2521/2521 2580/2580/2580
f 2369/2369/2369 2581/2581/2581 2370/2370/2370
f 2580/2580/2580 2521/2521/2521 2380/2380/2380
f 2580/2580/2580 2380/2380/2380 2371/2371/2371
f 2554/2554/2554 2529/2529/2529 2521/2521/2521
f 2543/2543/2543 2298/2298/2298 2295/2295/2295
f 2513/2513/2513 2494/2494/2494 2492/2492/2492
f 2402/2402/2402 2513/2513/2513 2492/2492/2492
f 2392/2392/2392 2514/2514/2514 2403/2403/2403
f 2503/2503/2503 2291/2291/2291 2292/2292/2292
f 2402/2402/2402 2492/2492/2492 2407/2407/2407
f 2491/2491/2491 2282/2282/2282 2489/2489/2489
f 2489/2489/2489 2282/2282/2282 2487/2487/2487
f 2487/2487/2487 2282/2282/2282 2484/2484/2484
f 2424/2424/2424 2419/2419/2419 2482/2482/2482
f 2424/2424/2424 2482/2482/2482 2476/2476/2476
f 2478/2478/2478 2479/2479/2479 2582/2582/2582
f 2479/2479/2479 2282/2282/2282 2582/2582/2582
f 2583/2583/2583 2478/2478/2478 2582/2582/2582
f 2583/2583/2583 2582/2582/2582 2584/2584/2584
f 2582/2582/2582 2282/2282/2282 2584/2584/2584
f 2586/2586/2586 2584/2584/2584 2585/2585/2585
f 2584/2584/2584 2282/2282/2282 2585/2585/2585
f 2586/2586/2586 2583/2583/2583 2584/2584/2584
f 2587/2587/2587 2586/2586/2586 2588/2588/2588
f 2587/2587/2587 2589/2589/2589 2586/2586/2586
f 2588/2588/2588 2586/2586/2586 2585/2585/2585
f 2589/2589/2589 2583/2583/2583 2586/2586/2586
f 2589/2589/2589 2471/2471/2471 2583/2583/2583
f 2467/2467/2467 2471/2471/2471 2589/2589/2589
f 2590/2590/2590 2467/2467/2467 2589/2589/2589
f 2590/2590/2590 2589/2589/2589 2587/2587/2587
f 2592/2592/2592 2591/2591/2591 2595/2595/2595
f 2592/2592/2592 2464/2464/2464 2591/2591/2591
f 2464/2464/2464 2468/2468/2468 2591/2591/2591
f 2596/2596/2596 2590/2590/2590 2587/2587/2587
f 2598/2598/2598 2596/2596/2596 2599/2599/2599
f 2601/2601/2601 2595/2595/2595 2597/2597/2597
f 2596/2596/2596 2587/2587/2587 2599/2599/2599
f 2601/2601/2601 2592/2592/2592 2595/2595/2595
f 2606/2606/2606 2594/2594/2594 2602/2602/2602
f 2605/2605/2605 2601/2601/2601 2597/2597/2597
f 2609/2609/2609 2600/2600/2600 2604/2604/2604
f 2609/2609/2609 2608/2608/2608 2600/2600/2600
f 2616/2616/2616 2607/2607/2607 2611/2611/2611
f 2614/2614/2614 2610/2610/2610 2603/2603/2603
f 2617/2617/2617 2611/2611/2611 2613/2613/2613
f 2617/2617/2617 2616/2616/2616 2611/2611/2611
f 2620/2620/2620 2615/2615/2615 2618/2618/2618
f 2620/2620/2620 2618/2618/2618 2621/2621/2621
f 2621/2621/2621 2618/2618/2618 2624/2624/2624
f 2623/2623/2623 2617/2617/2617 2613/2613/2613
f 2621/2621/2621 2624/2624/2624 2627/2627/2627
f 2627/2627/2627 2624/2624/2624 2628/2628/2628
f 2629/2629/2629 2625/2625/2625 2630/2630/2630
f 2623/2623/2623 2613/2613/2613 2633/2633/2633
f 2629/2629/2629 2630/2630/2630 2641/2641/2641
f 2631/2631/2631 2634/2634/2634 2637/2637/2637
f 2631/2631/2631 2612/2612/2612 2634/2634/2634
f 2640/2640/2640 2632/2632/2632 2638/2638/2638
f 2643/2643/2643 2629/2629/2629 2641/2641/2641
f 2643/2643/2643 2641/2641/2641 2648/2648/2648
f 2647/2647/2647 2642/2642/2642 2652/2652/2652
f 2640/2640/2640 2638/2638/2638 2651/2651/2651
f 2650/2650/2650 2653/2653/2653 2656/2656/2656
f 2650/2650/2650 2639/2639/2639 2653/2653/2653
f 2657/2657/2657 2650/2650/2650 2656/2656/2656
f 2647/2647/2647 2652/2652/2652 2659/2659/2659
f 2661/2661/2661 2658/2658/2658 2665/2665/2665
f 2661/2661/2661 2646/2646/2646 2658/2658/2658
f 2664/2664/2664 2657/2657/2657 2666/2666/2666
f 2657/2657/2657 2656/2656/2656 2666/2666/2666
f 2667/2667/2667 2655/2655/2655 2669/2669/2669
f 2664/2664/2664 2666/2666/2666 2671/2671/2671
f 2667/2667/2667 2669/2669/2669 2668/2668/2668
f 2670/2670/2670 2667/2667/2667 2668/2668/2668
f 2672/2672/2672 2671/2671/2671 2676/2676/2676
f 2672/2672/2672 2664/2664/2664 2671/2671/2671
f 2675/2675/2675 2670/2670/2670 2677/2677/2677
f 2670/2670/2670 2668/2668/2668 2677/2677/2677
f 2677/2677/2677 2668/2668/2668 2680/2680/2680
f 2678/2678/2678 2677/2677/2677 2679/2679/2679
f 2675/2675/2675 2677/2677/2677 2678/2678/2678
f 2677/2677/2677 2680/2680/2680 2679/2679/2679
f 2668/2668/2668 2681/2681/2681 2680/2680/2680
f 2680/2680/2680 2681/2681/2681 2683/2683/2683
f 2679/2679/2679 2680/2680/2680 2682/2682/2682
f 2680/2680/2680 2683/2683/2683 2682/2682/2682
f 2683/2683/2683 2282/2282/2282 2682/2682/2682
f 2684/2684/2684 2282/2282/2282 2683/2683/2683
f 2681/2681/2681 2684/2684/2684 2683/2683/2683
f 2686/2686/2686 2282/2282/2282 2684/2684/2684
f 2681/2681/2681 2685/2685/2685 2684/2684/2684
f 2685/2685/2685 2686/2686/2686 2684/2684/2684
f 2685/2685/2685 2687/2687/2687 2686/2686/2686
f 2687/2687/2687 2688/2688/2688 2686/2686/2686
f 2688/2688/2688 2282/2282/2282 2686/2686/2686
f 2687/2687/2687 2689/2689/2689 2688/2688/2688
f 2689/2689/2689 2690/2690/2690 2688/2688/2688
f 2690/2690/2690 2282/2282/2282 2688/2688/2688
f 2691/2691/2691 2282/2282/2282 2690/2690/2690
f 2692/2692/2692 2691/2691/2691 2690/2690/2690
f 2689/2689/2689 2692/2692/2692 2690/2690/2690
f 2692/2692/2692 2693/2693/2693 2691/2691/2691
f 2694/2694/2694 2693/2693/2693 2692/2692/2692
f 2695/2695/2695 2692/2692/2692 2689/2689/2689
f 2695/2695/2695 2694/2694/2694 2692/2692/2692
f 2696/2696/2696 2695/2695/2695 2700/2700/2700
f 2696/2696/2696 2698/2698/2698 2695/2695/2695
f 2698/2698/2698 2694/2694/2694 2695/2695/2695
f 2700/2700/2700 2695/2695/2695 2689/2689/2689
f 2701/2701/2701 2700/2700/2700 2687/2687/2687
f 2654/2654/2654 2700/2700/2700 2701/2701/2701
f 2700/2700/2700 2689/2689/2689 2687/2687/2687
f 2654/2654/2654 2696/2696/2696 2700/2700/2700
f 2655/2655/2655 2654/2654/2654 2701/2701/2701
f 2669/2669/2669 2701/2701/2701 2685/2685/2685
f 2655/2655/2655 2701/2701/2701 2669/2669/2669
f 2701/2701/2701 2687/2687/2687 2685/2685/2685
f 2636/2636/2636 2699/2699/2699 2697/2697/2697
f 2698/2698/2698 2598/2598/2598 2694/2694/2694
f 2605/2605/2605 2597/2597/2597 2699/2699/2699
f 2636/2636/2636 2605/2605/2605 2699/2699/2699
f 2639/2639/2639 2697/2697/2697 2653/2653/2653
f 2639/2639/2639 2636/2636/2636 2697/2697/2697
f 2694/2694/2694 2599/2599/2599 2693/2693/2693
f 2598/2598/2598 2599/2599/2599 2694/2694/2694
f 2693/2693/2693 2702/2702/2702 2691/2691/2691
f 2693/2693/2693 2588/2588/2588 2702/2702/2702
f 2599/2599/2599 2588/2588/2588 2693/2693/2693
f 2588/2588/2588 2585/2585/2585 2702/2702/2702
f 2585/2585/2585 2282/2282/2282 2702/2702/2702
f 2702/2702/2702 2282/2282/2282 2691/2691/2691
f 2669/2669/2669 2685/2685/2685 2681/2681/2681
f 2679/2679/2679 2682/2682/2682 2703/2703/2703
f 2682/2682/2682 2282/2282/2282 2703/2703/2703
f 2703/2703/2703 2282/2282/2282 2704/2704/2704
f 2705/2705/2705 2703/2703/2703 2704/2704/2704
f 2705/2705/2705 2679/2679/2679 2703/2703/2703
f 2706/2706/2706 2705/2705/2705 2707/2707/2707
f 2706/2706/2706 2678/2678/2678 2705/2705/2705
f 2707/2707/2707 2705/2705/2705 2704/2704/2704
f 2678/2678/2678 2679/2679/2679 2705/2705/2705
f 2709/2709/2709 2706/2706/2706 2707/2707/2707
f 2710/2710/2710 2707/2707/2707 2708/2708/2708
f 2707/2707/2707 2704/2704/2704 2708/2708/2708
f 2709/2709/2709 2707/2707/2707 2710/2710/2710
f 2314/2314/2314 2710/2710/2710 2711/2711/2711
f 2318/2318/2318 2710/2710/2710 2314/2314/2314
f 2710/2710/2710 2708/2708/2708 2711/2711/2711
f 2318/2318/2318 2709/2709/2709 2710/2710/2710
f 2708/2708/2708 2282/2282/2282 2711/2711/2711
f 2711/2711/2711 2282/2282/2282 2313/2313/2313
f 2314/2314/2314 2711/2711/2711 2313/2313/2313
f 2340/2340/2340 2713/2713/2713 2709/2709/2709
f 2713/2713/2713 2706/2706/2706 2709/2709/2709
f 2340/2340/2340 2709/2709/2709 2318/2318/2318
f 2338/2338/2338 2712/2712/2712 2341/2341/2341
f 2713/2713/2713 2714/2714/2714 2706/2706/2706
f 2338/2338/2338 2358/2358/2358 2712/2712/2712
f 2358/2358/2358 2715/2715/2715 2712/2712/2712
f 2714/2714/2714 2675/2675/2675 2678/2678/2678
f 2718/2718/2718 2676/2676/2676 2715/2715/2715
f 2358/2358/2358 2718/2718/2718 2715/2715/2715
f 2714/2714/2714 2678/2678/2678 2706/2706/2706
f 2718/2718/2718 2672/2672/2672 2676/2676/2676
f 2721/2721/2721 2673/2673/2673 2717/2717/2717
f 2355/2355/2355 2720/2720/2720 2716/2716/2716
f 2355/2355/2355 2716/2716/2716 2357/2357/2357
f 2363/2363/2363 2719/2719/2719 2354/2354/2354
f 2721/2721/2721 2724/2724/2724 2673/2673/2673
f 2725/2725/2725 2723/2723/2723 2719/2719/2719
f 2363/2363/2363 2725/2725/2725 2719/2719/2719
f 2725/2725/2725 2728/2728/2728 2723/2723/2723
f 2730/2730/2730 2727/2727/2727 2726/2726/2726
f 2730/2730/2730 2726/2726/2726 2732/2732/2732
f 2732/2732/2732 2726/2726/2726 2362/2362/2362
f 2731/2731/2731 2734/2734/2734 2729/2729/2729
f 2731/2731/2731 2376/2376/2376 2734/2734/2734
f 2364/2364/2364 2376/2376/2376 2731/2731/2731
f 2732/2732/2732 2362/2362/2362 2365/2365/2365
f 2377/2377/2377 2735/2735/2735 2733/2733/2733
f 2733/2733/2733 2735/2735/2735 2738/2738/2738
f 2733/2733/2733 2738/2738/2738 2740/2740/2740
f 2729/2729/2729 2734/2734/2734 2739/2739/2739
f 2740/2740/2740 2738/2738/2738 2742/2742/2742
f 2740/2740/2740 2742/2742/2742 2744/2744/2744
f 2745/2745/2745 2739/2739/2739 2743/2743/2743
f 2729/2729/2729 2739/2739/2739 2745/2745/2745
f 2745/2745/2745 2743/2743/2743 2747/2747/2747
f 2746/2746/2746 2727/2727/2727 2730/2730/2730
f 2746/2746/2746 2749/2749/2749 2727/2727/2727
f 2748/2748/2748 2749/2749/2749 2746/2746/2746
f 2750/2750/2750 2645/2645/2645 2649/2649/2649
f 2748/2748/2748 2644/2644/2644 2749/2749/2749
f 2750/2750/2750 2649/2649/2649 2660/2660/2660
f 2728/2728/2728 2750/2750/2750 2660/2660/2660
f 2747/2747/2747 2743/2743/2743 2752/2752/2752
f 2747/2747/2747 2752/2752/2752 2754/2754/2754
f 2753/2753/2753 2644/2644/2644 2748/2748/2748
f 2754/2754/2754 2752/2752/2752 2755/2755/2755
f 2754/2754/2754 2755/2755/2755 2626/2626/2626
f 2627/2627/2627 2628/2628/2628 2753/2753/2753
f 2753/2753/2753 2628/2628/2628 2644/2644/2644
f 2751/2751/2751 2442/2442/2442 2756/2756/2756
f 2756/2756/2756 2442/2442/2442 2448/2448/2448
f 2756/2756/2756 2448/2448/2448 2758/2758/2758
f 2626/2626/2626 2755/2755/2755 2757/2757/2757
f 2758/2758/2758 2448/2448/2448 2457/2457/2457
f 2758/2758/2758 2457/2457/2457 2760/2760/2760
f 2622/2622/2622 2757/2757/2757 2759/2759/2759
f 2626/2626/2626 2757/2757/2757 2622/2622/2622
f 2619/2619/2619 2759/2759/2759 2763/2763/2763
f 2622/2622/2622 2759/2759/2759 2619/2619/2619
f 2760/2760/2760 2761/2761/2761 2764/2764/2764
f 2760/2760/2760 2457/2457/2457 2761/2761/2761
f 2764/2764/2764 2761/2761/2761 2766/2766/2766
f 2764/2764/2764 2766/2766/2766 2767/2767/2767
f 2619/2619/2619 2763/2763/2763 2768/2768/2768
f 2767/2767/2767 2766/2766/2766 2615/2615/2615
f 2767/2767/2767 2615/2615/2615 2620/2620/2620
f 2765/2765/2765 2762/2762/2762 2770/2770/2770
f 2765/2765/2765 2770/2770/2770 2607/2607/2607
f 2616/2616/2616 2765/2765/2765 2607/2607/2607
f 2769/2769/2769 2458/2458/2458 2466/2466/2466
f 2762/2762/2762 2460/2460/2460 2770/2770/2770
f 2606/2606/2606 2771/2771/2771 2594/2594/2594
f 2769/2769/2769 2466/2466/2466 2593/2593/2593
f 2762/2762/2762 2456/2456/2456 2460/2460/2460
f 2744/2744/2744 2440/2440/2440 2751/2751/2751
f 2751/2751/2751 2440/2440/2440 2442/2442/2442
f 2744/2744/2744 2742/2742/2742 2440/2440/2440
f 2741/2741/2741 2737/2737/2737 2773/2773/2773
f 2439/2439/2439 2741/2741/2741 2433/2433/2433
f 2741/2741/2741 2773/2773/2773 2433/2433/2433
f 2772/2772/2772 2775/2775/2775 2411/2411/2411
f 2737/2737/2737 2777/2777/2777 2773/2773/2773
f 2432/2432/2432 2774/2774/2774 2418/2418/2418
f 2772/2772/2772 2411/2411/2411 2417/2417/2417
f 2776/2776/2776 2400/2400/2400 2412/2412/2412
f 2776/2776/2776 2394/2394/2394 2400/2400/2400
f 2736/2736/2736 2395/2395/2395 2777/2777/2777
f 2737/2737/2737 2736/2736/2736 2777/2777/2777
f 2736/2736/2736 2375/2375/2375 2395/2395/2395
f 2377/2377/2377 2374/2374/2374 2735/2735/2735
f 2728/2728/2728 2660/2660/2660 2723/2723/2723
f 2722/2722/2722 2663/2663/2663 2674/2674/2674
f 2722/2722/2722 2662/2662/2662 2663/2663/2663
f 2704/2704/2704 2282/2282/2282 2708/2708/2708
f 2668/2668/2668 2669/2669/2669 2681/2681/2681
f 2614/2614/2614 2603/2603/2603 2635/2635/2635
f 2599/2599/2599 2587/2587/2587 2588/2588/2588
f 2471/2471/2471 2478/2478/2478 2583/2583/2583
f 2471/2471/2471 2472/2472/2472 2478/2478/2478
f 2368/2368/2368 2346/2346/2346 2350/2350/2350
f 2317/2317/2317 2340/2340/2340 2318/2318/2318
f 2305/2305/2305 2322/2322/2322 2303/2303/2303
f 2313/2313/2313 2282/2282/2282 2311/2311/2311
f 2311/2311/2311 2282/2282/2282 2284/2284/2284
f 2779/2779/2779 2778/2778/2778 2780/2780/2780
f 2779/2779/2779 2781/2781/2781 2778/2778/2778
f 2780/2780/2780 2778/2778/2778 2784/2784/2784
f 2781/2781/2781 2782/2782/2782 2778/2778/2778
f 2778/2778/2778 2782/2782/2782 2783/2783/2783
f 2778/2778/2778 2783/2783/2783 2784/2784/2784
f 2784/2784/2784 2783/2783/2783 2786/2786/2786
f 2787/2787/2787 2784/2784/2784 2785/2785/2785
f 2784/2784/2784 2786/2786/2786 2785/2785/2785
f 2780/2780/2780 2784/2784/2784 2787/2787/2787
f 2787/2787/2787 2785/2785/2785 2788/2788/2788
f 2790/2790/2790 2787/2787/2787 2788/2788/2788
f 2789/2789/2789 2780/2780/2780 2787/2787/2787
f 2789/2789/2789 2787/2787/2787 2790/2790/2790
f 2790/2790/2790 2788/2788/2788 2791/2791/2791
f 2791/2791/2791 2788/2788/2788 2792/2792/2792
f 2791/2791/2791 2792/2792/2792 2793/2793/2793
f 2793/2793/2793 2792/2792/2792 2794/2794/2794
f 2793/2793/2793 2794/2794/2794 2795/2795/2795
f 2795/2795/2795 2794/2794/2794 2797/2797/2797
f 2795/2795/2795 2797/2797/2797 2796/2796/2796
f 2794/2794/2794 2798/2798/2798 2797/2797/2797
f 2797/2797/2797 2798/2798/2798 2799/2799/2799
f 2796/2796/2796 2797/2797/2797 2800/2800/2800
f 2797/2797/2797 2799/2799/2799 2800/2800/2800
f 2796/2796/2796 2800/2800/2800 2802/2802/2802
f 2800/2800/2800 2799/2799/2799 2801/2801/2801
f 2800/2800/2800 2801/2801/2801 2803/2803/2803
f 2802/2802/2802 2800/2800/2800 2803/2803/2803
f 2804/2804/2804 2803/2803/2803 2805/2805/2805
f 2802/2802/2802 2803/2803/2803 2804/2804/2804
f 2803/2803/2803 2806/2806/2806 2805/2805/2805
f 2803/2803/2803 2801/2801/2801 2806/2806/2806
f 2805/2805/2805 2806/2806/2806 2809/2809/2809
f 2801/2801/2801 2807/2807/2807 2806/2806/2806
f 2806/2806/2806 2807/2807/2807 2808/2808/2808
f 2806/2806/2806 2808/2808/2808 2809/2809/2809
f 2812/2812/2812 2809/2809/2809 2810/2810/2810
f 2809/2809/2809 2811/2811/2811 2810/2810/2810
f 2809/2809/2809 2808/2808/2808 2811/2811/2811
f 2805/2805/2805 2809/2809/2809 2812/2812/2812
f 2812/2812/2812 2810/2810/2810 2813/2813/2813
f 2815/2815/2815 2812/2812/2812 2813/2813/2813
f 2814/2814/2814 2805/2805/2805 2812/2812/2812
f 2814/2814/2814 2812/2812/2812 2815/2815/2815
f 2815/2815/2815 2813/2813/2813 2816/2816/2816
f 2816/2816/2816 2813/2813/2813 2817/2817/2817
f 2816/2816/2816 2817/2817/2817 2818/2818/2818
f 2818/2818/2818 2817/2817/2817 2819/2819/2819
f 2818/2818/2818 2819/2819/2819 2820/2820/2820
f 2820/2820/2820 2821/2821/2821 2822/2822/2822
f 2820/2820/2820 2819/2819/2819 2821/2821/2821
f 2822/2822/2822 2823/2823/2823 2824/2824/2824
f 2822/2822/2822 2821/2821/2821 2823/2823/2823
f 2824/2824/2824 2823/2823/2823 2825/2825/2825
f 2824/2824/2824 2825/2825/2825 2826/2826/2826
f 2826/2826/2826 2825/2825/2825 2827/2827/2827
f 2826/2826/2826 2827/2827/2827 2828/2828/2828
f 2828/2828/2828 2827/2827/2827 2829/2829/2829
f 2828/2828/2828 2829/2829/2829 2830/2830/2830
f 2830/2830/2830 2832/2832/2832 2831/2831/2831
f 2830/2830/2830 2829/2829/2829 2832/2832/2832
f 2831/2831/2831 2832/2832/2832 2834/2834/2834
f 2829/2829/2829 2833/2833/2833 2832/2832/2832
f 2832/2832/2832 2833/2833/2833 2835/2835/2835
f 2832/2832/2832 2835/2835/2835 2834/2834/2834
f 2835/2835/2835 2836/2836/2836 2837/2837/2837
f 2835/2835/2835 2838/2838/2838 2836/2836/2836
f 2833/2833/2833 2838/2838/2838 2835/2835/2835
f 2834/2834/2834 2835/2835/2835 2837/2837/2837
f 2838/2838/2838 2840/2840/2840 2836/2836/2836
f 2841/2841/2841 2839/2839/2839 2838/2838/2838
f 2838/2838/2838 2839/2839/2839 2840/2840/2840
f 2833/2833/2833 2841/2841/2841 2838/2838/2838
f 2842/2842/2842 2841/2841/2841 2833/2833/2833
f 2842/2842/2842 2843/2843/2843 2841/2841/2841
f 2843/2843/2843 2844/2844/2844 2841/2841/2841
f 2841/2841/2841 2844/2844/2844 2839/2839/2839
f 2843/2843/2843 2845/2845/2845 2844/2844/2844
f 2845/2845/2845 2847/2847/2847 2844/2844/2844
f 2844/2844/2844 2846/2846/2846 2839/2839/2839
f 2844/2844/2844 2847/2847/2847 2846/2846/2846
f 2845/2845/2845 2848/2848/2848 2847/2847/2847
f 2847/2847/2847 2848/2848/2848 3002/3002/3002
f 3002/3002/3002 2849/2849/2849 2847/2847/2847
f 2847/2847/2847 2849/2849/2849 2850/2850/2850
f 2846/2846/2846 2847/2847/2847 2850/2850/2850
f 2850/2850/2850 2851/2851/2851 2846/2846/2846
f 2846/2846/2846 2851/2851/2851 2852/2852/2852
f 2854/2854/2854 2846/2846/2846 2852/2852/2852
f 2852/2852/2852 2853/2853/2853 2854/2854/2854
f 2854/2854/2854 2853/2853/2853 2855/2855/2855
f 2857/2857/2857 2854/2854/2854 2855/2855/2855
f 2855/2855/2855 2856/2856/2856 2857/2857/2857
f 2857/2857/2857 2856/2856/2856 2858/2858/2858
f 2861/2861/2861 2857/2857/2857 2858/2858/2858
f 2858/2858/2858 2859/2859/2859 2861/2861/2861
f 2861/2861/2861 2859/2859/2859 2860/2860/2860
f 2862/2862/2862 2861/2861/2861 2863/2863/2863
f 2862/2862/2862 2857/2857/2857 2861/2861/2861
f 2863/2863/2863 2861/2861/2861 2864/2864/2864
f 2864/2864/2864 2861/2861/2861 2860/2860/2860
f 2860/2860/2860 2867/2867/2867 2864/2864/2864
f 2863/2863/2863 2864/2864/2864 2865/2865/2865
f 2865/2865/2865 2864/2864/2864 2866/2866/2866
f 2866/2866/2866 2864/2864/2864 2868/2868/2868
f 2868/2868/2868 2869/2869/2869 2866/2866/2866
f 2864/2864/2864 2867/2867/2867 2868/2868/2868
f 2866/2866/2866 2869/2869/2869 2870/2870/2870
f 2872/2872/2872 2866/2866/2866 2870/2870/2870
f 2870/2870/2870 2871/2871/2871 2872/2872/2872
f 2872/2872/2872 2871/2871/2871 2873/2873/2873
f 2877/2877/2877 2872/2872/2872 2873/2873/2873
f 2873/2873/2873 2875/2875/2875 2877/2877/2877
f 2876/2876/2876 2878/2878/2878 2874/2874/2874
f 2881/2881/2881 2878/2878/2878 2879/2879/2879
f 2879/2879/2879 2878/2878/2878 2876/2876/2876
f 2876/2876/2876 3024/3024/3024 2879/2879/2879
f 2882/2882/2882 2877/2877/2877 2880/2880/2880
f 2882/2882/2882 2872/2872/2872 2877/2877/2877
f 2883/2883/2883 2872/2872/2872 2882/2882/2882
f 2884/2884/2884 2883/2883/2883 2882/2882/2882
f 2885/2885/2885 2882/2882/2882 2880/2880/2880
f 2884/2884/2884 2882/2882/2882 2885/2885/2885
f 2885/2885/2885 2880/2880/2880 2886/2886/2886
f 2889/2889/2889 2885/2885/2885 2886/2886/2886
f 2888/2888/2888 2885/2885/2885 2889/2889/2889
f 2888/2888/2888 2884/2884/2884 2885/2885/2885
f 2889/2889/2889 2886/2886/2886 2893/2893/2893
f 2891/2891/2891 2889/2889/2889 2890/2890/2890
f 2890/2890/2890 2889/2889/2889 2893/2893/2893
f 2891/2891/2891 2888/2888/2888 2889/2889/2889
f 2897/2897/2897 2892/2892/2892 2894/2894/2894
f 2892/2892/2892 2895/2895/2895 2894/2894/2894
f 2892/2892/2892 2887/2887/2887 2895/2895/2895
f 2890/2890/2890 2893/2893/2893 2896/2896/2896
f 2898/2898/2898 2896/2896/2896 2900/2900/2900
f 2898/2898/2898 2890/2890/2890 2896/2896/2896
f 2897/2897/2897 2894/2894/2894 2899/2899/2899
f 2901/2901/2901 2897/2897/2897 2899/2899/2899
f 2901/2901/2901 2899/2899/2899 2902/2902/2902
f 2902/2902/2902 2903/2903/2903 2904/2904/2904
f 2902/2902/2902 2899/2899/2899 2903/2903/2903
f 2904/2904/2904 2903/2903/2903 2905/2905/2905
f 2904/2904/2904 2905/2905/2905 2906/2906/2906
f 2906/2906/2906 2905/2905/2905 2907/2907/2907
f 2906/2906/2906 2907/2907/2907 2908/2908/2908
f 2908/2908/2908 2779/2779/2779 2909/2909/2909
f 2908/2908/2908 2907/2907/2907 2779/2779/2779
f 2909/2909/2909 2779/2779/2779 2780/2780/2780
f 2909/2909/2909 2780/2780/2780 2789/2789/2789
f 2905/2905/2905 2910/2910/2910 2907/2907/2907
f 2907/2907/2907 2781/2781/2781 2779/2779/2779
f 2907/2907/2907 2910/2910/2910 2781/2781/2781
f 2910/2910/2910 2911/2911/2911 2781/2781/2781
f 2910/2910/2910 2912/2912/2912 2911/2911/2911
f 2905/2905/2905 2913/2913/2913 2910/2910/2910
f 2913/2913/2913 2912/2912/2912 2910/2910/2910
f 2903/2903/2903 2913/2913/2913 2905/2905/2905
f 2903/2903/2903 2915/2915/2915 2913/2913/2913
f 2915/2915/2915 2914/2914/2914 2913/2913/2913
f 2913/2913/2913 2914/2914/2914 2912/2912/2912
f 2899/2899/2899 2894/2894/2894 2915/2915/2915
f 2894/2894/2894 2916/2916/2916 2915/2915/2915
f 2915/2915/2915 2916/2916/2916 2914/2914/2914
f 2899/2899/2899 2915/2915/2915 2903/2903/2903
f 2894/2894/2894 2895/2895/2895 2916/2916/2916
f 2895/2895/2895 2917/2917/2917 2916/2916/2916
f 2916/2916/2916 2918/2918/2918 2914/2914/2914
f 2916/2916/2916 2917/2917/2917 2918/2918/2918
f 2918/2918/2918 2919/2919/2919 2921/2921/2921
f 2918/2918/2918 2920/2920/2920 2919/2919/2919
f 2917/2917/2917 2920/2920/2920 2918/2918/2918
f 2914/2914/2914 2918/2918/2918 2921/2921/2921
f 2921/2921/2921 2922/2922/2922 2923/2923/2923
f 2921/2921/2921 2919/2919/2919 2922/2922/2922
f 2912/2912/2912 2921/2921/2921 2923/2923/2923
f 2914/2914/2914 2921/2921/2921 2912/2912/2912
f 2912/2912/2912 2923/2923/2923 2911/2911/2911
f 2911/2911/2911 2923/2923/2923 2925/2925/2925
f 2923/2923/2923 2924/2924/2924 2925/2925/2925
f 2923/2923/2923 2922/2922/2922 2924/2924/2924
f 2911/2911/2911 2925/2925/2925 2782/2782/2782
f 2925/2925/2925 2927/2927/2927 2926/2926/2926
f 2782/2782/2782 2925/2925/2925 2926/2926/2926
f 2925/2925/2925 2924/2924/2924 2927/2927/2927
f 2927/2927/2927 2924/2924/2924 3011/3011/3011
f 3011/3011/3011 2929/2929/2929 2927/2927/2927
f 2926/2926/2926 2927/2927/2927 2928/2928/2928
f 2928/2928/2928 2927/2927/2927 2930/2930/2930
f 2930/2930/2930 2931/2931/2931 2928/2928/2928
f 2927/2927/2927 2929/2929/2929 2930/2930/2930
f 2928/2928/2928 2931/2931/2931 2932/2932/2932
f 2935/2935/2935 2928/2928/2928 2932/2932/2932
f 2932/2932/2932 2933/2933/2933 2935/2935/2935
f 2935/2935/2935 2933/2933/2933 2934/2934/2934
f 2938/2938/2938 2935/2935/2935 2936/2936/2936
f 2936/2936/2936 2935/2935/2935 2934/2934/2934
f 2934/2934/2934 3008/3008/3008 2936/2936/2936
f 2937/2937/2937 2935/2935/2935 2938/2938/2938
f 2937/2937/2937 2928/2928/2928 2935/2935/2935
f 2786/2786/2786 2938/2938/2938 2939/2939/2939
f 2939/2939/2939 2938/2938/2938 2940/2940/2940
f 2938/2938/2938 2936/2936/2936 2940/2940/2940
f 2786/2786/2786 2937/2937/2937 2938/2938/2938
f 2939/2939/2939 2940/2940/2940 2941/2941/2941
f 2941/2941/2941 2940/2940/2940 2943/2943/2943
f 2940/2940/2940 2942/2942/2942 2943/2943/2943
f 2940/2940/2940 2936/2936/2936 2942/2942/2942
f 2941/2941/2941 2943/2943/2943 2944/2944/2944
f 2944/2944/2944 2943/2943/2943 2945/2945/2945
f 2943/2943/2943 2946/2946/2946 2945/2945/2945
f 2943/2943/2943 2942/2942/2942 2946/2946/2946
f 2946/2946/2946 2942/2942/2942 3005/3005/3005
f 3005/3005/3005 2948/2948/2948 2946/2946/2946
f 2949/2949/2949 2946/2946/2946 2947/2947/2947
f 2947/2947/2947 2953/2953/2953 2949/2949/2949
f 2946/2946/2946 2948/2948/2948 2947/2947/2947
f 2945/2945/2945 2946/2946/2946 2949/2949/2949
f 2951/2951/2951 2949/2949/2949 2950/2950/2950
f 2950/2950/2950 2949/2949/2949 2952/2952/2952
f 2952/2952/2952 2954/2954/2954 2950/2950/2950
f 2945/2945/2945 2949/2949/2949 2951/2951/2951
f 2949/2949/2949 2953/2953/2953 2952/2952/2952
f 2950/2950/2950 2954/2954/2954 2955/2955/2955
f 2958/2958/2958 2950/2950/2950 2955/2955/2955
f 2955/2955/2955 2956/2956/2956 2958/2958/2958
f 2958/2958/2958 2956/2956/2956 2957/2957/2957
f 2959/2959/2959 2950/2950/2950 2958/2958/2958
f 2959/2959/2959 2958/2958/2958 2960/2960/2960
f 2960/2960/2960 2958/2958/2958 2961/2961/2961
f 2961/2961/2961 2958/2958/2958 2957/2957/2957
f 2957/2957/2957 2965/2965/2965 2961/2961/2961
f 2960/2960/2960 2961/2961/2961 2962/2962/2962
f 2962/2962/2962 2961/2961/2961 2963/2963/2963
f 2963/2963/2963 2961/2961/2961 2964/2964/2964
f 2964/2964/2964 2966/2966/2966 2963/2963/2963
f 2961/2961/2961 2965/2965/2965 2964/2964/2964
f 2963/2963/2963 2966/2966/2966 2967/2967/2967
f 2970/2970/2970 2963/2963/2963 2967/2967/2967
f 2967/2967/2967 2968/2968/2968 2970/2970/2970
f 2970/2970/2970 2968/2968/2968 2969/2969/2969
f 2971/2971/2971 2970/2970/2970 2972/2972/2972
f 2971/2971/2971 2963/2963/2963 2970/2970/2970
f 2972/2972/2972 2970/2970/2970 2973/2973/2973
f 2973/2973/2973 2970/2970/2970 2969/2969/2969
f 2969/2969/2969 2977/2977/2977 2973/2973/2973
f 2972/2972/2972 2973/2973/2973 2974/2974/2974
f 2974/2974/2974 2973/2973/2973 2975/2975/2975
f 2975/2975/2975 2973/2973/2973 2976/2976/2976
f 2976/2976/2976 2978/2978/2978 2975/2975/2975
f 2973/2973/2973 2977/2977/2977 2976/2976/2976
f 2975/2975/2975 2978/2978/2978 2979/2979/2979
f 2981/2981/2981 2975/2975/2975 2979/2979/2979
f 2979/2979/2979 2980/2980/2980 2981/2981/2981
f 2981/2981/2981 2980/2980/2980 2982/2982/2982
f 2985/2985/2985 2981/2981/2981 2982/2982/2982
f 2982/2982/2982 2983/2983/2983 2985/2985/2985
f 2985/2985/2985 2983/2983/2983 2984/2984/2984
f 2986/2986/2986 2985/2985/2985 2848/2848/2848
f 2987/2987/2987 2985/2985/2985 2986/2986/2986
f 2987/2987/2987 2981/2981/2981 2985/2985/2985
f 2848/2848/2848 2985/2985/2985 2984/2984/2984
f 2984/2984/2984 3001/3001/3001 2848/2848/2848
f 2988/2988/2988 2981/2981/2981 2987/2987/2987
f 2990/2990/2990 2988/2988/2988 2987/2987/2987
f 2990/2990/2990 2987/2987/2987 2989/2989/2989
f 2989/2989/2989 2987/2987/2987 2986/2986/2986
f 2991/2991/2991 2990/2990/2990 2993/2993/2993
f 2991/2991/2991 2992/2992/2992 2990/2990/2990
f 2992/2992/2992 2988/2988/2988 2990/2990/2990
f 2993/2993/2993 2990/2990/2990 2989/2989/2989
f 2821/2821/2821 2991/2991/2991 2993/2993/2993
f 2823/2823/2823 2993/2993/2993 2994/2994/2994
f 2993/2993/2993 2989/2989/2989 2994/2994/2994
f 2821/2821/2821 2993/2993/2993 2823/2823/2823
f 2823/2823/2823 2994/2994/2994 2825/2825/2825
f 2825/2825/2825 2994/2994/2994 2995/2995/2995
f 2994/2994/2994 2996/2996/2996 2995/2995/2995
f 2994/2994/2994 2989/2989/2989 2996/2996/2996
f 2995/2995/2995 2996/2996/2996 2843/2843/2843
f 2996/2996/2996 2845/2845/2845 2843/2843/2843
f 2996/2996/2996 2986/2986/2986 2845/2845/2845
f 2989/2989/2989 2986/2986/2986 2996/2996/2996
f 2825/2825/2825 2995/2995/2995 2827/2827/2827
f 2827/2827/2827 2995/2995/2995 2842/2842/2842
f 2995/2995/2995 2843/2843/2843 2842/2842/2842
f 2997/2997/2997 2992/2992/2992 2991/2991/2991
f 2997/2997/2997 2998/2998/2998 2992/2992/2992
f 2998/2998/2998 2974/2974/2974 2992/2992/2992
f 2992/2992/2992 2974/2974/2974 2988/2988/2988
f 2999/2999/2999 2998/2998/2998 2997/2997/2997
f 2999/2999/2999 3000/3000/3000 2998/2998/2998
f 3000/3000/3000 2972/2972/2972 2998/2998/2998
f 2998/2998/2998 2972/2972/2972 2974/2974/2974
f 2810/2810/2810 3000/3000/3000 2999/2999/2999
f 2810/2810/2810 2811/2811/2811 3000/3000/3000
f 2811/2811/2811 2971/2971/2971 3000/3000/3000
f 3000/3000/3000 2971/2971/2971 2972/2972/2972
f 2817/2817/2817 2999/2999/2999 2997/2997/2997
f 2813/2813/2813 2999/2999/2999 2817/2817/2817
f 2813/2813/2813 2810/2810/2810 2999/2999/2999
f 2819/2819/2819 2997/2997/2997 2991/2991/2991
f 2817/2817/2817 2997/2997/2997 2819/2819/2819
f 2819/2819/2819 2991/2991/2991 2821/2821/2821
f 2974/2974/2974 2975/2975/2975 2988/2988/2988
f 2988/2988/2988 2975/2975/2975 2981/2981/2981
f 2986/2986/2986 2848/2848/2848 2845/2845/2845
f 3002/3002/3002 2848/2848/2848 3001/3001/3001
f 2962/2962/2962 2963/2963/2963 2971/2971/2971
f 2811/2811/2811 2962/2962/2962 2971/2971/2971
f 2808/2808/2808 2960/2960/2960 2962/2962/2962
f 2808/2808/2808 2962/2962/2962 2811/2811/2811
f 2807/2807/2807 2959/2959/2959 2960/2960/2960
f 2807/2807/2807 2960/2960/2960 2808/2808/2808
f 2951/2951/2951 2950/2950/2950 2959/2959/2959
f 3003/3003/3003 2951/2951/2951 2959/2959/2959
f 3003/3003/3003 2959/2959/2959 2807/2807/2807
f 2799/2799/2799 3003/3003/3003 2801/2801/2801
f 2801/2801/2801 3003/3003/3003 2807/2807/2807
f 2799/2799/2799 3004/3004/3004 3003/3003/3003
f 3004/3004/3004 2951/2951/2951 3003/3003/3003
f 2944/2944/2944 2945/2945/2945 3004/3004/3004
f 2798/2798/2798 2944/2944/2944 3004/3004/3004
f 2798/2798/2798 3004/3004/3004 2799/2799/2799
f 3004/3004/3004 2945/2945/2945 2951/2951/2951
f 2942/2942/2942 3006/3006/3006 3005/3005/3005
f 2942/2942/2942 2936/2936/2936 3007/3007/3007
f 3007/3007/3007 3006/3006/3006 2942/2942/2942
f 2936/2936/2936 3008/3008/3008 3007/3007/3007
f 3009/3009/3009 2941/2941/2941 2944/2944/2944
f 3009/3009/3009 2944/2944/2944 2798/2798/2798
f 2792/2792/2792 3009/3009/3009 2794/2794/2794
f 2792/2792/2792 3010/3010/3010 3009/3009/3009
f 2794/2794/2794 3009/3009/3009 2798/2798/2798
f 3010/3010/3010 2941/2941/2941 3009/3009/3009
f 3010/3010/3010 2939/2939/2939 2941/2941/2941
f 2788/2788/2788 3010/3010/3010 2792/2792/2792
f 2788/2788/2788 2785/2785/2785 3010/3010/3010
f 2785/2785/2785 2939/2939/2939 3010/3010/3010
f 2785/2785/2785 2786/2786/2786 2939/2939/2939
f 2926/2926/2926 2928/2928/2928 2937/2937/2937
f 2783/2783/2783 2937/2937/2937 2786/2786/2786
f 2783/2783/2783 2926/2926/2926 2937/2937/2937
f 2924/2924/2924 3012/3012/3012 3011/3011/3011
f 2924/2924/2924 2922/2922/2922 3013/3013/3013
f 3013/3013/3013 3012/3012/3012 2924/2924/2924
f 2922/2922/2922 3014/3014/3014 3013/3013/3013
f 2922/2922/2922 2919/2919/2919 3015/3015/3015
f 3015/3015/3015 3014/3014/3014 2922/2922/2922
f 2919/2919/2919 3016/3016/3016 3015/3015/3015
f 2919/2919/2919 2920/2920/2920 3017/3017/3017
f 3017/3017/3017 3016/3016/3016 2919/2919/2919
f 2920/2920/2920 3018/3018/3018 3017/3017/3017
f 2920/2920/2920 3021/3021/3021 3019/3019/3019
f 3019/3019/3019 3018/3018/3018 2920/2920/2920
f 3021/3021/3021 3020/3020/3020 3019/3019/3019
f 3022/3022/3022 3021/3021/3021 2917/2917/2917
f 3022/3022/3022 2879/2879/2879 3021/3021/3021
f 3021/3021/3021 2879/2879/2879 3023/3023/3023
f 3023/3023/3023 3020/3020/3020 3021/3021/3021
f 2917/2917/2917 3021/3021/3021 2920/2920/2920
f 2887/2887/2887 3022/3022/3022 2895/2895/2895
f 2887/2887/2887 2881/2881/2881 3022/3022/3022
f 2895/2895/2895 3022/3022/3022 2917/2917/2917
f 2881/2881/2881 2879/2879/2879 3022/3022/3022
f 2879/2879/2879 3024/3024/3024 3023/3023/3023
f 2782/2782/2782 2926/2926/2926 2783/2783/2783
f 2781/2781/2781 2911/2911/2911 2782/2782/2782
f 3025/3025/3025 2890/2890/2890 2898/2898/2898
f 3026/3026/3026 2891/2891/2891 3025/3025/3025
f 3025/3025/3025 2891/2891/2891 2890/2890/2890
f 3028/3028/3028 3027/3027/3027 3026/3026/3026
f 3026/3026/3026 3027/3027/3027 2891/2891/2891
f 3029/3029/3029 3030/3030/3030 3028/3028/3028
f 3028/3028/3028 3030/3030/3030 3027/3027/3027
f 3031/3031/3031 3033/3033/3033 3030/3030/3030
f 3029/3029/3029 3031/3031/3031 3030/3030/3030
f 3030/3030/3030 3032/3032/3032 3027/3027/3027
f 3030/3030/3030 3033/3033/3033 3032/3032/3032
f 3031/3031/3031 3036/3036/3036 3033/3033/3033
f 3036/3036/3036 3034/3034/3034 3033/3033/3033
f 3033/3033/3033 3034/3034/3034 3035/3035/3035
f 3033/3033/3033 3035/3035/3035 3032/3032/3032
f 3036/3036/3036 3038/3038/3038 3034/3034/3034
f 3037/3037/3037 3036/3036/3036 3031/3031/3031
f 3037/3037/3037 2837/2837/2837 3036/3036/3036
f 2837/2837/2837 3038/3038/3038 3036/3036/3036
f 3038/3038/3038 2863/2863/2863 3034/3034/3034
f 2837/2837/2837 2836/2836/2836 3038/3038/3038
f 2836/2836/2836 2862/2862/2862 3038/3038/3038
f 3038/3038/3038 2862/2862/2862 2863/2863/2863
f 3039/3039/3039 3037/3037/3037 3031/3031/3031
f 3040/3040/3040 3037/3037/3037 3039/3039/3039
f 2834/2834/2834 2837/2837/2837 3037/3037/3037
f 3040/3040/3040 2834/2834/2834 3037/3037/3037
f 2831/2831/2831 2834/2834/2834 3040/3040/3040
f 3039/3039/3039 3031/3031/3031 3029/3029/3029
f 3034/3034/3034 2865/2865/2865 3035/3035/3035
f 3032/3032/3032 3035/3035/3035 2884/2884/2884
f 3035/3035/3035 2883/2883/2883 2884/2884/2884
f 3035/3035/3035 2865/2865/2865 2883/2883/2883
f 3034/3034/3034 2863/2863/2863 2865/2865/2865
f 3027/3027/3027 3032/3032/3032 2888/2888/2888
f 3032/3032/3032 2884/2884/2884 2888/2888/2888
f 3027/3027/3027 2888/2888/2888 2891/2891/2891
f 2883/2883/2883 2866/2866/2866 2872/2872/2872
f 2865/2865/2865 2866/2866/2866 2883/2883/2883
f 2836/2836/2836 2840/2840/2840 2862/2862/2862
f 2840/2840/2840 2857/2857/2857 2862/2862/2862
f 2840/2840/2840 2854/2854/2854 2857/2857/2857
f 2839/2839/2839 2854/2854/2854 2840/2840/2840
f 2839/2839/2839 2846/2846/2846 2854/2854/2854
f 2827/2827/2827 2842/2842/2842 2829/2829/2829
f 2829/2829/2829 2842/2842/2842 2833/2833/2833
f 2804/2804/2804 2805/2805/2805 2814/2814/2814