# https://github.com/mikedh/trimesh
mtllib material.mtl
usemtl material_0
v -0.15163344 -0.27887167 0.20038566
v -0.15163344 -0.27887167 0.20038566
v -0.15066531 -0.27923525 0.20149318
v -0.15066531 -0.27923525 0.20149318
v -0.15066531 -0.27923525 0.20149318
v -0.15253608 -0.27405536 0.20093480
v -0.15253608 -0.27405536 0.20093480
v -0.15233792 -0.27405536 0.20135799
v -0.15233792 -0.27405536 0.20135799
v -0.15192061 -0.27914037 0.19890197
v -0.15192061 -0.27914037 0.19890197
v -0.15135971 -0.28380471 0.19951409
v -0.15152093 -0.28463262 0.19891876
v -0.15037478 -0.28375349 0.20093480
v -0.15037478 -0.28375349 0.20093480
v -0.15052508 -0.28787372 0.20016818
v -0.15052508 -0.28787372 0.20016818
v -0.15123880 -0.28831707 0.19933692
v -0.15145459 -0.28879232 0.19796658
v -0.15112461 -0.28970671 0.19934195
v -0.15125727 -0.29014670 0.19808749
v -0.15029250 -0.28976801 0.19969126
v -0.15029250 -0.28976801 0.19969126
v -0.14821097 -0.28996365 0.20020261
v -0.14826639 -0.29061187 0.19867442
v -0.15039410 -0.29035158 0.19829069
v -0.15039410 -0.29035158 0.19829069
v -0.15042852 -0.29123826 0.19536950
v -0.15042852 -0.29123826 0.19536950
v -0.15130177 -0.29096957 0.19526538
v -0.15152681 -0.28956397 0.19511172
v -0.15130177 -0.29184198 0.19159269
v -0.15152764 -0.29036165 0.19144406
v -0.15172665 -0.28640935 0.19105530
v -0.15152764 -0.29091247 0.18763702
v -0.15172497 -0.28582998 0.19473975
v -0.15167291 -0.28520611 0.19759377
v -0.15206419 -0.28027895 0.19692288
v -0.15204320 -0.28062574 0.19417885
v -0.15238326 -0.28008499 0.19399245
v -0.15204572 -0.28091374 0.19049272
v -0.15204656 -0.28121182 0.18667729
v -0.15172749 -0.28685185 0.18723902
v -0.15238494 -0.28036796 0.19037601
v -0.15260913 -0.28014545 0.19031220
v -0.15260745 -0.27986668 0.19388077
v -0.15238578 -0.28066268 0.18660004
v -0.15238578 -0.28096412 0.18274345
v -0.15260913 -0.28043849 0.18656225
v -0.15204740 -0.28151494 0.18279803
v -0.15172749 -0.28719108 0.18335389
v -0.15204656 -0.28181806 0.17891794
v -0.15172749 -0.28745977 0.17946204
v -0.15151169 -0.29155398 0.17607315
v -0.15152764 -0.29151955 0.17986004
v -0.15171573 -0.28760671 0.17566340
v -0.15204320 -0.28211530 0.17511342
v -0.15168298 -0.28758236 0.17205704
v -0.15146215 -0.29129536 0.17251549
v -0.15136643 -0.29096873 0.16986383
v -0.15128414 -0.29303263 0.17622262
v -0.15122956 -0.29269676 0.17266831
v -0.15041257 -0.29332315 0.17622513
v -0.15041257 -0.29332315 0.17622513
v -0.15036555 -0.29298141 0.17259358
v -0.15036555 -0.29298141 0.17259358
v -0.15115651 -0.29230044 0.17004352
v -0.15108346 -0.29211403 0.16904684
v -0.15028830 -0.29227021 0.16881005
v -0.15028830 -0.29227021 0.16881005
v -0.15031433 -0.29254898 0.16987643
v -0.15031433 -0.29254898 0.16987643
v -0.14822272 -0.29288569 0.16945240
v -0.14821601 -0.29257165 0.16830541
v -0.14550557 -0.29124666 0.16759758
v -0.14550557 -0.29275890 0.16798634
v -0.14825379 -0.29107957 0.16791413
v -0.15055363 -0.28700131 0.16780581
v -0.15055363 -0.28700131 0.16780581
v -0.15036723 -0.29084194 0.16845068
v -0.15036723 -0.29084194 0.16845068
v -0.14835959 -0.28708528 0.16726087
v -0.15111285 -0.28264429 0.16721469
v -0.15111285 -0.28264429 0.16721469
v -0.14849897 -0.28305153 0.16664540
v -0.14550557 -0.28719024 0.16695355
v -0.14550557 -0.28309603 0.16634396
v -0.14265071 -0.28708528 0.16726087
v -0.14251216 -0.28305153 0.16664540
v -0.14550557 -0.28146792 0.16605763
v -0.14550557 -0.28146792 0.16605763
v -0.13989744 -0.28264429 0.16721469
v -0.13989744 -0.28264429 0.16721469
v -0.14237446 -0.28144441 0.16636747
v -0.14237446 -0.28144441 0.16636747
v -0.14218973 -0.28028399 0.16578726
v -0.13976730 -0.28158379 0.16699721
v -0.13976730 -0.28158379 0.16699721
v -0.13976730 -0.28158379 0.16699721
v -0.14550557 -0.28031002 0.16545895
v -0.14882140 -0.28028399 0.16578726
v -0.14175646 -0.27405536 0.16238829
v -0.14175646 -0.27405536 0.16238829
v -0.14863668 -0.28144441 0.16636747
v -0.14863668 -0.28144441 0.16636747
v -0.14550557 -0.27405536 0.16200121
v -0.14550557 -0.27405536 0.16200121
v -0.14925383 -0.27405536 0.16238829
v -0.14925383 -0.27405536 0.16238829
v -0.14940077 -0.27405536 0.16240341
v -0.14940077 -0.27405536 0.16240341
v -0.15294920 -0.27405536 0.16352016
v -0.15294920 -0.27405536 0.16352016
v -0.15314232 -0.27405536 0.16357642
v -0.15314232 -0.27405536 0.16357642
v -0.15634312 -0.27405536 0.16536407
v -0.15634312 -0.27405536 0.16536407
v -0.15213808 -0.28069711 0.16698462
v -0.15213808 -0.28069711 0.16698462
v -0.15240677 -0.28149395 0.16778062
v -0.15205495 -0.28186088 0.16761857
v -0.15512981 -0.28002202 0.16846831
v -0.15512981 -0.28002202 0.16846831
v -0.15514912 -0.28099939 0.16936423
v -0.15290470 -0.28139487 0.16807283
v -0.15348658 -0.28115640 0.16830121
v -0.15124300 -0.28158379 0.16699721
v -0.15124300 -0.28158379 0.16699721
v -0.15124300 -0.28158379 0.16699721
v -0.15562101 -0.28105312 0.17053556
v -0.15405504 -0.28116060 0.16966399
v -0.15334888 -0.28130502 0.16930965
v -0.15287363 -0.28153845 0.16906531
v -0.15439174 -0.28100023 0.17218131
v -0.15349834 -0.28110602 0.17188155
v -0.15286607 -0.28140914 0.17166071
v -0.15250585 -0.28175676 0.16885791
v -0.15349918 -0.28084237 0.17525616
v -0.15286859 -0.28113541 0.17516464
v -0.15260326 -0.28160898 0.17158011
v -0.15237739 -0.28184073 0.17151965
v -0.15228670 -0.28208087 0.16881593
v -0.15260745 -0.28133105 0.17513525
v -0.15238326 -0.28155944 0.17511762
v -0.15286943 -0.28084489 0.17888100
v -0.15260913 -0.28103885 0.17888100
v -0.15238578 -0.28126556 0.17888771
v -0.15286943 -0.28054681 0.18270315
v -0.15260913 -0.28073909 0.18272162
v -0.15286943 -0.28024789 0.18652531
v -0.15349918 -0.27968363 0.19009556
v -0.15286943 -0.27995736 0.19024418
v -0.15349918 -0.27996828 0.18645226
v -0.15457815 -0.27961562 0.18990832
v -0.15349918 -0.28026300 0.18267544
v -0.15469318 -0.27989271 0.18636325
v -0.15757239 -0.27988095 0.18616761
v -0.15473349 -0.28018155 0.18266705
v -0.15711142 -0.27961982 0.18950528
v -0.15636831 -0.27938555 0.19251044
v -0.15439174 -0.27936204 0.19315446
v -0.15963377 -0.27960134 0.18912407
v -0.15832473 -0.27938219 0.19192939
v -0.16044489 -0.27984737 0.18597700
v -0.16067999 -0.27946532 0.18900484
v -0.16161622 -0.27970798 0.18590144
v -0.16226864 -0.27866176 0.18588128
v -0.16226864 -0.27866176 0.18588128
v -0.16193949 -0.27996240 0.18264605
v -0.16260115 -0.27892289 0.18254361
v -0.16260115 -0.27892289 0.18254361
v -0.16226864 -0.27918319 0.17920595
v -0.16226864 -0.27918319 0.17920595
v -0.16479183 -0.27405536 0.18206668
v -0.16479183 -0.27405536 0.18206668
v -0.16442490 -0.27405536 0.18480567
v -0.16442490 -0.27405536 0.18480567
v -0.16428888 -0.27405536 0.18582251
v -0.16428888 -0.27405536 0.18582251
v -0.16345677 -0.27405536 0.18828776
v -0.16345677 -0.27405536 0.18828776
v -0.16308647 -0.27405536 0.18938605
v -0.16308647 -0.27405536 0.18938605
v -0.16186812 -0.27405536 0.19151376
v -0.16186812 -0.27405536 0.19151376
v -0.16129715 -0.27841154 0.18908461
v -0.16129715 -0.27841154 0.18908461
v -0.15971522 -0.27818231 0.19201924
v -0.15971522 -0.27818231 0.19201924
v -0.15916104 -0.27924701 0.19180176
v -0.15727767 -0.27906396 0.19413939
v -0.15713493 -0.27920754 0.19368597
v -0.15564536 -0.27916052 0.19476746
v -0.15409198 -0.27913113 0.19564071
v -0.15524652 -0.27892961 0.19586238
v -0.15363436 -0.27892122 0.19691028
v -0.15530110 -0.27783133 0.19650557
v -0.15530110 -0.27783133 0.19650557
v -0.15766812 -0.27798499 0.19454075
v -0.15766812 -0.27798499 0.19454075
v -0.15887387 -0.27405536 0.19538881
v -0.15887387 -0.27405536 0.19538881
v -0.15722225 -0.27405536 0.19669953
v -0.15722225 -0.27405536 0.19669953
v -0.15616092 -0.27405536 0.19754927
v -0.15616092 -0.27405536 0.19754927
v -0.15484432 -0.27405536 0.19841748
v -0.15484432 -0.27405536 0.19841748
v -0.15381489 -0.27405536 0.19909593
v -0.15381489 -0.27405536 0.19909593
v -0.15301721 -0.27812185 0.19788849
v -0.15301721 -0.27812185 0.19788849
v -0.15326071 -0.27405536 0.19951744
v -0.15326071 -0.27405536 0.19951744
v -0.15299454 -0.27405536 0.19972484
v -0.15299454 -0.27405536 0.19972484
v -0.15236731 -0.27852909 0.19821512
v -0.15236731 -0.27852909 0.19821512
v -0.15282157 -0.27405536 0.19998934
v -0.15282157 -0.27405536 0.19998934
v -0.15266959 -0.27405536 0.20035795
v -0.15266959 -0.27405536 0.20035795
v -0.15213388 -0.27980538 0.19791200
v -0.15300462 -0.27911770 0.19722180
v -0.15337491 -0.27921762 0.19603115
v -0.15290218 -0.27940822 0.19632756
v -0.15255623 -0.27957280 0.19656518
v -0.15232029 -0.27987759 0.19674067
v -0.15286859 -0.27968279 0.19375650
v -0.15349918 -0.27941914 0.19347186
v -0.15974881 -0.27405536 0.19435938
v -0.15974881 -0.27405536 0.19435938
v -0.16123165 -0.27405536 0.19262127
v -0.16123165 -0.27405536 0.19262127
v -0.16473474 -0.27405536 0.18118504
v -0.16473474 -0.27405536 0.18118504
v -0.16454749 -0.27405536 0.17826132
v -0.16454749 -0.27405536 0.17826132
v -0.16435857 -0.27405536 0.17754593
v -0.16435857 -0.27405536 0.17754593
v -0.16356508 -0.27405536 0.17455336
v -0.16356508 -0.27405536 0.17455336
v -0.16129715 -0.27943341 0.17600346
v -0.16129715 -0.27943341 0.17600346
v -0.16161622 -0.28021682 0.17938983
v -0.15971522 -0.27966264 0.17306883
v -0.15971522 -0.27966264 0.17306883
v -0.16067999 -0.28045864 0.17628727
v -0.16044489 -0.28036544 0.17934281
v -0.15916104 -0.28067779 0.17349035
v -0.15963377 -0.28061146 0.17619575
v -0.15711142 -0.28068871 0.17582377
v -0.15636831 -0.28092382 0.17281861
v -0.15832473 -0.28083061 0.17339042
v -0.15712401 -0.28093137 0.17161957
v -0.15725248 -0.28086084 0.17113592
v -0.15762529 -0.27986164 0.17051793
v -0.15762529 -0.27986164 0.17051793
v -0.15949271 -0.27405536 0.16803168
v -0.15949271 -0.27405536 0.16803168
v -0.16157172 -0.27405536 0.17072785
v -0.16157172 -0.27405536 0.17072785
v -0.16185637 -0.27405536 0.17109730
v -0.16185637 -0.27405536 0.17109730
v -0.16329891 -0.27405536 0.17401598
v -0.16329891 -0.27405536 0.17401598
v -0.15923073 -0.27405536 0.16780413
v -0.15923073 -0.27405536 0.16780413
v -0.15654968 -0.27405536 0.16549757
v -0.15654968 -0.27405536 0.16549757
v -0.15457815 -0.28074749 0.17542577
v -0.15757239 -0.28042841 0.17916144
v -0.15469318 -0.28047040 0.17897168
v -0.15773277 -0.28015468 0.18266453
v -0.16072534 -0.28010598 0.18265949
v -0.15349918 -0.28055772 0.17889863
v -0.15203396 -0.28240079 0.17145668
v -0.15202641 -0.28250323 0.16873448
v -0.15159650 -0.28742450 0.16934072
v -0.15121025 -0.29079744 0.16879830
v -0.15142605 -0.28717260 0.16821137
v -0.15188282 -0.28240331 0.16766391
v -0.14161036 -0.27405536 0.16240341
v -0.14161036 -0.27405536 0.16240341
v -0.13806110 -0.27405536 0.16352016
v -0.13806110 -0.27405536 0.16352016
v -0.13786797 -0.27405536 0.16357642
v -0.13786797 -0.27405536 0.16357642
v -0.13466801 -0.27405536 0.16536407
v -0.13466801 -0.27405536 0.16536407
v -0.13887305 -0.28069711 0.16698462
v -0.13887305 -0.28069711 0.16698462
v -0.13860352 -0.28149395 0.16778062
v -0.13895618 -0.28186088 0.16761857
v -0.13588049 -0.28002202 0.16846831
v -0.13588049 -0.28002202 0.16846831
v -0.13810644 -0.28139487 0.16807283
v -0.13586201 -0.28099939 0.16936423
v -0.13752371 -0.28115640 0.16830121
v -0.13695610 -0.28116060 0.16966399
v -0.13766142 -0.28130502 0.16930965
v -0.13538928 -0.28105312 0.17053556
v -0.13464282 -0.28092382 0.17281861
v -0.13268556 -0.28083061 0.17339042
v -0.13388628 -0.28093137 0.17161957
v -0.13375781 -0.28086084 0.17113592
v -0.13338500 -0.27986164 0.17051793
v -0.13338500 -0.27986164 0.17051793
v -0.13185009 -0.28067779 0.17349035
v -0.13129507 -0.27966264 0.17306883
v -0.13129507 -0.27966264 0.17306883
v -0.13137652 -0.28061146 0.17619575
v -0.13033114 -0.28045864 0.17628727
v -0.13056624 -0.28036544 0.17934281
v -0.12939407 -0.28021682 0.17938983
v -0.12971315 -0.27943341 0.17600346
v -0.12971315 -0.27943341 0.17600346
v -0.12874249 -0.27918319 0.17920595
v -0.12874249 -0.27918319 0.17920595
v -0.12744521 -0.27405536 0.17455336
v -0.12744521 -0.27405536 0.17455336
v -0.12665257 -0.27405536 0.17754593
v -0.12665257 -0.27405536 0.17754593
v -0.12646364 -0.27405536 0.17826132
v -0.12646364 -0.27405536 0.17826132
v -0.12627556 -0.27405536 0.18118504
v -0.12627556 -0.27405536 0.18118504
v -0.12621930 -0.27405536 0.18206668
v -0.12621930 -0.27405536 0.18206668
v -0.12658623 -0.27405536 0.18480567
v -0.12658623 -0.27405536 0.18480567
v -0.12840998 -0.27892289 0.18254361
v -0.12840998 -0.27892289 0.18254361
v -0.12874249 -0.27866176 0.18588128
v -0.12874249 -0.27866176 0.18588128
v -0.12939407 -0.27970798 0.18590144
v -0.12907164 -0.27996240 0.18264605
v -0.13056624 -0.27984737 0.18597700
v -0.13028496 -0.28010598 0.18265949
v -0.13343790 -0.28042841 0.17916144
v -0.13327752 -0.28015468 0.18266453
v -0.13631711 -0.28047040 0.17897168
v -0.13627765 -0.28018155 0.18266705
v -0.13343790 -0.27988095 0.18616761
v -0.13389972 -0.27961982 0.18950528
v -0.13137652 -0.27960134 0.18912407
v -0.13631711 -0.27989271 0.18636325
v -0.13643299 -0.27961562 0.18990832
v -0.13751112 -0.28026300 0.18267544
v -0.13751112 -0.27996828 0.18645226
v -0.13814086 -0.28054681 0.18270315
v -0.13751195 -0.27968363 0.19009556
v -0.13814086 -0.28024789 0.18652531
v -0.13840116 -0.28043849 0.18656225
v -0.13840116 -0.28073909 0.18272162
v -0.13814170 -0.27995736 0.19024418
v -0.13751195 -0.27941914 0.19347186
v -0.13814254 -0.27968279 0.19375650
v -0.13840200 -0.28014545 0.19031220
v -0.13840284 -0.27986668 0.19388077
v -0.13862619 -0.28036796 0.19037601
v -0.13862535 -0.28066268 0.18660004
v -0.13896374 -0.28151494 0.18279803
v -0.13862535 -0.28096412 0.18274345
v -0.13896374 -0.28121182 0.18667729
v -0.13896458 -0.28091374 0.19049272
v -0.13928365 -0.28685185 0.18723902
v -0.13928365 -0.28719108 0.18335389
v -0.13928365 -0.28745977 0.17946204
v -0.13948349 -0.29127773 0.18375441
v -0.13948265 -0.29151955 0.17986004
v -0.13949944 -0.29155398 0.17607315
v -0.13970852 -0.29280340 0.18390387
v -0.13970852 -0.29303599 0.18000867
v -0.14058261 -0.29309560 0.18393242
v -0.14058261 -0.29309560 0.18393242
v -0.14058261 -0.29332903 0.18003721
v -0.14058261 -0.29332903 0.18003721
v -0.13972699 -0.29303263 0.17622262
v -0.14059772 -0.29332315 0.17622513
v -0.14059772 -0.29332315 0.17622513
v -0.13978073 -0.29269676 0.17266831
v -0.13954814 -0.29129536 0.17251549
v -0.13929456 -0.28760671 0.17566340
v -0.13932731 -0.28758236 0.17205704
v -0.13964386 -0.29096873 0.16986383
v -0.13992767 -0.29211403 0.16904684
v -0.13980088 -0.29079744 0.16879830
v -0.13985378 -0.29230044 0.17004352
v -0.13941380 -0.28742450 0.16934072
v -0.13898473 -0.28250323 0.16873448
v -0.13897717 -0.28240079 0.17145668
v -0.13958425 -0.28717260 0.16821137
v -0.14064307 -0.29084194 0.16845068
v -0.14064307 -0.29084194 0.16845068
v -0.13912747 -0.28240331 0.16766391
v -0.14045750 -0.28700131 0.16780581
v -0.14045750 -0.28700131 0.16780581
v -0.14275650 -0.29107957 0.16791413
v -0.14072199 -0.29227021 0.16881005
v -0.14072199 -0.29227021 0.16881005
v -0.14279429 -0.29257165 0.16830541
v -0.14278841 -0.29288569 0.16945240
v -0.14069596 -0.29254898 0.16987643
v -0.14069596 -0.29254898 0.16987643
v -0.14064558 -0.29298141 0.17259358
v -0.14064558 -0.29298141 0.17259358
v -0.14276238 -0.29334666 0.17236939
v -0.14273551 -0.29370604 0.17619827
v -0.14550557 -0.29307629 0.16917531
v -0.14550557 -0.29354818 0.17222077
v -0.14824875 -0.29334666 0.17236939
v -0.14827562 -0.29370604 0.17619827
v -0.14550557 -0.29392015 0.17617643
v -0.14272628 -0.29371695 0.18007500
v -0.14828486 -0.29371695 0.18007500
v -0.14550557 -0.29393527 0.18009683
v -0.14272628 -0.29348353 0.18397021
v -0.14828486 -0.29348353 0.18397021
v -0.14550557 -0.29370184 0.18399204
v -0.14828486 -0.29310988 0.18785198
v -0.14550557 -0.29332735 0.18787381
v -0.14272628 -0.29310988 0.18785198
v -0.14058261 -0.29272111 0.18781419
v -0.14058261 -0.29272111 0.18781419
v -0.14058261 -0.29212831 0.19164055
v -0.14058261 -0.29212831 0.19164055
v -0.14272628 -0.29250028 0.19172367
v -0.14550557 -0.29270768 0.19177489
v -0.14550557 -0.29173786 0.19572888
v -0.14272628 -0.29156237 0.19559033
v -0.14550557 -0.29075462 0.19891205
v -0.14274475 -0.29061187 0.19867442
v -0.14058261 -0.29123826 0.19536950
v -0.14058261 -0.29123826 0.19536950
v -0.14061620 -0.29035158 0.19829069
v -0.14061620 -0.29035158 0.19829069
v -0.13970852 -0.29096957 0.19526538
v -0.13970852 -0.29184198 0.19159269
v -0.13948265 -0.29091247 0.18763702
v -0.13948349 -0.29036165 0.19144406
v -0.13970852 -0.29242891 0.18778564
v -0.13928533 -0.28582998 0.19473975
v -0.13948349 -0.28956397 0.19511172
v -0.13928365 -0.28640935 0.19105530
v -0.13896709 -0.28062574 0.19417885
v -0.13894610 -0.28027895 0.19692288
v -0.13862703 -0.28008499 0.19399245
v -0.13869084 -0.27987759 0.19674067
v -0.13845490 -0.27957280 0.19656518
v -0.13887641 -0.27980538 0.19791200
v -0.13810812 -0.27940822 0.19632756
v -0.13800568 -0.27911770 0.19722180
v -0.13799308 -0.27812185 0.19788849
v -0.13799308 -0.27812185 0.19788849
v -0.13691915 -0.27913113 0.19564071
v -0.13864298 -0.27852909 0.19821512
v -0.13864298 -0.27852909 0.19821512
v -0.13737677 -0.27892122 0.19691028
v -0.13763539 -0.27921762 0.19603115
v -0.13570919 -0.27783133 0.19650557
v -0.13570919 -0.27783133 0.19650557
v -0.13576377 -0.27892961 0.19586238
v -0.13334218 -0.27798499 0.19454075
v -0.13334218 -0.27798499 0.19454075
v -0.13536493 -0.27916052 0.19476746
v -0.13373346 -0.27906396 0.19413939
v -0.13129507 -0.27818231 0.19201924
v -0.13129507 -0.27818231 0.19201924
v -0.13185009 -0.27924701 0.19180176
v -0.13387537 -0.27920754 0.19368597
v -0.13268556 -0.27938219 0.19192939
v -0.13464282 -0.27938555 0.19251044
v -0.13033114 -0.27946532 0.18900484
v -0.12971315 -0.27841154 0.18908461
v -0.12971315 -0.27841154 0.18908461
v -0.12792382 -0.27405536 0.18938605
v -0.12792382 -0.27405536 0.18938605
v -0.12914301 -0.27405536 0.19151376
v -0.12914301 -0.27405536 0.19151376
v -0.12977948 -0.27405536 0.19262127
v -0.12977948 -0.27405536 0.19262127
v -0.13126233 -0.27405536 0.19435938
v -0.13126233 -0.27405536 0.19435938
v -0.13213726 -0.27405536 0.19538881
v -0.13213726 -0.27405536 0.19538881
v -0.13378804 -0.27405536 0.19669953
v -0.13378804 -0.27405536 0.19669953
v -0.13485022 -0.27405536 0.19754927
v -0.13485022 -0.27405536 0.19754927
v -0.13616681 -0.27405536 0.19841748
v -0.13616681 -0.27405536 0.19841748
v -0.13719540 -0.27405536 0.19909593
v -0.13719540 -0.27405536 0.19909593
v -0.13775042 -0.27405536 0.19951744
v -0.13775042 -0.27405536 0.19951744
v -0.13801575 -0.27405536 0.19972484
v -0.13801575 -0.27405536 0.19972484
v -0.13818872 -0.27405536 0.19998934
v -0.13818872 -0.27405536 0.19998934
v -0.13834154 -0.27405536 0.20035795
v -0.13834154 -0.27405536 0.20035795
v -0.13909053 -0.27914037 0.19890197
v -0.13909053 -0.27914037 0.19890197
v -0.13847505 -0.27405536 0.20093480
v -0.13847505 -0.27405536 0.20093480
v -0.13937685 -0.27887167 0.20038566
v -0.13937685 -0.27887167 0.20038566
v -0.13867237 -0.27405536 0.20135799
v -0.13867237 -0.27405536 0.20135799
v -0.13903511 -0.27405536 0.20182568
v -0.13903511 -0.27405536 0.20182568
v -0.13972195 -0.27405536 0.20232361
v -0.13972195 -0.27405536 0.20232361
v -0.13972195 -0.27405536 0.20232361
v -0.14034582 -0.27923525 0.20149318
v -0.14034582 -0.27923525 0.20149318
v -0.14034582 -0.27923525 0.20149318
v -0.13965058 -0.28380471 0.19951409
v -0.14260368 -0.27939982 0.20240673
v -0.14063635 -0.28375349 0.20093480
v -0.14063635 -0.28375349 0.20093480
v -0.14133663 -0.27405536 0.20279214
v -0.14133663 -0.27405536 0.20279214
v -0.14224599 -0.27405536 0.20317167
v -0.14224599 -0.27405536 0.20317167
v -0.14434599 -0.27405536 0.20340257
v -0.14434599 -0.27405536 0.20340257
v -0.14550557 -0.27405536 0.20356715
v -0.14550557 -0.27405536 0.20356715
v -0.14666514 -0.27405536 0.20340257
v -0.14666514 -0.27405536 0.20340257
v -0.14550557 -0.27943257 0.20281481
v -0.14840745 -0.27939982 0.20240673
v -0.14824539 -0.28430263 0.20169218
v -0.14550557 -0.28437988 0.20207171
v -0.14276490 -0.28430263 0.20169218
v -0.14282703 -0.28829943 0.20095075
v -0.14048605 -0.28787372 0.20016818
v -0.14048605 -0.28787372 0.20016818
v -0.13988569 -0.28970671 0.19934195
v -0.13977149 -0.28831707 0.19933692
v -0.14279933 -0.28996365 0.20020261
v -0.14071864 -0.28976801 0.19969126
v -0.14071864 -0.28976801 0.19969126
v -0.13975302 -0.29014670 0.19808749
v -0.13955570 -0.28879232 0.19796658
v -0.13948937 -0.28463262 0.19891876
v -0.13933739 -0.28520611 0.19759377
v -0.14550557 -0.29009464 0.20049901
v -0.14818326 -0.28829943 0.20095075
v -0.14550557 -0.28841615 0.20128746
v -0.14876431 -0.27405536 0.20317167
v -0.14876431 -0.27405536 0.20317167
v -0.14967450 -0.27405536 0.20279214
v -0.14967450 -0.27405536 0.20279214
v -0.15128918 -0.27405536 0.20232361
v -0.15128918 -0.27405536 0.20232361
v -0.15128918 -0.27405536 0.20232361
v -0.15197603 -0.27405536 0.20182568
v -0.15197603 -0.27405536 0.20182568
v -0.12755437 -0.27405536 0.18828776
v -0.12755437 -0.27405536 0.18828776
v -0.12672226 -0.27405536 0.18582251
v -0.12672226 -0.27405536 0.18582251
v -0.13661855 -0.27936204 0.19315446
v -0.14828402 -0.29156237 0.19559033
v -0.14828486 -0.29250028 0.19172367
v -0.15042852 -0.29212831 0.19164055
v -0.15042852 -0.29212831 0.19164055
v -0.15042852 -0.29272111 0.18781419
v -0.15042852 -0.29272111 0.18781419
v -0.15130177 -0.29242891 0.18778564
v -0.15130177 -0.29280340 0.18390387
v -0.15152764 -0.29127773 0.18375441
v -0.15130177 -0.29303599 0.18000867
v -0.15042852 -0.29309560 0.18393242
v -0.15042852 -0.29309560 0.18393242
v -0.15042852 -0.29332903 0.18003721
v -0.15042852 -0.29332903 0.18003721
v -0.13850444 -0.28175676 0.16885791
v -0.13872359 -0.28208087 0.16881593
v -0.13863291 -0.28184073 0.17151965
v -0.13840704 -0.28160898 0.17158011
v -0.13840284 -0.28133105 0.17513525
v -0.13814254 -0.28113541 0.17516464
v -0.13814506 -0.28140914 0.17166071
v -0.13751279 -0.28110602 0.17188155
v -0.13813751 -0.28153845 0.16906531
v -0.13751195 -0.28084237 0.17525616
v -0.13643299 -0.28074749 0.17542577
v -0.13751112 -0.28055772 0.17889863
v -0.13814086 -0.28084489 0.17888100
v -0.13840116 -0.28103885 0.17888100
v -0.13862535 -0.28126556 0.17888771
v -0.13862703 -0.28155944 0.17511762
v -0.13896709 -0.28211530 0.17511342
v -0.13896374 -0.28181806 0.17891794
v -0.13661939 -0.28100023 0.17218131
v -0.13389972 -0.28068871 0.17582377
v -0.12771138 -0.27405536 0.17401598
v -0.12771138 -0.27405536 0.17401598
v -0.12915477 -0.27405536 0.17109730
v -0.12915477 -0.27405536 0.17109730
v -0.12943857 -0.27405536 0.17072785
v -0.12943857 -0.27405536 0.17072785
v -0.13151843 -0.27405536 0.16803168
v -0.13151843 -0.27405536 0.16803168
v -0.13178040 -0.27405536 0.16780413
v -0.13178040 -0.27405536 0.16780413
v -0.13446061 -0.27405536 0.16549757
v -0.13446061 -0.27405536 0.16549757
v -0.14550557 -0.27050021 0.20406507
v -0.14663744 -0.27397139 0.20341769
v -0.14663744 -0.27397139 0.20341769
v -0.14550557 -0.27397139 0.20357890
v -0.14550557 -0.27397139 0.20357890
v -0.14437370 -0.27397139 0.20341769
v -0.14437370 -0.27397139 0.20341769
v -0.14201088 -0.27053044 0.20367631
v -0.14900025 -0.27053044 0.20367631
v -0.14550557 -0.27012488 0.20402813
v -0.14900025 -0.27015511 0.20363936
v -0.14201088 -0.27015511 0.20363936
v -0.13930464 -0.27059258 0.20287946
v -0.13930464 -0.27059258 0.20287946
v -0.13930464 -0.27021725 0.20284336
v -0.13930464 -0.27021725 0.20284336
v -0.13817529 -0.27065807 0.20204316
v -0.13817529 -0.27028274 0.20200705
v -0.13784950 -0.27071517 0.20131517
v -0.13784950 -0.27033984 0.20127822
v -0.13755310 -0.27075211 0.20084076
v -0.13755310 -0.27037678 0.20080381
v -0.13655893 -0.27043808 0.20002208
v -0.13655893 -0.27081257 0.20005903
v -0.13717861 -0.27397139 0.19912112
v -0.13717861 -0.27397139 0.19912112
v -0.13617689 -0.27397139 0.19845947
v -0.13617689 -0.27397139 0.19845947
v -0.13414154 -0.27094188 0.19840993
v -0.13123882 -0.27112828 0.19601940
v -0.13414154 -0.27056655 0.19837298
v -0.13483090 -0.27397139 0.19757278
v -0.13483090 -0.27397139 0.19757278
v -0.13379812 -0.27397139 0.19674571
v -0.13379812 -0.27397139 0.19674571
v -0.13211123 -0.27397139 0.19540644
v -0.13211123 -0.27397139 0.19540644
v -0.13126149 -0.27397139 0.19440724
v -0.13126149 -0.27397139 0.19440724
v -0.12974841 -0.27397139 0.19263387
v -0.12974841 -0.27397139 0.19263387
v -0.12913210 -0.27397139 0.19155994
v -0.12913210 -0.27397139 0.19155994
v -0.12879035 -0.27136339 0.19301424
v -0.12692882 -0.27163376 0.18955398
v -0.13123882 -0.27075379 0.19598245
v -0.12879035 -0.27098806 0.19297813
v -0.12692882 -0.27125843 0.18951703
v -0.12578855 -0.27192680 0.18579564
v -0.12578855 -0.27155231 0.18575869
v -0.12539811 -0.27223244 0.18188784
v -0.12539811 -0.27185711 0.18185173
v -0.12578855 -0.27253724 0.17798087
v -0.12578855 -0.27216275 0.17794477
v -0.12692882 -0.27245663 0.17418643
v -0.12692882 -0.27283112 0.17422253
v -0.12740994 -0.27397139 0.17453069
v -0.12740994 -0.27397139 0.17453069
v -0.12765765 -0.27397139 0.17403025
v -0.12765765 -0.27397139 0.17403025
v -0.12879035 -0.27310150 0.17076227
v -0.12879035 -0.27272617 0.17072533
v -0.12912286 -0.27397139 0.17106791
v -0.12912286 -0.27397139 0.17106791
v -0.12938148 -0.27397139 0.17073121
v -0.12938148 -0.27397139 0.17073121
v -0.13128752 -0.27333912 0.16772520
v -0.13433634 -0.27353308 0.16523728
v -0.13128752 -0.27296379 0.16768826
v -0.13172246 -0.27397139 0.16779490
v -0.13172246 -0.27397139 0.16779490
v -0.13149156 -0.27397139 0.16799558
v -0.13149156 -0.27397139 0.16799558
v -0.13444130 -0.27397139 0.16545559
v -0.13444130 -0.27397139 0.16545559
v -0.13461427 -0.27397139 0.16534391
v -0.13461427 -0.27397139 0.16534391
v -0.13785538 -0.27397139 0.16353360
v -0.13785538 -0.27397139 0.16353360
v -0.13800568 -0.27397139 0.16348993
v -0.13800568 -0.27397139 0.16348993
v -0.13781088 -0.27367751 0.16338246
v -0.14158349 -0.27376651 0.16224639
v -0.13433634 -0.27315859 0.16520033
v -0.13781088 -0.27330302 0.16334551
v -0.14158349 -0.27339202 0.16221028
v -0.14550557 -0.27342225 0.16182152
v -0.14550557 -0.27379674 0.16185762
v -0.14942764 -0.27376651 0.16224639
v -0.14550557 -0.27397139 0.16195503
v -0.14550557 -0.27397139 0.16195503
v -0.14942764 -0.27339202 0.16221028
v -0.15320026 -0.27330302 0.16334551
v -0.15320026 -0.27367751 0.16338246
v -0.15667395 -0.27315859 0.16520033
v -0.15667395 -0.27353308 0.16523728
v -0.15972278 -0.27296379 0.16768826
v -0.16222078 -0.27272617 0.17072533
v -0.15972278 -0.27333912 0.16772520
v -0.16222078 -0.27310150 0.17076227
v -0.15928783 -0.27397139 0.16779490
v -0.15928783 -0.27397139 0.16779490
v -0.15951958 -0.27397139 0.16799558
v -0.15951958 -0.27397139 0.16799558
v -0.16162882 -0.27397139 0.17073121
v -0.16162882 -0.27397139 0.17073121
v -0.16188827 -0.27397139 0.17106791
v -0.16188827 -0.27397139 0.17106791
v -0.16335265 -0.27397139 0.17403025
v -0.16335265 -0.27397139 0.17403025
v -0.16408148 -0.27283112 0.17422253
v -0.16360035 -0.27397139 0.17453069
v -0.16360035 -0.27397139 0.17453069
v -0.16440559 -0.27397139 0.17757028
v -0.16440559 -0.27397139 0.17757028
v -0.16522258 -0.27253724 0.17798087
v -0.16458444 -0.27397139 0.17824537
v -0.16458444 -0.27397139 0.17824537
v -0.16477504 -0.27397139 0.18121694
v -0.16477504 -0.27397139 0.18121694
v -0.16482962 -0.27397139 0.18205829
v -0.16482962 -0.27397139 0.18205829
v -0.16561219 -0.27223244 0.18188784
v -0.16522258 -0.27192680 0.18579564
v -0.16522258 -0.27155231 0.18575869
v -0.16561219 -0.27185711 0.18185173
v -0.16522258 -0.27216275 0.17794477
v -0.16408148 -0.27245663 0.17418643
v -0.16408148 -0.27125843 0.18951703
v -0.16408148 -0.27163376 0.18955398
v -0.16222078 -0.27098806 0.19297813
v -0.16222078 -0.27136339 0.19301424
v -0.15977148 -0.27075379 0.19598245
v -0.15686959 -0.27056655 0.19837298
v -0.15977148 -0.27112828 0.19601940
v -0.15686959 -0.27094188 0.19840993
v -0.15889990 -0.27397139 0.19540644
v -0.15889990 -0.27397139 0.19540644
v -0.15974881 -0.27397139 0.19440724
v -0.15974881 -0.27397139 0.19440724
v -0.16126188 -0.27397139 0.19263387
v -0.16126188 -0.27397139 0.19263387
v -0.16187904 -0.27397139 0.19155994
v -0.16187904 -0.27397139 0.19155994
v -0.16312090 -0.27397139 0.18939192
v -0.16312090 -0.27397139 0.18939192
v -0.16347860 -0.27397139 0.18833227
v -0.16347860 -0.27397139 0.18833227
v -0.16432582 -0.27397139 0.18582167
v -0.16432582 -0.27397139 0.18582167
v -0.16445597 -0.27397139 0.18484514
v -0.16445597 -0.27397139 0.18484514
v -0.15721302 -0.27397139 0.19674571
v -0.15721302 -0.27397139 0.19674571
v -0.15617939 -0.27397139 0.19757278
v -0.15617939 -0.27397139 0.19757278
v -0.15483425 -0.27397139 0.19845947
v -0.15483425 -0.27397139 0.19845947
v -0.15445136 -0.27081257 0.20005903
v -0.15383169 -0.27397139 0.19912112
v -0.15383169 -0.27397139 0.19912112
v -0.15326575 -0.27397139 0.19955103
v -0.15326575 -0.27397139 0.19955103
v -0.15300629 -0.27397139 0.19975339
v -0.15300629 -0.27397139 0.19975339
v -0.15345803 -0.27075211 0.20084076
v -0.15316163 -0.27071517 0.20131517
v -0.15316163 -0.27033984 0.20127822
v -0.15345803 -0.27037678 0.20080381
v -0.15445136 -0.27043808 0.20002208
v -0.15283584 -0.27028274 0.20200705
v -0.15283584 -0.27065807 0.20204316
v -0.15170649 -0.27021725 0.20284336
v -0.15170649 -0.27021725 0.20284336
v -0.15170649 -0.27059258 0.20287946
v -0.15170649 -0.27059258 0.20287946
v -0.15129926 -0.27397139 0.20233704
v -0.15129926 -0.27397139 0.20233704
v -0.15129926 -0.27397139 0.20233704
v -0.14965855 -0.27397139 0.20281313
v -0.14965855 -0.27397139 0.20281313
v -0.15199702 -0.27397139 0.20183072
v -0.15199702 -0.27397139 0.20183072
v -0.15235052 -0.27397139 0.20137478
v -0.15235052 -0.27397139 0.20137478
v -0.15255120 -0.27397139 0.20094404
v -0.15255120 -0.27397139 0.20094404
v -0.15268134 -0.27397139 0.20038230
v -0.15268134 -0.27397139 0.20038230
v -0.15283080 -0.27397139 0.20002292
v -0.15283080 -0.27397139 0.20002292
v -0.14877018 -0.27397139 0.20318342
v -0.14877018 -0.27397139 0.20318342
v -0.15656983 -0.27397139 0.16545559
v -0.15656983 -0.27397139 0.16545559
v -0.15639602 -0.27397139 0.16534391
v -0.15639602 -0.27397139 0.16534391
v -0.15315576 -0.27397139 0.16353360
v -0.15315576 -0.27397139 0.16353360
v -0.15300546 -0.27397139 0.16348993
v -0.15300546 -0.27397139 0.16348993
v -0.14940833 -0.27397139 0.16235807
v -0.14940833 -0.27397139 0.16235807
v -0.14930421 -0.27397139 0.16234715
v -0.14930421 -0.27397139 0.16234715
v -0.14170608 -0.27397139 0.16234715
v -0.14170608 -0.27397139 0.16234715
v -0.14160280 -0.27397139 0.16235807
v -0.14160280 -0.27397139 0.16235807
v -0.12660470 -0.27397139 0.17757028
v -0.12660470 -0.27397139 0.17757028
v -0.12642586 -0.27397139 0.17824537
v -0.12642586 -0.27397139 0.17824537
v -0.12623525 -0.27397139 0.18121694
v -0.12623525 -0.27397139 0.18121694
v -0.12618151 -0.27397139 0.18205829
v -0.12618151 -0.27397139 0.18205829
v -0.12655433 -0.27397139 0.18484514
v -0.12655433 -0.27397139 0.18484514
v -0.12668531 -0.27397139 0.18582167
v -0.12668531 -0.27397139 0.18582167
v -0.12753253 -0.27397139 0.18833227
v -0.12753253 -0.27397139 0.18833227
v -0.12788939 -0.27397139 0.18939192
v -0.12788939 -0.27397139 0.18939192
v -0.13774538 -0.27397139 0.19955103
v -0.13774538 -0.27397139 0.19955103
v -0.13800400 -0.27397139 0.19975339
v -0.13800400 -0.27397139 0.19975339
v -0.13818033 -0.27397139 0.20002292
v -0.13818033 -0.27397139 0.20002292
v -0.13832895 -0.27397139 0.20038230
v -0.13832895 -0.27397139 0.20038230
v -0.13845910 -0.27397139 0.20094404
v -0.13845910 -0.27397139 0.20094404
v -0.13865978 -0.27397139 0.20137478
v -0.13865978 -0.27397139 0.20137478
v -0.13901412 -0.27397139 0.20183072
v -0.13901412 -0.27397139 0.20183072
v -0.13971188 -0.27397139 0.20233704
v -0.13971188 -0.27397139 0.20233704
v -0.13971188 -0.27397139 0.20233704
v -0.14135258 -0.27397139 0.20281313
v -0.14135258 -0.27397139 0.20281313
v -0.14224095 -0.27397139 0.20318342
v -0.14224095 -0.27397139 0.20318342
vn -0.86659521 -0.20929884 0.45299750
vn -0.86659521 -0.20929884 0.45299750
vn -0.58482517 -0.17190740 0.79273411
vn -0.58482517 -0.17190740 0.79273411
vn -0.58482517 -0.17190740 0.79273411
vn -0.92346197 -0.20959137 0.32138676
vn 0.00000000 1.00000000 0.00000000
vn 0.00000000 1.00000000 0.00000000
vn -0.82843908 -0.22471060 0.51302420
vn -0.94392176 -0.13500311 0.30130695
vn -0.94392176 -0.13500311 0.30130695
vn -0.88224930 -0.09820549 0.46042573
vn -0.96825162 -0.06679666 0.24088796
vn -0.67370029 -0.13750006 0.72610031
vn -0.67370029 -0.13750006 0.72610031
vn -0.53581428 -0.03470092 0.84362249
vn -0.53581428 -0.03470092 0.84362249
vn -0.92346989 -0.07639751 0.37598774
vn -0.99407035 -0.07429778 0.07939763
vn -0.76420081 -0.39080041 0.51310054
vn -0.81382060 -0.52731335 0.24420618
vn -0.30469201 -0.63118346 0.71328131
vn -0.30469201 -0.63118346 0.71328131
vn -0.17530111 -0.69420439 0.69810442
vn -0.12129576 -0.93696722 0.32768853
vn -0.23519754 -0.91699043 0.32219664
vn -0.23519754 -0.91699043 0.32219664
vn -0.22040143 -0.94080609 0.25750167
vn -0.22040143 -0.94080609 0.25750167
vn -0.75562805 -0.61042266 0.23750882
vn -0.99654506 -0.07840355 0.02740124
vn -0.81152262 -0.56201566 0.15990446
vn -0.99693042 -0.07710235 0.01360041
vn -0.99847359 -0.05479855 0.00689982
vn -0.99764252 -0.06820291 0.00760032
vn -0.99819934 -0.05799996 0.01529999
vn -0.99655840 -0.06479730 0.05169784
vn -0.99252146 -0.11550250 0.03950085
vn -0.97977135 -0.19899418 0.02119938
vn -0.81226607 -0.58127572 0.04839798
vn -0.98135723 -0.19149165 0.01639929
vn -0.98946322 -0.14429464 0.01189956
vn -0.99853859 -0.05380208 0.00510020
vn -0.81093872 -0.58332785 0.04590219
vn -0.65200214 -0.75590248 0.05920019
vn -0.65088922 -0.75658747 0.06259896
vn -0.81127588 -0.58288267 0.04559864
vn -0.81140832 -0.58270597 0.04550047
vn -0.65517822 -0.75317496 0.05889804
vn -0.98958610 -0.14349798 0.01129984
vn -0.99860197 -0.05270010 0.00410001
vn -0.98209287 -0.18789864 0.01369990
vn -0.99856507 -0.05349813 0.00239992
vn -0.99663311 -0.08140270 -0.00980033
vn -0.99761530 -0.06900106 0.00160002
vn -0.99832088 -0.05780121 -0.00380008
vn -0.98227095 -0.18719446 0.01009970
vn -0.99766307 -0.06649754 -0.01569942
vn -0.99562642 -0.08900236 -0.02840075
vn -0.99245839 -0.09649595 -0.07559683
vn -0.81005364 -0.58616645 0.01489915
vn -0.75339127 -0.65689239 -0.02989965
vn -0.23650270 -0.96931107 -0.06710077
vn -0.23650270 -0.96931107 -0.06710077
vn -0.23139504 -0.96467933 -0.12589730
vn -0.23139504 -0.96467933 -0.12589730
vn -0.75150606 -0.65590529 -0.07090057
vn -0.72100875 -0.53570650 -0.43950533
vn -0.32899004 -0.67697950 -0.65838006
vn -0.32899004 -0.67697950 -0.65838006
vn -0.24059088 -0.94836405 -0.20669217
vn -0.24059088 -0.94836405 -0.20669217
vn -0.13089523 -0.97396454 -0.18509326
vn -0.22080152 -0.64690444 -0.72990501
vn 0.00000000 -0.18579773 -0.98258801
vn 0.00000000 -0.65018177 -0.75977870
vn -0.18310697 -0.19010724 -0.96453672
vn -0.32539283 -0.13369705 -0.93607938
vn -0.32539283 -0.13369705 -0.93607938
vn -0.31850565 -0.19130340 -0.92841648
vn -0.31850565 -0.19130340 -0.92841648
vn -0.17159423 -0.15829468 -0.97236732
vn -0.36790963 -0.23710621 -0.89912354
vn -0.36790963 -0.23710621 -0.89912354
vn -0.16699301 -0.16199322 -0.97255927
vn 0.00000000 -0.15539257 -0.98785280
vn -0.00110003 -0.15930466 -0.98722886
vn 0.17159423 -0.15829468 -0.97236732
vn 0.16339904 -0.16599902 -0.97249426
vn 0.00000000 -0.32299968 -0.94639907
vn 0.00000000 -0.32299968 -0.94639907
vn 0.36790963 -0.23710621 -0.89912354
vn 0.36790963 -0.23710621 -0.89912354
vn 0.14479902 -0.38379741 -0.91199385
vn 0.14479902 -0.38379741 -0.91199385
vn 0.16589509 -0.46058637 -0.87197420
vn 0.34510936 -0.33790916 -0.87562374
vn 0.34510936 -0.33790916 -0.87562374
vn 0.34510936 -0.33790916 -0.87562374
vn 0.00000000 -0.47180233 -0.88170435
vn -0.16379476 -0.46228521 -0.87147212
vn 0.00000000 1.00000000 0.00000000
vn 0.08999936 -0.48189659 -0.87159382
vn -0.18249276 -0.35088609 -0.91846358
vn -0.18249276 -0.35088609 -0.91846358
vn 0.00000000 1.00000000 0.00000000
vn 0.00000000 -0.48390987 -0.87511784
vn 0.00000000 1.00000000 0.00000000
vn -0.08999936 -0.48189659 -0.87159382
vn -0.17650433 -0.48251184 -0.85792106
vn 0.00000000 1.00000000 0.00000000
vn 0.00000000 1.00000000 0.00000000
vn -0.25279440 -0.47448948 -0.84318131
vn -0.33812096 -0.46962911 -0.81555056
vn 0.00000000 1.00000000 0.00000000
vn 0.00000000 1.00000000 0.00000000
vn -0.45822323 -0.47362401 -0.75213813
vn -0.41140541 -0.45560600 -0.78941039
vn -0.41140541 -0.45560600 -0.78941039
vn -0.63863137 -0.53662636 -0.55152709
vn -0.71750559 -0.37040289 -0.58990460
vn -0.51358238 -0.52668193 -0.67737676
vn -0.51358238 -0.52668193 -0.67737676
vn -0.35792258 -0.86205438 -0.35882263
vn -0.44597807 -0.82525942 -0.34648296
vn -0.41711985 -0.76613646 -0.48892327
vn -0.32528858 -0.31368899 -0.89206869
vn -0.32528858 -0.31368899 -0.89206869
vn -0.32528858 -0.31368899 -0.89206869
vn -0.06690294 -0.99774377 0.00560025
vn -0.09940073 -0.99490733 0.01670012
vn -0.28610366 -0.95801225 0.01890024
vn -0.46578935 -0.88487976 -0.00529988
vn -0.04580091 -0.99661971 0.06820135
vn -0.34139189 -0.93737772 0.06909836
vn -0.43092073 -0.89994330 0.06640319
vn -0.69680584 -0.71300598 -0.07800065
vn -0.34980485 -0.93401294 0.07250100
vn -0.44869348 -0.89098706 0.06939899
vn -0.65946696 -0.75046241 0.04369781
vn -0.81583787 -0.57732680 0.03320154
vn -0.84382902 -0.53491840 -0.04260147
vn -0.65439887 -0.75389870 0.05829990
vn -0.81058882 -0.58389195 0.04489938
vn -0.46679287 -0.88168652 0.06879895
vn -0.65518592 -0.75318382 0.05869874
vn -0.81112397 -0.58311723 0.04530134
vn -0.46698721 -0.88157586 0.06889811
vn -0.65501856 -0.75332135 0.05880167
vn -0.46690902 -0.88161702 0.06890133
vn -0.34999263 -0.93388034 0.07329846
vn -0.47030857 -0.87981603 0.06880125
vn -0.31220423 -0.94711284 0.07420101
vn -0.01959965 -0.99668203 0.07899858
vn -0.28709548 -0.95498496 0.07469882
vn -0.01809924 -0.99675793 0.07839669
vn -0.01120031 -0.99682735 0.07880216
vn -0.02009917 -0.99675880 0.07789678
vn -0.01280026 -0.99672056 0.07990165
vn -0.02370011 -0.99550456 0.09170042
vn -0.04570191 -0.99514163 0.08720365
vn -0.05640092 -0.99361629 0.09770160
vn -0.07390194 -0.98962592 0.12320323
vn -0.04830155 -0.99513199 0.08590276
vn -0.54469412 -0.78179156 0.30349673
vn -0.54811414 -0.81842111 0.17250445
vn -0.86761816 -0.45190946 0.20740434
vn -0.86761816 -0.45190946 0.20740434
vn -0.55243791 -0.83165707 0.05620386
vn -0.88196285 -0.46988021 0.03679845
vn -0.88196285 -0.46988021 0.03679845
vn -0.86484877 -0.48392729 -0.13360754
vn -0.86484877 -0.48392729 -0.13360754
vn 0.00000000 1.00000000 0.00000000
vn -0.91252085 -0.40820933 0.02590059
vn 0.00000000 1.00000000 0.00000000
vn -0.90953279 -0.39741433 0.12170439
vn 0.00000000 1.00000000 0.00000000
vn -0.89751833 -0.39110799 0.20370416
vn -0.87632493 -0.38051083 0.29540840
vn 0.00000000 1.00000000 0.00000000
vn -0.84791693 -0.37430747 0.37540750
vn 0.00000000 1.00000000 0.00000000
vn -0.80779405 -0.36419732 0.46349659
vn 0.00000000 1.00000000 0.00000000
vn -0.82048722 -0.43209327 0.37429417
vn -0.82048722 -0.43209327 0.37429417
vn -0.74155805 -0.41663261 0.52584116
vn -0.74155805 -0.41663261 0.52584116
vn -0.45808314 -0.81007018 0.36598653
vn -0.44981069 -0.67821611 0.58111380
vn -0.10930493 -0.97744411 0.18070816
vn -0.06659686 -0.98665343 0.14859299
vn -0.09819552 -0.98595502 0.13509384
vn -0.39121709 -0.71483122 0.57962532
vn -0.43689218 -0.72628700 0.53069050
vn -0.53691064 -0.39450782 0.74571478
vn -0.53691064 -0.39450782 0.74571478
vn -0.63519617 -0.40099758 0.66009602
vn -0.63519617 -0.40099758 0.66009602
vn 0.00000000 1.00000000 0.00000000
vn -0.65498289 -0.34579097 0.67188245
vn -0.58708186 -0.33758957 0.73577726
vn 0.00000000 1.00000000 0.00000000
vn -0.55439527 -0.33649713 0.76119351
vn 0.00000000 1.00000000 0.00000000
vn -0.51870835 -0.33540540 0.78641266
vn 0.00000000 1.00000000 0.00000000
vn 0.00000000 1.00000000 0.00000000
vn -0.54466989 -0.33518147 0.76875750
vn -0.55698022 -0.39408601 0.73107404
vn -0.55698022 -0.39408601 0.73107404
vn -0.57611619 -0.33330937 0.74632098
vn 0.00000000 1.00000000 0.00000000
vn 0.00000000 1.00000000 0.00000000
vn -0.70981837 -0.31260809 0.63121634
vn -0.78062714 -0.30891074 0.54331889
vn -0.78062714 -0.30891074 0.54331889
vn -0.86147790 -0.26049332 0.43588882
vn 0.00000000 1.00000000 0.00000000
vn -0.93241729 -0.21960407 0.28700532
vn 0.00000000 1.00000000 0.00000000
vn -0.91580033 -0.20580007 0.34490012
vn -0.59759640 -0.63449618 0.49019705
vn -0.29391339 -0.94734315 0.12710579
vn -0.47188891 -0.87457944 0.11149738
vn -0.67240919 -0.73140999 0.11360155
vn -0.82801353 -0.55470906 0.08180134
vn -0.47268278 -0.87836801 0.07099741
vn -0.34169169 -0.93667721 0.07669813
vn 0.00000000 1.00000000 0.00000000
vn -0.71330402 -0.35000197 0.60720342
vn -0.76554383 -0.35912056 0.53383056
vn 0.00000000 1.00000000 0.00000000
vn -0.90818877 -0.41449487 -0.05819928
vn 0.00000000 1.00000000 0.00000000
vn -0.89272719 -0.42461293 -0.15080459
vn 0.00000000 1.00000000 0.00000000
vn -0.87258433 -0.43039227 -0.23099585
vn 0.00000000 1.00000000 0.00000000
vn -0.83865540 -0.44017659 -0.32078294
vn 0.00000000 1.00000000 0.00000000
vn -0.81584311 -0.49486549 -0.29917914
vn -0.81584311 -0.49486549 -0.29917914
vn -0.54359449 -0.83829151 -0.04209957
vn -0.73351840 -0.50811275 -0.45141133
vn -0.73351840 -0.50811275 -0.45141133
vn -0.55219452 -0.82099185 -0.14509856
vn -0.04829990 -0.99639804 0.06969986
vn -0.53521378 -0.79392044 -0.28850743
vn -0.05640190 -0.99673355 0.05780195
vn -0.01290051 -0.99703936 0.07580299
vn -0.02369941 -0.99767496 0.06389840
vn -0.07389671 -0.99675562 0.03189858
vn -0.10920487 -0.99364427 -0.02730122
vn -0.53010387 -0.76020555 -0.37560274
vn -0.62401179 -0.51860980 -0.58451104
vn -0.62401179 -0.51860980 -0.58451104
vn 0.00000000 1.00000000 0.00000000
vn -0.63990049 -0.46710036 -0.61020047
vn -0.70406711 -0.45897856 -0.54187469
vn 0.00000000 1.00000000 0.00000000
vn -0.75351755 -0.45461059 -0.47491106
vn 0.00000000 1.00000000 0.00000000
vn 0.00000000 1.00000000 0.00000000
vn -0.80226312 -0.44557952 -0.39728174
vn 0.00000000 1.00000000 0.00000000
vn -0.57699873 -0.47079896 -0.66739853
vn 0.00000000 1.00000000 0.00000000
vn -0.52287674 -0.47637881 -0.70686855
vn -0.01959910 -0.99685414 0.07679647
vn -0.01119964 -0.99696838 0.07699756
vn -0.01810079 -0.99684329 0.07730336
vn -0.01070004 -0.99690373 0.07790029
vn -0.04610012 -0.99590256 0.07780020
vn -0.31218390 -0.94715117 0.07379620
vn -0.99283163 -0.11940380 -0.00530017
vn -0.99053827 -0.12650489 -0.05320206
vn -0.99457784 -0.08149818 -0.06459856
vn -0.78681240 -0.17450275 -0.59200933
vn -0.76456040 -0.19618984 -0.61396820
vn -0.82249743 -0.21759932 -0.52549836
vn 0.17650433 -0.48251184 -0.85792106
vn 0.00000000 1.00000000 0.00000000
vn 0.00000000 1.00000000 0.00000000
vn 0.25279440 -0.47448948 -0.84318131
vn 0.33812096 -0.46962911 -0.81555056
vn 0.00000000 1.00000000 0.00000000
vn 0.00000000 1.00000000 0.00000000
vn 0.45822323 -0.47362401 -0.75213813
vn 0.40860596 -0.46000670 -0.78831149
vn 0.40860596 -0.46000670 -0.78831149
vn 0.55461834 -0.64262125 -0.52861748
vn 0.71277709 -0.41738658 -0.56368188
vn 0.51358238 -0.52668193 -0.67737676
vn 0.51358238 -0.52668193 -0.67737676
vn 0.45141530 -0.82232787 -0.34641174
vn 0.37040599 -0.78761273 -0.49240796
vn 0.40581949 -0.80523866 -0.43232076
vn 0.09940073 -0.99490733 0.01670012
vn 0.28610366 -0.95801225 0.01890024
vn 0.06690294 -0.99774377 0.00560025
vn 0.02369956 -0.99768133 0.06379881
vn 0.07389671 -0.99675562 0.03189858
vn 0.10920487 -0.99364427 -0.02730122
vn 0.47738681 -0.77317864 -0.41748847
vn 0.62401179 -0.51860980 -0.58451104
vn 0.62401179 -0.51860980 -0.58451104
vn 0.51470726 -0.79131117 -0.33000466
vn 0.73351840 -0.50811275 -0.45141133
vn 0.73351840 -0.50811275 -0.45141133
vn 0.05640190 -0.99673355 0.05780195
vn 0.50719971 -0.84999952 -0.14229992
vn 0.04829990 -0.99639804 0.06969986
vn 0.54568227 -0.83687281 -0.04329859
vn 0.81580967 -0.49490587 -0.29920355
vn 0.81580967 -0.49490587 -0.29920355
vn 0.86484877 -0.48392729 -0.13360754
vn 0.86484877 -0.48392729 -0.13360754
vn 0.00000000 1.00000000 0.00000000
vn 0.83865540 -0.44017659 -0.32078294
vn 0.87258433 -0.43039227 -0.23099585
vn 0.00000000 1.00000000 0.00000000
vn 0.00000000 1.00000000 0.00000000
vn 0.89272719 -0.42461293 -0.15080459
vn 0.00000000 1.00000000 0.00000000
vn 0.90818877 -0.41449487 -0.05819928
vn 0.00000000 1.00000000 0.00000000
vn 0.91252085 -0.40820933 0.02590059
vn 0.00000000 1.00000000 0.00000000
vn 0.90953279 -0.39741433 0.12170439
vn 0.88196285 -0.46988021 0.03679845
vn 0.88196285 -0.46988021 0.03679845
vn 0.86761816 -0.45190946 0.20740434
vn 0.86761816 -0.45190946 0.20740434
vn 0.54807162 -0.81855761 0.17199109
vn 0.55221442 -0.83062170 0.07160187
vn 0.04830155 -0.99513199 0.08590276
vn 0.04610012 -0.99590256 0.07780020
vn 0.01109966 -0.99696949 0.07699764
vn 0.01070004 -0.99690373 0.07790029
vn 0.01810079 -0.99684329 0.07730336
vn 0.02009917 -0.99675880 0.07789678
vn 0.01120031 -0.99682735 0.07880216
vn 0.01290025 -0.99671928 0.07990155
vn 0.05640092 -0.99361629 0.09770160
vn 0.01809924 -0.99675793 0.07839669
vn 0.01959965 -0.99668203 0.07899858
vn 0.28709548 -0.95498496 0.07469882
vn 0.31220423 -0.94711284 0.07420101
vn 0.46698721 -0.88157586 0.06889811
vn 0.34999263 -0.93388034 0.07329846
vn 0.46690902 -0.88161702 0.06890133
vn 0.65517822 -0.75317496 0.05889804
vn 0.65528849 -0.75308677 0.05879897
vn 0.47030857 -0.87981603 0.06880125
vn 0.34169169 -0.93667721 0.07669813
vn 0.47268278 -0.87836801 0.07099741
vn 0.65200214 -0.75590248 0.05920019
vn 0.65088922 -0.75658747 0.06259896
vn 0.81089141 -0.58339382 0.04589951
vn 0.81127588 -0.58288267 0.04559864
vn 0.98958610 -0.14349798 0.01129984
vn 0.81140832 -0.58270597 0.04550047
vn 0.98946322 -0.14429464 0.01189956
vn 0.98135353 -0.19151045 0.01640089
vn 0.99853859 -0.05380208 0.00510020
vn 0.99856980 -0.05329839 0.00419987
vn 0.99855972 -0.05359784 0.00239990
vn 0.99793722 -0.06400239 0.00500019
vn 0.99761530 -0.06900106 0.00160002
vn 0.99663311 -0.08140270 -0.00980033
vn 0.81281921 -0.58081373 0.04450105
vn 0.75707710 -0.64748041 -0.08719736
vn 0.24940001 -0.96350005 0.09730000
vn 0.24940001 -0.96350005 0.09730000
vn 0.24879862 -0.96729464 0.04939973
vn 0.24879862 -0.96729464 0.04939973
vn 0.80327511 -0.59418159 -0.04119872
vn 0.23650270 -0.96931107 -0.06710077
vn 0.23650270 -0.96931107 -0.06710077
vn 0.75129888 -0.63479905 -0.18049973
vn 0.99562642 -0.08900236 -0.02840075
vn 0.99832088 -0.05780121 -0.00380008
vn 0.99766307 -0.06649754 -0.01569942
vn 0.99245839 -0.09649595 -0.07559683
vn 0.67676172 -0.48727244 -0.55186878
vn 0.78546636 -0.14789367 -0.60097426
vn 0.75200788 -0.62480655 -0.21000220
vn 0.99457784 -0.08149818 -0.06459856
vn 0.99053827 -0.12650489 -0.05320206
vn 0.99283163 -0.11940380 -0.00530017
vn 0.80281835 -0.12340282 -0.58331333
vn 0.31250861 -0.20320560 -0.92792556
vn 0.31250861 -0.20320560 -0.92792556
vn 0.75669805 -0.22149943 -0.61509842
vn 0.29569797 -0.16229889 -0.94139353
vn 0.29569797 -0.16229889 -0.94139353
vn 0.17790625 -0.19350680 -0.96483391
vn 0.30699327 -0.65978553 -0.68588496
vn 0.30699327 -0.65978553 -0.68588496
vn 0.15189653 -0.66428482 -0.73188327
vn 0.13089523 -0.97396454 -0.18509326
vn 0.25491229 -0.94954579 -0.18270881
vn 0.25491229 -0.94954579 -0.18270881
vn 0.25109505 -0.96238104 -0.10379795
vn 0.25109505 -0.96238104 -0.10379795
vn 0.12340316 -0.98502526 -0.12040309
vn 0.12099838 -0.99148668 -0.04809935
vn 0.00000000 -0.98266440 -0.18539328
vn 0.00000000 -0.99273704 -0.12030449
vn -0.12340316 -0.98502526 -0.12040309
vn -0.12099838 -0.99148668 -0.04809935
vn 0.00000000 -0.99881828 -0.04860089
vn 0.12190504 -0.99214105 0.02820117
vn -0.12190504 -0.99214105 0.02820117
vn 0.00000000 -0.99960511 0.02810014
vn 0.12270350 -0.98942823 0.07730221
vn -0.12280200 -0.98941608 0.07730126
vn 0.00000000 -0.99696141 0.07789699
vn -0.12189429 -0.98465387 0.12489415
vn 0.00000000 -0.99202976 0.12600378
vn 0.12179578 -0.98466586 0.12489567
vn 0.24929729 -0.95798959 0.14179846
vn 0.24929729 -0.95798959 0.14179846
vn 0.23381182 -0.95784843 0.16690844
vn 0.23381182 -0.95784843 0.16690844
vn 0.11889417 -0.97365226 0.19459046
vn 0.00000000 -0.98032213 0.19740446
vn 0.00000000 -0.96477074 0.26309202
vn 0.11629674 -0.95847312 0.26039270
vn 0.00000000 -0.94506332 0.32688731
vn 0.11700410 -0.93673283 0.32991156
vn 0.24111027 -0.93053963 0.27561174
vn 0.24111027 -0.93053963 0.27561174
vn 0.22790663 -0.91342658 0.33720981
vn 0.22790663 -0.91342658 0.33720981
vn 0.75342650 -0.65192293 0.08570301
vn 0.70681326 -0.69501304 0.13180247
vn 0.99764252 -0.06820291 0.00760032
vn 0.99693042 -0.07710235 0.01360041
vn 0.75749878 -0.65239895 -0.02389996
vn 0.99819934 -0.05799996 0.01529999
vn 0.99654506 -0.07840355 0.02740124
vn 0.99847359 -0.05479855 0.00689982
vn 0.97977135 -0.19899418 0.02119938
vn 0.99252146 -0.11550250 0.03950085
vn 0.81226607 -0.58127572 0.04839798
vn 0.82801353 -0.55470906 0.08180134
vn 0.67240919 -0.73140999 0.11360155
vn 0.96049663 -0.19099933 0.20239929
vn 0.47193018 -0.87455593 0.11150713
vn 0.63090314 -0.65680327 0.41300205
vn 0.55698022 -0.39408601 0.73107404
vn 0.55698022 -0.39408601 0.73107404
vn 0.09819552 -0.98595502 0.13509384
vn 0.78062714 -0.30891074 0.54331889
vn 0.78062714 -0.30891074 0.54331889
vn 0.46717382 -0.69546102 0.54596940
vn 0.29400475 -0.94731530 0.12710205
vn 0.53691064 -0.39450782 0.74571478
vn 0.53691064 -0.39450782 0.74571478
vn 0.44359707 -0.71009531 0.54679639
vn 0.63519617 -0.40099758 0.66009602
vn 0.63519617 -0.40099758 0.66009602
vn 0.06659686 -0.98665343 0.14859299
vn 0.38580118 -0.81160248 0.43870134
vn 0.74160306 -0.41660172 0.52580217
vn 0.74160306 -0.41660172 0.52580217
vn 0.56999099 -0.72818849 0.38059399
vn 0.10930493 -0.97744411 0.18070816
vn 0.07390285 -0.98963811 0.12310474
vn 0.02379983 -0.99549307 0.09179936
vn 0.54842856 -0.78514088 0.28771498
vn 0.82048722 -0.43209327 0.37429417
vn 0.82048722 -0.43209327 0.37429417
vn 0.00000000 1.00000000 0.00000000
vn 0.84791693 -0.37430747 0.37540750
vn 0.80779405 -0.36419732 0.46349659
vn 0.00000000 1.00000000 0.00000000
vn 0.00000000 1.00000000 0.00000000
vn 0.76554383 -0.35912056 0.53383056
vn 0.00000000 1.00000000 0.00000000
vn 0.71330402 -0.35000197 0.60720342
vn 0.00000000 1.00000000 0.00000000
vn 0.65492578 -0.34581361 0.67192645
vn 0.58708186 -0.33758957 0.73577726
vn 0.00000000 1.00000000 0.00000000
vn 0.00000000 1.00000000 0.00000000
vn 0.55439527 -0.33649713 0.76119351
vn 0.00000000 1.00000000 0.00000000
vn 0.51870835 -0.33540540 0.78641266
vn 0.00000000 1.00000000 0.00000000
vn 0.54466989 -0.33518147 0.76875750
vn 0.57611619 -0.33330937 0.74632098
vn 0.00000000 1.00000000 0.00000000
vn 0.70981837 -0.31260809 0.63121634
vn 0.00000000 1.00000000 0.00000000
vn 0.00000000 1.00000000 0.00000000
vn 0.86147790 -0.26049332 0.43588882
vn 0.93241729 -0.21960407 0.28700532
vn 0.00000000 1.00000000 0.00000000
vn 0.93198426 -0.18439689 0.31209473
vn 0.93198426 -0.18439689 0.31209473
vn 0.92346197 -0.20959137 0.32138676
vn 0.00000000 1.00000000 0.00000000
vn 0.88506096 -0.20299105 0.41888152
vn 0.88506096 -0.20299105 0.41888152
vn 0.00000000 1.00000000 0.00000000
vn 0.82843908 -0.22471060 0.51302420
vn 0.68719686 -0.21829900 0.69289683
vn 0.00000000 1.00000000 0.00000000
vn 0.00000000 1.00000000 0.00000000
vn 0.43479706 -0.19349869 0.87949405
vn 0.43479706 -0.19349869 0.87949405
vn 0.58482517 -0.17190740 0.79273411
vn 0.58482517 -0.17190740 0.79273411
vn 0.58482517 -0.17190740 0.79273411
vn 0.87800688 -0.08630068 0.47080369
vn 0.25469199 -0.14179554 0.95656992
vn 0.60540504 -0.29730248 0.73830615
vn 0.60540504 -0.29730248 0.73830615
vn 0.33609541 -0.16819770 0.92668733
vn 0.00000000 1.00000000 0.00000000
vn 0.24910853 -0.15350526 0.95623275
vn 0.00000000 1.00000000 0.00000000
vn 0.00000000 1.00000000 0.00000000
vn 0.12710562 -0.14150626 0.98174342
vn 0.00000000 -0.13849485 0.99036315
vn 0.00000000 1.00000000 0.00000000
vn 0.00000000 1.00000000 0.00000000
vn -0.12710562 -0.14150626 0.98174342
vn -0.00120004 -0.14430475 0.98953257
vn -0.26039764 -0.14139872 0.95509134
vn -0.24659992 -0.16129995 0.95559971
vn 0.00000000 -0.16610146 0.98610867
vn 0.24609910 -0.15789942 0.95629650
vn 0.24540844 -0.24810854 0.93713225
vn 0.57750712 -0.03780047 0.81551006
vn 0.57750712 -0.03780047 0.81551006
vn 0.76420081 -0.39080041 0.51310054
vn 0.92346989 -0.07639751 0.37598774
vn 0.19369122 -0.67696930 0.71006780
vn 0.29268129 -0.63865917 0.71165450
vn 0.29268129 -0.63865917 0.71165450
vn 0.78499480 -0.60279601 0.14289905
vn 0.99407035 -0.07429778 0.07939763
vn 0.96825162 -0.06679666 0.24088796
vn 0.99655840 -0.06479730 0.05169784
vn 0.00000000 -0.70825577 0.70595592
vn -0.19569887 -0.27779839 0.94049455
vn 0.00000000 -0.26000216 0.96560803
vn -0.24910853 -0.15350526 0.95623275
vn 0.00000000 1.00000000 0.00000000
vn -0.33609541 -0.16819770 0.92668733
vn 0.00000000 1.00000000 0.00000000
vn 0.00000000 1.00000000 0.00000000
vn -0.43471596 -0.19350710 0.87953228
vn -0.43471596 -0.19350710 0.87953228
vn -0.68714408 -0.21831400 0.69294445
vn 0.00000000 1.00000000 0.00000000
vn 0.87632493 -0.38051083 0.29540840
vn 0.00000000 1.00000000 0.00000000
vn 0.89751833 -0.39110799 0.20370416
vn 0.00000000 1.00000000 0.00000000
vn 0.04570191 -0.99514163 0.08720365
vn -0.11629674 -0.95847312 0.26039270
vn -0.11889417 -0.97365226 0.19459046
vn -0.23381182 -0.95784843 0.16690844
vn -0.23381182 -0.95784843 0.16690844
vn -0.22849341 -0.96597214 0.12119650
vn -0.22849341 -0.96597214 0.12119650
vn -0.75977164 -0.63057646 0.15849408
vn -0.81896325 -0.56567462 0.09649567
vn -0.99793722 -0.06400239 0.00500019
vn -0.76081556 -0.64181313 0.09610197
vn -0.22809442 -0.97067626 0.07589814
vn -0.22809442 -0.97067626 0.07589814
vn -0.22758874 -0.97335185 0.02809861
vn -0.22758874 -0.97335185 0.02809861
vn 0.69685728 -0.71295629 -0.07799522
vn 0.84390295 -0.53480187 -0.04260015
vn 0.81583787 -0.57732680 0.03320154
vn 0.64520526 -0.76250621 0.04790039
vn 0.64608093 -0.76097754 0.05909826
vn 0.45771024 -0.88641983 0.06900154
vn 0.44130571 -0.89491157 0.06620086
vn 0.34139189 -0.93737772 0.06909836
vn 0.46578910 -0.88487929 -0.00539987
vn 0.34980485 -0.93401294 0.07250100
vn 0.01959910 -0.99685414 0.07679647
vn 0.31218390 -0.94715117 0.07379620
vn 0.47038968 -0.87978069 0.06869849
vn 0.65212046 -0.75582371 0.05890185
vn 0.81112397 -0.58311723 0.04530134
vn 0.81063615 -0.58382604 0.04490200
vn 0.98228934 -0.18709797 0.01009989
vn 0.98209287 -0.18789864 0.01369990
vn 0.04580091 -0.99661971 0.06820135
vn 0.01300050 -0.99703807 0.07580289
vn 0.80226312 -0.44557952 -0.39728174
vn 0.00000000 1.00000000 0.00000000
vn 0.00000000 1.00000000 0.00000000
vn 0.75351755 -0.45461059 -0.47491106
vn 0.00000000 1.00000000 0.00000000
vn 0.70406711 -0.45897856 -0.54187469
vn 0.63990049 -0.46710036 -0.61020047
vn 0.00000000 1.00000000 0.00000000
vn 0.00000000 1.00000000 0.00000000
vn 0.57699873 -0.47079896 -0.66739853
vn 0.00000000 1.00000000 0.00000000
vn 0.52287674 -0.47637881 -0.70686855
vn -0.03159976 -0.04259967 0.99859237
vn 0.00000000 -1.00000000 0.00000000
vn -0.12049499 -0.14369402 0.98225912
vn 0.00000000 -1.00000000 0.00000000
vn 0.00000000 -0.13859292 0.99034943
vn 0.12049499 -0.14369402 0.98225912
vn 0.00000000 -1.00000000 0.00000000
vn 0.16419794 -0.07609904 0.98348766
vn -0.19939260 0.02239917 0.97966365
vn 0.00000000 0.09729565 0.99525552
vn -0.18819210 0.09569598 0.97745896
vn 0.18819210 0.09569598 0.97745896
vn 0.35118658 -0.05009809 0.93496426
vn 0.35118658 -0.05009809 0.93496426
vn 0.41809711 0.11499921 0.90109377
vn 0.41809711 0.11499921 0.90109377
vn 0.77637611 -0.12729608 0.61728101
vn 0.74988877 0.06369905 0.65849014
vn 0.88389917 -0.16789984 0.43649959
vn 0.88870201 0.04470010 0.45630103
vn 0.69366101 -0.18678950 0.69566090
vn 0.69850864 0.06960086 0.71220881
vn 0.58137370 0.07929641 0.80976336
vn 0.59080855 -0.03810055 0.80591166
vn 0.54430475 -0.33520293 0.76900672
vn 0.00000000 -1.00000000 0.00000000
vn 0.00000000 -1.00000000 0.00000000
vn 0.51866756 -0.33537902 0.78645081
vn 0.52627511 -0.19539076 0.82756085
vn 0.63711108 -0.20280353 0.74361294
vn 0.60580661 0.07770085 0.79180864
vn 0.55351834 -0.33651115 0.76182524
vn 0.00000000 -1.00000000 0.00000000
vn 0.00000000 -1.00000000 0.00000000
vn 0.58628189 -0.33788956 0.73627725
vn 0.64951523 -0.34530810 0.67741589
vn 0.00000000 -1.00000000 0.00000000
vn 0.00000000 -1.00000000 0.00000000
vn 0.71297673 -0.35018857 0.60748017
vn 0.76034795 -0.35832260 0.54173417
vn 0.00000000 -1.00000000 0.00000000
vn 0.00000000 -1.00000000 0.00000000
vn 0.80793308 -0.36411491 0.46331897
vn 0.76433750 -0.21581059 0.60762981
vn 0.86281242 -0.23110333 0.44960647
vn 0.71095932 0.06879606 0.69985995
vn 0.83301892 0.05390122 0.55061251
vn 0.92373398 0.03730137 0.38121403
vn 0.92923836 -0.24841025 0.27351129
vn 0.98077878 0.01899959 0.19419580
vn 0.95985119 -0.26631420 0.08810470
vn 1.00000000 0.00000000 0.00010000
vn 0.95360671 -0.28410200 -0.09960070
vn 0.98075973 -0.01899922 -0.19429202
vn 0.92370221 -0.03720009 -0.38130091
vn 0.91071881 -0.30120622 -0.28260584
vn 0.00000000 -1.00000000 0.00000000
vn 0.84288489 -0.43919213 -0.31089443
vn 0.00000000 -1.00000000 0.00000000
vn 0.80232685 -0.44561491 -0.39711329
vn 0.83299460 -0.31709794 -0.45339706
vn 0.83113023 -0.05430197 -0.55342013
vn 0.75891797 -0.45381074 -0.46701106
vn 0.00000000 -1.00000000 0.00000000
vn 0.70391637 -0.45881067 -0.54221261
vn 0.00000000 -1.00000000 0.00000000
vn 0.72351738 -0.33110795 -0.60571455
vn 0.58981155 -0.33840663 -0.73321436
vn 0.70660576 -0.06930057 -0.70420574
vn 0.57650403 -0.47040329 -0.66810467
vn 0.00000000 -1.00000000 0.00000000
vn 0.00000000 -1.00000000 0.00000000
vn 0.64628428 -0.46638866 -0.60398531
vn 0.00000000 -1.00000000 0.00000000
vn 0.52891229 -0.47571105 -0.70281633
vn 0.00000000 -1.00000000 0.00000000
vn 0.44879962 -0.46959960 -0.76029936
vn 0.00000000 -1.00000000 0.00000000
vn 0.34421005 -0.46941370 -0.81312374
vn 0.25741089 -0.47652016 -0.84063557
vn 0.00000000 -1.00000000 0.00000000
vn 0.42711041 -0.34420839 -0.83612038
vn 0.24948814 -0.35348320 -0.90155715
vn 0.55490703 -0.08150103 -0.82791049
vn 0.38238391 -0.09049619 -0.91956130
vn 0.19460615 -0.09540302 -0.97623087
vn 0.00000000 -0.09760250 -0.99522548
vn 0.00000000 -0.41019835 -0.91199633
vn -0.18550509 -0.37921040 -0.90652487
vn 0.00000000 -1.00000000 0.00000000
vn 0.00000000 -0.48410537 -0.87500971
vn -0.19460615 -0.09540302 -0.97623087
vn -0.38238391 -0.09049619 -0.91956130
vn -0.36540208 -0.37310212 -0.85280486
vn -0.55509137 -0.08149873 -0.82778713
vn -0.53320354 -0.36810244 -0.76170505
vn -0.70650592 -0.06930058 -0.70430591
vn -0.83121165 -0.05420076 -0.55330775
vn -0.67342450 -0.36081313 -0.64522347
vn -0.79187359 -0.34748841 -0.50218325
vn -0.57657079 -0.47037617 -0.66806615
vn 0.00000000 -1.00000000 0.00000000
vn -0.64631442 -0.46631040 -0.60401348
vn 0.00000000 -1.00000000 0.00000000
vn 0.00000000 -1.00000000 0.00000000
vn -0.70388407 -0.45888962 -0.54218773
vn -0.75888352 -0.45389015 -0.46698986
vn 0.00000000 -1.00000000 0.00000000
vn -0.80232685 -0.44561491 -0.39711329
vn 0.00000000 -1.00000000 0.00000000
vn -0.91708196 -0.14779709 -0.37029272
vn 0.00000000 -1.00000000 0.00000000
vn -0.84288489 -0.43919213 -0.31089443
vn 0.00000000 -1.00000000 0.00000000
vn -0.87256417 -0.43038233 -0.23109051
vn -0.97410739 -0.13010099 -0.18490140
vn 0.00000000 -1.00000000 0.00000000
vn -0.89499732 -0.42359873 -0.13979958
vn -0.90822641 -0.41441205 -0.05820169
vn 0.00000000 -1.00000000 0.00000000
vn -0.91264150 -0.40701851 0.03770171
vn 0.00000000 -1.00000000 0.00000000
vn -0.99373183 -0.11150357 0.00800026
vn -0.97536314 -0.09289649 0.20009244
vn -0.98077878 0.01899959 0.19419580
vn -1.00000000 0.00000000 0.00000000
vn -0.98071778 -0.01900034 -0.19450353
vn -0.92373053 -0.03740124 -0.38121260
vn -0.92386891 0.03729874 0.38088718
vn -0.91938764 -0.07469900 0.38619481
vn -0.83301892 0.05390122 0.55061251
vn -0.82899101 -0.05849937 0.55619397
vn -0.71095932 0.06879606 0.69985995
vn -0.60580661 0.07770085 0.79180864
vn -0.70612185 -0.04400136 0.70672187
vn -0.57832495 -0.22510971 0.78413383
vn -0.64951523 -0.34530810 0.67741589
vn 0.00000000 -1.00000000 0.00000000
vn -0.71297673 -0.35018857 0.60748017
vn 0.00000000 -1.00000000 0.00000000
vn 0.00000000 -1.00000000 0.00000000
vn -0.76034795 -0.35832260 0.54173417
vn -0.80793308 -0.36411491 0.46331897
vn 0.00000000 -1.00000000 0.00000000
vn -0.84368978 -0.37329548 0.38579533
vn 0.00000000 -1.00000000 0.00000000
vn 0.00000000 -1.00000000 0.00000000
vn -0.87629904 -0.38049958 0.29549968
vn 0.00000000 -1.00000000 0.00000000
vn -0.89535113 -0.38997871 0.21508826
vn 0.00000000 -1.00000000 0.00000000
vn -0.90952172 -0.39740949 0.12180291
vn 0.00000000 -1.00000000 0.00000000
vn -0.58628189 -0.33788956 0.73627725
vn -0.55351834 -0.33651115 0.76182524
vn 0.00000000 -1.00000000 0.00000000
vn 0.00000000 -1.00000000 0.00000000
vn -0.51866756 -0.33537902 0.78645081
vn -0.62320493 -0.20280161 0.75530598
vn 0.00000000 -1.00000000 0.00000000
vn -0.54430475 -0.33520293 0.76900672
vn 0.00000000 -1.00000000 0.00000000
vn -0.57473538 -0.33362054 0.74724600
vn -0.68941373 -0.31660631 0.65151298
vn 0.00000000 -1.00000000 0.00000000
vn -0.73632394 -0.21120687 0.64282090
vn -0.86063120 -0.05050183 0.50671837
vn -0.88870201 0.04470010 0.45630103
vn -0.69850864 0.06960086 0.71220881
vn -0.58137370 0.07929641 0.80976336
vn -0.73328745 0.06619887 0.67668842
vn -0.78865744 -0.08029567 0.60956710
vn -0.48221472 0.10000305 0.87032658
vn -0.48221472 0.10000305 0.87032658
vn -0.43521154 -0.15130401 0.88752353
vn -0.43521154 -0.15130401 0.88752353
vn -0.42759281 -0.19319675 0.88308516
vn -0.42759281 -0.19319675 0.88308516
vn 0.00000000 -1.00000000 0.00000000
vn -0.31890085 -0.17280046 0.93190249
vn 0.00000000 -1.00000000 0.00000000
vn -0.67079972 -0.21529991 0.70969971
vn 0.00000000 -1.00000000 0.00000000
vn -0.83542096 -0.22350561 0.50211260
vn 0.00000000 -1.00000000 0.00000000
vn 0.00000000 -1.00000000 0.00000000
vn -0.92544568 -0.20931033 0.31581559
vn 0.00000000 -1.00000000 0.00000000
vn -0.92455168 -0.22438827 0.30798391
vn 0.00000000 -1.00000000 0.00000000
vn -0.84413017 -0.26960963 0.46341656
vn 0.00000000 -1.00000000 0.00000000
vn -0.24420349 -0.15340219 0.95751367
vn 0.00000000 -1.00000000 0.00000000
vn -0.52891229 -0.47571105 -0.70281633
vn -0.44879962 -0.46959960 -0.76029936
vn 0.00000000 -1.00000000 0.00000000
vn 0.00000000 -1.00000000 0.00000000
vn -0.34418206 -0.46937554 -0.81315762
vn -0.25740152 -0.47640281 -0.84070496
vn 0.00000000 -1.00000000 0.00000000
vn 0.00000000 -1.00000000 0.00000000
vn -0.17819650 -0.48249053 -0.85758317
vn 0.00000000 -1.00000000 0.00000000
vn -0.08989934 -0.48209646 -0.87149361
vn 0.00000000 -1.00000000 0.00000000
vn 0.08989934 -0.48209646 -0.87149361
vn 0.00000000 -1.00000000 0.00000000
vn 0.17820319 -0.48260863 -0.85751533
vn 0.00000000 -1.00000000 0.00000000
vn 0.87258433 -0.43039227 -0.23099585
vn 0.00000000 -1.00000000 0.00000000
vn 0.89499732 -0.42359873 -0.13979958
vn 0.90822641 -0.41441205 -0.05820169
vn 0.00000000 -1.00000000 0.00000000
vn 0.91264150 -0.40701851 0.03770171
vn 0.00000000 -1.00000000 0.00000000
vn 0.90952172 -0.39740949 0.12180291
vn 0.00000000 -1.00000000 0.00000000
vn 0.89535113 -0.38997871 0.21508826
vn 0.00000000 -1.00000000 0.00000000
vn 0.00000000 -1.00000000 0.00000000
vn 0.87629904 -0.38049958 0.29549968
vn 0.84368978 -0.37329548 0.38579533
vn 0.00000000 -1.00000000 0.00000000
vn 0.57473538 -0.33362054 0.74724600
vn 0.00000000 -1.00000000 0.00000000
vn 0.68941373 -0.31660631 0.65151298
vn 0.00000000 -1.00000000 0.00000000
vn 0.00000000 -1.00000000 0.00000000
vn 0.84413017 -0.26960963 0.46341656
vn 0.00000000 -1.00000000 0.00000000
vn 0.92455168 -0.22438827 0.30798391
vn 0.92544568 -0.20931033 0.31581559
vn 0.00000000 -1.00000000 0.00000000
vn 0.00000000 -1.00000000 0.00000000
vn 0.83540228 -0.22360061 0.50210137
vn 0.67090233 -0.21530075 0.70960246
vn 0.00000000 -1.00000000 0.00000000
vn 0.42759281 -0.19319675 0.88308516
vn 0.00000000 -1.00000000 0.00000000
vn 0.42759281 -0.19319675 0.88308516
vn 0.31890085 -0.17280046 0.93190249
vn 0.00000000 -1.00000000 0.00000000
vn 0.00000000 -1.00000000 0.00000000
vn 0.24420349 -0.15340219 0.95751367
vt 0.74283600 0.05199900
vt 0.19202400 0.01293700
vt 0.19425300 0.00800100
vt 0.62038400 0.08125900
vt 0.74744300 0.05402700
vt 0.74497000 0.03387500
vt 0.41763900 0.70812700
vt 0.41775700 0.71545500
vt 0.74648800 0.03398200
vt 0.73775600 0.05278100
vt 0.19269900 0.01837800
vt 0.21131100 0.01786200
vt 0.21416400 0.02049800
vt 0.60061800 0.08291900
vt 0.21199800 0.01172500
vt 0.22797200 0.01638800
vt 0.58218500 0.08297100
vt 0.22894500 0.02046000
vt 0.23017800 0.02555000
vt 0.23424800 0.02129400
vt 0.23557700 0.02568900
vt 0.23588600 0.01877400
vt 0.57332400 0.08458300
vt 0.57401400 0.09274800
vt 0.56758700 0.09241900
vt 0.56683700 0.08405200
vt 0.23845100 0.02420700
vt 0.24121800 0.03513900
vt 0.55461000 0.08408800
vt 0.23798800 0.03588900
vt 0.23229700 0.03594300
vt 0.24028100 0.04921500
vt 0.23430300 0.04922800
vt 0.21845300 0.04922200
vt 0.23529700 0.06293300
vt 0.21732400 0.03593000
vt 0.21582300 0.02555100
vt 0.19591600 0.02619600
vt 0.19640100 0.03608800
vt 0.19382700 0.03654500
vt 0.19638600 0.04929400
vt 0.19638000 0.06295800
vt 0.21901500 0.06292900
vt 0.19384500 0.04950600
vt 0.19262600 0.04964600
vt 0.19256600 0.03684900
vt 0.19385300 0.06303900
vt 0.19384900 0.07685800
vt 0.19265300 0.06309200
vt 0.19637600 0.07685100
vt 0.21915200 0.07684600
vt 0.19637100 0.09074400
vt 0.21901700 0.09076200
vt 0.23429200 0.10419600
vt 0.23530300 0.09075200
vt 0.21844700 0.10429900
vt 0.19637300 0.10436900
vt 0.21728600 0.11708500
vt 0.23222300 0.11671700
vt 0.23019500 0.12599700
vt 0.24026300 0.10417600
vt 0.23790700 0.11665700
vt 0.24354300 0.10458700
vt 0.47951900 0.08542600
vt 0.24108300 0.11756500
vt 0.46523100 0.08572400
vt 0.23554900 0.12574200
vt 0.23447400 0.12897000
vt 0.44914600 0.08661000
vt 0.23618100 0.13123500
vt 0.23835500 0.12731500
vt 0.45412200 0.08616500
vt 0.45352500 0.09447400
vt 0.44900600 0.09480900
vt 0.44294300 0.10517900
vt 0.44903700 0.10507900
vt 0.44250900 0.09437200
vt 0.42492000 0.08569200
vt 0.21447700 0.13409400
vt 0.44209500 0.08588800
vt 0.23006600 0.13293400
vt 0.42516200 0.09440100
vt 0.19726800 0.13384000
vt 0.40589500 0.08397800
vt 0.40761400 0.09424800
vt 0.42561400 0.10546500
vt 0.40787800 0.10575800
vt 0.42552800 0.11654000
vt 0.40799400 0.11727000
vt 0.40078600 0.10587500
vt 0.56889600 0.04713600
vt 0.40661500 0.12759400
vt 0.30871500 0.13384200
vt 0.55775400 0.04744500
vt 0.40098400 0.11786000
vt 0.55720700 0.04271800
vt 0.40196000 0.12809700
vt 0.54856300 0.04846700
vt 0.31204200 0.13506400
vt 0.56881000 0.04238000
vt 0.58041800 0.04230100
vt 0.42405800 0.04079600
vt 0.55654000 0.01687400
vt 0.58003800 0.04704500
vt 0.40058900 0.09389000
vt 0.42182600 0.03409100
vt 0.56835100 0.01639900
vt 0.41959300 0.04079600
vt 0.58016900 0.01645100
vt 0.58068200 0.01645200
vt 0.41950600 0.04105800
vt 0.41739300 0.06039100
vt 0.59233200 0.01698100
vt 0.59303900 0.01700500
vt 0.41727800 0.06136600
vt 0.41537200 0.09231800
vt 0.60451500 0.01771700
vt 0.59275600 0.04442100
vt 0.19002500 0.13481400
vt 0.19144800 0.13072100
vt 0.19344000 0.13129500
vt 0.17980300 0.12894900
vt 0.60568600 0.04253100
vt 0.18178200 0.12430800
vt 0.18976200 0.12938700
vt 0.18742800 0.12850000
vt 0.19394400 0.13506300
vt 0.40122600 0.08363100
vt 0.58926000 0.04774000
vt 0.18050700 0.12007900
vt 0.18599700 0.12344200
vt 0.18860500 0.12483600
vt 0.19061400 0.12583200
vt 0.18530100 0.11439300
vt 0.18855400 0.11557600
vt 0.19114600 0.11651200
vt 0.19229300 0.12666800
vt 0.18878700 0.10346200
vt 0.19132500 0.10391400
vt 0.19244600 0.11685200
vt 0.19376500 0.11709400
vt 0.19399600 0.12679500
vt 0.19255200 0.10407800
vt 0.19380000 0.10419300
vt 0.19141900 0.09057400
vt 0.19261800 0.09063600
vt 0.19383100 0.09067900
vt 0.19146200 0.07686400
vt 0.19265100 0.07686400
vt 0.19146200 0.06315900
vt 0.18890400 0.05026800
vt 0.19141900 0.04982200
vt 0.18896500 0.06332600
vt 0.18504900 0.05094300
vt 0.18896600 0.07685900
vt 0.18471000 0.06362600
vt 0.17446300 0.06434800
vt 0.18457200 0.07684300
vt 0.17603600 0.05248100
vt 0.17852900 0.04177100
vt 0.18554000 0.03932200
vt 0.16705800 0.05392600
vt 0.17159000 0.04398100
vt 0.16423300 0.06504600
vt 0.16329100 0.05431700
vt 0.16002100 0.06526300
vt 0.68016600 0.04134100
vt 0.15531700 0.06450100
vt 0.15887200 0.07674100
vt 0.15410000 0.07672500
vt 0.66801000 0.04153300
vt 0.65559600 0.04179600
vt 0.15524300 0.08894900
vt 0.41034100 0.38148200
vt 0.66794000 0.02196400
vt 0.41056000 0.42890200
vt 0.67675700 0.02269500
vt 0.41064100 0.44650100
vt 0.68045100 0.02295300
vt 0.68880800 0.02372300
vt 0.41113600 0.48918600
vt 0.69286500 0.02410300
vt 0.41135600 0.50819400
vt 0.70074700 0.02529000
vt 0.41208200 0.54502400
vt 0.69198900 0.04144700
vt 0.15882000 0.05275700
vt 0.16448700 0.04198100
vt 0.70352600 0.04211600
vt 0.16855200 0.04441000
vt 0.17501800 0.03604000
vt 0.17563000 0.03766600
vt 0.18080600 0.03366900
vt 0.18626500 0.03037900
vt 0.18192100 0.02966100
vt 0.18746200 0.02566500
vt 0.72486900 0.04504200
vt 0.17980500 0.02520300
vt 0.17172000 0.03266600
vt 0.71458900 0.04332200
vt 0.41386500 0.61211100
vt 0.71699800 0.02806900
vt 0.72373600 0.02963600
vt 0.41484800 0.63481100
vt 0.72822100 0.03065600
vt 0.41548100 0.64952100
vt 0.73325800 0.03191200
vt 0.41626500 0.66455000
vt 0.41687700 0.67630000
vt 0.73727000 0.03290500
vt 0.18778200 0.02047900
vt 0.73326700 0.04828700
vt 0.73951700 0.03337400
vt 0.41720800 0.68359000
vt 0.41736600 0.68719000
vt 0.74063400 0.03358900
vt 0.19010100 0.01982700
vt 0.73526900 0.05028700
vt 0.74167000 0.03369500
vt 0.41746900 0.69176800
vt 0.74300300 0.03378500
vt 0.41756000 0.69814900
vt 0.19444200 0.02246100
vt 0.18997300 0.02460800
vt 0.18889100 0.02896200
vt 0.19083300 0.02797400
vt 0.19233700 0.02717700
vt 0.19395700 0.02669400
vt 0.19131100 0.03722000
vt 0.18875600 0.03816200
vt 0.41334400 0.59430000
vt 0.71245700 0.02725100
vt 0.70512100 0.02589000
vt 0.41246100 0.56421200
vt 0.66468300 0.02175800
vt 0.41037500 0.36620900
vt 0.65540000 0.02102800
vt 0.41048700 0.31559400
vt 0.65264300 0.02086100
vt 0.41059900 0.30320900
vt 0.64286900 0.02012100
vt 0.41107100 0.25139800
vt 0.15866500 0.10070300
vt 0.64307900 0.04205000
vt 0.15995400 0.08822200
vt 0.63053400 0.04230100
vt 0.16422900 0.11150700
vt 0.16315300 0.09917900
vt 0.16416800 0.08847600
vt 0.16832200 0.10912100
vt 0.16692100 0.09960600
vt 0.17589700 0.10113900
vt 0.17828600 0.11187300
vt 0.17136300 0.10958200
vt 0.17533700 0.11598300
vt 0.17474200 0.11763600
vt 0.61803300 0.04247600
vt 0.17145000 0.12101800
vt 0.41349700 0.13849800
vt 0.61789000 0.01852700
vt 0.62859400 0.01919700
vt 0.41225800 0.18517200
vt 0.63036000 0.01928800
vt 0.41208900 0.19157500
vt 0.41123000 0.24210000
vt 0.64061900 0.01999900
vt 0.41365300 0.13456300
vt 0.61656400 0.01846200
vt 0.41524900 0.09461700
vt 0.60546000 0.01778300
vt 0.18491500 0.10275800
vt 0.17439800 0.08926100
vt 0.18465000 0.09006300
vt 0.17389400 0.07680200
vt 0.16323300 0.07676000
vt 0.18891000 0.09039600
vt 0.19639800 0.11745500
vt 0.19606100 0.12714600
vt 0.21595600 0.12666700
vt 0.22939000 0.12976300
vt 0.21485700 0.13064300
vt 0.19569100 0.13095900
vt 0.55602800 0.01689400
vt 0.42414500 0.04105800
vt 0.42625800 0.06039100
vt 0.54440500 0.01783800
vt 0.54370000 0.01788700
vt 0.42637300 0.06136600
vt 0.42827900 0.09231800
vt 0.53225800 0.01900600
vt 0.54495000 0.04527700
vt 0.31595600 0.13481400
vt 0.31453500 0.13072100
vt 0.31254700 0.13129500
vt 0.32617600 0.12894700
vt 0.53195300 0.04384300
vt 0.31622200 0.12938600
vt 0.32419800 0.12430700
vt 0.31855200 0.12849800
vt 0.31998000 0.12344100
vt 0.31737300 0.12483600
vt 0.32547200 0.12007700
vt 0.32769200 0.11187100
vt 0.33461700 0.10958100
vt 0.33064300 0.11597900
vt 0.33123500 0.11763500
vt 0.51959800 0.04421800
vt 0.33452800 0.12101600
vt 0.33765600 0.10911800
vt 0.34175100 0.11150500
vt 0.50708600 0.04446500
vt 0.33905700 0.09960600
vt 0.34282600 0.09917700
vt 0.34181100 0.08847600
vt 0.34602400 0.08821900
vt 0.34731400 0.10070100
vt 0.49453100 0.04463300
vt 0.48200600 0.04479200
vt 0.35073400 0.08894700
vt 0.43258000 0.25139800
vt 0.49400900 0.02270800
vt 0.48426700 0.02376800
vt 0.43305200 0.30320900
vt 0.43316500 0.31559400
vt 0.48151500 0.02402600
vt 0.43327600 0.36620900
vt 0.47226200 0.02506300
vt 0.43331000 0.38148200
vt 0.46901100 0.02537600
vt 0.43309200 0.42890200
vt 0.46022500 0.02639600
vt 0.46958200 0.04493700
vt 0.35187800 0.07672300
vt 0.45741200 0.04514500
vt 0.35065900 0.06449800
vt 0.34595500 0.06526100
vt 0.34710300 0.07673900
vt 0.34174400 0.06504300
vt 0.34274500 0.07675700
vt 0.33157700 0.08925900
vt 0.33208100 0.07680200
vt 0.32132700 0.09006300
vt 0.32140300 0.07684200
vt 0.33151100 0.06434800
vt 0.32993800 0.05247800
vt 0.33891900 0.05392500
vt 0.32126500 0.06362500
vt 0.32092500 0.05094200
vt 0.31701100 0.07685800
vt 0.31701300 0.06332500
vt 0.31451400 0.07686500
vt 0.31707400 0.05026900
vt 0.31451400 0.06315900
vt 0.31332300 0.06309200
vt 0.31332500 0.07686300
vt 0.31455700 0.04982200
vt 0.31721600 0.03816200
vt 0.31466500 0.03722000
vt 0.31334900 0.04964600
vt 0.31341200 0.03685000
vt 0.31213000 0.04950600
vt 0.31212200 0.06303900
vt 0.30960000 0.07685100
vt 0.31212600 0.07685800
vt 0.30959700 0.06295900
vt 0.30959100 0.04929300
vt 0.28696000 0.06293000
vt 0.28682400 0.07684600
vt 0.28696000 0.09076200
vt 0.27043300 0.07684300
vt 0.27067300 0.09075200
vt 0.27168600 0.10419500
vt 0.26426700 0.07684200
vt 0.26454800 0.09075400
vt 0.26093500 0.07684300
vt 0.51005600 0.12324900
vt 0.26122700 0.09088400
vt 0.49494400 0.12349600
vt 0.26571200 0.10417500
vt 0.26243500 0.10458900
vt 0.48015000 0.12371800
vt 0.26807100 0.11665900
vt 0.27375300 0.11671800
vt 0.28753200 0.10429900
vt 0.28869200 0.11708600
vt 0.27578300 0.12599800
vt 0.27150500 0.12897200
vt 0.27659200 0.12976300
vt 0.27043000 0.12574400
vt 0.29002400 0.12666900
vt 0.30991600 0.12715000
vt 0.30957800 0.11745600
vt 0.29112400 0.13064400
vt 0.44273100 0.12449100
vt 0.27591600 0.13293600
vt 0.31029500 0.13096300
vt 0.29150800 0.13409600
vt 0.42557200 0.12525200
vt 0.44286500 0.11599800
vt 0.44975500 0.12353700
vt 0.26979800 0.13123900
vt 0.44934500 0.11534700
vt 0.45387200 0.11553400
vt 0.45474300 0.12381800
vt 0.26762600 0.12731700
vt 0.46586000 0.12389100
vt 0.26489700 0.11756700
vt 0.46521800 0.11554000
vt 0.48000200 0.11531700
vt 0.45322800 0.10501000
vt 0.46472200 0.10482000
vt 0.46486400 0.09409400
vt 0.47964700 0.09382900
vt 0.47982200 0.10457100
vt 0.49490500 0.11507400
vt 0.49455100 0.09357700
vt 0.49479300 0.10432400
vt 0.50991700 0.11482700
vt 0.50956300 0.09332900
vt 0.50974000 0.10407800
vt 0.52457100 0.09308800
vt 0.52468800 0.10383100
vt 0.52492500 0.11457400
vt 0.52516200 0.12299100
vt 0.26123200 0.06281300
vt 0.54021300 0.12275500
vt 0.26239800 0.04887000
vt 0.54003500 0.11433900
vt 0.53983700 0.10358100
vt 0.55546300 0.10332300
vt 0.55543100 0.11414300
vt 0.56814500 0.10311400
vt 0.56794000 0.11382400
vt 0.55524500 0.12257900
vt 0.26475600 0.03513900
vt 0.56746700 0.12221200
vt 0.26752600 0.02420700
vt 0.26798900 0.03589200
vt 0.26569300 0.04921400
vt 0.27067800 0.06293200
vt 0.27167200 0.04922600
vt 0.26455400 0.06292900
vt 0.28864900 0.03593000
vt 0.27367500 0.03594300
vt 0.28752300 0.04922000
vt 0.30957400 0.03608800
vt 0.31005900 0.02619600
vt 0.31214700 0.03654500
vt 0.31201800 0.02669400
vt 0.31363700 0.02717800
vt 0.31153300 0.02246200
vt 0.31514200 0.02797400
vt 0.31599800 0.02460800
vt 0.31819200 0.02047900
vt 0.40446500 0.05368100
vt 0.31970900 0.03037900
vt 0.31587300 0.01982700
vt 0.40251600 0.05573200
vt 0.31851500 0.02566600
vt 0.31708400 0.02896100
vt 0.32616800 0.02520200
vt 0.41277100 0.05019500
vt 0.32405400 0.02966200
vt 0.33425400 0.03266400
vt 0.42300700 0.04818000
vt 0.32516800 0.03366800
vt 0.33095500 0.03604100
vt 0.34148700 0.04197900
vt 0.43404600 0.04665000
vt 0.33742300 0.04441000
vt 0.33034500 0.03766400
vt 0.33438600 0.04398000
vt 0.32744800 0.04177000
vt 0.34268300 0.05431700
vt 0.34715600 0.05275600
vt 0.44557800 0.04562800
vt 0.43229500 0.50819400
vt 0.44416300 0.02832300
vt 0.43632200 0.02974400
vt 0.43156900 0.54502400
vt 0.43119000 0.56421200
vt 0.43196100 0.03047800
vt 0.43030700 0.59430000
vt 0.42467100 0.03205700
vt 0.42978600 0.61211100
vt 0.42015000 0.03300700
vt 0.41346200 0.03476600
vt 0.42880300 0.63481100
vt 0.42817100 0.64952100
vt 0.40900400 0.03591300
vt 0.42738700 0.66455000
vt 0.40400500 0.03731200
vt 0.42677400 0.67630000
vt 0.40002100 0.03841900
vt 0.39778600 0.03895000
vt 0.42644400 0.68359000
vt 0.39667500 0.03919400
vt 0.42628500 0.68719000
vt 0.42618200 0.69176800
vt 0.39564300 0.03933000
vt 0.39431300 0.03945800
vt 0.42609100 0.69814900
vt 0.40010200 0.05829700
vt 0.31327700 0.01837700
vt 0.39234800 0.03960400
vt 0.42601200 0.70812700
vt 0.39499800 0.05766000
vt 0.31394700 0.01293800
vt 0.42589400 0.71545500
vt 0.39083400 0.03975600
vt 0.38891000 0.04007700
vt 0.42567800 0.72355000
vt 0.42527000 0.73218300
vt 0.38618700 0.04067600
vt 0.64375400 0.12473600
vt 0.62107700 0.12323600
vt 0.31172100 0.00800000
vt 0.39045500 0.05982100
vt 0.29466300 0.01786200
vt 0.62069800 0.11386100
vt 0.29397700 0.01172400
vt 0.60126700 0.12222800
vt 0.64382800 0.11825800
vt 0.42430800 0.74028800
vt 0.64396400 0.11446900
vt 0.42376600 0.74686000
vt 0.42251600 0.75085300
vt 0.64376000 0.10650700
vt 0.64372400 0.10186700
vt 0.42182600 0.75371000
vt 0.42113500 0.75085300
vt 0.64360600 0.09723000
vt 0.62047000 0.10225100
vt 0.62031500 0.09064200
vt 0.59902700 0.09182500
vt 0.59920000 0.10260200
vt 0.59938200 0.11338200
vt 0.58198300 0.11320000
vt 0.58284200 0.12278600
vt 0.27800000 0.01638900
vt 0.27172700 0.02129500
vt 0.27702800 0.02046000
vt 0.57435300 0.11328200
vt 0.57393300 0.12146700
vt 0.27009000 0.01877400
vt 0.27039500 0.02568900
vt 0.27579600 0.02555100
vt 0.29180900 0.02049800
vt 0.29015300 0.02555300
vt 0.57446200 0.10301000
vt 0.58164200 0.09257700
vt 0.58186200 0.10288800
vt 0.64354800 0.08926700
vt 0.41988500 0.74686000
vt 0.64328700 0.08548400
vt 0.41934300 0.74028800
vt 0.41838200 0.73218300
vt 0.75115900 0.03476700
vt 0.64300000 0.07901200
vt 0.74842300 0.03424700
vt 0.41797300 0.72355000
vt 0.44821300 0.02781400
vt 0.43251500 0.48918500
vt 0.45653700 0.02677600
vt 0.43301100 0.44650100
vt 0.32043400 0.03932300
vt 0.55507400 0.09251500
vt 0.53968000 0.09282500
vt 0.24357900 0.04887100
vt 0.53958000 0.08440900
vt 0.52453000 0.08466900
vt 0.24474600 0.06281200
vt 0.24142400 0.06292800
vt 0.24170900 0.07684300
vt 0.23554400 0.07684300
vt 0.24142900 0.09075400
vt 0.24503800 0.07684300
vt 0.50942400 0.08491000
vt 0.49431200 0.08515900
vt 0.24475000 0.09088200
vt 0.31368400 0.12666900
vt 0.31197900 0.12679300
vt 0.31221100 0.11709300
vt 0.31352900 0.11685200
vt 0.31342100 0.10407800
vt 0.31465600 0.10391500
vt 0.31483200 0.11651200
vt 0.31742600 0.11557600
vt 0.31536700 0.12582900
vt 0.31719100 0.10346300
vt 0.32106100 0.10275700
vt 0.31706600 0.09039600
vt 0.31455900 0.09057500
vt 0.31335700 0.09063700
vt 0.31214500 0.09067900
vt 0.31217400 0.10419100
vt 0.30960300 0.10437000
vt 0.30960600 0.09074500
vt 0.32067600 0.11439100
vt 0.33008000 0.10113900
vt 0.49625500 0.02251100
vt 0.43242100 0.24210000
vt 0.43156200 0.19157500
vt 0.50648300 0.02145800
vt 0.43139300 0.18517200
vt 0.50824600 0.02130800
vt 0.51892000 0.02028100
vt 0.43015500 0.13849800
vt 0.42999800 0.13456300
vt 0.52024400 0.02017000
vt 0.42840200 0.09461700
vt 0.53131500 0.01910600
vt 0.65910300 0.10161300
vt 0.42115200 0.75112400
vt 0.64397200 0.09733300
vt 0.42182600 0.75391400
vt 0.64408800 0.10186100
vt 0.64412200 0.10639100
vt 0.42250000 0.75112400
vt 0.65931200 0.11487000
vt 0.65887400 0.08836000
vt 0.66072000 0.10158700
vt 0.66049700 0.08818800
vt 0.66093900 0.11498600
vt 0.38333400 0.02787700
vt 0.65891600 0.12573900
vt 0.66053300 0.12580500
vt 0.38311000 0.02646800
vt 0.38789700 0.02712500
vt 0.38777200 0.02573000
vt 0.39051000 0.02708000
vt 0.39043500 0.02568500
vt 0.39236000 0.02698000
vt 0.39218500 0.02557500
vt 0.39619600 0.02487200
vt 0.39647700 0.02624700
vt 0.39992900 0.03810400
vt 0.42678400 0.67673100
vt 0.42738100 0.66528600
vt 0.40381000 0.03702500
vt 0.40589800 0.02413600
vt 0.41802000 0.02170500
vt 0.40559600 0.02276400
vt 0.40892100 0.03559600
vt 0.42818200 0.64992300
vt 0.42879700 0.63560900
vt 0.41325800 0.03447900
vt 0.42008800 0.03268300
vt 0.42980200 0.61242500
vt 0.43030700 0.59512500
vt 0.42448000 0.03176000
vt 0.43191900 0.03014900
vt 0.43120800 0.56442400
vt 0.43157600 0.54583400
vt 0.43614400 0.02943800
vt 0.43060100 0.01992700
vt 0.44337600 0.01870100
vt 0.41776600 0.02031900
vt 0.43041300 0.01853300
vt 0.44325500 0.01722300
vt 0.45613300 0.01828800
vt 0.45605800 0.01693800
vt 0.46879600 0.01804800
vt 0.46873300 0.01668100
vt 0.48136900 0.01787800
vt 0.48132300 0.01648800
vt 0.49385200 0.01631300
vt 0.49389000 0.01771600
vt 0.43260100 0.25100600
vt 0.49400100 0.02236600
vt 0.43245300 0.24234500
vt 0.49609300 0.02218200
vt 0.50638100 0.01754300
vt 0.50634100 0.01613000
vt 0.50647400 0.02111400
vt 0.43158100 0.19106400
vt 0.50808200 0.02097700
vt 0.43142700 0.18522400
vt 0.51883600 0.01732500
vt 0.53126000 0.01693900
vt 0.51878800 0.01593400
vt 0.52007900 0.01983700
vt 0.43003300 0.13440100
vt 0.43017100 0.13787500
vt 0.51891000 0.01993500
vt 0.42841400 0.09389300
vt 0.53130700 0.01875800
vt 0.42831100 0.09196400
vt 0.53209800 0.01867400
vt 0.42638100 0.06062100
vt 0.54368400 0.01754100
vt 0.54423300 0.01750300
vt 0.42629200 0.05986200
vt 0.54362900 0.01632900
vt 0.55597300 0.01569500
vt 0.53118800 0.01554900
vt 0.54355400 0.01493400
vt 0.55591900 0.01429300
vt 0.56830600 0.01391900
vt 0.56833200 0.01532400
vt 0.58069400 0.01525300
vt 0.42182600 0.03328600
vt 0.56834500 0.01605000
vt 0.58069800 0.01384900
vt 0.59308100 0.01405000
vt 0.59305500 0.01544500
vt 0.60546300 0.01422500
vt 0.60544000 0.01561600
vt 0.61787300 0.01417500
vt 0.63032300 0.01395700
vt 0.61787100 0.01557000
vt 0.63033000 0.01537100
vt 0.61671700 0.01812300
vt 0.41361800 0.13440100
vt 0.61788700 0.01818000
vt 0.41348100 0.13787500
vt 0.41222400 0.18522400
vt 0.62874700 0.01886000
vt 0.63035700 0.01894300
vt 0.41207000 0.19106400
vt 0.64077000 0.01966500
vt 0.41119800 0.24234500
vt 0.64282200 0.01512800
vt 0.41105000 0.25100600
vt 0.64286600 0.01977900
vt 0.41057100 0.30362600
vt 0.65279200 0.02053000
vt 0.65534200 0.01487900
vt 0.41046400 0.31532600
vt 0.65539700 0.02068800
vt 0.66483100 0.02142900
vt 0.41035100 0.36677000
vt 0.66793900 0.02162600
vt 0.41031900 0.38134000
vt 0.66791400 0.01463200
vt 0.68058300 0.01445700
vt 0.68061300 0.01310600
vt 0.66793400 0.01326600
vt 0.65534300 0.01348600
vt 0.64281300 0.01372400
vt 0.69342500 0.01297700
vt 0.69335200 0.01445900
vt 0.70630900 0.01390400
vt 0.70616200 0.01530300
vt 0.71900600 0.01531800
vt 0.73124600 0.01741000
vt 0.71879200 0.01670700
vt 0.73098500 0.01879200
vt 0.71704900 0.02774300
vt 0.41385000 0.61242500
vt 0.71263900 0.02694900
vt 0.41334400 0.59512500
vt 0.41244300 0.56442400
vt 0.70515400 0.02556000
vt 0.70091700 0.02497900
vt 0.41207600 0.54583400
vt 0.69288200 0.02376900
vt 0.41133600 0.50829500
vt 0.41112300 0.48994500
vt 0.68896600 0.02340200
vt 0.41061900 0.44648200
vt 0.68045600 0.02261800
vt 0.41054100 0.42957900
vt 0.67690800 0.02237000
vt 0.41485400 0.63560900
vt 0.72393200 0.02934400
vt 0.72829500 0.03033600
vt 0.41546900 0.64992300
vt 0.41627100 0.66528600
vt 0.73344400 0.03162000
vt 0.74046200 0.02063700
vt 0.41686700 0.67673100
vt 0.73735200 0.03258700
vt 0.41720500 0.68417200
vt 0.73964600 0.03306600
vt 0.74073500 0.03327500
vt 0.41735900 0.68768100
vt 0.74459600 0.02125600
vt 0.74645000 0.02130400
vt 0.74648100 0.01990900
vt 0.74473200 0.01984700
vt 0.74070100 0.01925400
vt 0.74914200 0.01986900
vt 0.74906500 0.02127200
vt 0.75382700 0.02047800
vt 0.65973400 0.07739100
vt 0.65812000 0.07750900
vt 0.75364300 0.02189100
vt 0.75121900 0.03445500
vt 0.64336700 0.07897500
vt 0.41837600 0.73241600
vt 0.64365800 0.08555300
vt 0.41935300 0.74065300
vt 0.74843900 0.03392700
vt 0.41796000 0.72364400
vt 0.74655200 0.03366800
vt 0.41774900 0.71574900
vt 0.41763000 0.70829200
vt 0.74500700 0.03355900
vt 0.41755200 0.69856500
vt 0.74308900 0.03347100
vt 0.41746400 0.69234500
vt 0.74179000 0.03338400
vt 0.41988200 0.74706800
vt 0.64391300 0.08924500
vt 0.41523700 0.09389300
vt 0.60545700 0.01743500
vt 0.60466400 0.01738000
vt 0.41534000 0.09196400
vt 0.41727000 0.06062100
vt 0.59304200 0.01665800
vt 0.59249300 0.01664000
vt 0.41736000 0.05986200
vt 0.41950200 0.04026800
vt 0.58068600 0.01610400
vt 0.41956300 0.04008300
vt 0.58032200 0.01610300
vt 0.42408800 0.04008300
vt 0.55637600 0.01653200
vt 0.42415000 0.04026800
vt 0.55601200 0.01654500
vt 0.43308000 0.30362600
vt 0.48410600 0.02344200
vt 0.43318700 0.31532600
vt 0.48150700 0.02368600
vt 0.47210200 0.02474000
vt 0.43330000 0.36677000
vt 0.46900100 0.02503800
vt 0.43333300 0.38134000
vt 0.46006400 0.02607600
vt 0.43311000 0.42957900
vt 0.45652100 0.02644100
vt 0.43303300 0.44648200
vt 0.43252800 0.48994500
vt 0.44804500 0.02749800
vt 0.44413600 0.02798900
vt 0.43231500 0.50829500
vt 0.39764800 0.03864600
vt 0.42644700 0.68417200
vt 0.39656500 0.03888400
vt 0.42629200 0.68768100
vt 0.42618800 0.69234500
vt 0.39551400 0.03902200
vt 0.42609900 0.69856500
vt 0.39421700 0.03914700
vt 0.39230200 0.03929000
vt 0.42602100 0.70829200
vt 0.42590200 0.71574900
vt 0.39076200 0.03944400
vt 0.38888500 0.03975600
vt 0.42569100 0.72364400
vt 0.38611800 0.04036600
vt 0.42527600 0.73241600
vt 0.64412200 0.12476000
vt 0.64419600 0.11817700
vt 0.42429900 0.74065300
vt 0.42377000 0.74706800
vt 0.64433000 0.11447800
f 12/12/12 3/3/3 2/2/2
f 1/1/1 5/5/5 560/560/560
f 560/560/560 9/9/9 1/1/1
f 10/10/10 1/1/1 6/6/6
f 6/6/6 221/221/221 10/10/10
f 1/1/1 9/9/9 6/6/6
f 2/2/2 11/11/11 12/12/12
f 11/11/11 13/13/13 12/12/12
f 12/12/12 15/15/15 3/3/3
f 12/12/12 13/13/13 18/18/18
f 15/15/15 12/12/12 16/16/16
f 12/12/12 18/18/18 16/16/16
f 13/13/13 19/19/19 18/18/18
f 20/20/20 18/18/18 19/19/19
f 20/20/20 16/16/16 18/18/18
f 20/20/20 19/19/19 21/21/21
f 20/20/20 22/22/22 16/16/16
f 22/22/22 20/20/20 21/21/21
f 22/22/22 21/21/21 27/27/27
f 25/25/25 24/24/24 23/23/23
f 24/24/24 17/17/17 23/23/23
f 25/25/25 23/23/23 26/26/26
f 29/29/29 25/25/25 26/26/26
f 30/30/30 28/28/28 27/27/27
f 30/30/30 27/27/27 21/21/21
f 30/30/30 31/31/31 33/33/33
f 31/31/31 30/30/30 21/21/21
f 28/28/28 30/30/30 32/32/32
f 30/30/30 33/33/33 32/32/32
f 36/36/36 34/34/34 33/33/33
f 34/34/34 35/35/35 33/33/33
f 35/35/35 32/32/32 33/33/33
f 36/36/36 33/33/33 31/31/31
f 39/39/39 34/34/34 36/36/36
f 37/37/37 36/36/36 31/31/31
f 38/38/38 36/36/36 37/37/37
f 38/38/38 39/39/39 36/36/36
f 39/39/39 41/41/41 34/34/34
f 40/40/40 39/39/39 38/38/38
f 40/40/40 41/41/41 39/39/39
f 44/44/44 42/42/42 41/41/41
f 41/41/41 42/42/42 43/43/43
f 41/41/41 43/43/43 34/34/34
f 40/40/40 44/44/44 41/41/41
f 44/44/44 46/46/46 45/45/45
f 47/47/47 44/44/44 45/45/45
f 44/44/44 40/40/40 46/46/46
f 44/44/44 47/47/47 42/42/42
f 48/48/48 47/47/47 49/49/49
f 47/47/47 48/48/48 50/50/50
f 47/47/47 45/45/45 49/49/49
f 47/47/47 50/50/50 42/42/42
f 50/50/50 53/53/53 51/51/51
f 42/42/42 50/50/50 51/51/51
f 48/48/48 52/52/52 50/50/50
f 50/50/50 52/52/52 53/53/53
f 51/51/51 53/53/53 55/55/55
f 53/53/53 54/54/54 55/55/55
f 53/53/53 56/56/56 54/54/54
f 52/52/52 56/56/56 53/53/53
f 52/52/52 57/57/57 56/56/56
f 57/57/57 58/58/58 56/56/56
f 56/56/56 58/58/58 59/59/59
f 56/56/56 59/59/59 54/54/54
f 62/62/62 59/59/59 60/60/60
f 58/58/58 60/60/60 59/59/59
f 59/59/59 61/61/61 54/54/54
f 59/59/59 62/62/62 61/61/61
f 62/62/62 60/60/60 67/67/67
f 62/62/62 63/63/63 61/61/61
f 62/62/62 65/65/65 63/63/63
f 65/65/65 62/62/62 67/67/67
f 68/68/68 67/67/67 60/60/60
f 65/65/65 67/67/67 71/71/71
f 67/67/67 68/68/68 70/70/70
f 67/67/67 70/70/70 71/71/71
f 73/73/73 66/66/66 72/72/72
f 74/74/74 73/73/73 72/72/72
f 74/74/74 72/72/72 69/69/69
f 73/73/73 74/74/74 76/76/76
f 74/74/74 75/75/75 76/76/76
f 74/74/74 77/77/77 75/75/75
f 77/77/77 74/74/74 69/69/69
f 78/78/78 77/77/77 80/80/80
f 78/78/78 82/82/82 77/77/77
f 82/82/82 75/75/75 77/77/77
f 77/77/77 69/69/69 80/80/80
f 82/82/82 84/84/84 85/85/85
f 82/82/82 78/78/78 84/84/84
f 86/86/86 82/82/82 85/85/85
f 82/82/82 86/86/86 75/75/75
f 86/86/86 85/85/85 87/87/87
f 88/88/88 75/75/75 86/86/86
f 86/86/86 87/87/87 89/89/89
f 86/86/86 89/89/89 88/88/88
f 89/89/89 90/90/90 95/95/95
f 89/89/89 87/87/87 90/90/90
f 88/88/88 89/89/89 92/92/92
f 95/95/95 92/92/92 89/89/89
f 94/94/94 91/91/91 100/100/100
f 94/94/94 100/100/100 96/96/96
f 96/96/96 98/98/98 94/94/94
f 95/95/95 97/97/97 92/92/92
f 104/104/104 101/101/101 100/100/100
f 101/101/101 110/110/110 109/109/109
f 109/109/109 100/100/100 101/101/101
f 107/107/107 103/103/103 100/100/100
f 103/103/103 283/283/283 96/96/96
f 96/96/96 100/100/100 103/103/103
f 104/104/104 100/100/100 91/91/91
f 100/100/100 109/109/109 107/107/107
f 509/509/509 506/506/506 502/502/502
f 509/509/509 502/502/502 499/499/499
f 509/509/509 499/499/499 498/498/498
f 509/509/509 498/498/498 496/496/496
f 509/509/509 496/496/496 493/493/493
f 509/509/509 493/493/493 491/491/491
f 509/509/509 491/491/491 489/489/489
f 509/509/509 489/489/489 488/488/488
f 509/509/509 488/488/488 485/485/485
f 509/509/509 485/485/485 483/483/483
f 509/509/509 483/483/483 481/481/481
f 509/509/509 481/481/481 480/480/480
f 509/509/509 480/480/480 477/477/477
f 509/509/509 477/477/477 563/563/563
f 509/509/509 563/563/563 565/565/565
f 509/509/509 565/565/565 330/330/330
f 509/509/509 330/330/330 328/328/328
f 509/509/509 328/328/328 326/326/326
f 509/509/509 326/326/326 324/324/324
f 509/509/509 324/324/324 323/323/323
f 509/509/509 323/323/323 320/320/320
f 509/509/509 320/320/320 602/602/602
f 509/509/509 602/602/602 603/603/603
f 509/509/509 603/603/603 605/605/605
f 509/509/509 605/605/605 608/608/608
f 509/509/509 608/608/608 609/609/609
f 509/509/509 609/609/609 611/611/611
f 509/509/509 611/611/611 289/289/289
f 509/509/509 289/289/289 288/288/288
f 509/509/509 288/288/288 285/285/285
f 509/509/509 285/285/285 284/284/284
f 509/509/509 284/284/284 102/102/102
f 509/509/509 102/102/102 106/106/106
f 509/509/509 106/106/106 108/108/108
f 509/509/509 108/108/108 111/111/111
f 509/509/509 111/111/111 112/112/112
f 509/509/509 112/112/112 115/115/115
f 509/509/509 115/115/115 116/116/116
f 509/509/509 116/116/116 269/269/269
f 509/509/509 269/269/269 267/267/267
f 509/509/509 267/267/267 259/259/259
f 509/509/509 259/259/259 262/262/262
f 509/509/509 262/262/262 264/264/264
f 509/509/509 264/264/264 265/265/265
f 509/509/509 265/265/265 242/242/242
f 509/509/509 242/242/242 240/240/240
f 509/509/509 240/240/240 238/238/238
f 509/509/509 238/238/238 236/236/236
f 509/509/509 236/236/236 174/174/174
f 509/509/509 174/174/174 176/176/176
f 509/509/509 176/176/176 178/178/178
f 509/509/509 178/178/178 181/181/181
f 509/509/509 181/181/181 183/183/183
f 509/509/509 183/183/183 185/185/185
f 509/509/509 185/185/185 234/234/234
f 509/509/509 234/234/234 231/231/231
f 509/509/509 231/231/231 201/201/201
f 509/509/509 201/201/201 204/204/204
f 509/509/509 204/204/204 206/206/206
f 509/509/509 206/206/206 208/208/208
f 509/509/509 208/208/208 209/209/209
f 509/509/509 209/209/209 214/214/214
f 509/509/509 214/214/214 215/215/215
f 509/509/509 215/215/215 220/220/220
f 509/509/509 220/220/220 222/222/222
f 509/509/509 222/222/222 7/7/7
f 509/509/509 7/7/7 8/8/8
f 509/509/509 8/8/8 561/561/561
f 509/509/509 561/561/561 557/557/557
f 509/509/509 557/557/557 556/556/556
f 509/509/509 556/556/556 554/554/554
f 509/509/509 554/554/554 531/531/531
f 509/509/509 531/531/531 530/530/530
f 509/509/509 530/530/530 527/527/527
f 509/509/509 527/527/527 526/526/526
f 509/509/509 526/526/526 524/524/524
f 509/509/509 524/524/524 513/513/513
f 509/509/509 513/513/513 512/512/512
f 101/101/101 113/113/113 110/110/110
f 118/118/118 114/114/114 113/113/113
f 113/113/113 101/101/101 118/118/118
f 118/118/118 117/117/117 114/114/114
f 125/125/125 119/119/119 120/120/120
f 121/121/121 120/120/120 119/119/119
f 121/121/121 119/119/119 127/127/127
f 124/124/124 122/122/122 119/119/119
f 123/123/123 270/270/270 117/117/117
f 117/117/117 118/118/118 123/123/123
f 124/124/124 119/119/119 126/126/126
f 125/125/125 126/126/126 119/119/119
f 101/101/101 129/129/129 118/118/118
f 121/121/121 127/127/127 83/83/83
f 105/105/105 84/84/84 128/128/128
f 101/101/101 104/104/104 129/129/129
f 130/130/130 126/126/126 131/131/131
f 130/130/130 124/124/124 126/126/126
f 126/126/126 132/132/132 131/131/131
f 126/126/126 125/125/125 132/132/132
f 125/125/125 133/133/133 132/132/132
f 136/136/136 132/132/132 133/133/133
f 132/132/132 134/134/134 131/131/131
f 132/132/132 135/135/135 134/134/134
f 136/136/136 135/135/135 132/132/132
f 136/136/136 138/138/138 135/135/135
f 136/136/136 137/137/137 140/140/140
f 136/136/136 133/133/133 137/137/137
f 136/136/136 139/139/139 138/138/138
f 139/139/139 136/136/136 140/140/140
f 142/142/142 140/140/140 137/137/137
f 142/142/142 141/141/141 140/140/140
f 141/141/141 143/143/143 140/140/140
f 139/139/139 140/140/140 143/143/143
f 144/144/144 146/146/146 143/143/143
f 141/141/141 144/144/144 143/143/143
f 145/145/145 143/143/143 146/146/146
f 145/145/145 139/139/139 143/143/143
f 144/144/144 147/147/147 146/146/146
f 147/147/147 149/149/149 146/146/146
f 148/148/148 146/146/146 149/149/149
f 148/148/148 145/145/145 146/146/146
f 147/147/147 48/48/48 149/149/149
f 48/48/48 49/49/49 149/149/149
f 150/150/150 149/149/149 49/49/49
f 150/150/150 148/148/148 149/149/149
f 148/148/148 150/150/150 153/153/153
f 150/150/150 151/151/151 153/153/153
f 150/150/150 152/152/152 151/151/151
f 152/152/152 150/150/150 49/49/49
f 148/148/148 153/153/153 155/155/155
f 153/153/153 154/154/154 156/156/156
f 153/153/153 151/151/151 154/154/154
f 155/155/155 153/153/153 156/156/156
f 159/159/159 156/156/156 154/154/154
f 159/159/159 157/157/157 156/156/156
f 157/157/157 158/158/158 156/156/156
f 155/155/155 156/156/156 158/158/158
f 161/161/161 160/160/160 159/159/159
f 160/160/160 162/162/162 159/159/159
f 161/161/161 159/159/159 154/154/154
f 157/157/157 159/159/159 162/162/162
f 160/160/160 163/163/163 162/162/162
f 163/163/163 165/165/165 162/162/162
f 157/157/157 162/162/162 164/164/164
f 166/166/166 164/164/164 162/162/162
f 166/166/166 162/162/162 165/165/165
f 164/164/164 166/166/166 169/169/169
f 168/168/168 166/166/166 165/165/165
f 166/166/166 168/168/168 170/170/170
f 166/166/166 170/170/170 169/169/169
f 171/171/171 167/167/167 179/179/179
f 179/179/179 177/177/177 171/171/171
f 173/173/173 169/169/169 170/170/170
f 172/172/172 171/171/171 175/175/175
f 175/175/175 235/235/235 172/172/172
f 171/171/171 177/177/177 175/175/175
f 167/167/167 180/180/180 179/179/179
f 167/167/167 186/186/186 182/182/182
f 182/182/182 180/180/180 167/167/167
f 186/186/186 184/184/184 182/182/182
f 190/190/190 188/188/188 187/187/187
f 186/186/186 189/189/189 233/233/233
f 233/233/233 184/184/184 186/186/186
f 168/168/168 165/165/165 187/187/187
f 190/190/190 187/187/187 165/165/165
f 188/188/188 190/190/190 191/191/191
f 190/190/190 192/192/192 191/191/191
f 190/190/190 163/163/163 192/192/192
f 163/163/163 190/190/190 165/165/165
f 193/193/193 191/191/191 192/192/192
f 163/163/163 193/193/193 192/192/192
f 163/163/163 160/160/160 193/193/193
f 160/160/160 194/194/194 193/193/193
f 195/195/195 193/193/193 194/194/194
f 193/193/193 195/195/195 191/191/191
f 198/198/198 195/195/195 196/196/196
f 195/195/195 194/194/194 196/196/196
f 195/195/195 199/199/199 191/191/191
f 195/195/195 198/198/198 199/199/199
f 203/203/203 200/200/200 197/197/197
f 197/197/197 205/205/205 203/203/203
f 189/189/189 200/200/200 202/202/202
f 202/202/202 232/232/232 189/189/189
f 200/200/200 203/203/203 202/202/202
f 188/188/188 191/191/191 199/199/199
f 197/197/197 207/207/207 205/205/205
f 207/207/207 197/197/197 212/212/212
f 212/212/212 210/210/210 207/207/207
f 212/212/212 213/213/213 210/210/210
f 212/212/212 218/218/218 216/216/216
f 216/216/216 213/213/213 212/212/212
f 218/218/218 219/219/219 216/216/216
f 218/218/218 10/10/10 221/221/221
f 221/221/221 219/219/219 218/218/218
f 217/217/217 223/223/223 11/11/11
f 217/217/217 224/224/224 223/223/223
f 224/224/224 217/217/217 211/211/211
f 223/223/223 224/224/224 227/227/227
f 224/224/224 211/211/211 196/196/196
f 224/224/224 196/196/196 194/194/194
f 224/224/224 194/194/194 225/225/225
f 224/224/224 225/225/225 226/226/226
f 224/224/224 226/226/226 227/227/227
f 228/228/228 223/223/223 227/227/227
f 40/40/40 228/228/228 227/227/227
f 40/40/40 227/227/227 46/46/46
f 226/226/226 46/46/46 227/227/227
f 40/40/40 38/38/38 228/228/228
f 228/228/228 38/38/38 223/223/223
f 229/229/229 226/226/226 225/225/225
f 226/226/226 229/229/229 46/46/46
f 229/229/229 225/225/225 230/230/230
f 152/152/152 229/229/229 230/230/230
f 229/229/229 152/152/152 45/45/45
f 229/229/229 45/45/45 46/46/46
f 152/152/152 230/230/230 151/151/151
f 151/151/151 230/230/230 161/161/161
f 230/230/230 194/194/194 161/161/161
f 230/230/230 225/225/225 194/194/194
f 11/11/11 223/223/223 13/13/13
f 223/223/223 37/37/37 13/13/13
f 223/223/223 38/38/38 37/37/37
f 198/198/198 196/196/196 211/211/211
f 189/189/189 232/232/232 233/233/233
f 160/160/160 161/161/161 194/194/194
f 172/172/172 235/235/235 237/237/237
f 244/244/244 172/172/172 237/237/237
f 237/237/237 239/239/239 244/244/244
f 244/244/244 239/239/239 241/241/241
f 245/245/245 173/173/173 243/243/243
f 246/246/246 244/244/244 241/241/241
f 241/241/241 266/266/266 246/246/246
f 245/245/245 243/243/243 248/248/248
f 247/247/247 248/248/248 243/243/243
f 249/249/249 248/248/248 251/251/251
f 249/249/249 245/245/245 248/248/248
f 247/247/247 250/250/250 248/248/248
f 250/250/250 251/251/251 248/248/248
f 252/252/252 249/249/249 251/251/251
f 253/253/253 252/252/252 251/251/251
f 253/253/253 251/251/251 254/254/254
f 250/250/250 254/254/254 251/251/251
f 130/130/130 253/253/253 254/254/254
f 130/130/130 254/254/254 255/255/255
f 254/254/254 256/256/256 255/255/255
f 254/254/254 250/250/250 256/256/256
f 124/124/124 255/255/255 256/256/256
f 122/122/122 256/256/256 258/258/258
f 122/122/122 124/124/124 256/256/256
f 250/250/250 258/258/258 256/256/256
f 250/250/250 247/247/247 258/258/258
f 257/257/257 246/246/246 263/263/263
f 263/263/263 261/261/261 257/257/257
f 257/257/257 260/260/260 268/268/268
f 268/268/268 123/123/123 257/257/257
f 257/257/257 261/261/261 260/260/260
f 246/246/246 266/266/266 263/263/263
f 123/123/123 268/268/268 270/270/270
f 124/124/124 130/130/130 255/255/255
f 252/252/252 253/253/253 134/134/134
f 253/253/253 130/130/130 131/131/131
f 253/253/253 131/131/131 134/134/134
f 252/252/252 272/272/272 249/249/249
f 252/252/252 134/134/134 271/271/271
f 272/272/272 252/252/252 271/271/271
f 272/272/272 275/275/275 249/249/249
f 272/272/272 271/271/271 273/273/273
f 274/274/274 272/272/272 273/273/273
f 272/272/272 274/274/274 275/275/275
f 274/274/274 164/164/164 275/275/275
f 245/245/245 249/249/249 275/275/275
f 245/245/245 275/275/275 169/169/169
f 164/164/164 169/169/169 275/275/275
f 274/274/274 273/273/273 158/158/158
f 157/157/157 274/274/274 158/158/158
f 274/274/274 157/157/157 164/164/164
f 138/138/138 273/273/273 271/271/271
f 138/138/138 276/276/276 273/273/273
f 276/276/276 158/158/158 273/273/273
f 145/145/145 155/155/155 276/276/276
f 276/276/276 155/155/155 158/158/158
f 139/139/139 276/276/276 138/138/138
f 139/139/139 145/145/145 276/276/276
f 135/135/135 271/271/271 134/134/134
f 135/135/135 138/138/138 271/271/271
f 173/173/173 245/245/245 169/169/169
f 151/151/151 161/161/161 154/154/154
f 145/145/145 148/148/148 155/155/155
f 152/152/152 49/49/49 45/45/45
f 48/48/48 147/147/147 52/52/52
f 147/147/147 144/144/144 57/57/57
f 147/147/147 57/57/57 52/52/52
f 144/144/144 141/141/141 277/277/277
f 144/144/144 277/277/277 57/57/57
f 141/141/141 278/278/278 277/277/277
f 277/277/277 278/278/278 279/279/279
f 57/57/57 277/277/277 58/58/58
f 277/277/277 279/279/279 58/58/58
f 278/278/278 281/281/281 279/279/279
f 279/279/279 280/280/280 60/60/60
f 58/58/58 279/279/279 60/60/60
f 279/279/279 281/281/281 280/280/280
f 278/278/278 282/282/282 281/281/281
f 281/281/281 79/79/79 81/81/81
f 282/282/282 79/79/79 281/281/281
f 281/281/281 81/81/81 280/280/280
f 282/282/282 137/137/137 121/121/121
f 121/121/121 83/83/83 282/282/282
f 282/282/282 142/142/142 137/137/137
f 142/142/142 282/282/282 278/278/278
f 282/282/282 83/83/83 79/79/79
f 68/68/68 60/60/60 280/280/280
f 68/68/68 280/280/280 81/81/81
f 141/141/141 142/142/142 278/278/278
f 133/133/133 120/120/120 137/137/137
f 120/120/120 121/121/121 137/137/137
f 133/133/133 125/125/125 120/120/120
f 105/105/105 85/85/85 84/84/84
f 85/85/85 105/105/105 90/90/90
f 283/283/283 286/286/286 96/96/96
f 286/286/286 287/287/287 291/291/291
f 291/291/291 96/96/96 286/286/286
f 287/287/287 290/290/290 291/291/291
f 297/297/297 293/293/293 292/292/292
f 294/294/294 292/292/292 293/293/293
f 294/294/294 99/99/99 292/292/292
f 298/298/298 292/292/292 295/295/295
f 290/290/290 612/612/612 296/296/296
f 296/296/296 291/291/291 290/290/290
f 297/297/297 292/292/292 299/299/299
f 96/96/96 291/291/291 98/98/98
f 298/298/298 299/299/299 292/292/292
f 302/302/302 299/299/299 298/298/298
f 299/299/299 300/300/300 301/301/301
f 302/302/302 300/300/300 299/299/299
f 299/299/299 301/301/301 297/297/297
f 303/303/303 300/300/300 302/302/302
f 302/302/302 304/304/304 303/303/303
f 302/302/302 305/305/305 304/304/304
f 298/298/298 305/305/305 302/302/302
f 304/304/304 305/305/305 306/306/306
f 298/298/298 306/306/306 305/305/305
f 295/295/295 308/308/308 306/306/306
f 309/309/309 306/306/306 308/308/308
f 295/295/295 306/306/306 298/298/298
f 304/304/304 306/306/306 309/309/309
f 310/310/310 313/313/313 309/309/309
f 309/309/309 308/308/308 310/310/310
f 309/309/309 312/312/312 304/304/304
f 309/309/309 313/313/313 312/312/312
f 310/310/310 316/316/316 313/313/313
f 314/314/314 312/312/312 313/313/313
f 314/314/314 313/313/313 315/315/315
f 315/315/315 313/313/313 316/316/316
f 315/315/315 316/316/316 319/319/319
f 325/325/325 318/318/318 317/317/317
f 317/317/317 322/322/322 325/325/325
f 321/321/321 317/317/317 311/311/311
f 311/311/311 601/601/601 321/321/321
f 317/317/317 321/321/321 322/322/322
f 318/318/318 325/325/325 327/327/327
f 329/329/329 332/332/332 318/318/318
f 318/318/318 327/327/327 329/329/329
f 332/332/332 329/329/329 331/331/331
f 336/336/336 333/333/333 335/335/335
f 564/564/564 334/334/334 332/332/332
f 332/332/332 331/331/331 564/564/564
f 319/319/319 333/333/333 337/337/337
f 336/336/336 337/337/337 333/333/333
f 338/338/338 337/337/337 336/336/336
f 319/319/319 337/337/337 315/315/315
f 315/315/315 337/337/337 339/339/339
f 338/338/338 339/339/339 337/337/337
f 340/340/340 339/339/339 341/341/341
f 340/340/340 314/314/314 339/339/339
f 315/315/315 339/339/339 314/314/314
f 341/341/341 339/339/339 338/338/338
f 341/341/341 342/342/342 340/340/340
f 341/341/341 343/343/343 342/342/342
f 344/344/344 343/343/343 341/341/341
f 341/341/341 338/338/338 344/344/344
f 345/345/345 347/347/347 344/344/344
f 344/344/344 346/346/346 345/345/345
f 344/344/344 338/338/338 346/346/346
f 344/344/344 347/347/347 343/343/343
f 345/345/345 348/348/348 347/347/347
f 350/350/350 347/347/347 348/348/348
f 349/349/349 343/343/343 347/347/347
f 349/349/349 347/347/347 350/350/350
f 351/351/351 350/350/350 353/353/353
f 351/351/351 349/349/349 350/350/350
f 350/350/350 348/348/348 352/352/352
f 353/353/353 350/350/350 352/352/352
f 353/353/353 355/355/355 351/351/351
f 356/356/356 354/354/354 353/353/353
f 353/353/353 354/354/354 355/355/355
f 353/353/353 352/352/352 356/356/356
f 356/356/356 357/357/357 358/358/358
f 356/356/356 352/352/352 357/357/357
f 358/358/358 359/359/359 356/356/356
f 356/356/356 359/359/359 354/354/354
f 358/358/358 360/360/360 359/359/359
f 361/361/361 359/359/359 360/360/360
f 362/362/362 359/359/359 361/361/361
f 362/362/362 354/354/354 359/359/359
f 361/361/361 365/365/365 362/362/362
f 362/362/362 363/363/363 364/364/364
f 362/362/362 365/365/365 363/363/363
f 364/364/364 354/354/354 362/362/362
f 361/361/361 366/366/366 365/365/365
f 366/366/366 367/367/367 365/365/365
f 365/365/365 367/367/367 368/368/368
f 365/365/365 368/368/368 363/363/363
f 367/367/367 370/370/370 368/368/368
f 368/368/368 371/371/371 369/369/369
f 363/363/363 368/368/368 369/369/369
f 368/368/368 370/370/370 371/371/371
f 374/374/374 372/372/372 371/371/371
f 369/369/369 371/371/371 372/372/372
f 371/371/371 370/370/370 373/373/373
f 371/371/371 373/373/373 374/374/374
f 374/374/374 375/375/375 377/377/377
f 374/374/374 373/373/373 375/375/375
f 377/377/377 379/379/379 374/374/374
f 374/374/374 379/379/379 372/372/372
f 383/383/383 372/372/372 379/379/379
f 377/377/377 380/380/380 379/379/379
f 382/382/382 379/379/379 380/380/380
f 383/383/383 379/379/379 382/382/382
f 384/384/384 383/383/383 385/385/385
f 384/384/384 372/372/372 383/383/383
f 385/385/385 383/383/383 386/386/386
f 382/382/382 386/386/386 383/383/383
f 387/387/387 386/386/386 389/389/389
f 387/387/387 388/388/388 386/386/386
f 382/382/382 389/389/389 386/386/386
f 390/390/390 386/386/386 388/388/388
f 385/385/385 386/386/386 390/390/390
f 391/391/391 390/390/390 393/393/393
f 392/392/392 390/390/390 391/391/391
f 392/392/392 385/385/385 390/390/390
f 390/390/390 388/388/388 393/393/393
f 391/391/391 393/393/393 396/396/396
f 393/393/393 388/388/388 395/395/395
f 393/393/393 395/395/395 397/397/397
f 396/396/396 393/393/393 397/397/397
f 396/396/396 397/397/397 93/93/93
f 398/398/398 399/399/399 88/88/88
f 88/88/88 92/92/92 398/398/398
f 398/398/398 394/394/394 399/399/399
f 399/399/399 394/394/394 400/400/400
f 399/399/399 400/400/400 402/402/402
f 402/402/402 75/75/75 399/399/399
f 88/88/88 399/399/399 75/75/75
f 402/402/402 400/400/400 404/404/404
f 402/402/402 76/76/76 75/75/75
f 403/403/403 76/76/76 402/402/402
f 402/402/402 404/404/404 403/403/403
f 407/407/407 405/405/405 389/389/389
f 403/403/403 404/404/404 406/406/406
f 389/389/389 405/405/405 401/401/401
f 403/403/403 406/406/406 408/408/408
f 408/408/408 406/406/406 381/381/381
f 382/382/382 380/380/380 407/407/407
f 407/407/407 389/389/389 382/382/382
f 408/408/408 381/381/381 409/409/409
f 409/409/409 411/411/411 408/408/408
f 408/408/408 410/410/410 403/403/403
f 408/408/408 411/411/411 410/410/410
f 413/413/413 412/412/412 411/411/411
f 412/412/412 410/410/410 411/411/411
f 413/413/413 411/411/411 414/414/414
f 409/409/409 414/414/414 411/411/411
f 415/415/415 414/414/414 409/409/409
f 415/415/415 417/417/417 414/414/414
f 416/416/416 414/414/414 417/417/417
f 416/416/416 413/413/413 414/414/414
f 419/419/419 416/416/416 417/417/417
f 418/418/418 417/417/417 415/415/415
f 418/418/418 420/420/420 417/417/417
f 419/419/419 417/417/417 420/420/420
f 421/421/421 420/420/420 422/422/422
f 421/421/421 419/419/419 420/420/420
f 423/423/423 422/422/422 420/420/420
f 423/423/423 420/420/420 418/418/418
f 428/428/428 422/422/422 423/423/423
f 418/418/418 424/424/424 423/423/423
f 423/423/423 424/424/424 426/426/426
f 423/423/423 426/426/426 428/428/428
f 428/428/428 429/429/429 422/422/422
f 430/430/430 429/429/429 428/428/428
f 430/430/430 428/428/428 431/431/431
f 431/431/431 428/428/428 426/426/426
f 431/431/431 432/432/432 430/430/430
f 431/431/431 433/433/433 432/432/432
f 431/431/431 426/426/426 434/434/434
f 434/434/434 433/433/433 431/431/431
f 434/434/434 436/436/436 433/433/433
f 438/438/438 437/437/437 435/435/435
f 435/435/435 439/439/439 438/438/438
f 435/435/435 427/427/427 439/439/439
f 440/440/440 439/439/439 442/442/442
f 440/440/440 441/441/441 439/439/439
f 438/438/438 439/439/439 441/441/441
f 442/442/442 439/439/439 427/427/427
f 442/442/442 370/370/370 440/440/440
f 425/425/425 373/373/373 442/442/442
f 442/442/442 373/373/373 370/370/370
f 442/442/442 427/427/427 425/425/425
f 445/445/445 441/441/441 440/440/440
f 443/443/443 441/441/441 445/445/445
f 443/443/443 444/444/444 441/441/441
f 438/438/438 441/441/441 444/444/444
f 446/446/446 445/445/445 366/366/366
f 366/366/366 445/445/445 367/367/367
f 445/445/445 440/440/440 367/367/367
f 446/446/446 443/443/443 445/445/445
f 448/448/448 447/447/447 446/446/446
f 447/447/447 443/443/443 446/446/446
f 448/448/448 446/446/446 366/366/366
f 361/361/361 360/360/360 448/448/448
f 448/448/448 366/366/366 361/361/361
f 448/448/448 449/449/449 447/447/447
f 448/448/448 450/450/450 449/449/449
f 448/448/448 360/360/360 450/450/450
f 449/449/449 450/450/450 451/451/451
f 451/451/451 450/450/450 453/453/453
f 452/452/452 450/450/450 360/360/360
f 453/453/453 450/450/450 452/452/452
f 453/453/453 454/454/454 457/457/457
f 453/453/453 459/459/459 454/454/454
f 453/453/453 456/456/456 459/459/459
f 453/453/453 460/460/460 456/456/456
f 457/457/457 451/451/451 453/453/453
f 453/453/453 452/452/452 460/460/460
f 357/357/357 456/456/456 460/460/460
f 358/358/358 460/460/460 452/452/452
f 358/358/358 357/357/357 460/460/460
f 461/461/461 459/459/459 463/463/463
f 461/461/461 454/454/454 459/459/459
f 463/463/463 459/459/459 456/456/456
f 463/463/463 464/464/464 461/461/461
f 463/463/463 467/467/467 464/464/464
f 463/463/463 456/456/456 466/466/466
f 466/466/466 467/467/467 463/463/463
f 468/468/468 464/464/464 467/467/467
f 466/466/466 471/471/471 467/467/467
f 468/468/468 467/467/467 470/470/470
f 470/470/470 467/467/467 471/471/471
f 472/472/472 471/471/471 466/466/466
f 470/470/470 471/471/471 472/472/472
f 473/473/473 346/346/346 472/472/472
f 472/472/472 466/466/466 473/473/473
f 472/472/472 474/474/474 470/470/470
f 472/472/472 346/346/346 474/474/474
f 470/470/470 474/474/474 475/475/475
f 335/335/335 474/474/474 336/336/336
f 335/335/335 475/475/475 474/474/474
f 336/336/336 474/474/474 346/346/346
f 470/470/470 475/475/475 468/468/468
f 469/469/469 476/476/476 479/479/479
f 479/479/479 482/482/482 469/469/469
f 476/476/476 334/334/334 562/562/562
f 562/562/562 478/478/478 476/476/476
f 476/476/476 478/478/478 479/479/479
f 469/469/469 482/482/482 484/484/484
f 465/465/465 469/469/469 484/484/484
f 484/484/484 486/486/486 465/465/465
f 465/465/465 486/486/486 487/487/487
f 490/490/490 462/462/462 465/465/465
f 465/465/465 487/487/487 490/490/490
f 462/462/462 490/490/490 492/492/492
f 494/494/494 455/455/455 462/462/462
f 462/462/462 492/492/492 494/494/494
f 495/495/495 455/455/455 494/494/494
f 497/497/497 458/458/458 455/455/455
f 455/455/455 495/495/495 497/497/497
f 458/458/458 497/497/497 500/500/500
f 503/503/503 458/458/458 500/500/500
f 500/500/500 501/501/501 503/503/503
f 507/507/507 503/503/503 501/501/501
f 501/501/501 505/505/505 507/507/507
f 507/507/507 505/505/505 510/510/510
f 518/518/518 507/507/507 510/510/510
f 510/510/510 511/511/511 518/518/518
f 514/514/514 518/518/518 511/511/511
f 519/519/519 508/508/508 517/517/517
f 519/519/519 517/517/517 521/521/521
f 522/522/522 516/516/516 520/520/520
f 525/525/525 520/520/520 516/516/516
f 516/516/516 523/523/523 525/525/525
f 516/516/516 515/515/515 523/523/523
f 520/520/520 525/525/525 528/528/528
f 529/529/529 533/533/533 520/520/520
f 520/520/520 528/528/528 529/529/529
f 532/532/532 534/534/534 533/533/533
f 533/533/533 529/529/529 532/532/532
f 535/535/535 533/533/533 534/534/534
f 537/537/537 520/520/520 533/533/533
f 535/535/535 536/536/536 533/533/533
f 537/537/537 533/533/533 536/536/536
f 536/536/536 538/538/538 537/537/537
f 537/537/537 538/538/538 539/539/539
f 522/522/522 520/520/520 537/537/537
f 537/537/537 539/539/539 522/522/522
f 519/519/519 540/540/540 542/542/542
f 521/521/521 540/540/540 519/519/519
f 543/543/543 539/539/539 538/538/538
f 541/541/541 540/540/540 545/545/545
f 541/541/541 542/542/542 540/540/540
f 543/543/543 544/544/544 539/539/539
f 433/433/433 544/544/544 543/543/543
f 433/433/433 436/436/436 544/544/544
f 545/545/545 437/437/437 546/546/546
f 545/545/545 546/546/546 541/541/541
f 444/444/444 547/547/547 546/546/546
f 541/541/541 546/546/546 547/547/547
f 438/438/438 546/546/546 437/437/437
f 444/444/444 546/546/546 438/438/438
f 541/541/541 547/547/547 542/542/542
f 548/548/548 542/542/542 547/547/547
f 548/548/548 547/547/547 549/549/549
f 549/549/549 547/547/547 444/444/444
f 447/447/447 549/549/549 443/443/443
f 549/549/549 444/444/444 443/443/443
f 451/451/451 549/549/549 447/447/447
f 451/451/451 548/548/548 549/549/549
f 519/519/519 542/542/542 548/548/548
f 504/504/504 519/519/519 548/548/548
f 504/504/504 548/548/548 451/451/451
f 543/543/543 432/432/432 433/433/433
f 538/538/538 550/550/550 543/543/543
f 543/543/543 550/550/550 432/432/432
f 551/551/551 24/24/24 550/550/550
f 24/24/24 432/432/432 550/550/550
f 538/538/538 552/552/552 550/550/550
f 551/551/551 550/550/550 552/552/552
f 536/536/536 552/552/552 538/538/538
f 536/536/536 551/551/551 552/552/552
f 536/536/536 535/535/535 551/551/551
f 535/535/535 17/17/17 551/551/551
f 24/24/24 551/551/551 17/17/17
f 535/535/535 14/14/14 17/17/17
f 14/14/14 535/535/535 534/534/534
f 14/14/14 534/534/534 4/4/4
f 534/534/534 532/532/532 553/553/553
f 555/555/555 4/4/4 534/534/534
f 534/534/534 553/553/553 555/555/555
f 4/4/4 555/555/555 559/559/559
f 5/5/5 558/558/558 560/560/560
f 508/508/508 519/519/519 504/504/504
f 457/457/457 504/504/504 451/451/451
f 334/334/334 564/564/564 562/562/562
f 473/473/473 466/466/466 456/456/456
f 566/566/566 345/345/345 473/473/473
f 473/473/473 456/456/456 566/566/566
f 473/473/473 345/345/345 346/346/346
f 357/357/357 566/566/566 456/456/456
f 566/566/566 348/348/348 345/345/345
f 352/352/352 348/348/348 566/566/566
f 352/352/352 566/566/566 357/357/357
f 452/452/452 360/360/360 358/358/358
f 449/449/449 451/451/451 447/447/447
f 367/367/367 440/440/440 370/370/370
f 567/567/567 432/432/432 25/25/25
f 567/567/567 430/430/430 432/432/432
f 24/24/24 25/25/25 432/432/432
f 430/430/430 567/567/567 568/568/568
f 29/29/29 567/567/567 25/25/25
f 567/567/567 29/29/29 570/570/570
f 567/567/567 570/570/570 568/568/568
f 421/421/421 570/570/570 571/571/571
f 421/421/421 568/568/568 570/570/570
f 573/573/573 572/572/572 569/569/569
f 28/28/28 32/32/32 569/569/569
f 573/573/573 569/569/569 32/32/32
f 572/572/572 573/573/573 574/574/574
f 573/573/573 575/575/575 574/574/574
f 573/573/573 35/35/35 575/575/575
f 35/35/35 573/573/573 32/32/32
f 43/43/43 575/575/575 35/35/35
f 43/43/43 51/51/51 575/575/575
f 51/51/51 55/55/55 575/575/575
f 55/55/55 574/574/574 575/575/575
f 55/55/55 576/576/576 574/574/574
f 576/576/576 577/577/577 574/574/574
f 572/572/572 574/574/574 577/577/577
f 419/419/419 571/571/571 578/578/578
f 416/416/416 419/419/419 578/578/578
f 416/416/416 578/578/578 579/579/579
f 576/576/576 580/580/580 577/577/577
f 413/413/413 579/579/579 64/64/64
f 413/413/413 416/416/416 579/579/579
f 580/580/580 61/61/61 63/63/63
f 580/580/580 576/576/576 61/61/61
f 576/576/576 54/54/54 61/61/61
f 576/576/576 55/55/55 54/54/54
f 419/419/419 421/421/421 571/571/571
f 568/568/568 421/421/421 422/422/422
f 568/568/568 422/422/422 429/429/429
f 430/430/430 568/568/568 429/429/429
f 425/425/425 375/375/375 373/373/373
f 418/418/418 376/376/376 424/424/424
f 415/415/415 376/376/376 418/418/418
f 409/409/409 378/378/378 415/415/415
f 415/415/415 378/378/378 376/376/376
f 412/412/412 413/413/413 64/64/64
f 412/412/412 64/64/64 66/66/66
f 73/73/73 412/412/412 66/66/66
f 412/412/412 73/73/73 410/410/410
f 73/73/73 76/76/76 410/410/410
f 403/403/403 410/410/410 76/76/76
f 409/409/409 381/381/381 378/378/378
f 389/389/389 401/401/401 387/387/387
f 387/387/387 401/401/401 395/395/395
f 582/582/582 391/391/391 396/396/396
f 294/294/294 396/396/396 93/93/93
f 396/396/396 581/581/581 582/582/582
f 396/396/396 294/294/294 581/581/581
f 582/582/582 581/581/581 584/584/584
f 582/582/582 584/584/584 583/583/583
f 583/583/583 391/391/391 582/582/582
f 587/587/587 584/584/584 581/581/581
f 583/583/583 584/584/584 585/585/585
f 586/586/586 585/585/585 584/584/584
f 586/586/586 584/584/584 587/587/587
f 587/587/587 581/581/581 589/589/589
f 587/587/587 588/588/588 590/590/590
f 587/587/587 301/301/301 588/588/588
f 587/587/587 589/589/589 301/301/301
f 587/587/587 590/590/590 586/586/586
f 590/590/590 342/342/342 592/592/592
f 590/590/590 591/591/591 342/342/342
f 588/588/588 591/591/591 590/590/590
f 586/586/586 590/590/590 592/592/592
f 592/592/592 342/342/342 343/343/343
f 592/592/592 343/343/343 349/349/349
f 593/593/593 592/592/592 349/349/349
f 586/586/586 592/592/592 593/593/593
f 593/593/593 585/585/585 586/586/586
f 593/593/593 594/594/594 585/585/585
f 351/351/351 594/594/594 593/593/593
f 593/593/593 349/349/349 351/351/351
f 596/596/596 585/585/585 594/594/594
f 596/596/596 594/594/594 595/595/595
f 595/595/595 594/594/594 355/355/355
f 351/351/351 355/355/355 594/594/594
f 595/595/595 597/597/597 596/596/596
f 596/596/596 597/597/597 392/392/392
f 583/583/583 585/585/585 596/596/596
f 596/596/596 392/392/392 583/583/583
f 597/597/597 385/385/385 392/392/392
f 595/595/595 598/598/598 597/597/597
f 598/598/598 384/384/384 597/597/597
f 597/597/597 384/384/384 385/385/385
f 364/364/364 363/363/363 598/598/598
f 363/363/363 369/369/369 598/598/598
f 598/598/598 369/369/369 384/384/384
f 364/364/364 598/598/598 595/595/595
f 595/595/595 355/355/355 364/364/364
f 340/340/340 342/342/342 591/591/591
f 588/588/588 599/599/599 591/591/591
f 600/600/600 591/591/591 599/599/599
f 340/340/340 591/591/591 600/600/600
f 600/600/600 314/314/314 340/340/340
f 600/600/600 312/312/312 314/314/314
f 303/303/303 312/312/312 600/600/600
f 600/600/600 599/599/599 303/303/303
f 301/301/301 300/300/300 599/599/599
f 303/303/303 599/599/599 300/300/300
f 301/301/301 599/599/599 588/588/588
f 589/589/589 293/293/293 297/297/297
f 589/589/589 581/581/581 293/293/293
f 297/297/297 301/301/301 589/589/589
f 583/583/583 392/392/392 391/391/391
f 293/293/293 581/581/581 294/294/294
f 387/387/387 395/395/395 388/388/388
f 369/369/369 372/372/372 384/384/384
f 364/364/364 355/355/355 354/354/354
f 336/336/336 346/346/346 338/338/338
f 311/311/311 604/604/604 601/601/601
f 604/604/604 311/311/311 307/307/307
f 307/307/307 606/606/606 604/604/604
f 307/307/307 607/607/607 606/606/606
f 610/610/610 607/607/607 307/307/307
f 307/307/307 296/296/296 610/610/610
f 612/612/612 610/610/610 296/296/296
f 303/303/303 304/304/304 312/312/312
f 294/294/294 93/93/93 99/99/99
f 85/85/85 90/90/90 87/87/87
f 68/68/68 81/81/81 70/70/70
f 42/42/42 51/51/51 43/43/43
f 34/34/34 43/43/43 35/35/35
f 37/37/37 31/31/31 19/19/19
f 13/13/13 37/37/37 19/19/19
f 31/31/31 21/21/21 19/19/19
f 617/617/617 613/613/613 615/615/615
f 615/615/615 613/613/613 621/621/621
f 621/621/621 805/805/805 615/615/615
f 618/618/618 613/613/613 617/617/617
f 858/858/858 620/620/620 613/613/613
f 613/613/613 618/618/618 858/858/858
f 620/620/620 622/622/622 613/613/613
f 621/621/621 613/613/613 622/622/622
f 620/620/620 624/624/624 622/622/622
f 621/621/621 622/622/622 623/623/623
f 626/626/626 624/624/624 620/620/620
f 626/626/626 627/627/627 624/624/624
f 629/629/629 628/628/628 625/625/625
f 629/629/629 630/630/630 628/628/628
f 631/631/631 630/630/630 629/629/629
f 631/631/631 632/632/632 630/630/630
f 633/633/633 632/632/632 631/631/631
f 633/633/633 634/634/634 632/632/632
f 636/636/636 635/635/635 634/634/634
f 636/636/636 634/634/634 633/633/633
f 637/637/637 636/636/636 633/633/633
f 633/633/633 838/838/838 637/637/637
f 640/640/640 636/636/636 637/637/637
f 644/644/644 641/641/641 636/636/636
f 636/636/636 640/640/640 644/644/644
f 641/641/641 635/635/635 636/636/636
f 642/642/642 643/643/643 641/641/641
f 648/648/648 642/642/642 641/641/641
f 641/641/641 647/647/647 648/648/648
f 641/641/641 643/643/643 635/635/635
f 647/647/647 641/641/641 644/644/644
f 798/798/798 800/800/800 802/802/802
f 798/798/798 802/802/802 777/777/777
f 798/798/798 777/777/777 774/774/774
f 798/798/798 774/774/774 772/772/772
f 798/798/798 772/772/772 769/769/769
f 798/798/798 769/769/769 768/768/768
f 798/798/798 768/768/768 765/765/765
f 798/798/798 765/765/765 750/750/750
f 798/798/798 750/750/750 752/752/752
f 798/798/798 752/752/752 753/753/753
f 798/798/798 753/753/753 756/756/756
f 798/798/798 756/756/756 758/758/758
f 798/798/798 758/758/758 759/759/759
f 798/798/798 759/759/759 761/761/761
f 798/798/798 761/761/761 763/763/763
f 798/798/798 763/763/763 734/734/734
f 798/798/798 734/734/734 732/732/732
f 798/798/798 732/732/732 729/729/729
f 798/798/798 729/729/729 726/726/726
f 798/798/798 726/726/726 724/724/724
f 798/798/798 724/724/724 722/722/722
f 798/798/798 722/722/722 720/720/720
f 798/798/798 720/720/720 717/717/717
f 798/798/798 717/717/717 716/716/716
f 798/798/798 716/716/716 714/714/714
f 798/798/798 714/714/714 806/806/806
f 798/798/798 806/806/806 809/809/809
f 798/798/798 809/809/809 810/810/810
f 798/798/798 810/810/810 813/813/813
f 798/798/798 813/813/813 814/814/814
f 798/798/798 814/814/814 816/816/816
f 798/798/798 816/816/816 702/702/702
f 798/798/798 702/702/702 818/818/818
f 798/798/798 818/818/818 820/820/820
f 798/798/798 820/820/820 693/693/693
f 798/798/798 693/693/693 690/690/690
f 798/798/798 690/690/690 688/688/688
f 798/798/798 688/688/688 686/686/686
f 798/798/798 686/686/686 683/683/683
f 798/798/798 683/683/683 684/684/684
f 798/798/798 684/684/684 678/678/678
f 798/798/798 678/678/678 676/676/676
f 798/798/798 676/676/676 671/671/671
f 798/798/798 671/671/671 669/669/669
f 798/798/798 669/669/669 822/822/822
f 798/798/798 822/822/822 824/824/824
f 798/798/798 824/824/824 827/827/827
f 798/798/798 827/827/827 829/829/829
f 798/798/798 829/829/829 831/831/831
f 798/798/798 831/831/831 833/833/833
f 798/798/798 833/833/833 834/834/834
f 798/798/798 834/834/834 837/837/837
f 798/798/798 837/837/837 654/654/654
f 798/798/798 654/654/654 653/653/653
f 798/798/798 653/653/653 650/650/650
f 798/798/798 650/650/650 649/649/649
f 798/798/798 649/649/649 646/646/646
f 798/798/798 646/646/646 645/645/645
f 798/798/798 645/645/645 639/639/639
f 798/798/798 639/639/639 638/638/638
f 798/798/798 638/638/638 839/839/839
f 798/798/798 839/839/839 841/841/841
f 798/798/798 841/841/841 842/842/842
f 798/798/798 842/842/842 844/844/844
f 798/798/798 844/844/844 847/847/847
f 798/798/798 847/847/847 848/848/848
f 798/798/798 848/848/848 851/851/851
f 798/798/798 851/851/851 853/853/853
f 798/798/798 853/853/853 856/856/856
f 798/798/798 856/856/856 857/857/857
f 798/798/798 857/857/857 619/619/619
f 798/798/798 619/619/619 616/616/616
f 798/798/798 616/616/616 614/614/614
f 798/798/798 614/614/614 804/804/804
f 798/798/798 804/804/804 793/793/793
f 798/798/798 793/793/793 791/791/791
f 798/798/798 791/791/791 795/795/795
f 798/798/798 795/795/795 797/797/797
f 642/642/642 648/648/648 651/651/651
f 652/652/652 656/656/656 642/642/642
f 642/642/642 651/651/651 652/652/652
f 656/656/656 652/652/652 655/655/655
f 656/656/656 658/658/658 642/642/642
f 657/657/657 659/659/659 656/656/656
f 836/836/836 657/657/657 656/656/656
f 656/656/656 655/655/655 836/836/836
f 656/656/656 659/659/659 658/658/658
f 657/657/657 660/660/660 659/659/659
f 661/661/661 660/660/660 657/657/657
f 661/661/661 662/662/662 660/660/660
f 663/663/663 662/662/662 661/661/661
f 663/663/663 664/664/664 662/662/662
f 665/665/665 664/664/664 663/663/663
f 665/665/665 666/666/666 664/664/664
f 668/668/668 666/666/666 665/665/665
f 668/668/668 667/667/667 666/666/666
f 670/670/670 668/668/668 665/665/665
f 665/665/665 823/823/823 670/670/670
f 672/672/672 668/668/668 670/670/670
f 675/675/675 673/673/673 668/668/668
f 668/668/668 672/672/672 675/675/675
f 673/673/673 667/667/667 668/668/668
f 673/673/673 674/674/674 667/667/667
f 679/679/679 674/674/674 673/673/673
f 677/677/677 673/673/673 675/675/675
f 685/685/685 679/679/679 673/673/673
f 673/673/673 677/677/677 685/685/685
f 680/680/680 681/681/681 679/679/679
f 682/682/682 687/687/687 680/680/680
f 680/680/680 679/679/679 682/682/682
f 679/679/679 681/681/681 674/674/674
f 685/685/685 682/682/682 679/679/679
f 687/687/687 689/689/689 680/680/680
f 689/689/689 691/691/691 694/694/694
f 694/694/694 680/680/680 689/689/689
f 691/691/691 692/692/692 694/694/694
f 694/694/694 696/696/696 680/680/680
f 692/692/692 821/821/821 695/695/695
f 695/695/695 694/694/694 692/692/692
f 695/695/695 697/697/697 694/694/694
f 694/694/694 697/697/697 696/696/696
f 695/695/695 698/698/698 697/697/697
f 700/700/700 698/698/698 695/695/695
f 700/700/700 699/699/699 698/698/698
f 700/700/700 701/701/701 704/704/704
f 701/701/701 700/700/700 703/703/703
f 703/703/703 817/817/817 701/701/701
f 819/819/819 703/703/703 700/700/700
f 700/700/700 695/695/695 819/819/819
f 700/700/700 704/704/704 699/699/699
f 701/701/701 705/705/705 704/704/704
f 701/701/701 706/706/706 705/705/705
f 706/706/706 707/707/707 705/705/705
f 706/706/706 708/708/708 707/707/707
f 708/708/708 709/709/709 707/707/707
f 708/708/708 711/711/711 709/709/709
f 711/711/711 710/710/710 709/709/709
f 711/711/711 712/712/712 710/710/710
f 712/712/712 711/711/711 715/715/715
f 715/715/715 718/718/718 712/712/712
f 711/711/711 713/713/713 715/715/715
f 711/711/711 708/708/708 807/807/807
f 807/807/807 713/713/713 711/711/711
f 718/718/718 719/719/719 712/712/712
f 723/723/723 712/712/712 719/719/719
f 719/719/719 721/721/721 723/723/723
f 721/721/721 725/725/725 723/723/723
f 728/728/728 723/723/723 725/725/725
f 725/725/725 727/727/727 728/728/728
f 727/727/727 730/730/730 728/728/728
f 735/735/735 728/728/728 730/730/730
f 730/730/730 731/731/731 735/735/735
f 731/731/731 733/733/733 735/735/735
f 735/735/735 736/736/736 737/737/737
f 736/736/736 735/735/735 733/733/733
f 733/733/733 764/764/764 736/736/736
f 728/728/728 735/735/735 738/738/738
f 735/735/735 737/737/737 738/738/738
f 728/728/728 738/738/738 739/739/739
f 723/723/723 728/728/728 739/739/739
f 723/723/723 739/739/739 740/740/740
f 712/712/712 740/740/740 710/710/710
f 712/712/712 723/723/723 740/740/740
f 736/736/736 741/741/741 737/737/737
f 736/736/736 742/742/742 741/741/741
f 742/742/742 743/743/743 741/741/741
f 742/742/742 744/744/744 743/743/743
f 744/744/744 745/745/745 743/743/743
f 744/744/744 747/747/747 745/745/745
f 747/747/747 746/746/746 745/745/745
f 747/747/747 748/748/748 746/746/746
f 766/766/766 748/748/748 747/747/747
f 747/747/747 749/749/749 766/766/766
f 747/747/747 744/744/744 754/754/754
f 754/754/754 751/751/751 747/747/747
f 747/747/747 751/751/751 749/749/749
f 744/744/744 755/755/755 754/754/754
f 744/744/744 742/742/742 757/757/757
f 757/757/757 755/755/755 744/744/744
f 742/742/742 760/760/760 757/757/757
f 742/742/742 736/736/736 762/762/762
f 762/762/762 760/760/760 742/742/742
f 764/764/764 762/762/762 736/736/736
f 767/767/767 748/748/748 766/766/766
f 770/770/770 771/771/771 748/748/748
f 748/748/748 767/767/767 770/770/770
f 773/773/773 771/771/771 770/770/770
f 775/775/775 778/778/778 771/771/771
f 771/771/771 773/773/773 775/775/775
f 778/778/778 775/775/775 776/776/776
f 778/778/778 779/779/779 780/780/780
f 778/778/778 776/776/776 803/803/803
f 803/803/803 779/779/779 778/778/778
f 771/771/771 778/778/778 781/781/781
f 778/778/778 780/780/780 781/781/781
f 771/771/771 781/781/781 782/782/782
f 748/748/748 782/782/782 746/746/746
f 748/748/748 771/771/771 782/782/782
f 779/779/779 783/783/783 780/780/780
f 779/779/779 784/784/784 783/783/783
f 784/784/784 785/785/785 783/783/783
f 784/784/784 788/788/788 785/785/785
f 787/787/787 623/623/623 786/786/786
f 789/789/789 788/788/788 784/784/784
f 784/784/784 794/794/794 789/789/789
f 792/792/792 621/621/621 787/787/787
f 787/787/787 790/790/790 792/792/792
f 787/787/787 621/621/621 623/623/623
f 784/784/784 796/796/796 794/794/794
f 784/784/784 779/779/779 799/799/799
f 799/799/799 796/796/796 784/784/784
f 779/779/779 801/801/801 799/799/799
f 779/779/779 803/803/803 801/801/801
f 805/805/805 621/621/621 792/792/792
f 708/708/708 808/808/808 807/807/807
f 708/708/708 706/706/706 811/811/811
f 811/811/811 808/808/808 708/708/708
f 706/706/706 812/812/812 811/811/811
f 706/706/706 701/701/701 815/815/815
f 815/815/815 812/812/812 706/706/706
f 701/701/701 817/817/817 815/815/815
f 821/821/821 819/819/819 695/695/695
f 680/680/680 696/696/696 681/681/681
f 823/823/823 665/665/665 825/825/825
f 825/825/825 665/665/665 663/663/663
f 663/663/663 826/826/826 825/825/825
f 826/826/826 663/663/663 828/828/828
f 828/828/828 663/663/663 661/661/661
f 661/661/661 830/830/830 828/828/828
f 830/830/830 661/661/661 832/832/832
f 832/832/832 661/661/661 657/657/657
f 657/657/657 835/835/835 832/832/832
f 657/657/657 836/836/836 835/835/835
f 642/642/642 658/658/658 643/643/643
f 838/838/838 633/633/633 840/840/840
f 633/633/633 631/631/631 843/843/843
f 843/843/843 840/840/840 633/633/633
f 631/631/631 845/845/845 843/843/843
f 631/631/631 846/846/846 845/845/845
f 846/846/846 631/631/631 629/629/629
f 629/629/629 849/849/849 846/846/846
f 629/629/629 850/850/850 849/849/849
f 850/850/850 629/629/629 625/625/625
f 625/625/625 852/852/852 850/850/850
f 854/854/854 626/626/626 620/620/620
f 620/620/620 855/855/855 854/854/854
f 855/855/855 620/620/620 858/858/858