# https://github.com/mikedh/trimesh
mtllib material.mtl
usemtl material_0
v 0.14006370 -0.27887167 0.20038566
v 0.14006370 -0.27887167 0.20038566
v 0.13935838 -0.27405536 0.20135799
v 0.13935838 -0.27405536 0.20135799
v 0.14103183 -0.27923525 0.20149318
v 0.14103183 -0.27923525 0.20149318
v 0.14103183 -0.27923525 0.20149318
v 0.13977653 -0.27914037 0.19890197
v 0.13977653 -0.27914037 0.19890197
v 0.14033743 -0.28380471 0.19951409
v 0.13916106 -0.27405536 0.20093480
v 0.13916106 -0.27405536 0.20093480
v 0.13902755 -0.27405536 0.20035795
v 0.13902755 -0.27405536 0.20035795
v 0.13887473 -0.27405536 0.19998934
v 0.13887473 -0.27405536 0.19998934
v 0.13932983 -0.27852909 0.19821512
v 0.13932983 -0.27852909 0.19821512
v 0.13870260 -0.27405536 0.19972484
v 0.13870260 -0.27405536 0.19972484
v 0.13843643 -0.27405536 0.19951744
v 0.13843643 -0.27405536 0.19951744
v 0.13788141 -0.27405536 0.19909593
v 0.13788141 -0.27405536 0.19909593
v 0.13867909 -0.27812185 0.19788849
v 0.13867909 -0.27812185 0.19788849
v 0.13869168 -0.27911770 0.19722180
v 0.13639520 -0.27783133 0.19650557
v 0.13639520 -0.27783133 0.19650557
v 0.13806278 -0.27892122 0.19691028
v 0.13645062 -0.27892961 0.19586238
v 0.13760516 -0.27913113 0.19564071
v 0.13532883 -0.27938555 0.19251044
v 0.13730540 -0.27936204 0.19315446
v 0.13605178 -0.27916052 0.19476746
v 0.13832139 -0.27921762 0.19603115
v 0.13819796 -0.27941914 0.19347186
v 0.13819796 -0.27968363 0.19009556
v 0.13882771 -0.27995736 0.19024418
v 0.13882855 -0.27968279 0.19375650
v 0.13879496 -0.27940822 0.19632756
v 0.13908801 -0.28014545 0.19031220
v 0.13908885 -0.27986668 0.19388077
v 0.13931220 -0.28036796 0.19037601
v 0.13931388 -0.28008499 0.19399245
v 0.13914091 -0.27957280 0.19656518
v 0.13956326 -0.27980538 0.19791200
v 0.13937685 -0.27987759 0.19674067
v 0.13963295 -0.28027895 0.19692288
v 0.13997217 -0.28582998 0.19473975
v 0.14002423 -0.28520611 0.19759377
v 0.13965394 -0.28062574 0.19417885
v 0.13965142 -0.28091374 0.19049272
v 0.13997049 -0.28640935 0.19105530
v 0.13996965 -0.28685185 0.18723902
v 0.14016949 -0.29036165 0.19144406
v 0.14016949 -0.29091247 0.18763702
v 0.14016949 -0.29127773 0.18375441
v 0.14039453 -0.29184198 0.19159269
v 0.14039453 -0.29242891 0.18778564
v 0.14039453 -0.29280340 0.18390387
v 0.14126862 -0.29212831 0.19164055
v 0.14126862 -0.29212831 0.19164055
v 0.14126862 -0.29272111 0.18781419
v 0.14126862 -0.29272111 0.18781419
v 0.14341228 -0.29310988 0.18785198
v 0.14341228 -0.29348353 0.18397021
v 0.14126862 -0.29309560 0.18393242
v 0.14126862 -0.29309560 0.18393242
v 0.14341228 -0.29371695 0.18007500
v 0.14126862 -0.29332903 0.18003721
v 0.14126862 -0.29332903 0.18003721
v 0.14039453 -0.29303599 0.18000867
v 0.14016949 -0.29151955 0.17986004
v 0.14018545 -0.29155398 0.17607315
v 0.14041300 -0.29303263 0.17622262
v 0.14023499 -0.29129536 0.17251549
v 0.14128457 -0.29332315 0.17622513
v 0.14128457 -0.29332315 0.17622513
v 0.14046674 -0.29269676 0.17266831
v 0.14053979 -0.29230044 0.17004352
v 0.14033071 -0.29096873 0.16986383
v 0.14133159 -0.29298141 0.17259358
v 0.14133159 -0.29298141 0.17259358
v 0.14344839 -0.29334666 0.17236939
v 0.14347442 -0.29288569 0.16945240
v 0.14138281 -0.29254898 0.16987643
v 0.14138281 -0.29254898 0.16987643
v 0.14140884 -0.29227021 0.16881005
v 0.14140884 -0.29227021 0.16881005
v 0.14348113 -0.29257165 0.16830541
v 0.14344335 -0.29107957 0.16791413
v 0.14619157 -0.29124666 0.16759758
v 0.14619157 -0.29275890 0.16798634
v 0.14890873 -0.29288569 0.16945240
v 0.14890201 -0.29257165 0.16830541
v 0.14619157 -0.29307629 0.16917531
v 0.14619157 -0.29354818 0.17222077
v 0.14893476 -0.29334666 0.17236939
v 0.15105155 -0.29298141 0.17259358
v 0.15105155 -0.29298141 0.17259358
v 0.15109858 -0.29332315 0.17622513
v 0.15109858 -0.29332315 0.17622513
v 0.14896163 -0.29370604 0.17619827
v 0.14619157 -0.29392015 0.17617643
v 0.14897086 -0.29371695 0.18007500
v 0.15111453 -0.29332903 0.18003721
v 0.15111453 -0.29332903 0.18003721
v 0.15111453 -0.29309560 0.18393242
v 0.15111453 -0.29309560 0.18393242
v 0.15198862 -0.29303599 0.18000867
v 0.15197015 -0.29303263 0.17622262
v 0.15214816 -0.29129536 0.17251549
v 0.15219770 -0.29155398 0.17607315
v 0.15191641 -0.29269676 0.17266831
v 0.15205244 -0.29096873 0.16986383
v 0.15184336 -0.29230044 0.17004352
v 0.15176947 -0.29211403 0.16904684
v 0.15100034 -0.29254898 0.16987643
v 0.15100034 -0.29254898 0.16987643
v 0.15097431 -0.29227021 0.16881005
v 0.15097431 -0.29227021 0.16881005
v 0.14893980 -0.29107957 0.16791413
v 0.15105323 -0.29084194 0.16845068
v 0.15105323 -0.29084194 0.16845068
v 0.15123964 -0.28700131 0.16780581
v 0.15123964 -0.28700131 0.16780581
v 0.15189626 -0.29079744 0.16879830
v 0.15211289 -0.28717260 0.16821137
v 0.15228334 -0.28742450 0.16934072
v 0.15271241 -0.28250323 0.16873448
v 0.15256967 -0.28240331 0.16766391
v 0.15297271 -0.28208087 0.16881593
v 0.15179970 -0.28264429 0.16721469
v 0.15179970 -0.28264429 0.16721469
v 0.15319186 -0.28175676 0.16885791
v 0.15274096 -0.28186088 0.16761857
v 0.15309362 -0.28149395 0.16778062
v 0.15192900 -0.28158295 0.16699721
v 0.15192900 -0.28158295 0.16699721
v 0.15192900 -0.28158295 0.16699721
v 0.15282409 -0.28069711 0.16698462
v 0.15282409 -0.28069711 0.16698462
v 0.15702913 -0.27405536 0.16536407
v 0.15702913 -0.27405536 0.16536407
v 0.15417259 -0.28115640 0.16830121
v 0.15359070 -0.28139487 0.16807283
v 0.14950741 -0.28028399 0.16578726
v 0.15583513 -0.28099939 0.16936423
v 0.15382917 -0.27405536 0.16357642
v 0.15382917 -0.27405536 0.16357642
v 0.15581665 -0.28002202 0.16846831
v 0.15581665 -0.28002202 0.16846831
v 0.15831214 -0.27986164 0.17051793
v 0.15831214 -0.27986164 0.17051793
v 0.15991674 -0.27405536 0.16780413
v 0.15991674 -0.27405536 0.16780413
v 0.15723569 -0.27405536 0.16549757
v 0.15723569 -0.27405536 0.16549757
v 0.15793933 -0.28086084 0.17113592
v 0.15984705 -0.28067695 0.17349035
v 0.15781086 -0.28093137 0.17161957
v 0.15901158 -0.28083061 0.17339042
v 0.16031978 -0.28061146 0.17619575
v 0.15705432 -0.28092382 0.17281861
v 0.15630702 -0.28105312 0.17053556
v 0.15474104 -0.28116060 0.16966399
v 0.15403572 -0.28130502 0.16930965
v 0.15507775 -0.28100023 0.17218131
v 0.15779742 -0.28068871 0.17582377
v 0.15418435 -0.28110602 0.17188155
v 0.15526415 -0.28074749 0.17542577
v 0.15537919 -0.28047040 0.17897168
v 0.15418518 -0.28084237 0.17525616
v 0.15825924 -0.28042841 0.17916144
v 0.16113089 -0.28036544 0.17934281
v 0.16141218 -0.28010598 0.18265949
v 0.15841878 -0.28015468 0.18266453
v 0.15541949 -0.28018155 0.18266705
v 0.15825924 -0.27988095 0.18616761
v 0.16113089 -0.27984737 0.18597700
v 0.16031978 -0.27960134 0.18912407
v 0.16230307 -0.27970798 0.18590144
v 0.16262550 -0.27996240 0.18264605
v 0.16328715 -0.27892289 0.18254361
v 0.16328715 -0.27892289 0.18254361
v 0.16230307 -0.28021682 0.17938983
v 0.16295465 -0.27918319 0.17920595
v 0.16295465 -0.27918319 0.17920595
v 0.16198399 -0.27943341 0.17600346
v 0.16198399 -0.27943341 0.17600346
v 0.16542158 -0.27405536 0.18118504
v 0.16542158 -0.27405536 0.18118504
v 0.16523350 -0.27405536 0.17826132
v 0.16523350 -0.27405536 0.17826132
v 0.16504457 -0.27405536 0.17754593
v 0.16504457 -0.27405536 0.17754593
v 0.16425193 -0.27405536 0.17455336
v 0.16425193 -0.27405536 0.17455336
v 0.16398492 -0.27405536 0.17401598
v 0.16398492 -0.27405536 0.17401598
v 0.16040207 -0.27966264 0.17306883
v 0.16040207 -0.27966264 0.17306883
v 0.16254237 -0.27405536 0.17109730
v 0.16254237 -0.27405536 0.17109730
v 0.16225773 -0.27405536 0.17072785
v 0.16225773 -0.27405536 0.17072785
v 0.16017871 -0.27405536 0.16803168
v 0.16017871 -0.27405536 0.16803168
v 0.16136600 -0.28045864 0.17628727
v 0.16547784 -0.27405536 0.18206668
v 0.16547784 -0.27405536 0.18206668
v 0.16511091 -0.27405536 0.18480567
v 0.16511091 -0.27405536 0.18480567
v 0.16497488 -0.27405536 0.18582251
v 0.16497488 -0.27405536 0.18582251
v 0.16295465 -0.27866176 0.18588128
v 0.16295465 -0.27866176 0.18588128
v 0.16414277 -0.27405536 0.18828776
v 0.16414277 -0.27405536 0.18828776
v 0.16377332 -0.27405536 0.18938605
v 0.16377332 -0.27405536 0.18938605
v 0.16198399 -0.27841154 0.18908461
v 0.16198399 -0.27841154 0.18908461
v 0.16255413 -0.27405536 0.19151376
v 0.16255413 -0.27405536 0.19151376
v 0.16191766 -0.27405536 0.19262127
v 0.16191766 -0.27405536 0.19262127
v 0.16043481 -0.27405536 0.19435938
v 0.16043481 -0.27405536 0.19435938
v 0.16040207 -0.27818231 0.19201924
v 0.16040207 -0.27818231 0.19201924
v 0.15835412 -0.27798499 0.19454075
v 0.15835412 -0.27798499 0.19454075
v 0.15796368 -0.27906396 0.19413939
v 0.15984705 -0.27924701 0.19180176
v 0.15901158 -0.27938219 0.19192939
v 0.15782093 -0.27920754 0.19368597
v 0.16136600 -0.27946532 0.18900484
v 0.15633137 -0.27916052 0.19476746
v 0.15705432 -0.27938555 0.19251044
v 0.15593253 -0.27892961 0.19586238
v 0.15477799 -0.27913113 0.19564071
v 0.15369146 -0.27911770 0.19722180
v 0.15432037 -0.27892122 0.19691028
v 0.15507775 -0.27936204 0.19315446
v 0.15406175 -0.27921762 0.19603115
v 0.15418518 -0.27941914 0.19347186
v 0.15355544 -0.27995736 0.19024418
v 0.15355460 -0.27968279 0.19375650
v 0.15418518 -0.27968363 0.19009556
v 0.15526415 -0.27961562 0.18990832
v 0.15355544 -0.28024789 0.18652531
v 0.15418518 -0.27996744 0.18645226
v 0.15355628 -0.28054681 0.18270315
v 0.15537919 -0.27989271 0.18636325
v 0.15418518 -0.28026300 0.18267544
v 0.15418518 -0.28055772 0.17889863
v 0.15355544 -0.28084489 0.17888100
v 0.15355460 -0.28113541 0.17516464
v 0.15329430 -0.28133105 0.17513525
v 0.15329598 -0.28103885 0.17888100
v 0.15307179 -0.28126556 0.17888771
v 0.15329598 -0.28073825 0.18272162
v 0.15306927 -0.28155944 0.17511762
v 0.15273005 -0.28211530 0.17511342
v 0.15271997 -0.28240079 0.17145668
v 0.15306423 -0.28184073 0.17151965
v 0.15329010 -0.28160898 0.17158011
v 0.15355208 -0.28140914 0.17166071
v 0.15355963 -0.28153845 0.16906531
v 0.15236899 -0.28758236 0.17205704
v 0.15240258 -0.28760671 0.17566340
v 0.15241349 -0.28745977 0.17946204
v 0.15273340 -0.28181806 0.17891794
v 0.15273340 -0.28151494 0.18279803
v 0.15307179 -0.28096412 0.18274345
v 0.15307179 -0.28066268 0.18660004
v 0.15329598 -0.28043849 0.18656225
v 0.15329514 -0.28014545 0.19031220
v 0.15329430 -0.27986668 0.19388077
v 0.15307095 -0.28036796 0.19037601
v 0.15273340 -0.28121182 0.18667729
v 0.15306927 -0.28008499 0.19399245
v 0.15273172 -0.28091374 0.19049272
v 0.15241265 -0.28640935 0.19105530
v 0.15241349 -0.28685185 0.18723902
v 0.15272921 -0.28062574 0.19417885
v 0.15275020 -0.28027895 0.19692288
v 0.15241097 -0.28582998 0.19473975
v 0.15221365 -0.29036165 0.19144406
v 0.15221281 -0.28956397 0.19511172
v 0.15235891 -0.28520611 0.19759377
v 0.15214060 -0.28879148 0.19796658
v 0.15220693 -0.28463262 0.19891876
v 0.15281989 -0.27980538 0.19791200
v 0.15305332 -0.27852909 0.19821512
v 0.15305332 -0.27852909 0.19821512
v 0.15300629 -0.27987759 0.19674067
v 0.15324224 -0.27957280 0.19656518
v 0.15260661 -0.27914037 0.19890197
v 0.15260661 -0.27914037 0.19890197
v 0.15232029 -0.27887167 0.20038566
v 0.15232029 -0.27887167 0.20038566
v 0.15204656 -0.28380471 0.19951409
v 0.15335560 -0.27405536 0.20035795
v 0.15335560 -0.27405536 0.20035795
v 0.15322209 -0.27405536 0.20093480
v 0.15322209 -0.27405536 0.20093480
v 0.15350841 -0.27405536 0.19998934
v 0.15350841 -0.27405536 0.19998934
v 0.15368055 -0.27405536 0.19972484
v 0.15368055 -0.27405536 0.19972484
v 0.15394672 -0.27405536 0.19951744
v 0.15394672 -0.27405536 0.19951744
v 0.15370406 -0.27812185 0.19788849
v 0.15370406 -0.27812185 0.19788849
v 0.15450174 -0.27405536 0.19909593
v 0.15450174 -0.27405536 0.19909593
v 0.15553033 -0.27405536 0.19841748
v 0.15553033 -0.27405536 0.19841748
v 0.15598795 -0.27783133 0.19650557
v 0.15598795 -0.27783133 0.19650557
v 0.15684692 -0.27405536 0.19754927
v 0.15684692 -0.27405536 0.19754927
v 0.15790910 -0.27405536 0.19669953
v 0.15790910 -0.27405536 0.19669953
v 0.15955988 -0.27405536 0.19538881
v 0.15955988 -0.27405536 0.19538881
v 0.15302477 -0.27405536 0.20135799
v 0.15302477 -0.27405536 0.20135799
v 0.15266203 -0.27405536 0.20182568
v 0.15266203 -0.27405536 0.20182568
v 0.15197519 -0.27405536 0.20232361
v 0.15197519 -0.27405536 0.20232361
v 0.15197519 -0.27405536 0.20232361
v 0.15135132 -0.27923525 0.20149318
v 0.15135132 -0.27923525 0.20149318
v 0.15135132 -0.27923525 0.20149318
v 0.15106079 -0.28375349 0.20093480
v 0.15106079 -0.28375349 0.20093480
v 0.14909346 -0.27939982 0.20240673
v 0.15036051 -0.27405536 0.20279214
v 0.15036051 -0.27405536 0.20279214
v 0.14945031 -0.27405536 0.20317167
v 0.14945031 -0.27405536 0.20317167
v 0.14735115 -0.27405536 0.20340257
v 0.14735115 -0.27405536 0.20340257
v 0.14619157 -0.27405536 0.20356715
v 0.14619157 -0.27405536 0.20356715
v 0.14619157 -0.27943257 0.20281481
v 0.14503200 -0.27405536 0.20340257
v 0.14503200 -0.27405536 0.20340257
v 0.14328969 -0.27939982 0.20240673
v 0.14293283 -0.27405536 0.20317167
v 0.14293283 -0.27405536 0.20317167
v 0.14202264 -0.27405536 0.20279214
v 0.14202264 -0.27405536 0.20279214
v 0.14040796 -0.27405536 0.20232361
v 0.14040796 -0.27405536 0.20232361
v 0.14040796 -0.27405536 0.20232361
v 0.13972111 -0.27405536 0.20182568
v 0.13972111 -0.27405536 0.20182568
v 0.14345091 -0.28430263 0.20169218
v 0.14132235 -0.28375349 0.20093480
v 0.14132235 -0.28375349 0.20093480
v 0.14117205 -0.28787372 0.20016818
v 0.14117205 -0.28787372 0.20016818
v 0.14351388 -0.28829943 0.20095075
v 0.14348617 -0.28996365 0.20020261
v 0.14057253 -0.28970671 0.19934195
v 0.14045750 -0.28831707 0.19933692
v 0.14140464 -0.28976801 0.19969126
v 0.14140464 -0.28976801 0.19969126
v 0.14130304 -0.29035158 0.19829069
v 0.14130304 -0.29035158 0.19829069
v 0.14043903 -0.29014670 0.19808749
v 0.14343075 -0.29061103 0.19867442
v 0.14341228 -0.29156237 0.19559033
v 0.14619157 -0.29075462 0.19891205
v 0.14126862 -0.29123826 0.19536950
v 0.14126862 -0.29123826 0.19536950
v 0.14039536 -0.29096957 0.19526538
v 0.14016949 -0.28956397 0.19511172
v 0.14024255 -0.28879148 0.19796658
v 0.14017621 -0.28463262 0.19891876
v 0.14619157 -0.29173786 0.19572888
v 0.14619157 -0.29009380 0.20049901
v 0.14895239 -0.29061103 0.19867442
v 0.14889697 -0.28996365 0.20020261
v 0.14897086 -0.29156237 0.19559033
v 0.14897086 -0.29250028 0.19172367
v 0.15111453 -0.29123826 0.19536950
v 0.15111453 -0.29123826 0.19536950
v 0.15111453 -0.29212831 0.19164055
v 0.15111453 -0.29212831 0.19164055
v 0.14897086 -0.29310988 0.18785198
v 0.15111453 -0.29272111 0.18781419
v 0.15111453 -0.29272111 0.18781419
v 0.15198862 -0.29184198 0.19159269
v 0.15198862 -0.29242891 0.18778564
v 0.15221365 -0.29091247 0.18763702
v 0.15198862 -0.29280340 0.18390387
v 0.15221365 -0.29127773 0.18375441
v 0.15241349 -0.28719108 0.18335389
v 0.15221365 -0.29151955 0.17986004
v 0.15198778 -0.29096957 0.19526538
v 0.15108010 -0.29035158 0.19829069
v 0.15108010 -0.29035158 0.19829069
v 0.15194412 -0.29014670 0.19808749
v 0.15181061 -0.28970671 0.19934195
v 0.15097850 -0.28976801 0.19969126
v 0.15097850 -0.28976801 0.19969126
v 0.15121109 -0.28787372 0.20016818
v 0.15121109 -0.28787372 0.20016818
v 0.14893224 -0.28430263 0.20169218
v 0.15192565 -0.28831707 0.19933692
v 0.14886926 -0.28829943 0.20095075
v 0.14619157 -0.28437988 0.20207171
v 0.14619157 -0.28841615 0.20128746
v 0.14897086 -0.29348353 0.18397021
v 0.14619157 -0.29370184 0.18399204
v 0.14619157 -0.29393527 0.18009683
v 0.14619157 -0.29332735 0.18787381
v 0.14619157 -0.29270768 0.19177489
v 0.14341228 -0.29250028 0.19172367
v 0.15358818 -0.27940822 0.19632756
v 0.15779742 -0.27961982 0.18950528
v 0.15363604 -0.27405536 0.16352016
v 0.15363604 -0.27405536 0.16352016
v 0.15008678 -0.27405536 0.16240341
v 0.15008678 -0.27405536 0.16240341
v 0.14993984 -0.27405536 0.16238829
v 0.14993984 -0.27405536 0.16238829
v 0.14619157 -0.28031002 0.16545895
v 0.14619157 -0.27405536 0.16200121
v 0.14619157 -0.27405536 0.16200121
v 0.14244331 -0.27405536 0.16238829
v 0.14244331 -0.27405536 0.16238829
v 0.14229637 -0.27405536 0.16240341
v 0.14229637 -0.27405536 0.16240341
v 0.13874710 -0.27405536 0.16352016
v 0.13874710 -0.27405536 0.16352016
v 0.14287574 -0.28028399 0.16578726
v 0.13955906 -0.28069711 0.16698462
v 0.13955906 -0.28069711 0.16698462
v 0.14306046 -0.28144441 0.16636747
v 0.14306046 -0.28144441 0.16636747
v 0.14045414 -0.28158295 0.16699721
v 0.14045414 -0.28158295 0.16699721
v 0.14045414 -0.28158295 0.16699721
v 0.14058345 -0.28264429 0.16721469
v 0.14058345 -0.28264429 0.16721469
v 0.13964219 -0.28186088 0.16761857
v 0.13928953 -0.28149395 0.16778062
v 0.13919128 -0.28175676 0.16885791
v 0.13981348 -0.28240331 0.16766391
v 0.13941044 -0.28208087 0.16881593
v 0.14027025 -0.28717260 0.16821137
v 0.14114351 -0.28700131 0.16780581
v 0.14114351 -0.28700131 0.16780581
v 0.13967073 -0.28250323 0.16873448
v 0.14009980 -0.28742450 0.16934072
v 0.13966318 -0.28240079 0.17145668
v 0.13931891 -0.28184073 0.17151965
v 0.13931388 -0.28155944 0.17511762
v 0.13908885 -0.28133105 0.17513525
v 0.13909304 -0.28160898 0.17158011
v 0.13882855 -0.28113541 0.17516464
v 0.13883107 -0.28140914 0.17166071
v 0.13882351 -0.28153845 0.16906531
v 0.13834742 -0.28130502 0.16930965
v 0.13819880 -0.28110602 0.17188155
v 0.13819796 -0.28084237 0.17525616
v 0.13711899 -0.28074749 0.17542577
v 0.13819796 -0.28055772 0.17889863
v 0.13700396 -0.28047040 0.17897168
v 0.13396437 -0.28015468 0.18266453
v 0.13696365 -0.28018155 0.18266705
v 0.13412391 -0.28042841 0.17916144
v 0.13097096 -0.28010598 0.18265949
v 0.13125225 -0.28036544 0.17934281
v 0.13458572 -0.28068871 0.17582377
v 0.13206337 -0.28061146 0.17619575
v 0.13532883 -0.28092382 0.17281861
v 0.13730540 -0.28100023 0.17218131
v 0.13764210 -0.28116060 0.16966399
v 0.13607613 -0.28105312 0.17053556
v 0.13821056 -0.28115640 0.16830121
v 0.13654802 -0.28099939 0.16936423
v 0.13879244 -0.28139487 0.16807283
v 0.13457313 -0.28093137 0.17161957
v 0.13656649 -0.28002202 0.16846831
v 0.13656649 -0.28002202 0.16846831
v 0.13444382 -0.28086084 0.17113592
v 0.13337157 -0.28083061 0.17339042
v 0.13407185 -0.27986164 0.17051793
v 0.13407185 -0.27986164 0.17051793
v 0.13253610 -0.28067695 0.17349035
v 0.13101715 -0.28045864 0.17628727
v 0.13198108 -0.27966264 0.17306883
v 0.13198108 -0.27966264 0.17306883
v 0.13039915 -0.27943341 0.17600346
v 0.13039915 -0.27943341 0.17600346
v 0.12984077 -0.27405536 0.17109730
v 0.12984077 -0.27405536 0.17109730
v 0.12839823 -0.27405536 0.17401598
v 0.12839823 -0.27405536 0.17401598
v 0.12813122 -0.27405536 0.17455336
v 0.12813122 -0.27405536 0.17455336
v 0.12733857 -0.27405536 0.17754593
v 0.12733857 -0.27405536 0.17754593
v 0.12714965 -0.27405536 0.17826132
v 0.12714965 -0.27405536 0.17826132
v 0.12942850 -0.27918319 0.17920595
v 0.12942850 -0.27918319 0.17920595
v 0.12696156 -0.27405536 0.18118504
v 0.12696156 -0.27405536 0.18118504
v 0.12690531 -0.27405536 0.18206668
v 0.12690531 -0.27405536 0.18206668
v 0.12727224 -0.27405536 0.18480567
v 0.12727224 -0.27405536 0.18480567
v 0.12909599 -0.27892289 0.18254361
v 0.12909599 -0.27892289 0.18254361
v 0.13008008 -0.27970798 0.18590144
v 0.12975765 -0.27996240 0.18264605
v 0.12942850 -0.27866176 0.18588128
v 0.12942850 -0.27866176 0.18588128
v 0.13039915 -0.27841154 0.18908461
v 0.13039915 -0.27841154 0.18908461
v 0.13101715 -0.27946532 0.18900484
v 0.12740826 -0.27405536 0.18582251
v 0.12740826 -0.27405536 0.18582251
v 0.12824037 -0.27405536 0.18828776
v 0.12824037 -0.27405536 0.18828776
v 0.12860983 -0.27405536 0.18938605
v 0.12860983 -0.27405536 0.18938605
v 0.12982902 -0.27405536 0.19151376
v 0.12982902 -0.27405536 0.19151376
v 0.13046549 -0.27405536 0.19262127
v 0.13046549 -0.27405536 0.19262127
v 0.13198108 -0.27818231 0.19201924
v 0.13198108 -0.27818231 0.19201924
v 0.13194833 -0.27405536 0.19435938
v 0.13194833 -0.27405536 0.19435938
v 0.13282326 -0.27405536 0.19538881
v 0.13282326 -0.27405536 0.19538881
v 0.13447405 -0.27405536 0.19669953
v 0.13447405 -0.27405536 0.19669953
v 0.13402902 -0.27798499 0.19454075
v 0.13402902 -0.27798499 0.19454075
v 0.13441947 -0.27906396 0.19413939
v 0.13253610 -0.27924701 0.19180176
v 0.13456221 -0.27920754 0.19368597
v 0.13337157 -0.27938219 0.19192939
v 0.13206337 -0.27960134 0.18912407
v 0.13458572 -0.27961982 0.18950528
v 0.13412391 -0.27988095 0.18616761
v 0.13125225 -0.27984737 0.18597700
v 0.13700396 -0.27989271 0.18636325
v 0.13819796 -0.28026300 0.18267544
v 0.13819796 -0.27996744 0.18645226
v 0.13711899 -0.27961562 0.18990832
v 0.13882687 -0.28054681 0.18270315
v 0.13882771 -0.28024789 0.18652531
v 0.13908717 -0.28043849 0.18656225
v 0.13908717 -0.28073825 0.18272162
v 0.13931136 -0.28096412 0.18274345
v 0.13931136 -0.28126556 0.17888771
v 0.13908717 -0.28103885 0.17888100
v 0.13882771 -0.28084489 0.17888100
v 0.13964974 -0.28181806 0.17891794
v 0.13965310 -0.28211530 0.17511342
v 0.14001416 -0.28758236 0.17205704
v 0.13998057 -0.28760671 0.17566340
v 0.13996965 -0.28745977 0.17946204
v 0.13964974 -0.28151494 0.18279803
v 0.13996965 -0.28719108 0.18335389
v 0.13964974 -0.28121182 0.18667729
v 0.13931136 -0.28066268 0.18660004
v 0.13553622 -0.27405536 0.19754927
v 0.13553622 -0.27405536 0.19754927
v 0.13685282 -0.27405536 0.19841748
v 0.13685282 -0.27405536 0.19841748
v 0.13008008 -0.28021682 0.17938983
v 0.13012542 -0.27405536 0.17072785
v 0.13012542 -0.27405536 0.17072785
v 0.13220443 -0.27405536 0.16803168
v 0.13220443 -0.27405536 0.16803168
v 0.13246641 -0.27405536 0.16780413
v 0.13246641 -0.27405536 0.16780413
v 0.13514746 -0.27405536 0.16549757
v 0.13514746 -0.27405536 0.16549757
v 0.13535402 -0.27405536 0.16536407
v 0.13535402 -0.27405536 0.16536407
v 0.13855398 -0.27405536 0.16357642
v 0.13855398 -0.27405536 0.16357642
v 0.14048689 -0.29079744 0.16879830
v 0.14132991 -0.29084194 0.16845068
v 0.14132991 -0.29084194 0.16845068
v 0.14061368 -0.29211403 0.16904684
v 0.14333755 -0.28708528 0.16726087
v 0.14319817 -0.28305153 0.16664540
v 0.14619157 -0.28719024 0.16695355
v 0.14904559 -0.28708528 0.16726087
v 0.14918498 -0.28305153 0.16664540
v 0.14619157 -0.28309603 0.16634396
v 0.14619157 -0.28146792 0.16605763
v 0.14619157 -0.28146792 0.16605763
v 0.14932268 -0.28144441 0.16636747
v 0.14932268 -0.28144441 0.16636747
v 0.14342152 -0.29370604 0.17619827
v 0.14619157 -0.27050021 0.20406507
v 0.14269689 -0.27053044 0.20367631
v 0.14619157 -0.27012488 0.20402813
v 0.14968626 -0.27053044 0.20367631
v 0.14505970 -0.27397139 0.20341769
v 0.14505970 -0.27397139 0.20341769
v 0.14619157 -0.27397139 0.20357890
v 0.14619157 -0.27397139 0.20357890
v 0.14732344 -0.27397139 0.20341769
v 0.14732344 -0.27397139 0.20341769
v 0.14945619 -0.27397139 0.20318342
v 0.14945619 -0.27397139 0.20318342
v 0.15034456 -0.27397139 0.20281313
v 0.15034456 -0.27397139 0.20281313
v 0.15198526 -0.27397139 0.20233704
v 0.15198526 -0.27397139 0.20233704
v 0.15198526 -0.27397139 0.20233704
v 0.15268302 -0.27397139 0.20183072
v 0.15268302 -0.27397139 0.20183072
v 0.15239250 -0.27059258 0.20287946
v 0.15239250 -0.27059258 0.20287946
v 0.15352185 -0.27065807 0.20204316
v 0.14968626 -0.27015511 0.20363936
v 0.15239250 -0.27021725 0.20284336
v 0.15239250 -0.27021725 0.20284336
v 0.15352185 -0.27028274 0.20200705
v 0.15384764 -0.27033984 0.20127822
v 0.15384764 -0.27071517 0.20131517
v 0.15336819 -0.27397139 0.20038230
v 0.15336819 -0.27397139 0.20038230
v 0.15323804 -0.27397139 0.20094404
v 0.15323804 -0.27397139 0.20094404
v 0.15351681 -0.27397139 0.20002292
v 0.15351681 -0.27397139 0.20002292
v 0.15414404 -0.27075211 0.20084076
v 0.15513737 -0.27081257 0.20005903
v 0.15369230 -0.27397139 0.19975339
v 0.15369230 -0.27397139 0.19975339
v 0.15395176 -0.27397139 0.19955103
v 0.15395176 -0.27397139 0.19955103
v 0.15414404 -0.27037678 0.20080381
v 0.15513737 -0.27043808 0.20002208
v 0.15755560 -0.27056655 0.19837298
v 0.15755560 -0.27094188 0.19840993
v 0.16045832 -0.27112828 0.19601940
v 0.15686624 -0.27397139 0.19757278
v 0.15686624 -0.27397139 0.19757278
v 0.15789902 -0.27397139 0.19674571
v 0.15789902 -0.27397139 0.19674571
v 0.15958591 -0.27397139 0.19540644
v 0.15958591 -0.27397139 0.19540644
v 0.16043565 -0.27397139 0.19440724
v 0.16043565 -0.27397139 0.19440724
v 0.16194873 -0.27397139 0.19263387
v 0.16194873 -0.27397139 0.19263387
v 0.16256504 -0.27397139 0.19155994
v 0.16256504 -0.27397139 0.19155994
v 0.16290679 -0.27136339 0.19301424
v 0.16045832 -0.27075379 0.19598245
v 0.16290679 -0.27098806 0.19297813
v 0.16476748 -0.27163376 0.18955398
v 0.16590859 -0.27192680 0.18579564
v 0.16476748 -0.27125843 0.18951703
v 0.16380775 -0.27397139 0.18939192
v 0.16380775 -0.27397139 0.18939192
v 0.16416460 -0.27397139 0.18833227
v 0.16416460 -0.27397139 0.18833227
v 0.16501183 -0.27397139 0.18582167
v 0.16501183 -0.27397139 0.18582167
v 0.16514197 -0.27397139 0.18484514
v 0.16514197 -0.27397139 0.18484514
v 0.16551563 -0.27397139 0.18205829
v 0.16551563 -0.27397139 0.18205829
v 0.16546189 -0.27397139 0.18121694
v 0.16546189 -0.27397139 0.18121694
v 0.16629819 -0.27223244 0.18188784
v 0.16590859 -0.27253724 0.17798087
v 0.16629819 -0.27185711 0.18185173
v 0.16590859 -0.27155231 0.18575869
v 0.16590859 -0.27216275 0.17794477
v 0.16476832 -0.27283112 0.17422253
v 0.16476832 -0.27245663 0.17418643
v 0.16290679 -0.27272617 0.17072533
v 0.16290679 -0.27310150 0.17076227
v 0.16040962 -0.27333828 0.16772520
v 0.16257428 -0.27397139 0.17106791
v 0.16257428 -0.27397139 0.17106791
v 0.16231482 -0.27397139 0.17073121
v 0.16231482 -0.27397139 0.17073121
v 0.16020558 -0.27397139 0.16799558
v 0.16020558 -0.27397139 0.16799558
v 0.15997468 -0.27397139 0.16779490
v 0.15997468 -0.27397139 0.16779490
v 0.15725584 -0.27397139 0.16545559
v 0.15725584 -0.27397139 0.16545559
v 0.15708287 -0.27397139 0.16534391
v 0.15708287 -0.27397139 0.16534391
v 0.15735996 -0.27353308 0.16523728
v 0.15735996 -0.27315775 0.16520033
v 0.16040962 -0.27296379 0.16768826
v 0.15388626 -0.27367751 0.16338246
v 0.15011365 -0.27376651 0.16224639
v 0.15388626 -0.27330302 0.16334551
v 0.15384176 -0.27397139 0.16353360
v 0.15384176 -0.27397139 0.16353360
v 0.15369146 -0.27397139 0.16348993
v 0.15369146 -0.27397139 0.16348993
v 0.15009434 -0.27397139 0.16235807
v 0.15009434 -0.27397139 0.16235807
v 0.14999022 -0.27397139 0.16234715
v 0.14999022 -0.27397139 0.16234715
v 0.14619157 -0.27397139 0.16195503
v 0.14619157 -0.27397139 0.16195503
v 0.14619157 -0.27379674 0.16185762
v 0.14239293 -0.27397139 0.16234715
v 0.14239293 -0.27397139 0.16234715
v 0.14226950 -0.27376651 0.16224639
v 0.14228881 -0.27397139 0.16235807
v 0.14228881 -0.27397139 0.16235807
v 0.13869168 -0.27397139 0.16348993
v 0.13869168 -0.27397139 0.16348993
v 0.13854138 -0.27397139 0.16353360
v 0.13854138 -0.27397139 0.16353360
v 0.13849688 -0.27367751 0.16338246
v 0.13502319 -0.27353308 0.16523728
v 0.13502319 -0.27315775 0.16520033
v 0.13849688 -0.27330302 0.16334551
v 0.14226950 -0.27339202 0.16221028
v 0.14619157 -0.27342225 0.16182152
v 0.15011365 -0.27339202 0.16221028
v 0.13197352 -0.27296379 0.16768826
v 0.13197352 -0.27333828 0.16772520
v 0.12947636 -0.27272617 0.17072533
v 0.12761482 -0.27245663 0.17418643
v 0.12947636 -0.27310150 0.17076227
v 0.12761482 -0.27283112 0.17422253
v 0.12980887 -0.27397139 0.17106791
v 0.12980887 -0.27397139 0.17106791
v 0.13006832 -0.27397139 0.17073121
v 0.13006832 -0.27397139 0.17073121
v 0.13217756 -0.27397139 0.16799558
v 0.13217756 -0.27397139 0.16799558
v 0.13240847 -0.27397139 0.16779490
v 0.13240847 -0.27397139 0.16779490
v 0.13512731 -0.27397139 0.16545559
v 0.13512731 -0.27397139 0.16545559
v 0.13530028 -0.27397139 0.16534391
v 0.13530028 -0.27397139 0.16534391
v 0.12834449 -0.27397139 0.17403025
v 0.12834449 -0.27397139 0.17403025
v 0.12809595 -0.27397139 0.17453069
v 0.12809595 -0.27397139 0.17453069
v 0.12729071 -0.27397139 0.17757028
v 0.12729071 -0.27397139 0.17757028
v 0.12647456 -0.27253724 0.17798087
v 0.12711186 -0.27397139 0.17824537
v 0.12711186 -0.27397139 0.17824537
v 0.12692126 -0.27397139 0.18121694
v 0.12692126 -0.27397139 0.18121694
v 0.12608495 -0.27223244 0.18188784
v 0.12686752 -0.27397139 0.18205829
v 0.12686752 -0.27397139 0.18205829
v 0.12724117 -0.27397139 0.18484514
v 0.12724117 -0.27397139 0.18484514
v 0.12647456 -0.27192680 0.18579564
v 0.12737132 -0.27397139 0.18582167
v 0.12737132 -0.27397139 0.18582167
v 0.12821854 -0.27397139 0.18833227
v 0.12821854 -0.27397139 0.18833227
v 0.12857540 -0.27397139 0.18939192
v 0.12857540 -0.27397139 0.18939192
v 0.12761566 -0.27163376 0.18955398
v 0.12947636 -0.27136339 0.19301424
v 0.12947636 -0.27098806 0.19297813
v 0.12761566 -0.27125843 0.18951703
v 0.12647456 -0.27155231 0.18575869
v 0.12608495 -0.27185711 0.18185173
v 0.12647456 -0.27216275 0.17794477
v 0.13192482 -0.27075379 0.19598245
v 0.13192482 -0.27112828 0.19601940
v 0.13482755 -0.27056655 0.19837298
v 0.13724578 -0.27043808 0.20002208
v 0.13482755 -0.27094188 0.19840993
v 0.13724578 -0.27081257 0.20005903
v 0.13551691 -0.27397139 0.19757278
v 0.13551691 -0.27397139 0.19757278
v 0.13448412 -0.27397139 0.19674571
v 0.13448412 -0.27397139 0.19674571
v 0.13279724 -0.27397139 0.19540644
v 0.13279724 -0.27397139 0.19540644
v 0.13194749 -0.27397139 0.19440724
v 0.13194749 -0.27397139 0.19440724
v 0.13043442 -0.27397139 0.19263387
v 0.13043442 -0.27397139 0.19263387
v 0.12981810 -0.27397139 0.19155994
v 0.12981810 -0.27397139 0.19155994
v 0.13686289 -0.27397139 0.19845947
v 0.13686289 -0.27397139 0.19845947
v 0.13786545 -0.27397139 0.19912112
v 0.13786545 -0.27397139 0.19912112
v 0.13843139 -0.27397139 0.19955103
v 0.13843139 -0.27397139 0.19955103
v 0.13869084 -0.27397139 0.19975339
v 0.13869084 -0.27397139 0.19975339
v 0.13823910 -0.27075211 0.20084076
v 0.13853551 -0.27033984 0.20127822
v 0.13823910 -0.27037678 0.20080381
v 0.13853551 -0.27071517 0.20131517
v 0.13886130 -0.27065807 0.20204316
v 0.13886633 -0.27397139 0.20002292
v 0.13886633 -0.27397139 0.20002292
v 0.13886130 -0.27028274 0.20200705
v 0.13914594 -0.27397139 0.20094404
v 0.13914594 -0.27397139 0.20094404
v 0.13901496 -0.27397139 0.20038230
v 0.13901496 -0.27397139 0.20038230
v 0.13934662 -0.27397139 0.20137478
v 0.13934662 -0.27397139 0.20137478
v 0.13970012 -0.27397139 0.20183072
v 0.13970012 -0.27397139 0.20183072
v 0.14039788 -0.27397139 0.20233704
v 0.14039788 -0.27397139 0.20233704
v 0.14039788 -0.27397139 0.20233704
v 0.14203859 -0.27397139 0.20281313
v 0.14203859 -0.27397139 0.20281313
v 0.13999065 -0.27059258 0.20287946
v 0.13999065 -0.27059258 0.20287946
v 0.14269689 -0.27015511 0.20363936
v 0.13999065 -0.27021725 0.20284336
v 0.13999065 -0.27021725 0.20284336
v 0.14292696 -0.27397139 0.20318342
v 0.14292696 -0.27397139 0.20318342
v 0.16403865 -0.27397139 0.17403025
v 0.16403865 -0.27397139 0.17403025
v 0.16428720 -0.27397139 0.17453069
v 0.16428720 -0.27397139 0.17453069
v 0.16509243 -0.27397139 0.17757028
v 0.16509243 -0.27397139 0.17757028
v 0.16527128 -0.27397139 0.17824537
v 0.16527128 -0.27397139 0.17824537
v 0.15552025 -0.27397139 0.19845947
v 0.15552025 -0.27397139 0.19845947
v 0.15451769 -0.27397139 0.19912112
v 0.15451769 -0.27397139 0.19912112
v 0.15303652 -0.27397139 0.20137478
v 0.15303652 -0.27397139 0.20137478
vn -0.86659521 -0.20929884 0.45299750
vn -0.86659521 -0.20929884 0.45299750
vn 0.00000000 1.00000000 0.00000000
vn -0.82843908 -0.22471060 0.51302420
vn -0.58482517 -0.17190740 0.79273411
vn -0.58482517 -0.17190740 0.79273411
vn -0.58482517 -0.17190740 0.79273411
vn -0.94392176 -0.13500311 0.30130695
vn -0.94392176 -0.13500311 0.30130695
vn -0.88224930 -0.09820549 0.46042573
vn -0.92346197 -0.20959137 0.32138676
vn 0.00000000 1.00000000 0.00000000
vn -0.93241729 -0.21960407 0.28700532
vn 0.00000000 1.00000000 0.00000000
vn -0.86147790 -0.26049332 0.43588882
vn 0.00000000 1.00000000 0.00000000
vn -0.78062714 -0.30891074 0.54331889
vn -0.78062714 -0.30891074 0.54331889
vn -0.70981837 -0.31260809 0.63121634
vn 0.00000000 1.00000000 0.00000000
vn -0.57611619 -0.33330937 0.74632098
vn 0.00000000 1.00000000 0.00000000
vn 0.00000000 1.00000000 0.00000000
vn -0.54466989 -0.33518147 0.76875750
vn -0.55698022 -0.39408601 0.73107404
vn -0.55698022 -0.39408601 0.73107404
vn -0.59759640 -0.63449618 0.49019705
vn -0.53691064 -0.39450782 0.74571478
vn -0.53691064 -0.39450782 0.74571478
vn -0.43689218 -0.72628700 0.53069050
vn -0.39121709 -0.71483122 0.57962532
vn -0.09819552 -0.98595502 0.13509384
vn -0.02370011 -0.99550456 0.09170042
vn -0.04570191 -0.99514163 0.08720365
vn -0.06659686 -0.98665343 0.14859299
vn -0.29391339 -0.94734315 0.12710579
vn -0.34169169 -0.93667721 0.07669813
vn -0.34999263 -0.93388034 0.07329846
vn -0.47030857 -0.87981603 0.06880125
vn -0.47268278 -0.87836801 0.07099741
vn -0.47188891 -0.87457944 0.11149738
vn -0.65200214 -0.75590248 0.05920019
vn -0.65088922 -0.75658747 0.06259896
vn -0.81093872 -0.58332785 0.04590219
vn -0.81230145 -0.58120104 0.04870009
vn -0.67240919 -0.73140999 0.11360155
vn -0.91580033 -0.20580007 0.34490012
vn -0.82801353 -0.55470906 0.08180134
vn -0.99251754 -0.11550204 0.03960070
vn -0.99819934 -0.05799996 0.01529999
vn -0.99656355 -0.06479763 0.05159811
vn -0.97977135 -0.19899418 0.02119938
vn -0.98135723 -0.19149165 0.01639929
vn -0.99846811 -0.05489825 0.00689978
vn -0.99853859 -0.05380208 0.00510020
vn -0.99693042 -0.07710235 0.01360041
vn -0.99764252 -0.06820291 0.00760032
vn -0.99793722 -0.06400239 0.00500019
vn -0.81152262 -0.56201566 0.15990446
vn -0.75977164 -0.63057646 0.15849408
vn -0.81896325 -0.56567462 0.09649567
vn -0.23381182 -0.95784843 0.16690844
vn -0.23381182 -0.95784843 0.16690844
vn -0.22849341 -0.96597214 0.12119650
vn -0.22849341 -0.96597214 0.12119650
vn -0.12179578 -0.98466586 0.12489567
vn -0.12280200 -0.98941608 0.07730126
vn -0.22809442 -0.97067626 0.07589814
vn -0.22809442 -0.97067626 0.07589814
vn -0.12190504 -0.99214105 0.02820117
vn -0.22758874 -0.97335185 0.02809861
vn -0.22758874 -0.97335185 0.02809861
vn -0.76022072 -0.64251751 0.09610262
vn -0.99761530 -0.06900106 0.00160002
vn -0.99663311 -0.08140270 -0.00980033
vn -0.81005364 -0.58616645 0.01489915
vn -0.99562642 -0.08900236 -0.02840075
vn -0.23650270 -0.96931107 -0.06710077
vn -0.23650270 -0.96931107 -0.06710077
vn -0.75339127 -0.65689239 -0.02989965
vn -0.75150606 -0.65590529 -0.07090057
vn -0.99245088 -0.09649522 -0.07569625
vn -0.23139504 -0.96467933 -0.12589730
vn -0.23139504 -0.96467933 -0.12589730
vn -0.12330468 -0.98503741 -0.12040457
vn -0.13089523 -0.97396454 -0.18509326
vn -0.24059088 -0.94836405 -0.20669217
vn -0.24059088 -0.94836405 -0.20669217
vn -0.32899004 -0.67697950 -0.65838006
vn -0.32899004 -0.67697950 -0.65838006
vn -0.22080152 -0.64690444 -0.72990501
vn -0.18310697 -0.19010724 -0.96453672
vn 0.00000000 -0.18579773 -0.98258801
vn 0.00000000 -0.65018177 -0.75977870
vn 0.13089523 -0.97396454 -0.18509326
vn 0.15189653 -0.66428482 -0.73188327
vn 0.00000000 -0.98266440 -0.18539328
vn 0.00000000 -0.99273704 -0.12030449
vn 0.12330468 -0.98503741 -0.12040457
vn 0.25109505 -0.96238104 -0.10379795
vn 0.25109505 -0.96238104 -0.10379795
vn 0.23650270 -0.96931107 -0.06710077
vn 0.23650270 -0.96931107 -0.06710077
vn 0.12099838 -0.99148668 -0.04809935
vn 0.00000000 -0.99881828 -0.04860089
vn 0.12190504 -0.99214105 0.02820117
vn 0.24879862 -0.96729464 0.04939973
vn 0.24879862 -0.96729464 0.04939973
vn 0.24940001 -0.96350005 0.09730000
vn 0.24940001 -0.96350005 0.09730000
vn 0.75707710 -0.64748041 -0.08719736
vn 0.80327511 -0.59418159 -0.04119872
vn 0.99562642 -0.08900236 -0.02840075
vn 0.99663311 -0.08140270 -0.00980033
vn 0.75129888 -0.63479905 -0.18049973
vn 0.99243979 -0.09660387 -0.07570304
vn 0.75200788 -0.62480655 -0.21000220
vn 0.67679906 -0.48729933 -0.55179924
vn 0.25491229 -0.94954579 -0.18270881
vn 0.25491229 -0.94954579 -0.18270881
vn 0.30699327 -0.65978553 -0.68588496
vn 0.30699327 -0.65978553 -0.68588496
vn 0.17790625 -0.19350680 -0.96483391
vn 0.31250861 -0.20320560 -0.92792556
vn 0.31250861 -0.20320560 -0.92792556
vn 0.29569797 -0.16229889 -0.94139353
vn 0.29569797 -0.16229889 -0.94139353
vn 0.78546636 -0.14789367 -0.60097426
vn 0.80281835 -0.12340282 -0.58331333
vn 0.99457784 -0.08149818 -0.06459856
vn 0.99053827 -0.12650489 -0.05320206
vn 0.75669805 -0.22149943 -0.61509842
vn 0.84390295 -0.53480187 -0.04260015
vn 0.36790963 -0.23710621 -0.89912354
vn 0.36790963 -0.23710621 -0.89912354
vn 0.69685728 -0.71295629 -0.07799522
vn 0.71281726 -0.41741011 -0.56361365
vn 0.55461834 -0.64262125 -0.52861748
vn 0.34510936 -0.33790916 -0.87562374
vn 0.34510936 -0.33790916 -0.87562374
vn 0.34510936 -0.33790916 -0.87562374
vn 0.40860596 -0.46000670 -0.78831149
vn 0.40860596 -0.46000670 -0.78831149
vn 0.00000000 1.00000000 0.00000000
vn 0.45822323 -0.47362401 -0.75213813
vn 0.40581949 -0.80523866 -0.43232076
vn 0.45141530 -0.82232787 -0.34641174
vn 0.16589509 -0.46058637 -0.87197420
vn 0.37040599 -0.78761273 -0.49240796
vn 0.33812096 -0.46962911 -0.81555056
vn 0.00000000 1.00000000 0.00000000
vn 0.51358238 -0.52668193 -0.67737676
vn 0.51358238 -0.52668193 -0.67737676
vn 0.62401179 -0.51860980 -0.58451104
vn 0.62401179 -0.51860980 -0.58451104
vn 0.57699873 -0.47079896 -0.66739853
vn 0.00000000 1.00000000 0.00000000
vn 0.00000000 1.00000000 0.00000000
vn 0.52287674 -0.47637881 -0.70686855
vn 0.47738681 -0.77317864 -0.41748847
vn 0.51470726 -0.79131117 -0.33000466
vn 0.10920487 -0.99364427 -0.02730122
vn 0.07389671 -0.99675562 0.03189858
vn 0.05640190 -0.99673355 0.05780195
vn 0.02369956 -0.99768133 0.06379881
vn 0.06690294 -0.99774377 0.00560025
vn 0.09940073 -0.99490733 0.01670012
vn 0.28610312 -0.95801044 0.01900021
vn 0.04580091 -0.99661971 0.06820135
vn 0.01290051 -0.99703936 0.07580299
vn 0.34139189 -0.93737772 0.06909836
vn 0.01959910 -0.99685414 0.07679647
vn 0.01810079 -0.99684329 0.07730336
vn 0.34980485 -0.93401294 0.07250100
vn 0.01109966 -0.99696949 0.07699764
vn 0.04829990 -0.99639804 0.06969986
vn 0.04610012 -0.99590256 0.07780020
vn 0.01070004 -0.99690373 0.07790029
vn 0.02009917 -0.99675880 0.07789678
vn 0.01120031 -0.99682735 0.07880216
vn 0.04830155 -0.99513199 0.08590276
vn 0.05640092 -0.99361629 0.09770160
vn 0.54807162 -0.81855761 0.17199109
vn 0.55221442 -0.83062170 0.07160187
vn 0.88196285 -0.46988021 0.03679845
vn 0.88196285 -0.46988021 0.03679845
vn 0.54568227 -0.83687281 -0.04329859
vn 0.86484877 -0.48392729 -0.13360754
vn 0.86484877 -0.48392729 -0.13360754
vn 0.81580967 -0.49490587 -0.29920355
vn 0.81580967 -0.49490587 -0.29920355
vn 0.00000000 1.00000000 0.00000000
vn 0.90818877 -0.41449487 -0.05819928
vn 0.00000000 1.00000000 0.00000000
vn 0.89272719 -0.42461293 -0.15080459
vn 0.87258433 -0.43039227 -0.23099585
vn 0.00000000 1.00000000 0.00000000
vn 0.00000000 1.00000000 0.00000000
vn 0.83865540 -0.44017659 -0.32078294
vn 0.80226312 -0.44557952 -0.39728174
vn 0.00000000 1.00000000 0.00000000
vn 0.73351840 -0.50811275 -0.45141133
vn 0.73351840 -0.50811275 -0.45141133
vn 0.75351755 -0.45461059 -0.47491106
vn 0.00000000 1.00000000 0.00000000
vn 0.00000000 1.00000000 0.00000000
vn 0.70406711 -0.45897856 -0.54187469
vn 0.63990049 -0.46710036 -0.61020047
vn 0.00000000 1.00000000 0.00000000
vn 0.50719971 -0.84999952 -0.14229992
vn 0.91252085 -0.40820933 0.02590059
vn 0.00000000 1.00000000 0.00000000
vn 0.90953279 -0.39741433 0.12170439
vn 0.00000000 1.00000000 0.00000000
vn 0.89751833 -0.39110799 0.20370416
vn 0.00000000 1.00000000 0.00000000
vn 0.86761816 -0.45190946 0.20740434
vn 0.86761816 -0.45190946 0.20740434
vn 0.87632493 -0.38051083 0.29540840
vn 0.00000000 1.00000000 0.00000000
vn 0.84791693 -0.37430747 0.37540750
vn 0.00000000 1.00000000 0.00000000
vn 0.82048722 -0.43209327 0.37429417
vn 0.82048722 -0.43209327 0.37429417
vn 0.00000000 1.00000000 0.00000000
vn 0.80779405 -0.36419732 0.46349659
vn 0.76554383 -0.35912056 0.53383056
vn 0.00000000 1.00000000 0.00000000
vn 0.00000000 1.00000000 0.00000000
vn 0.71330402 -0.35000197 0.60720342
vn 0.74156406 -0.41657981 0.52587451
vn 0.74156406 -0.41657981 0.52587451
vn 0.63519617 -0.40099758 0.66009602
vn 0.63519617 -0.40099758 0.66009602
vn 0.38580118 -0.81160248 0.43870134
vn 0.56999099 -0.72818849 0.38059399
vn 0.07390285 -0.98963811 0.12310474
vn 0.10929425 -0.97744857 0.18069049
vn 0.54842856 -0.78514088 0.28771498
vn 0.06659686 -0.98665343 0.14859299
vn 0.02370011 -0.99550456 0.09170042
vn 0.44359707 -0.71009531 0.54679639
vn 0.09819552 -0.98595502 0.13509384
vn 0.63056737 -0.65726599 0.41277864
vn 0.46717382 -0.69546102 0.54596940
vn 0.04570191 -0.99514163 0.08720365
vn 0.29391339 -0.94734315 0.12710579
vn 0.34169169 -0.93667721 0.07669813
vn 0.47030857 -0.87981603 0.06880125
vn 0.47268278 -0.87836801 0.07099741
vn 0.34999263 -0.93388034 0.07329846
vn 0.01959980 -0.99668990 0.07889920
vn 0.46690902 -0.88161702 0.06890133
vn 0.31220423 -0.94711284 0.07420101
vn 0.46698721 -0.88157586 0.06889811
vn 0.01809924 -0.99675793 0.07839669
vn 0.28709762 -0.95499209 0.07459938
vn 0.31218390 -0.94715117 0.07379620
vn 0.47038968 -0.87978069 0.06869849
vn 0.45770708 -0.88641371 0.06910107
vn 0.64608093 -0.76097754 0.05909826
vn 0.65212046 -0.75582371 0.05890185
vn 0.81112397 -0.58311723 0.04530134
vn 0.65490826 -0.75340950 0.05890074
vn 0.81063615 -0.58382604 0.04490200
vn 0.98228934 -0.18709797 0.01009989
vn 0.99283163 -0.11940380 -0.00530017
vn 0.81583787 -0.57732680 0.03320154
vn 0.64520526 -0.76250621 0.04790039
vn 0.44130571 -0.89491157 0.06620086
vn 0.46578910 -0.88487929 -0.00539987
vn 0.99766307 -0.06649754 -0.01569942
vn 0.99832088 -0.05780121 -0.00380008
vn 0.99856507 -0.05349813 0.00239992
vn 0.98209287 -0.18789864 0.01369990
vn 0.98958610 -0.14349798 0.01129984
vn 0.81140832 -0.58270597 0.04550047
vn 0.81127588 -0.58288267 0.04559864
vn 0.65517822 -0.75317496 0.05889804
vn 0.65200214 -0.75590248 0.05920019
vn 0.65088922 -0.75658747 0.06259896
vn 0.81089141 -0.58339382 0.04589951
vn 0.98946322 -0.14429464 0.01189956
vn 0.81226607 -0.58127572 0.04839798
vn 0.98135353 -0.19151045 0.01640089
vn 0.99846811 -0.05489825 0.00689978
vn 0.99853322 -0.05390179 0.00510017
vn 0.97975185 -0.19909022 0.02119896
vn 0.99252146 -0.11550250 0.03950085
vn 0.99819934 -0.05799996 0.01529999
vn 0.99693042 -0.07710235 0.01360041
vn 0.99654506 -0.07840355 0.02740124
vn 0.99655840 -0.06479730 0.05169784
vn 0.99407035 -0.07429778 0.07939763
vn 0.96825162 -0.06679666 0.24088796
vn 0.96049663 -0.19099933 0.20239929
vn 0.78058473 -0.30889396 0.54338937
vn 0.78058473 -0.30889396 0.54338937
vn 0.82801353 -0.55470906 0.08180134
vn 0.67240919 -0.73140999 0.11360155
vn 0.93198426 -0.18439689 0.31209473
vn 0.93198426 -0.18439689 0.31209473
vn 0.88506096 -0.20299105 0.41888152
vn 0.88506096 -0.20299105 0.41888152
vn 0.87800688 -0.08630068 0.47080369
vn 0.93241729 -0.21960407 0.28700532
vn 0.00000000 1.00000000 0.00000000
vn 0.00000000 1.00000000 0.00000000
vn 0.92346197 -0.20959137 0.32138676
vn 0.00000000 1.00000000 0.00000000
vn 0.86147790 -0.26049332 0.43588882
vn 0.00000000 1.00000000 0.00000000
vn 0.70986798 -0.31258590 0.63117153
vn 0.57611619 -0.33330937 0.74632098
vn 0.00000000 1.00000000 0.00000000
vn 0.55698022 -0.39408601 0.73107404
vn 0.55698022 -0.39408601 0.73107404
vn 0.54466989 -0.33518147 0.76875750
vn 0.00000000 1.00000000 0.00000000
vn 0.51870835 -0.33540540 0.78641266
vn 0.00000000 1.00000000 0.00000000
vn 0.53691064 -0.39450782 0.74571478
vn 0.53691064 -0.39450782 0.74571478
vn 0.55439527 -0.33649713 0.76119351
vn 0.00000000 1.00000000 0.00000000
vn 0.58708186 -0.33758957 0.73577726
vn 0.00000000 1.00000000 0.00000000
vn 0.65492578 -0.34581361 0.67192645
vn 0.00000000 1.00000000 0.00000000
vn 0.00000000 1.00000000 0.00000000
vn 0.82843908 -0.22471060 0.51302420
vn 0.68714408 -0.21831400 0.69294445
vn 0.00000000 1.00000000 0.00000000
vn 0.43471596 -0.19350710 0.87953228
vn 0.43471596 -0.19350710 0.87953228
vn 0.00000000 1.00000000 0.00000000
vn 0.58482517 -0.17190740 0.79273411
vn 0.58482517 -0.17190740 0.79273411
vn 0.58482517 -0.17190740 0.79273411
vn 0.60540504 -0.29730248 0.73830615
vn 0.60540504 -0.29730248 0.73830615
vn 0.25469199 -0.14179554 0.95656992
vn 0.00000000 1.00000000 0.00000000
vn 0.33609541 -0.16819770 0.92668733
vn 0.00000000 1.00000000 0.00000000
vn 0.24910853 -0.15350526 0.95623275
vn 0.00000000 1.00000000 0.00000000
vn 0.12710562 -0.14150626 0.98174342
vn 0.00000000 1.00000000 0.00000000
vn 0.00000000 -0.13849485 0.99036315
vn -0.00110005 -0.14420684 0.98954696
vn -0.12710562 -0.14150626 0.98174342
vn 0.00000000 1.00000000 0.00000000
vn -0.26039764 -0.14139872 0.95509134
vn 0.00000000 1.00000000 0.00000000
vn -0.24910853 -0.15350526 0.95623275
vn 0.00000000 1.00000000 0.00000000
vn -0.33609541 -0.16819770 0.92668733
vn -0.43471596 -0.19350710 0.87953228
vn -0.43471596 -0.19350710 0.87953228
vn 0.00000000 1.00000000 0.00000000
vn -0.68714408 -0.21831400 0.69294445
vn 0.00000000 1.00000000 0.00000000
vn -0.24659992 -0.16129995 0.95559971
vn -0.67369102 -0.13759817 0.72609032
vn -0.67369102 -0.13759817 0.72609032
vn -0.53581428 -0.03470092 0.84362249
vn -0.53581428 -0.03470092 0.84362249
vn -0.19569887 -0.27779839 0.94049455
vn -0.17530111 -0.69420439 0.69810442
vn -0.76420081 -0.39080041 0.51310054
vn -0.92346989 -0.07639751 0.37598774
vn -0.30469201 -0.63118346 0.71328131
vn -0.30469201 -0.63118346 0.71328131
vn -0.23519754 -0.91699043 0.32219664
vn -0.23519754 -0.91699043 0.32219664
vn -0.81382060 -0.52731335 0.24420618
vn -0.12129576 -0.93696722 0.32768853
vn -0.11629674 -0.95847312 0.26039270
vn 0.00000000 -0.94506332 0.32688731
vn -0.22040143 -0.94080609 0.25750167
vn -0.22040143 -0.94080609 0.25750167
vn -0.75562805 -0.61042266 0.23750882
vn -0.99654506 -0.07840355 0.02740124
vn -0.99407035 -0.07429778 0.07939763
vn -0.96823889 -0.06690269 0.24090968
vn 0.00000000 -0.96477074 0.26309202
vn 0.00000000 -0.70825577 0.70595592
vn 0.11700410 -0.93673283 0.32991156
vn 0.19369122 -0.67696930 0.71006780
vn 0.11629674 -0.95847312 0.26039270
vn 0.11889417 -0.97365226 0.19459046
vn 0.24111027 -0.93053963 0.27561174
vn 0.24111027 -0.93053963 0.27561174
vn 0.23378943 -0.95785668 0.16689245
vn 0.23378943 -0.95785668 0.16689245
vn 0.12179578 -0.98466586 0.12489567
vn 0.24929729 -0.95798959 0.14179846
vn 0.24929729 -0.95798959 0.14179846
vn 0.70681326 -0.69501304 0.13180247
vn 0.75749878 -0.65239895 -0.02389996
vn 0.99764252 -0.06820291 0.00760032
vn 0.81281921 -0.58081373 0.04450105
vn 0.99793722 -0.06400239 0.00500019
vn 0.99856980 -0.05329839 0.00419987
vn 0.99761530 -0.06900106 0.00160002
vn 0.75342650 -0.65192293 0.08570301
vn 0.22789894 -0.91339577 0.33729844
vn 0.22789894 -0.91339577 0.33729844
vn 0.78499480 -0.60279601 0.14289905
vn 0.76420081 -0.39080041 0.51310054
vn 0.29268129 -0.63865917 0.71165450
vn 0.29268129 -0.63865917 0.71165450
vn 0.57750493 -0.03790032 0.81550697
vn 0.57750493 -0.03790032 0.81550697
vn 0.24609910 -0.15789942 0.95629650
vn 0.92346989 -0.07639751 0.37598774
vn 0.24540844 -0.24810854 0.93713225
vn 0.00000000 -0.16600422 0.98612504
vn 0.00000000 -0.26000216 0.96560803
vn 0.12270350 -0.98942823 0.07730221
vn 0.00000000 -0.99696141 0.07789699
vn 0.00000000 -0.99960511 0.02810014
vn 0.00000000 -0.99202976 0.12600378
vn 0.00000000 -0.98034148 0.19730835
vn -0.11889417 -0.97365226 0.19459046
vn 0.47200791 -0.87451465 0.11150187
vn 0.01290025 -0.99671928 0.07990155
vn 0.00000000 1.00000000 0.00000000
vn 0.25279440 -0.47448948 -0.84318131
vn 0.00000000 1.00000000 0.00000000
vn 0.17650433 -0.48251184 -0.85792106
vn 0.00000000 1.00000000 0.00000000
vn 0.08999936 -0.48189659 -0.87159382
vn 0.00000000 -0.47172458 -0.88174595
vn 0.00000000 -0.48390987 -0.87511784
vn 0.00000000 1.00000000 0.00000000
vn -0.08999936 -0.48189659 -0.87159382
vn 0.00000000 1.00000000 0.00000000
vn -0.17650433 -0.48251184 -0.85792106
vn 0.00000000 1.00000000 0.00000000
vn -0.25279440 -0.47448948 -0.84318131
vn 0.00000000 1.00000000 0.00000000
vn -0.16379476 -0.46228521 -0.87147212
vn -0.41140541 -0.45560600 -0.78941039
vn -0.41140541 -0.45560600 -0.78941039
vn -0.18249276 -0.35088609 -0.91846358
vn -0.18249276 -0.35088609 -0.91846358
vn -0.32528858 -0.31368899 -0.89206869
vn -0.32528858 -0.31368899 -0.89206869
vn -0.32528858 -0.31368899 -0.89206869
vn -0.36790963 -0.23710621 -0.89912354
vn -0.36790963 -0.23710621 -0.89912354
vn -0.71750559 -0.37040289 -0.58990460
vn -0.63863137 -0.53662636 -0.55152709
vn -0.69680584 -0.71300598 -0.07800065
vn -0.82249743 -0.21759932 -0.52549836
vn -0.84382902 -0.53491840 -0.04260147
vn -0.76456040 -0.19618984 -0.61396820
vn -0.32539283 -0.13369705 -0.93607938
vn -0.32539283 -0.13369705 -0.93607938
vn -0.99053827 -0.12650489 -0.05320206
vn -0.99457784 -0.08149818 -0.06459856
vn -0.99283110 -0.11940374 -0.00540017
vn -0.81583787 -0.57732680 0.03320154
vn -0.81058882 -0.58389195 0.04489938
vn -0.65439887 -0.75389870 0.05829990
vn -0.65951357 -0.75041544 0.04380090
vn -0.44869348 -0.89098706 0.06939899
vn -0.43092073 -0.89994330 0.06640319
vn -0.46578935 -0.88487976 -0.00529988
vn -0.28610366 -0.95801225 0.01890024
vn -0.34139189 -0.93737772 0.06909836
vn -0.34980485 -0.93401294 0.07250100
vn -0.01959910 -0.99685414 0.07679647
vn -0.31218390 -0.94715117 0.07379620
vn -0.01810079 -0.99684329 0.07730336
vn -0.01070004 -0.99690373 0.07790029
vn -0.02009917 -0.99675880 0.07789678
vn -0.01119964 -0.99696838 0.07699756
vn -0.04610012 -0.99590256 0.07780020
vn -0.04829990 -0.99639804 0.06969986
vn -0.01290051 -0.99703936 0.07580299
vn -0.05640190 -0.99673355 0.05780195
vn -0.02369941 -0.99767496 0.06389840
vn -0.04570111 -0.99662427 0.06820166
vn -0.09940073 -0.99490733 0.01670012
vn -0.06690294 -0.99774377 0.00560025
vn -0.41711985 -0.76613646 -0.48892327
vn -0.35792258 -0.86205438 -0.35882263
vn -0.44597807 -0.82525942 -0.34648296
vn -0.10920487 -0.99364427 -0.02730122
vn -0.51358238 -0.52668193 -0.67737676
vn -0.51358238 -0.52668193 -0.67737676
vn -0.53010387 -0.76020555 -0.37560274
vn -0.07389671 -0.99675562 0.03189858
vn -0.62401179 -0.51860980 -0.58451104
vn -0.62401179 -0.51860980 -0.58451104
vn -0.53521378 -0.79392044 -0.28850743
vn -0.55219452 -0.82099185 -0.14509856
vn -0.73351840 -0.50811275 -0.45141133
vn -0.73351840 -0.50811275 -0.45141133
vn -0.81584311 -0.49486549 -0.29917914
vn -0.81584311 -0.49486549 -0.29917914
vn -0.75351755 -0.45461059 -0.47491106
vn 0.00000000 1.00000000 0.00000000
vn -0.80226312 -0.44557952 -0.39728174
vn 0.00000000 1.00000000 0.00000000
vn -0.83869231 -0.44009596 -0.32079706
vn 0.00000000 1.00000000 0.00000000
vn -0.87258433 -0.43039227 -0.23099585
vn 0.00000000 1.00000000 0.00000000
vn -0.89272719 -0.42461293 -0.15080459
vn 0.00000000 1.00000000 0.00000000
vn -0.86484877 -0.48392729 -0.13360754
vn -0.86484877 -0.48392729 -0.13360754
vn 0.00000000 1.00000000 0.00000000
vn -0.90818877 -0.41449487 -0.05819928
vn -0.91252085 -0.40820933 0.02590059
vn 0.00000000 1.00000000 0.00000000
vn 0.00000000 1.00000000 0.00000000
vn -0.90953279 -0.39741433 0.12170439
vn -0.88196285 -0.46988021 0.03679845
vn -0.88196285 -0.46988021 0.03679845
vn -0.54811414 -0.81842111 0.17250445
vn -0.55243791 -0.83165707 0.05620386
vn -0.86761816 -0.45190946 0.20740434
vn -0.86761816 -0.45190946 0.20740434
vn -0.82048722 -0.43209327 0.37429417
vn -0.82048722 -0.43209327 0.37429417
vn -0.54469412 -0.78179156 0.30349673
vn 0.00000000 1.00000000 0.00000000
vn -0.89751833 -0.39110799 0.20370416
vn 0.00000000 1.00000000 0.00000000
vn -0.87632493 -0.38051083 0.29540840
vn -0.84791693 -0.37430747 0.37540750
vn 0.00000000 1.00000000 0.00000000
vn 0.00000000 1.00000000 0.00000000
vn -0.80779405 -0.36419732 0.46349659
vn 0.00000000 1.00000000 0.00000000
vn -0.76554383 -0.35912056 0.53383056
vn -0.74155805 -0.41663261 0.52584116
vn -0.74155805 -0.41663261 0.52584116
vn 0.00000000 1.00000000 0.00000000
vn -0.71330402 -0.35000197 0.60720342
vn 0.00000000 1.00000000 0.00000000
vn -0.65492578 -0.34581361 0.67192645
vn -0.58708186 -0.33758957 0.73577726
vn 0.00000000 1.00000000 0.00000000
vn -0.63519617 -0.40099758 0.66009602
vn -0.63519617 -0.40099758 0.66009602
vn -0.44981069 -0.67821611 0.58111380
vn -0.45808314 -0.81007018 0.36598653
vn -0.10930493 -0.97744411 0.18070816
vn -0.07390194 -0.98962592 0.12320323
vn -0.05640092 -0.99361629 0.09770160
vn -0.01290025 -0.99671928 0.07990155
vn -0.01130030 -0.99682623 0.07880207
vn -0.04830155 -0.99513199 0.08590276
vn -0.01809924 -0.99675793 0.07839669
vn -0.28709548 -0.95498496 0.07469882
vn -0.31220423 -0.94711284 0.07420101
vn -0.01959965 -0.99668203 0.07899858
vn -0.46698721 -0.88157586 0.06889811
vn -0.46690902 -0.88161702 0.06890133
vn -0.65517822 -0.75317496 0.05889804
vn -0.65528849 -0.75308677 0.05879897
vn -0.81142668 -0.58271916 0.04500148
vn -0.81112397 -0.58311723 0.04530134
vn -0.65518592 -0.75318382 0.05869874
vn -0.46679287 -0.88168652 0.06879895
vn -0.98209287 -0.18789864 0.01369990
vn -0.98227095 -0.18719446 0.01009970
vn -0.99766307 -0.06649754 -0.01569942
vn -0.99832626 -0.05770152 -0.00390010
vn -0.99856530 -0.05349814 0.00229992
vn -0.98958610 -0.14349798 0.01129984
vn -0.99859670 -0.05279983 0.00409999
vn -0.98946322 -0.14429464 0.01189956
vn -0.81127588 -0.58288267 0.04559864
vn 0.00000000 1.00000000 0.00000000
vn -0.55439527 -0.33649713 0.76119351
vn 0.00000000 1.00000000 0.00000000
vn -0.51870835 -0.33540540 0.78641266
vn -0.54352404 -0.83833708 -0.04210186
vn -0.70406711 -0.45897856 -0.54187469
vn 0.00000000 1.00000000 0.00000000
vn -0.63990049 -0.46710036 -0.61020047
vn 0.00000000 1.00000000 0.00000000
vn 0.00000000 1.00000000 0.00000000
vn -0.57699873 -0.47079896 -0.66739853
vn -0.52287674 -0.47637881 -0.70686855
vn 0.00000000 1.00000000 0.00000000
vn -0.45822323 -0.47362401 -0.75213813
vn 0.00000000 1.00000000 0.00000000
vn 0.00000000 1.00000000 0.00000000
vn -0.33812096 -0.46962911 -0.81555056
vn -0.78681240 -0.17450275 -0.59200933
vn -0.31850565 -0.19130340 -0.92841648
vn -0.31850565 -0.19130340 -0.92841648
vn -0.72100875 -0.53570650 -0.43950533
vn -0.17149718 -0.15829740 -0.97238400
vn -0.16699301 -0.16199322 -0.97255927
vn 0.00000000 -0.15550551 -0.98783502
vn 0.17159423 -0.15829468 -0.97236732
vn 0.16339904 -0.16599902 -0.97249426
vn -0.00110003 -0.15930466 -0.98722886
vn 0.00000000 -0.32291011 -0.94642964
vn 0.00000000 -0.32291011 -0.94642964
vn 0.14479902 -0.38379741 -0.91199385
vn 0.14479902 -0.38379741 -0.91199385
vn -0.12099838 -0.99148668 -0.04809935
vn -0.03159976 -0.04259967 0.99859237
vn -0.19939260 0.02239917 0.97966365
vn 0.00000000 0.09729565 0.99525552
vn 0.16419794 -0.07609904 0.98348766
vn 0.00000000 -1.00000000 0.00000000
vn -0.12049499 -0.14369402 0.98225912
vn 0.00000000 -0.13859292 0.99034943
vn 0.00000000 -1.00000000 0.00000000
vn 0.12049499 -0.14369402 0.98225912
vn 0.00000000 -1.00000000 0.00000000
vn 0.24420349 -0.15340219 0.95751367
vn 0.00000000 -1.00000000 0.00000000
vn 0.31890085 -0.17280046 0.93190249
vn 0.00000000 -1.00000000 0.00000000
vn 0.42759281 -0.19319675 0.88308516
vn 0.00000000 -1.00000000 0.00000000
vn 0.42759281 -0.19319675 0.88308516
vn 0.67079972 -0.21529991 0.70969971
vn 0.00000000 -1.00000000 0.00000000
vn 0.35118482 -0.05019783 0.93495957
vn 0.35118482 -0.05019783 0.93495957
vn 0.77637611 -0.12729608 0.61728101
vn 0.18819210 0.09569598 0.97745896
vn 0.41809711 0.11499921 0.90109377
vn 0.41809711 0.11499921 0.90109377
vn 0.74988877 0.06369905 0.65849014
vn 0.88870201 0.04470010 0.45630103
vn 0.88391401 -0.16780266 0.43650692
vn 0.92455168 -0.22438827 0.30798391
vn 0.00000000 -1.00000000 0.00000000
vn 0.00000000 -1.00000000 0.00000000
vn 0.92541644 -0.20930372 0.31590561
vn 0.84413017 -0.26960963 0.46341656
vn 0.00000000 -1.00000000 0.00000000
vn 0.69366101 -0.18678950 0.69566090
vn 0.59029475 -0.03799966 0.80629283
vn 0.00000000 -1.00000000 0.00000000
vn 0.68941373 -0.31660631 0.65151298
vn 0.57473538 -0.33362054 0.74724600
vn 0.00000000 -1.00000000 0.00000000
vn 0.69850864 0.06960086 0.71220881
vn 0.58137370 0.07929641 0.80976336
vn 0.60580661 0.07770085 0.79180864
vn 0.52631866 -0.19540693 0.82752934
vn 0.63711108 -0.20280353 0.74361294
vn 0.55351834 -0.33651115 0.76182524
vn 0.00000000 -1.00000000 0.00000000
vn 0.00000000 -1.00000000 0.00000000
vn 0.58628189 -0.33788956 0.73627725
vn 0.64951523 -0.34530810 0.67741589
vn 0.00000000 -1.00000000 0.00000000
vn 0.71297673 -0.35018857 0.60748017
vn 0.00000000 -1.00000000 0.00000000
vn 0.76034795 -0.35832260 0.54173417
vn 0.00000000 -1.00000000 0.00000000
vn 0.00000000 -1.00000000 0.00000000
vn 0.80793308 -0.36411491 0.46331897
vn 0.76433750 -0.21581059 0.60762981
vn 0.71095932 0.06879606 0.69985995
vn 0.83301892 0.05390122 0.55061251
vn 0.86281242 -0.23110333 0.44960647
vn 0.92923836 -0.24841025 0.27351129
vn 0.92373398 0.03730137 0.38121403
vn 0.00000000 -1.00000000 0.00000000
vn 0.84368978 -0.37329548 0.38579533
vn 0.87629904 -0.38049958 0.29549968
vn 0.00000000 -1.00000000 0.00000000
vn 0.00000000 -1.00000000 0.00000000
vn 0.89535113 -0.38997871 0.21508826
vn 0.00000000 -1.00000000 0.00000000
vn 0.90952172 -0.39740949 0.12180291
vn 0.00000000 -1.00000000 0.00000000
vn 0.91264150 -0.40701851 0.03770171
vn 0.90822641 -0.41441205 -0.05820169
vn 0.00000000 -1.00000000 0.00000000
vn 0.95985119 -0.26631420 0.08810470
vn 0.95360671 -0.28410200 -0.09960070
vn 1.00000000 0.00000000 0.00010000
vn 0.98073685 0.01900071 0.19440730
vn 0.98069870 -0.01899997 -0.19459974
vn 0.91071881 -0.30120622 -0.28260584
vn 0.92373743 -0.03720151 -0.38121545
vn 0.83113023 -0.05430197 -0.55342013
vn 0.83299460 -0.31709794 -0.45339706
vn 0.72351738 -0.33110795 -0.60571455
vn 0.00000000 -1.00000000 0.00000000
vn 0.75884111 -0.45392459 -0.46702530
vn 0.70388407 -0.45888962 -0.54218773
vn 0.00000000 -1.00000000 0.00000000
vn 0.00000000 -1.00000000 0.00000000
vn 0.64632331 -0.46641682 -0.60392178
vn 0.57654255 -0.47043472 -0.66804930
vn 0.00000000 -1.00000000 0.00000000
vn 0.52898431 -0.47568589 -0.70277915
vn 0.00000000 -1.00000000 0.00000000
vn 0.00000000 -1.00000000 0.00000000
vn 0.44877854 -0.46967755 -0.76026365
vn 0.58981155 -0.33840663 -0.73321436
vn 0.55502218 -0.08150326 -0.82783308
vn 0.70660576 -0.06930057 -0.70420574
vn 0.42711041 -0.34420839 -0.83612038
vn 0.24948814 -0.35348320 -0.90155715
vn 0.38238391 -0.09049619 -0.91956130
vn 0.00000000 -1.00000000 0.00000000
vn 0.34421005 -0.46941370 -0.81312374
vn 0.25741089 -0.47652016 -0.84063557
vn 0.00000000 -1.00000000 0.00000000
vn 0.17819650 -0.48249053 -0.85758317
vn 0.00000000 -1.00000000 0.00000000
vn 0.08989934 -0.48209646 -0.87149361
vn 0.00000000 -1.00000000 0.00000000
vn 0.00000000 -1.00000000 0.00000000
vn 0.00000000 -0.48410537 -0.87500971
vn 0.00000000 -0.41019835 -0.91199633
vn 0.00000000 -1.00000000 0.00000000
vn -0.08989934 -0.48209646 -0.87149361
vn -0.18550509 -0.37921040 -0.90652487
vn 0.00000000 -1.00000000 0.00000000
vn -0.17820510 -0.48241381 -0.85762455
vn -0.25740152 -0.47640281 -0.84070496
vn 0.00000000 -1.00000000 0.00000000
vn 0.00000000 -1.00000000 0.00000000
vn -0.34421005 -0.46941370 -0.81312374
vn -0.36540208 -0.37310212 -0.85280486
vn -0.53320354 -0.36810244 -0.76170505
vn -0.55520650 -0.08150095 -0.82770969
vn -0.38250445 -0.09050105 -0.91951069
vn -0.19460615 -0.09540302 -0.97623087
vn 0.00000000 -0.09750345 -0.99523519
vn 0.19490821 -0.09570403 -0.97614114
vn -0.70655600 -0.06929569 -0.70425615
vn -0.67342450 -0.36081313 -0.64522347
vn -0.83113023 -0.05430197 -0.55342013
vn -0.92378041 -0.03739921 -0.38109192
vn -0.79187359 -0.34748841 -0.50218325
vn -0.91664874 -0.14790786 -0.37131974
vn -0.75888352 -0.45389015 -0.46698986
vn 0.00000000 -1.00000000 0.00000000
vn -0.70388407 -0.45888962 -0.54218773
vn 0.00000000 -1.00000000 0.00000000
vn -0.64631442 -0.46631040 -0.60401348
vn 0.00000000 -1.00000000 0.00000000
vn 0.00000000 -1.00000000 0.00000000
vn -0.57657079 -0.47037617 -0.66806615
vn -0.52898431 -0.47568589 -0.70277915
vn 0.00000000 -1.00000000 0.00000000
vn -0.44879962 -0.46959960 -0.76029936
vn 0.00000000 -1.00000000 0.00000000
vn 0.00000000 -1.00000000 0.00000000
vn -0.80236248 -0.44557916 -0.39708143
vn 0.00000000 -1.00000000 0.00000000
vn -0.84288489 -0.43919213 -0.31089443
vn -0.87258433 -0.43039227 -0.23099585
vn 0.00000000 -1.00000000 0.00000000
vn -0.97410739 -0.13010099 -0.18490140
vn 0.00000000 -1.00000000 0.00000000
vn -0.89499732 -0.42359873 -0.13979958
vn -0.90822641 -0.41441205 -0.05820169
vn 0.00000000 -1.00000000 0.00000000
vn -0.99373183 -0.11150357 0.00800026
vn 0.00000000 -1.00000000 0.00000000
vn -0.91263806 -0.40701697 0.03780158
vn 0.00000000 -1.00000000 0.00000000
vn -0.90952172 -0.39740949 0.12180291
vn -0.97516680 -0.09279684 0.20109315
vn 0.00000000 -1.00000000 0.00000000
vn -0.89538604 -0.38989392 0.21509665
vn -0.87629904 -0.38049958 0.29549968
vn 0.00000000 -1.00000000 0.00000000
vn 0.00000000 -1.00000000 0.00000000
vn -0.84368978 -0.37329548 0.38579533
vn -0.91909927 -0.07459994 0.38689969
vn -0.82899101 -0.05849937 0.55619397
vn -0.83301892 0.05390122 0.55061251
vn -0.92378386 0.03729935 0.38109334
vn -0.98073685 0.01900071 0.19440730
vn -1.00000000 0.00000000 -0.00010000
vn -0.98071778 -0.01900034 -0.19450353
vn -0.71095932 0.06879606 0.69985995
vn -0.70612185 -0.04400136 0.70672187
vn -0.60580661 0.07770085 0.79180864
vn -0.58130749 0.07930102 0.80981044
vn -0.57832495 -0.22510971 0.78413383
vn -0.62315786 -0.20278629 0.75534893
vn -0.55351834 -0.33651115 0.76182524
vn 0.00000000 -1.00000000 0.00000000
vn 0.00000000 -1.00000000 0.00000000
vn -0.58628189 -0.33788956 0.73627725
vn 0.00000000 -1.00000000 0.00000000
vn -0.64951523 -0.34530810 0.67741589
vn -0.71297673 -0.35018857 0.60748017
vn 0.00000000 -1.00000000 0.00000000
vn -0.76034795 -0.35832260 0.54173417
vn 0.00000000 -1.00000000 0.00000000
vn -0.80793308 -0.36411491 0.46331897
vn 0.00000000 -1.00000000 0.00000000
vn -0.51870835 -0.33540540 0.78641266
vn 0.00000000 -1.00000000 0.00000000
vn -0.54430475 -0.33520293 0.76900672
vn 0.00000000 -1.00000000 0.00000000
vn 0.00000000 -1.00000000 0.00000000
vn -0.57480235 -0.33360136 0.74720305
vn -0.68941373 -0.31660631 0.65151298
vn 0.00000000 -1.00000000 0.00000000
vn -0.73627661 -0.21119329 0.64287958
vn -0.88870201 0.04470010 0.45630103
vn -0.69850864 0.06960086 0.71220881
vn -0.86063120 -0.05050183 0.50671837
vn -0.78865744 -0.08029567 0.60956710
vn 0.00000000 -1.00000000 0.00000000
vn -0.84413017 -0.26960963 0.46341656
vn -0.73328745 0.06619887 0.67668842
vn -0.92544568 -0.20931033 0.31581559
vn 0.00000000 -1.00000000 0.00000000
vn -0.92455168 -0.22438827 0.30798391
vn 0.00000000 -1.00000000 0.00000000
vn 0.00000000 -1.00000000 0.00000000
vn -0.83542096 -0.22350561 0.50211260
vn 0.00000000 -1.00000000 0.00000000
vn -0.67090233 -0.21530075 0.70960246
vn -0.42759281 -0.19319675 0.88308516
vn 0.00000000 -1.00000000 0.00000000
vn -0.42759281 -0.19319675 0.88308516
vn -0.31890085 -0.17280046 0.93190249
vn 0.00000000 -1.00000000 0.00000000
vn -0.43521154 -0.15130401 0.88752353
vn -0.43521154 -0.15130401 0.88752353
vn -0.18819210 0.09569598 0.97745896
vn -0.48221472 0.10000305 0.87032658
vn -0.48221472 0.10000305 0.87032658
vn 0.00000000 -1.00000000 0.00000000
vn -0.24420349 -0.15340219 0.95751367
vn 0.00000000 -1.00000000 0.00000000
vn 0.80232685 -0.44561491 -0.39711329
vn 0.84288489 -0.43919213 -0.31089443
vn 0.00000000 -1.00000000 0.00000000
vn 0.00000000 -1.00000000 0.00000000
vn 0.87258433 -0.43039227 -0.23099585
vn 0.00000000 -1.00000000 0.00000000
vn 0.89499732 -0.42359873 -0.13979958
vn 0.00000000 -1.00000000 0.00000000
vn 0.51870835 -0.33540540 0.78641266
vn 0.54430475 -0.33520293 0.76900672
vn 0.00000000 -1.00000000 0.00000000
vn 0.83540228 -0.22360061 0.50210137
vn 0.00000000 -1.00000000 0.00000000
vt 0.74283600 0.05199900
vt 0.19202400 0.01293700
vt 0.59145500 0.71545500
vt 0.74648800 0.03398200
vt 0.74744300 0.05402700
vt 0.62038400 0.08125900
vt 0.19425300 0.00800100
vt 0.19269900 0.01837800
vt 0.73775600 0.05278100
vt 0.21131100 0.01786200
vt 0.74497000 0.03387500
vt 0.59133800 0.70812700
vt 0.74300300 0.03378500
vt 0.59125800 0.69814900
vt 0.74167000 0.03369500
vt 0.59116700 0.69176800
vt 0.19010100 0.01982700
vt 0.73526900 0.05028700
vt 0.74063400 0.03358900
vt 0.59106400 0.68719000
vt 0.73951700 0.03337400
vt 0.59090600 0.68359000
vt 0.59057600 0.67630000
vt 0.73727000 0.03290500
vt 0.18778200 0.02047900
vt 0.73326700 0.04828700
vt 0.18997300 0.02460800
vt 0.17980500 0.02520300
vt 0.72486900 0.04504200
vt 0.18746200 0.02566500
vt 0.18192100 0.02966100
vt 0.18626500 0.03037900
vt 0.17852900 0.04177100
vt 0.18554000 0.03932200
vt 0.18080600 0.03366900
vt 0.18889100 0.02896200
vt 0.18875600 0.03816200
vt 0.18890400 0.05026800
vt 0.19141900 0.04982200
vt 0.19131100 0.03722000
vt 0.19083300 0.02797400
vt 0.19262600 0.04964600
vt 0.19256600 0.03684900
vt 0.19384500 0.04950600
vt 0.19382700 0.03654500
vt 0.19233700 0.02717700
vt 0.19444200 0.02246100
vt 0.19395700 0.02669400
vt 0.19591600 0.02619600
vt 0.21732400 0.03593000
vt 0.21582300 0.02555100
vt 0.19640100 0.03608800
vt 0.19638600 0.04929400
vt 0.21845300 0.04922200
vt 0.21901500 0.06292900
vt 0.23430300 0.04922800
vt 0.23529700 0.06293300
vt 0.23554400 0.07684300
vt 0.24028100 0.04921500
vt 0.24142400 0.06292800
vt 0.24170900 0.07684300
vt 0.53958000 0.08440900
vt 0.24357900 0.04887100
vt 0.52453000 0.08466900
vt 0.24474600 0.06281200
vt 0.52457100 0.09308800
vt 0.50956300 0.09332900
vt 0.50942400 0.08491000
vt 0.24503800 0.07684300
vt 0.49455100 0.09357700
vt 0.49431200 0.08515900
vt 0.24475000 0.09088200
vt 0.24142900 0.09075400
vt 0.23530300 0.09075200
vt 0.23429200 0.10419600
vt 0.24026300 0.10417600
vt 0.23222300 0.11671700
vt 0.24354300 0.10458700
vt 0.47951900 0.08542600
vt 0.23790700 0.11665700
vt 0.23554900 0.12574200
vt 0.23019500 0.12599700
vt 0.24108300 0.11756500
vt 0.46523100 0.08572400
vt 0.46486400 0.09409400
vt 0.45352500 0.09447400
vt 0.23835500 0.12731500
vt 0.45412200 0.08616500
vt 0.23618100 0.13123500
vt 0.44914600 0.08661000
vt 0.44900600 0.09480900
vt 0.44250900 0.09437200
vt 0.44294300 0.10517900
vt 0.44903700 0.10507900
vt 0.45387200 0.11553400
vt 0.44934500 0.11534700
vt 0.45322800 0.10501000
vt 0.46472200 0.10482000
vt 0.46521800 0.11554000
vt 0.26489700 0.11756700
vt 0.46586000 0.12389100
vt 0.26243500 0.10458900
vt 0.48015000 0.12371800
vt 0.48000200 0.11531700
vt 0.47982200 0.10457100
vt 0.49490500 0.11507400
vt 0.49494400 0.12349600
vt 0.26122700 0.09088400
vt 0.26093500 0.07684300
vt 0.51005600 0.12324900
vt 0.26454800 0.09075400
vt 0.26571200 0.10417500
vt 0.27375300 0.11671800
vt 0.27168600 0.10419500
vt 0.26807100 0.11665900
vt 0.27578300 0.12599800
vt 0.27043000 0.12574400
vt 0.27150500 0.12897200
vt 0.26762600 0.12731700
vt 0.45474300 0.12381800
vt 0.26979800 0.13123900
vt 0.44975500 0.12353700
vt 0.44286500 0.11599800
vt 0.44273100 0.12449100
vt 0.27591600 0.13293600
vt 0.29150800 0.13409600
vt 0.42557200 0.12525200
vt 0.27659200 0.12976300
vt 0.29112400 0.13064400
vt 0.29002400 0.12666900
vt 0.30991600 0.12715000
vt 0.31029500 0.13096300
vt 0.31197900 0.12679300
vt 0.30871500 0.13384200
vt 0.40661500 0.12759400
vt 0.31368400 0.12666900
vt 0.31254700 0.13129500
vt 0.31453500 0.13072100
vt 0.31204200 0.13506400
vt 0.40196000 0.12809700
vt 0.54856300 0.04846700
vt 0.31595600 0.13481400
vt 0.54495000 0.04527700
vt 0.60197800 0.09231800
vt 0.53225800 0.01900600
vt 0.31855200 0.12849800
vt 0.31622200 0.12938600
vt 0.55720700 0.04271800
vt 0.32419800 0.12430700
vt 0.54370000 0.01788700
vt 0.60007200 0.06136600
vt 0.53195300 0.04384300
vt 0.32617600 0.12894700
vt 0.33452800 0.12101600
vt 0.51959800 0.04421800
vt 0.52024400 0.02017000
vt 0.60369700 0.13456300
vt 0.60210100 0.09461700
vt 0.53131500 0.01910600
vt 0.33123500 0.11763500
vt 0.33765600 0.10911800
vt 0.33064300 0.11597900
vt 0.33461700 0.10958100
vt 0.33905700 0.09960600
vt 0.32769200 0.11187100
vt 0.32547200 0.12007700
vt 0.31998000 0.12344100
vt 0.31737300 0.12483600
vt 0.32067600 0.11439100
vt 0.33008000 0.10113900
vt 0.31742600 0.11557600
vt 0.32106100 0.10275700
vt 0.32132700 0.09006300
vt 0.31719100 0.10346300
vt 0.33157700 0.08925900
vt 0.34181100 0.08847600
vt 0.34274500 0.07675700
vt 0.33208100 0.07680200
vt 0.32140300 0.07684200
vt 0.33151100 0.06434800
vt 0.34174400 0.06504300
vt 0.33891900 0.05392500
vt 0.34595500 0.06526100
vt 0.34710300 0.07673900
vt 0.46958200 0.04493700
vt 0.35187800 0.07672300
vt 0.34602400 0.08821900
vt 0.35073400 0.08894700
vt 0.48200600 0.04479200
vt 0.49453100 0.04463300
vt 0.34731400 0.10070100
vt 0.60697500 0.36620900
vt 0.47226200 0.02506300
vt 0.60686300 0.31559400
vt 0.48151500 0.02402600
vt 0.48426700 0.02376800
vt 0.60675000 0.30320900
vt 0.60627800 0.25139800
vt 0.49400900 0.02270800
vt 0.49625500 0.02251000
vt 0.60612000 0.24210000
vt 0.34175100 0.11150500
vt 0.50708600 0.04446500
vt 0.50648300 0.02145800
vt 0.60526000 0.19157500
vt 0.60509100 0.18517200
vt 0.50824600 0.02130800
vt 0.51892000 0.02028100
vt 0.60385300 0.13849800
vt 0.34282600 0.09917700
vt 0.46901100 0.02537600
vt 0.60700800 0.38148200
vt 0.46022500 0.02639600
vt 0.60679000 0.42890200
vt 0.45653700 0.02677600
vt 0.60670900 0.44650100
vt 0.35065900 0.06449800
vt 0.45741200 0.04514500
vt 0.44821300 0.02781400
vt 0.60621400 0.48918500
vt 0.44416300 0.02832300
vt 0.60599300 0.50819400
vt 0.34715600 0.05275600
vt 0.44557800 0.04562800
vt 0.60526700 0.54502400
vt 0.43632200 0.02974400
vt 0.43196100 0.03047800
vt 0.60488900 0.56421200
vt 0.60400500 0.59430000
vt 0.42467100 0.03205700
vt 0.34148700 0.04197900
vt 0.43404600 0.04665000
vt 0.33425400 0.03266400
vt 0.42300700 0.04818000
vt 0.33095500 0.03604100
vt 0.33742300 0.04441000
vt 0.33438600 0.04398000
vt 0.33034500 0.03766400
vt 0.34268300 0.05431700
vt 0.32516800 0.03366800
vt 0.32744800 0.04177000
vt 0.32405400 0.02966200
vt 0.31970900 0.03037900
vt 0.31599800 0.02460800
vt 0.31851500 0.02566600
vt 0.32043400 0.03932300
vt 0.31708400 0.02896100
vt 0.31721600 0.03816200
vt 0.31455700 0.04982200
vt 0.31466500 0.03722000
vt 0.31707400 0.05026900
vt 0.32092500 0.05094200
vt 0.31451400 0.06315900
vt 0.31701300 0.06332500
vt 0.31451400 0.07686500
vt 0.32126500 0.06362500
vt 0.31701100 0.07685800
vt 0.31706600 0.09039600
vt 0.31455900 0.09057500
vt 0.31465600 0.10391500
vt 0.31342100 0.10407800
vt 0.31335700 0.09063700
vt 0.31214500 0.09067900
vt 0.31332500 0.07686300
vt 0.31217400 0.10419100
vt 0.30960300 0.10437000
vt 0.30957800 0.11745600
vt 0.31221100 0.11709300
vt 0.31352900 0.11685200
vt 0.31483200 0.11651200
vt 0.31536700 0.12582900
vt 0.28869200 0.11708600
vt 0.28753200 0.10429900
vt 0.28696000 0.09076200
vt 0.30960600 0.09074500
vt 0.30960000 0.07685100
vt 0.31212600 0.07685800
vt 0.31212200 0.06303900
vt 0.31332300 0.06309200
vt 0.31334900 0.04964600
vt 0.31341200 0.03685000
vt 0.31213000 0.04950600
vt 0.30959700 0.06295900
vt 0.31214700 0.03654500
vt 0.30959100 0.04929300
vt 0.28752300 0.04922000
vt 0.28696000 0.06293000
vt 0.30957400 0.03608800
vt 0.31005900 0.02619600
vt 0.28864900 0.03593000
vt 0.27167200 0.04922600
vt 0.27367500 0.03594300
vt 0.29015300 0.02555300
vt 0.27579600 0.02555100
vt 0.29180900 0.02049800
vt 0.31153300 0.02246200
vt 0.40251600 0.05573200
vt 0.31587300 0.01982700
vt 0.31201800 0.02669400
vt 0.31363700 0.02717800
vt 0.31327700 0.01837700
vt 0.40010200 0.05829700
vt 0.39499800 0.05766000
vt 0.31394700 0.01293800
vt 0.29466300 0.01786200
vt 0.39431300 0.03945800
vt 0.59979000 0.69814900
vt 0.59971000 0.70812700
vt 0.39234800 0.03960400
vt 0.59988100 0.69176800
vt 0.39564300 0.03933000
vt 0.59998400 0.68719000
vt 0.39667400 0.03919400
vt 0.39778600 0.03895000
vt 0.60014200 0.68359000
vt 0.40446500 0.05368100
vt 0.31819200 0.02047900
vt 0.40002100 0.03841900
vt 0.60047200 0.67630000
vt 0.40400500 0.03731200
vt 0.60108500 0.66455000
vt 0.32616800 0.02520200
vt 0.41277100 0.05019500
vt 0.40900400 0.03591300
vt 0.60186900 0.64952100
vt 0.41346200 0.03476600
vt 0.60250100 0.63481100
vt 0.42015000 0.03300700
vt 0.60348500 0.61211100
vt 0.59959300 0.71545500
vt 0.39083400 0.03975600
vt 0.38891000 0.04007700
vt 0.59937700 0.72355000
vt 0.38618700 0.04067600
vt 0.64375400 0.12473600
vt 0.59896800 0.73218300
vt 0.31172100 0.00800000
vt 0.62107700 0.12323600
vt 0.39045500 0.05982100
vt 0.60126700 0.12222800
vt 0.29397700 0.01172400
vt 0.62069800 0.11386100
vt 0.59800600 0.74028800
vt 0.64382800 0.11825800
vt 0.59746500 0.74686000
vt 0.64396400 0.11446900
vt 0.59621400 0.75085300
vt 0.64376000 0.10650700
vt 0.59552400 0.75371000
vt 0.64372400 0.10186700
vt 0.62047000 0.10225100
vt 0.64360600 0.09723000
vt 0.59483400 0.75085300
vt 0.62031500 0.09064200
vt 0.59358300 0.74686000
vt 0.64354800 0.08926700
vt 0.59304100 0.74028800
vt 0.64328700 0.08548400
vt 0.75115900 0.03476700
vt 0.64300000 0.07901200
vt 0.59208000 0.73218300
vt 0.74842300 0.03424700
vt 0.59167100 0.72355000
vt 0.59902700 0.09182500
vt 0.21199800 0.01172500
vt 0.60061800 0.08291900
vt 0.58218500 0.08297100
vt 0.22797200 0.01638800
vt 0.58164200 0.09257700
vt 0.57401400 0.09274800
vt 0.23424800 0.02129400
vt 0.22894500 0.02046000
vt 0.23588600 0.01877400
vt 0.57332400 0.08458300
vt 0.56683700 0.08405200
vt 0.23845100 0.02420700
vt 0.23557700 0.02568900
vt 0.56758700 0.09241900
vt 0.55507400 0.09251500
vt 0.56814500 0.10311400
vt 0.55461000 0.08408800
vt 0.24121800 0.03513900
vt 0.23798800 0.03588900
vt 0.23229700 0.03594300
vt 0.23017800 0.02555000
vt 0.21416400 0.02049800
vt 0.55546300 0.10332300
vt 0.57446200 0.10301000
vt 0.56794000 0.11382400
vt 0.57435300 0.11328200
vt 0.55543100 0.11414300
vt 0.54003500 0.11433900
vt 0.55524500 0.12257900
vt 0.26475600 0.03513900
vt 0.26239800 0.04887000
vt 0.54021300 0.12275500
vt 0.52492500 0.11457400
vt 0.52516200 0.12299100
vt 0.26123200 0.06281300
vt 0.26569300 0.04921400
vt 0.26455400 0.06292900
vt 0.27067800 0.06293200
vt 0.26426700 0.07684200
vt 0.27043300 0.07684300
vt 0.28682400 0.07684600
vt 0.27067300 0.09075200
vt 0.26798900 0.03589200
vt 0.26752600 0.02420700
vt 0.56746700 0.12221200
vt 0.27039500 0.02568900
vt 0.27172700 0.02129500
vt 0.57393300 0.12146700
vt 0.27009000 0.01877400
vt 0.58284200 0.12278600
vt 0.27800000 0.01638900
vt 0.59938200 0.11338200
vt 0.27702800 0.02046000
vt 0.58198300 0.11320000
vt 0.59920000 0.10260200
vt 0.58186200 0.10288800
vt 0.50991700 0.11482700
vt 0.50974000 0.10407800
vt 0.49479300 0.10432400
vt 0.52468800 0.10383100
vt 0.53983700 0.10358100
vt 0.53968000 0.09282500
vt 0.31514200 0.02797400
vt 0.32993800 0.05247800
vt 0.59995700 0.06039100
vt 0.54440600 0.01783800
vt 0.59784300 0.04105800
vt 0.55602800 0.01689300
vt 0.59775600 0.04079600
vt 0.55654000 0.01687400
vt 0.56881000 0.04238000
vt 0.56835100 0.01639900
vt 0.59552400 0.03409100
vt 0.58016900 0.01645100
vt 0.59329200 0.04079600
vt 0.58068200 0.01645300
vt 0.59320500 0.04105800
vt 0.59233200 0.01698100
vt 0.59109100 0.06039100
vt 0.58041800 0.04230100
vt 0.19002500 0.13481400
vt 0.59275600 0.04442100
vt 0.58003800 0.04704500
vt 0.40058900 0.09389000
vt 0.58926000 0.04774000
vt 0.19394400 0.13506300
vt 0.40122600 0.08363100
vt 0.19726800 0.13384000
vt 0.40589500 0.08397800
vt 0.19344000 0.13129500
vt 0.19144800 0.13072100
vt 0.19229300 0.12666800
vt 0.19569100 0.13095900
vt 0.19399600 0.12679500
vt 0.21485700 0.13064300
vt 0.42492000 0.08569200
vt 0.21447700 0.13409400
vt 0.19606100 0.12714600
vt 0.21595600 0.12666700
vt 0.19639800 0.11745500
vt 0.19376500 0.11709400
vt 0.19380000 0.10419300
vt 0.19255200 0.10407800
vt 0.19244600 0.11685200
vt 0.19132500 0.10391400
vt 0.19114600 0.11651200
vt 0.19061400 0.12583200
vt 0.18860500 0.12483600
vt 0.18855400 0.11557600
vt 0.18878700 0.10346200
vt 0.18491500 0.10275800
vt 0.18891000 0.09039600
vt 0.18465000 0.09006300
vt 0.17389400 0.07680200
vt 0.18457200 0.07684300
vt 0.17439800 0.08926100
vt 0.16323300 0.07676000
vt 0.16416800 0.08847600
vt 0.17589700 0.10113900
vt 0.16692100 0.09960600
vt 0.17828600 0.11187300
vt 0.18530100 0.11439300
vt 0.18599700 0.12344200
vt 0.18050700 0.12007900
vt 0.18742800 0.12850000
vt 0.18178200 0.12430800
vt 0.18976200 0.12938700
vt 0.17533700 0.11598300
vt 0.17980300 0.12894900
vt 0.60568600 0.04253100
vt 0.17474200 0.11763600
vt 0.17136300 0.10958200
vt 0.17145000 0.12101800
vt 0.61803300 0.04247600
vt 0.16832200 0.10912100
vt 0.16315300 0.09917900
vt 0.16422900 0.11150700
vt 0.63053400 0.04230100
vt 0.64307900 0.04205000
vt 0.15866500 0.10070300
vt 0.63036000 0.01928800
vt 0.58578700 0.19157500
vt 0.64061900 0.01999900
vt 0.58492800 0.24210000
vt 0.64286900 0.02012100
vt 0.58477000 0.25139800
vt 0.65264300 0.02086100
vt 0.58429800 0.30320900
vt 0.65540000 0.02102800
vt 0.58418500 0.31559400
vt 0.65559600 0.04179600
vt 0.15524300 0.08894900
vt 0.58407300 0.36620900
vt 0.66468300 0.02175800
vt 0.66794000 0.02196400
vt 0.58404000 0.38148200
vt 0.58425800 0.42890200
vt 0.67675700 0.02269500
vt 0.15410000 0.07672500
vt 0.66801000 0.04153300
vt 0.16002100 0.06526300
vt 0.15887200 0.07674100
vt 0.68016600 0.04134100
vt 0.15531700 0.06450100
vt 0.15882000 0.05275700
vt 0.69198900 0.04144700
vt 0.16329100 0.05431700
vt 0.58433900 0.44650100
vt 0.68045100 0.02295300
vt 0.58483400 0.48918600
vt 0.68880800 0.02372300
vt 0.69286500 0.02410300
vt 0.58505500 0.50819400
vt 0.58578100 0.54502400
vt 0.70074800 0.02529000
vt 0.58615900 0.56421200
vt 0.70512100 0.02589000
vt 0.70352600 0.04211600
vt 0.16448700 0.04198100
vt 0.58704300 0.59430000
vt 0.71245700 0.02725100
vt 0.58756300 0.61211100
vt 0.71699800 0.02806900
vt 0.72373600 0.02963600
vt 0.58854700 0.63481100
vt 0.17172000 0.03266600
vt 0.71458900 0.04332200
vt 0.17501800 0.03604000
vt 0.16855200 0.04441000
vt 0.17563000 0.03766600
vt 0.17159000 0.04398100
vt 0.16705800 0.05392600
vt 0.17603600 0.05248100
vt 0.17446300 0.06434800
vt 0.16423300 0.06504600
vt 0.18471000 0.06362600
vt 0.18896600 0.07685900
vt 0.18896500 0.06332600
vt 0.18504900 0.05094300
vt 0.19146200 0.07686400
vt 0.19146200 0.06315900
vt 0.19265300 0.06309200
vt 0.19265100 0.07686400
vt 0.19384900 0.07685800
vt 0.19383100 0.09067900
vt 0.19261800 0.09063600
vt 0.19141900 0.09057400
vt 0.19637100 0.09074400
vt 0.19637300 0.10436900
vt 0.21728600 0.11708500
vt 0.21844700 0.10429900
vt 0.21901700 0.09076200
vt 0.19637600 0.07685100
vt 0.21915200 0.07684600
vt 0.19638000 0.06295800
vt 0.19385300 0.06303900
vt 0.58917900 0.64952100
vt 0.72822100 0.03065600
vt 0.58996300 0.66455000
vt 0.73325800 0.03191200
vt 0.15995400 0.08822200
vt 0.62859400 0.01919700
vt 0.58595700 0.18517200
vt 0.61788900 0.01852700
vt 0.58719500 0.13849800
vt 0.58735100 0.13456300
vt 0.61656400 0.01846200
vt 0.60546000 0.01778400
vt 0.58894700 0.09461700
vt 0.60451500 0.01771700
vt 0.58907000 0.09231800
vt 0.59097600 0.06136600
vt 0.59303900 0.01700500
vt 0.22939000 0.12976300
vt 0.23006600 0.13293400
vt 0.44209500 0.08588800
vt 0.23447400 0.12897000
vt 0.42516200 0.09440100
vt 0.40761400 0.09424800
vt 0.42561400 0.10546500
vt 0.42552800 0.11654000
vt 0.40799400 0.11727000
vt 0.40787800 0.10575800
vt 0.56889600 0.04713600
vt 0.40078600 0.10587500
vt 0.40098400 0.11786000
vt 0.55775400 0.04744500
vt 0.47964700 0.09382900
vt 0.65910300 0.10161300
vt 0.65887400 0.08836000
vt 0.66072000 0.10158700
vt 0.65931200 0.11487000
vt 0.59485000 0.75112400
vt 0.64397200 0.09733300
vt 0.64408700 0.10186100
vt 0.59552400 0.75391400
vt 0.64412200 0.10639100
vt 0.59619800 0.75112400
vt 0.64433000 0.11447800
vt 0.59746800 0.74706800
vt 0.64419600 0.11817700
vt 0.59799700 0.74065300
vt 0.38611800 0.04036600
vt 0.59897400 0.73241600
vt 0.64412200 0.12476000
vt 0.38888500 0.03975600
vt 0.59939000 0.72364400
vt 0.38333400 0.02787700
vt 0.65891600 0.12573900
vt 0.38789700 0.02712500
vt 0.66093900 0.11498600
vt 0.38311000 0.02646800
vt 0.66053300 0.12580500
vt 0.38777200 0.02573000
vt 0.39043500 0.02568500
vt 0.39051000 0.02708000
vt 0.39421700 0.03914700
vt 0.59979700 0.69856500
vt 0.59972000 0.70829200
vt 0.39230200 0.03929000
vt 0.39551400 0.03902200
vt 0.59988600 0.69234500
vt 0.39236000 0.02698000
vt 0.39647700 0.02624700
vt 0.59999100 0.68768100
vt 0.39656500 0.03888400
vt 0.39764800 0.03864600
vt 0.60014500 0.68417200
vt 0.39218500 0.02557500
vt 0.39619600 0.02487200
vt 0.40559600 0.02276400
vt 0.40589800 0.02413600
vt 0.41802000 0.02170500
vt 0.40892100 0.03559600
vt 0.60188000 0.64992300
vt 0.60249600 0.63560900
vt 0.41325800 0.03447900
vt 0.42008800 0.03268300
vt 0.60350000 0.61242500
vt 0.42448000 0.03176000
vt 0.60400600 0.59512500
vt 0.43191900 0.03014900
vt 0.60490700 0.56442400
vt 0.60527400 0.54583400
vt 0.43614400 0.02943800
vt 0.43060100 0.01992700
vt 0.41776600 0.02031900
vt 0.43041300 0.01853300
vt 0.44337600 0.01870100
vt 0.45613300 0.01828800
vt 0.44325500 0.01722300
vt 0.60601400 0.50829500
vt 0.44413600 0.02799000
vt 0.44804500 0.02749800
vt 0.60622600 0.48994500
vt 0.60673100 0.44648200
vt 0.45652100 0.02644100
vt 0.60680900 0.42957900
vt 0.46006300 0.02607600
vt 0.60703100 0.38134000
vt 0.46900100 0.02503800
vt 0.47210200 0.02474000
vt 0.60699900 0.36677000
vt 0.46879600 0.01804800
vt 0.48136900 0.01787800
vt 0.46873300 0.01668100
vt 0.45605800 0.01693800
vt 0.48132300 0.01648800
vt 0.49389000 0.01771600
vt 0.49385200 0.01631300
vt 0.50634100 0.01613000
vt 0.50638100 0.01754300
vt 0.51883600 0.01732500
vt 0.60528000 0.19106400
vt 0.50647400 0.02111400
vt 0.50808200 0.02097700
vt 0.60512500 0.18522400
vt 0.60386900 0.13787500
vt 0.51891000 0.01993500
vt 0.52007900 0.01983700
vt 0.60373100 0.13440100
vt 0.53130700 0.01875800
vt 0.60211200 0.09389300
vt 0.60200900 0.09196400
vt 0.53209800 0.01867400
vt 0.53126000 0.01693900
vt 0.53118800 0.01554900
vt 0.51878800 0.01593400
vt 0.54362900 0.01632900
vt 0.55597300 0.01569500
vt 0.54355400 0.01493400
vt 0.60007900 0.06062100
vt 0.54368400 0.01754100
vt 0.54423300 0.01750300
vt 0.59999000 0.05986200
vt 0.55601200 0.01654500
vt 0.59784800 0.04026800
vt 0.55637600 0.01653200
vt 0.59778600 0.04008300
vt 0.59552400 0.03328600
vt 0.56834500 0.01605000
vt 0.56833200 0.01532400
vt 0.59326200 0.04008300
vt 0.58032200 0.01610300
vt 0.58069400 0.01525300
vt 0.59320000 0.04026800
vt 0.58068600 0.01610400
vt 0.59249300 0.01664000
vt 0.59105800 0.05986200
vt 0.59096900 0.06062100
vt 0.59304200 0.01665800
vt 0.59305500 0.01544500
vt 0.60544000 0.01561600
vt 0.60546300 0.01422500
vt 0.59308100 0.01405000
vt 0.58069800 0.01384900
vt 0.56830600 0.01391900
vt 0.55591900 0.01429300
vt 0.61787300 0.01417500
vt 0.61787100 0.01557000
vt 0.63032300 0.01395700
vt 0.64281300 0.01372400
vt 0.63033000 0.01537100
vt 0.64282200 0.01512800
vt 0.63035700 0.01894300
vt 0.58576800 0.19106400
vt 0.62874700 0.01886000
vt 0.58592300 0.18522400
vt 0.61788700 0.01818000
vt 0.58717900 0.13787500
vt 0.58731700 0.13440100
vt 0.61671700 0.01812300
vt 0.60545700 0.01743500
vt 0.58893500 0.09389300
vt 0.60466400 0.01738000
vt 0.58903900 0.09196400
vt 0.58489600 0.24234500
vt 0.64077000 0.01966500
vt 0.58474900 0.25100600
vt 0.64286600 0.01977900
vt 0.65279200 0.02053000
vt 0.58426900 0.30362600
vt 0.65534200 0.01487900
vt 0.58416300 0.31532600
vt 0.65539700 0.02068800
vt 0.66483100 0.02142900
vt 0.58404900 0.36677000
vt 0.66791400 0.01463200
vt 0.58401700 0.38134000
vt 0.66793900 0.02162600
vt 0.58423900 0.42957900
vt 0.67690800 0.02237000
vt 0.68058300 0.01445700
vt 0.58431700 0.44648200
vt 0.68045600 0.02261800
vt 0.68896600 0.02340200
vt 0.58482100 0.48994500
vt 0.58503400 0.50829500
vt 0.69288200 0.02376900
vt 0.69335200 0.01445900
vt 0.70616200 0.01530300
vt 0.70630900 0.01390400
vt 0.69342500 0.01297700
vt 0.68061300 0.01310600
vt 0.66793400 0.01326600
vt 0.65534300 0.01348600
vt 0.71900600 0.01531800
vt 0.71879200 0.01670700
vt 0.73124600 0.01741000
vt 0.74070100 0.01925400
vt 0.73098500 0.01879200
vt 0.74046200 0.02063700
vt 0.72829500 0.03033600
vt 0.58916800 0.64992300
vt 0.58855200 0.63560900
vt 0.72393200 0.02934400
vt 0.58754800 0.61242500
vt 0.71704900 0.02774300
vt 0.71263900 0.02694900
vt 0.58704200 0.59512500
vt 0.70515400 0.02556000
vt 0.58614100 0.56442400
vt 0.70091700 0.02497800
vt 0.58577400 0.54583400
vt 0.73344400 0.03162000
vt 0.58996900 0.66528500
vt 0.73735200 0.03258700
vt 0.59056600 0.67673100
vt 0.59090300 0.68417200
vt 0.73964600 0.03306600
vt 0.74073500 0.03327500
vt 0.59105700 0.68768100
vt 0.74459600 0.02125600
vt 0.74648100 0.01990900
vt 0.74473200 0.01984700
vt 0.74645000 0.02130400
vt 0.74906500 0.02127200
vt 0.59116200 0.69234500
vt 0.74179000 0.03338400
vt 0.74914200 0.01986900
vt 0.74500700 0.03355900
vt 0.59132800 0.70829200
vt 0.74308900 0.03347100
vt 0.59125100 0.69856500
vt 0.59144800 0.71574900
vt 0.74655200 0.03366800
vt 0.59165800 0.72364400
vt 0.74843800 0.03392600
vt 0.75121900 0.03445500
vt 0.59207400 0.73241600
vt 0.64336700 0.07897500
vt 0.64365800 0.08555300
vt 0.59305100 0.74065300
vt 0.75364300 0.02189100
vt 0.65812000 0.07750900
vt 0.66049700 0.08818800
vt 0.75382700 0.02047800
vt 0.65973400 0.07739100
vt 0.59358000 0.74706800
vt 0.64391300 0.08924500
vt 0.60615200 0.24234500
vt 0.49609300 0.02218200
vt 0.49400100 0.02236600
vt 0.60629900 0.25100600
vt 0.60677900 0.30362600
vt 0.48410600 0.02344200
vt 0.60688500 0.31532600
vt 0.48150600 0.02368600
vt 0.60107900 0.66528500
vt 0.40381000 0.03702500
vt 0.39992900 0.03810400
vt 0.60048200 0.67673100
vt 0.39076200 0.03944400
vt 0.59960000 0.71574900
f 1/1/1 5/5/5 362/362/362
f 362/362/362 4/4/4 1/1/1
f 1/1/1 4/4/4 11/11/11
f 10/10/10 7/7/7 2/2/2
f 9/9/9 1/1/1 11/11/11
f 11/11/11 13/13/13 9/9/9
f 2/2/2 8/8/8 10/10/10
f 333/333/333 330/330/330 308/308/308
f 333/333/333 308/308/308 307/307/307
f 333/333/333 307/307/307 310/310/310
f 333/333/333 310/310/310 312/312/312
f 333/333/333 312/312/312 315/315/315
f 333/333/333 315/315/315 319/319/319
f 333/333/333 319/319/319 321/321/321
f 333/333/333 321/321/321 325/325/325
f 333/333/333 325/325/325 327/327/327
f 333/333/333 327/327/327 329/329/329
f 333/333/333 329/329/329 229/229/229
f 333/333/333 229/229/229 228/228/228
f 333/333/333 228/228/228 225/225/225
f 333/333/333 225/225/225 222/222/222
f 333/333/333 222/222/222 220/220/220
f 333/333/333 220/220/220 216/216/216
f 333/333/333 216/216/216 214/214/214
f 333/333/333 214/214/214 212/212/212
f 333/333/333 212/212/212 192/192/192
f 333/333/333 192/192/192 194/194/194
f 333/333/333 194/194/194 197/197/197
f 333/333/333 197/197/197 198/198/198
f 333/333/333 198/198/198 201/201/201
f 333/333/333 201/201/201 205/205/205
f 333/333/333 205/205/205 206/206/206
f 333/333/333 206/206/206 209/209/209
f 333/333/333 209/209/209 157/157/157
f 333/333/333 157/157/157 158/158/158
f 333/333/333 158/158/158 144/144/144
f 333/333/333 144/144/144 151/151/151
f 333/333/333 151/151/151 429/429/429
f 333/333/333 429/429/429 431/431/431
f 333/333/333 431/431/431 433/433/433
f 333/333/333 433/433/433 437/437/437
f 333/333/333 437/437/437 439/439/439
f 333/333/333 439/439/439 441/441/441
f 333/333/333 441/441/441 443/443/443
f 333/333/333 443/443/443 596/596/596
f 333/333/333 596/596/596 595/595/595
f 333/333/333 595/595/595 593/593/593
f 333/333/333 593/593/593 590/590/590
f 333/333/333 590/590/590 589/589/589
f 333/333/333 589/589/589 587/587/587
f 333/333/333 587/587/587 506/506/506
f 333/333/333 506/506/506 508/508/508
f 333/333/333 508/508/508 510/510/510
f 333/333/333 510/510/510 512/512/512
f 333/333/333 512/512/512 514/514/514
f 333/333/333 514/514/514 517/517/517
f 333/333/333 517/517/517 520/520/520
f 333/333/333 520/520/520 521/521/521
f 333/333/333 521/521/521 532/532/532
f 333/333/333 532/532/532 534/534/534
f 333/333/333 534/534/534 537/537/537
f 333/333/333 537/537/537 538/538/538
f 333/333/333 538/538/538 540/540/540
f 333/333/333 540/540/540 544/544/544
f 333/333/333 544/544/544 546/546/546
f 333/333/333 546/546/546 549/549/549
f 333/333/333 549/549/549 581/581/581
f 333/333/333 581/581/581 583/583/583
f 333/333/333 583/583/583 23/23/23
f 333/333/333 23/23/23 22/22/22
f 333/333/333 22/22/22 20/20/20
f 333/333/333 20/20/20 16/16/16
f 333/333/333 16/16/16 14/14/14
f 333/333/333 14/14/14 12/12/12
f 333/333/333 12/12/12 3/3/3
f 333/333/333 3/3/3 363/363/363
f 333/333/333 363/363/363 361/361/361
f 333/333/333 361/361/361 357/357/357
f 333/333/333 357/357/357 355/355/355
f 333/333/333 355/355/355 353/353/353
f 333/333/333 353/353/353 349/349/349
f 333/333/333 349/349/349 347/347/347
f 333/333/333 347/347/347 345/345/345
f 333/333/333 345/345/345 343/343/343
f 333/333/333 343/343/343 336/336/336
f 18/18/18 9/9/9 13/13/13
f 13/13/13 15/15/15 18/18/18
f 18/18/18 15/15/15 19/19/19
f 26/26/26 18/18/18 19/19/19
f 19/19/19 21/21/21 26/26/26
f 26/26/26 21/21/21 24/24/24
f 27/27/27 25/25/25 30/30/30
f 27/27/27 17/17/17 25/25/25
f 28/28/28 30/30/30 25/25/25
f 584/584/584 29/29/29 26/26/26
f 26/26/26 24/24/24 584/584/584
f 27/27/27 30/30/30 32/32/32
f 28/28/28 31/31/31 30/30/30
f 31/31/31 32/32/32 30/30/30
f 33/33/33 32/32/32 35/35/35
f 33/33/33 34/34/34 32/32/32
f 27/27/27 32/32/32 36/36/36
f 37/37/37 32/32/32 34/34/34
f 31/31/31 35/35/35 32/32/32
f 37/37/37 36/36/36 32/32/32
f 40/40/40 36/36/36 37/37/37
f 39/39/39 37/37/37 38/38/38
f 38/38/38 37/37/37 34/34/34
f 39/39/39 40/40/40 37/37/37
f 40/40/40 41/41/41 36/36/36
f 41/41/41 40/40/40 43/43/43
f 40/40/40 39/39/39 42/42/42
f 40/40/40 42/42/42 43/43/43
f 44/44/44 43/43/43 42/42/42
f 44/44/44 45/45/45 43/43/43
f 45/45/45 46/46/46 43/43/43
f 41/41/41 43/43/43 46/46/46
f 48/48/48 47/47/47 46/46/46
f 47/47/47 27/27/27 46/46/46
f 27/27/27 41/41/41 46/46/46
f 45/45/45 48/48/48 46/46/46
f 48/48/48 49/49/49 47/47/47
f 45/45/45 49/49/49 48/48/48
f 49/49/49 50/50/50 51/51/51
f 49/49/49 52/52/52 50/50/50
f 47/47/47 49/49/49 51/51/51
f 45/45/45 52/52/52 49/49/49
f 45/45/45 53/53/53 52/52/52
f 52/52/52 53/53/53 54/54/54
f 52/52/52 54/54/54 50/50/50
f 53/53/53 55/55/55 54/54/54
f 54/54/54 55/55/55 57/57/57
f 50/50/50 54/54/54 56/56/56
f 54/54/54 57/57/57 56/56/56
f 55/55/55 58/58/58 57/57/57
f 60/60/60 57/57/57 58/58/58
f 57/57/57 59/59/59 56/56/56
f 57/57/57 60/60/60 59/59/59
f 65/65/65 60/60/60 61/61/61
f 60/60/60 58/58/58 61/61/61
f 60/60/60 63/63/63 59/59/59
f 60/60/60 65/65/65 63/63/63
f 67/67/67 66/66/66 64/64/64
f 66/66/66 62/62/62 64/64/64
f 67/67/67 64/64/64 68/68/68
f 65/65/65 61/61/61 69/69/69
f 70/70/70 68/68/68 71/71/71
f 70/70/70 67/67/67 68/68/68
f 73/73/73 72/72/72 69/69/69
f 73/73/73 69/69/69 61/61/61
f 73/73/73 74/74/74 75/75/75
f 74/74/74 73/73/73 61/61/61
f 72/72/72 73/73/73 76/76/76
f 73/73/73 75/75/75 76/76/76
f 77/77/77 76/76/76 75/75/75
f 77/77/77 80/80/80 76/76/76
f 80/80/80 78/78/78 76/76/76
f 72/72/72 76/76/76 78/78/78
f 83/83/83 80/80/80 81/81/81
f 80/80/80 82/82/82 81/81/81
f 80/80/80 77/77/77 82/82/82
f 80/80/80 83/83/83 78/78/78
f 86/86/86 85/85/85 84/84/84
f 85/85/85 79/79/79 84/84/84
f 86/86/86 84/84/84 88/88/88
f 83/83/83 81/81/81 87/87/87
f 91/91/91 86/86/86 88/88/88
f 81/81/81 89/89/89 87/87/87
f 91/91/91 88/88/88 90/90/90
f 91/91/91 92/92/92 93/93/93
f 92/92/92 91/91/91 90/90/90
f 86/86/86 91/91/91 94/94/94
f 91/91/91 93/93/93 94/94/94
f 95/95/95 94/94/94 96/96/96
f 95/95/95 97/97/97 94/94/94
f 96/96/96 94/94/94 93/93/93
f 86/86/86 94/94/94 97/97/97
f 99/99/99 98/98/98 97/97/97
f 85/85/85 97/97/97 98/98/98
f 99/99/99 97/97/97 95/95/95
f 85/85/85 86/86/86 97/97/97
f 104/104/104 98/98/98 99/99/99
f 95/95/95 101/101/101 99/99/99
f 99/99/99 101/101/101 103/103/103
f 99/99/99 103/103/103 104/104/104
f 104/104/104 105/105/105 98/98/98
f 106/106/106 105/105/105 104/104/104
f 104/104/104 103/103/103 107/107/107
f 104/104/104 107/107/107 106/106/106
f 111/111/111 109/109/109 108/108/108
f 106/106/106 107/107/107 110/110/110
f 108/108/108 112/112/112 111/111/111
f 108/108/108 102/102/102 112/112/112
f 113/113/113 112/112/112 115/115/115
f 113/113/113 114/114/114 112/112/112
f 111/111/111 112/112/112 114/114/114
f 115/115/115 112/112/112 102/102/102
f 115/115/115 116/116/116 113/113/113
f 115/115/115 117/117/117 116/116/116
f 100/100/100 117/117/117 115/115/115
f 115/115/115 102/102/102 100/100/100
f 118/118/118 116/116/116 117/117/117
f 117/117/117 121/121/121 118/118/118
f 100/100/100 119/119/119 117/117/117
f 117/117/117 119/119/119 121/121/121
f 96/96/96 122/122/122 120/120/120
f 118/118/118 121/121/121 125/125/125
f 123/123/123 122/122/122 96/96/96
f 123/123/123 124/124/124 122/122/122
f 129/129/129 125/125/125 126/126/126
f 127/127/127 124/124/124 123/123/123
f 118/118/118 125/125/125 128/128/128
f 129/129/129 128/128/128 125/125/125
f 130/130/130 128/128/128 129/129/129
f 131/131/131 130/130/130 129/129/129
f 132/132/132 129/129/129 126/126/126
f 131/131/131 129/129/129 132/132/132
f 132/132/132 136/136/136 133/133/133
f 133/133/133 131/131/131 132/132/132
f 137/137/137 132/132/132 134/134/134
f 132/132/132 126/126/126 134/134/134
f 132/132/132 137/137/137 136/136/136
f 137/137/137 142/142/142 138/138/138
f 138/138/138 136/136/136 137/137/137
f 137/137/137 134/134/134 139/139/139
f 137/137/137 139/139/139 142/142/142
f 150/150/150 145/145/145 143/143/143
f 145/145/145 159/159/159 152/152/152
f 152/152/152 143/143/143 145/145/145
f 147/147/147 142/142/142 146/146/146
f 149/149/149 146/146/146 142/142/142
f 147/147/147 138/138/138 142/142/142
f 148/148/148 143/143/143 141/141/141
f 430/430/430 150/150/150 143/143/143
f 143/143/143 148/148/148 430/430/430
f 149/149/149 142/142/142 153/153/153
f 153/153/153 154/154/154 160/160/160
f 156/156/156 208/208/208 155/155/155
f 155/155/155 152/152/152 156/156/156
f 159/159/159 156/156/156 152/152/152
f 153/153/153 160/160/160 149/149/149
f 163/163/163 160/160/160 161/161/161
f 161/161/161 160/160/160 154/154/154
f 149/149/149 160/160/160 162/162/162
f 163/163/163 162/162/162 160/160/160
f 161/161/161 164/164/164 163/163/163
f 165/165/165 163/163/163 164/164/164
f 166/166/166 163/163/163 165/165/165
f 166/166/166 162/162/162 163/163/163
f 149/149/149 162/162/162 166/166/166
f 166/166/166 167/167/167 146/146/146
f 165/165/165 167/167/167 166/166/166
f 166/166/166 146/146/146 149/149/149
f 168/168/168 167/167/167 169/169/169
f 146/146/146 167/167/167 168/168/168
f 165/165/165 169/169/169 167/167/167
f 168/168/168 169/169/169 171/171/171
f 170/170/170 169/169/169 165/165/165
f 170/170/170 172/172/172 169/169/169
f 171/171/171 169/169/169 172/172/172
f 175/175/175 172/172/172 170/170/170
f 174/174/174 172/172/172 173/173/173
f 175/175/175 173/173/173 172/172/172
f 171/171/171 172/172/172 174/174/174
f 170/170/170 176/176/176 175/175/175
f 175/175/175 176/176/176 177/177/177
f 175/175/175 177/177/177 178/178/178
f 178/178/178 173/173/173 175/175/175
f 178/178/178 179/179/179 173/173/173
f 180/180/180 179/179/179 178/178/178
f 178/178/178 181/181/181 180/180/180
f 178/178/178 177/177/177 181/181/181
f 183/183/183 182/182/182 181/181/181
f 180/180/180 181/181/181 182/182/182
f 181/181/181 184/184/184 183/183/183
f 181/181/181 177/177/177 184/184/184
f 188/188/188 186/186/186 184/184/184
f 183/183/183 184/184/184 186/186/186
f 188/188/188 184/184/184 187/187/187
f 187/187/187 184/184/184 177/177/177
f 211/211/211 185/185/185 189/189/189
f 189/189/189 193/193/193 211/211/211
f 187/187/187 191/191/191 188/188/188
f 195/195/195 189/189/189 190/190/190
f 190/190/190 196/196/196 195/195/195
f 189/189/189 195/195/195 193/193/193
f 190/190/190 199/199/199 196/196/196
f 199/199/199 190/190/190 203/203/203
f 203/203/203 200/200/200 199/199/199
f 203/203/203 204/204/204 200/200/200
f 204/204/204 203/203/203 155/155/155
f 155/155/155 207/207/207 204/204/204
f 155/155/155 208/208/208 207/207/207
f 202/202/202 191/191/191 210/210/210
f 161/161/161 154/154/154 202/202/202
f 202/202/202 210/210/210 161/161/161
f 187/187/187 210/210/210 191/191/191
f 161/161/161 210/210/210 164/164/164
f 176/176/176 164/164/164 210/210/210
f 176/176/176 210/210/210 187/187/187
f 185/185/185 211/211/211 213/213/213
f 215/215/215 218/218/218 185/185/185
f 185/185/185 213/213/213 215/215/215
f 218/218/218 215/215/215 219/219/219
f 224/224/224 218/218/218 219/219/219
f 219/219/219 221/221/221 224/224/224
f 224/224/224 221/221/221 226/226/226
f 232/232/232 224/224/224 226/226/226
f 226/226/226 227/227/227 232/232/232
f 232/232/232 227/227/227 230/230/230
f 231/231/231 233/233/233 235/235/235
f 234/234/234 232/232/232 230/230/230
f 230/230/230 328/328/328 234/234/234
f 236/236/236 223/223/223 231/231/231
f 231/231/231 235/235/235 236/236/236
f 236/236/236 239/239/239 223/223/223
f 236/236/236 235/235/235 238/238/238
f 236/236/236 238/238/238 237/237/237
f 237/237/237 239/239/239 236/236/236
f 217/217/217 223/223/223 239/239/239
f 237/237/237 182/182/182 239/239/239
f 217/217/217 239/239/239 183/183/183
f 183/183/183 239/239/239 182/182/182
f 237/237/237 238/238/238 240/240/240
f 240/240/240 238/238/238 235/235/235
f 237/237/237 240/240/240 241/241/241
f 241/241/241 240/240/240 243/243/243
f 242/242/242 243/243/243 240/240/240
f 240/240/240 235/235/235 242/242/242
f 241/241/241 243/243/243 246/246/246
f 244/244/244 243/243/243 245/245/245
f 244/244/244 247/247/247 243/243/243
f 242/242/242 245/245/245 243/243/243
f 248/248/248 246/246/246 243/243/243
f 248/248/248 243/243/243 247/247/247
f 250/250/250 248/248/248 247/247/247
f 249/249/249 248/248/248 250/250/250
f 249/249/249 251/251/251 248/248/248
f 251/251/251 246/246/246 248/248/248
f 254/254/254 252/252/252 251/251/251
f 251/251/251 252/252/252 246/246/246
f 253/253/253 251/251/251 249/249/249
f 253/253/253 254/254/254 251/251/251
f 255/255/255 254/254/254 253/253/253
f 255/255/255 257/257/257 254/254/254
f 254/254/254 256/256/256 252/252/252
f 257/257/257 256/256/256 254/254/254
f 257/257/257 179/179/179 256/256/256
f 258/258/258 179/179/179 257/257/257
f 259/259/259 258/258/258 257/257/257
f 259/259/259 257/257/257 255/255/255
f 259/259/259 261/261/261 260/260/260
f 260/260/260 258/258/258 259/259/259
f 255/255/255 262/262/262 259/259/259
f 259/259/259 262/262/262 261/261/261
f 265/265/265 261/261/261 262/262/262
f 265/265/265 262/262/262 263/263/263
f 263/263/263 262/262/262 264/264/264
f 255/255/255 264/264/264 262/262/262
f 263/263/263 266/266/266 265/265/265
f 265/265/265 266/266/266 267/267/267
f 265/265/265 267/267/267 268/268/268
f 268/268/268 261/261/261 265/265/265
f 133/133/133 269/269/269 268/268/268
f 268/268/268 269/269/269 261/261/261
f 268/268/268 131/131/131 133/133/133
f 268/268/268 267/267/267 131/131/131
f 260/260/260 261/261/261 269/269/269
f 260/260/260 269/269/269 270/270/270
f 270/270/270 269/269/269 136/136/136
f 133/133/133 136/136/136 269/269/269
f 270/270/270 174/174/174 260/260/260
f 270/270/270 171/171/171 174/174/174
f 270/270/270 168/168/168 171/171/171
f 270/270/270 271/271/271 168/168/168
f 270/270/270 136/136/136 271/271/271
f 271/271/271 138/138/138 147/147/147
f 147/147/147 168/168/168 271/271/271
f 271/271/271 136/136/136 138/138/138
f 267/267/267 130/130/130 131/131/131
f 266/266/266 272/272/272 267/267/267
f 267/267/267 272/272/272 130/130/130
f 266/266/266 273/273/273 272/272/272
f 273/273/273 113/113/113 272/272/272
f 272/272/272 116/116/116 130/130/130
f 272/272/272 113/113/113 116/116/116
f 275/275/275 273/273/273 266/266/266
f 273/273/273 114/114/114 113/113/113
f 274/274/274 114/114/114 273/273/273
f 275/275/275 274/274/274 273/273/273
f 277/277/277 276/276/276 275/275/275
f 276/276/276 274/274/274 275/275/275
f 263/263/263 275/275/275 266/266/266
f 277/277/277 275/275/275 263/263/263
f 278/278/278 276/276/276 277/277/277
f 277/277/277 279/279/279 278/278/278
f 263/263/263 264/264/264 277/277/277
f 277/277/277 264/264/264 279/279/279
f 249/249/249 280/280/280 279/279/279
f 278/278/278 279/279/279 280/280/280
f 249/249/249 279/279/279 253/253/253
f 253/253/253 279/279/279 264/264/264
f 282/282/282 280/280/280 281/281/281
f 250/250/250 281/281/281 280/280/280
f 278/278/278 280/280/280 282/282/282
f 250/250/250 280/280/280 249/249/249
f 282/282/282 283/283/283 278/278/278
f 282/282/282 285/285/285 283/283/283
f 282/282/282 281/281/281 284/284/284
f 284/284/284 285/285/285 282/282/282
f 285/285/285 287/287/287 283/283/283
f 284/284/284 288/288/288 285/285/285
f 288/288/288 286/286/286 285/285/285
f 285/285/285 286/286/286 287/287/287
f 284/284/284 289/289/289 288/288/288
f 289/289/289 290/290/290 288/288/288
f 288/288/288 290/290/290 286/286/286
f 290/290/290 291/291/291 286/286/286
f 290/290/290 292/292/292 291/291/291
f 293/293/293 292/292/292 290/290/290
f 289/289/289 293/293/293 290/290/290
f 293/293/293 294/294/294 292/292/292
f 295/295/295 294/294/294 293/293/293
f 296/296/296 293/293/293 289/289/289
f 296/296/296 295/295/295 293/293/293
f 298/298/298 296/296/296 244/244/244
f 298/298/298 301/301/301 296/296/296
f 301/301/301 295/295/295 296/296/296
f 299/299/299 296/296/296 289/289/289
f 299/299/299 300/300/300 296/296/296
f 296/296/296 300/300/300 244/244/244
f 303/303/303 302/302/302 306/306/306
f 306/306/306 309/309/309 303/303/303
f 304/304/304 305/305/305 301/301/301
f 301/301/301 305/305/305 295/295/295
f 302/302/302 297/297/297 311/311/311
f 311/311/311 306/306/306 302/302/302
f 297/297/297 313/313/313 311/311/311
f 313/313/313 297/297/297 316/316/316
f 316/316/316 314/314/314 313/313/313
f 314/314/314 316/316/316 318/318/318
f 318/318/318 316/316/316 323/323/323
f 323/323/323 320/320/320 318/318/318
f 323/323/323 324/324/324 320/320/320
f 324/324/324 323/323/323 234/234/234
f 234/234/234 326/326/326 324/324/324
f 234/234/234 328/328/328 326/326/326
f 322/322/322 317/317/317 245/245/245
f 242/242/242 233/233/233 322/322/322
f 322/322/322 245/245/245 242/242/242
f 244/244/244 317/317/317 298/298/298
f 244/244/244 245/245/245 317/317/317
f 303/303/303 309/309/309 331/331/331
f 339/339/339 303/303/303 331/331/331
f 331/331/331 332/332/332 339/339/339
f 334/334/334 339/339/339 332/332/332
f 305/305/305 337/337/337 341/341/341
f 340/340/340 338/338/338 342/342/342
f 346/346/346 342/342/342 338/338/338
f 338/338/338 344/344/344 346/346/346
f 305/305/305 304/304/304 337/337/337
f 338/338/338 335/335/335 344/344/344
f 342/342/342 346/346/346 348/348/348
f 350/350/350 351/351/351 342/342/342
f 342/342/342 348/348/348 350/350/350
f 352/352/352 354/354/354 351/351/351
f 351/351/351 350/350/350 352/352/352
f 354/354/354 352/352/352 356/356/356
f 358/358/358 6/6/6 354/354/354
f 354/354/354 356/356/356 358/358/358
f 6/6/6 358/358/358 360/360/360
f 5/5/5 359/359/359 362/362/362
f 364/364/364 351/351/351 354/354/354
f 366/366/366 354/354/354 6/6/6
f 366/366/366 364/364/364 354/354/354
f 10/10/10 365/365/365 7/7/7
f 365/365/365 10/10/10 368/368/368
f 364/364/364 366/366/366 367/367/367
f 364/364/364 367/367/367 369/369/369
f 370/370/370 369/369/369 367/367/367
f 370/370/370 367/367/367 374/374/374
f 371/371/371 368/368/368 372/372/372
f 371/371/371 373/373/373 368/368/368
f 10/10/10 372/372/372 368/368/368
f 378/378/378 374/374/374 375/375/375
f 373/373/373 377/377/377 376/376/376
f 373/373/373 371/371/371 377/377/377
f 378/378/378 370/370/370 374/374/374
f 381/381/381 379/379/379 378/378/378
f 379/379/379 380/380/380 378/378/378
f 370/370/370 378/378/378 380/380/380
f 381/381/381 378/378/378 375/375/375
f 379/379/379 381/381/381 62/62/62
f 382/382/382 59/59/59 63/63/63
f 382/382/382 383/383/383 59/59/59
f 383/383/383 382/382/382 376/376/376
f 383/383/383 56/56/56 59/59/59
f 383/383/383 384/384/384 56/56/56
f 383/383/383 376/376/376 377/377/377
f 384/384/384 383/383/383 377/377/377
f 50/50/50 56/56/56 384/384/384
f 51/51/51 50/50/50 384/384/384
f 384/384/384 377/377/377 385/385/385
f 51/51/51 384/384/384 385/385/385
f 386/386/386 51/51/51 385/385/385
f 371/371/371 385/385/385 377/377/377
f 371/371/371 372/372/372 385/385/385
f 386/386/386 385/385/385 372/372/372
f 47/47/47 51/51/51 386/386/386
f 8/8/8 47/47/47 386/386/386
f 10/10/10 386/386/386 372/372/372
f 8/8/8 386/386/386 10/10/10
f 379/379/379 387/387/387 380/380/380
f 391/391/391 380/380/380 387/387/387
f 390/390/390 388/388/388 380/380/380
f 370/370/370 380/380/380 388/388/388
f 390/390/390 380/380/380 389/389/389
f 391/391/391 389/389/389 380/380/380
f 387/387/387 392/392/392 391/391/391
f 391/391/391 392/392/392 396/396/396
f 393/393/393 389/389/389 391/391/391
f 391/391/391 396/396/396 393/393/393
f 397/397/397 396/396/396 392/392/392
f 397/397/397 398/398/398 396/396/396
f 401/401/401 395/395/395 399/399/399
f 401/401/401 400/400/400 395/395/395
f 394/394/394 395/395/395 400/400/400
f 402/402/402 400/400/400 401/401/401
f 401/401/401 404/404/404 402/402/402
f 399/399/399 403/403/403 401/401/401
f 401/401/401 403/403/403 404/404/404
f 405/405/405 404/404/404 406/406/406
f 287/287/287 404/404/404 405/405/405
f 287/287/287 402/402/402 404/404/404
f 406/406/406 404/404/404 403/403/403
f 405/405/405 406/406/406 274/274/274
f 111/111/111 114/114/114 406/406/406
f 274/274/274 406/406/406 114/114/114
f 406/406/406 403/403/403 111/111/111
f 283/283/283 405/405/405 276/276/276
f 283/283/283 287/287/287 405/405/405
f 276/276/276 405/405/405 274/274/274
f 111/111/111 403/403/403 109/109/109
f 399/399/399 109/109/109 403/403/403
f 402/402/402 291/291/291 400/400/400
f 286/286/286 291/291/291 402/402/402
f 286/286/286 402/402/402 287/287/287
f 394/394/394 400/400/400 407/407/407
f 407/407/407 400/400/400 291/291/291
f 407/407/407 291/291/291 292/292/292
f 292/292/292 410/410/410 407/407/407
f 407/407/407 408/408/408 394/394/394
f 407/407/407 410/410/410 408/408/408
f 292/292/292 294/294/294 410/410/410
f 411/411/411 410/410/410 294/294/294
f 413/413/413 408/408/408 410/410/410
f 413/413/413 410/410/410 411/411/411
f 389/389/389 412/412/412 390/390/390
f 390/390/390 412/412/412 414/414/414
f 411/411/411 415/415/415 413/413/413
f 389/389/389 409/409/409 412/412/412
f 416/416/416 414/414/414 340/340/340
f 341/341/341 415/415/415 305/305/305
f 416/416/416 418/418/418 414/414/414
f 411/411/411 417/417/417 415/415/415
f 305/305/305 415/415/415 417/417/417
f 390/390/390 414/414/414 418/418/418
f 419/419/419 418/418/418 416/416/416
f 418/418/418 388/388/388 390/390/390
f 418/418/418 420/420/420 388/388/388
f 419/419/419 420/420/420 418/418/418
f 419/419/419 369/369/369 420/420/420
f 369/369/369 388/388/388 420/420/420
f 416/416/416 351/351/351 419/419/419
f 364/364/364 419/419/419 351/351/351
f 419/419/419 364/364/364 369/369/369
f 295/295/295 417/417/417 294/294/294
f 411/411/411 294/294/294 417/417/417
f 305/305/305 417/417/417 295/295/295
f 340/340/340 342/342/342 416/416/416
f 416/416/416 342/342/342 351/351/351
f 393/393/393 409/409/409 389/389/389
f 421/421/421 398/398/398 397/397/397
f 421/421/421 110/110/110 398/398/398
f 421/421/421 423/423/423 106/106/106
f 106/106/106 110/110/110 421/421/421
f 421/421/421 422/422/422 423/423/423
f 397/397/397 422/422/422 421/421/421
f 67/67/67 423/423/423 422/422/422
f 106/106/106 423/423/423 105/105/105
f 70/70/70 105/105/105 423/423/423
f 67/67/67 70/70/70 423/423/423
f 397/397/397 424/424/424 422/422/422
f 66/66/66 422/422/422 424/424/424
f 66/66/66 67/67/67 422/422/422
f 392/392/392 424/424/424 397/397/397
f 392/392/392 425/425/425 424/424/424
f 426/426/426 424/424/424 425/425/425
f 426/426/426 66/66/66 424/424/424
f 66/66/66 426/426/426 62/62/62
f 387/387/387 379/379/379 426/426/426
f 379/379/379 62/62/62 426/426/426
f 387/387/387 426/426/426 425/425/425
f 387/387/387 425/425/425 392/392/392
f 369/369/369 370/370/370 388/388/388
f 427/427/427 300/300/300 281/281/281
f 244/244/244 300/300/300 427/427/427
f 284/284/284 300/300/300 299/299/299
f 284/284/284 281/281/281 300/300/300
f 250/250/250 247/247/247 427/427/427
f 244/244/244 427/427/427 247/247/247
f 427/427/427 281/281/281 250/250/250
f 284/284/284 299/299/299 289/289/289
f 278/278/278 283/283/283 276/276/276
f 253/253/253 264/264/264 255/255/255
f 260/260/260 174/174/174 258/258/258
f 174/174/174 173/173/173 258/258/258
f 258/258/258 173/173/173 179/179/179
f 428/428/428 256/256/256 180/180/180
f 428/428/428 252/252/252 256/256/256
f 180/180/180 256/256/256 179/179/179
f 180/180/180 182/182/182 428/428/428
f 241/241/241 428/428/428 182/182/182
f 246/246/246 252/252/252 428/428/428
f 246/246/246 428/428/428 241/241/241
f 242/242/242 235/235/235 233/233/233
f 241/241/241 182/182/182 237/237/237
f 183/183/183 186/186/186 217/217/217
f 187/187/187 177/177/177 176/176/176
f 170/170/170 164/164/164 176/176/176
f 165/165/165 164/164/164 170/170/170
f 146/146/146 168/168/168 147/147/147
f 432/432/432 430/430/430 148/148/148
f 434/434/434 432/432/432 148/148/148
f 148/148/148 435/435/435 434/434/434
f 436/436/436 434/434/434 435/435/435
f 435/435/435 438/438/438 436/436/436
f 444/444/444 440/440/440 438/438/438
f 438/438/438 435/435/435 444/444/444
f 444/444/444 442/442/442 440/440/440
f 444/444/444 449/449/449 446/446/446
f 446/446/446 597/597/597 442/442/442
f 442/442/442 444/444/444 446/446/446
f 447/447/447 444/444/444 435/435/435
f 444/444/444 447/447/447 449/449/449
f 448/448/448 453/453/453 451/451/451
f 454/454/454 450/450/450 452/452/452
f 454/454/454 445/445/445 450/450/450
f 454/454/454 455/455/455 445/445/445
f 455/455/455 454/454/454 456/456/456
f 454/454/454 452/452/452 457/457/457
f 457/457/457 456/456/456 454/454/454
f 457/457/457 458/458/458 456/456/456
f 458/458/458 457/457/457 462/462/462
f 457/457/457 461/461/461 459/459/459
f 462/462/462 457/457/457 459/459/459
f 457/457/457 452/452/452 461/461/461
f 465/465/465 458/458/458 462/462/462
f 462/462/462 459/459/459 463/463/463
f 464/464/464 462/462/462 463/463/463
f 465/465/465 462/462/462 464/464/464
f 458/458/458 465/465/465 468/468/468
f 465/465/465 466/466/466 467/467/467
f 466/466/466 465/465/465 464/464/464
f 465/465/465 467/467/467 468/468/468
f 469/469/469 468/468/468 467/467/467
f 469/469/469 470/470/470 468/468/468
f 470/470/470 456/456/456 468/468/468
f 458/458/458 468/468/468 456/456/456
f 470/470/470 471/471/471 456/456/456
f 470/470/470 472/472/472 471/471/471
f 470/470/470 469/469/469 474/474/474
f 470/470/470 473/473/473 472/472/472
f 470/470/470 474/474/474 473/473/473
f 473/473/473 474/474/474 475/475/475
f 474/474/474 477/477/477 475/475/475
f 469/469/469 476/476/476 474/474/474
f 474/474/474 476/476/476 477/477/477
f 478/478/478 477/477/477 479/479/479
f 478/478/478 480/480/480 477/477/477
f 480/480/480 475/475/475 477/477/477
f 476/476/476 479/479/479 477/477/477
f 480/480/480 478/478/478 481/481/481
f 480/480/480 481/481/481 482/482/482
f 483/483/483 480/480/480 482/482/482
f 480/480/480 483/483/483 475/475/475
f 483/483/483 482/482/482 484/484/484
f 485/485/485 483/483/483 484/484/484
f 483/483/483 486/486/486 475/475/475
f 483/483/483 485/485/485 486/486/486
f 485/485/485 487/487/487 486/486/486
f 472/472/472 486/486/486 487/487/487
f 472/472/472 473/473/473 486/486/486
f 473/473/473 475/475/475 486/486/486
f 485/485/485 488/488/488 487/487/487
f 489/489/489 472/472/472 487/487/487
f 488/488/488 489/489/489 487/487/487
f 489/489/489 491/491/491 472/472/472
f 488/488/488 490/490/490 489/489/489
f 491/491/491 489/489/489 445/445/445
f 490/490/490 445/445/445 489/489/489
f 471/471/471 491/491/491 455/455/455
f 491/491/491 445/445/445 455/455/455
f 491/491/491 471/471/471 472/472/472
f 490/490/490 488/488/488 492/492/492
f 490/490/490 492/492/492 495/495/495
f 493/493/493 490/490/490 495/495/495
f 490/490/490 493/493/493 445/445/445
f 496/496/496 495/495/495 492/492/492
f 496/496/496 499/499/499 495/495/495
f 493/493/493 495/495/495 497/497/497
f 499/499/499 497/497/497 495/495/495
f 499/499/499 496/496/496 484/484/484
f 499/499/499 501/501/501 497/497/497
f 501/501/501 499/499/499 500/500/500
f 499/499/499 484/484/484 500/500/500
f 501/501/501 500/500/500 504/504/504
f 502/502/502 503/503/503 509/509/509
f 509/509/509 507/507/507 502/502/502
f 498/498/498 502/502/502 505/505/505
f 505/505/505 586/586/586 498/498/498
f 502/502/502 507/507/507 505/505/505
f 503/503/503 511/511/511 509/509/509
f 503/503/503 515/515/515 513/513/513
f 513/513/513 511/511/511 503/503/503
f 515/515/515 518/518/518 513/513/513
f 515/515/515 524/524/524 519/519/519
f 519/519/519 518/518/518 515/515/515
f 524/524/524 522/522/522 519/519/519
f 525/525/525 523/523/523 526/526/526
f 525/525/525 528/528/528 523/523/523
f 516/516/516 526/526/526 523/523/523
f 524/524/524 527/527/527 533/533/533
f 533/533/533 522/522/522 524/524/524
f 528/528/528 531/531/531 529/529/529
f 527/527/527 530/530/530 536/536/536
f 536/536/536 535/535/535 527/527/527
f 528/528/528 525/525/525 531/531/531
f 527/527/527 535/535/535 533/533/533
f 530/530/530 539/539/539 536/536/536
f 530/530/530 542/542/542 541/541/541
f 541/541/541 539/539/539 530/530/530
f 542/542/542 545/545/545 541/541/541
f 542/542/542 551/551/551 547/547/547
f 547/547/547 545/545/545 542/542/542
f 551/551/551 548/548/548 547/547/547
f 31/31/31 550/550/550 552/552/552
f 31/31/31 28/28/28 550/550/550
f 543/543/543 552/552/552 550/550/550
f 548/548/548 551/551/551 29/29/29
f 29/29/29 582/582/582 548/548/548
f 543/543/543 553/553/553 552/552/552
f 35/35/35 31/31/31 552/552/552
f 553/553/553 554/554/554 552/552/552
f 35/35/35 552/552/552 554/554/554
f 555/555/555 35/35/35 554/554/554
f 553/553/553 555/555/555 554/554/554
f 33/33/33 555/555/555 556/556/556
f 555/555/555 33/33/33 35/35/35
f 555/555/555 553/553/553 531/531/531
f 555/555/555 531/531/531 556/556/556
f 558/558/558 557/557/557 556/556/556
f 33/33/33 556/556/556 557/557/557
f 558/558/558 556/556/556 559/559/559
f 525/525/525 559/559/559 556/556/556
f 525/525/525 556/556/556 531/531/531
f 478/478/478 559/559/559 481/481/481
f 478/478/478 558/558/558 559/559/559
f 559/559/559 526/526/526 481/481/481
f 559/559/559 525/525/525 526/526/526
f 558/558/558 478/478/478 479/479/479
f 557/557/557 558/558/558 560/560/560
f 558/558/558 479/479/479 560/560/560
f 561/561/561 560/560/560 479/479/479
f 561/561/561 562/562/562 560/560/560
f 562/562/562 563/563/563 560/560/560
f 557/557/557 560/560/560 563/563/563
f 34/34/34 557/557/557 563/563/563
f 562/562/562 38/38/38 563/563/563
f 38/38/38 34/34/34 563/563/563
f 564/564/564 562/562/562 561/561/561
f 564/564/564 565/565/565 562/562/562
f 565/565/565 38/38/38 562/562/562
f 565/565/565 564/564/564 567/567/567
f 39/39/39 565/565/565 566/566/566
f 565/565/565 567/567/567 566/566/566
f 565/565/565 39/39/39 38/38/38
f 569/569/569 568/568/568 567/567/567
f 568/568/568 566/566/566 567/567/567
f 569/569/569 567/567/567 570/570/570
f 564/564/564 570/570/570 567/567/567
f 571/571/571 467/467/467 570/570/570
f 466/466/466 570/570/570 467/467/467
f 466/466/466 569/569/569 570/570/570
f 564/564/564 571/571/571 570/570/570
f 571/571/571 469/469/469 467/467/467
f 469/469/469 571/571/571 476/476/476
f 571/571/571 564/564/564 561/561/561
f 571/571/571 561/561/561 476/476/476
f 568/568/568 569/569/569 572/572/572
f 569/569/569 466/466/466 573/573/573
f 569/569/569 573/573/573 572/572/572
f 466/466/466 464/464/464 573/573/573
f 573/573/573 464/464/464 574/574/574
f 573/573/573 574/574/574 575/575/575
f 572/572/572 573/573/573 575/575/575
f 575/575/575 574/574/574 77/77/77
f 575/575/575 77/77/77 75/75/75
f 576/576/576 575/575/575 75/75/75
f 572/572/572 575/575/575 576/576/576
f 577/577/577 576/576/576 578/578/578
f 577/577/577 572/572/572 576/576/576
f 576/576/576 75/75/75 74/74/74
f 578/578/578 576/576/576 74/74/74
f 579/579/579 578/578/578 55/55/55
f 579/579/579 577/577/577 578/578/578
f 55/55/55 578/578/578 58/58/58
f 578/578/578 74/74/74 58/58/58
f 44/44/44 579/579/579 53/53/53
f 53/53/53 579/579/579 55/55/55
f 580/580/580 577/577/577 579/579/579
f 44/44/44 580/580/580 579/579/579
f 580/580/580 44/44/44 42/42/42
f 568/568/568 580/580/580 566/566/566
f 580/580/580 568/568/568 577/577/577
f 580/580/580 42/42/42 566/566/566
f 568/568/568 572/572/572 577/577/577
f 574/574/574 463/463/463 82/82/82
f 464/464/464 463/463/463 574/574/574
f 574/574/574 82/82/82 77/77/77
f 39/39/39 566/566/566 42/42/42
f 476/476/476 561/561/561 479/479/479
f 34/34/34 33/33/33 557/557/557
f 553/553/553 543/543/543 529/529/529
f 553/553/553 529/529/529 531/531/531
f 29/29/29 584/584/584 582/582/582
f 585/585/585 481/481/481 526/526/526
f 516/516/516 585/585/585 526/526/526
f 585/585/585 482/482/482 481/481/481
f 482/482/482 585/585/585 500/500/500
f 585/585/585 504/504/504 500/500/500
f 585/585/585 516/516/516 504/504/504
f 498/498/498 586/586/586 588/588/588
f 498/498/498 588/588/588 591/591/591
f 591/591/591 494/494/494 498/498/498
f 494/494/494 591/591/591 592/592/592
f 494/494/494 592/592/592 594/594/594
f 594/594/594 446/446/446 494/494/494
f 446/446/446 594/594/594 597/597/597
f 482/482/482 500/500/500 484/484/484
f 488/488/488 485/485/485 496/496/496
f 485/485/485 484/484/484 496/496/496
f 488/488/488 496/496/496 492/492/492
f 471/471/471 455/455/455 456/456/456
f 463/463/463 598/598/598 82/82/82
f 463/463/463 459/459/459 598/598/598
f 459/459/459 599/599/599 598/598/598
f 601/601/601 598/598/598 599/599/599
f 601/601/601 82/82/82 598/598/598
f 601/601/601 599/599/599 89/89/89
f 601/601/601 81/81/81 82/82/82
f 81/81/81 601/601/601 89/89/89
f 92/92/92 90/90/90 600/600/600
f 460/460/460 92/92/92 600/600/600
f 459/459/459 461/461/461 599/599/599
f 460/460/460 602/602/602 92/92/92
f 602/602/602 460/460/460 453/453/453
f 602/602/602 453/453/453 603/603/603
f 604/604/604 602/602/602 603/603/603
f 602/602/602 604/604/604 93/93/93
f 602/602/602 93/93/93 92/92/92
f 604/604/604 603/603/603 607/607/607
f 605/605/605 93/93/93 604/604/604
f 604/604/604 606/606/606 605/605/605
f 604/604/604 607/607/607 606/606/606
f 603/603/603 609/609/609 607/607/607
f 606/606/606 607/607/607 609/609/609
f 603/603/603 448/448/448 609/609/609
f 447/447/447 435/435/435 608/608/608
f 611/611/611 608/608/608 435/435/435
f 606/606/606 609/609/609 610/610/610
f 610/610/610 135/135/135 606/606/606
f 610/610/610 140/140/140 135/135/135
f 611/611/611 435/435/435 148/148/148
f 148/148/148 141/141/141 611/611/611
f 605/605/605 606/606/606 135/135/135
f 605/605/605 135/135/135 127/127/127
f 127/127/127 123/123/123 605/605/605
f 605/605/605 123/123/123 93/93/93
f 448/448/448 603/603/603 453/453/453
f 130/130/130 116/116/116 128/128/128
f 118/118/118 128/128/128 116/116/116
f 96/96/96 93/93/93 123/123/123
f 96/96/96 120/120/120 95/95/95
f 95/95/95 120/120/120 101/101/101
f 612/612/612 98/98/98 105/105/105
f 70/70/70 612/612/612 105/105/105
f 612/612/612 85/85/85 98/98/98
f 85/85/85 612/612/612 79/79/79
f 612/612/612 70/70/70 71/71/71
f 612/612/612 71/71/71 79/79/79
f 74/74/74 61/61/61 58/58/58
f 45/45/45 44/44/44 53/53/53
f 17/17/17 47/47/47 8/8/8
f 17/17/17 27/27/27 47/47/47
f 27/27/27 36/36/36 41/41/41
f 614/614/614 613/613/613 615/615/615
f 618/618/618 613/613/613 614/614/614
f 614/614/614 844/844/844 618/618/618
f 616/616/616 615/615/615 613/613/613
f 623/623/623 616/616/616 613/613/613
f 613/613/613 621/621/621 623/623/623
f 619/619/619 613/613/613 618/618/618
f 621/621/621 613/613/613 619/619/619
f 826/826/826 828/828/828 822/822/822
f 826/826/826 822/822/822 816/816/816
f 826/826/826 816/816/816 813/813/813
f 826/826/826 813/813/813 812/812/812
f 826/826/826 812/812/812 810/810/810
f 826/826/826 810/810/810 798/798/798
f 826/826/826 798/798/798 799/799/799
f 826/826/826 799/799/799 801/801/801
f 826/826/826 801/801/801 804/804/804
f 826/826/826 804/804/804 806/806/806
f 826/826/826 806/806/806 808/808/808
f 826/826/826 808/808/808 782/782/782
f 826/826/826 782/782/782 781/781/781
f 826/826/826 781/781/781 778/778/778
f 826/826/826 778/778/778 775/775/775
f 826/826/826 775/775/775 773/773/773
f 826/826/826 773/773/773 771/771/771
f 826/826/826 771/771/771 768/768/768
f 826/826/826 768/768/768 766/766/766
f 826/826/826 766/766/766 763/763/763
f 826/826/826 763/763/763 761/761/761
f 826/826/826 761/761/761 750/750/750
f 826/826/826 750/750/750 752/752/752
f 826/826/826 752/752/752 754/754/754
f 826/826/826 754/754/754 755/755/755
f 826/826/826 755/755/755 758/758/758
f 826/826/826 758/758/758 760/760/760
f 826/826/826 760/760/760 734/734/734
f 826/826/826 734/734/734 733/733/733
f 826/826/826 733/733/733 730/730/730
f 826/826/826 730/730/730 727/727/727
f 826/826/826 727/727/727 724/724/724
f 826/826/826 724/724/724 723/723/723
f 826/826/826 723/723/723 721/721/721
f 826/826/826 721/721/721 719/719/719
f 826/826/826 719/719/719 716/716/716
f 826/826/826 716/716/716 708/708/708
f 826/826/826 708/708/708 707/707/707
f 826/826/826 707/707/707 705/705/705
f 826/826/826 705/705/705 702/702/702
f 826/826/826 702/702/702 701/701/701
f 826/826/826 701/701/701 698/698/698
f 826/826/826 698/698/698 845/845/845
f 826/826/826 845/845/845 848/848/848
f 826/826/826 848/848/848 849/849/849
f 826/826/826 849/849/849 851/851/851
f 826/826/826 851/851/851 687/687/687
f 826/826/826 687/687/687 684/684/684
f 826/826/826 684/684/684 682/682/682
f 826/826/826 682/682/682 680/680/680
f 826/826/826 680/680/680 679/679/679
f 826/826/826 679/679/679 676/676/676
f 826/826/826 676/676/676 668/668/668
f 826/826/826 668/668/668 667/667/667
f 826/826/826 667/667/667 665/665/665
f 826/826/826 665/665/665 663/663/663
f 826/826/826 663/663/663 660/660/660
f 826/826/826 660/660/660 659/659/659
f 826/826/826 659/659/659 853/853/853
f 826/826/826 853/853/853 856/856/856
f 826/826/826 856/856/856 652/652/652
f 826/826/826 652/652/652 649/649/649
f 826/826/826 649/649/649 646/646/646
f 826/826/826 646/646/646 642/642/642
f 826/826/826 642/642/642 643/643/643
f 826/826/826 643/643/643 858/858/858
f 826/826/826 858/858/858 631/631/631
f 826/826/826 631/631/631 628/628/628
f 826/826/826 628/628/628 626/626/626
f 826/826/826 626/626/626 624/624/624
f 826/826/826 624/624/624 622/622/622
f 826/826/826 622/622/622 620/620/620
f 826/826/826 620/620/620 617/617/617
f 826/826/826 617/617/617 843/843/843
f 826/826/826 843/843/843 837/837/837
f 826/826/826 837/837/837 834/834/834
f 826/826/826 834/834/834 831/831/831
f 826/826/826 831/831/831 829/829/829
f 625/625/625 616/616/616 623/623/623
f 629/629/629 633/633/633 616/616/616
f 616/616/616 625/625/625 629/629/629
f 630/630/630 634/634/634 632/632/632
f 632/632/632 627/627/627 630/630/630
f 633/633/633 635/635/635 616/616/616
f 634/634/634 636/636/636 632/632/632
f 633/633/633 637/637/637 635/635/635
f 634/634/634 638/638/638 636/636/636
f 640/640/640 639/639/639 638/638/638
f 640/640/640 638/638/638 634/634/634
f 640/640/640 641/641/641 645/645/645
f 640/640/640 644/644/644 641/641/641
f 644/644/644 640/640/640 634/634/634
f 634/634/634 857/857/857 644/644/644
f 647/647/647 640/640/640 645/645/645
f 645/645/645 650/650/650 647/647/647
f 647/647/647 639/639/639 640/640/640
f 648/648/648 653/653/653 647/647/647
f 855/855/855 648/648/648 647/647/647
f 647/647/647 651/651/651 855/855/855
f 651/651/651 647/647/647 650/650/650
f 647/647/647 653/653/653 639/639/639
f 648/648/648 654/654/654 653/653/653
f 656/656/656 654/654/654 648/648/648
f 656/656/656 655/655/655 654/654/654
f 658/658/658 656/656/656 648/648/648
f 648/648/648 854/854/854 658/658/658
f 657/657/657 655/655/655 656/656/656
f 662/662/662 657/657/657 656/656/656
f 656/656/656 661/661/661 662/662/662
f 661/661/661 656/656/656 658/658/658
f 657/657/657 662/662/662 664/664/664
f 666/666/666 670/670/670 657/657/657
f 657/657/657 664/664/664 666/666/666
f 670/670/670 666/666/666 669/669/669
f 670/670/670 671/671/671 657/657/657
f 677/677/677 673/673/673 670/670/670
f 670/670/670 669/669/669 677/677/677
f 670/670/670 672/672/672 671/671/671
f 673/673/673 672/672/672 670/670/670
f 674/674/674 675/675/675 673/673/673
f 681/681/681 674/674/674 673/673/673
f 673/673/673 678/678/678 681/681/681
f 673/673/673 675/675/675 672/672/672
f 673/673/673 677/677/677 678/678/678
f 683/683/683 674/674/674 681/681/681
f 685/685/685 688/688/688 674/674/674
f 674/674/674 683/683/683 685/685/685
f 686/686/686 688/688/688 685/685/685
f 688/688/688 691/691/691 674/674/674
f 689/689/689 690/690/690 688/688/688
f 852/852/852 689/689/689 688/688/688
f 688/688/688 686/686/686 852/852/852
f 688/688/688 690/690/690 691/691/691
f 674/674/674 691/691/691 675/675/675
f 689/689/689 692/692/692 690/690/690
f 693/693/693 692/692/692 689/689/689
f 693/693/693 694/694/694 692/692/692
f 696/696/696 694/694/694 693/693/693
f 696/696/696 695/695/695 694/694/694
f 699/699/699 696/696/696 693/693/693
f 693/693/693 846/846/846 699/699/699
f 697/697/697 695/695/695 696/696/696
f 703/703/703 697/697/697 696/696/696
f 696/696/696 700/700/700 703/703/703
f 700/700/700 696/696/696 699/699/699
f 703/703/703 704/704/704 697/697/697
f 704/704/704 706/706/706 710/710/710
f 710/710/710 697/697/697 704/704/704
f 706/706/706 709/709/709 710/710/710
f 710/710/710 712/712/712 697/697/697
f 713/713/713 711/711/711 710/710/710
f 710/710/710 711/711/711 712/712/712
f 709/709/709 717/717/717 713/713/713
f 713/713/713 710/710/710 709/709/709
f 714/714/714 715/715/715 713/713/713
f 718/718/718 720/720/720 714/714/714
f 714/714/714 713/713/713 718/718/718
f 713/713/713 715/715/715 711/711/711
f 717/717/717 718/718/718 713/713/713
f 720/720/720 722/722/722 714/714/714
f 722/722/722 725/725/725 726/726/726
f 726/726/726 714/714/714 722/722/722
f 729/729/729 726/726/726 725/725/725
f 725/725/725 728/728/728 729/729/729
f 729/729/729 728/728/728 731/731/731
f 736/736/736 729/729/729 731/731/731
f 731/731/731 732/732/732 736/736/736
f 736/736/736 732/732/732 735/735/735
f 736/736/736 737/737/737 738/738/738
f 737/737/737 736/736/736 735/735/735
f 735/735/735 759/759/759 737/737/737
f 736/736/736 738/738/738 739/739/739
f 729/729/729 736/736/736 739/739/739
f 729/729/729 739/739/739 740/740/740
f 726/726/726 740/740/740 741/741/741
f 726/726/726 729/729/729 740/740/740
f 726/726/726 741/741/741 742/742/742
f 726/726/726 742/742/742 714/714/714
f 714/714/714 742/742/742 715/715/715
f 737/737/737 743/743/743 738/738/738
f 737/737/737 744/744/744 743/743/743
f 744/744/744 745/745/745 743/743/743
f 744/744/744 747/747/747 745/745/745
f 747/747/747 746/746/746 745/745/745
f 747/747/747 748/748/748 746/746/746
f 748/748/748 747/747/747 749/749/749
f 749/749/749 762/762/762 748/748/748
f 751/751/751 749/749/749 747/747/747
f 747/747/747 744/744/744 753/753/753
f 753/753/753 751/751/751 747/747/747
f 744/744/744 756/756/756 753/753/753
f 744/744/744 737/737/737 757/757/757
f 757/757/757 756/756/756 744/744/744
f 737/737/737 759/759/759 757/757/757
f 762/762/762 764/764/764 748/748/748
f 767/767/767 748/748/748 764/764/764
f 764/764/764 765/765/765 767/767/767
f 765/765/765 769/769/769 767/767/767
f 772/772/772 767/767/767 769/769/769
f 769/769/769 770/770/770 772/772/772
f 770/770/770 774/774/774 772/772/772
f 777/777/777 772/772/772 774/774/774
f 774/774/774 776/776/776 777/777/777
f 776/776/776 779/779/779 777/777/777
f 784/784/784 777/777/777 779/779/779
f 779/779/779 780/780/780 784/784/784
f 784/784/784 780/780/780 783/783/783
f 784/784/784 785/785/785 786/786/786
f 785/785/785 784/784/784 783/783/783
f 783/783/783 807/807/807 785/785/785
f 777/777/777 784/784/784 787/787/787
f 784/784/784 786/786/786 787/787/787
f 777/777/777 787/787/787 788/788/788
f 772/772/772 788/788/788 789/789/789
f 772/772/772 777/777/777 788/788/788
f 767/767/767 772/772/772 789/789/789
f 767/767/767 789/789/789 790/790/790
f 748/748/748 790/790/790 746/746/746
f 748/748/748 767/767/767 790/790/790
f 785/785/785 791/791/791 786/786/786
f 785/785/785 792/792/792 791/791/791
f 792/792/792 793/793/793 791/791/791
f 792/792/792 795/795/795 793/793/793
f 795/795/795 794/794/794 793/793/793
f 795/795/795 796/796/796 794/794/794
f 809/809/809 796/796/796 795/795/795
f 795/795/795 797/797/797 809/809/809
f 797/797/797 795/795/795 800/800/800
f 800/800/800 795/795/795 792/792/792
f 792/792/792 802/802/802 800/800/800
f 792/792/792 803/803/803 802/802/802
f 792/792/792 785/785/785 805/805/805
f 805/805/805 803/803/803 792/792/792
f 785/785/785 807/807/807 805/805/805
f 811/811/811 796/796/796 809/809/809
f 814/814/814 817/817/817 796/796/796
f 796/796/796 811/811/811 814/814/814
f 817/817/817 814/814/814 815/815/815
f 817/817/817 818/818/818 819/819/819
f 817/817/817 820/820/820 818/818/818
f 796/796/796 817/817/817 819/819/819
f 817/817/817 815/815/815 823/823/823
f 823/823/823 820/820/820 817/817/817
f 820/820/820 821/821/821 824/824/824
f 821/821/821 820/820/820 825/825/825
f 825/825/825 830/830/830 821/821/821
f 820/820/820 823/823/823 827/827/827
f 820/820/820 824/824/824 818/818/818
f 820/820/820 827/827/827 825/825/825
f 821/821/821 830/830/830 832/832/832
f 833/833/833 838/838/838 821/821/821
f 821/821/821 832/832/832 833/833/833
f 836/836/836 614/614/614 839/839/839
f 839/839/839 835/835/835 836/836/836
f 821/821/821 838/838/838 841/841/841
f 839/839/839 840/840/840 842/842/842
f 839/839/839 614/614/614 840/840/840
f 821/821/821 841/841/841 824/824/824
f 614/614/614 615/615/615 840/840/840
f 844/844/844 614/614/614 836/836/836
f 796/796/796 819/819/819 794/794/794
f 697/697/697 712/712/712 695/695/695
f 846/846/846 693/693/693 847/847/847
f 847/847/847 693/693/693 689/689/689
f 689/689/689 850/850/850 847/847/847
f 850/850/850 689/689/689 852/852/852
f 657/657/657 671/671/671 655/655/655
f 854/854/854 648/648/648 855/855/855
f 634/634/634 630/630/630 857/857/857
f 616/616/616 635/635/635 615/615/615