# https://github.com/mikedh/trimesh
mtllib material.mtl
usemtl material_0
v -0.20539636 -0.27887167 0.20038566
v -0.20539636 -0.27887167 0.20038566
v -0.20629816 -0.27405536 0.20093480
v -0.20629816 -0.27405536 0.20093480
v -0.20610084 -0.27405536 0.20135799
v -0.20610084 -0.27405536 0.20135799
v -0.20442739 -0.27923525 0.20149318
v -0.20442739 -0.27923525 0.20149318
v -0.20442739 -0.27923525 0.20149318
v -0.20568269 -0.27914037 0.19890197
v -0.20568269 -0.27914037 0.19890197
v -0.20512263 -0.28380471 0.19951409
v -0.20500172 -0.28831707 0.19933692
v -0.20528384 -0.28463262 0.19891876
v -0.20413686 -0.28375349 0.20093480
v -0.20413686 -0.28375349 0.20093480
v -0.20428716 -0.28787372 0.20016818
v -0.20428716 -0.28787372 0.20016818
v -0.20194534 -0.28829943 0.20095075
v -0.20200831 -0.28430263 0.20169218
v -0.20488668 -0.28970671 0.19934195
v -0.20405457 -0.28976801 0.19969126
v -0.20405457 -0.28976801 0.19969126
v -0.20197388 -0.28996365 0.20020261
v -0.19926764 -0.29009464 0.20049901
v -0.19926764 -0.29075462 0.19891205
v -0.20202846 -0.29061187 0.19867442
v -0.20204694 -0.29156237 0.19559033
v -0.20419060 -0.29123826 0.19536950
v -0.20419060 -0.29123826 0.19536950
v -0.20415617 -0.29035158 0.19829069
v -0.20415617 -0.29035158 0.19829069
v -0.20502019 -0.29014670 0.19808749
v -0.20506469 -0.29096957 0.19526538
v -0.20528972 -0.28956397 0.19511172
v -0.20506469 -0.29184198 0.19159269
v -0.20528972 -0.29036165 0.19144406
v -0.20548872 -0.28640935 0.19105530
v -0.20528972 -0.29091247 0.18763702
v -0.20548704 -0.28582998 0.19473975
v -0.20543498 -0.28520611 0.19759377
v -0.20582627 -0.28027895 0.19692288
v -0.20580528 -0.28062574 0.19417885
v -0.20614534 -0.28008499 0.19399245
v -0.20580780 -0.28091374 0.19049272
v -0.20614702 -0.28036796 0.19037601
v -0.20580947 -0.28121182 0.18667729
v -0.20548956 -0.28685185 0.18723902
v -0.20548956 -0.28719108 0.18335389
v -0.20528972 -0.29127773 0.18375441
v -0.20528972 -0.29151955 0.17986004
v -0.20506469 -0.29242891 0.18778564
v -0.20506469 -0.29280340 0.18390387
v -0.20506469 -0.29303599 0.18000867
v -0.20419060 -0.29272111 0.18781419
v -0.20419060 -0.29272111 0.18781419
v -0.20419060 -0.29309560 0.18393242
v -0.20419060 -0.29309560 0.18393242
v -0.20204694 -0.29348353 0.18397021
v -0.20204694 -0.29371695 0.18007500
v -0.20419060 -0.29332903 0.18003721
v -0.20419060 -0.29332903 0.18003721
v -0.20203770 -0.29370604 0.17619827
v -0.20417465 -0.29332315 0.17622513
v -0.20417465 -0.29332315 0.17622513
v -0.20504622 -0.29303263 0.17622262
v -0.20522423 -0.29129536 0.17251549
v -0.20527377 -0.29155398 0.17607315
v -0.20499248 -0.29269676 0.17266831
v -0.20512851 -0.29096873 0.16986383
v -0.20412763 -0.29298141 0.17259358
v -0.20412763 -0.29298141 0.17259358
v -0.20491943 -0.29230044 0.17004352
v -0.20484554 -0.29211403 0.16904684
v -0.20407641 -0.29254898 0.16987643
v -0.20407641 -0.29254898 0.16987643
v -0.20405038 -0.29227021 0.16881005
v -0.20405038 -0.29227021 0.16881005
v -0.20412931 -0.29084194 0.16845068
v -0.20412931 -0.29084194 0.16845068
v -0.20197892 -0.29257165 0.16830541
v -0.20201587 -0.29107957 0.16791413
v -0.20212167 -0.28708528 0.16726087
v -0.20431571 -0.28700131 0.16780581
v -0.20431571 -0.28700131 0.16780581
v -0.19926764 -0.29124666 0.16759758
v -0.19926764 -0.28719024 0.16695355
v -0.19926764 -0.29275890 0.16798634
v -0.19641362 -0.28708528 0.16726087
v -0.19655721 -0.29257165 0.16830541
v -0.19651942 -0.29107957 0.16791413
v -0.19421958 -0.28700131 0.16780581
v -0.19421958 -0.28700131 0.16780581
v -0.19448491 -0.29227021 0.16881005
v -0.19448491 -0.29227021 0.16881005
v -0.19440598 -0.29084194 0.16845068
v -0.19440598 -0.29084194 0.16845068
v -0.19368975 -0.29211403 0.16904684
v -0.19356296 -0.29079744 0.16879830
v -0.19334633 -0.28717260 0.16821137
v -0.19274680 -0.28250323 0.16873448
v -0.19288955 -0.28240331 0.16766391
v -0.19317587 -0.28742450 0.16934072
v -0.19309023 -0.28758236 0.17205704
v -0.19273925 -0.28240079 0.17145668
v -0.19340678 -0.29096873 0.16986383
v -0.19331106 -0.29129536 0.17251549
v -0.19361586 -0.29230044 0.17004352
v -0.19354365 -0.29269676 0.17266831
v -0.19440766 -0.29298141 0.17259358
v -0.19440766 -0.29298141 0.17259358
v -0.19436064 -0.29332315 0.17622513
v -0.19436064 -0.29332315 0.17622513
v -0.19348907 -0.29303263 0.17622262
v -0.19326152 -0.29155398 0.17607315
v -0.19434469 -0.29332903 0.18003721
v -0.19434469 -0.29332903 0.18003721
v -0.19347060 -0.29303599 0.18000867
v -0.19434469 -0.29309560 0.18393242
v -0.19434469 -0.29309560 0.18393242
v -0.19347060 -0.29280340 0.18390387
v -0.19324557 -0.29151955 0.17986004
v -0.19304573 -0.28719108 0.18335389
v -0.19324557 -0.29127773 0.18375441
v -0.19304573 -0.28745977 0.17946204
v -0.19272581 -0.28151494 0.18279803
v -0.19272581 -0.28181806 0.17891794
v -0.19305664 -0.28760671 0.17566340
v -0.19272917 -0.28211530 0.17511342
v -0.19238995 -0.28155944 0.17511762
v -0.19238743 -0.28126556 0.17888771
v -0.19216408 -0.28103885 0.17888100
v -0.19238743 -0.28096412 0.18274345
v -0.19216324 -0.28073909 0.18272162
v -0.19216408 -0.28043849 0.18656225
v -0.19190378 -0.28054681 0.18270315
v -0.19190378 -0.28024789 0.18652531
v -0.19127403 -0.27968363 0.19009556
v -0.19127403 -0.27996828 0.18645226
v -0.19190378 -0.27995736 0.19024418
v -0.19127403 -0.27941914 0.19347186
v -0.19190462 -0.27968279 0.19375650
v -0.19216408 -0.28014545 0.19031220
v -0.19238827 -0.28036796 0.19037601
v -0.19238743 -0.28066268 0.18660004
v -0.19216492 -0.27986668 0.19388077
v -0.19187103 -0.27940822 0.19632756
v -0.19221698 -0.27957280 0.19656518
v -0.19238995 -0.28008499 0.19399245
v -0.19245292 -0.27987759 0.19674067
v -0.19270902 -0.28027895 0.19692288
v -0.19273001 -0.28062574 0.19417885
v -0.19272749 -0.28091374 0.19049272
v -0.19304657 -0.28640935 0.19105530
v -0.19304573 -0.28685185 0.18723902
v -0.19272581 -0.28121182 0.18667729
v -0.19324557 -0.29091247 0.18763702
v -0.19324557 -0.29036165 0.19144406
v -0.19347060 -0.29184198 0.19159269
v -0.19347060 -0.29242891 0.18778564
v -0.19434469 -0.29272111 0.18781419
v -0.19434469 -0.29272111 0.18781419
v -0.19434469 -0.29212831 0.19164055
v -0.19434469 -0.29212831 0.19164055
v -0.19648835 -0.29310988 0.18785198
v -0.19648835 -0.29250028 0.19172367
v -0.19648835 -0.29156237 0.19559033
v -0.19434469 -0.29123826 0.19536950
v -0.19434469 -0.29123826 0.19536950
v -0.19650683 -0.29061187 0.19867442
v -0.19437911 -0.29035158 0.19829069
v -0.19437911 -0.29035158 0.19829069
v -0.19347144 -0.29096957 0.19526538
v -0.19351510 -0.29014670 0.19808749
v -0.19324641 -0.28956397 0.19511172
v -0.19304824 -0.28582998 0.19473975
v -0.19310030 -0.28520611 0.19759377
v -0.19331862 -0.28879232 0.19796658
v -0.19364861 -0.28970671 0.19934195
v -0.19353357 -0.28831707 0.19933692
v -0.19325228 -0.28463262 0.19891876
v -0.19341350 -0.28380471 0.19951409
v -0.19285260 -0.27914037 0.19890197
v -0.19285260 -0.27914037 0.19890197
v -0.19263933 -0.27980538 0.19791200
v -0.19240590 -0.27852909 0.19821512
v -0.19240590 -0.27852909 0.19821512
v -0.19176776 -0.27911770 0.19722180
v -0.19175516 -0.27812185 0.19788849
v -0.19175516 -0.27812185 0.19788849
v -0.19113885 -0.27892122 0.19691028
v -0.19139746 -0.27921762 0.19603115
v -0.19068123 -0.27913113 0.19564071
v -0.18840490 -0.27938555 0.19251044
v -0.18912785 -0.27916052 0.19476746
v -0.18952669 -0.27892961 0.19586238
v -0.19038147 -0.27936204 0.19315446
v -0.18766179 -0.27961982 0.18950528
v -0.19019506 -0.27961562 0.18990832
v -0.19008003 -0.27989271 0.18636325
v -0.18719998 -0.27988095 0.18616761
v -0.19003972 -0.28018155 0.18266705
v -0.19127403 -0.28026300 0.18267544
v -0.19127403 -0.28055772 0.17889863
v -0.19190378 -0.28084489 0.17888100
v -0.19190462 -0.28113541 0.17516464
v -0.19216492 -0.28133105 0.17513525
v -0.19216912 -0.28160898 0.17158011
v -0.19239499 -0.28184073 0.17151965
v -0.19248651 -0.28208087 0.16881593
v -0.19226736 -0.28175676 0.16885791
v -0.19236560 -0.28149395 0.16778062
v -0.19271826 -0.28186088 0.16761857
v -0.19189958 -0.28153845 0.16906531
v -0.19190714 -0.28140914 0.17166071
v -0.19127487 -0.28110602 0.17188155
v -0.19142349 -0.28130502 0.16930965
v -0.19127403 -0.28084237 0.17525616
v -0.19008003 -0.28047040 0.17897168
v -0.19019506 -0.28074749 0.17542577
v -0.18766179 -0.28068871 0.17582377
v -0.19038147 -0.28100023 0.17218131
v -0.18719998 -0.28042841 0.17916144
v -0.18432832 -0.28036544 0.17934281
v -0.18404703 -0.28010598 0.18265949
v -0.18704044 -0.28015468 0.18266453
v -0.18432832 -0.27984737 0.18597700
v -0.18513944 -0.27960134 0.18912407
v -0.18315615 -0.27970798 0.18590144
v -0.18283372 -0.27996240 0.18264605
v -0.18217206 -0.27892289 0.18254361
v -0.18217206 -0.27892289 0.18254361
v -0.18315615 -0.28021682 0.17938983
v -0.18250457 -0.27918319 0.17920595
v -0.18250457 -0.27918319 0.17920595
v -0.18003763 -0.27405536 0.18118504
v -0.18003763 -0.27405536 0.18118504
v -0.18022572 -0.27405536 0.17826132
v -0.18022572 -0.27405536 0.17826132
v -0.18347522 -0.27943341 0.17600346
v -0.18347522 -0.27943341 0.17600346
v -0.18120813 -0.27405536 0.17455336
v -0.18120813 -0.27405536 0.17455336
v -0.18041464 -0.27405536 0.17754593
v -0.18041464 -0.27405536 0.17754593
v -0.18409322 -0.28045864 0.17628727
v -0.18505715 -0.27966264 0.17306883
v -0.18505715 -0.27966264 0.17306883
v -0.18147430 -0.27405536 0.17401598
v -0.18147430 -0.27405536 0.17401598
v -0.18291685 -0.27405536 0.17109730
v -0.18291685 -0.27405536 0.17109730
v -0.18561217 -0.28067779 0.17349035
v -0.18714792 -0.27986164 0.17051793
v -0.18714792 -0.27986164 0.17051793
v -0.18320149 -0.27405536 0.17072785
v -0.18320149 -0.27405536 0.17072785
v -0.18528050 -0.27405536 0.16803168
v -0.18528050 -0.27405536 0.16803168
v -0.18751989 -0.28086084 0.17113592
v -0.18964340 -0.28002202 0.16846831
v -0.18964340 -0.28002202 0.16846831
v -0.18554248 -0.27405536 0.16780413
v -0.18554248 -0.27405536 0.16780413
v -0.18822353 -0.27405536 0.16549757
v -0.18822353 -0.27405536 0.16549757
v -0.18962409 -0.28099939 0.16936423
v -0.19263513 -0.28069711 0.16698462
v -0.19263513 -0.28069711 0.16698462
v -0.19186852 -0.28139487 0.16807283
v -0.18843009 -0.27405536 0.16536407
v -0.18843009 -0.27405536 0.16536407
v -0.19163005 -0.27405536 0.16357642
v -0.19163005 -0.27405536 0.16357642
v -0.19128663 -0.28115640 0.16830121
v -0.19353021 -0.28158379 0.16699721
v -0.19353021 -0.28158379 0.16699721
v -0.19353021 -0.28158379 0.16699721
v -0.19595181 -0.28028399 0.16578726
v -0.19926764 -0.28031002 0.16545895
v -0.19182317 -0.27405536 0.16352016
v -0.19182317 -0.27405536 0.16352016
v -0.19537244 -0.27405536 0.16240341
v -0.19537244 -0.27405536 0.16240341
v -0.19613653 -0.28144441 0.16636747
v -0.19613653 -0.28144441 0.16636747
v -0.19926764 -0.28146792 0.16605763
v -0.19926764 -0.28146792 0.16605763
v -0.19627424 -0.28305153 0.16664540
v -0.19365952 -0.28264429 0.16721469
v -0.19365952 -0.28264429 0.16721469
v -0.19926764 -0.28309603 0.16634396
v -0.20226105 -0.28305153 0.16664540
v -0.20487577 -0.28264429 0.16721469
v -0.20487577 -0.28264429 0.16721469
v -0.20239876 -0.28144441 0.16636747
v -0.20239876 -0.28144441 0.16636747
v -0.20258348 -0.28028399 0.16578726
v -0.20500508 -0.28158379 0.16699721
v -0.20500508 -0.28158379 0.16699721
v -0.20500508 -0.28158379 0.16699721
v -0.20581703 -0.28186088 0.16761857
v -0.20590016 -0.28069711 0.16698462
v -0.20590016 -0.28069711 0.16698462
v -0.20616969 -0.28149395 0.16778062
v -0.20889273 -0.28002202 0.16846831
v -0.20889273 -0.28002202 0.16846831
v -0.20666677 -0.28139487 0.16807283
v -0.20891120 -0.28099939 0.16936423
v -0.20724866 -0.28115640 0.16830121
v -0.20690524 -0.27405536 0.16357642
v -0.20690524 -0.27405536 0.16357642
v -0.21010520 -0.27405536 0.16536407
v -0.21010520 -0.27405536 0.16536407
v -0.21031176 -0.27405536 0.16549757
v -0.21031176 -0.27405536 0.16549757
v -0.21299281 -0.27405536 0.16780413
v -0.21299281 -0.27405536 0.16780413
v -0.21325479 -0.27405536 0.16803168
v -0.21325479 -0.27405536 0.16803168
v -0.21138821 -0.27986164 0.17051793
v -0.21138821 -0.27986164 0.17051793
v -0.21533464 -0.27405536 0.17072785
v -0.21533464 -0.27405536 0.17072785
v -0.21561844 -0.27405536 0.17109730
v -0.21561844 -0.27405536 0.17109730
v -0.21706183 -0.27405536 0.17401598
v -0.21706183 -0.27405536 0.17401598
v -0.21347814 -0.27966264 0.17306883
v -0.21347814 -0.27966264 0.17306883
v -0.21506007 -0.27943341 0.17600346
v -0.21506007 -0.27943341 0.17600346
v -0.21444207 -0.28045864 0.17628727
v -0.21292312 -0.28067779 0.17349035
v -0.21208765 -0.28083061 0.17339042
v -0.21101540 -0.28086084 0.17113592
v -0.21339669 -0.28061146 0.17619575
v -0.21420697 -0.28036544 0.17934281
v -0.21087350 -0.28068871 0.17582377
v -0.21013039 -0.28092382 0.17281861
v -0.20938309 -0.28105312 0.17053556
v -0.20781711 -0.28116060 0.16966399
v -0.20815382 -0.28100023 0.17218131
v -0.20834023 -0.28074749 0.17542577
v -0.20726042 -0.28110602 0.17188155
v -0.20711180 -0.28130502 0.16930965
v -0.20663571 -0.28153845 0.16906531
v -0.20662815 -0.28140914 0.17166071
v -0.20636617 -0.28160898 0.17158011
v -0.20626793 -0.28175676 0.16885791
v -0.20726126 -0.28084237 0.17525616
v -0.20663067 -0.28113541 0.17516464
v -0.20726126 -0.28055772 0.17889863
v -0.20663235 -0.28084489 0.17888100
v -0.20637037 -0.28133105 0.17513525
v -0.20614534 -0.28155944 0.17511762
v -0.20614030 -0.28184073 0.17151965
v -0.20637205 -0.28103885 0.17888100
v -0.20614786 -0.28126556 0.17888771
v -0.20663235 -0.28054681 0.18270315
v -0.20637205 -0.28073909 0.18272162
v -0.20614786 -0.28096412 0.18274345
v -0.20637205 -0.28043849 0.18656225
v -0.20663235 -0.28024789 0.18652531
v -0.20726126 -0.27968363 0.19009556
v -0.20726126 -0.27996828 0.18645226
v -0.20663151 -0.27995736 0.19024418
v -0.20726126 -0.27941914 0.19347186
v -0.20663067 -0.27968279 0.19375650
v -0.20637121 -0.28014545 0.19031220
v -0.20637037 -0.27986668 0.19388077
v -0.20614786 -0.28066268 0.18660004
v -0.20580947 -0.28151494 0.18279803
v -0.20580947 -0.28181806 0.17891794
v -0.20548956 -0.28745977 0.17946204
v -0.20547865 -0.28760671 0.17566340
v -0.20580612 -0.28211530 0.17511342
v -0.20544506 -0.28758236 0.17205704
v -0.20579604 -0.28240079 0.17145668
v -0.20535941 -0.28742450 0.16934072
v -0.20578848 -0.28250323 0.16873448
v -0.20518896 -0.28717260 0.16821137
v -0.20497233 -0.29079744 0.16879830
v -0.20564574 -0.28240331 0.16766391
v -0.20604878 -0.28208087 0.16881593
v -0.20666425 -0.27940822 0.19632756
v -0.20631831 -0.27957280 0.19656518
v -0.20589596 -0.27980538 0.19791200
v -0.20676753 -0.27911770 0.19722180
v -0.20608237 -0.27987759 0.19674067
v -0.20612939 -0.27852909 0.19821512
v -0.20612939 -0.27852909 0.19821512
v -0.20739644 -0.27892122 0.19691028
v -0.20713783 -0.27921762 0.19603115
v -0.20678013 -0.27812185 0.19788849
v -0.20678013 -0.27812185 0.19788849
v -0.20785406 -0.27913113 0.19564071
v -0.21013039 -0.27938555 0.19251044
v -0.20815382 -0.27936204 0.19315446
v -0.20900860 -0.27892961 0.19586238
v -0.20940744 -0.27916052 0.19476746
v -0.21208765 -0.27938219 0.19192939
v -0.21089785 -0.27920754 0.19368597
v -0.21103975 -0.27906396 0.19413939
v -0.21143103 -0.27798499 0.19454075
v -0.21143103 -0.27798499 0.19454075
v -0.21347814 -0.27818231 0.19201924
v -0.21347814 -0.27818231 0.19201924
v -0.21292312 -0.27924701 0.19180176
v -0.21506007 -0.27841154 0.18908461
v -0.21506007 -0.27841154 0.18908461
v -0.21444207 -0.27946532 0.18900484
v -0.21603072 -0.27866176 0.18588128
v -0.21603072 -0.27866176 0.18588128
v -0.21537914 -0.27970798 0.18590144
v -0.21339669 -0.27960134 0.18912407
v -0.21133531 -0.27988095 0.18616761
v -0.21420697 -0.27984737 0.18597700
v -0.21087350 -0.27961982 0.18950528
v -0.20834023 -0.27961562 0.18990832
v -0.20845526 -0.27989271 0.18636325
v -0.20849556 -0.28018155 0.18266705
v -0.20726126 -0.28026300 0.18267544
v -0.20845526 -0.28047040 0.17897168
v -0.21149485 -0.28015468 0.18266453
v -0.21133531 -0.28042841 0.17916144
v -0.21448825 -0.28010598 0.18265949
v -0.21570157 -0.27996240 0.18264605
v -0.21537914 -0.28021682 0.17938983
v -0.21603072 -0.27918319 0.17920595
v -0.21603072 -0.27918319 0.17920595
v -0.21636323 -0.27892289 0.18254361
v -0.21636323 -0.27892289 0.18254361
v -0.21830957 -0.27405536 0.17826132
v -0.21830957 -0.27405536 0.17826132
v -0.21849765 -0.27405536 0.18118504
v -0.21849765 -0.27405536 0.18118504
v -0.21855391 -0.27405536 0.18206668
v -0.21855391 -0.27405536 0.18206668
v -0.21818698 -0.27405536 0.18480567
v -0.21818698 -0.27405536 0.18480567
v -0.21805095 -0.27405536 0.18582251
v -0.21805095 -0.27405536 0.18582251
v -0.21721884 -0.27405536 0.18828776
v -0.21721884 -0.27405536 0.18828776
v -0.21684939 -0.27405536 0.18938605
v -0.21684939 -0.27405536 0.18938605
v -0.21563020 -0.27405536 0.19151376
v -0.21563020 -0.27405536 0.19151376
v -0.21499373 -0.27405536 0.19262127
v -0.21499373 -0.27405536 0.19262127
v -0.21351088 -0.27405536 0.19435938
v -0.21351088 -0.27405536 0.19435938
v -0.21263595 -0.27405536 0.19538881
v -0.21263595 -0.27405536 0.19538881
v -0.21098517 -0.27405536 0.19669953
v -0.21098517 -0.27405536 0.19669953
v -0.20992299 -0.27405536 0.19754927
v -0.20992299 -0.27405536 0.19754927
v -0.20860640 -0.27405536 0.19841748
v -0.20860640 -0.27405536 0.19841748
v -0.20906402 -0.27783133 0.19650557
v -0.20906402 -0.27783133 0.19650557
v -0.20757781 -0.27405536 0.19909593
v -0.20757781 -0.27405536 0.19909593
v -0.20702279 -0.27405536 0.19951744
v -0.20702279 -0.27405536 0.19951744
v -0.20675662 -0.27405536 0.19972484
v -0.20675662 -0.27405536 0.19972484
v -0.20658449 -0.27405536 0.19998934
v -0.20658449 -0.27405536 0.19998934
v -0.20643167 -0.27405536 0.20035795
v -0.20643167 -0.27405536 0.20035795
v -0.21812064 -0.27405536 0.17754593
v -0.21812064 -0.27405536 0.17754593
v -0.21732800 -0.27405536 0.17455336
v -0.21732800 -0.27405536 0.17455336
v -0.21088693 -0.28093137 0.17161957
v -0.20671211 -0.27405536 0.16352016
v -0.20671211 -0.27405536 0.16352016
v -0.20316285 -0.27405536 0.16240341
v -0.20316285 -0.27405536 0.16240341
v -0.20301675 -0.27405536 0.16238829
v -0.20301675 -0.27405536 0.16238829
v -0.19926764 -0.27405536 0.16200121
v -0.19926764 -0.27405536 0.16200121
v -0.19551938 -0.27405536 0.16238829
v -0.19551938 -0.27405536 0.16238829
v -0.19071817 -0.28116060 0.16966399
v -0.18915220 -0.28105312 0.17053556
v -0.18840490 -0.28092382 0.17281861
v -0.18644764 -0.28083061 0.17339042
v -0.18764920 -0.28093137 0.17161957
v -0.18513944 -0.28061146 0.17619575
v -0.17998138 -0.27405536 0.18206668
v -0.17998138 -0.27405536 0.18206668
v -0.18034831 -0.27405536 0.18480567
v -0.18034831 -0.27405536 0.18480567
v -0.18048434 -0.27405536 0.18582251
v -0.18048434 -0.27405536 0.18582251
v -0.18250457 -0.27866176 0.18588128
v -0.18250457 -0.27866176 0.18588128
v -0.18131644 -0.27405536 0.18828776
v -0.18131644 -0.27405536 0.18828776
v -0.18168590 -0.27405536 0.18938605
v -0.18168590 -0.27405536 0.18938605
v -0.18290509 -0.27405536 0.19151376
v -0.18290509 -0.27405536 0.19151376
v -0.18347522 -0.27841154 0.18908461
v -0.18347522 -0.27841154 0.18908461
v -0.18505715 -0.27818231 0.19201924
v -0.18505715 -0.27818231 0.19201924
v -0.18561217 -0.27924701 0.19180176
v -0.18409322 -0.27946532 0.18900484
v -0.18644764 -0.27938219 0.19192939
v -0.18763828 -0.27920754 0.19368597
v -0.18749554 -0.27906396 0.19413939
v -0.18710510 -0.27798499 0.19454075
v -0.18710510 -0.27798499 0.19454075
v -0.18947211 -0.27783133 0.19650557
v -0.18947211 -0.27783133 0.19650557
v -0.18755096 -0.27405536 0.19669953
v -0.18755096 -0.27405536 0.19669953
v -0.18589934 -0.27405536 0.19538881
v -0.18589934 -0.27405536 0.19538881
v -0.18502440 -0.27405536 0.19435938
v -0.18502440 -0.27405536 0.19435938
v -0.18354156 -0.27405536 0.19262127
v -0.18354156 -0.27405536 0.19262127
v -0.18861229 -0.27405536 0.19754927
v -0.18861229 -0.27405536 0.19754927
v -0.18992889 -0.27405536 0.19841748
v -0.18992889 -0.27405536 0.19841748
v -0.19095748 -0.27405536 0.19909593
v -0.19095748 -0.27405536 0.19909593
v -0.19151250 -0.27405536 0.19951744
v -0.19151250 -0.27405536 0.19951744
v -0.19177867 -0.27405536 0.19972484
v -0.19177867 -0.27405536 0.19972484
v -0.19195080 -0.27405536 0.19998934
v -0.19195080 -0.27405536 0.19998934
v -0.19210362 -0.27405536 0.20035795
v -0.19210362 -0.27405536 0.20035795
v -0.19223713 -0.27405536 0.20093480
v -0.19223713 -0.27405536 0.20093480
v -0.19313977 -0.27887167 0.20038566
v -0.19313977 -0.27887167 0.20038566
v -0.19243445 -0.27405536 0.20135799
v -0.19243445 -0.27405536 0.20135799
v -0.19279718 -0.27405536 0.20182568
v -0.19279718 -0.27405536 0.20182568
v -0.19348403 -0.27405536 0.20232361
v -0.19348403 -0.27405536 0.20232361
v -0.19348403 -0.27405536 0.20232361
v -0.19410790 -0.27923525 0.20149318
v -0.19410790 -0.27923525 0.20149318
v -0.19410790 -0.27923525 0.20149318
v -0.19636576 -0.27939982 0.20240673
v -0.19439843 -0.28375349 0.20093480
v -0.19439843 -0.28375349 0.20093480
v -0.19509871 -0.27405536 0.20279214
v -0.19509871 -0.27405536 0.20279214
v -0.19600890 -0.27405536 0.20317167
v -0.19600890 -0.27405536 0.20317167
v -0.19810807 -0.27405536 0.20340257
v -0.19810807 -0.27405536 0.20340257
v -0.19926764 -0.27405536 0.20356715
v -0.19926764 -0.27405536 0.20356715
v -0.19926764 -0.27943257 0.20281481
v -0.20042722 -0.27405536 0.20340257
v -0.20042722 -0.27405536 0.20340257
v -0.20252722 -0.27405536 0.20317167
v -0.20252722 -0.27405536 0.20317167
v -0.20216953 -0.27939982 0.20240673
v -0.20343658 -0.27405536 0.20279214
v -0.20343658 -0.27405536 0.20279214
v -0.20505126 -0.27405536 0.20232361
v -0.20505126 -0.27405536 0.20232361
v -0.20505126 -0.27405536 0.20232361
v -0.20573810 -0.27405536 0.20182568
v -0.20573810 -0.27405536 0.20182568
v -0.19926764 -0.28437988 0.20207171
v -0.19652698 -0.28430263 0.20169218
v -0.19658995 -0.28829943 0.20095075
v -0.19424813 -0.28787372 0.20016818
v -0.19424813 -0.28787372 0.20016818
v -0.19656224 -0.28996365 0.20020261
v -0.19448071 -0.28976801 0.19969126
v -0.19448071 -0.28976801 0.19969126
v -0.19926764 -0.28841615 0.20128746
v -0.19926764 -0.29173786 0.19572888
v -0.19926764 -0.29270768 0.19177489
v -0.20204694 -0.29250028 0.19172367
v -0.20204694 -0.29310988 0.18785198
v -0.20419060 -0.29212831 0.19164055
v -0.20419060 -0.29212831 0.19164055
v -0.19926764 -0.29332735 0.18787381
v -0.19926764 -0.29370184 0.18399204
v -0.19926764 -0.29393527 0.18009683
v -0.19648835 -0.29348353 0.18397021
v -0.19648835 -0.29371695 0.18007500
v -0.19926764 -0.29392015 0.17617643
v -0.19649759 -0.29370604 0.17619827
v -0.19926764 -0.29354818 0.17222077
v -0.19652446 -0.29334666 0.17236939
v -0.19655049 -0.29288569 0.16945240
v -0.19926764 -0.29307629 0.16917531
v -0.20201083 -0.29334666 0.17236939
v -0.20198480 -0.29288569 0.16945240
v -0.19445888 -0.29254898 0.16987643
v -0.19445888 -0.29254898 0.16987643
v -0.20521667 -0.28879232 0.19796658
v -0.19926764 -0.27050021 0.20406507
v -0.20039951 -0.27397139 0.20341769
v -0.20039951 -0.27397139 0.20341769
v -0.19926764 -0.27397139 0.20357890
v -0.19926764 -0.27397139 0.20357890
v -0.19813578 -0.27397139 0.20341769
v -0.19813578 -0.27397139 0.20341769
v -0.20276233 -0.27053044 0.20367631
v -0.19926764 -0.27012488 0.20402813
v -0.19577296 -0.27053044 0.20367631
v -0.19306672 -0.27059258 0.20287946
v -0.19306672 -0.27059258 0.20287946
v -0.19577296 -0.27015511 0.20363936
v -0.19600303 -0.27397139 0.20318342
v -0.19600303 -0.27397139 0.20318342
v -0.19511466 -0.27397139 0.20281313
v -0.19511466 -0.27397139 0.20281313
v -0.19347395 -0.27397139 0.20233704
v -0.19347395 -0.27397139 0.20233704
v -0.19347395 -0.27397139 0.20233704
v -0.19277619 -0.27397139 0.20183072
v -0.19277619 -0.27397139 0.20183072
v -0.19242269 -0.27397139 0.20137478
v -0.19242269 -0.27397139 0.20137478
v -0.19193737 -0.27065807 0.20204316
v -0.19161158 -0.27071517 0.20131517
v -0.19193737 -0.27028274 0.20200705
v -0.19306672 -0.27021725 0.20284336
v -0.19306672 -0.27021725 0.20284336
v -0.19161158 -0.27033984 0.20127822
v -0.19131518 -0.27037678 0.20080381
v -0.19131518 -0.27075211 0.20084076
v -0.19176692 -0.27397139 0.19975339
v -0.19176692 -0.27397139 0.19975339
v -0.19150746 -0.27397139 0.19955103
v -0.19150746 -0.27397139 0.19955103
v -0.19032185 -0.27081257 0.20005903
v -0.19032185 -0.27043808 0.20002208
v -0.18790362 -0.27094188 0.19840993
v -0.19094152 -0.27397139 0.19912112
v -0.19094152 -0.27397139 0.19912112
v -0.18993896 -0.27397139 0.19845947
v -0.18993896 -0.27397139 0.19845947
v -0.18859298 -0.27397139 0.19757278
v -0.18859298 -0.27397139 0.19757278
v -0.18756019 -0.27397139 0.19674571
v -0.18756019 -0.27397139 0.19674571
v -0.18587331 -0.27397139 0.19540644
v -0.18587331 -0.27397139 0.19540644
v -0.18500089 -0.27112828 0.19601940
v -0.18502357 -0.27397139 0.19440724
v -0.18502357 -0.27397139 0.19440724
v -0.18351049 -0.27397139 0.19263387
v -0.18351049 -0.27397139 0.19263387
v -0.18289417 -0.27397139 0.19155994
v -0.18289417 -0.27397139 0.19155994
v -0.18255243 -0.27136339 0.19301424
v -0.18069173 -0.27163376 0.18955398
v -0.18500089 -0.27075379 0.19598245
v -0.18255243 -0.27098806 0.19297813
v -0.18069173 -0.27125843 0.18951703
v -0.17955063 -0.27192680 0.18579564
v -0.17955063 -0.27155231 0.18575869
v -0.17916102 -0.27223244 0.18188784
v -0.17916102 -0.27185711 0.18185173
v -0.17955063 -0.27253724 0.17798087
v -0.17955063 -0.27216275 0.17794477
v -0.18069173 -0.27245663 0.17418643
v -0.18069173 -0.27283112 0.17422253
v -0.18117202 -0.27397139 0.17453069
v -0.18117202 -0.27397139 0.17453069
v -0.18142056 -0.27397139 0.17403025
v -0.18142056 -0.27397139 0.17403025
v -0.18255243 -0.27310150 0.17076227
v -0.18288494 -0.27397139 0.17106791
v -0.18288494 -0.27397139 0.17106791
v -0.18314439 -0.27397139 0.17073121
v -0.18314439 -0.27397139 0.17073121
v -0.18504959 -0.27333912 0.16772520
v -0.18255243 -0.27272617 0.17072533
v -0.18504959 -0.27296379 0.16768826
v -0.18809926 -0.27315859 0.16520033
v -0.18809926 -0.27353308 0.16523728
v -0.18820338 -0.27397139 0.16545559
v -0.18820338 -0.27397139 0.16545559
v -0.18837719 -0.27397139 0.16534391
v -0.18837719 -0.27397139 0.16534391
v -0.19157295 -0.27367751 0.16338246
v -0.19161746 -0.27397139 0.16353360
v -0.19161746 -0.27397139 0.16353360
v -0.19176776 -0.27397139 0.16348993
v -0.19176776 -0.27397139 0.16348993
v -0.19534557 -0.27376651 0.16224639
v -0.19157295 -0.27330302 0.16334551
v -0.19534557 -0.27339202 0.16221028
v -0.19926764 -0.27379674 0.16185762
v -0.19926764 -0.27342225 0.16182152
v -0.20318972 -0.27339202 0.16221028
v -0.20318972 -0.27376651 0.16224639
v -0.20696234 -0.27330302 0.16334551
v -0.20696234 -0.27367751 0.16338246
v -0.21043603 -0.27315859 0.16520033
v -0.21043603 -0.27353308 0.16523728
v -0.21348569 -0.27296379 0.16768826
v -0.21598286 -0.27272617 0.17072533
v -0.21348569 -0.27333912 0.16772520
v -0.21598286 -0.27310150 0.17076227
v -0.21328165 -0.27397139 0.16799558
v -0.21328165 -0.27397139 0.16799558
v -0.21305075 -0.27397139 0.16779490
v -0.21305075 -0.27397139 0.16779490
v -0.21033191 -0.27397139 0.16545559
v -0.21033191 -0.27397139 0.16545559
v -0.21015894 -0.27397139 0.16534391
v -0.21015894 -0.27397139 0.16534391
v -0.20691783 -0.27397139 0.16353360
v -0.20691783 -0.27397139 0.16353360
v -0.20676753 -0.27397139 0.16348993
v -0.20676753 -0.27397139 0.16348993
v -0.20317041 -0.27397139 0.16235807
v -0.20317041 -0.27397139 0.16235807
v -0.20306629 -0.27397139 0.16234715
v -0.20306629 -0.27397139 0.16234715
v -0.19926764 -0.27397139 0.16195503
v -0.19926764 -0.27397139 0.16195503
v -0.19546900 -0.27397139 0.16234715
v -0.19546900 -0.27397139 0.16234715
v -0.19536488 -0.27397139 0.16235807
v -0.19536488 -0.27397139 0.16235807
v -0.21539089 -0.27397139 0.17073121
v -0.21539089 -0.27397139 0.17073121
v -0.21565035 -0.27397139 0.17106791
v -0.21565035 -0.27397139 0.17106791
v -0.21711473 -0.27397139 0.17403025
v -0.21711473 -0.27397139 0.17403025
v -0.21736327 -0.27397139 0.17453069
v -0.21736327 -0.27397139 0.17453069
v -0.21784439 -0.27283112 0.17422253
v -0.21898466 -0.27253724 0.17798087
v -0.21898466 -0.27216275 0.17794477
v -0.21784439 -0.27245663 0.17418643
v -0.21937426 -0.27185711 0.18185173
v -0.21898466 -0.27155231 0.18575869
v -0.21937426 -0.27223244 0.18188784
v -0.21898466 -0.27192680 0.18579564
v -0.21859170 -0.27397139 0.18205829
v -0.21859170 -0.27397139 0.18205829
v -0.21853796 -0.27397139 0.18121694
v -0.21853796 -0.27397139 0.18121694
v -0.21834735 -0.27397139 0.17824537
v -0.21834735 -0.27397139 0.17824537
v -0.21816851 -0.27397139 0.17757028
v -0.21816851 -0.27397139 0.17757028
v -0.21821805 -0.27397139 0.18484514
v -0.21821805 -0.27397139 0.18484514
v -0.21808790 -0.27397139 0.18582167
v -0.21808790 -0.27397139 0.18582167
v -0.21724068 -0.27397139 0.18833227
v -0.21724068 -0.27397139 0.18833227
v -0.21784439 -0.27163376 0.18955398
v -0.21688382 -0.27397139 0.18939192
v -0.21688382 -0.27397139 0.18939192
v -0.21564111 -0.27397139 0.19155994
v -0.21564111 -0.27397139 0.19155994
v -0.21598286 -0.27136339 0.19301424
v -0.21502480 -0.27397139 0.19263387
v -0.21502480 -0.27397139 0.19263387
v -0.21351172 -0.27397139 0.19440724
v -0.21351172 -0.27397139 0.19440724
v -0.21266198 -0.27397139 0.19540644
v -0.21266198 -0.27397139 0.19540644
v -0.21353439 -0.27112828 0.19601940
v -0.21063167 -0.27094188 0.19840993
v -0.21063167 -0.27056655 0.19837298
v -0.21353439 -0.27075379 0.19598245
v -0.21598286 -0.27098806 0.19297813
v -0.21784439 -0.27125843 0.18951703
v -0.20821344 -0.27043808 0.20002208
v -0.20722011 -0.27037678 0.20080381
v -0.20821344 -0.27081257 0.20005903
v -0.20722011 -0.27075211 0.20084076
v -0.20859632 -0.27397139 0.19845947
v -0.20859632 -0.27397139 0.19845947
v -0.20759376 -0.27397139 0.19912112
v -0.20759376 -0.27397139 0.19912112
v -0.20702783 -0.27397139 0.19955103
v -0.20702783 -0.27397139 0.19955103
v -0.20676837 -0.27397139 0.19975339
v -0.20676837 -0.27397139 0.19975339
v -0.20659288 -0.27397139 0.20002292
v -0.20659288 -0.27397139 0.20002292
v -0.20692371 -0.27071517 0.20131517
v -0.20644426 -0.27397139 0.20038230
v -0.20644426 -0.27397139 0.20038230
v -0.20631411 -0.27397139 0.20094404
v -0.20631411 -0.27397139 0.20094404
v -0.20611259 -0.27397139 0.20137478
v -0.20611259 -0.27397139 0.20137478
v -0.20659792 -0.27065807 0.20204316
v -0.20575910 -0.27397139 0.20183072
v -0.20575910 -0.27397139 0.20183072
v -0.20506133 -0.27397139 0.20233704
v -0.20506133 -0.27397139 0.20233704
v -0.20506133 -0.27397139 0.20233704
v -0.20342063 -0.27397139 0.20281313
v -0.20342063 -0.27397139 0.20281313
v -0.20546857 -0.27059258 0.20287946
v -0.20546857 -0.27059258 0.20287946
v -0.20276233 -0.27015511 0.20363936
v -0.20546857 -0.27021725 0.20284336
v -0.20546857 -0.27021725 0.20284336
v -0.20659792 -0.27028274 0.20200705
v -0.20692371 -0.27033984 0.20127822
v -0.20253226 -0.27397139 0.20318342
v -0.20253226 -0.27397139 0.20318342
v -0.20994231 -0.27397139 0.19757278
v -0.20994231 -0.27397139 0.19757278
v -0.21097509 -0.27397139 0.19674571
v -0.21097509 -0.27397139 0.19674571
v -0.18548538 -0.27397139 0.16779490
v -0.18548538 -0.27397139 0.16779490
v -0.18525363 -0.27397139 0.16799558
v -0.18525363 -0.27397139 0.16799558
v -0.18036678 -0.27397139 0.17757028
v -0.18036678 -0.27397139 0.17757028
v -0.18018793 -0.27397139 0.17824537
v -0.18018793 -0.27397139 0.17824537
v -0.17999733 -0.27397139 0.18121694
v -0.17999733 -0.27397139 0.18121694
v -0.17994359 -0.27397139 0.18205829
v -0.17994359 -0.27397139 0.18205829
v -0.18031724 -0.27397139 0.18484514
v -0.18031724 -0.27397139 0.18484514
v -0.18044739 -0.27397139 0.18582167
v -0.18044739 -0.27397139 0.18582167
v -0.18129461 -0.27397139 0.18833227
v -0.18129461 -0.27397139 0.18833227
v -0.18165147 -0.27397139 0.18939192
v -0.18165147 -0.27397139 0.18939192
v -0.18790362 -0.27056655 0.19837298
v -0.19194241 -0.27397139 0.20002292
v -0.19194241 -0.27397139 0.20002292
v -0.19209103 -0.27397139 0.20038230
v -0.19209103 -0.27397139 0.20038230
v -0.19222201 -0.27397139 0.20094404
v -0.19222201 -0.27397139 0.20094404
vn -0.86659521 -0.20929884 0.45299750
vn -0.86659521 -0.20929884 0.45299750
vn 0.00000000 1.00000000 0.00000000
vn -0.92346197 -0.20959137 0.32138676
vn 0.00000000 1.00000000 0.00000000
vn -0.82843908 -0.22471060 0.51302420
vn -0.58482517 -0.17190740 0.79273411
vn -0.58482517 -0.17190740 0.79273411
vn -0.58482517 -0.17190740 0.79273411
vn -0.94392176 -0.13500311 0.30130695
vn -0.94392176 -0.13500311 0.30130695
vn -0.88224930 -0.09820549 0.46042573
vn -0.92346989 -0.07639751 0.37598774
vn -0.96825162 -0.06679666 0.24088796
vn -0.67370029 -0.13750006 0.72610031
vn -0.67370029 -0.13750006 0.72610031
vn -0.53581428 -0.03470092 0.84362249
vn -0.53581428 -0.03470092 0.84362249
vn -0.19569887 -0.27779839 0.94049455
vn -0.24659992 -0.16129995 0.95559971
vn -0.76420081 -0.39080041 0.51310054
vn -0.30469201 -0.63118346 0.71328131
vn -0.30469201 -0.63118346 0.71328131
vn -0.17530111 -0.69420439 0.69810442
vn 0.00000000 -0.70825577 0.70595592
vn 0.00000000 -0.94506332 0.32688731
vn -0.12129576 -0.93696722 0.32768853
vn -0.11629674 -0.95847312 0.26039270
vn -0.22040143 -0.94080609 0.25750167
vn -0.22040143 -0.94080609 0.25750167
vn -0.23519754 -0.91699043 0.32219664
vn -0.23519754 -0.91699043 0.32219664
vn -0.81382060 -0.52731335 0.24420618
vn -0.75562805 -0.61042266 0.23750882
vn -0.99654506 -0.07840355 0.02740124
vn -0.81152262 -0.56201566 0.15990446
vn -0.99693042 -0.07710235 0.01360041
vn -0.99846811 -0.05489825 0.00689978
vn -0.99764252 -0.06820291 0.00760032
vn -0.99819934 -0.05799996 0.01529999
vn -0.99655840 -0.06479730 0.05169784
vn -0.99252146 -0.11550250 0.03950085
vn -0.97977135 -0.19899418 0.02119938
vn -0.81226607 -0.58127572 0.04839798
vn -0.98135723 -0.19149165 0.01639929
vn -0.81093872 -0.58332785 0.04590219
vn -0.98946322 -0.14429464 0.01189956
vn -0.99853859 -0.05380208 0.00510020
vn -0.99858613 -0.05299926 0.00409994
vn -0.99793722 -0.06400239 0.00500019
vn -0.99761530 -0.06900106 0.00160002
vn -0.75977164 -0.63057646 0.15849408
vn -0.81896325 -0.56567462 0.09649567
vn -0.76081556 -0.64181313 0.09610197
vn -0.22849341 -0.96597214 0.12119650
vn -0.22849341 -0.96597214 0.12119650
vn -0.22809442 -0.97067626 0.07589814
vn -0.22809442 -0.97067626 0.07589814
vn -0.12280200 -0.98941608 0.07730126
vn -0.12190504 -0.99214105 0.02820117
vn -0.22758874 -0.97335185 0.02809861
vn -0.22758874 -0.97335185 0.02809861
vn -0.12099838 -0.99148668 -0.04809935
vn -0.23650270 -0.96931107 -0.06710077
vn -0.23650270 -0.96931107 -0.06710077
vn -0.81005364 -0.58616645 0.01489915
vn -0.99562642 -0.08900236 -0.02840075
vn -0.99663311 -0.08140270 -0.00980033
vn -0.75339127 -0.65689239 -0.02989965
vn -0.99243979 -0.09660387 -0.07570304
vn -0.23139504 -0.96467933 -0.12589730
vn -0.23139504 -0.96467933 -0.12589730
vn -0.75150606 -0.65590529 -0.07090057
vn -0.72100875 -0.53570650 -0.43950533
vn -0.24059088 -0.94836405 -0.20669217
vn -0.24059088 -0.94836405 -0.20669217
vn -0.32899004 -0.67697950 -0.65838006
vn -0.32899004 -0.67697950 -0.65838006
vn -0.31850565 -0.19130340 -0.92841648
vn -0.31850565 -0.19130340 -0.92841648
vn -0.22080152 -0.64690444 -0.72990501
vn -0.18310697 -0.19010724 -0.96453672
vn -0.17159423 -0.15829468 -0.97236732
vn -0.32539283 -0.13369705 -0.93607938
vn -0.32539283 -0.13369705 -0.93607938
vn 0.00000000 -0.18579773 -0.98258801
vn 0.00000000 -0.15539257 -0.98785280
vn 0.00000000 -0.65018177 -0.75977870
vn 0.17159423 -0.15829468 -0.97236732
vn 0.15189653 -0.66428482 -0.73188327
vn 0.17790625 -0.19350680 -0.96483391
vn 0.29569797 -0.16229889 -0.94139353
vn 0.29569797 -0.16229889 -0.94139353
vn 0.30699327 -0.65978553 -0.68588496
vn 0.30699327 -0.65978553 -0.68588496
vn 0.31250861 -0.20320560 -0.92792556
vn 0.31250861 -0.20320560 -0.92792556
vn 0.67676172 -0.48727244 -0.55186878
vn 0.78546636 -0.14789367 -0.60097426
vn 0.80281835 -0.12340282 -0.58331333
vn 0.99053827 -0.12650489 -0.05320206
vn 0.75669805 -0.22149943 -0.61509842
vn 0.99457784 -0.08149818 -0.06459856
vn 0.99766307 -0.06649754 -0.01569942
vn 0.99283163 -0.11940380 -0.00530017
vn 0.99245839 -0.09649595 -0.07559683
vn 0.99562642 -0.08900236 -0.02840075
vn 0.75200788 -0.62480655 -0.21000220
vn 0.75129888 -0.63479905 -0.18049973
vn 0.25109505 -0.96238104 -0.10379795
vn 0.25109505 -0.96238104 -0.10379795
vn 0.23650270 -0.96931107 -0.06710077
vn 0.23650270 -0.96931107 -0.06710077
vn 0.80327511 -0.59418159 -0.04119872
vn 0.99663311 -0.08140270 -0.00980033
vn 0.24879862 -0.96729464 0.04939973
vn 0.24879862 -0.96729464 0.04939973
vn 0.75707710 -0.64748041 -0.08719736
vn 0.24940001 -0.96350005 0.09730000
vn 0.24940001 -0.96350005 0.09730000
vn 0.81281921 -0.58081373 0.04450105
vn 0.99761530 -0.06900106 0.00160002
vn 0.99856980 -0.05329839 0.00419987
vn 0.99793722 -0.06400239 0.00500019
vn 0.99855972 -0.05359784 0.00239990
vn 0.98958610 -0.14349798 0.01129984
vn 0.98209287 -0.18789864 0.01369990
vn 0.99832088 -0.05780121 -0.00380008
vn 0.98228934 -0.18709797 0.01009989
vn 0.81063615 -0.58382604 0.04490200
vn 0.81112397 -0.58311723 0.04530134
vn 0.65212046 -0.75582371 0.05890185
vn 0.81140832 -0.58270597 0.04550047
vn 0.65528849 -0.75308677 0.05879897
vn 0.65517822 -0.75317496 0.05889804
vn 0.46701223 -0.88152309 0.06940182
vn 0.46690902 -0.88161702 0.06890133
vn 0.34999263 -0.93388034 0.07329846
vn 0.31220423 -0.94711284 0.07420101
vn 0.47030857 -0.87981603 0.06880125
vn 0.34169169 -0.93667721 0.07669813
vn 0.47268278 -0.87836801 0.07099741
vn 0.65200214 -0.75590248 0.05920019
vn 0.81089141 -0.58339382 0.04589951
vn 0.81127588 -0.58288267 0.04559864
vn 0.65088922 -0.75658747 0.06259896
vn 0.47193018 -0.87455593 0.11150713
vn 0.67240919 -0.73140999 0.11360155
vn 0.81230145 -0.58120104 0.04870009
vn 0.82801353 -0.55470906 0.08180134
vn 0.99252146 -0.11550250 0.03950085
vn 0.97975185 -0.19909022 0.02119896
vn 0.98135353 -0.19151045 0.01640089
vn 0.99847359 -0.05479855 0.00689982
vn 0.99853859 -0.05380208 0.00510020
vn 0.98946322 -0.14429464 0.01189956
vn 0.99764252 -0.06820291 0.00760032
vn 0.99693042 -0.07710235 0.01360041
vn 0.70681326 -0.69501304 0.13180247
vn 0.75749878 -0.65239895 -0.02389996
vn 0.24929729 -0.95798959 0.14179846
vn 0.24929729 -0.95798959 0.14179846
vn 0.23381182 -0.95784843 0.16690844
vn 0.23381182 -0.95784843 0.16690844
vn 0.12179578 -0.98466586 0.12489567
vn 0.11889417 -0.97365226 0.19459046
vn 0.11629674 -0.95847312 0.26039270
vn 0.24111027 -0.93053963 0.27561174
vn 0.24111027 -0.93053963 0.27561174
vn 0.11700410 -0.93673283 0.32991156
vn 0.22790663 -0.91342658 0.33720981
vn 0.22790663 -0.91342658 0.33720981
vn 0.75342650 -0.65192293 0.08570301
vn 0.78499480 -0.60279601 0.14289905
vn 0.99654506 -0.07840355 0.02740124
vn 0.99819934 -0.05799996 0.01529999
vn 0.99655840 -0.06479730 0.05169784
vn 0.99407035 -0.07429778 0.07939763
vn 0.76420081 -0.39080041 0.51310054
vn 0.92346989 -0.07639751 0.37598774
vn 0.96825162 -0.06679666 0.24088796
vn 0.87800688 -0.08630068 0.47080369
vn 0.93198426 -0.18439689 0.31209473
vn 0.93198426 -0.18439689 0.31209473
vn 0.96049663 -0.19099933 0.20239929
vn 0.78058473 -0.30889396 0.54338937
vn 0.78058473 -0.30889396 0.54338937
vn 0.63090314 -0.65680327 0.41300205
vn 0.55698022 -0.39408601 0.73107404
vn 0.55698022 -0.39408601 0.73107404
vn 0.46717382 -0.69546102 0.54596940
vn 0.29400475 -0.94731530 0.12710205
vn 0.09819552 -0.98595502 0.13509384
vn 0.02370011 -0.99550456 0.09170042
vn 0.06659686 -0.98665343 0.14859299
vn 0.44359707 -0.71009531 0.54679639
vn 0.04570191 -0.99514163 0.08720365
vn 0.01280026 -0.99672056 0.07990165
vn 0.01959980 -0.99668990 0.07889920
vn 0.01809924 -0.99675793 0.07839669
vn 0.01120031 -0.99682735 0.07880216
vn 0.02009917 -0.99675880 0.07789678
vn 0.28709548 -0.95498496 0.07469882
vn 0.31221347 -0.94714087 0.07380319
vn 0.47038968 -0.87978069 0.06869849
vn 0.45770708 -0.88641371 0.06910107
vn 0.64608093 -0.76097754 0.05909826
vn 0.64520526 -0.76250621 0.04790039
vn 0.81583787 -0.57732680 0.03320154
vn 0.84385782 -0.53487326 -0.04259787
vn 0.69685728 -0.71295629 -0.07799522
vn 0.55458269 -0.64267995 -0.52858351
vn 0.71277709 -0.41738658 -0.56368188
vn 0.46578935 -0.88487976 -0.00529988
vn 0.44130571 -0.89491157 0.06620086
vn 0.34139189 -0.93737772 0.06909836
vn 0.28610366 -0.95801225 0.01890024
vn 0.34980485 -0.93401294 0.07250100
vn 0.01810079 -0.99684329 0.07730336
vn 0.01959910 -0.99685414 0.07679647
vn 0.01290051 -0.99703936 0.07580299
vn 0.04570111 -0.99662427 0.06820166
vn 0.01109966 -0.99696949 0.07699764
vn 0.04829990 -0.99639804 0.06969986
vn 0.04610012 -0.99590256 0.07780020
vn 0.01070004 -0.99690373 0.07790029
vn 0.04830155 -0.99513199 0.08590276
vn 0.05640092 -0.99361629 0.09770160
vn 0.54807162 -0.81855761 0.17199109
vn 0.55221442 -0.83062170 0.07160187
vn 0.88196285 -0.46988021 0.03679845
vn 0.88196285 -0.46988021 0.03679845
vn 0.54568227 -0.83687281 -0.04329859
vn 0.86484877 -0.48392729 -0.13360754
vn 0.86484877 -0.48392729 -0.13360754
vn 0.90818877 -0.41449487 -0.05819928
vn 0.00000000 1.00000000 0.00000000
vn 0.89272719 -0.42461293 -0.15080459
vn 0.00000000 1.00000000 0.00000000
vn 0.81580967 -0.49490587 -0.29920355
vn 0.81580967 -0.49490587 -0.29920355
vn 0.83865540 -0.44017659 -0.32078294
vn 0.00000000 1.00000000 0.00000000
vn 0.87258433 -0.43039227 -0.23099585
vn 0.00000000 1.00000000 0.00000000
vn 0.50719971 -0.84999952 -0.14229992
vn 0.73351840 -0.50811275 -0.45141133
vn 0.73351840 -0.50811275 -0.45141133
vn 0.80226312 -0.44557952 -0.39728174
vn 0.00000000 1.00000000 0.00000000
vn 0.00000000 1.00000000 0.00000000
vn 0.75351755 -0.45461059 -0.47491106
vn 0.51470726 -0.79131117 -0.33000466
vn 0.62401179 -0.51860980 -0.58451104
vn 0.62401179 -0.51860980 -0.58451104
vn 0.00000000 1.00000000 0.00000000
vn 0.70406711 -0.45897856 -0.54187469
vn 0.63990049 -0.46710036 -0.61020047
vn 0.00000000 1.00000000 0.00000000
vn 0.47738681 -0.77317864 -0.41748847
vn 0.51358238 -0.52668193 -0.67737676
vn 0.51358238 -0.52668193 -0.67737676
vn 0.57699873 -0.47079896 -0.66739853
vn 0.00000000 1.00000000 0.00000000
vn 0.00000000 1.00000000 0.00000000
vn 0.52287674 -0.47637881 -0.70686855
vn 0.37040599 -0.78761273 -0.49240796
vn 0.40860596 -0.46000670 -0.78831149
vn 0.40860596 -0.46000670 -0.78831149
vn 0.45141530 -0.82232787 -0.34641174
vn 0.45822323 -0.47362401 -0.75213813
vn 0.00000000 1.00000000 0.00000000
vn 0.00000000 1.00000000 0.00000000
vn 0.33812096 -0.46962911 -0.81555056
vn 0.40581949 -0.80523866 -0.43232076
vn 0.34510936 -0.33790916 -0.87562374
vn 0.34510936 -0.33790916 -0.87562374
vn 0.34510936 -0.33790916 -0.87562374
vn 0.16589509 -0.46058637 -0.87197420
vn 0.00000000 -0.47172458 -0.88174595
vn 0.00000000 1.00000000 0.00000000
vn 0.25279440 -0.47448948 -0.84318131
vn 0.17650433 -0.48251184 -0.85792106
vn 0.00000000 1.00000000 0.00000000
vn 0.14479902 -0.38379741 -0.91199385
vn 0.14479902 -0.38379741 -0.91199385
vn 0.00000000 -0.32291011 -0.94642964
vn 0.00000000 -0.32291011 -0.94642964
vn 0.16339904 -0.16599902 -0.97249426
vn 0.36790963 -0.23710621 -0.89912354
vn 0.36790963 -0.23710621 -0.89912354
vn -0.00100003 -0.15930467 -0.98722896
vn -0.16699301 -0.16199322 -0.97255927
vn -0.36790963 -0.23710621 -0.89912354
vn -0.36790963 -0.23710621 -0.89912354
vn -0.18249276 -0.35088609 -0.91846358
vn -0.18249276 -0.35088609 -0.91846358
vn -0.16379476 -0.46228521 -0.87147212
vn -0.32528858 -0.31368899 -0.89206869
vn -0.32528858 -0.31368899 -0.89206869
vn -0.32528858 -0.31368899 -0.89206869
vn -0.71750559 -0.37040289 -0.58990460
vn -0.41140541 -0.45560600 -0.78941039
vn -0.41140541 -0.45560600 -0.78941039
vn -0.63859709 -0.53669756 -0.55149749
vn -0.51358238 -0.52668193 -0.67737676
vn -0.51358238 -0.52668193 -0.67737676
vn -0.44597807 -0.82525942 -0.34648296
vn -0.35792258 -0.86205438 -0.35882263
vn -0.41711985 -0.76613646 -0.48892327
vn -0.33812096 -0.46962911 -0.81555056
vn 0.00000000 1.00000000 0.00000000
vn 0.00000000 1.00000000 0.00000000
vn -0.45822323 -0.47362401 -0.75213813
vn 0.00000000 1.00000000 0.00000000
vn -0.52287674 -0.47637881 -0.70686855
vn 0.00000000 1.00000000 0.00000000
vn -0.57699873 -0.47079896 -0.66739853
vn -0.63990049 -0.46710036 -0.61020047
vn 0.00000000 1.00000000 0.00000000
vn -0.62401179 -0.51860980 -0.58451104
vn -0.62401179 -0.51860980 -0.58451104
vn -0.70406711 -0.45897856 -0.54187469
vn 0.00000000 1.00000000 0.00000000
vn 0.00000000 1.00000000 0.00000000
vn -0.75351755 -0.45461059 -0.47491106
vn 0.00000000 1.00000000 0.00000000
vn -0.80226312 -0.44557952 -0.39728174
vn -0.73351840 -0.50811275 -0.45141133
vn -0.73351840 -0.50811275 -0.45141133
vn -0.81584311 -0.49486549 -0.29917914
vn -0.81584311 -0.49486549 -0.29917914
vn -0.55219452 -0.82099185 -0.14509856
vn -0.53521378 -0.79392044 -0.28850743
vn -0.07389671 -0.99675562 0.03189858
vn -0.53010387 -0.76020555 -0.37560274
vn -0.05640190 -0.99673355 0.05780195
vn -0.04829990 -0.99639804 0.06969986
vn -0.01290051 -0.99703936 0.07580299
vn -0.02369941 -0.99767496 0.06389840
vn -0.06690294 -0.99774377 0.00560025
vn -0.09940073 -0.99490733 0.01670012
vn -0.04580091 -0.99661971 0.06820135
vn -0.01959910 -0.99685414 0.07679647
vn -0.34139189 -0.93737772 0.06909836
vn -0.28610366 -0.95801225 0.01890024
vn -0.46578935 -0.88487976 -0.00529988
vn -0.43092073 -0.89994330 0.06640319
vn -0.65951357 -0.75041544 0.04380090
vn -0.69680584 -0.71300598 -0.07800065
vn -0.34980485 -0.93401294 0.07250100
vn -0.44869348 -0.89098706 0.06939899
vn -0.31218390 -0.94715117 0.07379620
vn -0.46679287 -0.88168652 0.06879895
vn -0.65439887 -0.75389870 0.05829990
vn -0.81058882 -0.58389195 0.04489938
vn -0.81583787 -0.57732680 0.03320154
vn -0.65470303 -0.75360349 0.05870027
vn -0.81112397 -0.58311723 0.04530134
vn -0.46698721 -0.88157586 0.06889811
vn -0.65528849 -0.75308677 0.05879897
vn -0.81142668 -0.58271916 0.04500148
vn -0.65517822 -0.75317496 0.05889804
vn -0.46690902 -0.88161702 0.06890133
vn -0.34999263 -0.93388034 0.07329846
vn -0.31220423 -0.94711284 0.07420101
vn -0.47030857 -0.87981603 0.06880125
vn -0.34169169 -0.93667721 0.07669813
vn -0.47268278 -0.87836801 0.07099741
vn -0.65200214 -0.75590248 0.05920019
vn -0.65088922 -0.75658747 0.06259896
vn -0.81127588 -0.58288267 0.04559864
vn -0.98958610 -0.14349798 0.01129984
vn -0.98209287 -0.18789864 0.01369990
vn -0.99856507 -0.05349813 0.00239992
vn -0.99832088 -0.05780121 -0.00380008
vn -0.98227095 -0.18719446 0.01009970
vn -0.99766307 -0.06649754 -0.01569942
vn -0.99283110 -0.11940374 -0.00540017
vn -0.99457784 -0.08149818 -0.06459856
vn -0.99053827 -0.12650489 -0.05320206
vn -0.76456040 -0.19618984 -0.61396820
vn -0.78681240 -0.17450275 -0.59200933
vn -0.82249743 -0.21759932 -0.52549836
vn -0.84382902 -0.53491840 -0.04260147
vn -0.47188891 -0.87457944 0.11149738
vn -0.67240919 -0.73140999 0.11360155
vn -0.91580033 -0.20580007 0.34490012
vn -0.59759640 -0.63449618 0.49019705
vn -0.82801353 -0.55470906 0.08180134
vn -0.78058473 -0.30889396 0.54338937
vn -0.78058473 -0.30889396 0.54338937
vn -0.43689218 -0.72628700 0.53069050
vn -0.29391339 -0.94734315 0.12710579
vn -0.55698022 -0.39408601 0.73107404
vn -0.55698022 -0.39408601 0.73107404
vn -0.09819552 -0.98595502 0.13509384
vn -0.02370011 -0.99550456 0.09170042
vn -0.04570191 -0.99514163 0.08720365
vn -0.39121709 -0.71483122 0.57962532
vn -0.06659686 -0.98665343 0.14859299
vn -0.07390194 -0.98962592 0.12320323
vn -0.10930493 -0.97744411 0.18070816
vn -0.44981069 -0.67821611 0.58111380
vn -0.63519617 -0.40099758 0.66009602
vn -0.63519617 -0.40099758 0.66009602
vn -0.74151905 -0.41661070 0.52591351
vn -0.74151905 -0.41661070 0.52591351
vn -0.45808314 -0.81007018 0.36598653
vn -0.82048722 -0.43209327 0.37429417
vn -0.82048722 -0.43209327 0.37429417
vn -0.54469412 -0.78179156 0.30349673
vn -0.86761816 -0.45190946 0.20740434
vn -0.86761816 -0.45190946 0.20740434
vn -0.54806928 -0.81845412 0.17249033
vn -0.05640092 -0.99361629 0.09770160
vn -0.01120031 -0.99682735 0.07880216
vn -0.04830155 -0.99513199 0.08590276
vn -0.01280026 -0.99672056 0.07990165
vn -0.01959980 -0.99668990 0.07889920
vn -0.01809924 -0.99675793 0.07839669
vn -0.02009917 -0.99675880 0.07789678
vn -0.28709548 -0.95498496 0.07469882
vn -0.01810079 -0.99684329 0.07730336
vn -0.01070004 -0.99690373 0.07790029
vn -0.01119964 -0.99696838 0.07699756
vn -0.04610012 -0.99590256 0.07780020
vn -0.55243791 -0.83165707 0.05620386
vn -0.54352404 -0.83833708 -0.04210186
vn -0.86484877 -0.48392729 -0.13360754
vn -0.86484877 -0.48392729 -0.13360754
vn -0.88196285 -0.46988021 0.03679845
vn -0.88196285 -0.46988021 0.03679845
vn 0.00000000 1.00000000 0.00000000
vn -0.89272719 -0.42461293 -0.15080459
vn -0.90818877 -0.41449487 -0.05819928
vn 0.00000000 1.00000000 0.00000000
vn 0.00000000 1.00000000 0.00000000
vn -0.91252085 -0.40820933 0.02590059
vn -0.90952172 -0.39740949 0.12180291
vn 0.00000000 1.00000000 0.00000000
vn 0.00000000 1.00000000 0.00000000
vn -0.89751833 -0.39110799 0.20370416
vn 0.00000000 1.00000000 0.00000000
vn -0.87632493 -0.38051083 0.29540840
vn 0.00000000 1.00000000 0.00000000
vn -0.84791693 -0.37430747 0.37540750
vn 0.00000000 1.00000000 0.00000000
vn -0.80779405 -0.36419732 0.46349659
vn -0.76554383 -0.35912056 0.53383056
vn 0.00000000 1.00000000 0.00000000
vn -0.71330402 -0.35000197 0.60720342
vn 0.00000000 1.00000000 0.00000000
vn 0.00000000 1.00000000 0.00000000
vn -0.65492578 -0.34581361 0.67192645
vn -0.58708186 -0.33758957 0.73577726
vn 0.00000000 1.00000000 0.00000000
vn 0.00000000 1.00000000 0.00000000
vn -0.55439527 -0.33649713 0.76119351
vn -0.51870835 -0.33540540 0.78641266
vn 0.00000000 1.00000000 0.00000000
vn -0.53691064 -0.39450782 0.74571478
vn -0.53691064 -0.39450782 0.74571478
vn 0.00000000 1.00000000 0.00000000
vn -0.54466989 -0.33518147 0.76875750
vn 0.00000000 1.00000000 0.00000000
vn -0.57611619 -0.33330937 0.74632098
vn 0.00000000 1.00000000 0.00000000
vn -0.70981837 -0.31260809 0.63121634
vn 0.00000000 1.00000000 0.00000000
vn -0.86147790 -0.26049332 0.43588882
vn -0.93241729 -0.21960407 0.28700532
vn 0.00000000 1.00000000 0.00000000
vn -0.87258433 -0.43039227 -0.23099585
vn 0.00000000 1.00000000 0.00000000
vn -0.83869231 -0.44009596 -0.32079706
vn 0.00000000 1.00000000 0.00000000
vn -0.10920487 -0.99364427 -0.02730122
vn 0.00000000 1.00000000 0.00000000
vn -0.25279440 -0.47448948 -0.84318131
vn 0.00000000 1.00000000 0.00000000
vn -0.17650433 -0.48251184 -0.85792106
vn -0.08999936 -0.48189659 -0.87159382
vn 0.00000000 1.00000000 0.00000000
vn 0.00000000 1.00000000 0.00000000
vn 0.00000000 -0.48390987 -0.87511784
vn 0.00000000 1.00000000 0.00000000
vn 0.08999936 -0.48189659 -0.87159382
vn 0.09940073 -0.99490733 0.01670012
vn 0.06690294 -0.99774377 0.00560025
vn 0.02369956 -0.99768133 0.06379881
vn 0.07389671 -0.99675562 0.03189858
vn 0.10920487 -0.99364427 -0.02730122
vn 0.05640190 -0.99673355 0.05780195
vn 0.00000000 1.00000000 0.00000000
vn 0.91252085 -0.40820933 0.02590059
vn 0.00000000 1.00000000 0.00000000
vn 0.90953279 -0.39741433 0.12170439
vn 0.00000000 1.00000000 0.00000000
vn 0.89751833 -0.39110799 0.20370416
vn 0.86761816 -0.45190946 0.20740434
vn 0.86761816 -0.45190946 0.20740434
vn 0.00000000 1.00000000 0.00000000
vn 0.87632493 -0.38051083 0.29540840
vn 0.84791693 -0.37430747 0.37540750
vn 0.00000000 1.00000000 0.00000000
vn 0.00000000 1.00000000 0.00000000
vn 0.80779405 -0.36419732 0.46349659
vn 0.82048722 -0.43209327 0.37429417
vn 0.82048722 -0.43209327 0.37429417
vn 0.74160306 -0.41660172 0.52580217
vn 0.74160306 -0.41660172 0.52580217
vn 0.56999099 -0.72818849 0.38059399
vn 0.54842856 -0.78514088 0.28771498
vn 0.07390285 -0.98963811 0.12310474
vn 0.10929425 -0.97744857 0.18069049
vn 0.38580118 -0.81160248 0.43870134
vn 0.63519617 -0.40099758 0.66009602
vn 0.63519617 -0.40099758 0.66009602
vn 0.53691064 -0.39450782 0.74571478
vn 0.53691064 -0.39450782 0.74571478
vn 0.58708186 -0.33758957 0.73577726
vn 0.00000000 1.00000000 0.00000000
vn 0.65492578 -0.34581361 0.67192645
vn 0.00000000 1.00000000 0.00000000
vn 0.00000000 1.00000000 0.00000000
vn 0.71330402 -0.35000197 0.60720342
vn 0.76554383 -0.35912056 0.53383056
vn 0.00000000 1.00000000 0.00000000
vn 0.55439527 -0.33649713 0.76119351
vn 0.00000000 1.00000000 0.00000000
vn 0.00000000 1.00000000 0.00000000
vn 0.51870835 -0.33540540 0.78641266
vn 0.54466989 -0.33518147 0.76875750
vn 0.00000000 1.00000000 0.00000000
vn 0.00000000 1.00000000 0.00000000
vn 0.57611619 -0.33330937 0.74632098
vn 0.00000000 1.00000000 0.00000000
vn 0.70981837 -0.31260809 0.63121634
vn 0.86147790 -0.26049332 0.43588882
vn 0.00000000 1.00000000 0.00000000
vn 0.93241729 -0.21960407 0.28700532
vn 0.00000000 1.00000000 0.00000000
vn 0.00000000 1.00000000 0.00000000
vn 0.92346197 -0.20959137 0.32138676
vn 0.88506096 -0.20299105 0.41888152
vn 0.88506096 -0.20299105 0.41888152
vn 0.82843908 -0.22471060 0.51302420
vn 0.00000000 1.00000000 0.00000000
vn 0.68719686 -0.21829900 0.69289683
vn 0.00000000 1.00000000 0.00000000
vn 0.43479706 -0.19349869 0.87949405
vn 0.43479706 -0.19349869 0.87949405
vn 0.00000000 1.00000000 0.00000000
vn 0.58482517 -0.17190740 0.79273411
vn 0.58482517 -0.17190740 0.79273411
vn 0.58482517 -0.17190740 0.79273411
vn 0.25469199 -0.14179554 0.95656992
vn 0.60540504 -0.29730248 0.73830615
vn 0.60540504 -0.29730248 0.73830615
vn 0.33609541 -0.16819770 0.92668733
vn 0.00000000 1.00000000 0.00000000
vn 0.24910853 -0.15350526 0.95623275
vn 0.00000000 1.00000000 0.00000000
vn 0.12710562 -0.14150626 0.98174342
vn 0.00000000 1.00000000 0.00000000
vn 0.00000000 1.00000000 0.00000000
vn 0.00000000 -0.13849485 0.99036315
vn -0.00110005 -0.14420684 0.98954696
vn 0.00000000 1.00000000 0.00000000
vn -0.12710562 -0.14150626 0.98174342
vn 0.00000000 1.00000000 0.00000000
vn -0.24910853 -0.15350526 0.95623275
vn -0.26039764 -0.14139872 0.95509134
vn 0.00000000 1.00000000 0.00000000
vn -0.33609541 -0.16819770 0.92668733
vn 0.00000000 1.00000000 0.00000000
vn -0.43471596 -0.19350710 0.87953228
vn -0.43471596 -0.19350710 0.87953228
vn 0.00000000 1.00000000 0.00000000
vn -0.68714408 -0.21831400 0.69294445
vn 0.00000000 -0.16610146 0.98610867
vn 0.24609910 -0.15789942 0.95629650
vn 0.24540844 -0.24810854 0.93713225
vn 0.57750493 -0.03790032 0.81550697
vn 0.57750493 -0.03790032 0.81550697
vn 0.19369122 -0.67696930 0.71006780
vn 0.29268129 -0.63865917 0.71165450
vn 0.29268129 -0.63865917 0.71165450
vn 0.00000000 -0.26000216 0.96560803
vn 0.00000000 -0.96477074 0.26309202
vn 0.00000000 -0.98038403 0.19709679
vn -0.11889417 -0.97365226 0.19459046
vn -0.12179578 -0.98466586 0.12489567
vn -0.23381182 -0.95784843 0.16690844
vn -0.23381182 -0.95784843 0.16690844
vn 0.00000000 -0.99202976 0.12600378
vn 0.00000000 -0.99696141 0.07789699
vn 0.00000000 -0.99960511 0.02810014
vn 0.12270350 -0.98942823 0.07730221
vn 0.12190504 -0.99214105 0.02820117
vn 0.00000000 -0.99881828 -0.04860089
vn 0.12099838 -0.99148668 -0.04809935
vn 0.00000000 -0.99273704 -0.12030449
vn 0.12330468 -0.98503741 -0.12040457
vn 0.13089523 -0.97396454 -0.18509326
vn 0.00000000 -0.98266440 -0.18539328
vn -0.12330468 -0.98503741 -0.12040457
vn -0.13089523 -0.97396454 -0.18509326
vn 0.25491229 -0.94954579 -0.18270881
vn 0.25491229 -0.94954579 -0.18270881
vn -0.99407035 -0.07429778 0.07939763
vn -0.03159976 -0.04259967 0.99859237
vn 0.00000000 -1.00000000 0.00000000
vn -0.12049499 -0.14369402 0.98225912
vn 0.00000000 -1.00000000 0.00000000
vn 0.00000000 -0.13859292 0.99034943
vn 0.00000000 -1.00000000 0.00000000
vn 0.12049499 -0.14369402 0.98225912
vn -0.19939260 0.02239917 0.97966365
vn 0.00000000 0.09729565 0.99525552
vn 0.16419794 -0.07609904 0.98348766
vn 0.35118658 -0.05009809 0.93496426
vn 0.35118658 -0.05009809 0.93496426
vn 0.18819210 0.09569598 0.97745896
vn 0.00000000 -1.00000000 0.00000000
vn 0.24420349 -0.15340219 0.95751367
vn 0.00000000 -1.00000000 0.00000000
vn 0.31890085 -0.17280046 0.93190249
vn 0.00000000 -1.00000000 0.00000000
vn 0.42759281 -0.19319675 0.88308516
vn 0.42759281 -0.19319675 0.88308516
vn 0.00000000 -1.00000000 0.00000000
vn 0.67085472 -0.21528547 0.70965210
vn 0.83540228 -0.22360061 0.50210137
vn 0.00000000 -1.00000000 0.00000000
vn 0.77637611 -0.12729608 0.61728101
vn 0.88391401 -0.16780266 0.43650692
vn 0.74988877 0.06369905 0.65849014
vn 0.41809711 0.11499921 0.90109377
vn 0.41809711 0.11499921 0.90109377
vn 0.88870201 0.04470010 0.45630103
vn 0.69850864 0.06960086 0.71220881
vn 0.69366101 -0.18678950 0.69566090
vn 0.68941373 -0.31660631 0.65151298
vn 0.00000000 -1.00000000 0.00000000
vn 0.57473538 -0.33362054 0.74724600
vn 0.00000000 -1.00000000 0.00000000
vn 0.59029475 -0.03799966 0.80629283
vn 0.58137370 0.07929641 0.80976336
vn 0.52631866 -0.19540693 0.82752934
vn 0.00000000 -1.00000000 0.00000000
vn 0.54430475 -0.33520293 0.76900672
vn 0.51870835 -0.33540540 0.78641266
vn 0.00000000 -1.00000000 0.00000000
vn 0.55351834 -0.33651115 0.76182524
vn 0.00000000 -1.00000000 0.00000000
vn 0.58628189 -0.33788956 0.73627725
vn 0.00000000 -1.00000000 0.00000000
vn 0.00000000 -1.00000000 0.00000000
vn 0.64951523 -0.34530810 0.67741589
vn 0.63711108 -0.20280353 0.74361294
vn 0.00000000 -1.00000000 0.00000000
vn 0.71297673 -0.35018857 0.60748017
vn 0.00000000 -1.00000000 0.00000000
vn 0.76034795 -0.35832260 0.54173417
vn 0.00000000 -1.00000000 0.00000000
vn 0.80793308 -0.36411491 0.46331897
vn 0.76433750 -0.21581059 0.60762981
vn 0.86281242 -0.23110333 0.44960647
vn 0.71090986 0.06880095 0.69990971
vn 0.83282005 0.05390130 0.55091326
vn 0.92373398 0.03730137 0.38121403
vn 0.92923836 -0.24841025 0.27351129
vn 0.98075973 0.01899922 0.19429202
vn 0.95985119 -0.26631420 0.08810470
vn 1.00000000 0.00000000 0.00010000
vn 0.95360671 -0.28410200 -0.09960070
vn 0.98069870 -0.01899997 -0.19459974
vn 0.92375210 -0.03719807 -0.38118023
vn 0.91071881 -0.30120622 -0.28260584
vn 0.00000000 -1.00000000 0.00000000
vn 0.84288489 -0.43919213 -0.31089443
vn 0.80236248 -0.44557916 -0.39708143
vn 0.00000000 -1.00000000 0.00000000
vn 0.83299460 -0.31709794 -0.45339706
vn 0.00000000 -1.00000000 0.00000000
vn 0.75888352 -0.45389015 -0.46698986
vn 0.00000000 -1.00000000 0.00000000
vn 0.70388407 -0.45888962 -0.54218773
vn 0.72351738 -0.33110795 -0.60571455
vn 0.83113023 -0.05430197 -0.55342013
vn 0.70676053 -0.06919614 -0.70406068
vn 0.55520650 -0.08150095 -0.82770969
vn 0.58981155 -0.33840663 -0.73321436
vn 0.52891229 -0.47571105 -0.70281633
vn 0.00000000 -1.00000000 0.00000000
vn 0.44879962 -0.46959960 -0.76029936
vn 0.00000000 -1.00000000 0.00000000
vn 0.42711041 -0.34420839 -0.83612038
vn 0.34421005 -0.46941370 -0.81312374
vn 0.00000000 -1.00000000 0.00000000
vn 0.00000000 -1.00000000 0.00000000
vn 0.25741089 -0.47652016 -0.84063557
vn 0.24948814 -0.35348320 -0.90155715
vn 0.38250098 -0.09060023 -0.91950236
vn 0.19460615 -0.09540302 -0.97623087
vn 0.00000000 -0.41019835 -0.91199633
vn 0.00000000 -0.09799868 -0.99518655
vn -0.19460615 -0.09540302 -0.97623087
vn -0.18550509 -0.37921040 -0.90652487
vn -0.38238391 -0.09049619 -0.91956130
vn -0.36540208 -0.37310212 -0.85280486
vn -0.55502218 -0.08150326 -0.82783308
vn -0.53320354 -0.36810244 -0.76170505
vn -0.70650592 -0.06930058 -0.70430591
vn -0.83116115 -0.05429746 -0.55337413
vn -0.67340020 -0.36090011 -0.64520019
vn -0.79187359 -0.34748841 -0.50218325
vn 0.00000000 -1.00000000 0.00000000
vn -0.64631442 -0.46631040 -0.60401348
vn -0.57657079 -0.47037617 -0.66806615
vn 0.00000000 -1.00000000 0.00000000
vn 0.00000000 -1.00000000 0.00000000
vn -0.52891229 -0.47571105 -0.70281633
vn 0.00000000 -1.00000000 0.00000000
vn -0.44879962 -0.46959960 -0.76029936
vn -0.34418206 -0.46937554 -0.81315762
vn 0.00000000 -1.00000000 0.00000000
vn -0.25740152 -0.47640281 -0.84070496
vn 0.00000000 -1.00000000 0.00000000
vn 0.00000000 -1.00000000 0.00000000
vn -0.17819650 -0.48249053 -0.85758317
vn 0.00000000 -1.00000000 0.00000000
vn -0.08989934 -0.48209646 -0.87149361
vn 0.00000000 -0.48410537 -0.87500971
vn 0.00000000 -1.00000000 0.00000000
vn 0.09000203 -0.48221090 -0.87141969
vn 0.00000000 -1.00000000 0.00000000
vn 0.17820319 -0.48260863 -0.85751533
vn 0.00000000 -1.00000000 0.00000000
vn 0.00000000 -1.00000000 0.00000000
vn -0.70388407 -0.45888962 -0.54218773
vn -0.75884111 -0.45392459 -0.46702530
vn 0.00000000 -1.00000000 0.00000000
vn -0.80232685 -0.44561491 -0.39711329
vn 0.00000000 -1.00000000 0.00000000
vn 0.00000000 -1.00000000 0.00000000
vn -0.84288489 -0.43919213 -0.31089443
vn -0.91708196 -0.14779709 -0.37029272
vn -0.97388576 -0.13019810 -0.18599728
vn -0.98071778 -0.01900034 -0.19450353
vn -0.92373053 -0.03740124 -0.38121260
vn -1.00000000 0.00000000 0.00010000
vn -0.98075591 0.01900108 0.19431108
vn -0.99372889 -0.11160324 0.00690020
vn -0.97536314 -0.09289649 0.20009244
vn -0.91260435 -0.40710194 0.03770018
vn 0.00000000 -1.00000000 0.00000000
vn -0.90822641 -0.41441205 -0.05820169
vn 0.00000000 -1.00000000 0.00000000
vn 0.00000000 -1.00000000 0.00000000
vn -0.89499732 -0.42359873 -0.13979958
vn 0.00000000 -1.00000000 0.00000000
vn -0.87260172 -0.43030085 -0.23110046
vn -0.90952172 -0.39740949 0.12180291
vn 0.00000000 -1.00000000 0.00000000
vn 0.00000000 -1.00000000 0.00000000
vn -0.89535113 -0.38997871 0.21508826
vn 0.00000000 -1.00000000 0.00000000
vn -0.87629904 -0.38049958 0.29549968
vn -0.91909927 -0.07459994 0.38689969
vn 0.00000000 -1.00000000 0.00000000
vn -0.84368978 -0.37329548 0.38579533
vn 0.00000000 -1.00000000 0.00000000
vn -0.80793308 -0.36411491 0.46331897
vn -0.82839274 -0.05839949 0.55709512
vn 0.00000000 -1.00000000 0.00000000
vn -0.76034795 -0.35832260 0.54173417
vn 0.00000000 -1.00000000 0.00000000
vn -0.71297673 -0.35018857 0.60748017
vn -0.64951523 -0.34530810 0.67741589
vn 0.00000000 -1.00000000 0.00000000
vn -0.70612185 -0.04400136 0.70672187
vn -0.57832495 -0.22510971 0.78413383
vn -0.60580661 0.07770085 0.79180864
vn -0.71095932 0.06879606 0.69985995
vn -0.83301892 0.05390122 0.55061251
vn -0.92374865 0.03729793 0.38117881
vn -0.58137370 0.07929641 0.80976336
vn -0.69850864 0.06960086 0.71220881
vn -0.62315786 -0.20278629 0.75534893
vn -0.73632394 -0.21120687 0.64282090
vn -0.51870835 -0.33540540 0.78641266
vn 0.00000000 -1.00000000 0.00000000
vn 0.00000000 -1.00000000 0.00000000
vn -0.54430475 -0.33520293 0.76900672
vn -0.57480235 -0.33360136 0.74720305
vn 0.00000000 -1.00000000 0.00000000
vn 0.00000000 -1.00000000 0.00000000
vn -0.68946620 -0.31658448 0.65146806
vn -0.84413017 -0.26960963 0.46341656
vn 0.00000000 -1.00000000 0.00000000
vn -0.86065713 -0.05049748 0.50667476
vn -0.92458015 -0.22439518 0.30789339
vn 0.00000000 -1.00000000 0.00000000
vn 0.00000000 -1.00000000 0.00000000
vn -0.92546003 -0.20929096 0.31578636
vn 0.00000000 -1.00000000 0.00000000
vn -0.83537901 -0.22349438 0.50218738
vn -0.78865744 -0.08029567 0.60956710
vn 0.00000000 -1.00000000 0.00000000
vn -0.67079972 -0.21529991 0.70969971
vn -0.42759281 -0.19319675 0.88308516
vn -0.42759281 -0.19319675 0.88308516
vn 0.00000000 -1.00000000 0.00000000
vn 0.00000000 -1.00000000 0.00000000
vn -0.31890085 -0.17280046 0.93190249
vn -0.43521154 -0.15130401 0.88752353
vn -0.43521154 -0.15130401 0.88752353
vn -0.18819210 0.09569598 0.97745896
vn -0.48221472 0.10000305 0.87032658
vn -0.48221472 0.10000305 0.87032658
vn -0.73328745 0.06619887 0.67668842
vn -0.88870201 0.04470010 0.45630103
vn -0.24420349 -0.15340219 0.95751367
vn 0.00000000 -1.00000000 0.00000000
vn -0.55351834 -0.33651115 0.76182524
vn 0.00000000 -1.00000000 0.00000000
vn 0.00000000 -1.00000000 0.00000000
vn -0.58628189 -0.33788956 0.73627725
vn 0.00000000 -1.00000000 0.00000000
vn 0.57650403 -0.47040329 -0.66810467
vn 0.64628428 -0.46638866 -0.60398531
vn 0.00000000 -1.00000000 0.00000000
vn 0.00000000 -1.00000000 0.00000000
vn 0.87260172 -0.43030085 -0.23110046
vn 0.00000000 -1.00000000 0.00000000
vn 0.89499732 -0.42359873 -0.13979958
vn 0.00000000 -1.00000000 0.00000000
vn 0.90822641 -0.41441205 -0.05820169
vn 0.00000000 -1.00000000 0.00000000
vn 0.91264150 -0.40701851 0.03770171
vn 0.90952172 -0.39740949 0.12180291
vn 0.00000000 -1.00000000 0.00000000
vn 0.89535113 -0.38997871 0.21508826
vn 0.00000000 -1.00000000 0.00000000
vn 0.87629904 -0.38049958 0.29549968
vn 0.00000000 -1.00000000 0.00000000
vn 0.84368978 -0.37329548 0.38579533
vn 0.00000000 -1.00000000 0.00000000
vn 0.60580661 0.07770085 0.79180864
vn 0.84413017 -0.26960963 0.46341656
vn 0.00000000 -1.00000000 0.00000000
vn 0.92455168 -0.22438827 0.30798391
vn 0.00000000 -1.00000000 0.00000000
vn 0.92544568 -0.20931033 0.31581559
vn 0.00000000 -1.00000000 0.00000000
vt 0.74283600 0.05199900
vt 0.19202400 0.01293700
vt 0.38562500 0.70812700
vt 0.74497000 0.03387500
vt 0.38574300 0.71545500
vt 0.74648800 0.03398200
vt 0.74744300 0.05402700
vt 0.19425300 0.00800100
vt 0.62038400 0.08125900
vt 0.73775600 0.05278100
vt 0.19269900 0.01837800
vt 0.21131100 0.01786200
vt 0.22894500 0.02046000
vt 0.21416400 0.02049800
vt 0.21199800 0.01172500
vt 0.60061800 0.08291900
vt 0.22797200 0.01638800
vt 0.58218500 0.08297100
vt 0.58164200 0.09257700
vt 0.59902700 0.09182500
vt 0.23424800 0.02129400
vt 0.57332400 0.08458300
vt 0.23588600 0.01877400
vt 0.57401400 0.09274800
vt 0.57446200 0.10301000
vt 0.56814500 0.10311400
vt 0.56758700 0.09241900
vt 0.55507400 0.09251500
vt 0.55461000 0.08408800
vt 0.24121800 0.03513900
vt 0.23845100 0.02420700
vt 0.56683700 0.08405200
vt 0.23557700 0.02568900
vt 0.23798800 0.03588900
vt 0.23229700 0.03594300
vt 0.24028100 0.04921500
vt 0.23430300 0.04922800
vt 0.21845300 0.04922200
vt 0.23529700 0.06293300
vt 0.21732400 0.03593000
vt 0.21582300 0.02555100
vt 0.19591600 0.02619600
vt 0.19640100 0.03608800
vt 0.19382700 0.03654500
vt 0.19638600 0.04929400
vt 0.19384500 0.04950600
vt 0.19638000 0.06295800
vt 0.21901500 0.06292900
vt 0.21915200 0.07684600
vt 0.23554400 0.07684300
vt 0.23530300 0.09075200
vt 0.24142400 0.06292800
vt 0.24170900 0.07684300
vt 0.24142900 0.09075400
vt 0.52453000 0.08466900
vt 0.24474600 0.06281200
vt 0.50942400 0.08491000
vt 0.24503800 0.07684300
vt 0.50956300 0.09332900
vt 0.49455100 0.09357700
vt 0.49431200 0.08515900
vt 0.24475000 0.09088200
vt 0.47964700 0.09382900
vt 0.24354300 0.10458700
vt 0.47951900 0.08542600
vt 0.24026300 0.10417600
vt 0.23222300 0.11671700
vt 0.23429200 0.10419600
vt 0.23790700 0.11665700
vt 0.23019500 0.12599700
vt 0.24108300 0.11756500
vt 0.46523100 0.08572400
vt 0.23554900 0.12574200
vt 0.23447400 0.12897000
vt 0.23835500 0.12731500
vt 0.45412200 0.08616500
vt 0.44914600 0.08661000
vt 0.23618100 0.13123500
vt 0.44209500 0.08588800
vt 0.23006600 0.13293400
vt 0.44900600 0.09480900
vt 0.44250900 0.09437200
vt 0.42516200 0.09440100
vt 0.21447700 0.13409400
vt 0.42492000 0.08569200
vt 0.44294300 0.10517900
vt 0.42561400 0.10546500
vt 0.44903700 0.10507900
vt 0.42552800 0.11654000
vt 0.44934500 0.11534700
vt 0.44286500 0.11599800
vt 0.29150800 0.13409600
vt 0.42557200 0.12525200
vt 0.44975500 0.12353700
vt 0.26979800 0.13123900
vt 0.44273100 0.12449100
vt 0.27591600 0.13293600
vt 0.27150500 0.12897200
vt 0.27659200 0.12976300
vt 0.29112400 0.13064400
vt 0.30991600 0.12715000
vt 0.31029500 0.13096300
vt 0.29002400 0.12666900
vt 0.28869200 0.11708600
vt 0.30957800 0.11745600
vt 0.27578300 0.12599800
vt 0.27375300 0.11671800
vt 0.27043000 0.12574400
vt 0.26807100 0.11665900
vt 0.46586000 0.12389100
vt 0.26489700 0.11756700
vt 0.26243500 0.10458900
vt 0.48015000 0.12371800
vt 0.26571200 0.10417500
vt 0.27168600 0.10419500
vt 0.26122700 0.09088400
vt 0.49494400 0.12349600
vt 0.26454800 0.09075400
vt 0.51005600 0.12324900
vt 0.26093500 0.07684300
vt 0.26426700 0.07684200
vt 0.27067300 0.09075200
vt 0.28682400 0.07684600
vt 0.27043300 0.07684300
vt 0.28696000 0.09076200
vt 0.30960000 0.07685100
vt 0.30960600 0.09074500
vt 0.28753200 0.10429900
vt 0.30960300 0.10437000
vt 0.31217400 0.10419100
vt 0.31214500 0.09067900
vt 0.31335700 0.09063700
vt 0.31212600 0.07685800
vt 0.31332500 0.07686300
vt 0.31332300 0.06309200
vt 0.31451400 0.07686500
vt 0.31451400 0.06315900
vt 0.31707400 0.05026900
vt 0.31701300 0.06332500
vt 0.31455700 0.04982200
vt 0.31721600 0.03816200
vt 0.31466500 0.03722000
vt 0.31334900 0.04964600
vt 0.31213000 0.04950600
vt 0.31212200 0.06303900
vt 0.31341200 0.03685000
vt 0.31514200 0.02797400
vt 0.31363700 0.02717800
vt 0.31214700 0.03654500
vt 0.31201800 0.02669400
vt 0.31005900 0.02619600
vt 0.30957400 0.03608800
vt 0.30959100 0.04929300
vt 0.28752300 0.04922000
vt 0.28696000 0.06293000
vt 0.30959700 0.06295900
vt 0.27067800 0.06293200
vt 0.27167200 0.04922600
vt 0.26569300 0.04921400
vt 0.26455400 0.06292900
vt 0.52516200 0.12299100
vt 0.26123200 0.06281300
vt 0.54021300 0.12275500
vt 0.26239800 0.04887000
vt 0.52492500 0.11457400
vt 0.54003500 0.11433900
vt 0.55543100 0.11414300
vt 0.55524500 0.12257900
vt 0.26475600 0.03513900
vt 0.56794000 0.11382400
vt 0.56746700 0.12221200
vt 0.26752600 0.02420700
vt 0.26798900 0.03589200
vt 0.27039500 0.02568900
vt 0.27367500 0.03594300
vt 0.28864900 0.03593000
vt 0.29015300 0.02555300
vt 0.27579600 0.02555100
vt 0.27172700 0.02129500
vt 0.27702800 0.02046000
vt 0.29180900 0.02049800
vt 0.29466300 0.01786200
vt 0.40010200 0.05829700
vt 0.31327700 0.01837700
vt 0.31153300 0.02246200
vt 0.31587300 0.01982700
vt 0.40251600 0.05573200
vt 0.31599800 0.02460800
vt 0.40446500 0.05368100
vt 0.31819200 0.02047900
vt 0.31851500 0.02566600
vt 0.31708400 0.02896100
vt 0.31970900 0.03037900
vt 0.32744800 0.04177000
vt 0.32516800 0.03366800
vt 0.32405400 0.02966200
vt 0.32043400 0.03932300
vt 0.32993800 0.05247800
vt 0.32092500 0.05094200
vt 0.32126500 0.06362500
vt 0.33151100 0.06434800
vt 0.32140300 0.07684200
vt 0.31701100 0.07685800
vt 0.31706600 0.09039600
vt 0.31455900 0.09057500
vt 0.31465600 0.10391500
vt 0.31342100 0.10407800
vt 0.31352900 0.11685200
vt 0.31221100 0.11709300
vt 0.31197900 0.12679300
vt 0.31368400 0.12666900
vt 0.31453500 0.13072100
vt 0.31254700 0.13129500
vt 0.31536700 0.12582900
vt 0.31483200 0.11651200
vt 0.31742600 0.11557600
vt 0.31737300 0.12483600
vt 0.31719100 0.10346300
vt 0.32132700 0.09006300
vt 0.32106100 0.10275700
vt 0.33008000 0.10113900
vt 0.32067600 0.11439100
vt 0.33157700 0.08925900
vt 0.34181100 0.08847600
vt 0.34274500 0.07675700
vt 0.33208100 0.07680200
vt 0.34174400 0.06504300
vt 0.33891900 0.05392500
vt 0.34595500 0.06526100
vt 0.34710300 0.07673900
vt 0.35187800 0.07672300
vt 0.46958200 0.04493700
vt 0.34602400 0.08821900
vt 0.35073400 0.08894700
vt 0.48200600 0.04479200
vt 0.47226200 0.02506300
vt 0.40126200 0.36620900
vt 0.48151500 0.02402600
vt 0.40115100 0.31559400
vt 0.49453100 0.04463300
vt 0.34731400 0.10070100
vt 0.49400900 0.02270800
vt 0.40056600 0.25139800
vt 0.48426700 0.02376800
vt 0.40103800 0.30320900
vt 0.34282600 0.09917700
vt 0.50708600 0.04446500
vt 0.34175100 0.11150500
vt 0.49625500 0.02251100
vt 0.40040700 0.24210000
vt 0.39954800 0.19157500
vt 0.50648300 0.02145800
vt 0.33765600 0.10911800
vt 0.33452800 0.12101600
vt 0.51959800 0.04421800
vt 0.39937900 0.18517200
vt 0.50824600 0.02130800
vt 0.51892000 0.02028100
vt 0.39814000 0.13849800
vt 0.33123500 0.11763500
vt 0.53195300 0.04384300
vt 0.32617600 0.12894700
vt 0.52024400 0.02017000
vt 0.39798400 0.13456300
vt 0.39638800 0.09461700
vt 0.53131500 0.01910600
vt 0.32419800 0.12430700
vt 0.31595600 0.13481400
vt 0.54495000 0.04527700
vt 0.31622200 0.12938600
vt 0.53225900 0.01900600
vt 0.39626500 0.09231800
vt 0.39435900 0.06136600
vt 0.54370000 0.01788700
vt 0.31855200 0.12849800
vt 0.31204200 0.13506400
vt 0.40196000 0.12809700
vt 0.54856300 0.04846700
vt 0.55720700 0.04271800
vt 0.56881000 0.04238000
vt 0.39424400 0.06039100
vt 0.54440500 0.01783800
vt 0.55602800 0.01689400
vt 0.39213100 0.04105800
vt 0.55775400 0.04744500
vt 0.40098400 0.11786000
vt 0.40078600 0.10587500
vt 0.56889600 0.04713600
vt 0.40799400 0.11727000
vt 0.30871500 0.13384200
vt 0.40661500 0.12759400
vt 0.40787800 0.10575800
vt 0.40761400 0.09424800
vt 0.19726800 0.13384000
vt 0.40589500 0.08397800
vt 0.40058900 0.09389000
vt 0.58003800 0.04704500
vt 0.58041800 0.04230100
vt 0.40122600 0.08363100
vt 0.58926000 0.04774000
vt 0.19394400 0.13506300
vt 0.19344000 0.13129500
vt 0.59275600 0.04442100
vt 0.19002500 0.13481400
vt 0.19144800 0.13072100
vt 0.60568600 0.04253100
vt 0.17980300 0.12894900
vt 0.18976200 0.12938700
vt 0.18178200 0.12430800
vt 0.18742800 0.12850000
vt 0.59303900 0.01700500
vt 0.38526400 0.06136600
vt 0.38335800 0.09231800
vt 0.60451500 0.01771700
vt 0.38323500 0.09461700
vt 0.60546000 0.01778300
vt 0.38163900 0.13456300
vt 0.61656400 0.01846200
vt 0.61788900 0.01852700
vt 0.38148200 0.13849800
vt 0.61803300 0.04247600
vt 0.17145000 0.12101800
vt 0.62859500 0.01919700
vt 0.38024400 0.18517200
vt 0.38007500 0.19157500
vt 0.63036000 0.01928800
vt 0.37921600 0.24210000
vt 0.64061900 0.01999900
vt 0.63053400 0.04230100
vt 0.16422900 0.11150700
vt 0.64307900 0.04205000
vt 0.15866500 0.10070300
vt 0.16315300 0.09917900
vt 0.16832200 0.10912100
vt 0.17136300 0.10958200
vt 0.17474200 0.11763600
vt 0.16692100 0.09960600
vt 0.16416800 0.08847600
vt 0.17589700 0.10113900
vt 0.17828600 0.11187300
vt 0.18050700 0.12007900
vt 0.18599700 0.12344200
vt 0.18530100 0.11439300
vt 0.18491500 0.10275800
vt 0.18855400 0.11557600
vt 0.18860500 0.12483600
vt 0.19061400 0.12583200
vt 0.19114600 0.11651200
vt 0.19244600 0.11685200
vt 0.19229300 0.12666800
vt 0.18878700 0.10346200
vt 0.19132500 0.10391400
vt 0.18891000 0.09039600
vt 0.19141900 0.09057400
vt 0.19255200 0.10407800
vt 0.19380000 0.10419300
vt 0.19376500 0.11709400
vt 0.19261800 0.09063600
vt 0.19383100 0.09067900
vt 0.19146200 0.07686400
vt 0.19265100 0.07686400
vt 0.19384900 0.07685800
vt 0.19265300 0.06309200
vt 0.19146200 0.06315900
vt 0.18890400 0.05026800
vt 0.18896500 0.06332600
vt 0.19141900 0.04982200
vt 0.18875600 0.03816200
vt 0.19131100 0.03722000
vt 0.19262600 0.04964600
vt 0.19256600 0.03684900
vt 0.19385300 0.06303900
vt 0.19637600 0.07685100
vt 0.19637100 0.09074400
vt 0.21901700 0.09076200
vt 0.21844700 0.10429900
vt 0.19637300 0.10436900
vt 0.21728600 0.11708500
vt 0.19639800 0.11745500
vt 0.21595600 0.12666700
vt 0.19606100 0.12714600
vt 0.21485700 0.13064300
vt 0.22939000 0.12976300
vt 0.19569100 0.13095900
vt 0.19399600 0.12679500
vt 0.19083300 0.02797400
vt 0.19233700 0.02717700
vt 0.19444200 0.02246100
vt 0.18997300 0.02460800
vt 0.19395700 0.02669400
vt 0.73526900 0.05028700
vt 0.19010100 0.01982700
vt 0.18746200 0.02566500
vt 0.18889100 0.02896200
vt 0.18778200 0.02047900
vt 0.73326700 0.04828700
vt 0.18626500 0.03037900
vt 0.17852900 0.04177100
vt 0.18554000 0.03932200
vt 0.18192100 0.02966100
vt 0.18080600 0.03366900
vt 0.17159000 0.04398100
vt 0.17563000 0.03766600
vt 0.17501800 0.03604000
vt 0.71458900 0.04332200
vt 0.17172000 0.03266600
vt 0.16448700 0.04198100
vt 0.70352600 0.04211600
vt 0.16855200 0.04441000
vt 0.69198900 0.04144700
vt 0.15882000 0.05275700
vt 0.16329100 0.05431700
vt 0.68016600 0.04134100
vt 0.15531700 0.06450100
vt 0.16002100 0.06526300
vt 0.16705800 0.05392600
vt 0.17446300 0.06434800
vt 0.16423300 0.06504600
vt 0.17603600 0.05248100
vt 0.18504900 0.05094300
vt 0.18471000 0.06362600
vt 0.18457200 0.07684300
vt 0.18896600 0.07685900
vt 0.18465000 0.09006300
vt 0.17389400 0.07680200
vt 0.17439800 0.08926100
vt 0.16323300 0.07676000
vt 0.15887200 0.07674100
vt 0.15995400 0.08822200
vt 0.65559600 0.04179600
vt 0.15524300 0.08894900
vt 0.15410000 0.07672500
vt 0.66801000 0.04153300
vt 0.37847200 0.31559400
vt 0.65540000 0.02102800
vt 0.66468300 0.02175800
vt 0.37836100 0.36620900
vt 0.37832700 0.38148200
vt 0.66794000 0.02196400
vt 0.67675700 0.02269500
vt 0.37854600 0.42890200
vt 0.37862600 0.44650100
vt 0.68045100 0.02295300
vt 0.37912200 0.48918500
vt 0.68880800 0.02372300
vt 0.37934200 0.50819400
vt 0.69286500 0.02410300
vt 0.38006800 0.54502400
vt 0.70074800 0.02529000
vt 0.70512100 0.02589000
vt 0.38044700 0.56421200
vt 0.71245700 0.02725100
vt 0.38133000 0.59430000
vt 0.38185100 0.61211100
vt 0.71699800 0.02806900
vt 0.72373600 0.02963600
vt 0.38283400 0.63481100
vt 0.38346700 0.64952100
vt 0.72822100 0.03065600
vt 0.73325800 0.03191200
vt 0.38425000 0.66455000
vt 0.17980500 0.02520300
vt 0.72486900 0.04504200
vt 0.38486300 0.67630000
vt 0.73727000 0.03290500
vt 0.38519300 0.68359000
vt 0.73951800 0.03337400
vt 0.38535200 0.68719000
vt 0.74063400 0.03358900
vt 0.38545500 0.69176800
vt 0.74167000 0.03369500
vt 0.74300300 0.03378500
vt 0.38554600 0.69814900
vt 0.65264300 0.02086100
vt 0.37858500 0.30320900
vt 0.64286900 0.02012100
vt 0.37905700 0.25139800
vt 0.17533700 0.11598300
vt 0.38537900 0.06039100
vt 0.59233200 0.01698100
vt 0.38749200 0.04105800
vt 0.58068200 0.01645200
vt 0.58016900 0.01645100
vt 0.38757900 0.04079600
vt 0.38981100 0.03409100
vt 0.56835100 0.01639900
vt 0.39204400 0.04079600
vt 0.55654000 0.01687400
vt 0.31998000 0.12344100
vt 0.32547200 0.12007700
vt 0.32769200 0.11187100
vt 0.33461700 0.10958100
vt 0.33064300 0.11597900
vt 0.33905700 0.09960600
vt 0.40129600 0.38148200
vt 0.46901100 0.02537600
vt 0.40107700 0.42890200
vt 0.46022500 0.02639600
vt 0.40099600 0.44650100
vt 0.45653700 0.02677600
vt 0.35065900 0.06449800
vt 0.45741200 0.04514500
vt 0.40050100 0.48918500
vt 0.44821300 0.02781400
vt 0.44416300 0.02832300
vt 0.40028100 0.50819400
vt 0.39955500 0.54502400
vt 0.43632200 0.02974400
vt 0.34715600 0.05275600
vt 0.44557800 0.04562800
vt 0.43404600 0.04665000
vt 0.34148700 0.04197900
vt 0.33742300 0.04441000
vt 0.34268300 0.05431700
vt 0.33438600 0.04398000
vt 0.33034500 0.03766400
vt 0.33095500 0.03604100
vt 0.42300700 0.04818000
vt 0.33425400 0.03266400
vt 0.32616800 0.02520200
vt 0.41277100 0.05019500
vt 0.41346200 0.03476600
vt 0.39678900 0.63481100
vt 0.42014900 0.03300700
vt 0.39777200 0.61211100
vt 0.39829300 0.59430000
vt 0.42467100 0.03205700
vt 0.43196100 0.03047800
vt 0.39917600 0.56421200
vt 0.40900400 0.03591300
vt 0.39615600 0.64952100
vt 0.39537200 0.66455000
vt 0.40400500 0.03731200
vt 0.40002100 0.03841900
vt 0.39476000 0.67630000
vt 0.39442900 0.68359000
vt 0.39778600 0.03895000
vt 0.39427100 0.68719000
vt 0.39667500 0.03919400
vt 0.39564300 0.03933000
vt 0.39416800 0.69176800
vt 0.39431300 0.03945800
vt 0.39407700 0.69814900
vt 0.39399800 0.70812700
vt 0.39234800 0.03960400
vt 0.31394700 0.01293800
vt 0.39499800 0.05766000
vt 0.39083400 0.03975600
vt 0.39388000 0.71545500
vt 0.38891000 0.04007700
vt 0.39366400 0.72355000
vt 0.64375400 0.12473600
vt 0.38618700 0.04067600
vt 0.39325500 0.73218300
vt 0.62107700 0.12323600
vt 0.31172100 0.00800000
vt 0.39045500 0.05982100
vt 0.62069800 0.11386100
vt 0.60126700 0.12222800
vt 0.29397700 0.01172400
vt 0.64382800 0.11825800
vt 0.39229400 0.74028800
vt 0.64396400 0.11446900
vt 0.39175200 0.74686000
vt 0.64376000 0.10650700
vt 0.39050200 0.75085300
vt 0.38981100 0.75371000
vt 0.64372400 0.10186700
vt 0.62047000 0.10225100
vt 0.38912100 0.75085300
vt 0.64360600 0.09723000
vt 0.38787100 0.74686000
vt 0.64354800 0.08926700
vt 0.62031500 0.09064200
vt 0.38732900 0.74028800
vt 0.64328700 0.08548400
vt 0.38636700 0.73218300
vt 0.75115900 0.03476700
vt 0.64300000 0.07901200
vt 0.38595900 0.72355000
vt 0.74842300 0.03424700
vt 0.59920000 0.10260200
vt 0.59938200 0.11338200
vt 0.58198300 0.11320000
vt 0.27800000 0.01638900
vt 0.58284200 0.12278600
vt 0.57435300 0.11328200
vt 0.27009000 0.01877400
vt 0.57393300 0.12146700
vt 0.58186200 0.10288800
vt 0.55546300 0.10332300
vt 0.53983700 0.10358100
vt 0.53968000 0.09282500
vt 0.52457100 0.09308800
vt 0.24357900 0.04887100
vt 0.53958000 0.08440900
vt 0.52468800 0.10383100
vt 0.50974000 0.10407800
vt 0.49479300 0.10432400
vt 0.50991700 0.11482700
vt 0.49490500 0.11507400
vt 0.47982200 0.10457100
vt 0.48000200 0.11531700
vt 0.46472200 0.10482000
vt 0.46521800 0.11554000
vt 0.45387200 0.11553400
vt 0.45322800 0.10501000
vt 0.46486400 0.09409400
vt 0.45352500 0.09447400
vt 0.26762600 0.12731700
vt 0.45474300 0.12381800
vt 0.23017800 0.02555000
vt 0.65910300 0.10161300
vt 0.38913700 0.75112400
vt 0.64397200 0.09733300
vt 0.38981100 0.75391400
vt 0.64408800 0.10186100
vt 0.39048600 0.75112400
vt 0.64412200 0.10639100
vt 0.65887400 0.08836000
vt 0.66072000 0.10158700
vt 0.65931200 0.11487000
vt 0.38333400 0.02787700
vt 0.65891600 0.12573900
vt 0.66093900 0.11498600
vt 0.39175600 0.74706800
vt 0.64433000 0.11447800
vt 0.39228400 0.74065300
vt 0.64419600 0.11817700
vt 0.39326100 0.73241600
vt 0.38611800 0.04036600
vt 0.64412200 0.12476000
vt 0.39367700 0.72364400
vt 0.38888500 0.03975600
vt 0.39076200 0.03944400
vt 0.39388800 0.71574900
vt 0.38789700 0.02712500
vt 0.39051000 0.02708000
vt 0.38777200 0.02573000
vt 0.38311000 0.02646800
vt 0.66053300 0.12580500
vt 0.39043500 0.02568500
vt 0.39218500 0.02557500
vt 0.39236000 0.02698000
vt 0.39656500 0.03888400
vt 0.39427800 0.68768100
vt 0.39764800 0.03864600
vt 0.39443200 0.68417200
vt 0.39647700 0.02624700
vt 0.39619600 0.02487200
vt 0.40589800 0.02413600
vt 0.39477000 0.67673100
vt 0.39992900 0.03810400
vt 0.40381000 0.03702500
vt 0.39536600 0.66528600
vt 0.40892100 0.03559600
vt 0.39616800 0.64992300
vt 0.41325800 0.03447900
vt 0.39678300 0.63560900
vt 0.39778700 0.61242500
vt 0.42008800 0.03268300
vt 0.41802000 0.02170500
vt 0.39829300 0.59512500
vt 0.42448000 0.03176000
vt 0.39919400 0.56442400
vt 0.43191900 0.03014900
vt 0.39956100 0.54583400
vt 0.43614400 0.02943800
vt 0.43060100 0.01992700
vt 0.44337600 0.01870100
vt 0.41776600 0.02031900
vt 0.43041300 0.01853300
vt 0.44325500 0.01722300
vt 0.45613300 0.01828800
vt 0.45605800 0.01693800
vt 0.46879600 0.01804800
vt 0.46873300 0.01668100
vt 0.48136900 0.01787800
vt 0.48132300 0.01648800
vt 0.49385200 0.01631300
vt 0.49389000 0.01771600
vt 0.40058700 0.25100600
vt 0.49400100 0.02236600
vt 0.49609300 0.02218200
vt 0.40043900 0.24234500
vt 0.50638100 0.01754300
vt 0.39956700 0.19106400
vt 0.50647400 0.02111400
vt 0.39941300 0.18522400
vt 0.50808200 0.02097700
vt 0.51883600 0.01732500
vt 0.50634100 0.01613000
vt 0.51878800 0.01593400
vt 0.53118800 0.01554900
vt 0.53126000 0.01693900
vt 0.53130700 0.01875800
vt 0.39640000 0.09389300
vt 0.53209800 0.01867400
vt 0.39629700 0.09196400
vt 0.54362900 0.01632900
vt 0.54368400 0.01754100
vt 0.39436700 0.06062100
vt 0.39427700 0.05986200
vt 0.54423300 0.01750300
vt 0.55597300 0.01569500
vt 0.54355400 0.01493400
vt 0.55591900 0.01429300
vt 0.56833200 0.01532400
vt 0.56830600 0.01391900
vt 0.58069800 0.01384900
vt 0.58069400 0.01525300
vt 0.59308100 0.01405000
vt 0.59305500 0.01544500
vt 0.60546300 0.01422500
vt 0.60544000 0.01561600
vt 0.61787300 0.01417500
vt 0.63032300 0.01395700
vt 0.61787100 0.01557000
vt 0.63033000 0.01537100
vt 0.38146600 0.13787500
vt 0.61788700 0.01818000
vt 0.61671700 0.01812300
vt 0.38160400 0.13440100
vt 0.38322300 0.09389300
vt 0.60545700 0.01743500
vt 0.38332600 0.09196400
vt 0.60466400 0.01738000
vt 0.59304200 0.01665800
vt 0.38525600 0.06062100
vt 0.59249300 0.01664000
vt 0.38534500 0.05986200
vt 0.38748700 0.04026800
vt 0.58068600 0.01610400
vt 0.38754900 0.04008300
vt 0.58032200 0.01610300
vt 0.56834500 0.01605000
vt 0.38981100 0.03328600
vt 0.55637600 0.01653200
vt 0.39207400 0.04008300
vt 0.55601200 0.01654600
vt 0.39213500 0.04026800
vt 0.38021000 0.18522400
vt 0.62874700 0.01886000
vt 0.63035700 0.01894300
vt 0.38005600 0.19106400
vt 0.64077000 0.01966500
vt 0.37918400 0.24234500
vt 0.37903600 0.25100600
vt 0.64286600 0.01977900
vt 0.64282200 0.01512800
vt 0.65534200 0.01487900
vt 0.65534300 0.01348600
vt 0.64281300 0.01372400
vt 0.66793400 0.01326600
vt 0.68061300 0.01310600
vt 0.66791400 0.01463200
vt 0.68058300 0.01445700
vt 0.66793900 0.02162600
vt 0.37830400 0.38134000
vt 0.66483100 0.02142900
vt 0.37833700 0.36677000
vt 0.37845000 0.31532600
vt 0.65539700 0.02068800
vt 0.37855700 0.30362600
vt 0.65279200 0.02053000
vt 0.67690800 0.02237000
vt 0.37852700 0.42957900
vt 0.37860500 0.44648200
vt 0.68045600 0.02261800
vt 0.37910900 0.48994500
vt 0.68896600 0.02340200
vt 0.69335200 0.01445900
vt 0.37932200 0.50829500
vt 0.69288200 0.02376900
vt 0.38006100 0.54583400
vt 0.70091700 0.02497800
vt 0.70616200 0.01530300
vt 0.38042900 0.56442400
vt 0.70515400 0.02556000
vt 0.38133000 0.59512500
vt 0.71263900 0.02694900
vt 0.71704900 0.02774300
vt 0.38183600 0.61242500
vt 0.71879200 0.01670700
vt 0.73098500 0.01879200
vt 0.73124600 0.01741000
vt 0.71900600 0.01531800
vt 0.70630900 0.01390400
vt 0.69342500 0.01297700
vt 0.74070100 0.01925400
vt 0.74473200 0.01984700
vt 0.74046200 0.02063700
vt 0.74459600 0.02125600
vt 0.73344400 0.03162000
vt 0.38425600 0.66528500
vt 0.38485300 0.67673100
vt 0.73735200 0.03258700
vt 0.73964600 0.03306600
vt 0.38519000 0.68417200
vt 0.38534500 0.68768100
vt 0.74073500 0.03327500
vt 0.74179000 0.03338400
vt 0.38544900 0.69234500
vt 0.74645000 0.02130400
vt 0.74308900 0.03347100
vt 0.38553800 0.69856500
vt 0.38561600 0.70829200
vt 0.74500700 0.03355900
vt 0.38573500 0.71574900
vt 0.74655200 0.03366800
vt 0.74906500 0.02127200
vt 0.38594600 0.72364400
vt 0.74843800 0.03392600
vt 0.75121900 0.03445500
vt 0.64336700 0.07897500
vt 0.38636100 0.73241600
vt 0.38733900 0.74065300
vt 0.64365800 0.08555300
vt 0.65812000 0.07750900
vt 0.75364300 0.02189100
vt 0.66049700 0.08818800
vt 0.65973400 0.07739100
vt 0.75382700 0.02047800
vt 0.74914200 0.01986900
vt 0.74648100 0.01990900
vt 0.64391300 0.08924500
vt 0.38786700 0.74706800
vt 0.72829500 0.03033600
vt 0.38345500 0.64992300
vt 0.38284000 0.63560900
vt 0.72393200 0.02934400
vt 0.39801900 0.13440100
vt 0.52007900 0.01983700
vt 0.51891100 0.01993500
vt 0.39815700 0.13787500
vt 0.40106600 0.30362600
vt 0.48410600 0.02344200
vt 0.40117300 0.31532600
vt 0.48150700 0.02368600
vt 0.40128600 0.36677000
vt 0.47210200 0.02474000
vt 0.40131800 0.38134000
vt 0.46900100 0.02503900
vt 0.46006300 0.02607600
vt 0.40109600 0.42957900
vt 0.45652100 0.02644100
vt 0.40101800 0.44648200
vt 0.44804500 0.02749800
vt 0.40051400 0.48994500
vt 0.44413600 0.02799000
vt 0.40030100 0.50829500
vt 0.40559600 0.02276400
vt 0.39551400 0.03902200
vt 0.39417300 0.69234500
vt 0.39421700 0.03914700
vt 0.39408500 0.69856500
vt 0.39230200 0.03929000
vt 0.39400700 0.70829200
f 10/10/10 1/1/1 4/4/4
f 4/4/4 472/472/472 10/10/10
f 1/1/1 6/6/6 4/4/4
f 1/1/1 7/7/7 581/581/581
f 581/581/581 6/6/6 1/1/1
f 12/12/12 8/8/8 2/2/2
f 2/2/2 11/11/11 12/12/12
f 11/11/11 14/14/14 12/12/12
f 12/12/12 13/13/13 17/17/17
f 12/12/12 14/14/14 13/13/13
f 12/12/12 15/15/15 8/8/8
f 15/15/15 12/12/12 17/17/17
f 20/20/20 16/16/16 18/18/18
f 24/24/24 19/19/19 18/18/18
f 20/20/20 18/18/18 19/19/19
f 21/21/21 17/17/17 13/13/13
f 21/21/21 23/23/23 17/17/17
f 24/24/24 18/18/18 22/22/22
f 19/19/19 24/24/24 25/25/25
f 24/24/24 26/26/26 25/25/25
f 27/27/27 24/24/24 22/22/22
f 24/24/24 27/27/27 26/26/26
f 29/29/29 28/28/28 27/27/27
f 28/28/28 26/26/26 27/27/27
f 29/29/29 27/27/27 32/32/32
f 27/27/27 22/22/22 32/32/32
f 34/34/34 30/30/30 31/31/31
f 34/34/34 31/31/31 33/33/33
f 23/23/23 33/33/33 31/31/31
f 34/34/34 35/35/35 37/37/37
f 35/35/35 34/34/34 33/33/33
f 30/30/30 34/34/34 36/36/36
f 34/34/34 37/37/37 36/36/36
f 40/40/40 38/38/38 37/37/37
f 38/38/38 39/39/39 37/37/37
f 39/39/39 36/36/36 37/37/37
f 40/40/40 37/37/37 35/35/35
f 41/41/41 40/40/40 35/35/35
f 42/42/42 40/40/40 41/41/41
f 42/42/42 43/43/43 40/40/40
f 43/43/43 38/38/38 40/40/40
f 43/43/43 45/45/45 38/38/38
f 44/44/44 43/43/43 42/42/42
f 44/44/44 45/45/45 43/43/43
f 44/44/44 46/46/46 45/45/45
f 46/46/46 47/47/47 45/45/45
f 45/45/45 47/47/47 48/48/48
f 45/45/45 48/48/48 38/38/38
f 47/47/47 49/49/49 48/48/48
f 38/38/38 48/48/48 39/39/39
f 48/48/48 49/49/49 50/50/50
f 48/48/48 50/50/50 39/39/39
f 49/49/49 51/51/51 50/50/50
f 52/52/52 39/39/39 50/50/50
f 51/51/51 53/53/53 50/50/50
f 52/52/52 50/50/50 53/53/53
f 56/56/56 52/52/52 53/53/53
f 51/51/51 54/54/54 53/53/53
f 54/54/54 58/58/58 53/53/53
f 56/56/56 53/53/53 58/58/58
f 59/59/59 55/55/55 57/57/57
f 60/60/60 59/59/59 57/57/57
f 60/60/60 57/57/57 61/61/61
f 54/54/54 62/62/62 58/58/58
f 63/63/63 61/61/61 65/65/65
f 63/63/63 60/60/60 61/61/61
f 62/62/62 66/66/66 64/64/64
f 62/62/62 54/54/54 66/66/66
f 69/69/69 64/64/64 66/66/66
f 67/67/67 66/66/66 68/68/68
f 67/67/67 69/69/69 66/66/66
f 54/54/54 68/68/68 66/66/66
f 69/69/69 70/70/70 73/73/73
f 69/69/69 67/67/67 70/70/70
f 69/69/69 71/71/71 64/64/64
f 71/71/71 69/69/69 73/73/73
f 74/74/74 73/73/73 70/70/70
f 71/71/71 73/73/73 75/75/75
f 73/73/73 74/74/74 78/78/78
f 73/73/73 78/78/78 75/75/75
f 82/82/82 77/77/77 79/79/79
f 74/74/74 80/80/80 78/78/78
f 81/81/81 76/76/76 77/77/77
f 82/82/82 81/81/81 77/77/77
f 85/85/85 83/83/83 82/82/82
f 83/83/83 86/86/86 82/82/82
f 85/85/85 82/82/82 79/79/79
f 81/81/81 82/82/82 86/86/86
f 83/83/83 87/87/87 86/86/86
f 89/89/89 86/86/86 87/87/87
f 90/90/90 88/88/88 86/86/86
f 81/81/81 86/86/86 88/88/88
f 89/89/89 91/91/91 86/86/86
f 90/90/90 86/86/86 91/91/91
f 93/93/93 91/91/91 89/89/89
f 93/93/93 96/96/96 91/91/91
f 91/91/91 94/94/94 90/90/90
f 91/91/91 96/96/96 94/94/94
f 100/100/100 97/97/97 92/92/92
f 98/98/98 97/97/97 99/99/99
f 98/98/98 95/95/95 97/97/97
f 100/100/100 99/99/99 97/97/97
f 101/101/101 100/100/100 102/102/102
f 101/101/101 103/103/103 100/100/100
f 102/102/102 100/100/100 92/92/92
f 103/103/103 99/99/99 100/100/100
f 105/105/105 103/103/103 101/101/101
f 104/104/104 106/106/106 103/103/103
f 105/105/105 104/104/104 103/103/103
f 103/103/103 106/106/106 99/99/99
f 109/109/109 106/106/106 107/107/107
f 104/104/104 107/107/107 106/106/106
f 98/98/98 106/106/106 108/108/108
f 98/98/98 99/99/99 106/106/106
f 109/109/109 108/108/108 106/106/106
f 107/107/107 114/114/114 109/109/109
f 111/111/111 108/108/108 109/109/109
f 109/109/109 112/112/112 111/111/111
f 109/109/109 114/114/114 112/112/112
f 107/107/107 115/115/115 114/114/114
f 118/118/118 114/114/114 115/115/115
f 116/116/116 114/114/114 118/118/118
f 116/116/116 112/112/112 114/114/114
f 118/118/118 120/120/120 116/116/116
f 118/118/118 121/121/121 120/120/120
f 118/118/118 115/115/115 122/122/122
f 122/122/122 121/121/121 118/118/118
f 123/123/123 122/122/122 125/125/125
f 123/123/123 124/124/124 122/122/122
f 125/125/125 122/122/122 115/115/115
f 122/122/122 124/124/124 121/121/121
f 126/126/126 123/123/123 125/125/125
f 126/126/126 125/125/125 127/127/127
f 125/125/125 115/115/115 128/128/128
f 127/127/127 125/125/125 128/128/128
f 127/127/127 128/128/128 129/129/129
f 129/129/129 128/128/128 104/104/104
f 128/128/128 107/107/107 104/104/104
f 128/128/128 115/115/115 107/107/107
f 131/131/131 127/127/127 129/129/129
f 131/131/131 129/129/129 130/130/130
f 130/130/130 129/129/129 105/105/105
f 129/129/129 104/104/104 105/105/105
f 130/130/130 132/132/132 131/131/131
f 131/131/131 132/132/132 134/134/134
f 131/131/131 134/134/134 133/133/133
f 133/133/133 127/127/127 131/131/131
f 133/133/133 134/134/134 135/135/135
f 137/137/137 135/135/135 134/134/134
f 136/136/136 134/134/134 132/132/132
f 137/137/137 134/134/134 136/136/136
f 136/136/136 139/139/139 137/137/137
f 140/140/140 135/135/135 137/137/137
f 137/137/137 138/138/138 140/140/140
f 137/137/137 139/139/139 138/138/138
f 140/140/140 141/141/141 142/142/142
f 140/140/140 138/138/138 141/141/141
f 142/142/142 143/143/143 140/140/140
f 140/140/140 143/143/143 135/135/135
f 144/144/144 143/143/143 146/146/146
f 145/145/145 143/143/143 144/144/144
f 145/145/145 135/135/135 143/143/143
f 142/142/142 146/146/146 143/143/143
f 147/147/147 146/146/146 142/142/142
f 147/147/147 148/148/148 146/146/146
f 149/149/149 146/146/146 148/148/148
f 144/144/144 146/146/146 149/149/149
f 149/149/149 153/153/153 144/144/144
f 149/149/149 148/148/148 150/150/150
f 149/149/149 150/150/150 151/151/151
f 149/149/149 151/151/151 152/152/152
f 149/149/149 152/152/152 153/153/153
f 152/152/152 154/154/154 153/153/153
f 153/153/153 154/154/154 155/155/155
f 153/153/153 155/155/155 156/156/156
f 144/144/144 153/153/153 156/156/156
f 156/156/156 155/155/155 123/123/123
f 144/144/144 156/156/156 145/145/145
f 145/145/145 156/156/156 126/126/126
f 156/156/156 123/123/123 126/126/126
f 154/154/154 157/157/157 155/155/155
f 155/155/155 124/124/124 123/123/123
f 155/155/155 157/157/157 124/124/124
f 160/160/160 124/124/124 157/157/157
f 157/157/157 158/158/158 159/159/159
f 154/154/154 158/158/158 157/157/157
f 157/157/157 159/159/159 160/160/160
f 160/160/160 121/121/121 124/124/124
f 162/162/162 121/121/121 160/160/160
f 160/160/160 164/164/164 162/162/162
f 160/160/160 159/159/159 164/164/164
f 165/165/165 163/163/163 166/166/166
f 165/165/165 161/161/161 163/163/163
f 167/167/167 166/166/166 163/163/163
f 167/167/167 163/163/163 168/168/168
f 169/169/169 164/164/164 159/159/159
f 168/168/168 170/170/170 167/167/167
f 168/168/168 171/171/171 170/170/170
f 173/173/173 172/172/172 169/169/169
f 169/169/169 159/159/159 173/173/173
f 173/173/173 174/174/174 172/172/172
f 173/173/173 158/158/158 175/175/175
f 173/173/173 159/159/159 158/158/158
f 175/175/175 174/174/174 173/173/173
f 176/176/176 175/175/175 158/158/158
f 177/177/177 175/175/175 176/176/176
f 175/175/175 178/178/178 174/174/174
f 177/177/177 178/178/178 175/175/175
f 181/181/181 178/178/178 177/177/177
f 179/179/179 178/178/178 180/180/180
f 179/179/179 174/174/174 178/178/178
f 181/181/181 180/180/180 178/178/178
f 185/185/185 181/181/181 177/177/177
f 182/182/182 180/180/180 181/181/181
f 184/184/184 182/182/182 181/181/181
f 184/184/184 181/181/181 185/185/185
f 186/186/186 184/184/184 185/185/185
f 185/185/185 177/177/177 151/151/151
f 150/150/150 185/185/185 151/151/151
f 186/186/186 185/185/185 188/188/188
f 150/150/150 148/148/148 185/185/185
f 185/185/185 148/148/148 188/188/188
f 188/188/188 190/190/190 186/186/186
f 188/188/188 191/191/191 190/190/190
f 188/188/188 193/193/193 191/191/191
f 188/188/188 147/147/147 192/192/192
f 188/188/188 192/192/192 193/193/193
f 188/188/188 148/148/148 147/147/147
f 194/194/194 193/193/193 197/197/197
f 194/194/194 195/195/195 193/193/193
f 196/196/196 193/193/193 195/195/195
f 196/196/196 191/191/191 193/193/193
f 141/141/141 193/193/193 192/192/192
f 141/141/141 197/197/197 193/193/193
f 197/197/197 198/198/198 194/194/194
f 197/197/197 199/199/199 198/198/198
f 138/138/138 199/199/199 197/197/197
f 138/138/138 197/197/197 141/141/141
f 198/198/198 199/199/199 200/200/200
f 139/139/139 199/199/199 138/138/138
f 139/139/139 200/200/200 199/199/199
f 198/198/198 200/200/200 201/201/201
f 201/201/201 200/200/200 202/202/202
f 203/203/203 202/202/202 200/200/200
f 203/203/203 200/200/200 139/139/139
f 204/204/204 202/202/202 203/203/203
f 205/205/205 204/204/204 203/203/203
f 205/205/205 203/203/203 136/136/136
f 136/136/136 203/203/203 139/139/139
f 205/205/205 207/207/207 206/206/206
f 206/206/206 204/204/204 205/205/205
f 136/136/136 132/132/132 205/205/205
f 205/205/205 132/132/132 207/207/207
f 206/206/206 207/207/207 208/208/208
f 209/209/209 208/208/208 207/207/207
f 130/130/130 207/207/207 132/132/132
f 209/209/209 207/207/207 130/130/130
f 209/209/209 101/101/101 210/210/210
f 209/209/209 105/105/105 101/101/101
f 130/130/130 105/105/105 209/209/209
f 210/210/210 208/208/208 209/209/209
f 210/210/210 211/211/211 208/208/208
f 102/102/102 211/211/211 210/210/210
f 210/210/210 101/101/101 102/102/102
f 214/214/214 211/211/211 212/212/212
f 212/212/212 211/211/211 213/213/213
f 102/102/102 213/213/213 211/211/211
f 215/215/215 211/211/211 214/214/214
f 215/215/215 208/208/208 211/211/211
f 206/206/206 208/208/208 215/215/215
f 215/215/215 218/218/218 206/206/206
f 215/215/215 216/216/216 218/218/218
f 215/215/215 217/217/217 216/216/216
f 215/215/215 214/214/214 217/217/217
f 218/218/218 219/219/219 204/204/204
f 218/218/218 220/220/220 219/219/219
f 216/216/216 220/220/220 218/218/218
f 206/206/206 218/218/218 204/204/204
f 221/221/221 220/220/220 222/222/222
f 223/223/223 220/220/220 221/221/221
f 223/223/223 219/219/219 220/220/220
f 216/216/216 222/222/222 220/220/220
f 221/221/221 224/224/224 223/223/223
f 223/223/223 224/224/224 225/225/225
f 223/223/223 225/225/225 226/226/226
f 226/226/226 219/219/219 223/223/223
f 226/226/226 225/225/225 227/227/227
f 226/226/226 227/227/227 201/201/201
f 201/201/201 202/202/202 226/226/226
f 226/226/226 202/202/202 219/219/219
f 229/229/229 228/228/228 227/227/227
f 201/201/201 227/227/227 228/228/228
f 227/227/227 230/230/230 229/229/229
f 227/227/227 225/225/225 230/230/230
f 229/229/229 230/230/230 231/231/231
f 234/234/234 231/231/231 230/230/230
f 234/234/234 230/230/230 233/233/233
f 233/233/233 230/230/230 225/225/225
f 496/496/496 232/232/232 235/235/235
f 235/235/235 236/236/236 496/496/496
f 235/235/235 238/238/238 236/236/236
f 233/233/233 241/241/241 234/234/234
f 238/238/238 235/235/235 240/240/240
f 240/240/240 244/244/244 238/238/238
f 242/242/242 240/240/240 247/247/247
f 247/247/247 249/249/249 242/242/242
f 240/240/240 242/242/242 244/244/244
f 233/233/233 246/246/246 241/241/241
f 248/248/248 241/241/241 246/246/246
f 247/247/247 252/252/252 249/249/249
f 252/252/252 247/247/247 255/255/255
f 255/255/255 257/257/257 252/252/252
f 248/248/248 246/246/246 253/253/253
f 253/253/253 254/254/254 248/248/248
f 255/255/255 258/258/258 257/257/257
f 263/263/263 258/258/258 255/255/255
f 255/255/255 261/261/261 263/263/263
f 253/253/253 260/260/260 254/254/254
f 262/262/262 254/254/254 260/260/260
f 266/266/266 263/263/263 261/261/261
f 271/271/271 266/266/266 261/261/261
f 261/261/261 269/269/269 271/271/271
f 262/262/262 260/260/260 267/267/267
f 267/267/267 268/268/268 262/262/262
f 270/270/270 212/212/212 268/268/268
f 213/213/213 268/268/268 212/212/212
f 213/213/213 276/276/276 268/268/268
f 270/270/270 268/268/268 275/275/275
f 274/274/274 271/271/271 269/269/269
f 282/282/282 274/274/274 269/269/269
f 269/269/269 279/279/279 282/282/282
f 267/267/267 275/275/275 268/268/268
f 279/279/279 269/269/269 278/278/278
f 285/285/285 280/280/280 279/279/279
f 488/488/488 283/283/283 279/279/279
f 279/279/279 280/280/280 488/488/488
f 283/283/283 282/282/282 279/279/279
f 279/279/279 278/278/278 285/285/285
f 285/285/285 288/288/288 280/280/280
f 289/289/289 287/287/287 286/286/286
f 286/286/286 277/277/277 291/291/291
f 286/286/286 291/291/291 289/289/289
f 213/213/213 102/102/102 290/290/290
f 102/102/102 92/92/92 290/290/290
f 213/213/213 290/290/290 276/276/276
f 89/89/89 291/291/291 93/93/93
f 89/89/89 289/289/289 291/291/291
f 289/289/289 292/292/292 287/287/287
f 87/87/87 289/289/289 89/89/89
f 87/87/87 292/292/292 289/289/289
f 293/293/293 287/287/287 292/292/292
f 87/87/87 293/293/293 292/292/292
f 87/87/87 83/83/83 293/293/293
f 83/83/83 295/295/295 293/293/293
f 296/296/296 293/293/293 295/295/295
f 293/293/293 296/296/296 287/287/287
f 297/297/297 280/280/280 288/288/288
f 297/297/297 298/298/298 280/280/280
f 296/296/296 295/295/295 299/299/299
f 298/298/298 297/297/297 300/300/300
f 302/302/302 304/304/304 301/301/301
f 302/302/302 301/301/301 294/294/294
f 298/298/298 300/300/300 303/303/303
f 308/308/308 304/304/304 305/305/305
f 302/302/302 305/305/305 304/304/304
f 309/309/309 307/307/307 304/304/304
f 306/306/306 316/316/316 314/314/314
f 314/314/314 303/303/303 306/306/306
f 308/308/308 310/310/310 304/304/304
f 309/309/309 304/304/304 310/310/310
f 303/303/303 311/311/311 480/480/480
f 480/480/480 298/298/298 303/303/303
f 303/303/303 314/314/314 311/311/311
f 551/551/551 549/549/549 544/544/544
f 551/551/551 544/544/544 543/543/543
f 551/551/551 543/543/543 541/541/541
f 551/551/551 541/541/541 538/538/538
f 551/551/551 538/538/538 536/536/536
f 551/551/551 536/536/536 535/535/535
f 551/551/551 535/535/535 532/532/532
f 551/551/551 532/532/532 531/531/531
f 551/551/551 531/531/531 523/523/523
f 551/551/551 523/523/523 525/525/525
f 551/551/551 525/525/525 526/526/526
f 551/551/551 526/526/526 529/529/529
f 551/551/551 529/529/529 507/507/507
f 551/551/551 507/507/507 506/506/506
f 551/551/551 506/506/506 503/503/503
f 551/551/551 503/503/503 499/499/499
f 551/551/551 499/499/499 497/497/497
f 551/551/551 497/497/497 495/495/495
f 551/551/551 495/495/495 237/237/237
f 551/551/551 237/237/237 239/239/239
f 551/551/551 239/239/239 245/245/245
f 551/551/551 245/245/245 243/243/243
f 551/551/551 243/243/243 250/250/250
f 551/551/551 250/250/250 251/251/251
f 551/551/551 251/251/251 256/256/256
f 551/551/551 256/256/256 259/259/259
f 551/551/551 259/259/259 264/264/264
f 551/551/551 264/264/264 265/265/265
f 551/551/551 265/265/265 272/272/272
f 551/551/551 272/272/272 273/273/273
f 551/551/551 273/273/273 281/281/281
f 551/551/551 281/281/281 284/284/284
f 551/551/551 284/284/284 487/487/487
f 551/551/551 487/487/487 485/485/485
f 551/551/551 485/485/485 484/484/484
f 551/551/551 484/484/484 481/481/481
f 551/551/551 481/481/481 479/479/479
f 551/551/551 479/479/479 312/312/312
f 551/551/551 312/312/312 313/313/313
f 551/551/551 313/313/313 315/315/315
f 551/551/551 315/315/315 317/317/317
f 551/551/551 317/317/317 320/320/320
f 551/551/551 320/320/320 324/324/324
f 551/551/551 324/324/324 325/325/325
f 551/551/551 325/325/325 327/327/327
f 551/551/551 327/327/327 477/477/477
f 551/551/551 477/477/477 475/475/475
f 551/551/551 475/475/475 434/434/434
f 551/551/551 434/434/434 437/437/437
f 551/551/551 437/437/437 438/438/438
f 551/551/551 438/438/438 441/441/441
f 551/551/551 441/441/441 442/442/442
f 551/551/551 442/442/442 444/444/444
f 551/551/551 444/444/444 446/446/446
f 551/551/551 446/446/446 448/448/448
f 551/551/551 448/448/448 451/451/451
f 551/551/551 451/451/451 453/453/453
f 551/551/551 453/453/453 454/454/454
f 551/551/551 454/454/454 457/457/457
f 551/551/551 457/457/457 458/458/458
f 551/551/551 458/458/458 461/461/461
f 551/551/551 461/461/461 464/464/464
f 551/551/551 464/464/464 466/466/466
f 551/551/551 466/466/466 468/468/468
f 551/551/551 468/468/468 470/470/470
f 551/551/551 470/470/470 473/473/473
f 551/551/551 473/473/473 3/3/3
f 551/551/551 3/3/3 5/5/5
f 551/551/551 5/5/5 580/580/580
f 551/551/551 580/580/580 577/577/577
f 551/551/551 577/577/577 575/575/575
f 551/551/551 575/575/575 572/572/572
f 551/551/551 572/572/572 570/570/570
f 551/551/551 570/570/570 567/567/567
f 551/551/551 567/567/567 566/566/566
f 551/551/551 566/566/566 564/564/564
f 551/551/551 564/564/564 562/562/562
f 551/551/551 562/562/562 554/554/554
f 306/306/306 318/318/318 316/316/316
f 321/321/321 319/319/319 318/318/318
f 318/318/318 306/306/306 321/321/321
f 321/321/321 323/323/323 319/319/319
f 321/321/321 329/329/329 326/326/326
f 326/326/326 323/323/323 321/321/321
f 329/329/329 328/328/328 326/326/326
f 330/330/330 333/333/333 332/332/332
f 329/329/329 331/331/331 476/476/476
f 476/476/476 328/328/328 329/329/329
f 330/330/330 334/334/334 333/333/333
f 334/334/334 330/330/330 322/322/322
f 334/334/334 322/322/322 336/336/336
f 334/334/334 335/335/335 337/337/337
f 335/335/335 334/334/334 336/336/336
f 334/334/334 337/337/337 333/333/333
f 338/338/338 333/333/333 337/337/337
f 339/339/339 338/338/338 337/337/337
f 340/340/340 339/339/339 337/337/337
f 340/340/340 337/337/337 335/335/335
f 339/339/339 340/340/340 343/343/343
f 341/341/341 340/340/340 335/335/335
f 340/340/340 341/341/341 342/342/342
f 340/340/340 342/342/342 343/343/343
f 339/339/339 343/343/343 344/344/344
f 346/346/346 343/343/343 342/342/342
f 345/345/345 344/344/344 343/343/343
f 346/346/346 345/345/345 343/343/343
f 310/310/310 308/308/308 346/346/346
f 308/308/308 347/347/347 346/346/346
f 348/348/348 346/346/346 347/347/347
f 310/310/310 346/346/346 342/342/342
f 348/348/348 345/345/345 346/346/346
f 352/352/352 348/348/348 349/349/349
f 348/348/348 350/350/350 349/349/349
f 348/348/348 347/347/347 350/350/350
f 348/348/348 351/351/351 345/345/345
f 348/348/348 352/352/352 351/351/351
f 352/352/352 349/349/349 355/355/355
f 352/352/352 353/353/353 351/351/351
f 352/352/352 354/354/354 353/353/353
f 354/354/354 352/352/352 355/355/355
f 356/356/356 358/358/358 355/355/355
f 357/357/357 356/356/356 355/355/355
f 357/357/357 355/355/355 349/349/349
f 354/354/354 355/355/355 358/358/358
f 356/356/356 359/359/359 358/358/358
f 359/359/359 361/361/361 358/358/358
f 360/360/360 354/354/354 358/358/358
f 360/360/360 358/358/358 361/361/361
f 359/359/359 362/362/362 361/361/361
f 362/362/362 363/363/363 361/361/361
f 364/364/364 361/361/361 363/363/363
f 364/364/364 360/360/360 361/361/361
f 360/360/360 364/364/364 366/366/366
f 364/364/364 365/365/365 366/366/366
f 364/364/364 367/367/367 365/365/365
f 367/367/367 364/364/364 363/363/363
f 367/367/367 368/368/368 365/365/365
f 367/367/367 369/369/369 368/368/368
f 369/369/369 367/367/367 370/370/370
f 367/367/367 363/363/363 370/370/370
f 369/369/369 370/370/370 371/371/371
f 46/46/46 371/371/371 370/370/370
f 372/372/372 46/46/46 370/370/370
f 372/372/372 370/370/370 363/363/363
f 372/372/372 373/373/373 47/47/47
f 46/46/46 372/372/372 47/47/47
f 362/362/362 372/372/372 363/363/363
f 372/372/372 362/362/362 373/373/373
f 47/47/47 373/373/373 49/49/49
f 362/362/362 374/374/374 373/373/373
f 373/373/373 374/374/374 375/375/375
f 373/373/373 375/375/375 49/49/49
f 375/375/375 376/376/376 68/68/68
f 374/374/374 376/376/376 375/375/375
f 375/375/375 68/68/68 51/51/51
f 49/49/49 375/375/375 51/51/51
f 376/376/376 67/67/67 68/68/68
f 376/376/376 378/378/378 67/67/67
f 374/374/374 377/377/377 376/376/376
f 377/377/377 378/378/378 376/376/376
f 377/377/377 379/379/379 378/378/378
f 379/379/379 380/380/380 378/378/378
f 378/378/378 380/380/380 70/70/70
f 378/378/378 70/70/70 67/67/67
f 381/381/381 382/382/382 380/380/380
f 379/379/379 381/381/381 380/380/380
f 380/380/380 383/383/383 70/70/70
f 380/380/380 382/382/382 383/383/383
f 382/382/382 80/80/80 383/383/383
f 74/74/74 383/383/383 80/80/80
f 74/74/74 70/70/70 383/383/383
f 381/381/381 384/384/384 382/382/382
f 382/382/382 84/84/84 80/80/80
f 384/384/384 84/84/84 382/382/382
f 384/384/384 350/350/350 302/302/302
f 302/302/302 294/294/294 384/384/384
f 384/384/384 385/385/385 350/350/350
f 385/385/385 384/384/384 381/381/381
f 384/384/384 294/294/294 84/84/84
f 385/385/385 349/349/349 350/350/350
f 357/357/357 385/385/385 381/381/381
f 385/385/385 357/357/357 349/349/349
f 357/357/357 381/381/381 379/379/379
f 356/356/356 379/379/379 377/377/377
f 356/356/356 357/357/357 379/379/379
f 359/359/359 377/377/377 374/374/374
f 359/359/359 356/356/356 377/377/377
f 362/362/362 359/359/359 374/374/374
f 386/386/386 371/371/371 387/387/387
f 386/386/386 369/369/369 371/371/371
f 46/46/46 44/44/44 371/371/371
f 44/44/44 387/387/387 371/371/371
f 390/390/390 388/388/388 387/387/387
f 388/388/388 389/389/389 387/387/387
f 389/389/389 386/386/386 387/387/387
f 44/44/44 390/390/390 387/387/387
f 44/44/44 42/42/42 390/390/390
f 390/390/390 42/42/42 388/388/388
f 392/392/392 389/389/389 388/388/388
f 389/389/389 392/392/392 395/395/395
f 389/389/389 393/393/393 397/397/397
f 389/389/389 395/395/395 393/393/393
f 389/389/389 394/394/394 386/386/386
f 389/389/389 397/397/397 394/394/394
f 398/398/398 397/397/397 401/401/401
f 398/398/398 399/399/399 397/397/397
f 368/368/368 397/397/397 399/399/399
f 400/400/400 397/397/397 393/393/393
f 400/400/400 401/401/401 397/397/397
f 368/368/368 394/394/394 397/397/397
f 402/402/402 398/398/398 401/401/401
f 402/402/402 401/401/401 403/403/403
f 401/401/401 404/404/404 403/403/403
f 401/401/401 400/400/400 404/404/404
f 407/407/407 404/404/404 406/406/406
f 400/400/400 406/406/406 404/404/404
f 407/407/407 409/409/409 404/404/404
f 409/409/409 403/403/403 404/404/404
f 409/409/409 407/407/407 411/411/411
f 409/409/409 411/411/411 412/412/412
f 402/402/402 409/409/409 412/412/412
f 409/409/409 402/402/402 403/403/403
f 414/414/414 412/412/412 411/411/411
f 402/402/402 412/412/412 416/416/416
f 414/414/414 415/415/415 412/412/412
f 415/415/415 416/416/416 412/412/412
f 398/398/398 416/416/416 419/419/419
f 398/398/398 402/402/402 416/416/416
f 417/417/417 416/416/416 418/418/418
f 417/417/417 419/419/419 416/416/416
f 415/415/415 418/418/418 416/416/416
f 419/419/419 421/421/421 420/420/420
f 399/399/399 419/419/419 420/420/420
f 419/419/419 417/417/417 421/421/421
f 399/399/399 398/398/398 419/419/419
f 366/366/366 420/420/420 421/421/421
f 417/417/417 422/422/422 421/421/421
f 423/423/423 421/421/421 422/422/422
f 423/423/423 366/366/366 421/421/421
f 354/354/354 423/423/423 353/353/353
f 353/353/353 423/423/423 422/422/422
f 354/354/354 360/360/360 423/423/423
f 360/360/360 366/366/366 423/423/423
f 353/353/353 422/422/422 424/424/424
f 425/425/425 424/424/424 422/422/422
f 417/417/417 425/425/425 422/422/422
f 425/425/425 426/426/426 424/424/424
f 426/426/426 425/425/425 427/427/427
f 425/425/425 418/418/418 427/427/427
f 425/425/425 417/417/417 418/418/418
f 429/429/429 338/338/338 427/427/427
f 426/426/426 427/427/427 338/338/338
f 418/418/418 428/428/428 427/427/427
f 429/429/429 427/427/427 428/428/428
f 431/431/431 429/429/429 428/428/428
f 338/338/338 429/429/429 333/333/333
f 429/429/429 332/332/332 333/333/333
f 429/429/429 431/431/431 332/332/332
f 431/431/431 428/428/428 432/432/432
f 430/430/430 433/433/433 439/439/439
f 439/439/439 436/436/436 430/430/430
f 331/331/331 430/430/430 435/435/435
f 435/435/435 474/474/474 331/331/331
f 430/430/430 436/436/436 435/435/435
f 433/433/433 440/440/440 439/439/439
f 433/433/433 413/413/413 443/443/443
f 443/443/443 440/440/440 433/433/433
f 413/413/413 445/445/445 443/443/443
f 413/413/413 410/410/410 447/447/447
f 447/447/447 445/445/445 413/413/413
f 410/410/410 449/449/449 447/447/447
f 410/410/410 408/408/408 450/450/450
f 450/450/450 449/449/449 410/410/410
f 408/408/408 452/452/452 450/450/450
f 408/408/408 405/405/405 455/455/455
f 455/455/455 452/452/452 408/408/408
f 405/405/405 456/456/456 455/455/455
f 456/456/456 405/405/405 463/463/463
f 463/463/463 459/459/459 456/456/456
f 463/463/463 460/460/460 459/459/459
f 462/462/462 393/393/393 395/395/395
f 460/460/460 463/463/463 396/396/396
f 396/396/396 465/465/465 460/460/460
f 400/400/400 462/462/462 406/406/406
f 462/462/462 400/400/400 393/393/393
f 396/396/396 467/467/467 465/465/465
f 396/396/396 391/391/391 469/469/469
f 469/469/469 467/467/467 396/396/396
f 391/391/391 471/471/471 469/469/469
f 391/391/391 10/10/10 472/472/472
f 472/472/472 471/471/471 391/391/391
f 331/331/331 474/474/474 476/476/476
f 415/415/415 432/432/432 428/428/428
f 415/415/415 414/414/414 432/432/432
f 418/418/418 415/415/415 428/428/428
f 339/339/339 426/426/426 338/338/338
f 426/426/426 339/339/339 344/344/344
f 426/426/426 344/344/344 424/424/424
f 351/351/351 424/424/424 344/344/344
f 351/351/351 353/353/353 424/424/424
f 366/366/366 365/365/365 420/420/420
f 365/365/365 399/399/399 420/420/420
f 365/365/365 368/368/368 399/399/399
f 369/369/369 386/386/386 394/394/394
f 369/369/369 394/394/394 368/368/368
f 392/392/392 388/388/388 11/11/11
f 11/11/11 388/388/388 14/14/14
f 388/388/388 41/41/41 14/14/14
f 388/388/388 42/42/42 41/41/41
f 345/345/345 351/351/351 344/344/344
f 347/347/347 305/305/305 350/350/350
f 305/305/305 302/302/302 350/350/350
f 347/347/347 308/308/308 305/305/305
f 341/341/341 310/310/310 342/342/342
f 341/341/341 335/335/335 478/478/478
f 309/309/309 341/341/341 478/478/478
f 341/341/341 309/309/309 310/310/310
f 335/335/335 336/336/336 478/478/478
f 309/309/309 478/478/478 336/336/336
f 307/307/307 336/336/336 322/322/322
f 307/307/307 309/309/309 336/336/336
f 298/298/298 480/480/480 482/482/482
f 298/298/298 482/482/482 483/483/483
f 483/483/483 280/280/280 298/298/298
f 280/280/280 483/483/483 486/486/486
f 486/486/486 488/488/488 280/280/280
f 83/83/83 85/85/85 295/295/295
f 490/490/490 275/275/275 267/267/267
f 275/275/275 489/489/489 217/217/217
f 490/490/490 489/489/489 275/275/275
f 275/275/275 217/217/217 270/270/270
f 491/491/491 489/489/489 490/490/490
f 490/490/490 492/492/492 491/491/491
f 490/490/490 493/493/493 492/492/492
f 267/267/267 493/493/493 490/490/490
f 267/267/267 260/260/260 493/493/493
f 492/492/492 493/493/493 260/260/260
f 253/253/253 494/494/494 492/492/492
f 491/491/491 492/492/492 494/494/494
f 492/492/492 260/260/260 253/253/253
f 491/491/491 494/494/494 221/221/221
f 221/221/221 494/494/494 224/224/224
f 253/253/253 246/246/246 494/494/494
f 224/224/224 494/494/494 246/246/246
f 221/221/221 222/222/222 491/491/491
f 491/491/491 222/222/222 489/489/489
f 217/217/217 489/489/489 222/222/222
f 214/214/214 212/212/212 270/270/270
f 270/270/270 217/217/217 214/214/214
f 224/224/224 246/246/246 233/233/233
f 232/232/232 496/496/496 498/498/498
f 500/500/500 502/502/502 232/232/232
f 232/232/232 498/498/498 500/500/500
f 502/502/502 500/500/500 504/504/504
f 510/510/510 502/502/502 504/504/504
f 504/504/504 505/505/505 510/510/510
f 510/510/510 505/505/505 508/508/508
f 513/513/513 509/509/509 512/512/512
f 511/511/511 510/510/510 508/508/508
f 508/508/508 528/528/528 511/511/511
f 513/513/513 514/514/514 509/509/509
f 501/501/501 509/509/509 514/514/514
f 515/515/515 514/514/514 513/513/513
f 501/501/501 514/514/514 229/229/229
f 229/229/229 514/514/514 228/228/228
f 515/515/515 228/228/228 514/514/514
f 194/194/194 228/228/228 515/515/515
f 515/515/515 195/195/195 194/194/194
f 515/515/515 516/516/516 195/195/195
f 513/513/513 516/516/516 515/515/515
f 513/513/513 517/517/517 516/516/516
f 195/195/195 516/516/516 517/517/517
f 512/512/512 519/519/519 517/517/517
f 196/196/196 517/517/517 519/519/519
f 195/195/195 517/517/517 196/196/196
f 512/512/512 517/517/517 513/513/513
f 196/196/196 519/519/519 520/520/520
f 530/530/530 521/521/521 518/518/518
f 518/518/518 522/522/522 530/530/530
f 518/518/518 524/524/524 522/522/522
f 518/518/518 511/511/511 527/527/527
f 527/527/527 524/524/524 518/518/518
f 511/511/511 528/528/528 527/527/527
f 521/521/521 530/530/530 533/533/533
f 534/534/534 189/189/189 521/521/521
f 521/521/521 533/533/533 534/534/534
f 537/537/537 189/189/189 534/534/534
f 539/539/539 187/187/187 189/189/189
f 189/189/189 537/537/537 539/539/539
f 187/187/187 539/539/539 540/540/540
f 183/183/183 187/187/187 540/540/540
f 540/540/540 542/542/542 183/183/183
f 547/547/547 183/183/183 542/542/542
f 542/542/542 545/545/545 547/547/547
f 547/547/547 545/545/545 548/548/548
f 557/557/557 547/547/547 548/548/548
f 548/548/548 550/550/550 557/557/557
f 553/553/553 557/557/557 550/550/550
f 182/182/182 546/546/546 556/556/556
f 182/182/182 556/556/556 560/560/560
f 559/559/559 555/555/555 558/558/558
f 563/563/563 558/558/558 555/555/555
f 555/555/555 561/561/561 563/563/563
f 555/555/555 552/552/552 561/561/561
f 558/558/558 563/563/563 565/565/565
f 568/568/568 569/569/569 558/558/558
f 558/558/558 565/565/565 568/568/568
f 571/571/571 574/574/574 569/569/569
f 569/569/569 568/568/568 571/571/571
f 574/574/574 571/571/571 573/573/573
f 16/16/16 574/574/574 9/9/9
f 16/16/16 20/20/20 574/574/574
f 576/576/576 9/9/9 574/574/574
f 574/574/574 573/573/573 576/576/576
f 20/20/20 569/569/569 574/574/574
f 9/9/9 576/576/576 579/579/579
f 7/7/7 578/578/578 581/581/581
f 20/20/20 582/582/582 569/569/569
f 583/583/583 569/569/569 582/582/582
f 583/583/583 558/558/558 569/569/569
f 582/582/582 584/584/584 583/583/583
f 583/583/583 584/584/584 586/586/586
f 559/559/559 558/558/558 583/583/583
f 583/583/583 586/586/586 559/559/559
f 182/182/182 585/585/585 180/180/180
f 560/560/560 585/585/585 182/182/182
f 179/179/179 585/585/585 588/588/588
f 179/179/179 180/180/180 585/585/585
f 587/587/587 586/586/586 584/584/584
f 587/587/587 589/589/589 586/586/586
f 170/170/170 589/589/589 587/587/587
f 170/170/170 171/171/171 589/589/589
f 588/588/588 172/172/172 174/174/174
f 588/588/588 174/174/174 179/179/179
f 587/587/587 26/26/26 170/170/170
f 584/584/584 25/25/25 587/587/587
f 587/587/587 25/25/25 26/26/26
f 584/584/584 590/590/590 25/25/25
f 582/582/582 590/590/590 584/584/584
f 582/582/582 19/19/19 590/590/590
f 19/19/19 25/25/25 590/590/590
f 582/582/582 20/20/20 19/19/19
f 546/546/546 182/182/182 184/184/184
f 520/520/520 190/190/190 191/191/191
f 520/520/520 191/191/191 196/196/196
f 229/229/229 231/231/231 501/501/501
f 233/233/233 225/225/225 224/224/224
f 201/201/201 228/228/228 198/198/198
f 194/194/194 198/198/198 228/228/228
f 217/217/217 222/222/222 216/216/216
f 204/204/204 219/219/219 202/202/202
f 142/142/142 192/192/192 147/147/147
f 142/142/142 141/141/141 192/192/192
f 151/151/151 177/177/177 176/176/176
f 176/176/176 158/158/158 154/154/154
f 152/152/152 176/176/176 154/154/154
f 151/151/151 176/176/176 152/152/152
f 167/167/167 170/170/170 26/26/26
f 591/591/591 166/166/166 167/167/167
f 167/167/167 26/26/26 591/591/591
f 591/591/591 592/592/592 166/166/166
f 591/591/591 593/593/593 592/592/592
f 591/591/591 28/28/28 593/593/593
f 28/28/28 591/591/591 26/26/26
f 593/593/593 594/594/594 597/597/597
f 594/594/594 593/593/593 596/596/596
f 28/28/28 596/596/596 593/593/593
f 593/593/593 597/597/597 592/592/592
f 165/165/165 597/597/597 598/598/598
f 594/594/594 598/598/598 597/597/597
f 166/166/166 592/592/592 597/597/597
f 166/166/166 597/597/597 165/165/165
f 600/600/600 598/598/598 599/599/599
f 59/59/59 599/599/599 598/598/598
f 165/165/165 598/598/598 600/600/600
f 594/594/594 59/59/59 598/598/598
f 601/601/601 119/119/119 600/600/600
f 600/600/600 119/119/119 161/161/161
f 600/600/600 599/599/599 601/601/601
f 600/600/600 161/161/161 165/165/165
f 601/601/601 117/117/117 119/119/119
f 601/601/601 602/602/602 603/603/603
f 601/601/601 599/599/599 602/602/602
f 603/603/603 117/117/117 601/601/601
f 603/603/603 604/604/604 605/605/605
f 603/603/603 602/602/602 604/604/604
f 605/605/605 113/113/113 603/603/603
f 603/603/603 113/113/113 117/117/117
f 605/605/605 604/604/604 607/607/607
f 606/606/606 110/110/110 605/605/605
f 605/605/605 110/110/110 113/113/113
f 605/605/605 607/607/607 606/606/606
f 608/608/608 607/607/607 604/604/604
f 608/608/608 609/609/609 607/607/607
f 609/609/609 88/88/88 607/607/607
f 606/606/606 607/607/607 88/88/88
f 609/609/609 608/608/608 72/72/72
f 609/609/609 72/72/72 76/76/76
f 81/81/81 609/609/609 76/76/76
f 609/609/609 81/81/81 88/88/88
f 63/63/63 608/608/608 604/604/604
f 608/608/608 63/63/63 65/65/65
f 608/608/608 65/65/65 72/72/72
f 606/606/606 611/611/611 110/110/110
f 606/606/606 88/88/88 90/90/90
f 90/90/90 611/611/611 606/606/606
f 90/90/90 94/94/94 611/611/611
f 108/108/108 610/610/610 95/95/95
f 111/111/111 610/610/610 108/108/108
f 63/63/63 604/604/604 602/602/602
f 60/60/60 602/602/602 599/599/599
f 60/60/60 63/63/63 602/602/602
f 59/59/59 60/60/60 599/599/599
f 594/594/594 596/596/596 55/55/55
f 52/52/52 56/56/56 595/595/595
f 28/28/28 29/29/29 596/596/596
f 30/30/30 36/36/36 595/595/595
f 52/52/52 595/595/595 36/36/36
f 59/59/59 594/594/594 55/55/55
f 162/162/162 120/120/120 121/121/121
f 145/145/145 126/126/126 133/133/133
f 133/133/133 135/135/135 145/145/145
f 133/133/133 126/126/126 127/127/127
f 108/108/108 95/95/95 98/98/98
f 54/54/54 51/51/51 68/68/68
f 39/39/39 52/52/52 36/36/36
f 41/41/41 35/35/35 612/612/612
f 14/14/14 41/41/41 612/612/612
f 35/35/35 33/33/33 612/612/612
f 21/21/21 612/612/612 33/33/33
f 21/21/21 13/13/13 612/612/612
f 14/14/14 612/612/612 13/13/13
f 23/23/23 21/21/21 33/33/33
f 617/617/617 613/613/613 615/615/615
f 615/615/615 613/613/613 620/620/620
f 620/620/620 826/826/826 615/615/615
f 619/619/619 613/613/613 617/617/617
f 627/627/627 622/622/622 613/613/613
f 613/613/613 619/619/619 627/627/627
f 620/620/620 613/613/613 621/621/621
f 622/622/622 621/621/621 613/613/613
f 624/624/624 625/625/625 622/622/622
f 632/632/632 624/624/624 622/622/622
f 622/622/622 629/629/629 632/632/632
f 622/622/622 625/625/625 621/621/621
f 629/629/629 622/622/622 627/627/627
f 807/807/807 806/806/806 803/803/803
f 807/807/807 803/803/803 800/800/800
f 807/807/807 800/800/800 799/799/799
f 807/807/807 799/799/799 796/796/796
f 807/807/807 796/796/796 795/795/795
f 807/807/807 795/795/795 829/829/829
f 807/807/807 829/829/829 830/830/830
f 807/807/807 830/830/830 783/783/783
f 807/807/807 783/783/783 780/780/780
f 807/807/807 780/780/780 778/778/778
f 807/807/807 778/778/778 775/775/775
f 807/807/807 775/775/775 773/773/773
f 807/807/807 773/773/773 770/770/770
f 807/807/807 770/770/770 768/768/768
f 807/807/807 768/768/768 767/767/767
f 807/807/807 767/767/767 759/759/759
f 807/807/807 759/759/759 761/761/761
f 807/807/807 761/761/761 762/762/762
f 807/807/807 762/762/762 764/764/764
f 807/807/807 764/764/764 748/748/748
f 807/807/807 748/748/748 747/747/747
f 807/807/807 747/747/747 745/745/745
f 807/807/807 745/745/745 742/742/742
f 807/807/807 742/742/742 720/720/720
f 807/807/807 720/720/720 723/723/723
f 807/807/807 723/723/723 724/724/724
f 807/807/807 724/724/724 726/726/726
f 807/807/807 726/726/726 729/729/729
f 807/807/807 729/729/729 731/731/731
f 807/807/807 731/731/731 732/732/732
f 807/807/807 732/732/732 734/734/734
f 807/807/807 734/734/734 737/737/737
f 807/807/807 737/737/737 739/739/739
f 807/807/807 739/739/739 741/741/741
f 807/807/807 741/741/741 703/703/703
f 807/807/807 703/703/703 702/702/702
f 807/807/807 702/702/702 699/699/699
f 807/807/807 699/699/699 697/697/697
f 807/807/807 697/697/697 832/832/832
f 807/807/807 832/832/832 835/835/835
f 807/807/807 835/835/835 689/689/689
f 807/807/807 689/689/689 687/687/687
f 807/807/807 687/687/687 685/685/685
f 807/807/807 685/685/685 682/682/682
f 807/807/807 682/682/682 836/836/836
f 807/807/807 836/836/836 838/838/838
f 807/807/807 838/838/838 840/840/840
f 807/807/807 840/840/840 842/842/842
f 807/807/807 842/842/842 845/845/845
f 807/807/807 845/845/845 847/847/847
f 807/807/807 847/847/847 849/849/849
f 807/807/807 849/849/849 851/851/851
f 807/807/807 851/851/851 667/667/667
f 807/807/807 667/667/667 665/665/665
f 807/807/807 665/665/665 663/663/663
f 807/807/807 663/663/663 660/660/660
f 807/807/807 660/660/660 659/659/659
f 807/807/807 659/659/659 657/657/657
f 807/807/807 657/657/657 655/655/655
f 807/807/807 655/655/655 652/652/652
f 807/807/807 652/652/652 648/648/648
f 807/807/807 648/648/648 646/646/646
f 807/807/807 646/646/646 854/854/854
f 807/807/807 854/854/854 856/856/856
f 807/807/807 856/856/856 858/858/858
f 807/807/807 858/858/858 636/636/636
f 807/807/807 636/636/636 633/633/633
f 807/807/807 633/633/633 630/630/630
f 807/807/807 630/630/630 628/628/628
f 807/807/807 628/628/628 626/626/626
f 807/807/807 626/626/626 618/618/618
f 807/807/807 618/618/618 616/616/616
f 807/807/807 616/616/616 614/614/614
f 807/807/807 614/614/614 827/827/827
f 807/807/807 827/827/827 817/817/817
f 807/807/807 817/817/817 816/816/816
f 807/807/807 816/816/816 812/812/812
f 807/807/807 812/812/812 809/809/809
f 634/634/634 637/637/637 623/623/623
f 623/623/623 631/631/631 634/634/634
f 637/637/637 634/634/634 635/635/635
f 638/638/638 639/639/639 637/637/637
f 857/857/857 638/638/638 637/637/637
f 637/637/637 635/635/635 857/857/857
f 637/637/637 640/640/640 623/623/623
f 637/637/637 639/639/639 640/640/640
f 624/624/624 641/641/641 625/625/625
f 638/638/638 642/642/642 639/639/639
f 644/644/644 643/643/643 642/642/642
f 644/644/644 642/642/642 638/638/638
f 649/649/649 643/643/643 644/644/644
f 647/647/647 644/644/644 645/645/645
f 644/644/644 638/638/638 853/853/853
f 853/853/853 645/645/645 644/644/644
f 653/653/653 649/649/649 644/644/644
f 644/644/644 647/647/647 653/653/653
f 649/649/649 650/650/650 643/643/643
f 651/651/651 650/650/650 649/649/649
f 656/656/656 651/651/651 649/649/649
f 649/649/649 654/654/654 656/656/656
f 654/654/654 649/649/649 653/653/653
f 658/658/658 651/651/651 656/656/656
f 661/661/661 662/662/662 651/651/651
f 651/651/651 658/658/658 661/661/661
f 662/662/662 661/661/661 664/664/664
f 666/666/666 669/669/669 662/662/662
f 662/662/662 664/664/664 666/666/666
f 669/669/669 666/666/666 668/668/668
f 669/669/669 671/671/671 662/662/662
f 850/850/850 670/670/670 669/669/669
f 669/669/669 668/668/668 850/850/850
f 670/670/670 672/672/672 669/669/669
f 669/669/669 672/672/672 671/671/671
f 670/670/670 673/673/673 672/672/672
f 674/674/674 673/673/673 670/670/670
f 674/674/674 675/675/675 673/673/673
f 676/676/676 675/675/675 674/674/674
f 676/676/676 677/677/677 675/675/675
f 678/678/678 677/677/677 676/676/676
f 678/678/678 679/679/679 677/677/677
f 681/681/681 680/680/680 679/679/679
f 681/681/681 679/679/679 678/678/678
f 684/684/684 681/681/681 683/683/683
f 683/683/683 681/681/681 678/678/678
f 678/678/678 837/837/837 683/683/683
f 688/688/688 686/686/686 681/681/681
f 681/681/681 684/684/684 688/688/688
f 686/686/686 680/680/680 681/681/681
f 690/690/690 686/686/686 688/688/688
f 834/834/834 691/691/691 686/686/686
f 686/686/686 690/690/690 834/834/834
f 691/691/691 692/692/692 686/686/686
f 686/686/686 692/692/692 680/680/680
f 691/691/691 693/693/693 692/692/692
f 695/695/695 694/694/694 693/693/693
f 695/695/695 693/693/693 691/691/691
f 833/833/833 696/696/696 695/695/695
f 695/695/695 691/691/691 833/833/833
f 696/696/696 698/698/698 695/695/695
f 698/698/698 701/701/701 700/700/700
f 700/700/700 695/695/695 698/698/698
f 700/700/700 694/694/694 695/695/695
f 701/701/701 704/704/704 700/700/700
f 704/704/704 740/740/740 705/705/705
f 705/705/705 700/700/700 704/704/704
f 705/705/705 706/706/706 700/700/700
f 700/700/700 706/706/706 694/694/694
f 705/705/705 707/707/707 706/706/706
f 708/708/708 707/707/707 705/705/705
f 708/708/708 709/709/709 707/707/707
f 708/708/708 710/710/710 709/709/709
f 708/708/708 711/711/711 710/710/710
f 711/711/711 712/712/712 710/710/710
f 711/711/711 713/713/713 712/712/712
f 713/713/713 714/714/714 712/712/712
f 713/713/713 715/715/715 714/714/714
f 715/715/715 716/716/716 714/714/714
f 715/715/715 718/718/718 716/716/716
f 718/718/718 717/717/717 716/716/716
f 718/718/718 719/719/719 717/717/717
f 719/719/719 718/718/718 721/721/721
f 721/721/721 743/743/743 719/719/719
f 718/718/718 715/715/715 725/725/725
f 725/725/725 722/722/722 718/718/718
f 718/718/718 722/722/722 721/721/721
f 715/715/715 727/727/727 725/725/725
f 715/715/715 713/713/713 728/728/728
f 728/728/728 727/727/727 715/715/715
f 713/713/713 730/730/730 728/728/728
f 713/713/713 711/711/711 733/733/733
f 733/733/733 730/730/730 713/713/713
f 711/711/711 735/735/735 733/733/733
f 711/711/711 708/708/708 736/736/736
f 736/736/736 735/735/735 711/711/711
f 738/738/738 736/736/736 708/708/708
f 708/708/708 705/705/705 738/738/738
f 740/740/740 738/738/738 705/705/705
f 743/743/743 744/744/744 719/719/719
f 750/750/750 719/719/719 744/744/744
f 744/744/744 746/746/746 750/750/750
f 746/746/746 749/749/749 750/750/750
f 750/750/750 751/751/751 752/752/752
f 751/751/751 750/750/750 749/749/749
f 749/749/749 765/765/765 751/751/751
f 750/750/750 752/752/752 753/753/753
f 719/719/719 750/750/750 753/753/753
f 719/719/719 753/753/753 717/717/717
f 751/751/751 754/754/754 752/752/752
f 751/751/751 756/756/756 754/754/754
f 756/756/756 755/755/755 754/754/754
f 756/756/756 757/757/757 755/755/755
f 757/757/757 756/756/756 758/758/758
f 758/758/758 766/766/766 757/757/757
f 756/756/756 751/751/751 763/763/763
f 763/763/763 760/760/760 756/756/756
f 756/756/756 760/760/760 758/758/758
f 765/765/765 763/763/763 751/751/751
f 766/766/766 769/769/769 757/757/757
f 772/772/772 757/757/757 769/769/769
f 769/769/769 771/771/771 772/772/772
f 772/772/772 771/771/771 774/774/774
f 777/777/777 772/772/772 774/774/774
f 774/774/774 776/776/776 777/777/777
f 777/777/777 776/776/776 779/779/779
f 784/784/784 777/777/777 779/779/779
f 779/779/779 781/781/781 784/784/784
f 784/784/784 781/781/781 782/782/782
f 784/784/784 785/785/785 786/786/786
f 831/831/831 785/785/785 784/784/784
f 784/784/784 782/782/782 831/831/831
f 784/784/784 786/786/786 787/787/787
f 777/777/777 784/784/784 787/787/787
f 777/777/777 787/787/787 788/788/788
f 772/772/772 777/777/777 788/788/788
f 772/772/772 788/788/788 789/789/789
f 757/757/757 772/772/772 789/789/789
f 757/757/757 789/789/789 755/755/755
f 785/785/785 790/790/790 786/786/786
f 792/792/792 791/791/791 790/790/790
f 785/785/785 792/792/792 790/790/790
f 792/792/792 793/793/793 791/791/791
f 798/798/798 793/793/793 792/792/792
f 792/792/792 797/797/797 798/798/798
f 794/794/794 792/792/792 785/785/785
f 785/785/785 828/828/828 794/794/794
f 797/797/797 792/792/792 794/794/794
f 793/793/793 798/798/798 801/801/801
f 793/793/793 801/801/801 802/802/802
f 802/802/802 804/804/804 793/793/793
f 804/804/804 802/802/802 805/805/805
f 804/804/804 805/805/805 808/808/808
f 811/811/811 804/804/804 808/808/808
f 808/808/808 810/810/810 811/811/811
f 811/811/811 810/810/810 813/813/813
f 814/814/814 820/820/820 811/811/811
f 811/811/811 813/813/813 814/814/814
f 818/818/818 620/620/620 819/819/819
f 819/819/819 815/815/815 818/818/818
f 811/811/811 820/820/820 823/823/823
f 819/819/819 821/821/821 822/822/822
f 819/819/819 620/620/620 821/821/821
f 811/811/811 823/823/823 824/824/824
f 804/804/804 824/824/824 825/825/825
f 804/804/804 811/811/811 824/824/824
f 793/793/793 825/825/825 791/791/791
f 793/793/793 804/804/804 825/825/825
f 620/620/620 621/621/621 821/821/821
f 826/826/826 620/620/620 818/818/818
f 828/828/828 785/785/785 831/831/831
f 834/834/834 833/833/833 691/691/691
f 837/837/837 678/678/678 839/839/839
f 839/839/839 678/678/678 676/676/676
f 676/676/676 841/841/841 839/839/839
f 841/841/841 676/676/676 843/843/843
f 843/843/843 676/676/676 674/674/674
f 674/674/674 844/844/844 843/843/843
f 844/844/844 674/674/674 846/846/846
f 846/846/846 674/674/674 670/670/670
f 670/670/670 848/848/848 846/846/846
f 670/670/670 850/850/850 848/848/848
f 662/662/662 671/671/671 852/852/852
f 651/651/651 852/852/852 650/650/650
f 662/662/662 852/852/852 651/651/651
f 638/638/638 855/855/855 853/853/853
f 638/638/638 857/857/857 855/855/855