# https://github.com/mikedh/trimesh
mtllib material.mtl
usemtl material_0
v 0.24855347 -0.21565917 0.06030181
v 0.24887170 -0.21565917 -0.26838090
v 0.30178320 -0.21565917 -0.35749120
v 0.30178320 -0.21565917 0.17062961
v 0.12304033 -0.20249406 -0.27592193
v -0.12303949 -0.20249406 -0.27592193
v -0.12303949 -0.20249406 -0.28966473
v 0.12304033 -0.20249406 -0.28966473
v 0.22572717 -0.20249406 0.04059571
v 0.22572717 -0.20249406 -0.24884609
v 0.24591944 -0.20249406 -0.25397980
v 0.24591944 -0.20249406 0.04572942
v -0.22326947 -0.21566001 0.08518109
v 0.00000084 -0.21565917 0.08518109
v 0.00000084 -0.21566001 0.17062961
v -0.30178236 -0.21566001 0.17062961
v -0.19914085 -0.20249490 0.06767239
v 0.00000084 -0.20249406 0.06767239
v 0.00000084 -0.20249406 0.08141435
v -0.20905058 -0.20249490 0.08141435
v 0.12304033 -0.20323716 -0.29034486
v -0.12303949 -0.20323800 -0.29034486
v -0.12303949 -0.21194281 -0.29034486
v 0.12304033 -0.21194281 -0.29034486
v 0.22328962 -0.19997926 -0.24822642
v 0.22328962 -0.19997926 0.03997604
v 0.22328962 0.19090920 0.03997688
v 0.22328962 0.19090920 -0.24822642
v -0.19767060 0.19090920 0.06563284
v -0.00000000 0.19090920 0.06563284
v 0.00000084 -0.19997926 0.06563200
v -0.19766976 -0.19998010 0.06563200
v -0.20992887 -0.20323800 0.08209448
v -0.00000000 -0.20323800 0.08209448
v -0.00000000 -0.21194281 0.08209448
v -0.21849598 -0.21194365 0.08209448
v 0.24673223 -0.20324136 0.04631551
v 0.24673223 -0.20324136 -0.25456505
v 0.24673223 -0.21192098 -0.26288109
v 0.24673223 -0.21192098 0.05463155
v 0.23394078 -0.21565917 -0.29072775
v 0.22366747 -0.21565917 -0.29301247
v 0.24154142 -0.21565917 -0.28588204
v 0.24650468 -0.21565917 -0.27843841
v 0.24613691 -0.21565917 0.07041809
v 0.24113754 -0.21565917 0.07793142
v 0.20975590 -0.20249406 -0.27303348
v 0.19914169 -0.20249406 -0.27592193
v 0.20905142 -0.20249406 -0.28966473
v 0.22380518 -0.20249406 -0.28615661
v 0.21769661 -0.20249406 -0.26758070
v 0.23487784 -0.20249406 -0.27903205
v 0.24225010 -0.20249406 -0.26830197
v 0.22301589 -0.20249406 -0.25953167
v 0.22301589 -0.20249406 0.05128213
v 0.24225010 -0.20249406 0.06005159
v 0.21769661 -0.20249406 0.05933032
v 0.23487784 -0.20249406 0.07078251
v 0.23352682 -0.21565917 0.08284682
v 0.22327031 -0.21565917 0.08518109
v 0.22380518 -0.20249406 0.07790623
v 0.20905142 -0.20249406 0.08141435
v 0.19914169 -0.20249406 0.06767239
v 0.20975590 -0.20249406 0.06478310
v 0.22466835 -0.20329342 -0.28676956
v 0.20992971 -0.20323716 -0.29034486
v 0.21849681 -0.21194281 -0.29034486
v 0.22970382 -0.21166404 -0.28758488
v 0.23570323 -0.20331273 -0.27962150
v 0.22466835 -0.20329342 -0.28676956
v 0.22970382 -0.21166404 -0.28758488
v 0.23820208 -0.21156412 -0.28205149
v 0.21560417 0.19091004 -0.26618517
v 0.20791787 0.19100324 -0.27131637
v 0.20791871 -0.20007330 -0.27131637
v 0.21560417 -0.19997926 -0.26618517
v 0.22072780 0.19090920 0.05023926
v 0.22072780 -0.19997926 0.05023842
v 0.21560417 0.19090920 0.05793563
v 0.21560417 -0.19997926 0.05793563
v 0.22072780 -0.19997926 -0.25848880
v 0.22072780 0.19090920 -0.25848880
v 0.20791871 -0.19997926 0.06306683
v 0.19767060 -0.19997926 0.06563200
v 0.19767060 0.19090920 0.06563284
v 0.20791787 0.19090920 0.06306683
v 0.20791871 -0.19997926 0.06306683
v 0.20791787 0.19090920 0.06306683
v 0.22970382 -0.21166404 0.07933534
v 0.21849681 -0.21194281 0.08209448
v 0.20992971 -0.20323716 0.08209448
v 0.22466835 -0.20329342 0.07851918
v 0.23820208 -0.21156412 0.07380111
v 0.22970382 -0.21166404 0.07933534
v 0.22466835 -0.20329342 0.07851918
v 0.23570323 -0.20331273 0.07137195
v 0.24389333 -0.21165396 -0.27378582
v 0.24305450 -0.20329510 -0.26889309
v 0.24305450 -0.20329510 0.06064355
v 0.24389333 -0.21165396 0.06553544
v 0.24887170 -0.21565917 -0.26838090
v 0.24855347 -0.21565917 0.06030181
v -0.21849598 -0.21194365 0.08209448
v -0.00000000 -0.21194281 0.08209448
v 0.22970382 -0.21166404 -0.28758488
v 0.21849681 -0.21194281 -0.29034486
v 0.23820208 -0.21156412 -0.28205149
v 0.24673223 -0.21192098 -0.26288109
v 0.24389333 -0.21165396 -0.27378582
v 0.24389333 -0.21165396 0.06553544
v 0.24673223 -0.21192098 0.05463155
v 0.23820208 -0.21156412 0.07380111
v 0.21849681 -0.21194281 0.08209448
v 0.22970382 -0.21166404 0.07933534
v 0.22572717 -0.20249406 -0.24884609
v 0.22572717 -0.20249406 0.04059571
v 0.00000084 -0.20249406 0.06767239
v -0.19914085 -0.20249490 0.06767239
v 0.20791871 -0.20007330 -0.27131637
v 0.19767060 -0.20007330 -0.27388238
v 0.19914169 -0.20249406 -0.27592193
v 0.20975590 -0.20249406 -0.27303348
v 0.21560417 -0.19997926 -0.26618517
v 0.21769661 -0.20249406 -0.26758070
v 0.22301589 -0.20249406 -0.25953167
v 0.21769661 -0.20249406 -0.26758070
v 0.22301589 -0.20249406 0.05128213
v 0.21769661 -0.20249406 0.05933032
v 0.20975590 -0.20249406 0.06478310
v 0.19914169 -0.20249406 0.06767239
v 0.21560417 -0.19997926 0.05793563
v 0.21769661 -0.20249406 0.05933032
v 0.24591944 -0.20249406 0.04572942
v 0.24591944 -0.20249406 -0.25397980
v -0.12303949 -0.20323800 -0.29034486
v 0.12304033 -0.20323716 -0.29034486
v 0.20992971 -0.20323716 -0.29034486
v 0.22466835 -0.20329342 -0.28676956
v 0.23570323 -0.20331273 -0.27962150
v 0.24225010 -0.20249406 -0.26830197
v 0.23487784 -0.20249406 -0.27903205
v 0.24225010 -0.20249406 0.06005159
v 0.23487784 -0.20249406 0.07078251
v 0.22466835 -0.20329342 0.07851918
v 0.20992971 -0.20323716 0.08209448
v 0.23570323 -0.20331273 0.07137195
v 0.20791787 0.19100324 -0.27131637
v 0.19766976 0.19109728 -0.27388238
v 0.18215779 0.18648920 -0.28715665
v 0.18215947 -0.18782847 -0.28715581
v 0.12304033 -0.20012032 -0.27388238
v 0.19767060 -0.20007330 -0.27388238
v 0.18215947 -0.18782847 -0.28715581
v 0.12304033 -0.18801067 -0.28663522
v 0.12304033 0.19109728 -0.27388238
v 0.12304033 0.18666973 -0.28663690
v 0.18215779 0.18648920 -0.28715665
v 0.19766976 0.19109728 -0.27388238
v -0.12303949 -0.18801151 -0.28663522
v -0.12303949 -0.20012032 -0.27388238
v 0.18047342 0.18450255 -0.28822051
v 0.17047217 0.14792422 -0.28822051
v 0.17047217 -0.14927021 -0.28822051
v 0.18047342 -0.18584854 -0.28822051
v 0.13348408 -0.14927104 -0.28822051
v 0.12290850 -0.18589724 -0.28822051
v 0.10825802 -0.15564494 -0.28822051
v 0.13348408 0.14792422 -0.28822051
v 0.12290850 0.18455125 -0.28822051
v 0.16124845 -0.10635156 -0.29008624
v 0.16124761 0.10500558 -0.29008624
v 0.16092937 0.10500558 -0.30079449
v 0.16092937 -0.10635156 -0.30079449
v 0.14874667 -0.11250799 -0.29008624
v 0.15520958 -0.11250799 -0.29008624
v 0.15520958 -0.11226029 -0.30079449
v 0.14874667 -0.11226029 -0.30079449
v 0.14270780 0.10500558 -0.29008624
v 0.14270780 -0.10635156 -0.29008624
v 0.14302688 -0.10635156 -0.30079449
v 0.14302688 0.10500558 -0.30079449
v 0.15520958 0.11116200 -0.29008624
v 0.14874667 0.11116200 -0.29008624
v 0.14874667 0.11091430 -0.30079449
v 0.15520958 0.11091430 -0.30079449
v 0.16345593 0.10572013 -0.28822051
v 0.16124761 0.10500558 -0.29008624
v 0.16124845 -0.10635156 -0.29008624
v 0.16345677 -0.10706612 -0.28822051
v 0.15660174 -0.11508492 -0.28822051
v 0.14735535 -0.11508492 -0.28822051
v 0.14049948 -0.10706612 -0.28822051
v 0.14270780 -0.10635156 -0.29008624
v 0.14270780 0.10500558 -0.29008624
v 0.14049948 0.10572013 -0.28822051
v 0.14735451 0.11373894 -0.28822051
v 0.14874667 0.11116200 -0.29008624
v 0.15520958 0.11116200 -0.29008624
v 0.15660090 0.11373894 -0.28822051
v 0.16105700 0.11093194 -0.28822051
v 0.15892761 -0.11019219 -0.30079449
v 0.15903929 -0.11027868 -0.29008624
v 0.15903845 0.10893269 -0.29008624
v 0.15892761 0.10884621 -0.30079449
v 0.14502864 -0.11019219 -0.30079449
v 0.14491696 -0.11027868 -0.29008624
v 0.15903929 -0.11027868 -0.29008624
v 0.15892761 -0.11019219 -0.30079449
v 0.14502864 0.10884621 -0.30079449
v 0.14491696 0.10893269 -0.29008624
v 0.14491696 -0.11027868 -0.29008624
v 0.14502864 -0.11019219 -0.30079449
v 0.15892761 0.10884621 -0.30079449
v 0.15903845 0.10893269 -0.29008624
v 0.14491696 0.10893269 -0.29008624
v 0.14502864 0.10884621 -0.30079449
v 0.15903845 0.10893269 -0.29008624
v 0.15903929 -0.11027868 -0.29008624
v 0.16105700 -0.11227792 -0.28822051
v 0.15660174 -0.11508492 -0.28822051
v 0.15520958 -0.11250799 -0.29008624
v 0.14874667 -0.11250799 -0.29008624
v 0.14491696 -0.11027868 -0.29008624
v 0.14289925 -0.11227792 -0.28822051
v 0.14735535 -0.11508492 -0.28822051
v 0.14491696 0.10893269 -0.29008624
v 0.14289925 0.11093194 -0.28822051
v -0.10825718 -0.15564494 -0.28822051
v -0.12290766 -0.18589724 -0.28822051
v 0.10176405 -0.11616137 -0.28850011
v 0.10176405 0.11481539 -0.28850011
v 0.09351518 0.10899735 -0.29213251
v 0.09351602 -0.11034333 -0.29213251
v 0.07436242 -0.12385270 -0.29213251
v -0.07436242 -0.12385354 -0.29213251
v -0.08261045 -0.12967158 -0.28850011
v 0.08261129 -0.12967074 -0.28850011
v 0.07436242 0.12250672 -0.29213251
v 0.08681214 0.11777857 -0.29213251
v 0.09506017 0.12359660 -0.28850011
v 0.08261045 0.12832476 -0.28850011
v 0.08681214 -0.11912455 -0.29213251
v 0.09506017 -0.12494259 -0.28850011
v 0.09192989 -0.10972618 -0.29241211
v 0.08547539 -0.11818160 -0.29241211
v 0.08681214 -0.11912455 -0.29213251
v 0.09351602 -0.11034333 -0.29213251
v 0.07348833 -0.12273427 -0.29241211
v 0.07436242 -0.12385270 -0.29213251
v -0.07348749 -0.12273427 -0.29241211
v -0.07436242 -0.12385354 -0.29213251
v 0.07348833 0.12138829 -0.29241211
v 0.08547455 0.11683562 -0.29241211
v 0.08681214 0.11777857 -0.29213251
v 0.07436242 0.12250672 -0.29213251
v 0.09192906 0.10838019 -0.29241211
v 0.09351518 0.10899735 -0.29213251
v -0.00000000 0.12911740 -0.28822051
v -0.00000000 0.12832476 -0.28850011
v 0.08261045 0.12832476 -0.28850011
v 0.08406223 0.12911740 -0.28822051
v 0.10288752 -0.11718492 -0.28822051
v 0.10288668 0.11583894 -0.28822051
v 0.10176405 0.11481539 -0.28850011
v 0.10176405 -0.11616137 -0.28850011
v 0.09639691 0.12453955 -0.28822051
v 0.09506017 0.12359660 -0.28850011
v 0.09639775 -0.12588553 -0.28822051
v 0.09506017 -0.12494259 -0.28850011
v 0.08406223 -0.13046339 -0.28822051
v 0.08261129 -0.12967074 -0.28850011
v 0.12304033 -0.21565917 -0.29301247
v 0.12304033 -0.21565917 -0.35749120
v 0.12304033 -0.21194281 -0.29034486
v 0.12304033 -0.20012032 -0.27388238
v 0.12304033 -0.20249406 -0.27592193
v -0.00000000 -0.20323800 0.08209448
v -0.00000000 -0.00067299 -0.29241211
v -0.00000000 0.12138829 -0.29241211
v 0.10825718 0.15429896 -0.28822051
v -0.08406139 -0.13046339 -0.28822051
v -0.12303949 -0.21566001 -0.29301247
v -0.12303949 -0.21565917 -0.35749120
v -0.12303949 -0.21194281 -0.29034486
v -0.12303949 -0.20012032 -0.27388238
v -0.12303949 -0.20249406 -0.27592193
v -0.00000000 0.19109728 -0.27388238
v -0.00000000 0.18666973 -0.28663690
v -0.00000000 0.18444294 -0.28822051
v -0.00000000 0.15599508 -0.28822051
v -0.00000000 0.12832476 -0.28850011
v -0.00000000 0.12250672 -0.29213251
v -0.00000000 0.12250672 -0.29213251
v -0.08261045 -0.12967158 -0.28850011
v 0.12304033 -0.18801067 -0.28663522
v 0.12304033 0.18666973 -0.28663690
v -0.12303949 -0.18801151 -0.28663522
v -0.00000000 0.18666973 -0.28663690
v -0.24855263 -0.21566001 0.06030181
v -0.30178236 -0.21566001 -0.35749120
v -0.24887086 -0.21566001 -0.26838090
v -0.22572633 -0.20249490 0.04059571
v -0.24591860 -0.20249490 0.04572942
v -0.24591860 -0.20249490 -0.25397980
v -0.22572633 -0.20249490 -0.24884609
v -0.22328878 -0.19998010 -0.24822642
v -0.22328962 0.19090920 -0.24822642
v -0.22328962 0.19090920 0.03997688
v -0.22328878 -0.19998010 0.03997604
v -0.24673139 -0.20324220 0.04631551
v -0.24673139 -0.21192182 0.05463155
v -0.24673139 -0.21192182 -0.26288109
v -0.24673139 -0.20324220 -0.25456505
v -0.23393994 -0.21566001 -0.29072775
v -0.24154058 -0.21566001 -0.28588204
v -0.22366663 -0.21566001 -0.29301247
v -0.24650384 -0.21566001 -0.27843841
v -0.24613607 -0.21566001 0.07041809
v -0.24113671 -0.21566001 0.07793142
v -0.20975506 -0.20249490 -0.27303348
v -0.22380434 -0.20249490 -0.28615661
v -0.20905058 -0.20249490 -0.28966473
v -0.19914085 -0.20249490 -0.27592193
v -0.21769577 -0.20249490 -0.26758070
v -0.23487700 -0.20249490 -0.27903205
v -0.24224926 -0.20249490 -0.26830197
v -0.22301589 -0.20249490 -0.25953167
v -0.22301589 -0.20249490 0.05128213
v -0.24224926 -0.20249490 0.06005159
v -0.21769577 -0.20249490 0.05933032
v -0.23487700 -0.20249490 0.07078251
v -0.23352598 -0.21566001 0.08284682
v -0.22380434 -0.20249490 0.07790623
v -0.20975506 -0.20249490 0.06478310
v -0.22466751 -0.20329342 -0.28676956
v -0.22970299 -0.21166404 -0.28758488
v -0.21849598 -0.21194365 -0.29034486
v -0.20992887 -0.20323800 -0.29034486
v -0.23570239 -0.20331357 -0.27962150
v -0.23820124 -0.21156496 -0.28205149
v -0.22970299 -0.21166404 -0.28758488
v -0.22466751 -0.20329342 -0.28676956
v -0.21560417 0.19090920 -0.26618517
v -0.21560333 -0.19997926 -0.26618517
v -0.20791787 -0.20007330 -0.27131637
v -0.20791787 0.19100324 -0.27131637
v -0.22072780 0.19090920 0.05023926
v -0.22072697 -0.19998010 0.05023842
v -0.21560417 0.19090920 0.05793563
v -0.21560333 -0.19998010 0.05793563
v -0.22072697 -0.19998010 -0.25848880
v -0.22072780 0.19090920 -0.25848880
v -0.20791787 -0.19998010 0.06306683
v -0.20791787 0.19090920 0.06306683
v -0.20791787 0.19090920 0.06306683
v -0.20791787 -0.19998010 0.06306683
v -0.22970299 -0.21166404 0.07933534
v -0.22466751 -0.20329342 0.07851918
v -0.23820124 -0.21156496 0.07380111
v -0.23570239 -0.20331357 0.07137195
v -0.22466751 -0.20329342 0.07851918
v -0.22970299 -0.21166404 0.07933534
v -0.24389249 -0.21165480 -0.27378582
v -0.24305366 -0.20329594 -0.26889309
v -0.24305366 -0.20329594 0.06064355
v -0.24389249 -0.21165480 0.06553544
v -0.24855263 -0.21566001 0.06030181
v -0.24887086 -0.21566001 -0.26838090
v -0.22970299 -0.21166404 -0.28758488
v -0.21849598 -0.21194365 -0.29034486
v -0.23820124 -0.21156496 -0.28205149
v -0.24673139 -0.21192182 -0.26288109
v -0.24389249 -0.21165480 -0.27378582
v -0.24389249 -0.21165480 0.06553544
v -0.24673139 -0.21192182 0.05463155
v -0.23820124 -0.21156496 0.07380111
v -0.22970299 -0.21166404 0.07933534
v -0.22572633 -0.20249490 0.04059571
v -0.22572633 -0.20249490 -0.24884609
v -0.20791787 -0.20007330 -0.27131637
v -0.20975506 -0.20249490 -0.27303348
v -0.19914085 -0.20249490 -0.27592193
v -0.19766976 -0.20007330 -0.27388238
v -0.21560333 -0.19997926 -0.26618517
v -0.21769577 -0.20249490 -0.26758070
v -0.22301589 -0.20249490 -0.25953167
v -0.21769577 -0.20249490 -0.26758070
v -0.22301589 -0.20249490 0.05128213
v -0.21769577 -0.20249490 0.05933032
v -0.20975506 -0.20249490 0.06478310
v -0.21769577 -0.20249490 0.05933032
v -0.21560333 -0.19998010 0.05793563
v -0.24591860 -0.20249490 -0.25397980
v -0.24591860 -0.20249490 0.04572942
v -0.20992887 -0.20323800 -0.29034486
v -0.22466751 -0.20329342 -0.28676956
v -0.23570239 -0.20331357 -0.27962150
v -0.24224926 -0.20249490 -0.26830197
v -0.23487700 -0.20249490 -0.27903205
v -0.24224926 -0.20249490 0.06005159
v -0.23487700 -0.20249490 0.07078251
v -0.22466751 -0.20329342 0.07851918
v -0.20992887 -0.20323800 0.08209448
v -0.23570239 -0.20331357 0.07137195
v -0.19767060 0.19109728 -0.27388238
v -0.20791787 0.19100324 -0.27131637
v -0.18215863 -0.18782847 -0.28715581
v -0.18215779 0.18648836 -0.28715665
v -0.18215863 -0.18782847 -0.28715581
v -0.19766976 -0.20007330 -0.27388238
v -0.12304033 0.19109728 -0.27388238
v -0.19767060 0.19109728 -0.27388238
v -0.18215779 0.18648836 -0.28715665
v -0.12304033 0.18666973 -0.28663690
v -0.18047342 0.18450171 -0.28822051
v -0.18047258 -0.18584938 -0.28822051
v -0.17047133 -0.14927104 -0.28822051
v -0.17047217 0.14792422 -0.28822051
v -0.13348324 -0.14927104 -0.28822051
v -0.13348408 0.14792422 -0.28822051
v -0.12290850 0.18455041 -0.28822051
v -0.16124761 -0.10635240 -0.29008624
v -0.16092854 -0.10635240 -0.30079449
v -0.16092937 0.10500558 -0.30079449
v -0.16124761 0.10500558 -0.29008624
v -0.14874583 -0.11250883 -0.29008624
v -0.14874583 -0.11226029 -0.30079449
v -0.15520874 -0.11226029 -0.30079449
v -0.15520874 -0.11250883 -0.29008624
v -0.14270780 0.10500558 -0.29008624
v -0.14302688 0.10500558 -0.30079449
v -0.14302604 -0.10635240 -0.30079449
v -0.14270780 -0.10635240 -0.29008624
v -0.15520958 0.11116200 -0.29008624
v -0.15520958 0.11091346 -0.30079449
v -0.14874667 0.11091346 -0.30079449
v -0.14874667 0.11116200 -0.29008624
v -0.16345593 0.10572013 -0.28822051
v -0.16345593 -0.10706696 -0.28822051
v -0.16124761 -0.10635240 -0.29008624
v -0.16124761 0.10500558 -0.29008624
v -0.15660090 -0.11508492 -0.28822051
v -0.14735451 -0.11508492 -0.28822051
v -0.14874583 -0.11250883 -0.29008624
v -0.15520874 -0.11250883 -0.29008624
v -0.14049948 -0.10706696 -0.28822051
v -0.14049948 0.10572013 -0.28822051
v -0.14270780 0.10500558 -0.29008624
v -0.14270780 -0.10635240 -0.29008624
v -0.14735451 0.11373810 -0.28822051
v -0.15660090 0.11373810 -0.28822051
v -0.15520958 0.11116200 -0.29008624
v -0.14874667 0.11116200 -0.29008624
v -0.16105700 0.11093194 -0.28822051
v -0.15903845 -0.11027952 -0.29008624
v -0.15892677 -0.11019219 -0.30079449
v -0.15892677 0.10884621 -0.30079449
v -0.15903845 0.10893269 -0.29008624
v -0.14491696 -0.11027952 -0.29008624
v -0.14502780 -0.11019219 -0.30079449
v -0.15892677 -0.11019219 -0.30079449
v -0.15903845 -0.11027952 -0.29008624
v -0.14491696 0.10893269 -0.29008624
v -0.14502864 0.10884621 -0.30079449
v -0.14502780 -0.11019219 -0.30079449
v -0.14491696 -0.11027952 -0.29008624
v -0.15903845 0.10893269 -0.29008624
v -0.15892677 0.10884621 -0.30079449
v -0.14502864 0.10884621 -0.30079449
v -0.14491696 0.10893269 -0.29008624
v -0.15903845 0.10893269 -0.29008624
v -0.16105700 -0.11227876 -0.28822051
v -0.15903845 -0.11027952 -0.29008624
v -0.14289841 -0.11227876 -0.28822051
v -0.14491696 -0.11027952 -0.29008624
v -0.14289925 0.11093194 -0.28822051
v -0.14491696 0.10893269 -0.29008624
v -0.10176321 -0.11616137 -0.28850011
v -0.09351518 -0.11034333 -0.29213251
v -0.09351518 0.10899735 -0.29213251
v -0.10176405 0.11481455 -0.28850011
v -0.07436242 0.12250672 -0.29213251
v -0.08261045 0.12832476 -0.28850011
v -0.09506017 0.12359660 -0.28850011
v -0.08681214 0.11777857 -0.29213251
v -0.09505933 -0.12494259 -0.28850011
v -0.08681130 -0.11912455 -0.29213251
v -0.09192906 -0.10972702 -0.29241211
v -0.09351518 -0.11034333 -0.29213251
v -0.08681130 -0.11912455 -0.29213251
v -0.08547455 -0.11818160 -0.29241211
v -0.07348833 0.12138745 -0.29241211
v -0.07436242 0.12250672 -0.29213251
v -0.08681214 0.11777857 -0.29213251
v -0.08547455 0.11683478 -0.29241211
v -0.09351518 0.10899735 -0.29213251
v -0.09192906 0.10838019 -0.29241211
v -0.08406223 0.12911656 -0.28822051
v -0.08261045 0.12832476 -0.28850011
v -0.10288668 -0.11718492 -0.28822051
v -0.10176321 -0.11616137 -0.28850011
v -0.10176405 0.11481455 -0.28850011
v -0.10288668 0.11583810 -0.28822051
v -0.09639691 0.12453955 -0.28822051
v -0.09506017 0.12359660 -0.28850011
v -0.09639691 -0.12588553 -0.28822051
v -0.09505933 -0.12494259 -0.28850011
v -0.10825718 0.15429896 -0.28822051
v -0.12304033 0.18666973 -0.28663690
v 0.21207002 0.15339296 -0.01723119
v 0.22721842 0.15339296 -0.03311513
v 0.22721926 -0.07434689 -0.03311513
v 0.21208009 -0.07655185 -0.01723455
v 0.21356126 -0.09769713 -0.03558207
v 0.21227406 -0.08223470 -0.01963767
v 0.22721926 -0.08005913 -0.03549726
v 0.22721926 -0.09782140 -0.05343251
v 0.21356042 -0.10341190 -0.03570718
v 0.22721926 -0.10301137 -0.05355258
v 0.22721926 -0.12005826 -0.03778199
v 0.21228917 -0.11802879 -0.02179477
v 0.21207170 -0.15258352 -0.01948569
v 0.21207757 -0.12380568 -0.01948737
v 0.22721926 -0.12587294 -0.03550482
v 0.22721926 -0.15258352 -0.03550482
v 0.22500086 0.15339296 -0.00988748
v 0.21207002 0.15339296 -0.01149544
v 0.21208009 -0.07884917 -0.01149208
v 0.22500086 -0.08105329 -0.00988748
v 0.21193987 -0.08456729 -0.01386413
v 0.21114807 -0.09791461 -0.02725343
v 0.22500086 -0.09841673 -0.02403415
v 0.22500086 -0.08676637 -0.01227045
v 0.22500086 -0.10340350 -0.02414667
v 0.21112875 -0.10354876 -0.02738694
v 0.21191972 -0.11584062 -0.01602039
v 0.22500086 -0.11377168 -0.01455434
v 0.21207757 -0.12165278 -0.01374658
v 0.21207086 -0.15258352 -0.01374910
v 0.22500086 -0.15258352 -0.01227716
v 0.22500086 -0.11958636 -0.01227716
v 0.21117913 -0.07766356 -0.01403878
v 0.21122615 0.15339296 -0.01406229
v 0.21115478 -0.09777438 -0.03098658
v 0.21120096 -0.08336573 -0.01642091
v 0.21114555 -0.10350174 -0.03111757
v 0.21120516 -0.11696913 -0.01857381
v 0.21122783 -0.15258352 -0.01630924
v 0.21118417 -0.12276366 -0.01628908
v 0.22721926 -0.10039078 -0.05474658
v 0.21293067 -0.10053940 -0.03631510
v 0.21171988 -0.10071489 -0.02815943
v 0.22500086 -0.10088450 -0.02529533
v 0.21117745 -0.10062337 -0.03181953
v 0.21491900 -0.15768617 -0.01922707
v 0.22665836 -0.15794479 -0.03272049
v 0.22500086 -0.16217334 -0.02158401
v 0.22500086 -0.15872651 -0.01227716
v 0.21480649 -0.15761732 -0.01374910
v 0.21407598 -0.15759381 -0.01619504
v 0.22665836 -0.15794479 -0.03272049
v 0.21491900 -0.15768617 -0.01922707
v 0.21480649 -0.15761732 -0.01374910
v 0.22500086 -0.15872651 -0.01227716
v 0.21407598 -0.15759381 -0.01619504
v 0.22721842 0.15339296 -0.03311513
v 0.21207002 0.15339296 -0.01723119
v 0.22500086 0.15977190 -0.01721859
v 0.21207002 0.15339296 -0.01149544
v 0.22500086 0.15339296 -0.00988748
v 0.21122615 0.15339296 -0.01406229
v 0.21207002 0.15339296 -0.06119857
v 0.22721926 0.15339296 -0.07708252
v 0.22721926 -0.07434689 -0.07708252
v 0.21208009 -0.07655185 -0.06120193
v 0.21356126 -0.09769713 -0.07954945
v 0.21227406 -0.08223470 -0.06360505
v 0.22721926 -0.08005913 -0.07946465
v 0.22721926 -0.09782140 -0.09739989
v 0.21356042 -0.10341190 -0.07967456
v 0.22721926 -0.10301137 -0.09751997
v 0.22721926 -0.12005826 -0.08174938
v 0.21228917 -0.11802879 -0.06576215
v 0.21207170 -0.15258352 -0.06345307
v 0.21207757 -0.12380568 -0.06345475
v 0.22721926 -0.12587294 -0.07947220
v 0.22721926 -0.15258352 -0.07947220
v 0.22500086 0.15339296 -0.05385486
v 0.21207002 0.15339296 -0.05546282
v 0.21208009 -0.07884917 -0.05545862
v 0.22500086 -0.08105329 -0.05385486
v 0.21193987 -0.08456729 -0.05783151
v 0.21114807 -0.09791461 -0.07122081
v 0.22500086 -0.09841673 -0.06800154
v 0.22500086 -0.08676637 -0.05623783
v 0.22500086 -0.10340350 -0.06811405
v 0.21112875 -0.10354876 -0.07135432
v 0.21191972 -0.11584062 -0.05998777
v 0.22500086 -0.11377168 -0.05852172
v 0.21207757 -0.12165278 -0.05771480
v 0.21207086 -0.15258352 -0.05771648
v 0.22500086 -0.15258352 -0.05624455
v 0.22500086 -0.11958636 -0.05624455
v 0.21117913 -0.07766356 -0.05800616
v 0.21122615 0.15339296 -0.05802884
v 0.21115478 -0.09777438 -0.07495397
v 0.21120096 -0.08336573 -0.06038829
v 0.21114555 -0.10350174 -0.07508495
v 0.21120516 -0.11696913 -0.06254120
v 0.21122783 -0.15258352 -0.06027662
v 0.21118417 -0.12276366 -0.06025647
v 0.22721926 -0.10039078 -0.09871397
v 0.21293067 -0.10053940 -0.08028248
v 0.21171988 -0.10071489 -0.07212681
v 0.22500086 -0.10088450 -0.06926272
v 0.21117745 -0.10062337 -0.07578691
v 0.21491900 -0.15768617 -0.06319446
v 0.22665836 -0.15794479 -0.07668787
v 0.22500086 -0.16217334 -0.06555140
v 0.22500086 -0.15872651 -0.05624455
v 0.21480649 -0.15761732 -0.05771648
v 0.21407598 -0.15759381 -0.06016242
v 0.22665836 -0.15794479 -0.07668787
v 0.21491900 -0.15768617 -0.06319446
v 0.21480649 -0.15761732 -0.05771648
v 0.22500086 -0.15872651 -0.05624455
v 0.21407598 -0.15759381 -0.06016242
v 0.22721926 0.15339296 -0.07708252
v 0.21207002 0.15339296 -0.06119857
v 0.22500086 0.15977190 -0.06118598
v 0.21207002 0.15339296 -0.05546282
v 0.22500086 0.15339296 -0.05385486
v 0.21122615 0.15339296 -0.05802884
v 0.21207002 0.15339296 -0.10516596
v 0.22721926 0.15339296 -0.12104906
v 0.22721926 -0.07434689 -0.12104906
v 0.21208009 -0.07655185 -0.10516931
v 0.21356126 -0.09769713 -0.12351684
v 0.21227406 -0.08223470 -0.10757244
v 0.22721926 -0.08005913 -0.12343203
v 0.22721926 -0.09782140 -0.14136728
v 0.21356042 -0.10341190 -0.12364195
v 0.22721926 -0.10301137 -0.14148735
v 0.22721926 -0.12005826 -0.12571676
v 0.21228917 -0.11802879 -0.10973038
v 0.21207170 -0.15258352 -0.10742046
v 0.21207757 -0.12380568 -0.10742214
v 0.22721926 -0.12587294 -0.12343959
v 0.22721926 -0.15258352 -0.12343959
v 0.22500086 0.15339296 -0.09782224
v 0.21207002 0.15339296 -0.09943020
v 0.21208009 -0.07884917 -0.09942684
v 0.22500086 -0.08105329 -0.09782224
v 0.21193987 -0.08456729 -0.10179890
v 0.21114807 -0.09791461 -0.11518820
v 0.22500086 -0.09841589 -0.11196892
v 0.22500086 -0.08676637 -0.10020521
v 0.22500086 -0.10340350 -0.11208144
v 0.21112875 -0.10354876 -0.11532171
v 0.21191972 -0.11584062 -0.10395600
v 0.22500086 -0.11377168 -0.10248910
v 0.21207757 -0.12165278 -0.10168219
v 0.21207086 -0.15258352 -0.10168386
v 0.22500086 -0.15258352 -0.10021193
v 0.22500086 -0.11958636 -0.10021193
v 0.21117913 -0.07766356 -0.10197355
v 0.21122615 0.15339296 -0.10199622
v 0.21115478 -0.09777438 -0.11892135
v 0.21120096 -0.08336573 -0.10435568
v 0.21114555 -0.10350174 -0.11905234
v 0.21120516 -0.11696829 -0.10650858
v 0.21122783 -0.15258352 -0.10424400
v 0.21118417 -0.12276366 -0.10422385
v 0.22721926 -0.10039078 -0.14268135
v 0.21293067 -0.10053940 -0.12424986
v 0.21171988 -0.10071489 -0.11609420
v 0.22500086 -0.10088450 -0.11323010
v 0.21117745 -0.10062337 -0.11975430
v 0.21491900 -0.15768617 -0.10716184
v 0.22665836 -0.15794479 -0.12065610
v 0.22500086 -0.16217334 -0.10951878
v 0.22500086 -0.15872651 -0.10021193
v 0.21480649 -0.15761732 -0.10168386
v 0.21407598 -0.15759381 -0.10412981
v 0.22665836 -0.15794479 -0.12065610
v 0.21491900 -0.15768617 -0.10716184
v 0.21480649 -0.15761732 -0.10168386
v 0.22500086 -0.15872651 -0.10021193
v 0.21407598 -0.15759381 -0.10412981
v 0.22721926 0.15339296 -0.12104906
v 0.21207002 0.15339296 -0.10516596
v 0.22500086 0.15977190 -0.10515336
v 0.21207002 0.15339296 -0.09943020
v 0.22500086 0.15339296 -0.09782224
v 0.21122615 0.15339296 -0.10199622
v 0.21207002 0.15339296 -0.14913334
v 0.22721926 0.15339296 -0.16501728
v 0.22721926 -0.07434689 -0.16501728
v 0.21208009 -0.07655185 -0.14913670
v 0.21356126 -0.09769713 -0.16748422
v 0.21227406 -0.08223470 -0.15153982
v 0.22721926 -0.08005913 -0.16739941
v 0.22721926 -0.09782140 -0.18533466
v 0.21356042 -0.10341190 -0.16760933
v 0.22721926 -0.10301137 -0.18545473
v 0.22721926 -0.12005826 -0.16968414
v 0.21228917 -0.11802879 -0.15369692
v 0.21207170 -0.15258352 -0.15138784
v 0.21207757 -0.12380568 -0.15138952
v 0.22721926 -0.12587294 -0.16740697
v 0.22721926 -0.15258352 -0.16740697
v 0.22500086 0.15339296 -0.14178963
v 0.21207002 0.15339296 -0.14339759
v 0.21208009 -0.07884917 -0.14339423
v 0.22500086 -0.08105329 -0.14178963
v 0.21193987 -0.08456729 -0.14576628
v 0.21114807 -0.09791461 -0.15915558
v 0.22500086 -0.09841589 -0.15593631
v 0.22500086 -0.08676637 -0.14417260
v 0.22500086 -0.10340350 -0.15604882
v 0.21112959 -0.10354876 -0.15928909
v 0.21191972 -0.11584062 -0.14792338
v 0.22500086 -0.11377168 -0.14645649
v 0.21207757 -0.12165278 -0.14564957
v 0.21207086 -0.15258352 -0.14565125
v 0.22500086 -0.15258352 -0.14417932
v 0.22500086 -0.11958636 -0.14417932
v 0.21117913 -0.07766356 -0.14594093
v 0.21122615 0.15339296 -0.14596360
v 0.21115478 -0.09777438 -0.16288873
v 0.21120096 -0.08336573 -0.14832306
v 0.21114555 -0.10350174 -0.16301972
v 0.21120516 -0.11696829 -0.15047596
v 0.21122783 -0.15258352 -0.14821139
v 0.21118417 -0.12276366 -0.14819124
v 0.22721926 -0.10039078 -0.18664874
v 0.21293067 -0.10053940 -0.16821725
v 0.21171988 -0.10071489 -0.16006158
v 0.22500086 -0.10088450 -0.15719748
v 0.21117745 -0.10062337 -0.16372168
v 0.21491900 -0.15768617 -0.15112922
v 0.22665836 -0.15794479 -0.16462264
v 0.22500086 -0.16217334 -0.15348616
v 0.22500086 -0.15872651 -0.14417932
v 0.21480649 -0.15761732 -0.14565125
v 0.21407598 -0.15759381 -0.14809719
v 0.22665836 -0.15794479 -0.16462264
v 0.21491900 -0.15768617 -0.15112922
v 0.21480649 -0.15761732 -0.14565125
v 0.22500086 -0.15872651 -0.14417932
v 0.21407598 -0.15759381 -0.14809719
v 0.22721926 0.15339296 -0.16501728
v 0.21207002 0.15339296 -0.14913334
v 0.22500086 0.15977190 -0.14912074
v 0.21207002 0.15339296 -0.14339759
v 0.22500086 0.15339296 -0.14178963
v 0.21122615 0.15339296 -0.14596360
v 0.21207002 0.15339296 -0.19310072
v 0.22721926 0.15339296 -0.20898467
v 0.22721926 -0.07434689 -0.20898467
v 0.21208009 -0.07655185 -0.19310408
v 0.21356126 -0.09769713 -0.21145160
v 0.21227406 -0.08223470 -0.19550720
v 0.22721926 -0.08005913 -0.21136680
v 0.22721926 -0.09782140 -0.22930205
v 0.21356042 -0.10341190 -0.21157671
v 0.22721926 -0.10301137 -0.22942212
v 0.22721926 -0.12005826 -0.21365153
v 0.21228917 -0.11802879 -0.19766430
v 0.21207170 -0.15258352 -0.19535522
v 0.21207757 -0.12380568 -0.19535690
v 0.22721926 -0.12587294 -0.21137436
v 0.22721926 -0.15258352 -0.21137436
v 0.22500086 0.15339296 -0.18575701
v 0.21207002 0.15339296 -0.18736497
v 0.21208009 -0.07884917 -0.18736161
v 0.22500086 -0.08105329 -0.18575701
v 0.21193987 -0.08456729 -0.18973367
v 0.21114807 -0.09791461 -0.20312297
v 0.22500086 -0.09841589 -0.19990369
v 0.22500086 -0.08676637 -0.18813998
v 0.22500086 -0.10340350 -0.20001621
v 0.21112959 -0.10354876 -0.20325647
v 0.21191972 -0.11584062 -0.19188993
v 0.22500086 -0.11377168 -0.19042387
v 0.21207757 -0.12165278 -0.18961695
v 0.21207170 -0.15258352 -0.18961863
v 0.22500086 -0.15258352 -0.18814670
v 0.22500086 -0.11958636 -0.18814670
v 0.21117913 -0.07766356 -0.18990832
v 0.21122615 0.15339296 -0.18993099
v 0.21115478 -0.09777438 -0.20685612
v 0.21120096 -0.08336573 -0.19229045
v 0.21114555 -0.10350174 -0.20698711
v 0.21120516 -0.11696829 -0.19444335
v 0.21122783 -0.15258352 -0.19217877
v 0.21118417 -0.12276366 -0.19215862
v 0.22721926 -0.10039078 -0.23061612
v 0.21293067 -0.10053940 -0.21218463
v 0.21171988 -0.10071489 -0.20402897
v 0.22500086 -0.10088450 -0.20116487
v 0.21117745 -0.10062337 -0.20768907
v 0.21491900 -0.15768617 -0.19509661
v 0.22665836 -0.15794479 -0.20859003
v 0.22500086 -0.16217334 -0.19745355
v 0.22500086 -0.15872651 -0.18814670
v 0.21480649 -0.15761732 -0.18961863
v 0.21407682 -0.15759381 -0.19206458
v 0.22665836 -0.15794479 -0.20859003
v 0.21491900 -0.15768617 -0.19509661
v 0.21480649 -0.15761732 -0.18961863
v 0.22500086 -0.15872651 -0.18814670
v 0.21407682 -0.15759381 -0.19206458
v 0.22721926 0.15339296 -0.20898467
v 0.21207002 0.15339296 -0.19310072
v 0.22500086 0.15977190 -0.19308813
v 0.21207002 0.15339296 -0.18736497
v 0.22500086 0.15339296 -0.18575701
v 0.21122615 0.15339296 -0.18993099
v -0.21207002 0.15339212 -0.01723119
v -0.21207925 -0.07655185 -0.01723455
v -0.22721842 -0.07434689 -0.03311513
v -0.22721842 0.15339212 -0.03311513
v -0.21356042 -0.09769713 -0.03558207
v -0.22721842 -0.09782140 -0.05343251
v -0.22721842 -0.08005997 -0.03549726
v -0.21227406 -0.08223554 -0.01963767
v -0.21355958 -0.10341190 -0.03570718
v -0.21228833 -0.11802879 -0.02179561
v -0.22721842 -0.12005910 -0.03778199
v -0.22721842 -0.10301137 -0.05355258
v -0.21207002 -0.15258352 -0.01948569
v -0.22721842 -0.15258352 -0.03550482
v -0.22721842 -0.12587294 -0.03550482
v -0.21207674 -0.12380652 -0.01948737
v -0.22500086 0.15339212 -0.00988748
v -0.22500002 -0.08105413 -0.00988748
v -0.21207925 -0.07884917 -0.01149208
v -0.21207002 0.15339212 -0.01149544
v -0.21193903 -0.08456729 -0.01386413
v -0.22500002 -0.08676637 -0.01227045
v -0.22500002 -0.09841673 -0.02403415
v -0.21114723 -0.09791461 -0.02725343
v -0.22500002 -0.10340434 -0.02414667
v -0.22500002 -0.11377168 -0.01455434
v -0.21191888 -0.11584146 -0.01602039
v -0.21112791 -0.10354960 -0.02738694
v -0.21207674 -0.12165362 -0.01374742
v -0.22500002 -0.11958636 -0.01227716
v -0.22500002 -0.15258352 -0.01227716
v -0.21207002 -0.15258352 -0.01374910
v -0.21117829 -0.07766440 -0.01403878
v -0.21122531 0.15339212 -0.01406229
v -0.21115394 -0.09777522 -0.03098658
v -0.21120012 -0.08336573 -0.01642091
v -0.21114471 -0.10350174 -0.03111757
v -0.21120432 -0.11696913 -0.01857381
v -0.21122699 -0.15258352 -0.01630924
v -0.21118333 -0.12276366 -0.01628908
v -0.22721842 -0.10039078 -0.05474658
v -0.21292984 -0.10054024 -0.03631510
v -0.21171904 -0.10071573 -0.02815943
v -0.22500002 -0.10088450 -0.02529533
v -0.21117661 -0.10062337 -0.03181953
v -0.21491816 -0.15768701 -0.01922707
v -0.22500002 -0.16217418 -0.02158401
v -0.22665752 -0.15794562 -0.03272133
v -0.22500002 -0.15872735 -0.01227716
v -0.21480565 -0.15761732 -0.01374910
v -0.21407514 -0.15759381 -0.01619504
v -0.21491816 -0.15768701 -0.01922707
v -0.22665752 -0.15794562 -0.03272133
v -0.22500002 -0.15872735 -0.01227716
v -0.21480565 -0.15761732 -0.01374910
v -0.21407514 -0.15759381 -0.01619504
v -0.22721842 0.15339212 -0.03311513
v -0.22500086 0.15977190 -0.01721859
v -0.21207002 0.15339212 -0.01723119
v -0.21207002 0.15339212 -0.01149544
v -0.22500086 0.15339212 -0.00988748
v -0.21122531 0.15339212 -0.01406229
v -0.21207002 0.15339212 -0.06119857
v -0.21207925 -0.07655185 -0.06120193
v -0.22721842 -0.07434689 -0.07708252
v -0.22721842 0.15339212 -0.07708252
v -0.21356042 -0.09769713 -0.07954945
v -0.22721842 -0.09782140 -0.09739989
v -0.22721842 -0.08005997 -0.07946465
v -0.21227406 -0.08223554 -0.06360505
v -0.21355958 -0.10341190 -0.07967456
v -0.21228833 -0.11802879 -0.06576299
v -0.22721842 -0.12005910 -0.08174938
v -0.22721842 -0.10301137 -0.09751997
v -0.21207002 -0.15258352 -0.06345307
v -0.22721842 -0.15258352 -0.07947220
v -0.22721842 -0.12587294 -0.07947220
v -0.21207674 -0.12380652 -0.06345475
v -0.22500086 0.15339212 -0.05385486
v -0.22500002 -0.08105413 -0.05385486
v -0.21207925 -0.07884917 -0.05545946
v -0.21207002 0.15339212 -0.05546282
v -0.21193903 -0.08456729 -0.05783151
v -0.22500002 -0.08676637 -0.05623783
v -0.22500002 -0.09841673 -0.06800154
v -0.21114723 -0.09791461 -0.07122081
v -0.22500002 -0.10340434 -0.06811405
v -0.22500002 -0.11377168 -0.05852172
v -0.21191888 -0.11584146 -0.05998861
v -0.21112791 -0.10354960 -0.07135432
v -0.21207674 -0.12165362 -0.05771480
v -0.22500002 -0.11958636 -0.05624539
v -0.22500002 -0.15258352 -0.05624455
v -0.21207002 -0.15258352 -0.05771648
v -0.21117829 -0.07766440 -0.05800616
v -0.21122531 0.15339212 -0.05802884
v -0.21115394 -0.09777522 -0.07495397
v -0.21120012 -0.08336573 -0.06038829
v -0.21114471 -0.10350174 -0.07508495
v -0.21120432 -0.11696913 -0.06254120
v -0.21122699 -0.15258352 -0.06027662
v -0.21118333 -0.12276366 -0.06025647
v -0.22721842 -0.10039078 -0.09871397
v -0.21292984 -0.10054024 -0.08028248
v -0.21171904 -0.10071573 -0.07212681
v -0.22500002 -0.10088450 -0.06926272
v -0.21117661 -0.10062337 -0.07578691
v -0.21491816 -0.15768701 -0.06319446
v -0.22500002 -0.16217418 -0.06555140
v -0.22665752 -0.15794562 -0.07668787
v -0.22500002 -0.15872735 -0.05624455
v -0.21480565 -0.15761732 -0.05771648
v -0.21407514 -0.15759381 -0.06016242
v -0.21491816 -0.15768701 -0.06319446
v -0.22665752 -0.15794562 -0.07668787
v -0.22500002 -0.15872735 -0.05624455
v -0.21480565 -0.15761732 -0.05771648
v -0.21407514 -0.15759381 -0.06016242
v -0.22721842 0.15339212 -0.07708252
v -0.22500086 0.15977190 -0.06118598
v -0.21207002 0.15339212 -0.06119857
v -0.21207002 0.15339212 -0.05546282
v -0.22500086 0.15339212 -0.05385486
v -0.21122531 0.15339212 -0.05802884
v -0.21207002 0.15339212 -0.10516596
v -0.21207925 -0.07655185 -0.10516931
v -0.22721842 -0.07434689 -0.12104990
v -0.22721842 0.15339212 -0.12104990
v -0.21356042 -0.09769713 -0.12351684
v -0.22721842 -0.09782140 -0.14136728
v -0.22721842 -0.08005997 -0.12343203
v -0.21227406 -0.08223554 -0.10757244
v -0.21355958 -0.10341190 -0.12364195
v -0.21228833 -0.11802879 -0.10973038
v -0.22721842 -0.12005910 -0.12571676
v -0.22721842 -0.10301137 -0.14148735
v -0.21207002 -0.15258352 -0.10742046
v -0.22721842 -0.15258352 -0.12343959
v -0.22721842 -0.12587294 -0.12343959
v -0.21207674 -0.12380652 -0.10742298
v -0.22500002 0.15339212 -0.09782224
v -0.22500002 -0.08105413 -0.09782224
v -0.21207925 -0.07884917 -0.09942684
v -0.21207002 0.15339212 -0.09943020
v -0.21193903 -0.08456729 -0.10179890
v -0.22500002 -0.08676637 -0.10020521
v -0.22500002 -0.09841673 -0.11196892
v -0.21114723 -0.09791461 -0.11518820
v -0.22500002 -0.10340434 -0.11208144
v -0.22500002 -0.11377168 -0.10248910
v -0.21191888 -0.11584146 -0.10395600
v -0.21112791 -0.10354960 -0.11532171
v -0.21207674 -0.12165362 -0.10168219
v -0.22500002 -0.11958636 -0.10021277
v -0.22500002 -0.15258352 -0.10021277
v -0.21207002 -0.15258352 -0.10168386
v -0.21117829 -0.07766440 -0.10197355
v -0.21122531 0.15339212 -0.10199706
v -0.21115394 -0.09777522 -0.11892135
v -0.21120012 -0.08336573 -0.10435568
v -0.21114471 -0.10350174 -0.11905234
v -0.21120432 -0.11696913 -0.10650858
v -0.21122699 -0.15258352 -0.10424400
v -0.21118333 -0.12276366 -0.10422385
v -0.22721842 -0.10039078 -0.14268135
v -0.21292984 -0.10054024 -0.12424986
v -0.21171904 -0.10071573 -0.11609420
v -0.22500002 -0.10088450 -0.11323010
v -0.21117661 -0.10062337 -0.11975430
v -0.21491816 -0.15768701 -0.10716184
v -0.22500002 -0.16217418 -0.10951962
v -0.22665752 -0.15794562 -0.12065610
v -0.22500002 -0.15872735 -0.10021277
v -0.21480565 -0.15761732 -0.10168386
v -0.21407514 -0.15759381 -0.10412981
v -0.21491816 -0.15768701 -0.10716184
v -0.22665752 -0.15794562 -0.12065610
v -0.22500002 -0.15872735 -0.10021277
v -0.21480565 -0.15761732 -0.10168386
v -0.21407514 -0.15759381 -0.10412981
v -0.22721842 0.15339212 -0.12104990
v -0.22500002 0.15977190 -0.10515336
v -0.21207002 0.15339212 -0.10516596
v -0.21207002 0.15339212 -0.09943020
v -0.22500002 0.15339212 -0.09782224
v -0.21122531 0.15339212 -0.10199706
v -0.21207002 0.15339212 -0.14913334
v -0.21207925 -0.07655185 -0.14913670
v -0.22721842 -0.07434689 -0.16501728
v -0.22721842 0.15339212 -0.16501728
v -0.21356042 -0.09769713 -0.16748422
v -0.22721842 -0.09782140 -0.18533466
v -0.22721842 -0.08005997 -0.16739941
v -0.21227322 -0.08223554 -0.15153982
v -0.21355958 -0.10341190 -0.16760933
v -0.21228833 -0.11802879 -0.15369776
v -0.22721842 -0.12005910 -0.16968414
v -0.22721842 -0.10301137 -0.18545473
v -0.21207002 -0.15258352 -0.15138784
v -0.22721842 -0.15258352 -0.16740697
v -0.22721842 -0.12587294 -0.16740697
v -0.21207674 -0.12380652 -0.15139036
v -0.22500002 0.15339212 -0.14178963
v -0.22500002 -0.08105413 -0.14178963
v -0.21207925 -0.07884917 -0.14339423
v -0.21207002 0.15339212 -0.14339759
v -0.21193903 -0.08456729 -0.14576628
v -0.22500002 -0.08676637 -0.14417260
v -0.22500002 -0.09841673 -0.15593631
v -0.21114723 -0.09791461 -0.15915558
v -0.22500002 -0.10340434 -0.15604882
v -0.22500002 -0.11377168 -0.14645649
v -0.21191888 -0.11584146 -0.14792338
v -0.21112791 -0.10354960 -0.15928909
v -0.21207674 -0.12165362 -0.14564957
v -0.22500002 -0.11958636 -0.14418016
v -0.22500002 -0.15258352 -0.14418016
v -0.21207002 -0.15258352 -0.14565125
v -0.21117829 -0.07766440 -0.14594093
v -0.21122531 0.15339212 -0.14596360
v -0.21115394 -0.09777522 -0.16288957
v -0.21120012 -0.08336573 -0.14832306
v -0.21114471 -0.10350174 -0.16301972
v -0.21120432 -0.11696913 -0.15047596
v -0.21122699 -0.15258352 -0.14821139
v -0.21118333 -0.12276366 -0.14819124
v -0.22721842 -0.10039078 -0.18664874
v -0.21292984 -0.10054024 -0.16821725
v -0.21171904 -0.10071573 -0.16006158
v -0.22500002 -0.10088450 -0.15719748
v -0.21117661 -0.10062337 -0.16372168
v -0.21491816 -0.15768701 -0.15112922
v -0.22500002 -0.16217418 -0.15348700
v -0.22665752 -0.15794562 -0.16462348
v -0.22500002 -0.15872735 -0.14418016
v -0.21480565 -0.15761732 -0.14565125
v -0.21407514 -0.15759381 -0.14809719
v -0.21491816 -0.15768701 -0.15112922
v -0.22665752 -0.15794562 -0.16462348
v -0.22500002 -0.15872735 -0.14418016
v -0.21480565 -0.15761732 -0.14565125
v -0.21407514 -0.15759381 -0.14809719
v -0.22721842 0.15339212 -0.16501728
v -0.22500002 0.15977190 -0.14912074
v -0.21207002 0.15339212 -0.14913334
v -0.21207002 0.15339212 -0.14339759
v -0.22500002 0.15339212 -0.14178963
v -0.21122531 0.15339212 -0.14596360
v -0.21207002 0.15339212 -0.19310072
v -0.21207925 -0.07655185 -0.19310408
v -0.22721842 -0.07434689 -0.20898467
v -0.22721842 0.15339212 -0.20898467
v -0.21356042 -0.09769713 -0.21145160
v -0.22721842 -0.09782140 -0.22930205
v -0.22721842 -0.08005997 -0.21136680
v -0.21227322 -0.08223554 -0.19550720
v -0.21355958 -0.10341190 -0.21157671
v -0.21228833 -0.11802879 -0.19766514
v -0.22721842 -0.12005910 -0.21365153
v -0.22721842 -0.10301137 -0.22942212
v -0.21207002 -0.15258352 -0.19535522
v -0.22721842 -0.15258352 -0.21137436
v -0.22721842 -0.12587294 -0.21137436
v -0.21207674 -0.12380652 -0.19535774
v -0.22500002 0.15339212 -0.18575701
v -0.22500002 -0.08105413 -0.18575701
v -0.21207925 -0.07884917 -0.18736161
v -0.21207002 0.15339212 -0.18736497
v -0.21193903 -0.08456729 -0.18973367
v -0.22500002 -0.08676637 -0.18813998
v -0.22500002 -0.09841673 -0.19990369
v -0.21114723 -0.09791461 -0.20312297
v -0.22500002 -0.10340434 -0.20001621
v -0.22500002 -0.11377168 -0.19042471
v -0.21191888 -0.11584146 -0.19189077
v -0.21112791 -0.10354960 -0.20325647
v -0.21207674 -0.12165362 -0.18961695
v -0.22500002 -0.11958636 -0.18814754
v -0.22500002 -0.15258352 -0.18814754
v -0.21207002 -0.15258352 -0.18961863
v -0.21117829 -0.07766440 -0.18990832
v -0.21122531 0.15339212 -0.18993099
v -0.21115394 -0.09777522 -0.20685612
v -0.21120012 -0.08336573 -0.19229045
v -0.21114471 -0.10350174 -0.20698711
v -0.21120432 -0.11696913 -0.19444335
v -0.21122699 -0.15258352 -0.19217877
v -0.21118333 -0.12276366 -0.19215862
v -0.22721842 -0.10039078 -0.23061612
v -0.21292984 -0.10054024 -0.21218463
v -0.21171904 -0.10071573 -0.20402897
v -0.22500002 -0.10088450 -0.20116487
v -0.21117661 -0.10062337 -0.20768907
v -0.21491816 -0.15768701 -0.19509661
v -0.22500002 -0.16217418 -0.19745439
v -0.22665752 -0.15794562 -0.20859087
v -0.22500002 -0.15872735 -0.18814754
v -0.21480565 -0.15761732 -0.18961863
v -0.21407514 -0.15759381 -0.19206458
v -0.21491816 -0.15768701 -0.19509661
v -0.22665752 -0.15794562 -0.20859087
v -0.22500002 -0.15872735 -0.18814754
v -0.21480565 -0.15761732 -0.18961863
v -0.21407514 -0.15759381 -0.19206458
v -0.22721842 0.15339212 -0.20898467
v -0.22500002 0.15977190 -0.19308813
v -0.21207002 0.15339212 -0.19310072
v -0.21207002 0.15339212 -0.18736497
v -0.22500002 0.15339212 -0.18575701
v -0.21122531 0.15339212 -0.18993099
v -0.22328962 0.19090920 -0.24822642
v -0.22072780 0.19090920 -0.25848880
v -0.20532835 0.19090920 -0.25168584
v -0.20671883 0.19090920 -0.24618939
v -0.21560417 0.19090920 -0.26618517
v -0.20362467 0.19090920 -0.25422247
v -0.20791787 0.19090920 -0.27131637
v -0.20109895 0.19090920 -0.25592279
v -0.19767060 0.19090920 -0.27388238
v -0.19562770 0.19090920 -0.25731159
v 0.19562770 0.19091004 -0.25731159
v -0.00000000 0.19090920 -0.25731159
v -0.00000000 0.19090920 -0.27388238
v 0.19767060 0.19091004 -0.27388238
v -0.19767060 0.19090920 0.06563284
v -0.20791787 0.19090920 0.06306683
v -0.20109895 0.19090920 0.04767325
v -0.19562770 0.19090920 0.04906121
v -0.21560417 0.19090920 0.05793563
v -0.20362467 0.19090920 0.04597292
v -0.22072780 0.19090920 0.05023926
v -0.20532835 0.19090920 0.04343546
v -0.22328962 0.19090920 0.03997688
v -0.20671883 0.19090920 0.03793985
v -0.22328962 0.19090920 -0.10412477
v -0.20671883 0.19090920 -0.10412477
v -0.20302766 0.19342399 -0.25066900
v -0.20184542 0.19342399 -0.25244489
v -0.20089911 0.20800394 -0.25095197
v -0.20422251 0.19342399 -0.24588207
v -0.20008044 0.19342399 -0.25362378
v -0.19531954 0.19342399 -0.25481527
v -0.20089911 0.20800394 -0.25095197
v -0.20184542 0.19342399 -0.25244489
v 0.19531954 0.19342483 -0.25481527
v 0.20089911 0.20800394 -0.25095197
v -0.00000000 0.20800394 -0.25095197
v -0.00000000 0.19342399 -0.25481527
v -0.20008044 0.19342399 0.04537340
v -0.20184542 0.19342399 0.04419535
v -0.20089911 0.20800310 0.04323730
v -0.19531954 0.19342399 0.04656573
v -0.20302766 0.19342399 0.04241946
v -0.20422251 0.19342399 0.03763253
v -0.20089911 0.20800310 0.04323730
v -0.20184542 0.19342399 0.04419535
v -0.20422251 0.19342399 -0.10412477
v -0.20089911 0.20800310 -0.10385692
v -0.20422251 0.19342399 -0.24588207
v -0.20302766 0.19342399 -0.25066900
v -0.20184542 0.19342399 -0.25244489
v -0.20008044 0.19342399 -0.25362378
v -0.19531954 0.19342399 -0.25481527
v -0.00000000 0.19342399 -0.25481527
v -0.19531954 0.19342399 0.04656573
v -0.20008044 0.19342399 0.04537340
v -0.20184542 0.19342399 0.04419535
v -0.20302766 0.19342399 0.04241946
v -0.20422251 0.19342399 0.03763253
v -0.20422251 0.19342399 -0.10412477
v -0.00000000 0.19090920 0.04906121
v -0.00000000 0.19090920 0.06563284
v -0.00000000 0.20800394 0.04323730
v -0.00000000 0.20800394 -0.10385692
v 0.20089911 0.20800394 -0.10385692
v 0.20089911 0.20800394 0.04323730
v 0.22328962 0.19091004 -0.24822642
v 0.20671883 0.19091004 -0.24618939
v 0.20532835 0.19091004 -0.25168584
v 0.22072780 0.19091004 -0.25848880
v 0.20362467 0.19091004 -0.25422247
v 0.21560417 0.19091004 -0.26618517
v 0.20109895 0.19091004 -0.25592279
v 0.20791787 0.19091004 -0.27131637
v 0.19767060 0.19091004 0.06563284
v 0.19562770 0.19091004 0.04906121
v 0.20109895 0.19091004 0.04767325
v 0.20791787 0.19091004 0.06306683
v 0.20362467 0.19091004 0.04597292
v 0.21560417 0.19091004 0.05793563
v 0.20532835 0.19091004 0.04343546
v 0.22072780 0.19091004 0.05023926
v 0.20671883 0.19091004 0.03793985
v 0.22328962 0.19091004 0.03997688
v 0.20671883 0.19091004 -0.10412477
v 0.22328962 0.19091004 -0.10412477
v 0.20302766 0.19342483 -0.25066900
v 0.20422251 0.19342483 -0.24588207
v 0.20089911 0.20800394 -0.25095197
v 0.20184542 0.19342483 -0.25244489
v 0.20008044 0.19342483 -0.25362378
v 0.20184542 0.19342483 -0.25244489
v 0.20008044 0.19342483 0.04537340
v 0.19531954 0.19342483 0.04656573
v 0.20089911 0.20800394 0.04323730
v 0.20184542 0.19342483 0.04419535
v 0.20302766 0.19342483 0.04241946
v 0.20184542 0.19342483 0.04419535
v 0.20089911 0.20800394 0.04323730
v 0.20422251 0.19342483 0.03763253
v 0.20089911 0.20800394 -0.10385692
v 0.20422251 0.19342483 -0.10412477
v 0.20422251 0.19342483 -0.24588207
v 0.20302766 0.19342483 -0.25066900
v 0.20184542 0.19342483 -0.25244489
v 0.20008044 0.19342483 -0.25362378
v 0.19531954 0.19342483 -0.25481527
v 0.19531954 0.19342483 0.04656573
v 0.20008044 0.19342483 0.04537340
v 0.20184542 0.19342483 0.04419535
v 0.20302766 0.19342483 0.04241946
v 0.20422251 0.19342483 0.03763253
v 0.20422251 0.19342483 -0.10412477
v -0.00000000 0.20800394 0.04323730
v -0.00000000 0.19342399 0.04656573
v -0.00000000 0.19342399 0.04656573
v 0.05832314 0.21035836 -0.12356302
v 0.05721646 0.20367799 -0.12278549
v 0.01608714 0.20367799 -0.19179085
v 0.01639866 0.21035836 -0.19390344
v 0.01639866 0.21035836 0.02870017
v 0.01608714 0.20367799 0.02658758
v 0.05721646 0.20367799 -0.04241778
v 0.05832314 0.21035836 -0.04164025
v -0.00000000 0.20367799 0.03261553
v 0.00873756 0.20367799 0.03123176
v 0.00900121 0.21035836 0.03327719
v -0.00000000 0.21035836 0.03484484
v 0.05303577 0.20032520 -0.11985002
v 0.05896968 0.20032520 -0.10790242
v 0.06277252 0.20032520 -0.09499173
v -0.00000000 0.20032520 -0.08260164
v 0.06277252 0.20032520 -0.07021154
v 0.05896968 0.20032520 -0.05730001
v 0.05303577 0.20032520 -0.04535325
v 0.05832314 0.21035836 -0.12356302
v 0.06510511 0.21035836 -0.10990922
v 0.06386913 0.20367799 -0.10939115
v 0.05721646 0.20367799 -0.12278549
v 0.06917413 0.21035836 -0.09625543
v 0.06786089 0.20367799 -0.09599597
v 0.07053103 0.21035836 -0.08260164
v 0.06919176 0.20367799 -0.08260164
v 0.06386913 0.20367799 -0.05581212
v 0.06510511 0.21035836 -0.05529405
v 0.06786089 0.20367799 -0.06920646
v 0.06917413 0.21035836 -0.06894784
v 0.00873756 0.20367799 -0.19643503
v -0.00000000 0.20367799 -0.19781796
v -0.00000000 0.21035836 -0.20004727
v 0.00900121 0.21035836 -0.19847962
v 0.00900121 0.21035836 0.03327719
v 0.00873756 0.20367799 0.03123176
v 0.06400263 0.20032520 -0.08260164
v 0.01207103 0.20032520 0.02353875
v 0.00831520 0.20032520 0.02592004
v 0.00831520 0.20032520 -0.19112331
v 0.01207103 0.20032520 -0.18874202
v -0.00000000 0.20032520 0.02800997
v -0.00831436 0.20032520 0.02592004
v -0.00831436 0.20032520 -0.19112331
v -0.00000000 0.20032520 -0.19321240
v -0.01608714 0.20367799 -0.19179085
v -0.05721646 0.20367799 -0.12278549
v -0.05832314 0.21035836 -0.12356302
v -0.01639866 0.21035836 -0.19390344
v -0.05721646 0.20367799 -0.04241778
v -0.01608714 0.20367799 0.02658758
v -0.01639866 0.21035836 0.02870017
v -0.05832314 0.21035836 -0.04164025
v -0.05303577 0.20032520 -0.11985002
v -0.06277168 0.20032520 -0.09499173
v -0.05896968 0.20032520 -0.10790242
v -0.05303577 0.20032520 -0.04535325
v -0.05896968 0.20032520 -0.05730001
v -0.06277168 0.20032520 -0.07021154
v -0.06386913 0.20367799 -0.10939115
v -0.06510511 0.21035836 -0.10990922
v -0.05832314 0.21035836 -0.12356302
v -0.05721646 0.20367799 -0.12278549
v -0.06786089 0.20367799 -0.09599597
v -0.06917413 0.21035836 -0.09625543
v -0.06919176 0.20367799 -0.08260164
v -0.07053019 0.21035836 -0.08260164
v -0.06510511 0.21035836 -0.05529405
v -0.06386913 0.20367799 -0.05581212
v -0.06917413 0.21035836 -0.06894784
v -0.06786089 0.20367799 -0.06920646
v -0.00900037 0.21035836 -0.19847962
v -0.00873756 0.20367799 -0.19643503
v -0.00873756 0.20367799 0.03123176
v -0.00900037 0.21035836 0.03327719
v -0.00873756 0.20367799 0.03123176
v -0.00900037 0.21035836 0.03327719
v -0.06400263 0.20032520 -0.08260164
v -0.01207103 0.20032520 0.02353875
v -0.01207103 0.20032520 -0.18874202
v 0.01608714 0.20367799 -0.19179085
v 0.05575292 0.20149905 -0.12175774
v 0.01468154 0.20149905 -0.19072363
v 0.01468154 0.20149821 0.02552036
v 0.05575292 0.20149905 -0.04344469
v 0.00873756 0.20367799 0.03123176
v -0.00000000 0.20367799 0.03261553
v -0.00000000 0.20149905 0.03100337
v 0.00858558 0.20149905 0.02938030
v 0.05575292 0.20149905 -0.12175774
v 0.06215453 0.20149905 -0.10886972
v 0.06607996 0.20149905 -0.09564499
v 0.06607996 0.20149905 -0.06955828
v 0.06215453 0.20149905 -0.05633271
v 0.05575292 0.20149905 -0.04344469
v 0.06215453 0.20149905 -0.10886972
v 0.06607996 0.20149905 -0.09564499
v 0.06737557 0.20149905 -0.08260164
v 0.06215453 0.20149905 -0.05633271
v 0.06607996 0.20149905 -0.06955828
v 0.00858558 0.20149905 -0.19458273
v -0.00000000 0.20149905 -0.19620664
v 0.01468154 0.20149905 -0.19072363
v 0.01608714 0.20367799 0.02658758
v 0.01468154 0.20149821 0.02552036
v 0.06737557 0.20149905 -0.08260164
v 0.00858558 0.20149905 -0.19458273
v 0.01468154 0.20149905 -0.19072363
v -0.00000000 0.20149905 -0.19620664
v -0.01608714 0.20367799 -0.19179085
v -0.01468154 0.20149905 -0.19072363
v -0.05575292 0.20149821 -0.12175774
v -0.05575292 0.20149821 -0.04344469
v -0.01468154 0.20149821 0.02552036
v -0.06607996 0.20149821 -0.09564499
v -0.06215453 0.20149821 -0.10886972
v -0.05575292 0.20149821 -0.12175774
v -0.05575292 0.20149821 -0.04344469
v -0.06215453 0.20149821 -0.05633271
v -0.06607996 0.20149821 -0.06955828
v -0.06215453 0.20149821 -0.10886972
v -0.06607996 0.20149821 -0.09564499
v -0.06737557 0.20149821 -0.08260164
v -0.06215453 0.20149821 -0.05633271
v -0.06607996 0.20149821 -0.06955828
v -0.00858558 0.20149905 -0.19458273
v -0.01468154 0.20149905 -0.19072363
v -0.00873756 0.20367799 0.03123176
v -0.01608714 0.20367799 0.02658758
v -0.01468154 0.20149821 0.02552036
v -0.00858558 0.20149905 0.02938030
v -0.06737557 0.20149821 -0.08260164
v -0.01468154 0.20149905 -0.19072363
v -0.00858558 0.20149905 -0.19458273
v 0.21791325 -0.16251928 -0.05610936
v 0.21760593 -0.12618025 -0.05561564
v 0.22067323 -0.12563951 -0.05404882
v 0.22080002 -0.16536155 -0.05422431
v 0.22013248 -0.12443375 -0.05064482
v 0.21989654 -0.16438166 -0.05090008
v 0.21989654 -0.16438166 -0.05090008
v 0.22013248 -0.12443375 -0.05064482
v 0.21672680 -0.12423055 -0.05010827
v 0.21645979 -0.16093399 -0.05072963
v 0.21645979 -0.16093399 -0.05072963
v 0.21672680 -0.12423055 -0.05010827
v 0.21516586 -0.12530952 -0.05318313
v 0.21523136 -0.15978281 -0.05394470
v 0.21760593 -0.12618025 -0.05561564
v 0.21791325 -0.16251928 -0.05610936
v 0.21757066 -0.11872739 -0.05861660
v 0.21757066 -0.10696200 -0.06955996
v 0.22066063 -0.10708963 -0.06748766
v 0.22066063 -0.11818580 -0.05708337
v 0.22066063 -0.11818580 -0.05708337
v 0.22066063 -0.10708963 -0.06748766
v 0.22015767 -0.10737260 -0.06287370
v 0.22015767 -0.11698088 -0.05367097
v 0.22015767 -0.11698088 -0.05367097
v 0.22015767 -0.10737260 -0.06287370
v 0.21675703 -0.10742046 -0.06209449
v 0.21675703 -0.11677768 -0.05309496
v 0.21675703 -0.11677768 -0.05309496
v 0.21675703 -0.10742046 -0.06209449
v 0.21515831 -0.10716688 -0.06622649
v 0.21515831 -0.11785665 -0.05615134
v 0.21757066 -0.10696200 -0.06955996
v 0.21757066 -0.11872739 -0.05861660
v 0.21757066 -0.09460801 -0.06880174
v 0.21757066 -0.08433386 -0.05818837
v 0.22066063 -0.08498377 -0.05665598
v 0.22066063 -0.09473564 -0.06672945
v 0.22066063 -0.09473564 -0.06672945
v 0.22066063 -0.08498377 -0.05665598
v 0.22015767 -0.08642967 -0.05324358
v 0.22015767 -0.09501860 -0.06211633
v 0.22015767 -0.09501860 -0.06211633
v 0.22015767 -0.08642967 -0.05324358
v 0.21675703 -0.08667401 -0.05266757
v 0.21675703 -0.09506646 -0.06133712
v 0.21675703 -0.09506646 -0.06133712
v 0.21675703 -0.08667401 -0.05266757
v 0.21515831 -0.08537841 -0.05572312
v 0.21515831 -0.09481288 -0.06546911
v 0.21757066 -0.08433386 -0.05818837
v 0.21757066 -0.09460801 -0.06880174
v 0.21757822 -0.07722694 -0.05517817
v 0.21804759 0.16014387 -0.05521680
v 0.22084536 0.16293408 -0.05320328
v 0.22066315 -0.07787684 -0.05363655
v 0.21979494 0.16186854 -0.04991935
v 0.22015095 -0.07932274 -0.05022667
v 0.22015095 -0.07932274 -0.05022667
v 0.21979494 0.16186854 -0.04991935
v 0.21634727 0.15841920 -0.04990424
v 0.21674947 -0.07956709 -0.04965989
v 0.21674947 -0.07956709 -0.04965989
v 0.21634727 0.15841920 -0.04990424
v 0.21526662 0.15735366 -0.05317809
v 0.21515999 -0.07827148 -0.05272047
v 0.21804759 0.16014387 -0.05521680
v 0.21757822 -0.07722694 -0.05517817
v -0.21414399 0.16964048 -0.05319069
v 0.21414483 0.16964048 -0.05319069
v 0.21135378 0.16685027 -0.05521848
v -0.21135378 0.16684943 -0.05521848
v 0.21307846 0.16857495 -0.04991095
v -0.21307846 0.16857411 -0.04991095
v 0.20962995 0.16512560 -0.04991095
v 0.21307846 0.16857495 -0.04991095
v -0.21307846 0.16857411 -0.04991095
v -0.20962911 0.16512560 -0.04991095
v 0.20856358 0.16406007 -0.05319069
v 0.20962995 0.16512560 -0.04991095
v -0.20962911 0.16512560 -0.04991095
v -0.20856358 0.16405923 -0.05319069
v -0.20960056 -0.17090166 -0.05611692
v -0.20686409 -0.16816519 -0.05401692
v 0.20686493 -0.16816519 -0.05401692
v 0.20960140 -0.17090166 -0.05611692
v 0.20960140 -0.17090166 -0.05611692
v 0.21587034 -0.16880585 -0.05611524
v 0.21872436 -0.17164812 -0.05417813
v 0.21244367 -0.17374392 -0.05416302
v 0.21244367 -0.17374392 -0.05416302
v 0.21872436 -0.17164812 -0.05417813
v 0.21776295 -0.17066823 -0.05086649
v 0.21146378 -0.17276403 -0.05085558
v 0.21146378 -0.17276403 -0.05085558
v 0.21776295 -0.17066823 -0.05086649
v 0.21431864 -0.16722057 -0.05075650
v 0.20801611 -0.16931637 -0.05076573
v 0.20801611 -0.16931637 -0.05076573
v 0.21431864 -0.16722057 -0.05075650
v 0.21314815 -0.16606938 -0.05399928
v 0.20686493 -0.16816519 -0.05401692
v 0.21314815 -0.16606938 -0.05399928
v 0.21791325 -0.16251928 -0.05610936
v 0.22080002 -0.16536155 -0.05422431
v 0.21872436 -0.17164812 -0.05417813
v 0.21776295 -0.17066823 -0.05086649
v 0.21431864 -0.16722057 -0.05075650
v 0.21314815 -0.16606938 -0.05399928
v 0.21587034 -0.16880585 -0.05611524
v 0.21804759 0.16014387 -0.05521680
v 0.21638086 0.16517346 -0.05521848
v 0.21917275 0.16796367 -0.05319404
v 0.22084536 0.16293408 -0.05320328
v 0.21917275 0.16796367 -0.05319404
v 0.21811057 0.16689813 -0.04991263
v 0.21811057 0.16689813 -0.04991263
v 0.21466206 0.16344879 -0.04990927
v 0.21466206 0.16344879 -0.04990927
v 0.21359233 0.16238326 -0.05318733
v 0.21526662 0.15735366 -0.05317809
v 0.21359233 0.16238326 -0.05318733
v 0.21135378 0.16685027 -0.05521848
v 0.21414483 0.16964048 -0.05319069
v 0.21917275 0.16796367 -0.05319404
v 0.21811057 0.16689813 -0.04991263
v 0.21466206 0.16344879 -0.04990927
v 0.21359233 0.16238326 -0.05318733
v 0.20856358 0.16406007 -0.05319069
v 0.21757066 -0.10696200 -0.06955996
v 0.21757066 -0.10269062 -0.07181530
v 0.22066063 -0.10281741 -0.06974300
v 0.22066063 -0.10708963 -0.06748766
v 0.22066063 -0.10281741 -0.06974300
v 0.22015767 -0.10310038 -0.06512988
v 0.22015767 -0.10310038 -0.06512988
v 0.21675703 -0.10314824 -0.06435067
v 0.21675703 -0.10314824 -0.06435067
v 0.21515831 -0.10289466 -0.06848267
v 0.21757066 -0.10269062 -0.07181530
v 0.21757066 -0.10269062 -0.07181530
v 0.21757066 -0.09857207 -0.07156256
v 0.22066063 -0.09869969 -0.06949026
v 0.21757066 -0.09857207 -0.07156256
v 0.21757066 -0.09460801 -0.06880174
v 0.22066063 -0.09473564 -0.06672945
v 0.22066063 -0.09869969 -0.06949026
v 0.22015767 -0.09898266 -0.06487714
v 0.22015767 -0.09898266 -0.06487714
v 0.21675703 -0.09903052 -0.06409794
v 0.21675703 -0.09903052 -0.06409794
v 0.21515831 -0.09877694 -0.06822993
v 0.21757066 -0.09857207 -0.07156256
v 0.22066063 -0.11818580 -0.05708337
v 0.22067323 -0.12563951 -0.05404882
v 0.21760593 -0.12618025 -0.05561564
v 0.21757066 -0.11872739 -0.05861660
v 0.22066315 -0.07787684 -0.05363655
v 0.22066063 -0.08498377 -0.05665598
v 0.21757066 -0.08433386 -0.05818837
v 0.21757822 -0.07722694 -0.05517817
v -0.21791241 -0.16251928 -0.05611020
v -0.22079918 -0.16536155 -0.05422431
v -0.22067239 -0.12563951 -0.05404882
v -0.21760509 -0.12618109 -0.05561564
v -0.21989570 -0.16438166 -0.05090008
v -0.22013164 -0.12443459 -0.05064482
v -0.21989570 -0.16438166 -0.05090008
v -0.21645895 -0.16093399 -0.05072963
v -0.21672596 -0.12423055 -0.05010827
v -0.22013164 -0.12443459 -0.05064482
v -0.21645895 -0.16093399 -0.05072963
v -0.21523052 -0.15978281 -0.05394470
v -0.21516502 -0.12531036 -0.05318313
v -0.21672596 -0.12423055 -0.05010827
v -0.21791241 -0.16251928 -0.05611020
v -0.21760509 -0.12618109 -0.05561564
v -0.21756982 -0.11872823 -0.05861660
v -0.22065979 -0.11818664 -0.05708337
v -0.22065979 -0.10708963 -0.06748766
v -0.21756982 -0.10696284 -0.06955996
v -0.22065979 -0.11818664 -0.05708337
v -0.22015683 -0.11698172 -0.05367097
v -0.22015683 -0.10737260 -0.06287454
v -0.22065979 -0.10708963 -0.06748766
v -0.22015683 -0.11698172 -0.05367097
v -0.21675619 -0.11677768 -0.05309496
v -0.21675619 -0.10742046 -0.06209449
v -0.22015683 -0.10737260 -0.06287454
v -0.21675619 -0.11677768 -0.05309496
v -0.21515747 -0.11785749 -0.05615134
v -0.21515747 -0.10716688 -0.06622649
v -0.21675619 -0.10742046 -0.06209449
v -0.21756982 -0.11872823 -0.05861660
v -0.21756982 -0.10696284 -0.06955996
v -0.21756982 -0.09460885 -0.06880174
v -0.22065979 -0.09473564 -0.06672945
v -0.22065979 -0.08498377 -0.05665598
v -0.21756982 -0.08433470 -0.05818837
v -0.22065979 -0.09473564 -0.06672945
v -0.22015683 -0.09501860 -0.06211633
v -0.22015683 -0.08642967 -0.05324358
v -0.22065979 -0.08498377 -0.05665598
v -0.22015683 -0.09501860 -0.06211633
v -0.21675619 -0.09506646 -0.06133712
v -0.21675619 -0.08667401 -0.05266757
v -0.22015683 -0.08642967 -0.05324358
v -0.21675619 -0.09506646 -0.06133712
v -0.21515747 -0.09481288 -0.06546911
v -0.21515747 -0.08537925 -0.05572312
v -0.21675619 -0.08667401 -0.05266757
v -0.21756982 -0.09460885 -0.06880174
v -0.21756982 -0.08433470 -0.05818837
v -0.21757822 -0.07722778 -0.05517817
v -0.22066231 -0.07787684 -0.05363739
v -0.22084536 0.16293408 -0.05320328
v -0.21804675 0.16014387 -0.05521764
v -0.22015095 -0.07932274 -0.05022667
v -0.21979410 0.16186770 -0.04991935
v -0.22015095 -0.07932274 -0.05022667
v -0.21674947 -0.07956709 -0.04965989
v -0.21634643 0.15841920 -0.04990424
v -0.21979410 0.16186770 -0.04991935
v -0.21674947 -0.07956709 -0.04965989
v -0.21515915 -0.07827232 -0.05272047
v -0.21526662 0.15735282 -0.05317809
v -0.21634643 0.15841920 -0.04990424
v -0.21757822 -0.07722778 -0.05517817
v -0.21804675 0.16014387 -0.05521764
v -0.21135378 0.16684943 -0.05521848
v 0.21135378 0.16685027 -0.05521848
v -0.20960056 -0.17090166 -0.05611692
v 0.20960140 -0.17090166 -0.05611692
v -0.21244283 -0.17374392 -0.05416302
v -0.21146294 -0.17276487 -0.05085558
v -0.20801528 -0.16931637 -0.05076573
v -0.21146294 -0.17276487 -0.05085558
v -0.20801528 -0.16931637 -0.05076573
v -0.20960056 -0.17090166 -0.05611692
v -0.21244283 -0.17374392 -0.05416302
v -0.21872352 -0.17164896 -0.05417813
v -0.21586950 -0.16880585 -0.05611524
v -0.21776211 -0.17066907 -0.05086649
v -0.21872352 -0.17164896 -0.05417813
v -0.21431696 -0.16722057 -0.05075650
v -0.21776211 -0.17066907 -0.05086649
v -0.21314647 -0.16606938 -0.05399928
v -0.21431696 -0.16722057 -0.05075650
v -0.20686409 -0.16816519 -0.05401692
v -0.21314647 -0.16606938 -0.05399928
v -0.22079918 -0.16536155 -0.05422431
v -0.21791241 -0.16251928 -0.05611020
v -0.21872352 -0.17164896 -0.05417813
v -0.21776211 -0.17066907 -0.05086649
v -0.21431696 -0.16722057 -0.05075650
v -0.21314647 -0.16606938 -0.05399928
v -0.21586950 -0.16880585 -0.05611524
v -0.21804675 0.16014387 -0.05521764
v -0.22084536 0.16293408 -0.05320328
v -0.21917275 0.16796367 -0.05319404
v -0.21638002 0.16517346 -0.05521848
v -0.21811057 0.16689813 -0.04991263
v -0.21917275 0.16796367 -0.05319404
v -0.21466206 0.16344879 -0.04990927
v -0.21811057 0.16689813 -0.04991263
v -0.21359233 0.16238326 -0.05318817
v -0.21466206 0.16344879 -0.04990927
v -0.21526662 0.15735282 -0.05317809
v -0.21359233 0.16238326 -0.05318817
v -0.21414399 0.16964048 -0.05319069
v -0.21135378 0.16684943 -0.05521848
v -0.21917275 0.16796367 -0.05319404
v -0.21811057 0.16689813 -0.04991263
v -0.21466206 0.16344879 -0.04990927
v -0.21359233 0.16238326 -0.05318817
v -0.20856358 0.16405923 -0.05319069
v -0.21756982 -0.10696284 -0.06955996
v -0.22065979 -0.10708963 -0.06748766
v -0.22065979 -0.10281741 -0.06974300
v -0.21756982 -0.10269062 -0.07181530
v -0.22015683 -0.10310038 -0.06512988
v -0.22065979 -0.10281741 -0.06974300
v -0.21675619 -0.10314824 -0.06435067
v -0.22015683 -0.10310038 -0.06512988
v -0.21515747 -0.10289466 -0.06848267
v -0.21675619 -0.10314824 -0.06435067
v -0.21756982 -0.10269062 -0.07181530
v -0.21756982 -0.10269062 -0.07181530
v -0.22065979 -0.09869969 -0.06949026
v -0.21756982 -0.09857291 -0.07156256
v -0.21756982 -0.09857291 -0.07156256
v -0.22065979 -0.09869969 -0.06949026
v -0.22065979 -0.09473564 -0.06672945
v -0.21756982 -0.09460885 -0.06880174
v -0.22015683 -0.09898266 -0.06487714
v -0.21675619 -0.09903052 -0.06409794
v -0.22015683 -0.09898266 -0.06487714
v -0.21515747 -0.09877694 -0.06822993
v -0.21675619 -0.09903052 -0.06409794
v -0.21756982 -0.09857291 -0.07156256
v -0.22065979 -0.11818664 -0.05708337
v -0.21756982 -0.11872823 -0.05861660
v -0.21760509 -0.12618109 -0.05561564
v -0.22067239 -0.12563951 -0.05404882
v -0.22066231 -0.07787684 -0.05363739
v -0.21757822 -0.07722778 -0.05517817
v -0.21756982 -0.08433470 -0.05818837
v -0.22065979 -0.08498377 -0.05665598
v 0.21786875 0.00004744 -0.05449720
v 0.21786875 -0.00414249 -0.05449720
v -0.21786791 -0.00414333 -0.05449720
v -0.21786791 0.00004744 -0.05449720
v 0.21786875 0.00004744 -0.05449720
v -0.21786791 0.00004744 -0.05449720
v -0.21786791 -0.00075276 -0.05232331
v 0.21786875 -0.00075276 -0.05232331
v 0.21786875 -0.00075276 -0.05232331
v -0.21786791 -0.00075276 -0.05232331
v -0.21786791 -0.00334313 -0.05232331
v 0.21786875 -0.00334229 -0.05232331
v 0.21786875 -0.00334229 -0.05232331
v -0.21786791 -0.00334313 -0.05232331
v -0.21786791 -0.00414333 -0.05449720
v 0.21786875 -0.00414249 -0.05449720
v -0.18819750 -0.17149698 -0.05208988
v -0.18819750 0.16766475 -0.05142067
v -0.18648458 0.16766475 -0.05196897
v -0.18648458 -0.17149698 -0.05263819
v -0.18754340 0.16766475 -0.05053315
v -0.18819750 0.16766475 -0.05142067
v -0.18819750 -0.17149698 -0.05208988
v -0.18754340 -0.17149698 -0.05120320
v -0.18477167 0.16766475 -0.05142067
v -0.18477167 -0.17149698 -0.05208988
v -0.18542660 0.16766475 -0.05053315
v -0.18542576 -0.17149698 -0.05120320
v -0.18477167 -0.17149698 -0.05208988
v -0.18477167 0.16766475 -0.05142067
v -0.14653584 -0.17149698 -0.05208988
v -0.14653584 0.16766559 -0.05142067
v -0.14482376 0.16766559 -0.05196897
v -0.14482292 -0.17149698 -0.05263819
v -0.14588174 0.16766559 -0.05053315
v -0.14653584 0.16766559 -0.05142067
v -0.14653584 -0.17149698 -0.05208988
v -0.14588174 -0.17149698 -0.05120320
v -0.14311084 0.16766559 -0.05142067
v -0.14311000 -0.17149698 -0.05208988
v -0.14376494 0.16766559 -0.05053315
v -0.14588174 0.16766559 -0.05053315
v -0.14588174 -0.17149698 -0.05120320
v -0.14376494 -0.17149698 -0.05120320
v -0.14376494 0.16766559 -0.05053315
v -0.14376494 -0.17149698 -0.05120320
v -0.14311000 -0.17149698 -0.05208988
v -0.14311084 0.16766559 -0.05142067
v -0.10487417 -0.17149698 -0.05208988
v -0.10487501 0.16766559 -0.05142067
v -0.10316209 0.16766559 -0.05196897
v -0.10316209 -0.17149698 -0.05263819
v -0.10422091 0.16766559 -0.05053315
v -0.10487501 0.16766559 -0.05142067
v -0.10487417 -0.17149698 -0.05208988
v -0.10422007 -0.17149698 -0.05120320
v -0.10144918 0.16766559 -0.05142067
v -0.10144918 -0.17149698 -0.05208988
v -0.10210328 0.16766559 -0.05053315
v -0.10422091 0.16766559 -0.05053315
v -0.10422007 -0.17149698 -0.05120320
v -0.10210328 -0.17149698 -0.05120236
v -0.10210328 0.16766559 -0.05053315
v -0.10210328 -0.17149698 -0.05120236
v -0.10144918 -0.17149698 -0.05208988
v -0.10144918 0.16766559 -0.05142067
v -0.06321335 -0.17149698 -0.05208988
v -0.06321335 0.16766559 -0.05142067
v -0.06150043 0.16766559 -0.05196897
v -0.06150043 -0.17149698 -0.05263819
v -0.06255925 0.16766559 -0.05053315
v -0.06321335 0.16766559 -0.05142067
v -0.06321335 -0.17149698 -0.05208988
v -0.06255925 -0.17149698 -0.05120236
v -0.05978751 0.16766559 -0.05142067
v -0.05978751 -0.17149698 -0.05208988
v -0.06044245 0.16766559 -0.05053315
v -0.06044161 -0.17149698 -0.05120236
v -0.05978751 -0.17149698 -0.05208988
v -0.05978751 0.16766559 -0.05142067
v -0.02155168 -0.17149698 -0.05208988
v -0.02155168 0.16766559 -0.05142067
v -0.01983961 0.16766559 -0.05196897
v -0.01983877 -0.17149698 -0.05263819
v -0.02089759 0.16766559 -0.05053315
v -0.02155168 0.16766559 -0.05142067
v -0.02155168 -0.17149698 -0.05208988
v -0.02089759 -0.17149698 -0.05120236
v -0.01812669 0.16766559 -0.05142067
v -0.01812585 -0.17149698 -0.05208988
v -0.01878079 0.16766559 -0.05053315
v -0.01878079 -0.17149698 -0.05120236
v -0.01812585 -0.17149698 -0.05208988
v -0.01812669 0.16766559 -0.05142067
v 0.02010998 -0.17149698 -0.05208988
v 0.02010914 0.16766559 -0.05142067
v 0.02182206 0.16766559 -0.05196897
v 0.02182206 -0.17149698 -0.05263819
v 0.02076324 0.16766559 -0.05053315
v 0.02010914 0.16766559 -0.05142067
v 0.02010998 -0.17149698 -0.05208988
v 0.02076408 -0.17149698 -0.05120236
v 0.02353497 0.16766559 -0.05142067
v 0.02353497 -0.17149698 -0.05208988
v 0.02288087 0.16766559 -0.05053315
v 0.02288087 -0.17149698 -0.05120236
v 0.02353497 -0.17149698 -0.05208988
v 0.02353497 0.16766559 -0.05142067
v 0.06177080 -0.17149698 -0.05208988
v 0.06177080 0.16766559 -0.05142067
v 0.06348372 0.16766559 -0.05196897
v 0.06348372 -0.17149698 -0.05263819
v 0.06242490 0.16766559 -0.05053315
v 0.06177080 0.16766559 -0.05142067
v 0.06177080 -0.17149698 -0.05208988
v 0.06242490 -0.17149698 -0.05120236
v 0.06519664 0.16766559 -0.05142067
v 0.06519664 -0.17149698 -0.05208988
v 0.06454170 0.16766559 -0.05053315
v 0.06454254 -0.17149698 -0.05120236
v 0.06519664 -0.17149698 -0.05208988
v 0.06519664 0.16766559 -0.05142067
v 0.10343247 -0.17149698 -0.05208988
v 0.10343247 0.16766559 -0.05142067
v 0.10514454 0.16766559 -0.05196897
v 0.10514538 -0.17149698 -0.05263819
v 0.10408657 0.16766559 -0.05053315
v 0.10343247 0.16766559 -0.05142067
v 0.10343247 -0.17149698 -0.05208988
v 0.10408657 -0.17149698 -0.05120236
v 0.10685746 0.16766559 -0.05142067
v 0.10685830 -0.17149698 -0.05208988
v 0.10620336 0.16766559 -0.05053315
v 0.10408657 0.16766559 -0.05053315
v 0.10408657 -0.17149698 -0.05120236
v 0.10620336 -0.17149698 -0.05120236
v 0.10685830 -0.17149698 -0.05208988
v 0.10685746 0.16766559 -0.05142067
v 0.14509413 -0.17149698 -0.05208988
v 0.14509329 0.16766559 -0.05142067
v 0.14680621 0.16766559 -0.05196897
v 0.14680705 -0.17149698 -0.05263819
v 0.14574739 0.16766559 -0.05053315
v 0.14509329 0.16766559 -0.05142067
v 0.14509413 -0.17149698 -0.05208988
v 0.14574823 -0.17149698 -0.05120236
v 0.14851912 0.16766559 -0.05142067
v 0.14851912 -0.17149698 -0.05208988
v 0.14786503 0.16766559 -0.05053315
v 0.14574739 0.16766559 -0.05053315
v 0.14574823 -0.17149698 -0.05120236
v 0.14786503 -0.17149698 -0.05120236
v 0.14786503 0.16766559 -0.05053315
v 0.14786503 -0.17149698 -0.05120236
v 0.14851912 -0.17149698 -0.05208988
v 0.14851912 0.16766559 -0.05142067
v 0.18675495 -0.17149698 -0.05208988
v 0.18675495 0.16766559 -0.05142067
v 0.18846787 0.16766559 -0.05196897
v 0.18846787 -0.17149698 -0.05263819
v 0.18740905 0.16766559 -0.05053315
v 0.18675495 0.16766559 -0.05142067
v 0.18675495 -0.17149698 -0.05208988
v 0.18740905 -0.17149698 -0.05120236
v 0.19018079 0.16766559 -0.05142067
v 0.19018079 -0.17149698 -0.05208988
v 0.18952585 0.16766559 -0.05053315
v 0.18952669 -0.17149698 -0.05120236
v 0.18952585 0.16766559 -0.05053315
v 0.18952669 -0.17149698 -0.05120236
v 0.19018079 -0.17149698 -0.05208988
v 0.19018079 0.16766559 -0.05142067
v 0.21791325 -0.16251928 -0.18905018
v 0.21760593 -0.12618025 -0.18855562
v 0.22067323 -0.12563951 -0.18698964
v 0.22080002 -0.16536155 -0.18716429
v 0.22013248 -0.12443375 -0.18358564
v 0.21989654 -0.16438166 -0.18384090
v 0.21989654 -0.16438166 -0.18384090
v 0.22013248 -0.12443375 -0.18358564
v 0.21672680 -0.12423055 -0.18304909
v 0.21645979 -0.16093399 -0.18367044
v 0.21645979 -0.16093399 -0.18367044
v 0.21672680 -0.12423055 -0.18304909
v 0.21516586 -0.12530952 -0.18612395
v 0.21523136 -0.15978281 -0.18688552
v 0.21760593 -0.12618025 -0.18855562
v 0.21791325 -0.16251928 -0.18905018
v 0.21757066 -0.11872739 -0.19155658
v 0.21757066 -0.10696200 -0.20249993
v 0.22066063 -0.10708963 -0.20042848
v 0.22066063 -0.11818580 -0.19002419
v 0.22066063 -0.11818580 -0.19002419
v 0.22066063 -0.10708963 -0.20042848
v 0.22015767 -0.10737260 -0.19581452
v 0.22015767 -0.11698088 -0.18661179
v 0.22015767 -0.11698088 -0.18661179
v 0.22015767 -0.10737260 -0.19581452
v 0.21675703 -0.10742046 -0.19503531
v 0.21675703 -0.11677768 -0.18603578
v 0.21675703 -0.11677768 -0.18603578
v 0.21675703 -0.10742046 -0.19503531
v 0.21515831 -0.10716688 -0.19916730
v 0.21515831 -0.11785665 -0.18909216
v 0.21757066 -0.10696200 -0.20249993
v 0.21757066 -0.11872739 -0.19155658
v 0.21757066 -0.09460801 -0.20174256
v 0.21757066 -0.08433386 -0.19112919
v 0.22066063 -0.08498377 -0.18959680
v 0.22066063 -0.09473564 -0.19967026
v 0.22066063 -0.09473564 -0.19967026
v 0.22066063 -0.08498377 -0.18959680
v 0.22015767 -0.08642967 -0.18618440
v 0.22015767 -0.09501860 -0.19505630
v 0.22015767 -0.09501860 -0.19505630
v 0.22015767 -0.08642967 -0.18618440
v 0.21675703 -0.08667401 -0.18560839
v 0.21675703 -0.09506646 -0.19427709
v 0.21675703 -0.09506646 -0.19427709
v 0.21675703 -0.08667401 -0.18560839
v 0.21515831 -0.08537841 -0.18866393
v 0.21515831 -0.09481288 -0.19840909
v 0.21757066 -0.08433386 -0.19112919
v 0.21757066 -0.09460801 -0.20174256
v 0.21757822 -0.07722694 -0.18811815
v 0.21804759 0.16014387 -0.18815762
v 0.22084536 0.16293408 -0.18614410
v 0.22066315 -0.07787684 -0.18657737
v 0.21979494 0.16186854 -0.18286017
v 0.22015095 -0.07932274 -0.18316749
v 0.22015095 -0.07932274 -0.18316749
v 0.21979494 0.16186854 -0.18286017
v 0.21634727 0.15841920 -0.18284421
v 0.21674947 -0.07956709 -0.18260071
v 0.21674947 -0.07956709 -0.18260071
v 0.21634727 0.15841920 -0.18284421
v 0.21526662 0.15735366 -0.18611891
v 0.21515999 -0.07827148 -0.18566045
v 0.21804759 0.16014387 -0.18815762
v 0.21757822 -0.07722694 -0.18811815
v -0.21414399 0.16964048 -0.18613150
v 0.21414483 0.16964048 -0.18613150
v 0.21135378 0.16685027 -0.18815929
v -0.21135378 0.16685027 -0.18815929
v 0.21307846 0.16857495 -0.18285093
v -0.21307846 0.16857411 -0.18285177
v 0.20962995 0.16512560 -0.18285093
v 0.21307846 0.16857495 -0.18285093
v -0.21307846 0.16857411 -0.18285177
v -0.20962911 0.16512560 -0.18285177
v 0.20856358 0.16406007 -0.18613150
v 0.20962995 0.16512560 -0.18285093
v -0.20962911 0.16512560 -0.18285177
v -0.20856358 0.16405923 -0.18613150
v -0.20960056 -0.17090166 -0.18905774
v -0.20686409 -0.16816519 -0.18695773
v 0.20686493 -0.16816519 -0.18695773
v 0.20960140 -0.17090166 -0.18905774
v 0.20960140 -0.17090166 -0.18905774
v 0.21587034 -0.16880585 -0.18905522
v 0.21872436 -0.17164812 -0.18711895
v 0.21244367 -0.17374392 -0.18710384
v 0.21244367 -0.17374392 -0.18710384
v 0.21872436 -0.17164812 -0.18711895
v 0.21776295 -0.17066823 -0.18380731
v 0.21146378 -0.17276403 -0.18379639
v 0.21146378 -0.17276403 -0.18379639
v 0.21776295 -0.17066823 -0.18380731
v 0.21431864 -0.16722057 -0.18369731
v 0.20801611 -0.16931637 -0.18370655
v 0.20801611 -0.16931637 -0.18370655
v 0.21431864 -0.16722057 -0.18369731
v 0.21314815 -0.16606938 -0.18694010
v 0.20686493 -0.16816519 -0.18695773
v 0.21314815 -0.16606938 -0.18694010
v 0.21791325 -0.16251928 -0.18905018
v 0.22080002 -0.16536155 -0.18716429
v 0.21872436 -0.17164812 -0.18711895
v 0.21776295 -0.17066823 -0.18380731
v 0.21431864 -0.16722057 -0.18369731
v 0.21314815 -0.16606938 -0.18694010
v 0.21587034 -0.16880585 -0.18905522
v 0.21804759 0.16014387 -0.18815762
v 0.21638086 0.16517346 -0.18815845
v 0.21917275 0.16796367 -0.18613486
v 0.22084536 0.16293408 -0.18614410
v 0.21917275 0.16796367 -0.18613486
v 0.21811057 0.16689813 -0.18285345
v 0.21811057 0.16689813 -0.18285345
v 0.21466206 0.16344879 -0.18284925
v 0.21466206 0.16344879 -0.18284925
v 0.21359233 0.16238326 -0.18612814
v 0.21526662 0.15735366 -0.18611891
v 0.21359233 0.16238326 -0.18612814
v 0.21135378 0.16685027 -0.18815929
v 0.21414483 0.16964048 -0.18613150
v 0.21917275 0.16796367 -0.18613486
v 0.21811057 0.16689813 -0.18285345
v 0.21466206 0.16344879 -0.18284925
v 0.21359233 0.16238326 -0.18612814
v 0.20856358 0.16406007 -0.18613150
v 0.21757066 -0.10696200 -0.20249993
v 0.21757066 -0.10268978 -0.20475612
v 0.22066063 -0.10281741 -0.20268382
v 0.22066063 -0.10708963 -0.20042848
v 0.22066063 -0.10281741 -0.20268382
v 0.22015767 -0.10310038 -0.19807070
v 0.22015767 -0.10310038 -0.19807070
v 0.21675703 -0.10314824 -0.19729149
v 0.21675703 -0.10314824 -0.19729149
v 0.21515831 -0.10289466 -0.20142348
v 0.21757066 -0.10268978 -0.20475612
v 0.21757066 -0.10268978 -0.20475612
v 0.21757066 -0.09857207 -0.20450338
v 0.22066063 -0.09869969 -0.20243108
v 0.21757066 -0.09857207 -0.20450338
v 0.21757066 -0.09460801 -0.20174256
v 0.22066063 -0.09473564 -0.19967026
v 0.22066063 -0.09869969 -0.20243108
v 0.22015767 -0.09898266 -0.19781796
v 0.22015767 -0.09898266 -0.19781796
v 0.21675703 -0.09903052 -0.19703875
v 0.21675703 -0.09903052 -0.19703875
v 0.21515831 -0.09877694 -0.20117075
v 0.21757066 -0.09857207 -0.20450338
v 0.22066063 -0.11818580 -0.19002419
v 0.22067323 -0.12563951 -0.18698964
v 0.21760593 -0.12618025 -0.18855562
v 0.21757066 -0.11872739 -0.19155658
v 0.22066315 -0.07787684 -0.18657737
v 0.22066063 -0.08498377 -0.18959680
v 0.21757066 -0.08433386 -0.19112919
v 0.21757822 -0.07722694 -0.18811815
v -0.21791241 -0.16251928 -0.18905018
v -0.22079918 -0.16536155 -0.18716429
v -0.22067239 -0.12563951 -0.18698964
v -0.21760509 -0.12618109 -0.18855646
v -0.21989570 -0.16438166 -0.18384090
v -0.22013164 -0.12443459 -0.18358564
v -0.21989570 -0.16438166 -0.18384090
v -0.21645895 -0.16093399 -0.18367044
v -0.21672596 -0.12423055 -0.18304909
v -0.22013164 -0.12443459 -0.18358564
v -0.21645895 -0.16093399 -0.18367044
v -0.21523052 -0.15978281 -0.18688552
v -0.21516502 -0.12531036 -0.18612395
v -0.21672596 -0.12423055 -0.18304909
v -0.21791241 -0.16251928 -0.18905018
v -0.21760509 -0.12618109 -0.18855646
v -0.21756982 -0.11872823 -0.19155658
v -0.22065979 -0.11818664 -0.19002419
v -0.22065979 -0.10708963 -0.20042848
v -0.21756982 -0.10696284 -0.20250077
v -0.22065979 -0.11818664 -0.19002419
v -0.22015683 -0.11698088 -0.18661179
v -0.22015683 -0.10737260 -0.19581452
v -0.22065979 -0.10708963 -0.20042848
v -0.22015683 -0.11698088 -0.18661179
v -0.21675619 -0.11677768 -0.18603578
v -0.21675619 -0.10742046 -0.19503531
v -0.22015683 -0.10737260 -0.19581452
v -0.21675619 -0.11677768 -0.18603578
v -0.21515747 -0.11785749 -0.18909216
v -0.21515747 -0.10716688 -0.19916730
v -0.21675619 -0.10742046 -0.19503531
v -0.21756982 -0.11872823 -0.19155658
v -0.21756982 -0.10696284 -0.20250077
v -0.21756982 -0.09460885 -0.20174256
v -0.22065979 -0.09473564 -0.19967026
v -0.22065979 -0.08498377 -0.18959680
v -0.21756982 -0.08433470 -0.19112919
v -0.22065979 -0.09473564 -0.19967026
v -0.22015683 -0.09501860 -0.19505714
v -0.22015683 -0.08642967 -0.18618440
v -0.22065979 -0.08498377 -0.18959680
v -0.22015683 -0.09501860 -0.19505714
v -0.21675619 -0.09506646 -0.19427793
v -0.21675619 -0.08667401 -0.18560839
v -0.22015683 -0.08642967 -0.18618440
v -0.21675619 -0.09506646 -0.19427793
v -0.21515747 -0.09481288 -0.19840909
v -0.21515747 -0.08537925 -0.18866393
v -0.21675619 -0.08667401 -0.18560839
v -0.21756982 -0.09460885 -0.20174256
v -0.21756982 -0.08433470 -0.19112919
v -0.21757822 -0.07722778 -0.18811815
v -0.22066231 -0.07787684 -0.18657737
v -0.22084536 0.16293408 -0.18614410
v -0.21804675 0.16014387 -0.18815762
v -0.22015095 -0.07932274 -0.18316749
v -0.21979410 0.16186770 -0.18286017
v -0.22015095 -0.07932274 -0.18316749
v -0.21674947 -0.07956709 -0.18260071
v -0.21634643 0.15841920 -0.18284421
v -0.21979410 0.16186770 -0.18286017
v -0.21674947 -0.07956709 -0.18260071
v -0.21515915 -0.07827232 -0.18566045
v -0.21526662 0.15735282 -0.18611891
v -0.21634643 0.15841920 -0.18284421
v -0.21757822 -0.07722778 -0.18811815
v -0.21804675 0.16014387 -0.18815762
v -0.21135378 0.16685027 -0.18815929
v 0.21135378 0.16685027 -0.18815929
v -0.20960056 -0.17090166 -0.18905774
v 0.20960140 -0.17090166 -0.18905774
v -0.21244283 -0.17374392 -0.18710384
v -0.21146294 -0.17276403 -0.18379639
v -0.20801528 -0.16931637 -0.18370655
v -0.21146294 -0.17276403 -0.18379639
v -0.20801528 -0.16931637 -0.18370655
v -0.20960056 -0.17090166 -0.18905774
v -0.21244283 -0.17374392 -0.18710384
v -0.21872352 -0.17164896 -0.18711895
v -0.21586950 -0.16880585 -0.18905606
v -0.21776211 -0.17066907 -0.18380731
v -0.21872352 -0.17164896 -0.18711895
v -0.21431696 -0.16722057 -0.18369731
v -0.21776211 -0.17066907 -0.18380731
v -0.21314647 -0.16606938 -0.18694010
v -0.21431696 -0.16722057 -0.18369731
v -0.20686409 -0.16816519 -0.18695773
v -0.21314647 -0.16606938 -0.18694010
v -0.22079918 -0.16536155 -0.18716429
v -0.21791241 -0.16251928 -0.18905018
v -0.21872352 -0.17164896 -0.18711895
v -0.21776211 -0.17066907 -0.18380731
v -0.21431696 -0.16722057 -0.18369731
v -0.21314647 -0.16606938 -0.18694010
v -0.21586950 -0.16880585 -0.18905606
v -0.21804675 0.16014387 -0.18815762
v -0.22084536 0.16293408 -0.18614410
v -0.21917275 0.16796367 -0.18613486
v -0.21638002 0.16517346 -0.18815845
v -0.21811057 0.16689813 -0.18285345
v -0.21917275 0.16796367 -0.18613486
v -0.21466206 0.16344879 -0.18285009
v -0.21811057 0.16689813 -0.18285345
v -0.21359233 0.16238326 -0.18612814
v -0.21466206 0.16344879 -0.18285009
v -0.21526662 0.15735282 -0.18611891
v -0.21359233 0.16238326 -0.18612814
v -0.21414399 0.16964048 -0.18613150
v -0.21135378 0.16685027 -0.18815929
v -0.21917275 0.16796367 -0.18613486
v -0.21811057 0.16689813 -0.18285345
v -0.21466206 0.16344879 -0.18285009
v -0.21359233 0.16238326 -0.18612814
v -0.20856358 0.16405923 -0.18613150
v -0.21756982 -0.10696284 -0.20250077
v -0.22065979 -0.10708963 -0.20042848
v -0.22065979 -0.10281741 -0.20268382
v -0.21756982 -0.10269062 -0.20475612
v -0.22015683 -0.10310038 -0.19807070
v -0.22065979 -0.10281741 -0.20268382
v -0.21675619 -0.10314824 -0.19729149
v -0.22015683 -0.10310038 -0.19807070
v -0.21515747 -0.10289466 -0.20142348
v -0.21675619 -0.10314824 -0.19729149
v -0.21756982 -0.10269062 -0.20475612
v -0.21756982 -0.10269062 -0.20475612
v -0.22065979 -0.09869969 -0.20243108
v -0.21756982 -0.09857291 -0.20450338
v -0.21756982 -0.09857291 -0.20450338
v -0.22065979 -0.09869969 -0.20243108
v -0.22065979 -0.09473564 -0.19967026
v -0.21756982 -0.09460885 -0.20174256
v -0.22015683 -0.09898266 -0.19781796
v -0.21675619 -0.09903052 -0.19703875
v -0.22015683 -0.09898266 -0.19781796
v -0.21515747 -0.09877694 -0.20117075
v -0.21675619 -0.09903052 -0.19703875
v -0.21756982 -0.09857291 -0.20450338
v -0.22065979 -0.11818664 -0.19002419
v -0.21756982 -0.11872823 -0.19155658
v -0.21760509 -0.12618109 -0.18855646
v -0.22067239 -0.12563951 -0.18698964
v -0.22066231 -0.07787684 -0.18657737
v -0.21757822 -0.07722778 -0.18811815
v -0.21756982 -0.08433470 -0.19112919
v -0.22065979 -0.08498377 -0.18959680
v 0.21786875 0.00004744 -0.18743718
v 0.21786875 -0.00414249 -0.18743718
v -0.21786791 -0.00414333 -0.18743802
v -0.21786791 0.00004744 -0.18743802
v 0.21786875 0.00004744 -0.18743718
v -0.21786791 0.00004744 -0.18743802
v -0.21786791 -0.00075276 -0.18526413
v 0.21786875 -0.00075276 -0.18526413
v 0.21786875 -0.00075276 -0.18526413
v -0.21786791 -0.00075276 -0.18526413
v -0.21786791 -0.00334313 -0.18526413
v 0.21786875 -0.00334229 -0.18526413
v 0.21786875 -0.00334229 -0.18526413
v -0.21786791 -0.00334313 -0.18526413
v -0.21786791 -0.00414333 -0.18743802
v 0.21786875 -0.00414249 -0.18743718
v -0.18819750 -0.17149698 -0.18503070
v -0.18819750 0.16766475 -0.18436065
v -0.18648458 0.16766475 -0.18490979
v -0.18648458 -0.17149698 -0.18557900
v -0.18754340 0.16766475 -0.18347396
v -0.18819750 0.16766475 -0.18436065
v -0.18819750 -0.17149698 -0.18503070
v -0.18754340 -0.17149698 -0.18414318
v -0.18477167 0.16766475 -0.18436065
v -0.18477167 -0.17149698 -0.18503070
v -0.18542660 0.16766475 -0.18347396
v -0.18754340 0.16766475 -0.18347396
v -0.18754340 -0.17149698 -0.18414318
v -0.18542576 -0.17149698 -0.18414318
v -0.18542660 0.16766475 -0.18347396
v -0.18542576 -0.17149698 -0.18414318
v -0.18477167 -0.17149698 -0.18503070
v -0.18477167 0.16766475 -0.18436065
v -0.14653584 -0.17149698 -0.18503070
v -0.14653584 0.16766559 -0.18436065
v -0.14482376 0.16766559 -0.18490979
v -0.14482292 -0.17149698 -0.18557900
v -0.14588174 0.16766559 -0.18347396
v -0.14653584 0.16766559 -0.18436065
v -0.14653584 -0.17149698 -0.18503070
v -0.14588174 -0.17149698 -0.18414318
v -0.14311084 0.16766559 -0.18436065
v -0.14311000 -0.17149698 -0.18503070
v -0.14376494 0.16766559 -0.18347396
v -0.14588174 0.16766559 -0.18347396
v -0.14588174 -0.17149698 -0.18414318
v -0.14376494 -0.17149698 -0.18414318
v -0.14376494 0.16766559 -0.18347396
v -0.14376494 -0.17149698 -0.18414318
v -0.14311000 -0.17149698 -0.18503070
v -0.14311084 0.16766559 -0.18436065
v -0.10487417 -0.17149698 -0.18503070
v -0.10487501 0.16766559 -0.18436065
v -0.10316209 0.16766559 -0.18490979
v -0.10316209 -0.17149698 -0.18557900
v -0.10422091 0.16766559 -0.18347396
v -0.10487501 0.16766559 -0.18436065
v -0.10487417 -0.17149698 -0.18503070
v -0.10422007 -0.17149698 -0.18414318
v -0.10144918 0.16766559 -0.18436065
v -0.10144918 -0.17149698 -0.18503070
v -0.10210328 0.16766559 -0.18347396
v -0.10422091 0.16766559 -0.18347396
v -0.10422007 -0.17149698 -0.18414318
v -0.10210328 -0.17149698 -0.18414318
v -0.10210328 0.16766559 -0.18347396
v -0.10210328 -0.17149698 -0.18414318
v -0.10144918 -0.17149698 -0.18503070
v -0.10144918 0.16766559 -0.18436065
v -0.06321335 -0.17149698 -0.18503070
v -0.06321335 0.16766559 -0.18436065
v -0.06150043 0.16766559 -0.18490979
v -0.06150043 -0.17149698 -0.18557900
v -0.06255925 0.16766559 -0.18347396
v -0.06321335 0.16766559 -0.18436065
v -0.06321335 -0.17149698 -0.18503070
v -0.06255925 -0.17149698 -0.18414318
v -0.05978751 0.16766559 -0.18436065
v -0.05978751 -0.17149698 -0.18503070
v -0.06044245 0.16766559 -0.18347396
v -0.06044161 -0.17149698 -0.18414318
v -0.05978751 -0.17149698 -0.18503070
v -0.05978751 0.16766559 -0.18436065
v -0.02155168 -0.17149698 -0.18503070
v -0.02155168 0.16766559 -0.18436065
v -0.01983961 0.16766559 -0.18490979
v -0.01983877 -0.17149698 -0.18557900
v -0.02089759 0.16766559 -0.18347396
v -0.02155168 0.16766559 -0.18436065
v -0.02155168 -0.17149698 -0.18503070
v -0.02089759 -0.17149698 -0.18414318
v -0.01812669 0.16766559 -0.18436065
v -0.01812585 -0.17149698 -0.18503070
v -0.01878079 0.16766559 -0.18347396
v -0.02089759 0.16766559 -0.18347396
v -0.02089759 -0.17149698 -0.18414318
v -0.01878079 -0.17149698 -0.18414318
v -0.01878079 0.16766559 -0.18347396
v -0.01878079 -0.17149698 -0.18414318
v -0.01812585 -0.17149698 -0.18503070
v -0.01812669 0.16766559 -0.18436065
v 0.02010998 -0.17149698 -0.18503070
v 0.02010914 0.16766559 -0.18436065
v 0.02182206 0.16766559 -0.18490979
v 0.02182206 -0.17149698 -0.18557900
v 0.02076324 0.16766559 -0.18347396
v 0.02010914 0.16766559 -0.18436065
v 0.02010998 -0.17149698 -0.18503070
v 0.02076408 -0.17149698 -0.18414318
v 0.02353497 0.16766559 -0.18436065
v 0.02353497 -0.17149698 -0.18503070
v 0.02288087 0.16766559 -0.18347396
v 0.02076324 0.16766559 -0.18347396
v 0.02076408 -0.17149698 -0.18414318
v 0.02288087 -0.17149698 -0.18414318
v 0.02288087 0.16766559 -0.18347396
v 0.02288087 -0.17149698 -0.18414318
v 0.02353497 -0.17149698 -0.18503070
v 0.02353497 0.16766559 -0.18436065
v 0.06177080 -0.17149698 -0.18503070
v 0.06177080 0.16766559 -0.18436065
v 0.06348372 0.16766559 -0.18490979
v 0.06348372 -0.17149698 -0.18557900
v 0.06242490 0.16766559 -0.18347396
v 0.06177080 0.16766559 -0.18436065
v 0.06177080 -0.17149698 -0.18503070
v 0.06242490 -0.17149698 -0.18414318
v 0.06519664 0.16766559 -0.18436065
v 0.06519664 -0.17149698 -0.18503070
v 0.06454170 0.16766559 -0.18347396
v 0.06242490 0.16766559 -0.18347396
v 0.06242490 -0.17149698 -0.18414318
v 0.06454254 -0.17149698 -0.18414318
v 0.06454170 0.16766559 -0.18347396
v 0.06454254 -0.17149698 -0.18414318
v 0.06519664 -0.17149698 -0.18503070
v 0.06519664 0.16766559 -0.18436065
v 0.10343247 -0.17149698 -0.18503070
v 0.10343247 0.16766559 -0.18436065
v 0.10514454 0.16766559 -0.18490979
v 0.10514538 -0.17149698 -0.18557900
v 0.10408657 0.16766559 -0.18347396
v 0.10343247 0.16766559 -0.18436065
v 0.10343247 -0.17149698 -0.18503070
v 0.10408657 -0.17149698 -0.18414318
v 0.10685746 0.16766559 -0.18436065
v 0.10685830 -0.17149698 -0.18503070
v 0.10620336 0.16766559 -0.18347396
v 0.10408657 0.16766559 -0.18347396
v 0.10408657 -0.17149698 -0.18414318
v 0.10620336 -0.17149698 -0.18414318
v 0.10620336 0.16766559 -0.18347396
v 0.10620336 -0.17149698 -0.18414318
v 0.10685830 -0.17149698 -0.18503070
v 0.10685746 0.16766559 -0.18436065
v 0.14509413 -0.17149698 -0.18503070
v 0.14509329 0.16766559 -0.18436065
v 0.14680621 0.16766559 -0.18490979
v 0.14680705 -0.17149698 -0.18557900
v 0.14574739 0.16766559 -0.18347396
v 0.14509329 0.16766559 -0.18436065
v 0.14509413 -0.17149698 -0.18503070
v 0.14574823 -0.17149698 -0.18414318
v 0.14851912 0.16766559 -0.18436065
v 0.14851912 -0.17149698 -0.18503070
v 0.14786503 0.16766559 -0.18347396
v 0.14574739 0.16766559 -0.18347396
v 0.14574823 -0.17149698 -0.18414318
v 0.14786503 -0.17149698 -0.18414318
v 0.14786503 0.16766559 -0.18347396
v 0.14786503 -0.17149698 -0.18414318
v 0.14851912 -0.17149698 -0.18503070
v 0.14851912 0.16766559 -0.18436065
v 0.18675495 -0.17149698 -0.18503070
v 0.18675495 0.16766559 -0.18436065
v 0.18846787 0.16766559 -0.18490979
v 0.18846787 -0.17149698 -0.18557900
v 0.18740905 0.16766559 -0.18347396
v 0.18675495 0.16766559 -0.18436065
v 0.18675495 -0.17149698 -0.18503070
v 0.18740905 -0.17149698 -0.18414318
v 0.19018079 0.16766559 -0.18436065
v 0.19018079 -0.17149698 -0.18503070
v 0.18952585 0.16766559 -0.18347396
v 0.18740905 0.16766559 -0.18347396
v 0.18740905 -0.17149698 -0.18414318
v 0.18952669 -0.17149698 -0.18414318
v 0.18952585 0.16766559 -0.18347396
v 0.18952669 -0.17149698 -0.18414318
v 0.19018079 -0.17149698 -0.18503070
v 0.19018079 0.16766559 -0.18436065
v 0.27737245 -0.21633342 0.12384095
v 0.27735062 -0.21548284 0.12376202
v 0.27914331 -0.21547360 0.12376202
v 0.27912315 -0.21632418 0.12384095
v 0.27710880 -0.21733766 0.12880421
v 0.27512047 -0.21732926 0.12884955
v 0.27496177 -0.21784481 0.12858589
v 0.27694926 -0.21806481 0.12853468
v 0.27751520 -0.21805977 0.12789485
v 0.27776710 -0.21733598 0.12808042
v 0.27767977 -0.21785237 0.12584019
v 0.27795770 -0.21733262 0.12605346
v 0.27591395 -0.21794306 0.12680329
v 0.27489460 -0.21790359 0.12854055
v 0.27389288 -0.21719491 0.12694099
v 0.27477789 -0.21719743 0.12569913
v 0.27297093 -0.21633594 0.12832728
v 0.27350663 -0.21635693 0.12668993
v 0.27343442 -0.21718484 0.12839445
v 0.27444118 -0.21635105 0.12536998
v 0.27288780 -0.21549207 0.12830629
v 0.27339664 -0.21550383 0.12668993
v 0.27600296 -0.21719072 0.12479229
v 0.27761176 -0.21791703 0.12579485
v 0.27744886 -0.21814290 0.12784867
v 0.27744718 -0.21718820 0.12430192
v 0.27690980 -0.21814793 0.12845911
v 0.27438073 -0.21550551 0.12530952
v 0.27574602 -0.21635189 0.12440940
v 0.27574266 -0.21549879 0.12430108
v 0.27888805 -0.21791031 0.12579485
v 0.27882004 -0.21784649 0.12584019
v 0.27854043 -0.21733010 0.12605346
v 0.27905010 -0.21717980 0.12430192
v 0.28137682 -0.21729567 0.12884955
v 0.27938933 -0.21732506 0.12880421
v 0.27955054 -0.21805053 0.12853468
v 0.28153803 -0.21780955 0.12858589
v 0.27873103 -0.21733010 0.12808042
v 0.27898461 -0.21805221 0.12789485
v 0.28058501 -0.21791787 0.12680329
v 0.28172024 -0.21716049 0.12569913
v 0.28260525 -0.21714873 0.12694099
v 0.28160436 -0.21786833 0.12854055
v 0.28352552 -0.21627968 0.12832728
v 0.28306286 -0.21713362 0.12839445
v 0.28298897 -0.21630655 0.12668993
v 0.28205443 -0.21630991 0.12536998
v 0.28309729 -0.21545177 0.12668993
v 0.28360613 -0.21543498 0.12830629
v 0.28049517 -0.21716721 0.12479229
v 0.27905178 -0.21813450 0.12784867
v 0.27959085 -0.21813366 0.12845911
v 0.28211320 -0.21546436 0.12530952
v 0.28075043 -0.21632502 0.12440940
v 0.28075127 -0.21547192 0.12430108
v 0.27852027 -0.21730659 0.12607530
v 0.27870920 -0.21730743 0.12808965
v 0.27778893 -0.21731163 0.12808965
v 0.27797785 -0.21730911 0.12607530
v 0.27711887 -0.21731415 0.12938274
v 0.27514314 -0.21730575 0.12933740
v 0.27514314 -0.21730575 0.12887054
v 0.27711887 -0.21731415 0.12882604
v 0.27778893 -0.21731163 0.13011828
v 0.28135498 -0.21727216 0.12933740
v 0.27937925 -0.21730155 0.12938274
v 0.27937925 -0.21730155 0.12882604
v 0.28135498 -0.21727216 0.12887054
v 0.28352552 -0.21627968 0.12988066
v 0.28360613 -0.21543498 0.12990165
v 0.28306286 -0.21713362 0.12981349
v 0.28153803 -0.21780955 0.12962288
v 0.28137682 -0.21729567 0.12935923
v 0.28160436 -0.21786833 0.12966822
v 0.27870920 -0.21730743 0.13011828
v 0.27914331 -0.21547360 0.13444592
v 0.27735062 -0.21548284 0.13444592
v 0.27737245 -0.21633342 0.13436699
v 0.27912315 -0.21632418 0.13436699
v 0.27512047 -0.21732926 0.12935923
v 0.27710880 -0.21733766 0.12940457
v 0.27694926 -0.21806481 0.12967326
v 0.27496177 -0.21784481 0.12962288
v 0.27776710 -0.21733598 0.13012752
v 0.27751520 -0.21805977 0.13031309
v 0.27795770 -0.21733262 0.13215447
v 0.27767977 -0.21785237 0.13236775
v 0.27591395 -0.21794306 0.13140549
v 0.27477789 -0.21719743 0.13250881
v 0.27389288 -0.21719491 0.13126779
v 0.27489460 -0.21790359 0.12966822
v 0.27297093 -0.21633594 0.12988066
v 0.27343442 -0.21718484 0.12981349
v 0.27350663 -0.21635693 0.13151801
v 0.27444118 -0.21635105 0.13283796
v 0.27339664 -0.21550383 0.13151801
v 0.27288780 -0.21549207 0.12990165
v 0.27761176 -0.21791703 0.13241393
v 0.27600296 -0.21719072 0.13341649
v 0.27744886 -0.21814290 0.13036011
v 0.27744718 -0.21718820 0.13390601
v 0.27690980 -0.21814793 0.12974883
v 0.27438073 -0.21550551 0.13289841
v 0.27574602 -0.21635189 0.13379938
v 0.27574266 -0.21549879 0.13390769
v 0.27888805 -0.21791031 0.13241393
v 0.27882004 -0.21784649 0.13236775
v 0.27854043 -0.21733010 0.13215447
v 0.27905010 -0.21717980 0.13390601
v 0.27955054 -0.21805053 0.12967326
v 0.27938933 -0.21732506 0.12940457
v 0.27898461 -0.21805221 0.13031309
v 0.27873103 -0.21733010 0.13012752
v 0.28058501 -0.21791787 0.13140549
v 0.28260525 -0.21714873 0.13126779
v 0.28172024 -0.21716049 0.13250881
v 0.28298897 -0.21630655 0.13151801
v 0.28205443 -0.21630991 0.13283796
v 0.28309729 -0.21545177 0.13151801
v 0.28049517 -0.21716721 0.13341649
v 0.27905178 -0.21813450 0.13036011
v 0.27959085 -0.21813366 0.12974883
v 0.28211320 -0.21546436 0.13289841
v 0.28075043 -0.21632502 0.13379938
v 0.28075127 -0.21547192 0.13390769
v 0.27852027 -0.21730659 0.13213264
v 0.27797785 -0.21730911 0.13213264
v 0.27512047 -0.21732926 0.12884955
v 0.27710880 -0.21733766 0.12880421
v 0.27776710 -0.21733598 0.12808042
v 0.27795770 -0.21733262 0.12605346
v 0.27854043 -0.21733010 0.12605346
v 0.27873103 -0.21733010 0.12808042
v 0.27938933 -0.21732506 0.12880421
v 0.28137682 -0.21729567 0.12884955
v 0.28137682 -0.21729567 0.12935923
v 0.27938933 -0.21732506 0.12940457
v 0.27873103 -0.21733010 0.13012752
v 0.27854043 -0.21733010 0.13215447
v 0.27795770 -0.21733262 0.13215447
v 0.27776710 -0.21733598 0.13012752
v 0.27710880 -0.21733766 0.12940457
v 0.27512047 -0.21732926 0.12935923
v 0.06843187 -0.21613862 0.13621089
v 0.06841675 -0.21574481 0.13615799
v 0.06960740 -0.21574061 0.13615799
v 0.06959396 -0.21613442 0.13621089
v 0.06825638 -0.21660463 0.13950574
v 0.06693642 -0.21660043 0.13953597
v 0.06683063 -0.21683890 0.13936132
v 0.06815058 -0.21694134 0.13932773
v 0.06852675 -0.21693882 0.13890286
v 0.06869384 -0.21660379 0.13902545
v 0.06863507 -0.21684309 0.13753840
v 0.06882063 -0.21660211 0.13768031
v 0.06746289 -0.21688508 0.13817739
v 0.06678612 -0.21686660 0.13933109
v 0.06612111 -0.21653830 0.13826891
v 0.06670887 -0.21653914 0.13744436
v 0.06550899 -0.21614029 0.13919003
v 0.06586501 -0.21615037 0.13810266
v 0.06581715 -0.21653326 0.13923453
v 0.06648552 -0.21614701 0.13722605
v 0.06545357 -0.21574985 0.13917575
v 0.06579196 -0.21575489 0.13810266
v 0.06752167 -0.21653662 0.13684232
v 0.06859056 -0.21687332 0.13750818
v 0.06848225 -0.21697744 0.13887179
v 0.06848141 -0.21653494 0.13651653
v 0.06812455 -0.21697996 0.13927735
v 0.06644522 -0.21575573 0.13718574
v 0.06735122 -0.21614785 0.13658790
v 0.06734954 -0.21575237 0.13651569
v 0.06943779 -0.21686996 0.13750818
v 0.06939244 -0.21684058 0.13753840
v 0.06920688 -0.21660043 0.13768031
v 0.06954610 -0.21653074 0.13651653
v 0.07109109 -0.21658448 0.13953597
v 0.06977029 -0.21659875 0.13950574
v 0.06987777 -0.21693462 0.13932773
v 0.07119772 -0.21682294 0.13936132
v 0.06933367 -0.21660127 0.13902545
v 0.06950244 -0.21693546 0.13890286
v 0.07056546 -0.21687332 0.13817739
v 0.07131864 -0.21652234 0.13744436
v 0.07190640 -0.21651646 0.13826891
v 0.07124223 -0.21684981 0.13933109
v 0.07251684 -0.21611426 0.13919003
v 0.07221036 -0.21650975 0.13923453
v 0.07216082 -0.21612686 0.13810266
v 0.07154031 -0.21612854 0.13722605
v 0.07223303 -0.21573054 0.13810266
v 0.07257058 -0.21572298 0.13917575
v 0.07050500 -0.21652570 0.13684232
v 0.06954610 -0.21697324 0.13887179
v 0.06990464 -0.21697324 0.13927735
v 0.07157977 -0.21573642 0.13718574
v 0.07067461 -0.21613526 0.13658790
v 0.07067461 -0.21573977 0.13651569
v 0.06919428 -0.21659036 0.13769458
v 0.06931939 -0.21659036 0.13903217
v 0.06870812 -0.21659203 0.13903217
v 0.06883323 -0.21659119 0.13769458
v 0.06826309 -0.21659371 0.13989031
v 0.06695070 -0.21658952 0.13986008
v 0.06695070 -0.21658952 0.13955024
v 0.06826309 -0.21659371 0.13952085
v 0.06870812 -0.21659203 0.14037899
v 0.07107597 -0.21657440 0.13986008
v 0.06976442 -0.21658784 0.13989031
v 0.06976442 -0.21658784 0.13952085
v 0.07107597 -0.21657440 0.13955024
v 0.07251684 -0.21611426 0.14022113
v 0.07257058 -0.21572298 0.14023541
v 0.07221036 -0.21650975 0.14017663
v 0.07119772 -0.21682294 0.14004984
v 0.07109109 -0.21658448 0.13987435
v 0.07124223 -0.21684981 0.14008007
v 0.06931939 -0.21659036 0.14037899
v 0.06960740 -0.21574061 0.14325233
v 0.06841675 -0.21574481 0.14325233
v 0.06843187 -0.21613862 0.14320027
v 0.06959396 -0.21613442 0.14320027
v 0.06693642 -0.21660043 0.13987435
v 0.06825638 -0.21660463 0.13990458
v 0.06815058 -0.21694134 0.14008343
v 0.06683063 -0.21683890 0.14004984
v 0.06869384 -0.21660379 0.14038487
v 0.06852675 -0.21693882 0.14050830
v 0.06882063 -0.21660211 0.14173085
v 0.06863507 -0.21684309 0.14187276
v 0.06746289 -0.21688508 0.14123377
v 0.06670887 -0.21653914 0.14196596
v 0.06612111 -0.21653830 0.14114225
v 0.06678612 -0.21686660 0.14008007
v 0.06550899 -0.21614029 0.14022113
v 0.06581715 -0.21653326 0.14017663
v 0.06586501 -0.21615037 0.14130850
v 0.06648552 -0.21614701 0.14218511
v 0.06579196 -0.21575489 0.14130850
v 0.06545357 -0.21574985 0.14023541
v 0.06859056 -0.21687332 0.14190298
v 0.06752167 -0.21653662 0.14256884
v 0.06848225 -0.21697744 0.14053937
v 0.06848141 -0.21653494 0.14289379
v 0.06812455 -0.21697996 0.14013381
v 0.06644522 -0.21575573 0.14222541
v 0.06735122 -0.21614785 0.14282326
v 0.06734954 -0.21575237 0.14289463
v 0.06943779 -0.21686996 0.14190298
v 0.06939244 -0.21684058 0.14187276
v 0.06920688 -0.21660043 0.14173085
v 0.06954610 -0.21653074 0.14289379
v 0.06987777 -0.21693462 0.14008343
v 0.06977029 -0.21659875 0.13990458
v 0.06950244 -0.21693546 0.14050830
v 0.06933367 -0.21660127 0.14038487
v 0.07056546 -0.21687332 0.14123377
v 0.07190640 -0.21651646 0.14114225
v 0.07131864 -0.21652234 0.14196596
v 0.07216082 -0.21612686 0.14130850
v 0.07154031 -0.21612854 0.14218511
v 0.07223303 -0.21573054 0.14130850
v 0.07050500 -0.21652570 0.14256884
v 0.06954610 -0.21697324 0.14053937
v 0.06990464 -0.21697324 0.14013381
v 0.07157977 -0.21573642 0.14222541
v 0.07067461 -0.21613526 0.14282326
v 0.07067461 -0.21573977 0.14289463
v 0.06919428 -0.21659036 0.14171658
v 0.06883323 -0.21659119 0.14171658
v 0.06693642 -0.21660043 0.13953597
v 0.06825638 -0.21660463 0.13950574
v 0.06869384 -0.21660379 0.13902545
v 0.06882063 -0.21660211 0.13768031
v 0.06920688 -0.21660043 0.13768031
v 0.06933367 -0.21660127 0.13902545
v 0.06977029 -0.21659875 0.13950574
v 0.07109109 -0.21658448 0.13953597
v 0.07109109 -0.21658448 0.13987435
v 0.06977029 -0.21659875 0.13990458
v 0.06933367 -0.21660127 0.14038487
v 0.06920688 -0.21660043 0.14173085
v 0.06882063 -0.21660211 0.14173085
v 0.06869384 -0.21660379 0.14038487
v 0.06825638 -0.21660463 0.13990458
v 0.06693642 -0.21660043 0.13987435
v 0.27719780 -0.21621251 -0.25122150
v 0.27718269 -0.21567596 -0.25127440
v 0.27837333 -0.21567008 -0.25127440
v 0.27835990 -0.21620663 -0.25122150
v 0.27702315 -0.21684645 -0.24792582
v 0.27570236 -0.21684141 -0.24789559
v 0.27559656 -0.21716721 -0.24807108
v 0.27691651 -0.21730659 -0.24810467
v 0.27729268 -0.21730323 -0.24852954
v 0.27745978 -0.21684561 -0.24840695
v 0.27740184 -0.21717224 -0.24989399
v 0.27758657 -0.21684393 -0.24975209
v 0.27622883 -0.21722934 -0.24925501
v 0.27555206 -0.21720499 -0.24810131
v 0.27488704 -0.21675661 -0.24916348
v 0.27547481 -0.21675829 -0.24998803
v 0.27427493 -0.21621419 -0.24824237
v 0.27463095 -0.21622762 -0.24932974
v 0.27458309 -0.21675073 -0.24819787
v 0.27525146 -0.21622342 -0.25020635
v 0.27421951 -0.21568184 -0.24825665
v 0.27455790 -0.21568855 -0.24932974
v 0.27628761 -0.21675409 -0.25059007
v 0.27735650 -0.21721339 -0.24992422
v 0.27724818 -0.21735613 -0.24856060
v 0.27724734 -0.21675241 -0.25091586
v 0.27689048 -0.21735865 -0.24815505
v 0.27521115 -0.21569023 -0.25024665
v 0.27611715 -0.21622426 -0.25084449
v 0.27611547 -0.21568520 -0.25091670
v 0.27820372 -0.21720919 -0.24992422
v 0.27815838 -0.21716888 -0.24989399
v 0.27797281 -0.21684225 -0.24975209
v 0.27831204 -0.21674737 -0.25091586
v 0.27985702 -0.21682042 -0.24789559
v 0.27853623 -0.21683890 -0.24792582
v 0.27864371 -0.21729735 -0.24810467
v 0.27996366 -0.21714453 -0.24807108
v 0.27809960 -0.21684225 -0.24840695
v 0.27826838 -0.21729819 -0.24852954
v 0.27933139 -0.21721339 -0.24925501
v 0.28008457 -0.21673478 -0.24998803
v 0.28067234 -0.21672722 -0.24916348
v 0.28000732 -0.21718232 -0.24810131
v 0.28128277 -0.21617892 -0.24824237
v 0.28097630 -0.21671798 -0.24819787
v 0.28092676 -0.21619571 -0.24932974
v 0.28030624 -0.21619823 -0.25020635
v 0.28099897 -0.21565581 -0.24932974
v 0.28133651 -0.21564573 -0.24825665
v 0.27927094 -0.21673898 -0.25059007
v 0.27831204 -0.21735025 -0.24856060
v 0.27867058 -0.21734941 -0.24815505
v 0.28034571 -0.21566420 -0.25024665
v 0.27944055 -0.21620747 -0.25084449
v 0.27944055 -0.21566840 -0.25091670
v 0.27795938 -0.21682714 -0.24973781
v 0.27808533 -0.21682798 -0.24840023
v 0.27747405 -0.21683050 -0.24840023
v 0.27759916 -0.21682882 -0.24973781
v 0.27702903 -0.21683218 -0.24754209
v 0.27571663 -0.21682630 -0.24757232
v 0.27571663 -0.21682630 -0.24788215
v 0.27702903 -0.21683218 -0.24791154
v 0.27747405 -0.21683050 -0.24705341
v 0.27984191 -0.21680615 -0.24757232
v 0.27853035 -0.21682462 -0.24754209
v 0.27853035 -0.21682462 -0.24791154
v 0.27984191 -0.21680615 -0.24788215
v 0.28128277 -0.21617892 -0.24721126
v 0.28133651 -0.21564573 -0.24719699
v 0.28097630 -0.21671798 -0.24725576
v 0.27996366 -0.21714453 -0.24738255
v 0.27985702 -0.21682042 -0.24755804
v 0.28000732 -0.21718232 -0.24735233
v 0.27808533 -0.21682798 -0.24705341
v 0.27837333 -0.21567008 -0.24417923
v 0.27718269 -0.21567596 -0.24417923
v 0.27719780 -0.21621251 -0.24423213
v 0.27835990 -0.21620663 -0.24423213
v 0.27570236 -0.21684141 -0.24755804
v 0.27702315 -0.21684645 -0.24752782
v 0.27691651 -0.21730659 -0.24734897
v 0.27559656 -0.21716721 -0.24738255
v 0.27745978 -0.21684561 -0.24704753
v 0.27729268 -0.21730323 -0.24692410
v 0.27758657 -0.21684393 -0.24570154
v 0.27740184 -0.21717224 -0.24555964
v 0.27622883 -0.21722934 -0.24619863
v 0.27547481 -0.21675829 -0.24546560
v 0.27488704 -0.21675661 -0.24629015
v 0.27555206 -0.21720499 -0.24735233
v 0.27427493 -0.21621419 -0.24721126
v 0.27458309 -0.21675073 -0.24725576
v 0.27463095 -0.21622762 -0.24612390
v 0.27525146 -0.21622342 -0.24524729
v 0.27455790 -0.21568855 -0.24612390
v 0.27421951 -0.21568184 -0.24719699
v 0.27735650 -0.21721339 -0.24552941
v 0.27628761 -0.21675409 -0.24486356
v 0.27724818 -0.21735613 -0.24689303
v 0.27724734 -0.21675241 -0.24453861
v 0.27689048 -0.21735865 -0.24729859
v 0.27521115 -0.21569023 -0.24520698
v 0.27611715 -0.21622426 -0.24460914
v 0.27611547 -0.21568520 -0.24453777
v 0.27820372 -0.21720919 -0.24552941
v 0.27815838 -0.21716888 -0.24555964
v 0.27797281 -0.21684225 -0.24570154
v 0.27831204 -0.21674737 -0.24453861
v 0.27864371 -0.21729735 -0.24734897
v 0.27853623 -0.21683890 -0.24752782
v 0.27826838 -0.21729819 -0.24692410
v 0.27809960 -0.21684225 -0.24704753
v 0.27933139 -0.21721339 -0.24619863
v 0.28067234 -0.21672722 -0.24629015
v 0.28008457 -0.21673478 -0.24546560
v 0.28092676 -0.21619571 -0.24612390
v 0.28030624 -0.21619823 -0.24524729
v 0.28099897 -0.21565581 -0.24612390
v 0.27927094 -0.21673898 -0.24486356
v 0.27831204 -0.21735025 -0.24689303
v 0.27867058 -0.21734941 -0.24729859
v 0.28034571 -0.21566420 -0.24520698
v 0.27944055 -0.21620747 -0.24460914
v 0.27944055 -0.21566840 -0.24453777
v 0.27795938 -0.21682714 -0.24571582
v 0.27759916 -0.21682882 -0.24571582
v 0.27570236 -0.21684141 -0.24789559
v 0.27702315 -0.21684645 -0.24792582
v 0.27745978 -0.21684561 -0.24840695
v 0.27758657 -0.21684393 -0.24975209
v 0.27797281 -0.21684225 -0.24975209
v 0.27809960 -0.21684225 -0.24840695
v 0.27853623 -0.21683890 -0.24792582
v 0.27985702 -0.21682042 -0.24789559
v 0.27985702 -0.21682042 -0.24755804
v 0.27853623 -0.21683890 -0.24752782
v 0.27809960 -0.21684225 -0.24704753
v 0.27797281 -0.21684225 -0.24570154
v 0.27758657 -0.21684393 -0.24570154
v 0.27745978 -0.21684561 -0.24704753
v 0.27702315 -0.21684645 -0.24752782
v 0.27570236 -0.21684141 -0.24755804
v -0.27737161 -0.21633342 0.12384095
v -0.27912231 -0.21632418 0.12384095
v -0.27914247 -0.21547444 0.12376202
v -0.27734894 -0.21548368 0.12376202
v -0.27710796 -0.21733766 0.12880421
v -0.27694758 -0.21806565 0.12853468
v -0.27496009 -0.21784481 0.12858589
v -0.27511963 -0.21732926 0.12884955
v -0.27776626 -0.21733598 0.12808042
v -0.27751436 -0.21806061 0.12789485
v -0.27795686 -0.21733346 0.12605346
v -0.27767893 -0.21785321 0.12584019
v -0.27591311 -0.21794390 0.12680329
v -0.27477621 -0.21719743 0.12569913
v -0.27389120 -0.21719575 0.12694099
v -0.27489376 -0.21790443 0.12854055
v -0.27297009 -0.21633678 0.12832728
v -0.27343358 -0.21718568 0.12839445
v -0.27350579 -0.21635777 0.12668993
v -0.27444034 -0.21635105 0.12536998
v -0.27339580 -0.21550383 0.12668993
v -0.27288696 -0.21549291 0.12830629
v -0.27761092 -0.21791787 0.12579485
v -0.27600212 -0.21719156 0.12479229
v -0.27744802 -0.21814374 0.12784867
v -0.27744634 -0.21718820 0.12430192
v -0.27690896 -0.21814877 0.12845911
v -0.27437989 -0.21550635 0.12530952
v -0.27574518 -0.21635273 0.12440940
v -0.27574182 -0.21549963 0.12430108
v -0.27888637 -0.21791115 0.12579485
v -0.27881920 -0.21784733 0.12584019
v -0.27853959 -0.21733010 0.12605346
v -0.27904926 -0.21717980 0.12430192
v -0.28137598 -0.21729567 0.12884955
v -0.28153719 -0.21780955 0.12858589
v -0.27954970 -0.21805137 0.12853468
v -0.27938765 -0.21732590 0.12880421
v -0.27898377 -0.21805221 0.12789485
v -0.27872935 -0.21733094 0.12808042
v -0.28058417 -0.21791871 0.12680329
v -0.28160353 -0.21786833 0.12854055
v -0.28260441 -0.21714873 0.12694099
v -0.28171940 -0.21716049 0.12569913
v -0.28352384 -0.21628052 0.12832728
v -0.28298813 -0.21630739 0.12668993
v -0.28306202 -0.21713446 0.12839445
v -0.28205359 -0.21631075 0.12536998
v -0.28360445 -0.21543582 0.12830629
v -0.28309561 -0.21545261 0.12668993
v -0.28049433 -0.21716804 0.12479229
v -0.27905010 -0.21813534 0.12784867
v -0.27958917 -0.21813450 0.12845911
v -0.28211236 -0.21546520 0.12530952
v -0.28074875 -0.21632586 0.12440940
v -0.28074959 -0.21547276 0.12430108
v -0.27851944 -0.21730743 0.12607530
v -0.27797701 -0.21730995 0.12607530
v -0.27778725 -0.21731247 0.12808965
v -0.27870836 -0.21730743 0.12808965
v -0.27711803 -0.21731415 0.12938274
v -0.27711803 -0.21731415 0.12882604
v -0.27514146 -0.21730575 0.12887054
v -0.27514146 -0.21730575 0.12933740
v -0.27778725 -0.21731247 0.13011828
v -0.28135414 -0.21727300 0.12933740
v -0.28135414 -0.21727300 0.12887054
v -0.27937841 -0.21730239 0.12882604
v -0.27937841 -0.21730239 0.12938274
v -0.28352384 -0.21628052 0.12988066
v -0.28360445 -0.21543582 0.12990165
v -0.28306202 -0.21713446 0.12981349
v -0.28153719 -0.21780955 0.12962288
v -0.28137598 -0.21729567 0.12935923
v -0.28160353 -0.21786833 0.12966822
v -0.27870836 -0.21730743 0.13011828
v -0.27914247 -0.21547444 0.13444592
v -0.27912231 -0.21632418 0.13436699
v -0.27737161 -0.21633342 0.13436699
v -0.27734894 -0.21548368 0.13444592
v -0.27511963 -0.21732926 0.12935923
v -0.27496009 -0.21784481 0.12962288
v -0.27694758 -0.21806565 0.12967326
v -0.27710796 -0.21733766 0.12940457
v -0.27751436 -0.21806061 0.13031309
v -0.27776626 -0.21733598 0.13012752
v -0.27767893 -0.21785321 0.13236775
v -0.27795686 -0.21733346 0.13215447
v -0.27591311 -0.21794390 0.13140549
v -0.27489376 -0.21790443 0.12966822
v -0.27389120 -0.21719575 0.13126779
v -0.27477621 -0.21719743 0.13250881
v -0.27297009 -0.21633678 0.12988066
v -0.27350579 -0.21635777 0.13151801
v -0.27343358 -0.21718568 0.12981349
v -0.27444034 -0.21635105 0.13283796
v -0.27288696 -0.21549291 0.12990165
v -0.27339580 -0.21550383 0.13151801
v -0.27600212 -0.21719156 0.13341649
v -0.27761092 -0.21791787 0.13241393
v -0.27744802 -0.21814374 0.13036011
v -0.27744634 -0.21718820 0.13390601
v -0.27690896 -0.21814877 0.12974883
v -0.27437989 -0.21550635 0.13289841
v -0.27574518 -0.21635273 0.13379938
v -0.27574182 -0.21549963 0.13390769
v -0.27888637 -0.21791115 0.13241393
v -0.27881920 -0.21784733 0.13236775
v -0.27853959 -0.21733010 0.13215447
v -0.27904926 -0.21717980 0.13390601
v -0.27938765 -0.21732590 0.12940457
v -0.27954970 -0.21805137 0.12967326
v -0.27872935 -0.21733094 0.13012752
v -0.27898377 -0.21805221 0.13031309
v -0.28058417 -0.21791871 0.13140549
v -0.28171940 -0.21716049 0.13250881
v -0.28260441 -0.21714873 0.13126779
v -0.28298813 -0.21630739 0.13151801
v -0.28205359 -0.21631075 0.13283796
v -0.28309561 -0.21545261 0.13151801
v -0.28049433 -0.21716804 0.13341649
v -0.27905010 -0.21813534 0.13036011
v -0.27958917 -0.21813450 0.12974883
v -0.28211236 -0.21546520 0.13289841
v -0.28074875 -0.21632586 0.13379938
v -0.28074959 -0.21547276 0.13390769
v -0.27797701 -0.21730995 0.13213264
v -0.27851944 -0.21730743 0.13213264
v -0.27710796 -0.21733766 0.12880421
v -0.27511963 -0.21732926 0.12884955
v -0.27776626 -0.21733598 0.12808042
v -0.27795686 -0.21733346 0.12605346
v -0.27853959 -0.21733010 0.12605346
v -0.27872935 -0.21733094 0.12808042
v -0.27938765 -0.21732590 0.12880421
v -0.28137598 -0.21729567 0.12884955
v -0.28137598 -0.21729567 0.12935923
v -0.27938765 -0.21732590 0.12940457
v -0.27872935 -0.21733094 0.13012752
v -0.27853959 -0.21733010 0.13215447
v -0.27795686 -0.21733346 0.13215447
v -0.27776626 -0.21733598 0.13012752
v -0.27710796 -0.21733766 0.12940457
v -0.27511963 -0.21732926 0.12935923
v -0.06843103 -0.21613945 0.13621089
v -0.06959312 -0.21613442 0.13621089
v -0.06960656 -0.21574061 0.13615799
v -0.06841591 -0.21574565 0.13615799
v -0.06825554 -0.21660463 0.13950574
v -0.06814974 -0.21694134 0.13932773
v -0.06682979 -0.21683890 0.13936132
v -0.06693558 -0.21660043 0.13953597
v -0.06869300 -0.21660379 0.13902545
v -0.06852507 -0.21693882 0.13890286
v -0.06881895 -0.21660211 0.13768031
v -0.06863423 -0.21684309 0.13753840
v -0.06746205 -0.21688508 0.13817739
v -0.06670719 -0.21653914 0.13744436
v -0.06611943 -0.21653830 0.13826891
v -0.06678528 -0.21686660 0.13933109
v -0.06550731 -0.21614029 0.13919003
v -0.06581547 -0.21653410 0.13923453
v -0.06586333 -0.21615037 0.13810266
v -0.06648384 -0.21614701 0.13722605
v -0.06579112 -0.21575489 0.13810266
v -0.06545273 -0.21574985 0.13917575
v -0.06858972 -0.21687332 0.13750818
v -0.06752083 -0.21653662 0.13684232
v -0.06848141 -0.21697744 0.13887179
v -0.06848057 -0.21653494 0.13651653
v -0.06812287 -0.21697996 0.13927735
v -0.06644438 -0.21575573 0.13718574
v -0.06735038 -0.21614785 0.13658790
v -0.06734870 -0.21575237 0.13651569
v -0.06943695 -0.21686996 0.13750818
v -0.06939160 -0.21684058 0.13753840
v -0.06920604 -0.21660127 0.13768031
v -0.06954442 -0.21653158 0.13651653
v -0.07108941 -0.21658532 0.13953597
v -0.07119604 -0.21682294 0.13936132
v -0.06987693 -0.21693462 0.13932773
v -0.06976945 -0.21659875 0.13950574
v -0.06950076 -0.21693546 0.13890286
v -0.06933283 -0.21660127 0.13902545
v -0.07056378 -0.21687332 0.13817739
v -0.07124055 -0.21685065 0.13933109
v -0.07190556 -0.21651730 0.13826891
v -0.07131780 -0.21652234 0.13744436
v -0.07251600 -0.21611426 0.13919003
v -0.07215998 -0.21612686 0.13810266
v -0.07220952 -0.21650975 0.13923453
v -0.07153947 -0.21612854 0.13722605
v -0.07256974 -0.21572298 0.13917575
v -0.07223135 -0.21573054 0.13810266
v -0.07050416 -0.21652570 0.13684232
v -0.06954526 -0.21697408 0.13887179
v -0.06990296 -0.21697324 0.13927735
v -0.07157809 -0.21573642 0.13718574
v -0.07067377 -0.21613526 0.13658790
v -0.07067377 -0.21573977 0.13651569
v -0.06919260 -0.21659036 0.13769458
v -0.06883239 -0.21659119 0.13769458
v -0.06870644 -0.21659287 0.13903217
v -0.06931855 -0.21659036 0.13903217
v -0.06826225 -0.21659371 0.13989031
v -0.06826225 -0.21659371 0.13952085
v -0.06694986 -0.21658952 0.13955024
v -0.06694986 -0.21658952 0.13986008
v -0.06870644 -0.21659287 0.14037899
v -0.07107513 -0.21657440 0.13986008
v -0.07107513 -0.21657440 0.13955024
v -0.06976274 -0.21658784 0.13952085
v -0.06976274 -0.21658784 0.13989031
v -0.07251600 -0.21611426 0.14022113
v -0.07256974 -0.21572298 0.14023541
v -0.07220952 -0.21650975 0.14017663
v -0.07119604 -0.21682294 0.14004984
v -0.07108941 -0.21658532 0.13987435
v -0.07124055 -0.21685065 0.14008007
v -0.06931855 -0.21659036 0.14037899
v -0.06960656 -0.21574061 0.14325233
v -0.06959312 -0.21613442 0.14320027
v -0.06843103 -0.21613945 0.14320027
v -0.06841591 -0.21574565 0.14325233
v -0.06693558 -0.21660043 0.13987435
v -0.06682979 -0.21683890 0.14004984
v -0.06814974 -0.21694134 0.14008343
v -0.06825554 -0.21660463 0.13990458
v -0.06852507 -0.21693882 0.14050830
v -0.06869300 -0.21660379 0.14038487
v -0.06863423 -0.21684309 0.14187276
v -0.06881895 -0.21660211 0.14173085
v -0.06746205 -0.21688508 0.14123377
v -0.06678528 -0.21686660 0.14008007
v -0.06611943 -0.21653830 0.14114225
v -0.06670719 -0.21653914 0.14196596
v -0.06550731 -0.21614029 0.14022113
v -0.06586333 -0.21615037 0.14130850
v -0.06581547 -0.21653410 0.14017663
v -0.06648384 -0.21614701 0.14218511
v -0.06545273 -0.21574985 0.14023541
v -0.06579112 -0.21575489 0.14130850
v -0.06752083 -0.21653662 0.14256884
v -0.06858972 -0.21687332 0.14190298
v -0.06848141 -0.21697744 0.14053937
v -0.06848057 -0.21653494 0.14289379
v -0.06812287 -0.21697996 0.14013381
v -0.06644438 -0.21575573 0.14222541
v -0.06735038 -0.21614785 0.14282326
v -0.06734870 -0.21575237 0.14289463
v -0.06943695 -0.21686996 0.14190298
v -0.06939160 -0.21684058 0.14187276
v -0.06920604 -0.21660127 0.14173085
v -0.06954442 -0.21653158 0.14289379
v -0.06976945 -0.21659875 0.13990458
v -0.06987693 -0.21693462 0.14008343
v -0.06933283 -0.21660127 0.14038487
v -0.06950076 -0.21693546 0.14050830
v -0.07056378 -0.21687332 0.14123377
v -0.07131780 -0.21652234 0.14196596
v -0.07190556 -0.21651730 0.14114225
v -0.07215998 -0.21612686 0.14130850
v -0.07153947 -0.21612854 0.14218511
v -0.07223135 -0.21573054 0.14130850
v -0.07050416 -0.21652570 0.14256884
v -0.06954526 -0.21697408 0.14053937
v -0.06990296 -0.21697324 0.14013381
v -0.07157809 -0.21573642 0.14222541
v -0.07067377 -0.21613526 0.14282326
v -0.07067377 -0.21573977 0.14289463
v -0.06883239 -0.21659119 0.14171658
v -0.06919260 -0.21659036 0.14171658
v -0.06825554 -0.21660463 0.13950574
v -0.06693558 -0.21660043 0.13953597
v -0.06869300 -0.21660379 0.13902545
v -0.06881895 -0.21660211 0.13768031
v -0.06920604 -0.21660127 0.13768031
v -0.06933283 -0.21660127 0.13902545
v -0.06976945 -0.21659875 0.13950574
v -0.07108941 -0.21658532 0.13953597
v -0.07108941 -0.21658532 0.13987435
v -0.06976945 -0.21659875 0.13990458
v -0.06933283 -0.21660127 0.14038487
v -0.06920604 -0.21660127 0.14173085
v -0.06881895 -0.21660211 0.14173085
v -0.06869300 -0.21660379 0.14038487
v -0.06825554 -0.21660463 0.13990458
v -0.06693558 -0.21660043 0.13987435
v -0.27719696 -0.21621335 -0.25122150
v -0.27835906 -0.21620747 -0.25122150
v -0.27837249 -0.21567008 -0.25127440
v -0.27718185 -0.21567596 -0.25127440
v -0.27702147 -0.21684729 -0.24792582
v -0.27691567 -0.21730659 -0.24810467
v -0.27559572 -0.21716721 -0.24807108
v -0.27570152 -0.21684225 -0.24789559
v -0.27745894 -0.21684645 -0.24840695
v -0.27729101 -0.21730407 -0.24852954
v -0.27758489 -0.21684477 -0.24975209
v -0.27740016 -0.21717308 -0.24989399
v -0.27622799 -0.21723018 -0.24925501
v -0.27547313 -0.21675913 -0.24998803
v -0.27488620 -0.21675745 -0.24916348
v -0.27555122 -0.21720499 -0.24810131
v -0.27427325 -0.21621502 -0.24824237
v -0.27458141 -0.21675073 -0.24819787
v -0.27462927 -0.21622846 -0.24932974
v -0.27525062 -0.21622426 -0.25020635
v -0.27455706 -0.21568939 -0.24932974
v -0.27421867 -0.21568184 -0.24825665
v -0.27735566 -0.21721339 -0.24992422
v -0.27628677 -0.21675493 -0.25059007
v -0.27724734 -0.21735613 -0.24856060
v -0.27724650 -0.21675325 -0.25091586
v -0.27688881 -0.21735949 -0.24815505
v -0.27521032 -0.21569023 -0.25024665
v -0.27611631 -0.21622510 -0.25084449
v -0.27611463 -0.21568604 -0.25091670
v -0.27820288 -0.21720919 -0.24992422
v -0.27815754 -0.21716888 -0.24989399
v -0.27797197 -0.21684225 -0.24975209
v -0.27831036 -0.21674737 -0.25091586
v -0.27985618 -0.21682126 -0.24789559
v -0.27996282 -0.21714537 -0.24807108
v -0.27864287 -0.21729819 -0.24810467
v -0.27853539 -0.21683974 -0.24792582
v -0.27826670 -0.21729903 -0.24852954
v -0.27809876 -0.21684309 -0.24840695
v -0.27932971 -0.21721423 -0.24925501
v -0.28000648 -0.21718232 -0.24810131
v -0.28067150 -0.21672806 -0.24916348
v -0.28008373 -0.21673562 -0.24998803
v -0.28128193 -0.21617976 -0.24824237
v -0.28092592 -0.21619655 -0.24932974
v -0.28097546 -0.21671882 -0.24819787
v -0.28030540 -0.21619907 -0.25020635
v -0.28133567 -0.21564573 -0.24825665
v -0.28099813 -0.21565665 -0.24932974
v -0.27927010 -0.21673982 -0.25059007
v -0.27831120 -0.21735109 -0.24856060
v -0.27866974 -0.21735025 -0.24815505
v -0.28034487 -0.21566420 -0.25024665
v -0.27943971 -0.21620831 -0.25084449
v -0.27943971 -0.21566924 -0.25091670
v -0.27795854 -0.21682798 -0.24973781
v -0.27759832 -0.21682966 -0.24973781
v -0.27747321 -0.21683134 -0.24840023
v -0.27808449 -0.21682798 -0.24840023
v -0.27702819 -0.21683218 -0.24754209
v -0.27702819 -0.21683218 -0.24791154
v -0.27571579 -0.21682714 -0.24788215
v -0.27571579 -0.21682714 -0.24757232
v -0.27747321 -0.21683134 -0.24705341
v -0.27984107 -0.21680615 -0.24757232
v -0.27984107 -0.21680615 -0.24788215
v -0.27852867 -0.21682462 -0.24791154
v -0.27852867 -0.21682462 -0.24754209
v -0.28128193 -0.21617976 -0.24721126
v -0.28133567 -0.21564573 -0.24719699
v -0.28097546 -0.21671882 -0.24725576
v -0.27996282 -0.21714537 -0.24738255
v -0.27985618 -0.21682126 -0.24755804
v -0.28000648 -0.21718232 -0.24735233
v -0.27808449 -0.21682798 -0.24705341
v -0.27837249 -0.21567008 -0.24417923
v -0.27835906 -0.21620747 -0.24423213
v -0.27719696 -0.21621335 -0.24423213
v -0.27718185 -0.21567596 -0.24417923
v -0.27570152 -0.21684225 -0.24755804
v -0.27559572 -0.21716721 -0.24738255
v -0.27691567 -0.21730659 -0.24734897
v -0.27702147 -0.21684729 -0.24752782
v -0.27729101 -0.21730407 -0.24692410
v -0.27745894 -0.21684645 -0.24704753
v -0.27740016 -0.21717308 -0.24555964
v -0.27758489 -0.21684477 -0.24570154
v -0.27622799 -0.21723018 -0.24619863
v -0.27555122 -0.21720499 -0.24735233
v -0.27488620 -0.21675745 -0.24629015
v -0.27547313 -0.21675913 -0.24546560
v -0.27427325 -0.21621502 -0.24721126
v -0.27462927 -0.21622846 -0.24612390
v -0.27458141 -0.21675073 -0.24725576
v -0.27525062 -0.21622426 -0.24524729
v -0.27421867 -0.21568184 -0.24719699
v -0.27455706 -0.21568939 -0.24612390
v -0.27628677 -0.21675493 -0.24486356
v -0.27735566 -0.21721339 -0.24552941
v -0.27724734 -0.21735613 -0.24689303
v -0.27724650 -0.21675325 -0.24453861
v -0.27688881 -0.21735949 -0.24729859
v -0.27521032 -0.21569023 -0.24520698
v -0.27611631 -0.21622510 -0.24460914
v -0.27611463 -0.21568604 -0.24453777
v -0.27820288 -0.21720919 -0.24552941
v -0.27815754 -0.21716888 -0.24555964
v -0.27797197 -0.21684225 -0.24570154
v -0.27831036 -0.21674737 -0.24453861
v -0.27853539 -0.21683974 -0.24752782
v -0.27864287 -0.21729819 -0.24734897
v -0.27809876 -0.21684309 -0.24704753
v -0.27826670 -0.21729903 -0.24692410
v -0.27932971 -0.21721423 -0.24619863
v -0.28008373 -0.21673562 -0.24546560
v -0.28067150 -0.21672806 -0.24629015
v -0.28092592 -0.21619655 -0.24612390
v -0.28030540 -0.21619907 -0.24524729
v -0.28099813 -0.21565665 -0.24612390
v -0.27927010 -0.21673982 -0.24486356
v -0.27831120 -0.21735109 -0.24689303
v -0.27866974 -0.21735025 -0.24729859
v -0.28034487 -0.21566420 -0.24520698
v -0.27943971 -0.21620831 -0.24460914
v -0.27943971 -0.21566924 -0.24453777
v -0.27759832 -0.21682966 -0.24571582
v -0.27795854 -0.21682798 -0.24571582
v -0.27702147 -0.21684729 -0.24792582
v -0.27570152 -0.21684225 -0.24789559
v -0.27745894 -0.21684645 -0.24840695
v -0.27758489 -0.21684477 -0.24975209
v -0.27797197 -0.21684225 -0.24975209
v -0.27809876 -0.21684309 -0.24840695
v -0.27853539 -0.21683974 -0.24792582
v -0.27985618 -0.21682126 -0.24789559
v -0.27985618 -0.21682126 -0.24755804
v -0.27853539 -0.21683974 -0.24752782
v -0.27809876 -0.21684309 -0.24704753
v -0.27797197 -0.21684225 -0.24570154
v -0.27758489 -0.21684477 -0.24570154
v -0.27745894 -0.21684645 -0.24704753
v -0.27702147 -0.21684729 -0.24752782
v -0.27570152 -0.21684225 -0.24755804
v 0.15520958 -0.11226029 -0.30079449
v 0.15892761 -0.11019219 -0.30079449
v 0.16092937 -0.10635156 -0.30079449
v 0.16092937 0.10500558 -0.30079449
v 0.15892761 0.10884621 -0.30079449
v 0.15520958 0.11091430 -0.30079449
v 0.14874667 0.11091430 -0.30079449
v 0.14502864 0.10884621 -0.30079449
v 0.14302688 0.10500558 -0.30079449
v 0.14302688 -0.10635156 -0.30079449
v 0.14502864 -0.11019219 -0.30079449
v 0.14874667 -0.11226029 -0.30079449
v -0.15520958 0.11091346 -0.30079449
v -0.15892677 0.10884621 -0.30079449
v -0.16092937 0.10500558 -0.30079449
v -0.16092854 -0.10635240 -0.30079449
v -0.15892677 -0.11019219 -0.30079449
v -0.15520874 -0.11226029 -0.30079449
v -0.14874583 -0.11226029 -0.30079449
v -0.14502780 -0.11019219 -0.30079449
v -0.14302604 -0.10635240 -0.30079449
v -0.14302688 0.10500558 -0.30079449
v -0.14502864 0.10884621 -0.30079449
v -0.14874667 0.11091346 -0.30079449
v -0.20089911 0.20800394 -0.25095197
v -0.00000000 0.20800394 -0.25095197
v -0.20089911 0.20800310 -0.10385692
v -0.20089911 0.20800310 0.04323730
v 0.20089911 0.20800394 -0.25095197
vn -0.01160038 -0.99993271 0.00000000
vn -0.01890040 -0.99982129 0.00040001
vn 0.00000000 -1.00000000 0.00000000
vn 0.00000000 -1.00000000 0.00000000
vn 0.00000000 -0.98895835 0.14819376
vn 0.00000000 -0.98895835 0.14819376
vn 0.00000000 -0.99860509 0.05280027
vn 0.00000000 -0.99860509 0.05280027
vn -0.08509763 -0.99637230 -0.00079998
vn -0.08700068 -0.99620775 0.00100001
vn -0.05420162 -0.99852993 0.00040001
vn -0.05299969 -0.99859421 -0.00080000
vn 0.00030001 -0.99992553 -0.01220031
vn 0.00000000 -0.99915100 -0.04119798
vn 0.00000000 -1.00000000 0.00000000
vn 0.00000000 -1.00000000 0.00000000
vn 0.00190009 -0.99614477 -0.08770394
vn 0.00000000 -0.98769395 -0.15639904
vn 0.00000000 -0.99853001 -0.05420163
vn 0.00080000 -0.99459789 -0.10379978
vn 0.00000000 -0.07150290 0.99744039
vn 0.00000000 -0.07150290 0.99744039
vn 0.00000000 -0.21339269 0.97696651
vn 0.00000000 -0.21339269 0.97696651
vn -0.99993921 -0.00690027 0.00860034
vn -0.99994159 -0.00680028 -0.00840035
vn -0.99996472 0.00000000 -0.00839970
vn -0.99996302 0.00000000 0.00859968
vn 0.01240029 0.00000000 -0.99992311
vn 0.00000000 0.00000000 -1.00000000
vn 0.00000000 -0.00519993 -0.99998648
vn 0.01240002 -0.00650001 -0.99990199
vn 0.00590016 -0.03620098 -0.99932711
vn 0.00000000 -0.07170188 -0.99742611
vn 0.00000000 -0.24740322 -0.96891261
vn 0.01559976 -0.41849347 -0.90808582
vn -0.99891278 -0.04640059 -0.00450006
vn -0.99882313 -0.04830112 0.00440010
vn -0.94869163 -0.31599721 0.01139990
vn -0.96141250 -0.27480357 -0.01300017
vn -0.01590003 -0.99930213 0.03380007
vn -0.00080000 -0.99990307 0.01390004
vn -0.02400022 -0.99940923 0.02460023
vn -0.03510126 -0.99923573 0.01720062
vn -0.03300047 -0.99931413 -0.01680024
vn -0.02060090 -0.99954347 -0.02210096
vn -0.04019844 -0.99556147 0.08509671
vn -0.00380006 -0.99641612 0.08450137
vn -0.00150006 -0.99563659 0.09330343
vn -0.01909982 -0.99849036 0.05149950
vn -0.06219929 -0.99628865 0.05949932
vn -0.03399897 -0.99876971 0.03609891
vn -0.04240171 -0.99894027 0.01790072
vn -0.07760141 -0.99641810 0.03360061
vn -0.07670111 -0.99651446 -0.03280048
vn -0.04199850 -0.99896441 -0.01749938
vn -0.06219929 -0.99628865 -0.05949932
vn -0.03379945 -0.99878368 -0.03589941
vn -0.01199940 -0.99954982 -0.02749862
vn -0.00040001 -0.99992549 -0.01220031
vn -0.01889950 -0.99847351 -0.05189862
vn -0.00080000 -0.99459789 -0.10379978
vn -0.00190009 -0.99614477 -0.08770394
vn -0.04289955 -0.99508952 -0.08919906
vn -0.33418773 -0.34658727 0.87646781
vn -0.01450026 -0.04850087 0.99871788
vn -0.03610092 -0.37350951 0.92692360
vn -0.35138551 -0.50947899 0.78546762
vn -0.63358165 -0.43868729 0.63728154
vn -0.33418773 -0.34658727 0.87646781
vn -0.35129786 -0.50949689 0.78549521
vn -0.58239189 -0.56989206 0.57969192
vn -0.70710678 0.00000000 0.70710678
vn -0.39350891 0.00000000 0.91932080
vn -0.39370579 -0.00650010 0.91921352
vn -0.70709043 -0.00679991 0.70709043
vn -0.91928463 0.00000000 -0.39359342
vn -0.91921042 -0.00700008 -0.39370446
vn -0.70760661 0.00000000 -0.70660660
vn -0.70769017 -0.00679991 -0.70649019
vn -0.91929763 -0.00709998 0.39349899
vn -0.91932080 0.00000000 0.39350891
vn -0.39399596 -0.00629994 -0.91909058
vn -0.01240002 -0.00650001 -0.99990199
vn -0.01240029 0.00000000 -0.99992311
vn -0.39470365 0.00000000 -0.91880849
vn -0.39391148 -0.00630018 -0.91912679
vn -0.39470365 0.00000000 -0.91880849
vn -0.33249670 -0.51909486 -0.78739220
vn -0.01559910 -0.41857595 -0.90804782
vn -0.00590012 -0.03640072 -0.99931986
vn -0.32050958 -0.33921013 -0.88442642
vn -0.57047619 -0.56607638 -0.59507517
vn -0.33251396 -0.51902180 -0.78743307
vn -0.32050958 -0.33921013 -0.88442642
vn -0.61969181 -0.43869420 -0.65079140
vn -0.79673276 -0.49322028 0.34921436
vn -0.87496672 -0.34978669 0.33478726
vn -0.86649750 -0.35719897 -0.34869899
vn -0.79480642 -0.48040388 -0.37080300
vn -0.01890040 -0.99982129 0.00040001
vn -0.01160038 -0.99993271 0.00000000
vn 0.01569907 -0.41857529 -0.90804640
vn 0.00000000 -0.24740322 -0.96891261
vn -0.35129786 -0.50949689 0.78549521
vn -0.03600105 -0.37351086 0.92692695
vn -0.58239189 -0.56989206 0.57969192
vn -0.94866165 -0.31608722 0.01139954
vn -0.79673276 -0.49322028 0.34921436
vn -0.79476824 -0.48048080 -0.37078518
vn -0.96138607 -0.27489602 -0.01299981
vn -0.57047619 -0.56607638 -0.59507517
vn -0.01569907 -0.41857529 -0.90804640
vn -0.33249670 -0.51909486 -0.78739220
vn -0.08700068 -0.99620775 0.00100001
vn -0.08509763 -0.99637230 -0.00079998
vn 0.00000000 -0.98769395 -0.15639904
vn 0.00190009 -0.99614477 -0.08770394
vn -0.39370579 -0.00650010 0.91921352
vn -0.45048348 0.03319878 0.89216729
vn -0.00380006 -0.99641612 0.08450137
vn -0.04019879 -0.99556993 0.08499743
vn -0.70708995 -0.00689990 0.70708995
vn -0.06209968 -0.99629484 0.05949969
vn -0.07760141 -0.99641810 0.03360061
vn -0.06219892 -0.99628272 0.05959897
vn -0.07670111 -0.99651446 -0.03280048
vn -0.06219929 -0.99628865 -0.05949932
vn -0.04289917 -0.99508064 -0.08929826
vn -0.00190007 -0.99613603 -0.08780318
vn -0.70768969 -0.00689990 -0.70648970
vn -0.06209968 -0.99629484 -0.05949969
vn -0.05299970 -0.99859428 -0.00070000
vn -0.05420162 -0.99852993 0.00040001
vn 0.00000000 -0.07150290 0.99744039
vn 0.00000000 -0.07150290 0.99744039
vn -0.01450026 -0.04850087 0.99871788
vn -0.33418773 -0.34658727 0.87646781
vn -0.63362202 -0.43871525 0.63722215
vn -0.04230188 -0.99894450 0.01790080
vn -0.03389909 -0.99877310 0.03609903
vn -0.04199850 -0.99896441 -0.01749938
vn -0.03379945 -0.99878368 -0.03589941
vn -0.32050958 -0.33921013 -0.88442642
vn -0.00590012 -0.03640072 -0.99931986
vn -0.61969181 -0.43869420 -0.65079140
vn -0.39350852 0.00140003 0.91931990
vn -0.49918877 -0.04389901 0.86538052
vn -0.60741292 -0.15700334 0.77871657
vn -0.58577121 0.11649427 0.80206058
vn 0.00059998 0.58977577 0.80756683
vn -0.45048348 0.03319878 0.89216729
vn -0.58577121 0.11649427 0.80206058
vn 0.00080000 0.71029931 0.70389932
vn 0.00000000 -0.94468012 0.32799310
vn 0.00000000 -0.91041099 0.41370500
vn -0.60741292 -0.15700334 0.77871657
vn -0.49911368 -0.04390120 0.86542372
vn -0.00080000 0.71029931 0.70389932
vn -0.00060001 0.58971055 0.80761445
vn -0.18879764 -0.02899964 0.98158773
vn 0.00000000 0.00000000 1.00000000
vn 0.00000000 0.00000000 1.00000000
vn -0.16880803 0.02440116 0.98534686
vn 0.00000000 0.00000000 1.00000000
vn 0.00010000 0.06310045 0.99800718
vn 0.00000000 0.00000000 1.00000000
vn 0.00000000 0.00000000 1.00000000
vn 0.00000000 -0.05590203 0.99843626
vn -0.97547353 0.00989973 0.21989403
vn -0.97590148 -0.00960001 0.21800033
vn -0.99951167 -0.00940011 0.02980035
vn -0.99951571 0.00960015 0.02960047
vn 0.19280027 0.93250128 0.30540042
vn -0.19679871 0.94509383 0.26089830
vn -0.19989086 0.97955521 0.02269896
vn 0.20310987 0.97894755 0.02020098
vn 0.97547353 -0.00989973 0.21989403
vn 0.97590148 0.00960001 0.21800033
vn 0.99951167 0.00940011 0.02980035
vn 0.99951571 -0.00960015 0.02960047
vn -0.19280027 -0.93250128 0.30540042
vn 0.19679871 -0.94509383 0.26089830
vn 0.19991044 -0.97955116 0.02270119
vn -0.20310987 -0.97894755 0.02020098
vn -0.07739997 -0.00100000 0.99699962
vn -0.97590148 -0.00960001 0.21800033
vn -0.97547353 0.00989973 0.21989403
vn -0.10440360 0.00120004 0.99453429
vn -0.00359997 0.01429988 0.99989127
vn 0.00780035 0.03240144 0.99944450
vn 0.07739997 0.00100000 0.99699962
vn 0.97590148 0.00960001 0.21800033
vn 0.97547353 -0.00989973 0.21989403
vn 0.10440360 -0.00120004 0.99453429
vn 0.00359997 -0.01429988 0.99989127
vn 0.19689484 -0.94507523 0.26089316
vn -0.19280027 -0.93250128 0.30540042
vn -0.00780035 -0.03240144 0.99944450
vn -0.03049966 -0.02629970 0.99918872
vn -0.71886239 0.69496364 0.01619915
vn -0.68779894 0.67199896 0.27449958
vn -0.69421294 -0.66781244 0.26850500
vn -0.71627280 -0.69747352 0.02199916
vn 0.71637489 0.69747555 0.01829936
vn 0.69431110 0.66771067 0.26850429
vn -0.68779894 0.67199896 0.27449958
vn -0.71889660 0.69489671 0.01749992
vn 0.71886239 -0.69496364 0.01619915
vn 0.68779894 -0.67199896 0.27449958
vn 0.69421294 0.66781244 0.26850500
vn 0.71627280 0.69747352 0.02199916
vn -0.71637489 -0.69747555 0.01829936
vn -0.69431110 -0.66771067 0.26850429
vn 0.68779894 -0.67199896 0.27449958
vn 0.71889660 -0.69489671 0.01749992
vn -0.69421294 -0.66781244 0.26850500
vn -0.68775272 0.67205380 0.27448113
vn -0.02900003 0.02750003 0.99920105
vn -0.00359997 0.01429988 0.99989127
vn -0.19679871 0.94509383 0.26089830
vn 0.19280027 0.93250128 0.30540042
vn 0.69419429 0.66779451 0.26859779
vn 0.03049966 0.02629970 0.99918872
vn 0.00780035 0.03240144 0.99944450
vn 0.68777159 -0.67207224 0.27438867
vn 0.02900011 -0.02740010 0.99920380
vn 0.00000000 0.00000000 1.00000000
vn -0.00010000 0.06809854 0.99767860
vn -0.39270141 0.01730006 0.91950330
vn -0.39320112 -0.01660005 0.91930262
vn -0.39810130 -0.00840003 0.91730300
vn -0.39781058 0.00890024 0.91742440
vn -0.00600002 0.52350203 0.85200330
vn 0.00670017 0.52281294 0.85242110
vn 0.03779967 0.49019571 0.87079237
vn -0.03509932 0.49289044 0.86938314
vn -0.01159984 -0.51769273 0.85548798
vn -0.19529624 -0.30509413 0.93208205
vn -0.22009082 -0.27278862 0.93656094
vn -0.05639815 -0.46998454 0.88087103
vn -0.19529624 0.30509413 0.93208205
vn -0.22009682 0.27269607 0.93658649
vn -0.00699983 0.00020000 0.99997548
vn -0.00149999 0.00239999 0.99999600
vn -0.10979910 0.13609888 0.98459192
vn -0.17149472 0.00549983 0.98516969
vn -0.00010000 0.00439996 0.99999032
vn -0.01239939 0.23318860 0.97235247
vn 0.00010000 0.00439996 0.99999032
vn 0.01259965 0.23309346 0.97237271
vn -0.00010000 -0.00399997 0.99999200
vn -0.00149999 -0.00239999 0.99999600
vn -0.11079696 -0.13469631 0.98467301
vn -0.02170083 -0.22620862 0.97383712
vn -0.00709982 -0.00019999 0.99997478
vn -0.17159196 -0.00529975 0.98515385
vn 0.00000000 -0.00989951 0.99995100
vn 0.00000000 -0.33258996 0.94307153
vn -0.00559973 -0.32308418 0.94635366
vn -0.00040000 -0.00279999 0.99999600
vn -0.01380006 0.00070000 0.99990453
vn -0.01080045 -0.00060002 0.99994149
vn -0.23770672 -0.00430012 0.97132745
vn -0.23770682 0.00420012 0.97132787
vn -0.00379993 -0.00479991 0.99998126
vn -0.09820338 -0.15300527 0.98333386
vn -0.00379993 0.00479991 0.99998126
vn -0.09719493 0.15419195 0.98324869
vn -0.00020000 0.00249999 0.99999686
vn -0.00309993 0.32769280 0.94477924
vn 0.00000000 -0.99851373 0.05450075
vn 0.00000000 -1.00000000 0.00000000
vn 0.00000000 -0.21339269 0.97696651
vn 0.00059998 0.58977577 0.80756683
vn 0.00000000 -0.98895835 0.14819376
vn 0.00000000 -0.07180136 -0.99741895
vn 0.00000000 0.00000000 1.00000000
vn 0.00000000 -0.00229999 0.99999736
vn 0.00000000 0.00000000 1.00000000
vn 0.00030000 0.00309998 0.99999515
vn 0.00000000 -0.99851373 0.05450075
vn 0.00000000 -1.00000000 0.00000000
vn 0.00000000 -0.21339269 0.97696651
vn -0.00049998 0.58977580 0.80756687
vn 0.00000000 -0.98895835 0.14819376
vn 0.00000000 -0.94468012 0.32799310
vn 0.00000000 -0.90716168 0.42078223
vn 0.00000000 -0.05610141 0.99842508
vn 0.00000000 0.00000000 1.00000000
vn 0.00000000 -0.52962134 0.84823418
vn 0.00000000 -0.52962134 0.84823418
vn 0.00000000 -0.24230032 0.97020130
vn 0.00309993 0.32769280 0.94477924
vn 0.00080000 0.71019976 0.70399976
vn 0.00000000 -0.91041099 0.41370500
vn -0.00080000 0.71029931 0.70389932
vn 0.00000000 -0.90716168 0.42078223
vn 0.01160038 -0.99993271 0.00000000
vn 0.00000000 -1.00000000 0.00000000
vn 0.01890040 -0.99982129 0.00040001
vn 0.08509763 -0.99637230 -0.00079998
vn 0.05299969 -0.99859421 -0.00080000
vn 0.05420162 -0.99852993 0.00040001
vn 0.08700068 -0.99620775 0.00100001
vn 0.99993921 -0.00690027 0.00860034
vn 0.99996302 0.00000000 0.00859968
vn 0.99996472 0.00000000 -0.00839970
vn 0.99994159 -0.00680028 -0.00840035
vn 0.99891695 -0.04630079 -0.00460008
vn 0.96141250 -0.27480357 -0.01300017
vn 0.94872160 -0.31590719 0.01140026
vn 0.99882313 -0.04830112 0.00440010
vn 0.01580006 -0.99930371 0.03380013
vn 0.02400022 -0.99940923 0.02460023
vn 0.00070000 -0.99990314 0.01390004
vn 0.03510126 -0.99923573 0.01720062
vn 0.03300047 -0.99931413 -0.01680024
vn 0.02060090 -0.99954347 -0.02210096
vn 0.04019844 -0.99556147 0.08509671
vn 0.01909982 -0.99849036 0.05149950
vn 0.00150006 -0.99563659 0.09330343
vn 0.00380006 -0.99641612 0.08450137
vn 0.06219929 -0.99628865 0.05949932
vn 0.03399897 -0.99876971 0.03609891
vn 0.04240171 -0.99894027 0.01790072
vn 0.07760141 -0.99641810 0.03360061
vn 0.07670111 -0.99651446 -0.03280048
vn 0.04199850 -0.99896441 -0.01749938
vn 0.06219929 -0.99628865 -0.05949932
vn 0.03379957 -0.99878726 -0.03579954
vn 0.01199940 -0.99954982 -0.02749862
vn 0.01889950 -0.99847351 -0.05189862
vn 0.04289955 -0.99508952 -0.08919906
vn 0.33418773 -0.34658727 0.87646781
vn 0.35138551 -0.50947899 0.78546762
vn 0.03610092 -0.37350951 0.92692360
vn 0.01450026 -0.04850087 0.99871788
vn 0.63362202 -0.43871525 0.63722215
vn 0.58239189 -0.56989206 0.57969192
vn 0.35129786 -0.50949689 0.78549521
vn 0.33418773 -0.34658727 0.87646781
vn 0.70710678 0.00000000 0.70710678
vn 0.70709043 -0.00679991 0.70709043
vn 0.39370579 -0.00650010 0.91921352
vn 0.39350819 -0.00190004 0.91931915
vn 0.91928463 0.00000000 -0.39359342
vn 0.91920977 -0.00710008 -0.39370419
vn 0.70760661 0.00000000 -0.70660660
vn 0.70769017 -0.00679991 -0.70649019
vn 0.91929763 -0.00709998 0.39349899
vn 0.91932080 0.00000000 0.39350891
vn 0.39391148 -0.00630018 -0.91912679
vn 0.39470365 0.00000000 -0.91880849
vn 0.39470365 0.00000000 -0.91880849
vn 0.39391148 -0.00630018 -0.91912679
vn 0.33251396 -0.51902180 -0.78743307
vn 0.32050958 -0.33921013 -0.88442642
vn 0.57047619 -0.56607638 -0.59507517
vn 0.61969181 -0.43869420 -0.65079140
vn 0.32050958 -0.33921013 -0.88442642
vn 0.33251396 -0.51902180 -0.78743307
vn 0.79673276 -0.49322028 0.34921436
vn 0.87496672 -0.34978669 0.33478726
vn 0.86649750 -0.35719897 -0.34869899
vn 0.79480642 -0.48040388 -0.37080300
vn 0.01160038 -0.99993271 0.00000000
vn 0.01890040 -0.99982129 0.00040001
vn 0.35129786 -0.50949689 0.78549521
vn 0.03610092 -0.37350951 0.92692360
vn 0.58239189 -0.56989206 0.57969192
vn 0.94869054 -0.31599685 0.01149989
vn 0.79669346 -0.49329595 0.34919713
vn 0.79480642 -0.48040388 -0.37080300
vn 0.96138732 -0.27489637 -0.01289983
vn 0.57047619 -0.56607638 -0.59507517
vn 0.33249670 -0.51909486 -0.78739220
vn 0.08509764 -0.99637237 -0.00069998
vn 0.08700068 -0.99620775 0.00100001
vn 0.39370579 -0.00650010 0.91921352
vn 0.04019879 -0.99556993 0.08499743
vn 0.00380006 -0.99641612 0.08450137
vn 0.45048348 0.03319878 0.89216729
vn 0.70708995 -0.00689990 0.70708995
vn 0.06209968 -0.99629484 0.05949969
vn 0.07760141 -0.99641810 0.03360061
vn 0.06219929 -0.99628865 0.05949932
vn 0.07670111 -0.99651446 -0.03280048
vn 0.06219929 -0.99628865 -0.05949932
vn 0.04289917 -0.99508064 -0.08929826
vn 0.06219892 -0.99628272 -0.05959897
vn 0.70768969 -0.00689990 -0.70648970
vn 0.05420162 -0.99852993 0.00040001
vn 0.05299970 -0.99859428 -0.00070000
vn 0.01450026 -0.04850087 0.99871788
vn 0.33418773 -0.34658727 0.87646781
vn 0.63362202 -0.43871525 0.63722215
vn 0.04240171 -0.99894027 0.01790072
vn 0.03399897 -0.99876971 0.03609891
vn 0.04199850 -0.99896441 -0.01749938
vn 0.03369968 -0.99879063 -0.03579966
vn 0.32050958 -0.33921013 -0.88442642
vn 0.00590016 -0.03620098 -0.99932711
vn 0.61969181 -0.43869420 -0.65079140
vn 0.49918877 -0.04389901 0.86538052
vn 0.39350891 0.00000000 0.91932080
vn 0.58577863 0.11569578 0.80217073
vn 0.60749509 -0.15679873 0.77869370
vn 0.58577121 0.11649427 0.80206058
vn 0.45048348 0.03319878 0.89216729
vn 0.00000000 -0.94468012 0.32799310
vn 0.49911368 -0.04390120 0.86542372
vn 0.60749509 -0.15679873 0.77869370
vn 0.00000000 -0.91041099 0.41370500
vn 0.18879764 -0.02899964 0.98158773
vn 0.16880803 0.02440116 0.98534686
vn 0.00000000 0.00000000 1.00000000
vn 0.00000000 0.00000000 1.00000000
vn 0.00000000 0.00000000 1.00000000
vn 0.00000000 0.00000000 1.00000000
vn 0.00000000 -0.05590203 0.99843626
vn 0.97547353 0.00989973 0.21989403
vn 0.99951571 0.00960015 0.02960047
vn 0.99951167 -0.00940011 0.02980035
vn 0.97590148 -0.00960001 0.21800033
vn -0.19280027 0.93250128 0.30540042
vn -0.20310987 0.97894755 0.02020098
vn 0.19989355 0.97956837 0.02209929
vn 0.19679871 0.94509383 0.26089830
vn -0.97547353 -0.00989973 0.21989403
vn -0.99951571 -0.00960015 0.02960047
vn -0.99951167 0.00940011 0.02980035
vn -0.97590148 0.00960001 0.21800033
vn 0.19280027 -0.93250128 0.30540042
vn 0.20310987 -0.97894755 0.02020098
vn -0.19989355 -0.97956837 0.02209929
vn -0.19679871 -0.94509383 0.26089830
vn 0.07749938 -0.00089999 0.99699199
vn 0.10440360 0.00120004 0.99453429
vn 0.97547353 0.00989973 0.21989403
vn 0.97590148 -0.00960001 0.21800033
vn 0.00359997 0.01429988 0.99989127
vn -0.00780035 0.03240144 0.99944450
vn -0.19280615 0.93252976 0.30530974
vn 0.19679871 0.94509383 0.26089830
vn -0.07739998 0.00090000 0.99699972
vn -0.10440360 -0.00120004 0.99453429
vn -0.97547353 -0.00989973 0.21989403
vn -0.97590148 0.00960001 0.21800033
vn -0.00359997 -0.01429988 0.99989127
vn 0.00780035 -0.03240144 0.99944450
vn 0.19280027 -0.93250128 0.30540042
vn -0.19679871 -0.94509383 0.26089830
vn 0.03049966 -0.02629970 0.99918872
vn 0.68779894 0.67199896 0.27449958
vn 0.71890055 0.69500054 0.01250001
vn 0.71637489 -0.69747555 0.01829936
vn 0.69426474 -0.66776609 0.26848636
vn -0.69431110 0.66771067 0.26850429
vn -0.71637489 0.69747555 0.01829936
vn 0.71886239 0.69496364 0.01619915
vn 0.68779894 0.67199896 0.27449958
vn -0.68779894 -0.67199896 0.27449958
vn -0.71890055 -0.69500054 0.01250001
vn -0.71637489 0.69747555 0.01829936
vn -0.69421294 0.66781244 0.26850500
vn 0.69431110 -0.66771067 0.26850429
vn 0.71637489 -0.69747555 0.01829936
vn -0.71891234 -0.69491193 0.01620028
vn -0.68779894 -0.67199896 0.27449958
vn 0.69421294 -0.66781244 0.26850500
vn 0.02900011 0.02740010 0.99920380
vn 0.68775272 0.67205380 0.27448113
vn -0.03049966 0.02629970 0.99918872
vn -0.69419429 0.66779451 0.26859779
vn -0.02900011 -0.02740010 0.99920380
vn -0.68777159 -0.67207224 0.27438867
vn 0.39270141 0.01730006 0.91950330
vn 0.39781058 0.00890024 0.91742440
vn 0.39810130 -0.00840003 0.91730300
vn 0.39320112 -0.01660005 0.91930262
vn 0.01159984 -0.51769273 0.85548798
vn 0.05639815 -0.46998454 0.88087103
vn 0.22009682 -0.27269607 0.93658649
vn 0.19529624 -0.30509413 0.93208205
vn 0.22009682 0.27269607 0.93658649
vn 0.19529624 0.30509413 0.93208205
vn 0.00699983 0.00020000 0.99997548
vn 0.17149472 0.00549983 0.98516969
vn 0.10990088 0.13590109 0.98460789
vn 0.00149999 0.00239999 0.99999600
vn 0.00010000 -0.00399997 0.99999200
vn 0.02170083 -0.22620862 0.97383712
vn 0.11079696 -0.13469631 0.98467301
vn 0.00149999 -0.00239999 0.99999600
vn 0.17159196 -0.00529975 0.98515385
vn 0.00709982 -0.00019999 0.99997478
vn 0.00040000 -0.00279999 0.99999600
vn 0.00559973 -0.32308418 0.94635366
vn 0.01380006 0.00070000 0.99990453
vn 0.23770682 0.00420012 0.97132787
vn 0.23770672 -0.00430012 0.97132745
vn 0.01080045 -0.00060002 0.99994149
vn 0.00379993 -0.00479991 0.99998126
vn 0.09810284 -0.15310443 0.98332846
vn 0.00379993 0.00479991 0.99998126
vn 0.09720449 0.15420712 0.98324537
vn 0.00000000 0.00000000 1.00000000
vn 0.00000000 -0.91041099 0.41370500
vn -0.76677474 0.02859906 -0.64127887
vn -0.72348824 0.01849970 -0.69008878
vn -0.72442164 0.00710021 -0.68932059
vn -0.77551198 0.00540008 -0.63130975
vn -0.69166770 0.48987713 -0.53067522
vn -0.74931273 0.39270667 -0.53320906
vn -0.67942072 0.47901461 -0.55581695
vn -0.69498051 0.48018654 -0.53518499
vn -0.70257681 -0.45698492 -0.54548200
vn -0.70478254 -0.44748892 -0.55048636
vn -0.68972633 -0.44661705 -0.56992175
vn -0.75517461 -0.36458774 -0.54478168
vn -0.77274316 -0.05260294 -0.63253533
vn -0.78058390 -0.03469928 -0.62408713
vn -0.72901427 -0.04800094 -0.68281337
vn -0.72611771 -0.03620088 -0.68661675
vn -0.12340478 0.02880111 0.99193838
vn -0.29189558 0.02249966 0.95618551
vn -0.23909059 -0.00829967 0.97096179
vn -0.12509677 -0.01179970 0.99207438
vn -0.33489343 -0.58898844 0.73548556
vn -0.47271861 -0.58262294 0.66112603
vn -0.19420079 -0.66440269 0.72170293
vn -0.19780677 -0.62442137 0.75562586
vn -0.18600453 0.63211541 0.75221834
vn -0.46809229 0.55619084 0.68668869
vn -0.32558816 0.55487982 0.76557216
vn -0.18139704 0.58729040 0.78878711
vn -0.24520590 0.05110123 0.96812330
vn -0.28520795 -0.02140060 0.95822672
vn -0.11600531 -0.00250011 0.99324545
vn -0.12300269 0.06730147 0.99012163
vn -0.99739738 0.00030000 0.07209981
vn -0.99883649 0.04820176 0.00150005
vn -0.90472655 0.27360803 -0.32650958
vn -0.99979513 0.01929991 -0.00609997
vn -0.90919632 -0.24369901 -0.33759863
vn -0.99934348 -0.03320144 -0.01450063
vn -0.99709839 -0.07609988 0.00190000
vn -0.99827477 0.00139996 0.05869852
vn -0.79094247 0.00840045 -0.61183285
vn -0.81478960 0.01749978 -0.57949260
vn -0.45298546 -0.04519855 0.89037142
vn -0.22299465 -0.01669960 0.97467662
vn -0.97239665 -0.03429988 -0.23079920
vn -0.62580035 -0.63940035 -0.44670025
vn -0.65828725 -0.45049127 -0.60308832
vn -0.39219045 -0.90147805 -0.18309554
vn -0.17640358 -0.68731395 0.70461430
vn -0.26700060 -0.57170128 0.77580173
vn -0.60162169 -0.79862880 0.01560056
vn -0.65832695 -0.45051844 -0.60302468
vn -0.62580035 -0.63940035 -0.44670025
vn -0.26700060 -0.57170128 0.77580173
vn -0.17640358 -0.68731395 0.70461430
vn -0.60162075 -0.79862755 0.01570054
vn -0.72348824 0.01849970 -0.69008878
vn -0.76682391 0.02860089 -0.64121999
vn -0.37248548 0.91706426 -0.14229445
vn -0.29198705 0.02249900 0.95615760
vn -0.12340478 0.02880111 0.99193838
vn -0.99883649 0.04820176 0.00150005
vn -0.76677474 0.02859906 -0.64127887
vn -0.72348824 0.01849970 -0.69008878
vn -0.72442164 0.00710021 -0.68932059
vn -0.77551198 0.00540008 -0.63130975
vn -0.69166770 0.48987713 -0.53067522
vn -0.74945088 0.39277426 -0.53296507
vn -0.67942072 0.47901461 -0.55581695
vn -0.69498051 0.48018654 -0.53518499
vn -0.70257681 -0.45698492 -0.54548200
vn -0.70478254 -0.44748892 -0.55048636
vn -0.68977024 -0.44648074 -0.56997541
vn -0.75517461 -0.36458774 -0.54478168
vn -0.77274316 -0.05260294 -0.63253533
vn -0.78058390 -0.03469928 -0.62408713
vn -0.72901427 -0.04800094 -0.68281337
vn -0.72611771 -0.03620088 -0.68661675
vn -0.12340478 0.02880111 0.99193838
vn -0.29189558 0.02249966 0.95618551
vn -0.23899631 -0.00829987 0.97098500
vn -0.12509692 -0.01169971 0.99207554
vn -0.33489343 -0.58898844 0.73548556
vn -0.47271861 -0.58262294 0.66112603
vn -0.19420079 -0.66440269 0.72170293
vn -0.19780677 -0.62442137 0.75562586
vn -0.18600453 0.63211541 0.75221834
vn -0.46809229 0.55619084 0.68668869
vn -0.32558816 0.55487982 0.76557216
vn -0.18140769 0.58722489 0.78883343
vn -0.24520590 0.05110123 0.96812330
vn -0.28520795 -0.02140060 0.95822672
vn -0.11600531 -0.00250011 0.99324545
vn -0.12300269 0.06730147 0.99012163
vn -0.99739738 0.00030000 0.07209981
vn -0.99883649 0.04820176 0.00150005
vn -0.90469701 0.27359910 -0.32659892
vn -0.99979513 0.01929991 -0.00609997
vn -0.90917416 -0.24379307 -0.33759041
vn -0.99934348 -0.03320144 -0.01450063
vn -0.99709839 -0.07609988 0.00190000
vn -0.99827477 0.00139996 0.05869852
vn -0.79094247 0.00840045 -0.61183285
vn -0.81478960 0.01749978 -0.57949260
vn -0.45298546 -0.04519855 0.89037142
vn -0.22299465 -0.01669960 0.97467662
vn -0.97239665 -0.03429988 -0.23079920
vn -0.62580035 -0.63940035 -0.44670025
vn -0.65828725 -0.45049127 -0.60308832
vn -0.39219045 -0.90147805 -0.18309554
vn -0.17640358 -0.68731395 0.70461430
vn -0.26698533 -0.57176859 0.77575738
vn -0.60162169 -0.79862880 0.01560056
vn -0.65841326 -0.45040907 -0.60301214
vn -0.62584036 -0.63934123 -0.44672881
vn -0.26700060 -0.57170128 0.77580173
vn -0.17640358 -0.68731395 0.70461430
vn -0.60162075 -0.79862755 0.01570054
vn -0.72348824 0.01849970 -0.69008878
vn -0.76682391 0.02860089 -0.64121999
vn -0.37248548 0.91706426 -0.14229445
vn -0.29198705 0.02249900 0.95615760
vn -0.12340478 0.02880111 0.99193838
vn -0.99883649 0.04820176 0.00150005
vn -0.76677474 0.02859906 -0.64127887
vn -0.72348824 0.01849970 -0.69008878
vn -0.72442164 0.00710021 -0.68932059
vn -0.77551198 0.00540008 -0.63130975
vn -0.69166770 0.48987713 -0.53067522
vn -0.74945088 0.39277426 -0.53296507
vn -0.67942072 0.47901461 -0.55581695
vn -0.69498051 0.48018654 -0.53518499
vn -0.70257681 -0.45698492 -0.54548200
vn -0.70478254 -0.44748892 -0.55048636
vn -0.68972633 -0.44661705 -0.56992175
vn -0.75517461 -0.36458774 -0.54478168
vn -0.77274316 -0.05260294 -0.63253533
vn -0.78058390 -0.03469928 -0.62408713
vn -0.72901427 -0.04800094 -0.68281337
vn -0.72611771 -0.03620088 -0.68661675
vn -0.12340478 0.02880111 0.99193838
vn -0.29198705 0.02249900 0.95615760
vn -0.23909059 -0.00829967 0.97096179
vn -0.12509677 -0.01179970 0.99207438
vn -0.33489343 -0.58898844 0.73548556
vn -0.47271861 -0.58262294 0.66112603
vn -0.19420079 -0.66440269 0.72170293
vn -0.19780677 -0.62442137 0.75562586
vn -0.18600453 0.63211541 0.75221834
vn -0.46809229 0.55619084 0.68668869
vn -0.32558816 0.55487982 0.76557216
vn -0.18139704 0.58729040 0.78878711
vn -0.24520590 0.05110123 0.96812330
vn -0.28520795 -0.02140060 0.95822672
vn -0.11600531 -0.00250011 0.99324545
vn -0.12300269 0.06730147 0.99012163
vn -0.99739738 0.00030000 0.07209981
vn -0.99883649 0.04820176 0.00150005
vn -0.90469701 0.27359910 -0.32659892
vn -0.99979513 0.01929991 -0.00609997
vn -0.90919632 -0.24369901 -0.33759863
vn -0.99934348 -0.03320144 -0.01450063
vn -0.99709839 -0.07609988 0.00190000
vn -0.99827477 0.00139996 0.05869852
vn -0.79094247 0.00840045 -0.61183285
vn -0.81478960 0.01749978 -0.57949260
vn -0.45298546 -0.04519855 0.89037142
vn -0.22299465 -0.01669960 0.97467662
vn -0.97239665 -0.03429988 -0.23079920
vn -0.62580035 -0.63940035 -0.44670025
vn -0.65828725 -0.45049127 -0.60308832
vn -0.39219045 -0.90147805 -0.18309554
vn -0.17640358 -0.68731395 0.70461430
vn -0.26698533 -0.57176859 0.77575738
vn -0.60162169 -0.79862880 0.01560056
vn -0.65832695 -0.45051844 -0.60302468
vn -0.62580035 -0.63940035 -0.44670025
vn -0.26700060 -0.57170128 0.77580173
vn -0.17640358 -0.68731395 0.70461430
vn -0.60162169 -0.79862880 0.01560056
vn -0.72348824 0.01849970 -0.69008878
vn -0.76682391 0.02860089 -0.64121999
vn -0.37248548 0.91706426 -0.14229445
vn -0.29198705 0.02249900 0.95615760
vn -0.12340478 0.02880111 0.99193838
vn -0.99883649 0.04820176 0.00150005
vn -0.76677474 0.02859906 -0.64127887
vn -0.72348824 0.01849970 -0.69008878
vn -0.72442164 0.00710021 -0.68932059
vn -0.77551198 0.00540008 -0.63130975
vn -0.69166770 0.48987713 -0.53067522
vn -0.74945088 0.39277426 -0.53296507
vn -0.67942072 0.47901461 -0.55581695
vn -0.69498051 0.48018654 -0.53518499
vn -0.70257681 -0.45698492 -0.54548200
vn -0.70478254 -0.44748892 -0.55048636
vn -0.68972633 -0.44661705 -0.56992175
vn -0.75517461 -0.36458774 -0.54478168
vn -0.77274316 -0.05260294 -0.63253533
vn -0.78058390 -0.03469928 -0.62408713
vn -0.72901427 -0.04800094 -0.68281337
vn -0.72611771 -0.03620088 -0.68661675
vn -0.12340478 0.02880111 0.99193838
vn -0.29198705 0.02249900 0.95615760
vn -0.23909059 -0.00829967 0.97096179
vn -0.12509677 -0.01179970 0.99207438
vn -0.33489343 -0.58898844 0.73548556
vn -0.47271861 -0.58262294 0.66112603
vn -0.19420079 -0.66440269 0.72170293
vn -0.19780677 -0.62442137 0.75562586
vn -0.18599278 0.63217545 0.75217079
vn -0.46809229 0.55619084 0.68668869
vn -0.32561309 0.55492230 0.76553077
vn -0.18139704 0.58729040 0.78878711
vn -0.24520590 0.05110123 0.96812330
vn -0.28520795 -0.02140060 0.95822672
vn -0.11600531 -0.00250011 0.99324545
vn -0.12300269 0.06730147 0.99012163
vn -0.99739738 0.00030000 0.07209981
vn -0.99883649 0.04820176 0.00150005
vn -0.90469701 0.27359910 -0.32659892
vn -0.99979513 0.01929991 -0.00609997
vn -0.90917416 -0.24379307 -0.33759041
vn -0.99934348 -0.03320144 -0.01450063
vn -0.99709839 -0.07609988 0.00190000
vn -0.99827477 0.00139996 0.05869852
vn -0.79094247 0.00840045 -0.61183285
vn -0.81478960 0.01749978 -0.57949260
vn -0.45298546 -0.04519855 0.89037142
vn -0.22299465 -0.01669960 0.97467662
vn -0.97239665 -0.03429988 -0.23079920
vn -0.62580035 -0.63940035 -0.44670025
vn -0.65828725 -0.45049127 -0.60308832
vn -0.39219045 -0.90147805 -0.18309554
vn -0.17640358 -0.68731395 0.70461430
vn -0.26710436 -0.57190933 0.77561265
vn -0.60162169 -0.79862880 0.01560056
vn -0.65841326 -0.45040907 -0.60301214
vn -0.62580035 -0.63940035 -0.44670025
vn -0.26710436 -0.57190933 0.77561265
vn -0.17640358 -0.68731395 0.70461430
vn -0.60162169 -0.79862880 0.01560056
vn -0.72348824 0.01849970 -0.69008878
vn -0.76682391 0.02860089 -0.64121999
vn -0.37248548 0.91706426 -0.14229445
vn -0.29198705 0.02249900 0.95615760
vn -0.12340478 0.02880111 0.99193838
vn -0.99883649 0.04820176 0.00150005
vn -0.76677474 0.02859906 -0.64127887
vn -0.72348824 0.01849970 -0.69008878
vn -0.72442164 0.00710021 -0.68932059
vn -0.77551198 0.00540008 -0.63130975
vn -0.69166770 0.48987713 -0.53067522
vn -0.74931273 0.39270667 -0.53320906
vn -0.67942072 0.47901461 -0.55581695
vn -0.69498051 0.48018654 -0.53518499
vn -0.70257681 -0.45698492 -0.54548200
vn -0.70478254 -0.44748892 -0.55048636
vn -0.68977024 -0.44648074 -0.56997541
vn -0.75517461 -0.36458774 -0.54478168
vn -0.77274316 -0.05260294 -0.63253533
vn -0.78058390 -0.03469928 -0.62408713
vn -0.72901427 -0.04800094 -0.68281337
vn -0.72611771 -0.03620088 -0.68661675
vn -0.12340478 0.02880111 0.99193838
vn -0.29198705 0.02249900 0.95615760
vn -0.23899631 -0.00829987 0.97098500
vn -0.12509692 -0.01169971 0.99207554
vn -0.33489343 -0.58898844 0.73548556
vn -0.47271861 -0.58262294 0.66112603
vn -0.19420079 -0.66440269 0.72170293
vn -0.19780677 -0.62442137 0.75562586
vn -0.18600453 0.63211541 0.75221834
vn -0.46809229 0.55619084 0.68668869
vn -0.32561309 0.55492230 0.76553077
vn -0.18139704 0.58729040 0.78878711
vn -0.24520590 0.05110123 0.96812330
vn -0.28520795 -0.02140060 0.95822672
vn -0.11600531 -0.00250011 0.99324545
vn -0.12300269 0.06730147 0.99012163
vn -0.99739738 0.00030000 0.07209981
vn -0.99883649 0.04820176 0.00150005
vn -0.90469701 0.27359910 -0.32659892
vn -0.99979320 0.01939987 -0.00609996
vn -0.90917416 -0.24379307 -0.33759041
vn -0.99934348 -0.03320144 -0.01450063
vn -0.99709839 -0.07609988 0.00190000
vn -0.99827477 0.00139996 0.05869852
vn -0.79094247 0.00840045 -0.61183285
vn -0.81478960 0.01749978 -0.57949260
vn -0.45298546 -0.04519855 0.89037142
vn -0.22299465 -0.01669960 0.97467662
vn -0.97239665 -0.03429988 -0.23079920
vn -0.62580035 -0.63940035 -0.44670025
vn -0.65828725 -0.45049127 -0.60308832
vn -0.39219045 -0.90147805 -0.18309554
vn -0.17650047 -0.68730182 0.70460187
vn -0.26710436 -0.57190933 0.77561265
vn -0.60162169 -0.79862880 0.01560056
vn -0.65832695 -0.45051844 -0.60302468
vn -0.62580035 -0.63940035 -0.44670025
vn -0.26710436 -0.57190933 0.77561265
vn -0.17640358 -0.68731395 0.70461430
vn -0.60162075 -0.79862755 0.01570054
vn -0.72348824 0.01849970 -0.69008878
vn -0.76682391 0.02860089 -0.64121999
vn -0.37248548 0.91706426 -0.14229445
vn -0.29198705 0.02249900 0.95615760
vn -0.12340478 0.02880111 0.99193838
vn -0.99883649 0.04820176 0.00150005
vn 0.76677474 0.02859906 -0.64127887
vn 0.77551198 0.00540008 -0.63130975
vn 0.72442112 0.00720021 -0.68932010
vn 0.72348824 0.01849970 -0.69008878
vn 0.69166770 0.48987713 -0.53067522
vn 0.69498051 0.48018654 -0.53518499
vn 0.67942072 0.47901461 -0.55581695
vn 0.74945088 0.39277426 -0.53296507
vn 0.70257681 -0.45698492 -0.54548200
vn 0.75517461 -0.36458774 -0.54478168
vn 0.68971782 -0.44651153 -0.57001472
vn 0.70478254 -0.44748892 -0.55048636
vn 0.77274316 -0.05260294 -0.63253533
vn 0.72611771 -0.03620088 -0.68661675
vn 0.72901427 -0.04800094 -0.68281337
vn 0.78058390 -0.03469928 -0.62408713
vn 0.12340478 0.02880111 0.99193838
vn 0.12509692 -0.01169971 0.99207554
vn 0.23909059 -0.00829967 0.97096179
vn 0.29189558 0.02249966 0.95618551
vn 0.33489343 -0.58898844 0.73548556
vn 0.19780677 -0.62442137 0.75562586
vn 0.19339000 -0.66446564 0.72186267
vn 0.47269107 -0.58268899 0.66108751
vn 0.18600453 0.63211541 0.75221834
vn 0.18139704 0.58729040 0.78878711
vn 0.32561309 0.55492230 0.76553077
vn 0.46809229 0.55619084 0.68668869
vn 0.24529989 0.05109998 0.96809956
vn 0.12300269 0.06730147 0.99012163
vn 0.11600531 -0.00250011 0.99324545
vn 0.28520795 -0.02140060 0.95822672
vn 0.99739738 0.00030000 0.07209981
vn 0.99883649 0.04820176 0.00150005
vn 0.90469701 0.27359910 -0.32659892
vn 0.99979513 0.01929991 -0.00609997
vn 0.90919632 -0.24369901 -0.33759863
vn 0.99934348 -0.03320144 -0.01450063
vn 0.99709839 -0.07609988 0.00190000
vn 0.99827477 0.00139996 0.05869852
vn 0.79094247 0.00840045 -0.61183285
vn 0.81478960 0.01749978 -0.57949260
vn 0.45298546 -0.04519855 0.89037142
vn 0.22299465 -0.01669960 0.97467662
vn 0.97239665 -0.03429988 -0.23079920
vn 0.62584036 -0.63934123 -0.44672881
vn 0.39219045 -0.90147805 -0.18309554
vn 0.65828725 -0.45049127 -0.60308832
vn 0.17640358 -0.68731395 0.70461430
vn 0.26710436 -0.57190933 0.77561265
vn 0.60162169 -0.79862880 0.01560056
vn 0.62584036 -0.63934123 -0.44672881
vn 0.65832695 -0.45051844 -0.60302468
vn 0.17640358 -0.68731395 0.70461430
vn 0.26710436 -0.57190933 0.77561265
vn 0.60162169 -0.79862880 0.01560056
vn 0.72348824 0.01849970 -0.69008878
vn 0.37248548 0.91706426 -0.14229445
vn 0.76682391 0.02860089 -0.64121999
vn 0.29198705 0.02249900 0.95615760
vn 0.12340478 0.02880111 0.99193838
vn 0.99883649 0.04820176 0.00150005
vn 0.76677474 0.02859906 -0.64127887
vn 0.77551198 0.00540008 -0.63130975
vn 0.72442164 0.00710021 -0.68932059
vn 0.72348824 0.01849970 -0.69008878
vn 0.69166770 0.48987713 -0.53067522
vn 0.69501388 0.48010959 -0.53521069
vn 0.67942072 0.47901461 -0.55581695
vn 0.74945088 0.39277426 -0.53296507
vn 0.70257681 -0.45698492 -0.54548200
vn 0.75517461 -0.36458774 -0.54478168
vn 0.68971782 -0.44651153 -0.57001472
vn 0.70478254 -0.44748892 -0.55048636
vn 0.77274316 -0.05260294 -0.63253533
vn 0.72611771 -0.03620088 -0.68661675
vn 0.72901427 -0.04800094 -0.68281337
vn 0.78058390 -0.03469928 -0.62408713
vn 0.12340478 0.02880111 0.99193838
vn 0.12509692 -0.01169971 0.99207554
vn 0.23909059 -0.00829967 0.97096179
vn 0.29198705 0.02249900 0.95615760
vn 0.33489343 -0.58898844 0.73548556
vn 0.19780677 -0.62442137 0.75562586
vn 0.19339000 -0.66446564 0.72186267
vn 0.47269107 -0.58268899 0.66108751
vn 0.18599278 0.63217545 0.75217079
vn 0.18139704 0.58729040 0.78878711
vn 0.32558816 0.55487982 0.76557216
vn 0.46809229 0.55619084 0.68668869
vn 0.24529989 0.05109998 0.96809956
vn 0.12300269 0.06730147 0.99012163
vn 0.11600531 -0.00250011 0.99324545
vn 0.28520795 -0.02140060 0.95822672
vn 0.99739738 0.00030000 0.07209981
vn 0.99883649 0.04820176 0.00150005
vn 0.90469701 0.27359910 -0.32659892
vn 0.99979513 0.01929991 -0.00609997
vn 0.90919632 -0.24369901 -0.33759863
vn 0.99934348 -0.03320144 -0.01450063
vn 0.99709839 -0.07609988 0.00190000
vn 0.99827477 0.00139996 0.05869852
vn 0.79094247 0.00840045 -0.61183285
vn 0.81478960 0.01749978 -0.57949260
vn 0.45298546 -0.04519855 0.89037142
vn 0.22299465 -0.01669960 0.97467662
vn 0.97239665 -0.03429988 -0.23079920
vn 0.62580035 -0.63940035 -0.44670025
vn 0.39219045 -0.90147805 -0.18309554
vn 0.65828725 -0.45049127 -0.60308832
vn 0.17640358 -0.68731395 0.70461430
vn 0.26710436 -0.57190933 0.77561265
vn 0.60162169 -0.79862880 0.01560056
vn 0.62580035 -0.63940035 -0.44670025
vn 0.65832695 -0.45051844 -0.60302468
vn 0.17640358 -0.68731395 0.70461430
vn 0.26710436 -0.57190933 0.77561265
vn 0.60162169 -0.79862880 0.01560056
vn 0.72348824 0.01849970 -0.69008878
vn 0.37248548 0.91706426 -0.14229445
vn 0.76682391 0.02860089 -0.64121999
vn 0.29198705 0.02249900 0.95615760
vn 0.12340478 0.02880111 0.99193838
vn 0.99883649 0.04820176 0.00150005
vn 0.76677474 0.02859906 -0.64127887
vn 0.77551198 0.00540008 -0.63130975
vn 0.72442164 0.00710021 -0.68932059
vn 0.72348824 0.01849970 -0.69008878
vn 0.69166770 0.48987713 -0.53067522
vn 0.69498051 0.48018654 -0.53518499
vn 0.67942072 0.47901461 -0.55581695
vn 0.74945088 0.39277426 -0.53296507
vn 0.70257681 -0.45698492 -0.54548200
vn 0.75517461 -0.36458774 -0.54478168
vn 0.68972633 -0.44661705 -0.56992175
vn 0.70478254 -0.44748892 -0.55048636
vn 0.77274316 -0.05260294 -0.63253533
vn 0.72611771 -0.03620088 -0.68661675
vn 0.72901427 -0.04800094 -0.68281337
vn 0.78058390 -0.03469928 -0.62408713
vn 0.12340478 0.02880111 0.99193838
vn 0.12509677 -0.01179970 0.99207438
vn 0.23909059 -0.00829967 0.97096179
vn 0.29198705 0.02249900 0.95615760
vn 0.33489343 -0.58898844 0.73548556
vn 0.19780677 -0.62442137 0.75562586
vn 0.19340396 -0.66451361 0.72181478
vn 0.47269107 -0.58268899 0.66108751
vn 0.18600453 0.63211541 0.75221834
vn 0.18139704 0.58729040 0.78878711
vn 0.32561309 0.55492230 0.76553077
vn 0.46809229 0.55619084 0.68668869
vn 0.24529989 0.05109998 0.96809956
vn 0.12300269 0.06730147 0.99012163
vn 0.11600531 -0.00250011 0.99324545
vn 0.28520795 -0.02140060 0.95822672
vn 0.99739738 0.00030000 0.07209981
vn 0.99883649 0.04820176 0.00150005
vn 0.90469701 0.27359910 -0.32659892
vn 0.99979513 0.01929991 -0.00609997
vn 0.90919632 -0.24369901 -0.33759863
vn 0.99934348 -0.03320144 -0.01450063
vn 0.99709839 -0.07609988 0.00190000
vn 0.99827477 0.00139996 0.05869852
vn 0.79094247 0.00840045 -0.61183285
vn 0.81478817 0.01759974 -0.57949158
vn 0.45298546 -0.04519855 0.89037142
vn 0.22299465 -0.01669960 0.97467662
vn 0.97239665 -0.03429988 -0.23079920
vn 0.62580035 -0.63940035 -0.44670025
vn 0.39219045 -0.90147805 -0.18309554
vn 0.65828725 -0.45049127 -0.60308832
vn 0.17640358 -0.68731395 0.70461430
vn 0.26698533 -0.57176859 0.77575738
vn 0.60162169 -0.79862880 0.01560056
vn 0.62580035 -0.63940035 -0.44670025
vn 0.65832695 -0.45051844 -0.60302468
vn 0.17640358 -0.68731395 0.70461430
vn 0.26700060 -0.57170128 0.77580173
vn 0.60162075 -0.79862755 0.01570054
vn 0.72348824 0.01849970 -0.69008878
vn 0.37248548 0.91706426 -0.14229445
vn 0.76682391 0.02860089 -0.64121999
vn 0.29198705 0.02249900 0.95615760
vn 0.12340478 0.02880111 0.99193838
vn 0.99883649 0.04820176 0.00150005
vn 0.76677474 0.02859906 -0.64127887
vn 0.77551198 0.00540008 -0.63130975
vn 0.72442164 0.00710021 -0.68932059
vn 0.72348824 0.01849970 -0.69008878
vn 0.69166770 0.48987713 -0.53067522
vn 0.69498051 0.48018654 -0.53518499
vn 0.67942072 0.47901461 -0.55581695
vn 0.74945088 0.39277426 -0.53296507
vn 0.70257681 -0.45698492 -0.54548200
vn 0.75517461 -0.36458774 -0.54478168
vn 0.68977024 -0.44648074 -0.56997541
vn 0.70478254 -0.44748892 -0.55048636
vn 0.77274316 -0.05260294 -0.63253533
vn 0.72611771 -0.03620088 -0.68661675
vn 0.72901427 -0.04800094 -0.68281337
vn 0.78058390 -0.03469928 -0.62408713
vn 0.12340478 0.02880111 0.99193838
vn 0.12509692 -0.01169971 0.99207554
vn 0.23899631 -0.00829987 0.97098500
vn 0.29198705 0.02249900 0.95615760
vn 0.33489343 -0.58898844 0.73548556
vn 0.19780677 -0.62442137 0.75562586
vn 0.19340396 -0.66451361 0.72181478
vn 0.47269107 -0.58268899 0.66108751
vn 0.18600453 0.63211541 0.75221834
vn 0.18139704 0.58729040 0.78878711
vn 0.32561309 0.55492230 0.76553077
vn 0.46809229 0.55619084 0.68668869
vn 0.24529989 0.05109998 0.96809956
vn 0.12300269 0.06730147 0.99012163
vn 0.11600531 -0.00250011 0.99324545
vn 0.28520795 -0.02140060 0.95822672
vn 0.99739738 0.00030000 0.07209981
vn 0.99883649 0.04820176 0.00150005
vn 0.90469701 0.27359910 -0.32659892
vn 0.99979320 0.01939987 -0.00609996
vn 0.90919632 -0.24369901 -0.33759863
vn 0.99934348 -0.03320144 -0.01450063
vn 0.99709839 -0.07609988 0.00190000
vn 0.99827477 0.00139996 0.05869852
vn 0.79094247 0.00840045 -0.61183285
vn 0.81478960 0.01749978 -0.57949260
vn 0.45298546 -0.04519855 0.89037142
vn 0.22299465 -0.01669960 0.97467662
vn 0.97239665 -0.03429988 -0.23079920
vn 0.62580035 -0.63940035 -0.44670025
vn 0.39219045 -0.90147805 -0.18309554
vn 0.65828725 -0.45049127 -0.60308832
vn 0.17640358 -0.68731395 0.70461430
vn 0.26698533 -0.57176859 0.77575738
vn 0.60162169 -0.79862880 0.01560056
vn 0.62580035 -0.63940035 -0.44670025
vn 0.65832695 -0.45051844 -0.60302468
vn 0.17640358 -0.68731395 0.70461430
vn 0.26700060 -0.57170128 0.77580173
vn 0.60162169 -0.79862880 0.01560056
vn 0.72348824 0.01849970 -0.69008878
vn 0.37248548 0.91706426 -0.14229445
vn 0.76682391 0.02860089 -0.64121999
vn 0.29198705 0.02249900 0.95615760
vn 0.12340478 0.02880111 0.99193838
vn 0.99883649 0.04820176 0.00150005
vn 0.76677474 0.02859906 -0.64127887
vn 0.77551198 0.00540008 -0.63130975
vn 0.72442164 0.00710021 -0.68932059
vn 0.72348824 0.01849970 -0.69008878
vn 0.69166770 0.48987713 -0.53067522
vn 0.69498051 0.48018654 -0.53518499
vn 0.67942072 0.47901461 -0.55581695
vn 0.74945088 0.39277426 -0.53296507
vn 0.70257681 -0.45698492 -0.54548200
vn 0.75517461 -0.36458774 -0.54478168
vn 0.68972633 -0.44661705 -0.56992175
vn 0.70478254 -0.44748892 -0.55048636
vn 0.77274316 -0.05260294 -0.63253533
vn 0.72611771 -0.03620088 -0.68661675
vn 0.72901427 -0.04800094 -0.68281337
vn 0.78058390 -0.03469928 -0.62408713
vn 0.12340478 0.02880111 0.99193838
vn 0.12509692 -0.01169971 0.99207554
vn 0.23899631 -0.00829987 0.97098500
vn 0.29189558 0.02249966 0.95618551
vn 0.33489343 -0.58898844 0.73548556
vn 0.19780677 -0.62442137 0.75562586
vn 0.19339000 -0.66446564 0.72186267
vn 0.47269107 -0.58268899 0.66108751
vn 0.18600453 0.63211541 0.75221834
vn 0.18139704 0.58729040 0.78878711
vn 0.32561309 0.55492230 0.76553077
vn 0.46809229 0.55619084 0.68668869
vn 0.24520590 0.05110123 0.96812330
vn 0.12300269 0.06730147 0.99012163
vn 0.11600531 -0.00250011 0.99324545
vn 0.28520795 -0.02140060 0.95822672
vn 0.99739738 0.00030000 0.07209981
vn 0.99883649 0.04820176 0.00150005
vn 0.90469701 0.27359910 -0.32659892
vn 0.99979513 0.01929991 -0.00609997
vn 0.90919632 -0.24369901 -0.33759863
vn 0.99934348 -0.03320144 -0.01450063
vn 0.99709839 -0.07609988 0.00190000
vn 0.99827477 0.00139996 0.05869852
vn 0.79094247 0.00840045 -0.61183285
vn 0.81478960 0.01749978 -0.57949260
vn 0.45298546 -0.04519855 0.89037142
vn 0.22299465 -0.01669960 0.97467662
vn 0.97239665 -0.03429988 -0.23079920
vn 0.62580035 -0.63940035 -0.44670025
vn 0.39219045 -0.90147805 -0.18309554
vn 0.65828725 -0.45049127 -0.60308832
vn 0.17640358 -0.68731395 0.70461430
vn 0.26698533 -0.57176859 0.77575738
vn 0.60162169 -0.79862880 0.01560056
vn 0.62580035 -0.63940035 -0.44670025
vn 0.65841326 -0.45040907 -0.60301214
vn 0.17640358 -0.68731395 0.70461430
vn 0.26700060 -0.57170128 0.77580173
vn 0.60162169 -0.79862880 0.01560056
vn 0.72348824 0.01849970 -0.69008878
vn 0.37248548 0.91706426 -0.14229445
vn 0.76682391 0.02860089 -0.64121999
vn 0.29198705 0.02249900 0.95615760
vn 0.12340478 0.02880111 0.99193838
vn 0.99883649 0.04820176 0.00150005
vn 0.00000000 -1.00000000 0.00000000
vn 0.00000000 -1.00000000 0.00000000
vn 0.08349787 -0.99597460 0.03259917
vn 0.11499599 -0.99336535 0.00109996
vn 0.00000000 -1.00000000 0.00000000
vn 0.05609918 -0.99678540 0.05719916
vn 0.00000000 -1.00000000 0.00000000
vn 0.03130050 -0.99601597 0.08350134
vn 0.00000000 -1.00000000 0.00000000
vn 0.00080001 -0.99341125 0.11460130
vn -0.00070002 -0.99343407 0.11440392
vn 0.00000000 -0.99143454 0.13060455
vn 0.00000000 -1.00000000 0.00000000
vn 0.00000000 -1.00000000 0.00000000
vn 0.00000000 -1.00000000 0.00000000
vn 0.00000000 -1.00000000 0.00000000
vn 0.03259998 -0.99599950 -0.08319996
vn 0.00080003 -0.99334144 -0.11520481
vn 0.00000000 -1.00000000 0.00000000
vn 0.05720044 -0.99680769 -0.05570043
vn 0.00000000 -1.00000000 0.00000000
vn 0.08360064 -0.99600764 -0.03130024
vn 0.00000000 -1.00000000 0.00000000
vn 0.11370167 -0.99351461 -0.00080001
vn 0.00000000 -1.00000000 0.00000000
vn 0.13080114 -0.99140863 0.00000000
vn 0.90820607 -0.26320176 0.32540217
vn 0.67940628 -0.26170242 0.68550634
vn 0.05610192 -0.99563399 0.07460255
vn 0.95098345 -0.30919462 0.00539991
vn 0.31851150 -0.28061013 0.90543270
vn 0.00359997 -0.33589708 0.94189181
vn 0.05610192 -0.99563399 0.07460255
vn 0.67940628 -0.26170242 0.68550634
vn -0.00359997 -0.33589708 0.94189181
vn -0.05610192 -0.99563399 0.07460255
vn 0.00000000 -0.99560980 0.09360092
vn 0.00000000 -0.34859072 0.93727505
vn 0.32489074 -0.25339278 -0.91117403
vn 0.68868776 -0.24169571 -0.68358785
vn 0.05479955 -0.99569175 -0.07479938
vn 0.00380019 -0.30871523 -0.95114692
vn 0.91226425 -0.25419004 -0.32118741
vn 0.95150090 -0.30760029 -0.00530001
vn 0.05469985 -0.99569720 -0.07479979
vn 0.68868776 -0.24169571 -0.68358785
vn 0.94657264 -0.32249068 0.00000000
vn 0.06890162 -0.99762346 0.00000000
vn 0.95098396 -0.30919479 0.00529991
vn 0.90820607 -0.26320176 0.32540217
vn 0.67940628 -0.26170242 0.68550634
vn 0.31851150 -0.28061013 0.90543270
vn 0.00359997 -0.33589708 0.94189181
vn 0.00000000 -0.34867856 0.93724237
vn 0.00380019 -0.30871523 -0.95114692
vn 0.32489074 -0.25339278 -0.91117403
vn 0.68870440 -0.24160155 -0.68360437
vn 0.91226425 -0.25419004 -0.32118741
vn 0.95150039 -0.30760013 -0.00540000
vn 0.94657264 -0.32249068 0.00000000
vn 0.00000000 -0.99144749 -0.13050625
vn 0.00000000 -1.00000000 0.00000000
vn 0.00000000 -0.99559114 -0.09379917
vn 0.00000000 -1.00000000 0.00000000
vn -0.06890162 -0.99762346 0.00000000
vn -0.05469985 -0.99569720 -0.07479979
vn 0.00000000 -1.00000000 0.00000000
vn -0.11520477 -0.99334115 0.00110005
vn -0.08349787 -0.99597460 0.03259917
vn 0.00000000 -1.00000000 0.00000000
vn -0.05609918 -0.99678540 0.05719916
vn 0.00000000 -1.00000000 0.00000000
vn -0.03130050 -0.99601597 0.08350134
vn 0.00000000 -1.00000000 0.00000000
vn 0.00000000 -1.00000000 0.00000000
vn -0.00069997 -0.99326117 -0.11589547
vn -0.03259998 -0.99599950 -0.08319996
vn 0.00000000 -1.00000000 0.00000000
vn -0.05720044 -0.99680769 -0.05570043
vn 0.00000000 -1.00000000 0.00000000
vn -0.08360064 -0.99600764 -0.03130024
vn 0.00000000 -1.00000000 0.00000000
vn -0.11370167 -0.99351461 -0.00080001
vn 0.00000000 -1.00000000 0.00000000
vn -0.13070285 -0.99142159 0.00000000
vn 0.00000000 -1.00000000 0.00000000
vn -0.90820607 -0.26320176 0.32540217
vn -0.95098345 -0.30919462 0.00539991
vn -0.05610192 -0.99563399 0.07460255
vn -0.67940628 -0.26170242 0.68550634
vn -0.31851150 -0.28061013 0.90543270
vn -0.67940628 -0.26170242 0.68550634
vn -0.32489074 -0.25339278 -0.91117403
vn -0.00380019 -0.30871523 -0.95114692
vn -0.05479955 -0.99569175 -0.07479938
vn -0.68868776 -0.24169571 -0.68358785
vn -0.91224747 -0.25421323 -0.32121672
vn -0.68870440 -0.24160155 -0.68360437
vn -0.05469985 -0.99569720 -0.07479979
vn -0.95150090 -0.30760029 -0.00530001
vn -0.06890162 -0.99762346 0.00000000
vn -0.94663368 -0.32231147 0.00000000
vn -0.95098396 -0.30919479 0.00529991
vn -0.90820607 -0.26320176 0.32540217
vn -0.67940628 -0.26170242 0.68550634
vn -0.31851150 -0.28061013 0.90543270
vn -0.00359997 -0.33589708 0.94189181
vn -0.00380019 -0.30871523 -0.95114692
vn -0.32489074 -0.25339278 -0.91117403
vn -0.68870440 -0.24160155 -0.68360437
vn -0.91226425 -0.25419004 -0.32118741
vn -0.95150090 -0.30760029 -0.00530001
vn -0.94663368 -0.32231147 0.00000000
vn 0.00000000 -0.99559114 -0.09379917
vn 0.00000000 -0.32240108 -0.94660316
vn 0.00000000 -0.32240108 -0.94660316
vn 0.84777792 -0.19779485 -0.49208718
vn 0.81527977 -0.33449170 -0.47268827
vn 0.79558840 -0.31909535 -0.51499249
vn 0.81068762 -0.21059678 -0.54629166
vn 0.81062273 -0.21000589 0.54661533
vn 0.79569835 -0.32009934 0.51419894
vn 0.81561851 -0.33320756 0.47301074
vn 0.84777792 -0.19779485 0.49208718
vn 0.00209992 -0.39128588 0.92026678
vn 0.32559592 -0.38429518 0.86388918
vn 0.32530073 -0.29260066 0.89920203
vn 0.00550002 -0.31280092 0.94980279
vn 0.01259993 -0.99989470 -0.00719996
vn 0.19929846 -0.97669245 -0.07969938
vn 0.01070043 -0.99994010 -0.00230009
vn 0.00000000 -1.00000000 0.00000000
vn 0.01090041 -0.99993794 0.00230009
vn 0.19759201 -0.97716050 0.07819684
vn 0.01269992 -0.99989343 0.00719995
vn 0.84777792 -0.19779485 -0.49208718
vn 0.91089353 -0.19659860 -0.36279742
vn 0.87830132 -0.32710049 -0.34870052
vn 0.81525250 -0.33458050 -0.47267246
vn 0.96156440 -0.19649272 -0.19179290
vn 0.92624559 -0.32861617 -0.18460909
vn 0.98050344 -0.19650069 -0.00070000
vn 0.94453426 -0.32841191 -0.00080003
vn 0.87910901 -0.32620334 0.34750356
vn 0.91135652 -0.19669062 0.36158275
vn 0.92658823 -0.32899582 0.18219769
vn 0.96184421 -0.19648860 0.19038896
vn 0.32431773 -0.38412100 -0.86444726
vn 0.00230008 -0.39441304 -0.91893039
vn 0.00000000 -0.30889839 -0.95109504
vn 0.33039639 -0.29029683 -0.89809018
vn 0.32530073 -0.29260066 0.89920203
vn 0.32550652 -0.38430770 0.86391730
vn 0.20860020 -0.97800092 -0.00040000
vn 0.15489352 -0.98305890 0.09799590
vn 0.00219997 -0.99998508 0.00499993
vn 0.00159998 -0.99998814 -0.00459995
vn 0.15540086 -0.98270543 -0.10070056
vn -0.00030000 -0.99990054 0.01410001
vn -0.00159998 -0.99998814 0.00459995
vn -0.00219997 -0.99998508 -0.00499993
vn 0.00030000 -0.99990054 -0.01410001
vn -0.79639654 -0.31819862 -0.51429777
vn -0.81514207 -0.33491729 -0.47262439
vn -0.84777792 -0.19779485 -0.49208718
vn -0.81068762 -0.21059678 -0.54629166
vn -0.81579409 -0.33279759 0.47299658
vn -0.79489855 -0.32079941 0.51499906
vn -0.81062273 -0.21000589 0.54661533
vn -0.84777792 -0.19779485 0.49208718
vn -0.01269992 -0.99989343 -0.00719995
vn -0.01090041 -0.99993794 -0.00230009
vn -0.19759201 -0.97716050 -0.07819684
vn -0.01259993 -0.99989470 0.00719996
vn -0.19929846 -0.97669245 0.07969938
vn -0.01070043 -0.99994010 0.00230009
vn -0.87887623 -0.32599118 -0.34829058
vn -0.91089353 -0.19659860 -0.36279742
vn -0.84777792 -0.19779485 -0.49208718
vn -0.81514207 -0.33491729 -0.47262439
vn -0.92617503 -0.32899113 -0.18429503
vn -0.96156440 -0.19649272 -0.19179290
vn -0.94453457 -0.32841202 0.00000000
vn -0.98050328 -0.19650066 -0.00090000
vn -0.91130662 -0.19670143 0.36170263
vn -0.87861459 -0.32710543 0.34790578
vn -0.96186251 -0.19649234 0.19029258
vn -0.92639346 -0.32859768 0.18389870
vn -0.33038680 -0.29038839 -0.89806411
vn -0.32920570 -0.38430665 -0.86251493
vn -0.32218520 -0.38588227 0.86446028
vn -0.32830979 -0.28820859 0.89952682
vn -0.32221305 -0.38591563 0.86443501
vn -0.32822056 -0.28821805 0.89955635
vn -0.20860020 -0.97800092 0.00040000
vn -0.15540086 -0.98270543 0.10070056
vn -0.15489352 -0.98305890 -0.09799590
vn 0.79558840 -0.31909535 -0.51499249
vn 0.47267825 -0.83746147 -0.27428738
vn 0.47841659 -0.82052845 -0.31281085
vn 0.48051577 -0.82032693 0.31011018
vn 0.47280773 -0.83751369 0.27390448
vn 0.32559592 -0.38429518 0.86388918
vn 0.00209992 -0.39128588 0.92026678
vn -0.00840008 -0.79670799 0.60430606
vn 0.21641265 -0.81274752 0.54093163
vn 0.47267825 -0.83746147 -0.27428738
vn 0.52280671 -0.82681061 -0.20750266
vn 0.54618500 -0.83047719 -0.10949699
vn 0.54599764 -0.83079641 0.10799953
vn 0.52389761 -0.82629622 0.20679905
vn 0.47280773 -0.83751369 0.27390448
vn 0.52280671 -0.82681061 -0.20750266
vn 0.54618500 -0.83047719 -0.10949699
vn 0.55797248 -0.82985907 -0.00079996
vn 0.52389761 -0.82629622 0.20679905
vn 0.54600354 -0.83080538 0.10790070
vn 0.19479712 -0.81848791 -0.54049202
vn 0.00840008 -0.79670799 -0.60430606
vn 0.47841659 -0.82052845 -0.31281085
vn 0.79569835 -0.32009934 0.51419894
vn 0.48051577 -0.82032693 0.31011018
vn 0.55797248 -0.82985907 -0.00079996
vn 0.19489332 -0.81847196 -0.54048149
vn 0.47841659 -0.82052845 -0.31281085
vn 0.00840008 -0.79670799 -0.60430606
vn -0.79643750 -0.31821498 -0.51422421
vn -0.48051577 -0.82032693 -0.31011018
vn -0.47280773 -0.83751369 -0.27390448
vn -0.47269121 -0.83748443 0.27419490
vn -0.47841659 -0.82052845 0.31281085
vn -0.54599764 -0.83079641 -0.10799953
vn -0.52389761 -0.82629622 -0.20679905
vn -0.47280773 -0.83751369 -0.27390448
vn -0.47267825 -0.83746147 0.27428738
vn -0.52280671 -0.82681061 0.20750266
vn -0.54618500 -0.83047719 0.10949699
vn -0.52389761 -0.82629622 -0.20679905
vn -0.54600354 -0.83080538 -0.10790070
vn -0.55797248 -0.82985907 0.00079996
vn -0.52280671 -0.82681061 0.20750266
vn -0.54618500 -0.83047719 0.10949699
vn -0.21640095 -0.81270356 -0.54100237
vn -0.48047636 -0.82035963 -0.31008474
vn -0.32221305 -0.38591563 0.86443501
vn -0.79489855 -0.32079941 0.51499906
vn -0.47841659 -0.82052845 0.31281085
vn -0.19479712 -0.81848791 0.54049202
vn -0.55797248 -0.82985907 0.00079996
vn -0.48051577 -0.82032693 -0.31011018
vn -0.21641265 -0.81274752 -0.54093163
vn 0.20550396 0.01640032 -0.97851886
vn -0.15770232 -0.04810071 -0.98631450
vn 0.94093902 -0.01950081 -0.33801402
vn 0.95584156 -0.06540284 -0.28651246
vn 0.64932599 0.04410177 0.75923039
vn 0.76320105 -0.03700005 0.64510089
vn 0.76320105 -0.03700005 0.64510089
vn 0.64932599 0.04410177 0.75923039
vn -0.38990125 0.05840019 0.91900295
vn -0.38129065 0.01199971 0.92437733
vn -0.38129065 0.01199971 0.92437733
vn -0.38990125 0.05840019 0.91900295
vn -0.99948656 -0.00529993 -0.03159957
vn -0.94335063 0.03130168 -0.33031773
vn -0.15770232 -0.04810071 -0.98631450
vn 0.20540818 0.01640065 -0.97853896
vn -0.19609474 -0.58458432 -0.78727888
vn -0.12459852 -0.60529283 -0.78619069
vn 0.78418843 -0.40689400 -0.46849309
vn 0.91125318 -0.23418797 -0.33878259
vn 0.91128404 -0.23419590 -0.33869407
vn 0.78415652 -0.40697744 -0.46847403
vn 0.80200186 0.37910088 0.46160107
vn 0.67560669 0.42940425 0.59930593
vn 0.67560669 0.42940425 0.59930593
vn 0.80200186 0.37910088 0.46160107
vn -0.47837583 0.57147113 0.66676631
vn -0.43019261 0.51749110 0.73968728
vn -0.43011111 0.51751336 0.73971910
vn -0.47829871 0.57149846 0.66679821
vn -0.93827293 -0.23999308 -0.24909281
vn -0.99762583 -0.02870074 -0.06260162
vn -0.12459852 -0.60529283 -0.78619069
vn -0.19599858 -0.58459578 -0.78729431
vn -0.15819961 0.65879838 -0.73549819
vn -0.17130735 0.61532642 -0.76943303
vn 0.92411762 0.22990438 -0.30520582
vn 0.81252253 0.40701129 -0.41731157
vn 0.81252253 0.40701129 -0.41731157
vn 0.92411762 0.22990438 -0.30520582
vn 0.69861022 -0.43260633 0.56990834
vn 0.78970280 -0.41600148 0.45090160
vn 0.78970280 -0.41600148 0.45090160
vn 0.69861022 -0.43260633 0.56990834
vn -0.42051868 -0.53912395 0.72973242
vn -0.52759991 -0.58569990 0.61529990
vn -0.52759991 -0.58569990 0.61529990
vn -0.42060100 -0.53910128 0.72970173
vn -0.99744608 0.03510162 -0.06220287
vn -0.95113640 0.22400857 -0.21250813
vn -0.17129417 0.61527907 -0.76947383
vn -0.15810090 0.65870373 -0.73560417
vn -0.18059706 0.01199980 -0.98348396
vn 0.28788805 -0.00269989 -0.95766026
vn 0.98083621 0.00940035 -0.19460719
vn 0.93791335 0.00670010 -0.34680494
vn 0.78640609 0.00250002 0.61770479
vn 0.63229134 -0.00799989 0.77468939
vn 0.63223132 -0.00800040 0.77473838
vn 0.78649282 0.00249998 0.61759436
vn -0.39729033 -0.00529987 0.91767767
vn -0.37768611 -0.01119959 0.92586596
vn -0.37768611 -0.01119959 0.92586596
vn -0.39729033 -0.00529987 0.91767767
vn -0.93138396 -0.00569990 -0.36399373
vn -0.99996232 0.00359986 -0.00789970
vn 0.28788805 -0.00269989 -0.95766026
vn -0.18059706 0.01199980 -0.98348396
vn -0.00629985 0.98197697 -0.18889557
vn 0.00609984 0.98147462 -0.19149505
vn -0.00069999 0.29729542 -0.95478529
vn 0.00070001 0.29720425 -0.95481367
vn 0.00229988 0.78885990 0.61456876
vn -0.00230004 0.79061386 0.61231073
vn -0.00210005 -0.40020932 0.91642135
vn 0.00230002 0.78890838 0.61450653
vn -0.00230004 0.79061386 0.61231073
vn 0.00230014 -0.40332396 0.91505436
vn -0.00230010 -0.92733885 -0.37421568
vn -0.00210005 -0.40020932 0.91642135
vn 0.00230004 -0.40340770 0.91501745
vn 0.00229998 -0.92839145 -0.37159658
vn 0.00100003 -0.27260706 -0.96212493
vn 0.00309987 0.94046150 -0.33988609
vn -0.00310009 0.93822587 -0.34600954
vn -0.00099996 -0.26568854 -0.96405840
vn -0.00099996 -0.26568854 -0.96405840
vn 0.07650225 -0.07780229 -0.99402928
vn 0.65619575 -0.65849574 -0.36849762
vn 0.00770028 -0.97843581 -0.20640755
vn 0.00760028 -0.97843656 -0.20640771
vn 0.65619575 -0.65849574 -0.36849762
vn 0.42690860 -0.42590858 0.79771607
vn 0.00310007 -0.80281931 0.59621434
vn 0.00300007 -0.80281956 0.59621452
vn 0.42690860 -0.42590858 0.79771607
vn -0.23289656 0.22969661 0.94498606
vn -0.00270000 0.37480061 0.92710151
vn -0.00269990 0.37488656 0.92706676
vn -0.23289656 0.22969661 0.94498606
vn -0.63977484 0.63937486 -0.42648323
vn -0.00310009 0.93822587 -0.34600954
vn -0.63977484 0.63937486 -0.42648323
vn 0.20540818 0.01640065 -0.97853896
vn 0.95584156 -0.06540284 -0.28651246
vn 0.65619575 -0.65849574 -0.36849762
vn 0.42690860 -0.42590858 0.79771607
vn -0.23290191 0.22960189 0.94500776
vn -0.63971577 0.63941576 -0.42651051
vn 0.07650225 -0.07780229 -0.99402928
vn 0.28788813 -0.00259989 -0.95766052
vn 0.09349687 0.09299689 -0.99126682
vn 0.66471984 0.66451984 -0.34141019
vn 0.98083621 0.00940035 -0.19460719
vn 0.66471984 0.66451984 -0.34141019
vn 0.41260531 0.41180530 0.81251046
vn 0.41260531 0.41180530 0.81251046
vn -0.24910960 -0.24930961 0.93583606
vn -0.24910960 -0.24930961 0.93583606
vn -0.62520903 -0.62620904 -0.46580673
vn -0.93141732 -0.00580011 -0.36390677
vn -0.62520903 -0.62620904 -0.46580673
vn -0.00069999 0.29729542 -0.95478529
vn 0.00609984 0.98147462 -0.19149505
vn 0.66471984 0.66451984 -0.34141019
vn 0.41252233 0.41182229 0.81254398
vn -0.24920339 -0.24930339 0.93581274
vn -0.62526993 -0.62616989 -0.46577760
vn -0.00230010 -0.92733885 -0.37421568
vn -0.12450008 -0.60530037 -0.78620048
vn -0.19339806 -0.19329806 -0.96189035
vn 0.88921399 -0.12170191 -0.44100694
vn 0.78415652 -0.40697744 -0.46847403
vn 0.88921399 -0.12170191 -0.44100694
vn 0.83699702 0.12559955 0.53259810
vn 0.83699702 0.12559955 0.53259810
vn -0.57670619 0.20540220 0.79070848
vn -0.57670619 0.20540220 0.79070848
vn -0.97853195 -0.07010229 -0.19380633
vn -0.19339806 -0.19329806 -0.96189035
vn -0.19339806 -0.19329806 -0.96189035
vn -0.19341036 0.30941657 -0.93104985
vn 0.88927783 0.17469564 -0.42268946
vn -0.19340437 0.30950699 -0.93102104
vn -0.15810211 0.65880880 -0.73550982
vn 0.81252253 0.40701129 -0.41731157
vn 0.88927783 0.17469564 -0.42268946
vn 0.83710247 -0.18970056 0.51310151
vn 0.83710247 -0.18970056 0.51310151
vn -0.57680270 -0.30050140 0.75960355
vn -0.57680270 -0.30050140 0.75960355
vn -0.97850668 0.09330064 -0.18390126
vn -0.19339235 0.30938776 -0.93106316
vn 0.91128404 -0.23419590 -0.33869407
vn 0.94094864 -0.01959893 -0.33798155
vn -0.15770232 -0.04810071 -0.98631450
vn -0.19609474 -0.58458432 -0.78727888
vn 0.93791397 0.00660010 -0.34680517
vn 0.92409637 0.22999910 -0.30519880
vn -0.17130735 0.61532642 -0.76943303
vn -0.18059706 0.01199980 -0.98348396
vn -0.20540818 0.01640065 -0.97853896
vn -0.95584156 -0.06540284 -0.28651246
vn -0.94093902 -0.01950081 -0.33801402
vn 0.15770232 -0.04810071 -0.98631450
vn -0.76320105 -0.03700005 0.64510089
vn -0.64932599 0.04410177 0.75923039
vn -0.76320105 -0.03700005 0.64510089
vn 0.38129065 0.01199971 0.92437733
vn 0.38990125 0.05840019 0.91900295
vn -0.64932599 0.04410177 0.75923039
vn 0.38129065 0.01199971 0.92437733
vn 0.94331946 0.03130065 -0.33040682
vn 0.99948339 -0.00529991 -0.03169947
vn 0.38990125 0.05840019 0.91900295
vn -0.20540818 0.01640065 -0.97853896
vn 0.15770156 -0.04820048 -0.98630975
vn 0.19599858 -0.58459578 -0.78729431
vn -0.91125318 -0.23418797 -0.33878259
vn -0.78415652 -0.40697744 -0.46847403
vn 0.12459852 -0.60529283 -0.78619069
vn -0.91128404 -0.23419590 -0.33869407
vn -0.67560669 0.42940425 0.59930593
vn -0.80200186 0.37910088 0.46160107
vn -0.78415652 -0.40697744 -0.46847403
vn -0.67560669 0.42940425 0.59930593
vn 0.43011111 0.51751336 0.73971910
vn 0.47829871 0.57149846 0.66679821
vn -0.80200186 0.37910088 0.46160107
vn 0.43011111 0.51751336 0.73971910
vn 0.99762583 -0.02870074 -0.06260162
vn 0.93825041 -0.24008731 -0.24908683
vn 0.47829871 0.57149846 0.66679821
vn 0.19599858 -0.58459578 -0.78729431
vn 0.12459852 -0.60529283 -0.78619069
vn 0.15810211 0.65880880 -0.73550982
vn -0.81258957 0.40689478 -0.41729465
vn -0.92411762 0.22990438 -0.30520582
vn 0.17130735 0.61532642 -0.76943303
vn -0.81252169 0.40691086 -0.41741114
vn -0.78970280 -0.41600148 0.45090160
vn -0.69866141 -0.43257611 0.56986853
vn -0.92411762 0.22990438 -0.30520582
vn -0.78970280 -0.41600148 0.45090160
vn 0.52759991 -0.58569990 0.61529990
vn 0.42051868 -0.53912395 0.72973242
vn -0.69861022 -0.43260633 0.56990834
vn 0.52759991 -0.58569990 0.61529990
vn 0.95113640 0.22400857 -0.21250813
vn 0.99744608 0.03510162 -0.06220287
vn 0.42060100 -0.53910128 0.72970173
vn 0.15810090 0.65870373 -0.73560417
vn 0.17129417 0.61527907 -0.76947383
vn 0.18059706 0.01199980 -0.98348396
vn -0.93791335 0.00670010 -0.34680494
vn -0.98083713 0.00930035 -0.19460737
vn -0.28788805 -0.00269989 -0.95766026
vn -0.63229134 -0.00799989 0.77468939
vn -0.78640609 0.00250002 0.61770479
vn -0.63229185 -0.00789990 0.77469001
vn 0.37760038 -0.01120001 0.92590092
vn 0.39720590 -0.00540008 0.91771363
vn -0.78649282 0.00249998 0.61759436
vn 0.37768611 -0.01119959 0.92586596
vn 0.99996256 0.00329988 -0.00799970
vn 0.93138396 -0.00569990 -0.36399373
vn 0.39729033 -0.00529987 0.91767767
vn 0.18059706 0.01199980 -0.98348396
vn -0.28788805 -0.00269989 -0.95766026
vn 0.00070001 0.29720425 -0.95481367
vn -0.00069999 0.29729542 -0.95478529
vn 0.00100003 -0.27260706 -0.96212493
vn -0.00089996 -0.26568856 -0.96405849
vn -0.00760000 -0.97780051 -0.20940011
vn -0.00300004 -0.80111103 0.59850824
vn 0.00269987 0.37168239 0.92835602
vn -0.00300004 -0.80111103 0.59850824
vn 0.00269987 0.37168239 0.92835602
vn 0.00090002 -0.27260709 -0.96212503
vn -0.00760000 -0.97780051 -0.20940011
vn -0.65619575 -0.65849574 -0.36849762
vn -0.07650225 -0.07780229 -0.99402928
vn -0.42689042 -0.42599044 0.79768209
vn -0.65617157 -0.65847147 -0.36858403
vn 0.23289656 0.22969661 0.94498606
vn -0.42689042 -0.42599044 0.79768209
vn 0.63977484 0.63937486 -0.42648323
vn 0.23289656 0.22969661 0.94498606
vn 0.00299988 0.94046179 -0.33988619
vn 0.63977484 0.63937486 -0.42648323
vn -0.95584156 -0.06540284 -0.28651246
vn -0.20540818 0.01640065 -0.97853896
vn -0.65619575 -0.65849574 -0.36849762
vn -0.42690860 -0.42590858 0.79771607
vn 0.23290191 0.22960189 0.94500776
vn 0.63971577 0.63941576 -0.42651051
vn -0.07650225 -0.07780229 -0.99402928
vn -0.28788805 -0.00269989 -0.95766026
vn -0.98083621 0.00940035 -0.19460719
vn -0.66471984 0.66451984 -0.34141019
vn -0.09349687 0.09299689 -0.99126682
vn -0.41260531 0.41180530 0.81251046
vn -0.66471984 0.66451984 -0.34141019
vn 0.24910960 -0.24930961 0.93583606
vn -0.41260531 0.41180530 0.81251046
vn 0.62520903 -0.62620904 -0.46580673
vn 0.24920339 -0.24930339 0.93581274
vn 0.93141732 -0.00580011 -0.36390677
vn 0.62520903 -0.62620904 -0.46580673
vn -0.00629985 0.98197697 -0.18889557
vn 0.00080001 0.29720423 -0.95481360
vn -0.66471984 0.66451984 -0.34141019
vn -0.41252233 0.41182229 0.81254398
vn 0.24910960 -0.24930961 0.93583606
vn 0.62526993 -0.62616989 -0.46577760
vn 0.00229998 -0.92839145 -0.37159658
vn 0.12450008 -0.60530037 -0.78620048
vn -0.78415652 -0.40697744 -0.46847403
vn -0.88921399 -0.12170191 -0.44100694
vn 0.19339806 -0.19329806 -0.96189035
vn -0.83699702 0.12559955 0.53259810
vn -0.88921399 -0.12170191 -0.44100694
vn 0.57670619 0.20540220 0.79070848
vn -0.83699702 0.12559955 0.53259810
vn 0.97853195 -0.07010229 -0.19380633
vn 0.57670619 0.20540220 0.79070848
vn 0.19339806 -0.19329806 -0.96189035
vn 0.19339806 -0.19329806 -0.96189035
vn -0.88927783 0.17469564 -0.42268946
vn 0.19340437 0.30950699 -0.93102104
vn 0.19340437 0.30950699 -0.93102104
vn -0.88927783 0.17469564 -0.42268946
vn -0.81252253 0.40701129 -0.41731157
vn 0.15810211 0.65880880 -0.73550982
vn -0.83710247 -0.18970056 0.51310151
vn 0.57678536 -0.30059237 0.75958072
vn -0.83710247 -0.18970056 0.51310151
vn 0.97850668 0.09330064 -0.18390126
vn 0.57680270 -0.30050140 0.75960355
vn 0.19339235 0.30938776 -0.93106316
vn -0.91128404 -0.23419590 -0.33869407
vn 0.19609474 -0.58458432 -0.78727888
vn 0.15770232 -0.04810071 -0.98631450
vn -0.94093718 -0.01960077 -0.33801336
vn -0.93791397 0.00660010 -0.34680517
vn 0.18059684 0.01209979 -0.98348278
vn 0.17130735 0.61532642 -0.76943303
vn -0.92409637 0.22999910 -0.30519880
vn 0.00000000 0.53968065 -0.84186982
vn 0.00000000 -0.53968065 -0.84186982
vn 0.00000000 -0.53968065 -0.84186982
vn 0.00000000 0.53968065 -0.84186982
vn 0.00000000 0.53968065 -0.84186982
vn 0.00000000 0.53968065 -0.84186982
vn 0.00000000 0.53968065 0.84186982
vn 0.00000000 0.53968065 0.84186982
vn 0.00000000 0.53968065 0.84186982
vn 0.00000000 0.53968065 0.84186982
vn 0.00000000 -0.53968065 0.84186982
vn 0.00000000 -0.53968065 0.84186982
vn 0.00000000 -0.53968065 0.84186982
vn -0.00019999 -0.53968064 0.84186980
vn 0.00000000 -0.53968065 -0.84186982
vn 0.00000000 -0.53968065 -0.84186982
vn -0.80452467 0.00110003 -0.59391821
vn -0.80541463 0.00110002 -0.59271077
vn 0.00000000 0.00200000 -0.99999800
vn 0.00000000 0.00200000 -0.99999800
vn -0.30471349 -0.00190008 0.95244217
vn -0.80536680 0.00119995 -0.59277557
vn -0.80452467 0.00110003 -0.59391821
vn -0.30519604 -0.00189998 0.95228765
vn 0.80536680 0.00119995 -0.59277557
vn 0.80452448 0.00130004 -0.59391807
vn 0.30480420 -0.00190003 0.95241314
vn 0.30519604 -0.00189998 0.95228765
vn 0.80452467 0.00110003 -0.59391821
vn 0.80541454 0.00120002 -0.59271070
vn -0.80452467 0.00110003 -0.59391821
vn -0.80533166 0.00120005 -0.59282331
vn 0.00000000 0.00200000 -0.99999800
vn 0.00000000 0.00200000 -0.99999800
vn -0.30480420 -0.00190003 0.95241314
vn -0.80533166 0.00120005 -0.59282331
vn -0.80447689 0.00109997 -0.59398294
vn -0.30519604 -0.00189998 0.95228765
vn 0.80536680 0.00119995 -0.59277557
vn 0.80452448 0.00130004 -0.59391807
vn 0.30480420 -0.00190003 0.95241314
vn -0.30480420 -0.00190003 0.95241314
vn -0.30519604 -0.00189998 0.95228765
vn 0.30519604 -0.00189998 0.95228765
vn 0.30471349 -0.00190008 0.95244217
vn 0.30519604 -0.00189998 0.95228765
vn 0.80452467 0.00110003 -0.59391821
vn 0.80541454 0.00120002 -0.59271070
vn -0.80452467 0.00110003 -0.59391821
vn -0.80536690 0.00109995 -0.59277563
vn 0.00000000 0.00200000 -0.99999800
vn 0.00000000 0.00200000 -0.99999800
vn -0.30468447 -0.00189990 0.95245145
vn -0.80536680 0.00119995 -0.59277557
vn -0.80447689 0.00109997 -0.59398294
vn -0.30519604 -0.00189998 0.95228765
vn 0.80536680 0.00119995 -0.59277557
vn 0.80452458 0.00120004 -0.59391814
vn 0.30468447 -0.00189990 0.95245145
vn -0.30468447 -0.00189990 0.95245145
vn -0.30519604 -0.00189998 0.95228765
vn 0.30519604 -0.00189998 0.95228765
vn 0.30468447 -0.00189990 0.95245145
vn 0.30519604 -0.00189998 0.95228765
vn 0.80452467 0.00110003 -0.59391821
vn 0.80536698 0.00099996 -0.59277570
vn -0.80447689 0.00109997 -0.59398294
vn -0.80536670 0.00129995 -0.59277549
vn 0.00000000 0.00200000 -0.99999800
vn 0.00000000 0.00200000 -0.99999800
vn -0.30468447 -0.00189990 0.95245145
vn -0.80536680 0.00119995 -0.59277557
vn -0.80452467 0.00110003 -0.59391821
vn -0.30519604 -0.00189998 0.95228765
vn 0.80536680 0.00119995 -0.59277557
vn 0.80447680 0.00119997 -0.59398287
vn 0.30468447 -0.00189990 0.95245145
vn 0.30528672 -0.00189992 0.95225858
vn 0.80447689 0.00109997 -0.59398294
vn 0.80533166 0.00120005 -0.59282331
vn -0.80447689 0.00109997 -0.59398294
vn -0.80533166 0.00120005 -0.59282331
vn 0.00000000 0.00200000 -0.99999800
vn 0.00000000 0.00200000 -0.99999800
vn -0.30468447 -0.00189990 0.95245145
vn -0.80536680 0.00119995 -0.59277557
vn -0.80452467 0.00110003 -0.59391821
vn -0.30519604 -0.00189998 0.95228765
vn 0.80533166 0.00120005 -0.59282331
vn 0.80447680 0.00119997 -0.59398287
vn 0.30468447 -0.00189990 0.95245145
vn 0.30519604 -0.00189998 0.95228765
vn 0.80447689 0.00109997 -0.59398294
vn 0.80533166 0.00120005 -0.59282331
vn -0.80447689 0.00109997 -0.59398294
vn -0.80533166 0.00120005 -0.59282331
vn 0.00000000 0.00200000 -0.99999800
vn 0.00000000 0.00200000 -0.99999800
vn -0.30468447 -0.00189990 0.95245145
vn -0.80536680 0.00119995 -0.59277557
vn -0.80452467 0.00110003 -0.59391821
vn -0.30519604 -0.00189998 0.95228765
vn 0.80533166 0.00120005 -0.59282331
vn 0.80447680 0.00119997 -0.59398287
vn 0.30468447 -0.00189990 0.95245145
vn 0.30519604 -0.00189998 0.95228765
vn 0.80447689 0.00109997 -0.59398294
vn 0.80533166 0.00120005 -0.59282331
vn -0.80447689 0.00109997 -0.59398294
vn -0.80533175 0.00110004 -0.59282338
vn 0.00000000 0.00200000 -0.99999800
vn 0.00000000 0.00200000 -0.99999800
vn -0.30468447 -0.00189990 0.95245145
vn -0.80536680 0.00119995 -0.59277557
vn -0.80447689 0.00109997 -0.59398294
vn -0.30519604 -0.00189998 0.95228765
vn 0.80533166 0.00120005 -0.59282331
vn 0.80447680 0.00119997 -0.59398287
vn 0.30468447 -0.00189990 0.95245145
vn 0.30528672 -0.00189992 0.95225858
vn 0.80447689 0.00109997 -0.59398294
vn 0.80536680 0.00119995 -0.59277557
vn -0.80452467 0.00110003 -0.59391821
vn -0.80533175 0.00110004 -0.59282338
vn 0.00000000 0.00200000 -0.99999800
vn 0.00000000 0.00200000 -0.99999800
vn -0.30468447 -0.00189990 0.95245145
vn -0.80536680 0.00119995 -0.59277557
vn -0.80452467 0.00110003 -0.59391821
vn -0.30519604 -0.00189998 0.95228765
vn 0.80533166 0.00120005 -0.59282331
vn 0.80452458 0.00120004 -0.59391814
vn 0.30468447 -0.00189990 0.95245145
vn -0.30468447 -0.00189990 0.95245145
vn -0.30519604 -0.00189998 0.95228765
vn 0.30519604 -0.00189998 0.95228765
vn 0.80452467 0.00110003 -0.59391821
vn 0.80533184 0.00100004 -0.59282344
vn -0.80452467 0.00110003 -0.59391821
vn -0.80533175 0.00110004 -0.59282338
vn 0.00000000 0.00200000 -0.99999800
vn 0.00000000 0.00200000 -0.99999800
vn -0.30480420 -0.00190003 0.95241314
vn -0.80533166 0.00120005 -0.59282331
vn -0.80447689 0.00109997 -0.59398294
vn -0.30519604 -0.00189998 0.95228765
vn 0.80528392 0.00119998 -0.59288816
vn 0.80452458 0.00120004 -0.59391814
vn 0.30480420 -0.00190003 0.95241314
vn -0.30480420 -0.00190003 0.95241314
vn -0.30519604 -0.00189998 0.95228765
vn 0.30519604 -0.00189998 0.95228765
vn 0.30480420 -0.00190003 0.95241314
vn 0.30519604 -0.00189998 0.95228765
vn 0.80447689 0.00109997 -0.59398294
vn 0.80533166 0.00120005 -0.59282331
vn -0.80452467 0.00110003 -0.59391821
vn -0.80541454 0.00120002 -0.59271070
vn 0.00000000 0.00200000 -0.99999800
vn 0.00000000 0.00200000 -0.99999800
vn -0.30480420 -0.00190003 0.95241314
vn -0.80541454 0.00120002 -0.59271070
vn -0.80452467 0.00110003 -0.59391821
vn -0.30519604 -0.00189998 0.95228765
vn 0.80541454 0.00120002 -0.59271070
vn 0.80452458 0.00120004 -0.59391814
vn 0.30480420 -0.00190003 0.95241314
vn 0.30519604 -0.00189998 0.95228765
vn 0.30480420 -0.00190003 0.95241314
vn 0.30519604 -0.00189998 0.95228765
vn 0.80452467 0.00110003 -0.59391821
vn 0.80536698 0.00099996 -0.59277570
vn 0.20540818 0.01640065 -0.97853896
vn -0.15770232 -0.04810071 -0.98631450
vn 0.94093902 -0.01950081 -0.33801402
vn 0.95584156 -0.06540284 -0.28651246
vn 0.64932599 0.04410177 0.75923039
vn 0.76320105 -0.03700005 0.64510089
vn 0.76320105 -0.03700005 0.64510089
vn 0.64932599 0.04410177 0.75923039
vn -0.38990125 0.05840019 0.91900295
vn -0.38129065 0.01199971 0.92437733
vn -0.38129065 0.01199971 0.92437733
vn -0.38990125 0.05840019 0.91900295
vn -0.99948656 -0.00529993 -0.03159957
vn -0.94331946 0.03130065 -0.33040682
vn -0.15770156 -0.04820048 -0.98630975
vn 0.20540818 0.01640065 -0.97853896
vn -0.19609474 -0.58458432 -0.78727888
vn -0.12459852 -0.60529283 -0.78619069
vn 0.78415652 -0.40697744 -0.46847403
vn 0.91126270 -0.23429041 -0.33868614
vn 0.91128404 -0.23419590 -0.33869407
vn 0.78415652 -0.40697744 -0.46847403
vn 0.80200186 0.37910088 0.46160107
vn 0.67560669 0.42940425 0.59930593
vn 0.67560669 0.42940425 0.59930593
vn 0.80200186 0.37910088 0.46160107
vn -0.47837583 0.57147113 0.66676631
vn -0.43011111 0.51751336 0.73971910
vn -0.43011111 0.51751336 0.73971910
vn -0.47837583 0.57147113 0.66676631
vn -0.93825041 -0.24008731 -0.24908683
vn -0.99762583 -0.02870074 -0.06260162
vn -0.12459852 -0.60529283 -0.78619069
vn -0.19599858 -0.58459578 -0.78729431
vn -0.15819961 0.65879838 -0.73549819
vn -0.17130735 0.61532642 -0.76943303
vn 0.92411762 0.22990438 -0.30520582
vn 0.81252253 0.40701129 -0.41731157
vn 0.81252253 0.40701129 -0.41731157
vn 0.92411762 0.22990438 -0.30520582
vn 0.69861022 -0.43260633 0.56990834
vn 0.78970280 -0.41600148 0.45090160
vn 0.78970280 -0.41600148 0.45090160
vn 0.69861022 -0.43260633 0.56990834
vn -0.42051868 -0.53912395 0.72973242
vn -0.52759991 -0.58569990 0.61529990
vn -0.52759991 -0.58569990 0.61529990
vn -0.42060100 -0.53910128 0.72970173
vn -0.99744608 0.03510162 -0.06220287
vn -0.95113640 0.22400857 -0.21250813
vn -0.17130735 0.61532642 -0.76943303
vn -0.15810090 0.65870373 -0.73560417
vn -0.18059706 0.01199980 -0.98348396
vn 0.28788805 -0.00269989 -0.95766026
vn 0.98083713 0.00930035 -0.19460737
vn 0.93791335 0.00670010 -0.34680494
vn 0.78640609 0.00250002 0.61770479
vn 0.63229134 -0.00799989 0.77468939
vn 0.63223132 -0.00800040 0.77473838
vn 0.78649282 0.00249998 0.61759436
vn -0.39729033 -0.00529987 0.91767767
vn -0.37768611 -0.01119959 0.92586596
vn -0.37768611 -0.01119959 0.92586596
vn -0.39729033 -0.00529987 0.91767767
vn -0.93141786 -0.00570011 -0.36390698
vn -0.99996232 0.00359986 -0.00789970
vn 0.28788805 -0.00269989 -0.95766026
vn -0.18059706 0.01199980 -0.98348396
vn -0.00629985 0.98197697 -0.18889557
vn 0.00609984 0.98147462 -0.19149505
vn -0.00069997 0.29738657 -0.95475690
vn 0.00070003 0.29711308 -0.95484204
vn 0.00230002 0.78890838 0.61450653
vn -0.00230004 0.79061386 0.61231073
vn -0.00210005 -0.40020932 0.91642135
vn 0.00230002 0.78890838 0.61450653
vn -0.00230004 0.79061386 0.61231073
vn 0.00230014 -0.40332396 0.91505436
vn -0.00230010 -0.92733885 -0.37421568
vn -0.00210005 -0.40020932 0.91642135
vn 0.00230004 -0.40340770 0.91501745
vn 0.00229998 -0.92839145 -0.37159658
vn 0.00100003 -0.27260706 -0.96212493
vn 0.00299988 0.94046179 -0.33988619
vn -0.00300008 0.93822616 -0.34600965
vn -0.00099996 -0.26568854 -0.96405840
vn -0.00099996 -0.26568854 -0.96405840
vn 0.07650225 -0.07780229 -0.99402928
vn 0.65619575 -0.65849574 -0.36849762
vn 0.00770028 -0.97843581 -0.20640755
vn 0.00760028 -0.97843656 -0.20640771
vn 0.65619575 -0.65849574 -0.36849762
vn 0.42690860 -0.42590858 0.79771607
vn 0.00300007 -0.80281956 0.59621452
vn 0.00300007 -0.80281956 0.59621452
vn 0.42690860 -0.42590858 0.79771607
vn -0.23289656 0.22969661 0.94498606
vn -0.00269990 0.37488656 0.92706676
vn -0.00269990 0.37488656 0.92706676
vn -0.23289656 0.22969661 0.94498606
vn -0.63977484 0.63937486 -0.42648323
vn -0.00310009 0.93822587 -0.34600954
vn -0.63977484 0.63937486 -0.42648323
vn 0.20540818 0.01640065 -0.97853896
vn 0.95584156 -0.06540284 -0.28651246
vn 0.65619575 -0.65849574 -0.36849762
vn 0.42690860 -0.42590858 0.79771607
vn -0.23290191 0.22960189 0.94500776
vn -0.63971577 0.63941576 -0.42651051
vn 0.07650225 -0.07780229 -0.99402928
vn 0.28788805 -0.00269989 -0.95766026
vn 0.09319862 0.09309862 -0.99128536
vn 0.66471984 0.66451984 -0.34141019
vn 0.98085530 0.00940053 -0.19451097
vn 0.66471984 0.66451984 -0.34141019
vn 0.41260531 0.41180530 0.81251046
vn 0.41260531 0.41180530 0.81251046
vn -0.24910960 -0.24930961 0.93583606
vn -0.24910960 -0.24930961 0.93583606
vn -0.62520903 -0.62620904 -0.46580673
vn -0.93138342 -0.00579990 -0.36399352
vn -0.62520903 -0.62620904 -0.46580673
vn -0.00079996 0.29738655 -0.95475683
vn 0.00609984 0.98147462 -0.19149505
vn 0.66471984 0.66451984 -0.34141019
vn 0.41252233 0.41182229 0.81254398
vn -0.24910960 -0.24930961 0.93583606
vn -0.62526993 -0.62616989 -0.46577760
vn -0.00230010 -0.92733885 -0.37421568
vn -0.12450008 -0.60530037 -0.78620048
vn -0.19339806 -0.19329806 -0.96189035
vn 0.88921399 -0.12170191 -0.44100694
vn 0.78415652 -0.40697744 -0.46847403
vn 0.88921399 -0.12170191 -0.44100694
vn 0.83699702 0.12559955 0.53259810
vn 0.83699702 0.12559955 0.53259810
vn -0.57670619 0.20540220 0.79070848
vn -0.57670619 0.20540220 0.79070848
vn -0.97853195 -0.07010229 -0.19380633
vn -0.19339806 -0.19329806 -0.96189035
vn -0.19330180 -0.19330180 -0.96190895
vn -0.19341036 0.30941657 -0.93104985
vn 0.88927783 0.17469564 -0.42268946
vn -0.19340437 0.30950699 -0.93102104
vn -0.15810211 0.65880880 -0.73550982
vn 0.81252253 0.40701129 -0.41731157
vn 0.88927783 0.17469564 -0.42268946
vn 0.83710247 -0.18970056 0.51310151
vn 0.83710247 -0.18970056 0.51310151
vn -0.57682917 -0.30061520 0.75953841
vn -0.57680270 -0.30050140 0.75960355
vn -0.97850668 0.09330064 -0.18390126
vn -0.19341036 0.30941657 -0.93104985
vn 0.91128404 -0.23419590 -0.33869407
vn 0.94094864 -0.01959893 -0.33798155
vn -0.15770232 -0.04810071 -0.98631450
vn -0.19609474 -0.58458432 -0.78727888
vn 0.93791397 0.00660010 -0.34680517
vn 0.92409637 0.22999910 -0.30519880
vn -0.17130735 0.61532642 -0.76943303
vn -0.18059706 0.01199980 -0.98348396
vn -0.20540818 0.01640065 -0.97853896
vn -0.95584156 -0.06540284 -0.28651246
vn -0.94093902 -0.01950081 -0.33801402
vn 0.15770232 -0.04810071 -0.98631450
vn -0.76320105 -0.03700005 0.64510089
vn -0.64932599 0.04410177 0.75923039
vn -0.76320105 -0.03700005 0.64510089
vn 0.38129065 0.01199971 0.92437733
vn 0.38990125 0.05840019 0.91900295
vn -0.64932599 0.04410177 0.75923039
vn 0.38129065 0.01199971 0.92437733
vn 0.94331946 0.03130065 -0.33040682
vn 0.99948339 -0.00529991 -0.03169947
vn 0.38990125 0.05840019 0.91900295
vn -0.20540818 0.01640065 -0.97853896
vn 0.15770156 -0.04820048 -0.98630975
vn 0.19609474 -0.58458432 -0.78727888
vn -0.91125318 -0.23418797 -0.33878259
vn -0.78415652 -0.40697744 -0.46847403
vn 0.12459852 -0.60529283 -0.78619069
vn -0.91128404 -0.23419590 -0.33869407
vn -0.67560669 0.42940425 0.59930593
vn -0.80200186 0.37910088 0.46160107
vn -0.78415652 -0.40697744 -0.46847403
vn -0.67560669 0.42940425 0.59930593
vn 0.43011111 0.51751336 0.73971910
vn 0.47829871 0.57149846 0.66679821
vn -0.80200186 0.37910088 0.46160107
vn 0.43011111 0.51751336 0.73971910
vn 0.99762583 -0.02870074 -0.06260162
vn 0.93825041 -0.24008731 -0.24908683
vn 0.47829871 0.57149846 0.66679821
vn 0.19599858 -0.58459578 -0.78729431
vn 0.12459852 -0.60529283 -0.78619069
vn 0.15810211 0.65880880 -0.73550982
vn -0.81255560 0.40692784 -0.41732856
vn -0.92411762 0.22990438 -0.30520582
vn 0.17130735 0.61532642 -0.76943303
vn -0.81252169 0.40691086 -0.41741114
vn -0.78970280 -0.41600148 0.45090160
vn -0.69866141 -0.43257611 0.56986853
vn -0.92411762 0.22990438 -0.30520582
vn -0.78970280 -0.41600148 0.45090160
vn 0.52759991 -0.58569990 0.61529990
vn 0.42051868 -0.53912395 0.72973242
vn -0.69861022 -0.43260633 0.56990834
vn 0.52759991 -0.58569990 0.61529990
vn 0.95113640 0.22400857 -0.21250813
vn 0.99744957 0.03500174 -0.06220309
vn 0.42060100 -0.53910128 0.72970173
vn 0.15810090 0.65870373 -0.73560417
vn 0.17129417 0.61527907 -0.76947383
vn 0.18059706 0.01199980 -0.98348396
vn -0.93791335 0.00670010 -0.34680494
vn -0.98083713 0.00930035 -0.19460737
vn -0.28788805 -0.00269989 -0.95766026
vn -0.63229134 -0.00799989 0.77468939
vn -0.78640609 0.00250002 0.61770479
vn -0.63229185 -0.00789990 0.77469001
vn 0.37768611 -0.01119959 0.92586596
vn 0.39729033 -0.00529987 0.91767767
vn -0.78649282 0.00249998 0.61759436
vn 0.37768611 -0.01119959 0.92586596
vn 0.99996256 0.00329988 -0.00799970
vn 0.93141786 -0.00570011 -0.36390698
vn 0.39729033 -0.00529987 0.91767767
vn 0.18059706 0.01199980 -0.98348396
vn -0.28788805 -0.00269989 -0.95766026
vn 0.00070001 0.29720425 -0.95481367
vn -0.00069999 0.29729542 -0.95478529
vn 0.00100003 -0.27260706 -0.96212493
vn -0.00089996 -0.26568856 -0.96405849
vn -0.00760000 -0.97780051 -0.20940011
vn -0.00300004 -0.80111103 0.59850824
vn 0.00269987 0.37168239 0.92835602
vn -0.00300004 -0.80111103 0.59850824
vn 0.00269987 0.37168239 0.92835602
vn 0.00090002 -0.27260709 -0.96212503
vn -0.00760000 -0.97780051 -0.20940011
vn -0.65619575 -0.65849574 -0.36849762
vn -0.07640283 -0.07780289 -0.99403688
vn -0.42690860 -0.42590858 0.79771607
vn -0.65611462 -0.65851468 -0.36860822
vn 0.23289656 0.22969661 0.94498606
vn -0.42689042 -0.42599044 0.79768209
vn 0.63977484 0.63937486 -0.42648323
vn 0.23289656 0.22969661 0.94498606
vn 0.00299988 0.94046179 -0.33988619
vn 0.63977484 0.63937486 -0.42648323
vn -0.95584156 -0.06540284 -0.28651246
vn -0.20540818 0.01640065 -0.97853896
vn -0.65619575 -0.65849574 -0.36849762
vn -0.42690860 -0.42590858 0.79771607
vn 0.23290191 0.22960189 0.94500776
vn 0.63971577 0.63941576 -0.42651051
vn -0.07650225 -0.07780229 -0.99402928
vn -0.28788805 -0.00269989 -0.95766026
vn -0.98085530 0.00940053 -0.19451097
vn -0.66471984 0.66451984 -0.34141019
vn -0.09349687 0.09299689 -0.99126682
vn -0.41260531 0.41180530 0.81251046
vn -0.66471984 0.66451984 -0.34141019
vn 0.24910960 -0.24930961 0.93583606
vn -0.41252233 0.41182229 0.81254398
vn 0.62520903 -0.62620904 -0.46580673
vn 0.24910960 -0.24930961 0.93583606
vn 0.93141732 -0.00580011 -0.36390677
vn 0.62520903 -0.62620904 -0.46580673
vn -0.00629997 0.98199552 -0.18879914
vn 0.00080001 0.29720423 -0.95481360
vn -0.66471984 0.66451984 -0.34141019
vn -0.41248881 0.41178883 0.81257796
vn 0.24910960 -0.24930961 0.93583606
vn 0.62526993 -0.62616989 -0.46577760
vn 0.00229998 -0.92839145 -0.37159658
vn 0.12450008 -0.60530037 -0.78620048
vn -0.78415652 -0.40697744 -0.46847403
vn -0.88921399 -0.12170191 -0.44100694
vn 0.19339806 -0.19329806 -0.96189035
vn -0.83699702 0.12559955 0.53259810
vn -0.88921399 -0.12170191 -0.44100694
vn 0.57670619 0.20540220 0.79070848
vn -0.83699702 0.12559955 0.53259810
vn 0.97853195 -0.07010229 -0.19380633
vn 0.57670619 0.20540220 0.79070848
vn 0.19339806 -0.19329806 -0.96189035
vn 0.19339806 -0.19329806 -0.96189035
vn -0.88927783 0.17469564 -0.42268946
vn 0.19341036 0.30941657 -0.93104985
vn 0.19340437 0.30950699 -0.93102104
vn -0.88927783 0.17469564 -0.42268946
vn -0.81252253 0.40701129 -0.41731157
vn 0.15810211 0.65880880 -0.73550982
vn -0.83710247 -0.18970056 0.51310151
vn 0.57678536 -0.30059237 0.75958072
vn -0.83710247 -0.18970056 0.51310151
vn 0.97850668 0.09330064 -0.18390126
vn 0.57680270 -0.30050140 0.75960355
vn 0.19341036 0.30941657 -0.93104985
vn -0.91128404 -0.23419590 -0.33869407
vn 0.19609474 -0.58458432 -0.78727888
vn 0.15770232 -0.04810071 -0.98631450
vn -0.94094864 -0.01959893 -0.33798155
vn -0.93791397 0.00660010 -0.34680517
vn 0.18059706 0.01199980 -0.98348396
vn 0.17130735 0.61532642 -0.76943303
vn -0.92409637 0.22999910 -0.30519880
vn 0.00000000 0.53968065 -0.84186982
vn 0.00000000 -0.53968065 -0.84186982
vn 0.00000000 -0.53968065 -0.84186982
vn 0.00000000 0.53968065 -0.84186982
vn 0.00000000 0.53968065 -0.84186982
vn 0.00000000 0.53968065 -0.84186982
vn 0.00000000 0.53968065 0.84186982
vn 0.00000000 0.53968065 0.84186982
vn 0.00000000 0.53968065 0.84186982
vn 0.00000000 0.53968065 0.84186982
vn 0.00000000 -0.53968065 0.84186982
vn 0.00000000 -0.53968065 0.84186982
vn 0.00000000 -0.53968065 0.84186982
vn 0.00000000 -0.53968065 0.84186982
vn 0.00000000 -0.53968065 -0.84186982
vn 0.00000000 -0.53968065 -0.84186982
vn -0.80452467 0.00110003 -0.59391821
vn -0.80536690 0.00109995 -0.59277563
vn 0.00000000 0.00200000 -0.99999800
vn 0.00000000 0.00200000 -0.99999800
vn -0.30480420 -0.00190003 0.95241314
vn -0.80541454 0.00120002 -0.59271070
vn -0.80452467 0.00110003 -0.59391821
vn -0.30519604 -0.00189998 0.95228765
vn 0.80541454 0.00120002 -0.59271070
vn 0.80452448 0.00130004 -0.59391807
vn 0.30480420 -0.00190003 0.95241314
vn -0.30480420 -0.00190003 0.95241314
vn -0.30519604 -0.00189998 0.95228765
vn 0.30519604 -0.00189998 0.95228765
vn 0.30480420 -0.00190003 0.95241314
vn 0.30519604 -0.00189998 0.95228765
vn 0.80452467 0.00110003 -0.59391821
vn 0.80541454 0.00120002 -0.59271070
vn -0.80452467 0.00110003 -0.59391821
vn -0.80533156 0.00130005 -0.59282323
vn 0.00000000 0.00200000 -0.99999800
vn 0.00000000 0.00200000 -0.99999800
vn -0.30480420 -0.00190003 0.95241314
vn -0.80533166 0.00120005 -0.59282331
vn -0.80447689 0.00109997 -0.59398294
vn -0.30519604 -0.00189998 0.95228765
vn 0.80541454 0.00120002 -0.59271070
vn 0.80452458 0.00120004 -0.59391814
vn 0.30480420 -0.00190003 0.95241314
vn -0.30480420 -0.00190003 0.95241314
vn -0.30519604 -0.00189998 0.95228765
vn 0.30519604 -0.00189998 0.95228765
vn 0.30480420 -0.00190003 0.95241314
vn 0.30519604 -0.00189998 0.95228765
vn 0.80452467 0.00110003 -0.59391821
vn 0.80536680 0.00119995 -0.59277557
vn -0.80447689 0.00109997 -0.59398294
vn -0.80536690 0.00109995 -0.59277563
vn 0.00000000 0.00200000 -0.99999800
vn 0.00000000 0.00200000 -0.99999800
vn -0.30468447 -0.00189990 0.95245145
vn -0.80536680 0.00119995 -0.59277557
vn -0.80447689 0.00109997 -0.59398294
vn -0.30519604 -0.00189998 0.95228765
vn 0.80536680 0.00119995 -0.59277557
vn 0.80452458 0.00120004 -0.59391814
vn 0.30468447 -0.00189990 0.95245145
vn -0.30468447 -0.00189990 0.95245145
vn -0.30519604 -0.00189998 0.95228765
vn 0.30519604 -0.00189998 0.95228765
vn 0.30468447 -0.00189990 0.95245145
vn 0.30519604 -0.00189998 0.95228765
vn 0.80452467 0.00110003 -0.59391821
vn 0.80536698 0.00099996 -0.59277570
vn -0.80452467 0.00110003 -0.59391821
vn -0.80536670 0.00129995 -0.59277549
vn 0.00000000 0.00200000 -0.99999800
vn 0.00000000 0.00200000 -0.99999800
vn -0.30468447 -0.00189990 0.95245145
vn -0.80536680 0.00119995 -0.59277557
vn -0.80452467 0.00110003 -0.59391821
vn -0.30519604 -0.00189998 0.95228765
vn 0.80536680 0.00119995 -0.59277557
vn 0.80452458 0.00120004 -0.59391814
vn 0.30468447 -0.00189990 0.95245145
vn 0.30528672 -0.00189992 0.95225858
vn 0.80447689 0.00109997 -0.59398294
vn 0.80533166 0.00120005 -0.59282331
vn -0.80447689 0.00109997 -0.59398294
vn -0.80533166 0.00120005 -0.59282331
vn 0.00000000 0.00200000 -0.99999800
vn 0.00000000 0.00200000 -0.99999800
vn -0.30468447 -0.00189990 0.95245145
vn -0.80536680 0.00119995 -0.59277557
vn -0.80447689 0.00109997 -0.59398294
vn -0.30519604 -0.00189998 0.95228765
vn 0.80533166 0.00120005 -0.59282331
vn 0.80447680 0.00119997 -0.59398287
vn 0.30468447 -0.00189990 0.95245145
vn -0.30468447 -0.00189990 0.95245145
vn -0.30528672 -0.00189992 0.95225858
vn 0.30528672 -0.00189992 0.95225858
vn 0.30468447 -0.00189990 0.95245145
vn 0.30519604 -0.00189998 0.95228765
vn 0.80447689 0.00109997 -0.59398294
vn 0.80533166 0.00120005 -0.59282331
vn -0.80452467 0.00110003 -0.59391821
vn -0.80536680 0.00119995 -0.59277557
vn 0.00000000 0.00200000 -0.99999800
vn 0.00000000 0.00200000 -0.99999800
vn -0.30468447 -0.00189990 0.95245145
vn -0.80536680 0.00119995 -0.59277557
vn -0.80447697 0.00099997 -0.59398300
vn -0.30519604 -0.00189998 0.95228765
vn 0.80536680 0.00119995 -0.59277557
vn 0.80452458 0.00120004 -0.59391814
vn 0.30468447 -0.00189990 0.95245145
vn -0.30468447 -0.00189990 0.95245145
vn -0.30528672 -0.00189992 0.95225858
vn 0.30528672 -0.00189992 0.95225858
vn 0.30468447 -0.00189990 0.95245145
vn 0.30519598 -0.00199997 0.95228746
vn 0.80452467 0.00110003 -0.59391821
vn 0.80533166 0.00120005 -0.59282331
vn -0.80447689 0.00109997 -0.59398294
vn -0.80536690 0.00109995 -0.59277563
vn 0.00000000 0.00200000 -0.99999800
vn 0.00000000 0.00200000 -0.99999800
vn -0.30471349 -0.00190008 0.95244217
vn -0.80533166 0.00120005 -0.59282331
vn -0.80447669 0.00129996 -0.59398279
vn -0.30519604 -0.00189998 0.95228765
vn 0.80536680 0.00119995 -0.59277557
vn 0.80452458 0.00120004 -0.59391814
vn 0.30468447 -0.00189990 0.95245145
vn -0.30468447 -0.00189990 0.95245145
vn -0.30519604 -0.00189998 0.95228765
vn 0.30528672 -0.00189992 0.95225858
vn 0.30468447 -0.00189990 0.95245145
vn 0.30519604 -0.00189998 0.95228765
vn 0.80447689 0.00109997 -0.59398294
vn 0.80536698 0.00099996 -0.59277570
vn -0.80447689 0.00109997 -0.59398294
vn -0.80536690 0.00109995 -0.59277563
vn 0.00000000 0.00200000 -0.99999800
vn 0.00000000 0.00200000 -0.99999800
vn -0.30468447 -0.00189990 0.95245145
vn -0.80536680 0.00119995 -0.59277557
vn -0.80447689 0.00109997 -0.59398294
vn -0.30519604 -0.00189998 0.95228765
vn 0.80536680 0.00119995 -0.59277557
vn 0.80452458 0.00120004 -0.59391814
vn 0.30468447 -0.00189990 0.95245145
vn -0.30468447 -0.00189990 0.95245145
vn -0.30519604 -0.00189998 0.95228765
vn 0.30519604 -0.00189998 0.95228765
vn 0.30468447 -0.00189990 0.95245145
vn 0.30519604 -0.00189998 0.95228765
vn 0.80447689 0.00109997 -0.59398294
vn 0.80536698 0.00099996 -0.59277570
vn -0.80452467 0.00110003 -0.59391821
vn -0.80533175 0.00110004 -0.59282338
vn 0.00000000 0.00200000 -0.99999800
vn 0.00000000 0.00200000 -0.99999800
vn -0.30471349 -0.00190008 0.95244217
vn -0.80533166 0.00120005 -0.59282331
vn -0.80452476 0.00100003 -0.59391828
vn -0.30519604 -0.00189998 0.95228765
vn 0.80528392 0.00119998 -0.59288816
vn 0.80452448 0.00130004 -0.59391807
vn 0.30480420 -0.00190003 0.95241314
vn -0.30480420 -0.00190003 0.95241314
vn -0.30519604 -0.00189998 0.95228765
vn 0.30519604 -0.00189998 0.95228765
vn 0.30471349 -0.00190008 0.95244217
vn 0.30519604 -0.00189998 0.95228765
vn 0.80452467 0.00110003 -0.59391821
vn 0.80533166 0.00120005 -0.59282331
vn -0.80452467 0.00110003 -0.59391821
vn -0.80541444 0.00130002 -0.59271063
vn 0.00000000 0.00200000 -0.99999800
vn 0.00000000 0.00200000 -0.99999800
vn -0.30471349 -0.00190008 0.95244217
vn -0.80541454 0.00120002 -0.59271070
vn -0.80447689 0.00109997 -0.59398294
vn -0.30519604 -0.00189998 0.95228765
vn 0.80541454 0.00120002 -0.59271070
vn 0.80452458 0.00120004 -0.59391814
vn 0.30480420 -0.00190003 0.95241314
vn -0.30480420 -0.00190003 0.95241314
vn -0.30519604 -0.00189998 0.95228765
vn 0.30519604 -0.00189998 0.95228765
vn 0.30480420 -0.00190003 0.95241314
vn 0.30519604 -0.00189998 0.95228765
vn 0.80452467 0.00110003 -0.59391821
vn 0.80536698 0.00099996 -0.59277570
vn -0.15100218 -0.29460425 -0.94361363
vn -0.16060345 -0.09920213 -0.98202111
vn 0.16409409 -0.09899643 -0.98146464
vn 0.15709385 -0.29188858 -0.94346308
vn 0.24990049 -0.41400081 0.87530171
vn 0.24989946 -0.50979891 0.82319823
vn 0.24799418 -0.52868759 0.81178095
vn 0.21550805 -0.41901566 0.88203297
vn 0.87477395 -0.42328739 0.23579298
vn 0.87752263 -0.39361015 0.27390706
vn 0.71519287 -0.60399398 0.35169650
vn 0.75649700 -0.53119789 0.38149849
vn -0.20480256 -0.95521192 -0.21360267
vn -0.31889884 -0.94399655 -0.08469969
vn -0.55350949 -0.78651348 -0.27390470
vn -0.42988514 -0.78747277 -0.44168473
vn -0.94237587 -0.29849236 -0.15109613
vn -0.85103292 -0.30421177 -0.42801656
vn -0.64279611 -0.75949541 -0.09989940
vn -0.67863257 -0.30461462 -0.66833208
vn -0.98248128 -0.10009809 -0.15719701
vn -0.89091031 -0.11140129 -0.44030509
vn -0.29139887 -0.78899693 -0.54089790
vn -0.08429834 -0.94298138 -0.32199364
vn 0.01179944 -0.99665269 -0.08089616
vn -0.09959533 -0.75726452 -0.64546976
vn -0.08769757 -0.99607244 0.01219966
vn -0.70878465 -0.10149780 -0.69808489
vn -0.44090980 -0.30450677 -0.84431877
vn -0.45011424 -0.11350359 -0.88572801
vn 0.09119591 -0.94075784 -0.32658536
vn -0.74151384 -0.60211124 0.29600553
vn -0.81557983 -0.51608724 0.26169353
vn 0.10570399 -0.76422882 -0.63622400
vn -0.33220329 -0.49430489 0.80330794
vn -0.25749824 -0.40459724 0.87749401
vn -0.23770814 -0.43391486 0.86902976
vn -0.28379641 -0.56329287 0.77599017
vn -0.87555472 -0.39692480 0.27541721
vn -0.87307694 -0.42638874 0.23649375
vn 0.21439200 -0.95326442 -0.21289205
vn 0.43718986 -0.78428182 -0.44018979
vn 0.55963203 -0.78244478 -0.27311563
vn 0.33109719 -0.93999202 -0.08239930
vn 0.94286914 -0.29809024 -0.14879513
vn 0.64738408 -0.75608141 -0.09609764
vn 0.85248390 -0.30129431 -0.42719193
vn 0.68094278 -0.30271902 -0.66684190
vn 0.89149503 -0.10909939 -0.43969755
vn 0.98272141 -0.09770213 -0.15720343
vn 0.29908549 -0.78716182 -0.53937384
vn -0.00120003 -0.99672136 -0.08090173
vn 0.09880489 -0.99504929 0.01070053
vn 0.70960055 -0.09980008 -0.69750054
vn 0.44372052 -0.30341403 -0.84323900
vn 0.45171939 -0.11250483 -0.88503800
vn -0.03890058 -0.99911498 0.01600024
vn -0.00799969 -0.99996078 0.00379985
vn 0.01830046 -0.99982531 0.00380010
vn 0.05759839 -0.99817211 0.01829949
vn 0.00690008 -0.99951094 -0.03050033
vn 0.01220024 -0.99791989 -0.06330126
vn 0.01299939 -0.99805329 0.06099715
vn 0.00540017 -0.99983227 0.01750056
vn 0.01910020 -0.99981035 -0.00380004
vn -0.00230008 -0.99813499 -0.06100214
vn 0.00540017 -0.99983227 -0.01750056
vn 0.00380010 -0.99952752 0.03050084
vn -0.00149999 -0.99799344 0.06329958
vn 0.94369629 -0.29469884 0.15029941
vn 0.98298716 -0.09759873 0.15559797
vn 0.64840822 -0.75470956 0.09990127
vn -0.22659959 -0.55599899 -0.79969854
vn -0.20020488 -0.47821165 -0.85512083
vn 0.32799165 -0.94087606 0.08469784
vn -0.00729975 -0.99996614 -0.00379987
vn 0.16409733 -0.09879839 0.98148405
vn -0.16070087 -0.09920054 0.98200534
vn -0.15100218 -0.29460425 0.94361363
vn 0.15709385 -0.29188858 0.94346308
vn 0.33608649 -0.49288019 -0.80256775
vn 0.26330004 -0.40410006 -0.87600013
vn 0.24110013 -0.43250024 -0.86880048
vn 0.29030460 -0.56200890 -0.77451226
vn 0.87748809 -0.39369466 -0.27389628
vn 0.87477395 -0.42328739 -0.23579298
vn 0.75649700 -0.53119789 -0.38149849
vn 0.71522102 -0.60441777 -0.35091032
vn -0.20480256 -0.95521192 0.21360267
vn -0.42988514 -0.78747277 0.44168473
vn -0.55346596 -0.78655162 0.27388315
vn -0.32198390 -0.94315284 0.08239588
vn -0.94219891 -0.30019965 0.14879983
vn -0.64192003 -0.76062374 0.09690302
vn -0.85103292 -0.30421177 0.42801656
vn -0.67863257 -0.30461462 0.66833208
vn -0.89094953 -0.11140619 0.44022447
vn -0.98271878 -0.10010191 0.15570297
vn -0.08429834 -0.94298138 0.32199364
vn -0.29139887 -0.78899693 0.54089790
vn 0.01179954 -0.99666075 0.08079682
vn -0.09959533 -0.75726452 0.64546976
vn -0.08809598 -0.99605453 -0.01069951
vn -0.70883413 -0.10150489 0.69803361
vn -0.44090980 -0.30450677 0.84431877
vn -0.45019397 -0.11349848 0.88568814
vn 0.09119889 -0.94078856 0.32649603
vn -0.74151384 -0.60211124 -0.29600553
vn -0.81573956 -0.51582501 -0.26171269
vn 0.10569726 -0.76418020 0.63628351
vn -0.23769783 -0.43399603 -0.86899205
vn -0.25749999 -0.40479999 -0.87739998
vn -0.87307694 -0.42638874 -0.23649375
vn -0.87567087 -0.39668680 -0.27539084
vn 0.21439656 -0.95328470 0.21279659
vn 0.55963203 -0.78244478 0.27311563
vn 0.43710897 -0.78431610 0.44020904
vn 0.85248390 -0.30129431 0.42719193
vn 0.68094278 -0.30271902 0.66684190
vn 0.89159393 -0.10909926 0.43949701
vn 0.29908549 -0.78716182 0.53937384
vn -0.00120003 -0.99672136 0.08090173
vn 0.09879506 -0.99505028 -0.01069947
vn 0.70964296 -0.09990605 0.69744222
vn 0.44379033 -0.30319340 0.84328163
vn 0.45168449 -0.11239614 0.88506962
vn -0.03930040 -0.99911030 -0.01530016
vn 0.05719897 -0.99818199 -0.01899966
vn 0.24980571 -0.50981164 0.82321880
vn 0.24990049 -0.41400081 0.87530171
vn 0.87753313 -0.39351486 0.27401034
vn 0.75649700 -0.53119789 0.38149849
vn -0.81557983 -0.51608724 0.26169353
vn -0.87551996 -0.39700905 0.27540628
vn -0.25749824 -0.40459724 0.87749401
vn -0.33220329 -0.49430489 0.80330794
vn -0.20019530 -0.47828877 -0.85507993
vn -0.25749999 -0.40479999 -0.87739998
vn -0.87570560 -0.39660254 -0.27540176
vn -0.81573956 -0.51582501 -0.26171269
vn 0.75649700 -0.53119789 -0.38149849
vn 0.87748809 -0.39369466 -0.27389628
vn 0.26331068 -0.40401639 -0.87603553
vn 0.33608649 -0.49288019 -0.80256775
vn -0.14429825 -0.40179513 -0.90428905
vn -0.16099598 -0.13999650 -0.97697558
vn 0.16419983 -0.13959986 -0.97649900
vn 0.15030618 -0.39811638 -0.90493723
vn 0.23150141 -0.54520333 0.80570492
vn 0.22659390 -0.64718259 0.72788042
vn 0.20550177 -0.67480583 0.70880612
vn 0.19589814 -0.54699480 0.81389226
vn 0.80836060 -0.54857326 0.21358959
vn 0.81128454 -0.52508999 0.25709510
vn 0.60471788 -0.74062190 0.29290866
vn 0.64909433 -0.67649409 0.34789696
vn -0.14599427 -0.97746164 -0.15249401
vn -0.23000590 -0.97122492 -0.06180159
vn -0.43232502 -0.87605070 -0.21361236
vn -0.33631462 -0.87603809 -0.34561503
vn -0.90238348 -0.40609257 -0.14419736
vn -0.81264445 -0.41292259 -0.41122249
vn -0.50919437 -0.85699052 -0.07929912
vn -0.64849783 -0.41429861 -0.63859786
vn -0.97721781 -0.14270260 -0.15710286
vn -0.88583320 -0.15980599 -0.43561633
vn -0.22739231 -0.87767031 -0.42188573
vn -0.06110112 -0.97081774 -0.23190424
vn 0.01029954 -0.99835527 -0.05639747
vn -0.07879623 -0.85495908 -0.51267546
vn -0.06109843 -0.99807439 0.01069973
vn -0.70430963 -0.14460198 -0.69500950
vn -0.42270739 -0.41470725 -0.80581409
vn -0.44449608 -0.16209857 -0.88099222
vn 0.06609842 -0.96957680 -0.23569436
vn -0.62982932 -0.73813436 0.24181126
vn -0.71296416 -0.66146675 0.23268830
vn 0.08359645 -0.86036345 -0.50277864
vn -0.31690662 -0.63941336 0.70051463
vn -0.24160251 -0.53750558 0.80790839
vn -0.21499812 -0.56059511 0.79969302
vn -0.23411323 -0.70243970 0.67213798
vn -0.80856702 -0.52887843 0.25788948
vn -0.80589008 -0.55219321 0.21359737
vn 0.15309596 -0.97637421 -0.15249597
vn 0.34238806 -0.87396951 -0.34488797
vn 0.43828111 -0.87326237 -0.21289083
vn 0.23929337 -0.96907316 -0.06029833
vn 0.90273606 -0.40611622 -0.14190567
vn 0.51380453 -0.85450753 -0.07630067
vn 0.81469253 -0.40969624 -0.41039624
vn 0.65089942 -0.41159963 -0.63789943
vn 0.88667866 -0.15679623 -0.43498953
vn 0.97767972 -0.13939711 -0.15719674
vn 0.23360647 -0.87602428 -0.42191169
vn -0.00290000 -0.99839839 -0.05649991
vn 0.06869919 -0.99758830 0.00989988
vn 0.70550877 -0.14210177 -0.69430863
vn 0.42509433 -0.41289449 -0.80548926
vn 0.44620202 -0.16060073 -0.88040398
vn -0.02810113 -0.99954007 0.01140046
vn -0.00519992 -0.99998384 0.00229996
vn 0.01240025 -0.99992047 0.00230005
vn 0.04119861 -0.99906641 0.01299956
vn 0.00469989 -0.99977676 -0.02059952
vn 0.00890010 -0.99891096 -0.04580050
vn 0.00939976 -0.99897410 0.04429885
vn 0.00350007 -0.99991945 0.01220024
vn 0.01300014 -0.99991069 -0.00310003
vn -0.00200004 -0.99902066 -0.04420091
vn 0.00390007 -0.99991797 -0.01220022
vn 0.00279995 -0.99978388 0.02059967
vn -0.00139993 -0.99894975 0.04579770
vn 0.90473309 -0.40111467 0.14340524
vn 0.97796479 -0.13919499 0.15559440
vn 0.51450690 -0.85381145 0.07930106
vn -0.18159981 -0.69499929 -0.69569929
vn -0.18369624 -0.62258726 -0.76068443
vn 0.23700966 -0.96953951 0.06180252
vn -0.00469994 -0.99998631 -0.00229997
vn 0.16410710 -0.13940604 0.97654228
vn -0.16099598 -0.13999650 0.97697558
vn -0.14430544 -0.40101511 0.90463408
vn 0.15030618 -0.39811638 0.90493723
vn 0.32079895 -0.63759791 -0.70039770
vn 0.24619105 -0.53638051 -0.80727066
vn 0.21850886 -0.55932268 -0.79963243
vn 0.23959906 -0.70129726 -0.67139738
vn 0.81116514 -0.52527743 -0.25708895
vn 0.80836060 -0.54857326 -0.21358959
vn 0.64889075 -0.67669035 -0.34789504
vn 0.60470017 -0.74060020 -0.29300008
vn -0.14649562 -0.97737079 0.15259544
vn -0.33631462 -0.87603809 0.34561503
vn -0.43232502 -0.87605070 0.21361236
vn -0.23229396 -0.97077475 0.06029843
vn -0.90175202 -0.40857826 0.14109249
vn -0.50829710 -0.85779510 0.07629956
vn -0.81257733 -0.41308847 0.41118853
vn -0.64849783 -0.41429861 0.63859786
vn -0.88579461 -0.15979903 0.43569735
vn -0.97746046 -0.14269423 0.15559371
vn -0.06110112 -0.97081774 0.23190424
vn -0.22750710 -0.87762737 0.42191316
vn 0.01029948 -0.99834963 0.05649715
vn -0.07880027 -0.85500291 0.51260174
vn -0.06139780 -0.99806428 -0.00989965
vn -0.70442933 -0.14440601 0.69492893
vn -0.42259019 -0.41489037 0.80578130
vn -0.44449608 -0.16209857 0.88099222
vn 0.06609686 -0.96955394 0.23578880
vn -0.62981409 -0.73811651 -0.24190541
vn -0.71310763 -0.66130708 -0.23270249
vn 0.08360065 -0.86040671 0.50270392
vn -0.21500326 -0.56070851 -0.79961213
vn -0.24160896 -0.53731992 -0.80802996
vn -0.80589008 -0.55219321 -0.21359737
vn -0.80870800 -0.52870523 -0.25780255
vn 0.15359682 -0.97627979 0.15259684
vn 0.43820965 -0.87331923 0.21280468
vn 0.34239986 -0.87399965 0.34479986
vn 0.81469253 -0.40969624 0.41039624
vn 0.65089942 -0.41159963 0.63789943
vn 0.88668940 -0.15699812 0.43489480
vn 0.23370102 -0.87600381 0.42190184
vn -0.00299999 -0.99839810 0.05649989
vn 0.06879872 -0.99758144 -0.00989982
vn 0.70560797 -0.14210161 0.69420784
vn 0.42509433 -0.41289449 0.80548926
vn 0.44620202 -0.16060073 0.88040398
vn -0.02830119 -0.99954217 -0.01070045
vn 0.04099858 -0.99906528 -0.01369952
vn 0.22659390 -0.64718259 0.72788042
vn 0.23150141 -0.54520333 0.80570492
vn 0.81128454 -0.52508999 0.25709510
vn 0.64909433 -0.67649409 0.34789696
vn -0.71301132 -0.66141050 0.23270369
vn -0.80856702 -0.52887843 0.25788948
vn -0.24148883 -0.53747514 0.80796263
vn -0.31690662 -0.63941336 0.70051463
vn -0.18369624 -0.62258726 -0.76068443
vn -0.24160896 -0.53731992 -0.80802996
vn -0.80868715 -0.52869160 -0.25789590
vn -0.71310763 -0.66130708 -0.23270249
vn 0.64889075 -0.67669035 -0.34789504
vn 0.81116514 -0.52527743 -0.25708895
vn 0.24619105 -0.53638051 -0.80727066
vn 0.32079895 -0.63759791 -0.70039770
vn -0.15030553 -0.30801133 -0.93943455
vn -0.16060230 -0.10410149 -0.98151403
vn 0.16399742 -0.10379837 -0.98098458
vn 0.15640363 -0.30530709 -0.93932182
vn 0.24800065 -0.43100113 0.86760227
vn 0.24759255 -0.52888408 0.81177556
vn 0.24299029 -0.54907806 0.79966805
vn 0.21320520 -0.43581063 0.87442132
vn 0.86739429 -0.43959711 0.23319847
vn 0.87019331 -0.41069684 0.27219791
vn 0.70118933 -0.62439050 0.34419476
vn 0.74318115 -0.55188600 0.37829040
vn -0.19568726 -0.95923756 -0.20388673
vn -0.30511512 -0.94884702 -0.08120402
vn -0.53639182 -0.80118779 -0.26529596
vn -0.41689081 -0.80178232 -0.42819056
vn -0.93808682 -0.31209561 -0.15029789
vn -0.84691349 -0.31780506 -0.42630679
vn -0.62450733 -0.77490910 -0.09750115
vn -0.67551098 -0.31850518 -0.66501081
vn -0.98192013 -0.10530216 -0.15730323
vn -0.89044359 -0.11709258 -0.43977214
vn -0.28260760 -0.80352161 -0.52391409
vn -0.08089793 -0.94797572 -0.30789211
vn 0.01179964 -0.99696917 -0.07689762
vn -0.09649960 -0.77269679 -0.62739740
vn -0.08350296 -0.99643527 0.01200042
vn -0.70801021 -0.10660154 -0.69811006
vn -0.43901509 -0.31851095 -0.84012888
vn -0.44940611 -0.11940162 -0.88531204
vn 0.08729973 -0.94599710 -0.31219904
vn -0.72790195 -0.62180166 0.28900077
vn -0.80334270 -0.53652852 0.25841374
vn 0.10259771 -0.77978263 -0.61758624
vn -0.33189683 -0.51459508 0.79059244
vn -0.25589534 -0.42189231 0.86978414
vn -0.23460031 -0.45050059 0.86140113
vn -0.27769850 -0.58279685 0.76369587
vn -0.86822477 -0.41411181 0.27330780
vn -0.86552159 -0.44311105 0.23350582
vn 0.20519754 -0.95728850 -0.20369755
vn 0.42389421 -0.79868909 -0.42709417
vn 0.54279636 -0.79709466 -0.26459823
vn 0.31701388 -0.94514137 -0.07880345
vn 0.93858552 -0.31169519 -0.14799772
vn 0.62901837 -0.77172254 -0.09370274
vn 0.84838484 -0.31509437 -0.42539240
vn 0.67749407 -0.31619723 -0.66409419
vn 0.89107903 -0.11479730 -0.43908967
vn 0.98220171 -0.10280018 -0.15720027
vn 0.28989678 -0.80139110 -0.52319419
vn -0.00150006 -0.99703746 -0.07690289
vn 0.09390205 -0.99552177 0.01090024
vn 0.70917997 -0.10489704 -0.69718031
vn 0.44177775 -0.31698404 -0.83925773
vn 0.45097971 -0.11829468 -0.88466020
vn -0.03699987 -0.99919660 0.01539995
vn -0.00719977 -0.99996760 0.00359988
vn 0.01720078 -0.99984557 0.00360016
vn 0.05490221 -0.99834010 0.01740070
vn 0.00649977 -0.99956409 -0.02879897
vn 0.01139997 -0.99809704 -0.06059982
vn 0.01220023 -0.99821865 0.05840109
vn 0.00500023 -0.99984635 0.01680078
vn 0.01790058 -0.99983255 -0.00380012
vn -0.00229998 -0.99829065 -0.05839945
vn 0.00530024 -0.99984481 -0.01680075
vn 0.00339993 -0.99957943 0.02879941
vn -0.00149993 -0.99815509 0.06069727
vn 0.93955578 -0.30808550 0.14939297
vn 0.98243925 -0.10280411 0.15570622
vn 0.63016956 -0.77036279 0.09709531
vn -0.22090046 -0.57550120 -0.78740165
vn -0.19829391 -0.49838469 -0.84397407
vn 0.31389840 -0.94599517 0.08099959
vn -0.00689980 -0.99997042 -0.00339990
vn 0.16409473 -0.10379667 0.98096849
vn -0.16060230 -0.10410149 0.98151403
vn -0.15030553 -0.30801133 0.93943455
vn 0.15640363 -0.30530709 0.93932182
vn 0.33529813 -0.51299715 -0.79019560
vn 0.26129100 -0.42108550 -0.86857010
vn 0.23839689 -0.44929415 -0.86098879
vn 0.28420839 -0.58171718 -0.76212251
vn 0.87013329 -0.41081572 -0.27221041
vn 0.86737406 -0.43958685 -0.23329302
vn 0.74309301 -0.55179481 -0.37859644
vn 0.70121346 -0.62441199 -0.34410661
vn -0.19570603 -0.95922957 0.20390629
vn -0.41689081 -0.80178232 0.42819056
vn -0.53639182 -0.80118779 0.26529596
vn -0.30788050 -0.94813996 0.07899500
vn -0.93791155 -0.31390386 0.14760182
vn -0.62369573 -0.77599469 0.09399936
vn -0.84688657 -0.31789496 0.42629324
vn -0.67551098 -0.31850518 0.66501081
vn -0.89038372 -0.11709786 0.43989195
vn -0.98215146 -0.10509481 0.15599229
vn -0.08089793 -0.94797572 0.30789211
vn -0.28260760 -0.80352161 0.52391409
vn 0.01179964 -0.99696917 0.07689762
vn -0.09649960 -0.77269679 0.62739740
vn -0.08390122 -0.99641446 -0.01090016
vn -0.70801021 -0.10660154 0.69811006
vn -0.43901509 -0.31851095 0.84012888
vn -0.44940611 -0.11940162 0.88531204
vn 0.08739897 -0.94598884 0.31219632
vn -0.72790195 -0.62180166 -0.28900077
vn -0.80361822 -0.53631216 -0.25800585
vn 0.10260571 -0.77974343 0.61763440
vn -0.23458974 -0.45058029 -0.86136232
vn -0.25589599 -0.42209339 -0.86968639
vn -0.86552159 -0.44311105 -0.23350582
vn -0.86832128 -0.41391014 -0.27330670
vn 0.20519754 -0.95728850 0.20369755
vn 0.54281072 -0.79711574 0.26450522
vn 0.42389421 -0.79868909 0.42709417
vn 0.84838484 -0.31509437 0.42539240
vn 0.67747265 -0.31628723 0.66407319
vn 0.89107903 -0.11479730 0.43908967
vn 0.28989678 -0.80139110 0.52319419
vn -0.00150006 -0.99703746 0.07690289
vn 0.09390205 -0.99552177 -0.01090024
vn 0.70922941 -0.10490435 0.69712891
vn 0.44177775 -0.31698404 0.83925773
vn 0.45097971 -0.11829468 0.88466020
vn -0.03739971 -0.99919226 -0.01469989
vn 0.05460221 -0.99834046 -0.01830074
vn 0.24759255 -0.52888408 0.81177556
vn 0.24790680 -0.43101182 0.86762379
vn 0.87019331 -0.41069684 0.27219791
vn 0.74318115 -0.55188600 0.37829040
vn -0.80332194 -0.53651465 0.25850706
vn -0.86822477 -0.41411181 0.27330780
vn -0.25601105 -0.42191821 0.86973753
vn -0.33189683 -0.51459508 0.79059244
vn -0.19838997 -0.49837480 -0.84395733
vn -0.25589599 -0.42209339 -0.86968639
vn -0.86829754 -0.41389883 -0.27339923
vn -0.80361822 -0.53631216 -0.25800585
vn 0.74309301 -0.55179481 -0.37859644
vn 0.87013329 -0.41081572 -0.27221041
vn 0.26129100 -0.42108550 -0.86857010
vn 0.33529813 -0.51299715 -0.79019560
vn 0.15100218 -0.29460425 -0.94361363
vn -0.15709385 -0.29188858 -0.94346308
vn -0.16399678 -0.09899806 -0.98148074
vn 0.16060345 -0.09920213 -0.98202111
vn -0.24990049 -0.41400081 0.87530171
vn -0.21559438 -0.41908907 0.88197699
vn -0.24790033 -0.52870070 0.81180108
vn -0.24989946 -0.50979891 0.82319823
vn -0.87752263 -0.39361015 0.27390706
vn -0.87487145 -0.42308619 0.23579231
vn -0.75649700 -0.53119789 0.38149849
vn -0.71519287 -0.60399398 0.35169650
vn 0.20480256 -0.95521192 -0.21360267
vn 0.42988514 -0.78747277 -0.44168473
vn 0.55350949 -0.78651348 -0.27390470
vn 0.31889884 -0.94399655 -0.08469969
vn 0.94237587 -0.29849236 -0.15109613
vn 0.64279611 -0.75949541 -0.09989940
vn 0.85111225 -0.30400438 -0.42800616
vn 0.67863257 -0.30461462 -0.66833208
vn 0.89095076 -0.11119386 -0.44027567
vn 0.98248128 -0.10009809 -0.15719701
vn 0.08429834 -0.94298138 -0.32199364
vn 0.29139887 -0.78899693 -0.54089790
vn -0.01179944 -0.99665269 -0.08089616
vn 0.09959533 -0.75726452 -0.64546976
vn 0.08769757 -0.99607244 0.01219966
vn 0.70878465 -0.10149780 -0.69808489
vn 0.44090980 -0.30450677 -0.84431877
vn 0.45019397 -0.11349848 -0.88568814
vn -0.09119591 -0.94075784 -0.32658536
vn 0.74151384 -0.60211124 0.29600553
vn 0.81557983 -0.51608724 0.26169353
vn -0.10570399 -0.76422882 -0.63622400
vn 0.33220329 -0.49430489 0.80330794
vn 0.28379641 -0.56329287 0.77599017
vn 0.23729975 -0.43399954 0.86909909
vn 0.25749824 -0.40459724 0.87749401
vn 0.87307694 -0.42638874 0.23649375
vn 0.87553060 -0.39691387 0.27550963
vn -0.21479859 -0.95319375 -0.21279860
vn -0.33109719 -0.93999202 -0.08239930
vn -0.55961674 -0.78242341 -0.27320817
vn -0.43710897 -0.78431610 -0.44020904
vn -0.94288316 -0.29809468 -0.14869735
vn -0.85248390 -0.30129431 -0.42719193
vn -0.64738408 -0.75608141 -0.09609764
vn -0.68099222 -0.30249654 -0.66689238
vn -0.98272141 -0.09770213 -0.15720343
vn -0.89143530 -0.10910432 -0.43981741
vn -0.29908549 -0.78716182 -0.53937384
vn 0.00120003 -0.99672136 -0.08090173
vn -0.09880489 -0.99504929 0.01070053
vn -0.70960055 -0.09980008 -0.69750054
vn -0.44381430 -0.30330977 -0.84322717
vn -0.45168449 -0.11239614 -0.88506962
vn 0.03890058 -0.99911498 0.01600024
vn -0.05759839 -0.99817211 0.01829949
vn -0.01830046 -0.99982531 0.00380010
vn 0.00799969 -0.99996078 0.00379985
vn -0.00690008 -0.99951094 -0.03050033
vn -0.00540016 -0.99983052 0.01760054
vn -0.01299939 -0.99805329 0.06099715
vn -0.01220024 -0.99791989 -0.06330126
vn -0.01910020 -0.99981035 -0.00380004
vn 0.00230007 -0.99812889 -0.06110177
vn 0.00159999 -0.99799329 0.06329957
vn -0.00380010 -0.99952752 0.03050084
vn -0.00530017 -0.99983281 -0.01750057
vn -0.94369629 -0.29469884 0.15029941
vn -0.98298716 -0.09759873 0.15559797
vn -0.64840822 -0.75470956 0.09990127
vn 0.22660511 -0.55611253 -0.79961802
vn 0.20019530 -0.47828877 -0.85507993
vn -0.32808089 -0.94084519 0.08469507
vn 0.00719976 -0.99996686 -0.00379987
vn -0.16409733 -0.09879839 0.98148405
vn -0.15709385 -0.29188858 0.94346308
vn 0.15100218 -0.29460425 0.94361363
vn 0.16070087 -0.09920054 0.98200534
vn -0.33600819 -0.49301202 -0.80251956
vn -0.29039617 -0.56199258 -0.77448977
vn -0.24110013 -0.43250024 -0.86880048
vn -0.26330004 -0.40410006 -0.87600013
vn -0.87487145 -0.42308619 -0.23579231
vn -0.87748809 -0.39369466 -0.27389628
vn -0.71528799 -0.60428985 -0.35099411
vn -0.75649700 -0.53119789 -0.38149849
vn 0.20480256 -0.95521192 0.21360267
vn 0.32189427 -0.94318321 0.08239853
vn 0.55350949 -0.78651348 0.27390470
vn 0.42988514 -0.78747277 0.44168473
vn 0.94219891 -0.30019965 0.14879983
vn 0.85108637 -0.30409513 0.42799315
vn 0.64197882 -0.76057491 0.09689680
vn 0.67863257 -0.30461462 0.66833208
vn 0.98273407 -0.10010347 0.15560539
vn 0.89093014 -0.11120376 0.44031490
vn 0.29139887 -0.78899693 0.54089790
vn 0.08430105 -0.94301174 0.32190401
vn -0.01179944 -0.99665269 0.08089616
vn 0.09959533 -0.75726452 0.64546976
vn 0.08809598 -0.99605453 -0.01069951
vn 0.70878465 -0.10149780 0.69808489
vn 0.44090980 -0.30450677 0.84431877
vn 0.45011424 -0.11350359 0.88572801
vn -0.09119591 -0.94075784 0.32658536
vn 0.74151384 -0.60211124 -0.29600553
vn 0.81562192 -0.51601387 -0.26170703
vn -0.10570399 -0.76422882 0.63622400
vn 0.25749999 -0.40479999 -0.87739998
vn 0.23770814 -0.43391486 -0.86902976
vn 0.87567087 -0.39668680 -0.27539084
vn 0.87305317 -0.42642597 -0.23651440
vn -0.21479402 -0.95317346 0.21289407
vn -0.43718986 -0.78428182 0.44018979
vn -0.55963203 -0.78244478 0.27311563
vn -0.85248390 -0.30129431 0.42719193
vn -0.68099641 -0.30269841 0.66679649
vn -0.89159393 -0.10909926 0.43949701
vn -0.29908549 -0.78716182 0.53937384
vn 0.00120003 -0.99672136 0.08090173
vn -0.09879506 -0.99505028 -0.01069947
vn -0.70963587 -0.10000505 0.69743525
vn -0.44379033 -0.30319340 0.84328163
vn -0.45168449 -0.11239614 0.88506962
vn -0.05719886 -0.99818009 -0.01909962
vn 0.03930040 -0.99911030 -0.01530016
vn -0.24990049 -0.41400081 0.87530171
vn -0.24989946 -0.50979891 0.82319823
vn -0.87752263 -0.39361015 0.27390706
vn -0.75649700 -0.53119789 0.38149849
vn 0.81557983 -0.51608724 0.26169353
vn 0.87549584 -0.39699811 0.27549869
vn 0.25749824 -0.40459724 0.87749401
vn 0.33220329 -0.49430489 0.80330794
vn 0.20019530 -0.47828877 -0.85507993
vn 0.25749999 -0.40479999 -0.87739998
vn 0.87567087 -0.39668680 -0.27539084
vn 0.81565539 -0.51597178 -0.26168569
vn -0.75649700 -0.53119789 -0.38149849
vn -0.87748809 -0.39369466 -0.27389628
vn -0.26331068 -0.40401639 -0.87603553
vn -0.33600819 -0.49301202 -0.80251956
vn 0.14429825 -0.40179513 -0.90428905
vn -0.15030618 -0.39811638 -0.90493723
vn -0.16419983 -0.13959986 -0.97649900
vn 0.16099598 -0.13999650 -0.97697558
vn -0.23150141 -0.54520333 0.80570492
vn -0.19590885 -0.54692471 0.81393678
vn -0.20539213 -0.67487415 0.70877285
vn -0.22659390 -0.64718259 0.72788042
vn -0.81116514 -0.52527743 0.25708895
vn -0.80832594 -0.54861761 0.21360686
vn -0.64903646 -0.67653800 0.34791954
vn -0.60470017 -0.74060020 0.29300008
vn 0.14599427 -0.97746164 -0.15249401
vn 0.33631462 -0.87603809 -0.34561503
vn 0.43240633 -0.87601282 -0.21360313
vn 0.23000590 -0.97122492 -0.06180159
vn 0.90238348 -0.40609257 -0.14419736
vn 0.50919437 -0.85699052 -0.07929912
vn 0.81264445 -0.41292259 -0.41122249
vn 0.64849783 -0.41429861 -0.63859786
vn 0.88583320 -0.15980599 -0.43561633
vn 0.97720246 -0.14270036 -0.15720040
vn 0.06110112 -0.97081774 -0.23190424
vn 0.22739231 -0.87767031 -0.42188573
vn -0.01029948 -0.99834963 -0.05649715
vn 0.07879623 -0.85495908 -0.51267546
vn 0.06109850 -0.99807546 0.01059974
vn 0.70430963 -0.14460198 -0.69500950
vn 0.42270739 -0.41470725 -0.80581409
vn 0.44449608 -0.16209857 -0.88099222
vn -0.06609686 -0.96955394 -0.23578880
vn 0.62988965 -0.73808787 0.24179603
vn 0.71296416 -0.66146675 0.23268830
vn -0.08359645 -0.86036345 -0.50277864
vn 0.31699657 -0.63939309 0.70049243
vn 0.23411323 -0.70243970 0.67213798
vn 0.21498607 -0.56066368 0.79964819
vn 0.24160251 -0.53750558 0.80790839
vn 0.80589008 -0.55219321 0.21359737
vn 0.80856702 -0.52887843 0.25788948
vn -0.15359682 -0.97627979 -0.15259684
vn -0.23929337 -0.96907316 -0.06029833
vn -0.43820032 -0.87330064 -0.21290016
vn -0.34250626 -0.87391596 -0.34490630
vn -0.90273606 -0.40611622 -0.14190567
vn -0.81469253 -0.40969624 -0.41039624
vn -0.51380453 -0.85450753 -0.07630067
vn -0.65089942 -0.41159963 -0.63789943
vn -0.97766609 -0.13949516 -0.15719455
vn -0.88671723 -0.15680305 -0.43490845
vn -0.23370102 -0.87600381 -0.42190184
vn 0.00299999 -0.99839810 -0.05649989
vn -0.06879872 -0.99758144 0.00989982
vn -0.70558790 -0.14229756 -0.69418810
vn -0.42509433 -0.41289449 -0.80548926
vn -0.44620202 -0.16060073 -0.88040398
vn 0.02810113 -0.99954007 0.01140046
vn -0.04139827 -0.99905816 0.01299946
vn -0.01240025 -0.99992047 0.00230005
vn 0.00519992 -0.99998384 0.00229996
vn -0.00469989 -0.99977676 -0.02059952
vn -0.00350007 -0.99991945 0.01220024
vn -0.00939980 -0.99897852 0.04419905
vn -0.00890010 -0.99891096 -0.04580050
vn -0.01300014 -0.99991099 -0.00300003
vn 0.00200003 -0.99901624 -0.04430072
vn 0.00139993 -0.99894975 0.04579770
vn -0.00279995 -0.99978388 0.02059967
vn -0.00390007 -0.99991797 -0.01220022
vn -0.90473309 -0.40111467 0.14340524
vn -0.97794521 -0.13920644 0.15570720
vn -0.51458042 -0.85376752 0.07929698
vn 0.18159981 -0.69499929 -0.69569929
vn 0.18369624 -0.62258726 -0.76068443
vn -0.23700966 -0.96953951 0.06180252
vn 0.00469994 -0.99998631 -0.00229997
vn -0.16410710 -0.13940604 0.97654228
vn -0.15030618 -0.39811638 0.90493723
vn 0.14419595 -0.40118872 0.90457456
vn 0.16100048 -0.13980042 0.97700291
vn -0.32079895 -0.63759791 -0.70039770
vn -0.23959906 -0.70129726 -0.67139738
vn -0.21850886 -0.55932268 -0.79963243
vn -0.24619105 -0.53638051 -0.80727066
vn -0.80832594 -0.54861761 -0.21360686
vn -0.81116514 -0.52527743 -0.25708895
vn -0.60470017 -0.74060020 -0.29300008
vn -0.64883285 -0.67673426 -0.34791762
vn 0.14629991 -0.97739941 0.15259991
vn 0.23229396 -0.97077475 0.06029843
vn 0.43228715 -0.87607395 0.21359365
vn 0.33631462 -0.87603809 0.34561503
vn 0.90173334 -0.40861511 0.14110522
vn 0.81257733 -0.41308847 0.41118853
vn 0.50829710 -0.85779510 0.07629956
vn 0.64849783 -0.41429861 0.63859786
vn 0.97746046 -0.14269423 0.15559371
vn 0.88579461 -0.15979903 0.43569735
vn 0.22750710 -0.87762737 0.42191316
vn 0.06110112 -0.97081774 0.23190424
vn -0.01029948 -0.99834963 0.05649715
vn 0.07879623 -0.85495908 0.51267546
vn 0.06139780 -0.99806428 -0.00989965
vn 0.70442933 -0.14440601 0.69492893
vn 0.42270739 -0.41470725 0.80581409
vn 0.44459071 -0.16189662 0.88098160
vn -0.06609686 -0.96955394 0.23578880
vn 0.62981409 -0.73811651 -0.24190541
vn 0.71310763 -0.66130708 -0.23270249
vn -0.08359645 -0.86036345 0.50277864
vn 0.24160896 -0.53731992 -0.80802996
vn 0.21499812 -0.56059511 -0.79969302
vn 0.80868715 -0.52869160 -0.25789590
vn 0.80589008 -0.55219321 -0.21359737
vn -0.15350152 -0.97630967 0.15250151
vn -0.34238806 -0.87396951 0.34488797
vn -0.43828111 -0.87326237 0.21289083
vn -0.81462546 -0.40971280 0.41051283
vn -0.65089942 -0.41159963 0.63789943
vn -0.88668940 -0.15699812 0.43489480
vn -0.23370102 -0.87600381 0.42190184
vn 0.00300001 -0.99840373 0.05640021
vn -0.06879872 -0.99758144 -0.00989982
vn -0.70555899 -0.14209174 0.69425964
vn -0.42511188 -0.41281154 0.80552251
vn -0.44617706 -0.16039175 0.88045472
vn -0.04109840 -0.99906118 -0.01369947
vn 0.02830097 -0.99953443 -0.01140039
vn -0.23150141 -0.54520333 0.80570492
vn -0.22659390 -0.64718259 0.72788042
vn -0.81116514 -0.52527743 0.25708895
vn -0.64909433 -0.67649409 0.34789696
vn 0.71301132 -0.66141050 0.23270369
vn 0.80856702 -0.52887843 0.25788948
vn 0.24160251 -0.53750558 0.80790839
vn 0.31690662 -0.63941336 0.70051463
vn 0.18369624 -0.62258726 -0.76068443
vn 0.24159598 -0.53739105 -0.80798654
vn 0.80868715 -0.52869160 -0.25789590
vn 0.71310763 -0.66130708 -0.23270249
vn -0.64878894 -0.67678846 -0.34789407
vn -0.81116514 -0.52527743 -0.25708895
vn -0.24619105 -0.53638051 -0.80727066
vn -0.32079895 -0.63759791 -0.70039770
vn 0.15030090 -0.30810184 -0.93940561
vn -0.15640363 -0.30530709 -0.93932182
vn -0.16409473 -0.10379667 -0.98096849
vn 0.16060230 -0.10410149 -0.98151403
vn -0.24800065 -0.43100113 0.86760227
vn -0.21320520 -0.43581063 0.87442132
vn -0.24299638 -0.54919182 0.79958809
vn -0.24759255 -0.52888408 0.81177556
vn -0.87013329 -0.41081572 0.27221041
vn -0.86739429 -0.43959711 0.23319847
vn -0.74342180 -0.55161617 0.37821109
vn -0.70149273 -0.62399353 0.34429643
vn 0.19570603 -0.95922957 -0.20390629
vn 0.41689081 -0.80178232 -0.42819056
vn 0.53639182 -0.80118779 -0.26529596
vn 0.30511264 -0.94883931 -0.08130337
vn 0.93805860 -0.31208623 -0.15049336
vn 0.62445894 -0.77494905 -0.09749359
vn 0.84688657 -0.31789496 -0.42629324
vn 0.67551098 -0.31850518 -0.66501081
vn 0.89038372 -0.11709786 -0.43989195
vn 0.98194080 -0.10510437 -0.15730654
vn 0.08089793 -0.94797572 -0.30789211
vn 0.28269961 -0.80349890 -0.52389928
vn -0.01179964 -0.99696917 -0.07689762
vn 0.09649960 -0.77269679 -0.62739740
vn 0.08360226 -0.99642694 0.01200032
vn 0.70801021 -0.10660154 -0.69811006
vn 0.43901509 -0.31851095 -0.84012888
vn 0.44940611 -0.11940162 -0.88531204
vn -0.08739897 -0.94598884 -0.31219632
vn 0.72780645 -0.62200551 0.28880256
vn 0.80337816 -0.53648542 0.25839298
vn -0.10260571 -0.77974343 -0.61763440
vn 0.33189683 -0.51459508 0.79059244
vn 0.27768231 -0.58286288 0.76365136
vn 0.23460031 -0.45050059 0.86140113
vn 0.25598878 -0.42188151 0.86976188
vn 0.86558292 -0.44289126 0.23369539
vn 0.86818881 -0.41419466 0.27329648
vn -0.20489053 -0.95735574 -0.20369058
vn -0.31701388 -0.94514137 -0.07880345
vn -0.54279636 -0.79709466 -0.26459823
vn -0.42389421 -0.79868909 -0.42709417
vn -0.93858552 -0.31169519 -0.14799772
vn -0.84842093 -0.31510777 -0.42531049
vn -0.62902427 -0.77172977 -0.09360361
vn -0.67749407 -0.31619723 -0.66409419
vn -0.98223732 -0.10260390 -0.15710597
vn -0.89101930 -0.11480249 -0.43920951
vn -0.29001161 -0.80133208 -0.52322095
vn 0.00150006 -0.99703746 -0.07690289
vn -0.09380293 -0.99553111 0.01090034
vn -0.70917997 -0.10489704 -0.69718031
vn -0.44177775 -0.31698404 -0.83925773
vn -0.45097971 -0.11829468 -0.88466020
vn 0.03739932 -0.99918174 0.01539972
vn -0.05490221 -0.99834010 0.01740070
vn -0.01720078 -0.99984557 0.00360016
vn 0.00729976 -0.99996688 0.00359988
vn -0.00649977 -0.99956409 -0.02879897
vn -0.00500023 -0.99984635 0.01680078
vn -0.01220009 -0.99820697 0.05860041
vn -0.01189975 -0.99807911 -0.06079873
vn -0.01790058 -0.99983255 -0.00380012
vn 0.00229998 -0.99829065 -0.05839945
vn 0.00149993 -0.99815509 0.06069727
vn -0.00339993 -0.99957943 0.02879941
vn -0.00540024 -0.99984427 -0.01680074
vn -0.93959876 -0.30799959 0.14929980
vn -0.98247820 -0.10259772 0.15559655
vn -0.63016956 -0.77036279 0.09709531
vn 0.22090514 -0.57561339 -0.78731832
vn 0.19829391 -0.49838469 -0.84397407
vn -0.31389585 -0.94598750 0.08109893
vn 0.00689980 -0.99997042 -0.00339990
vn -0.16399742 -0.10379837 0.98098458
vn -0.15640363 -0.30530709 0.93932182
vn 0.15030553 -0.30801133 0.93943455
vn 0.16060230 -0.10410149 0.98151403
vn -0.33529813 -0.51299715 -0.79019560
vn -0.28420839 -0.58171718 -0.76212251
vn -0.23810322 -0.44940607 -0.86101164
vn -0.26129100 -0.42108550 -0.86857010
vn -0.86739429 -0.43959711 -0.23319847
vn -0.87006178 -0.41098195 -0.27218804
vn -0.70149273 -0.62399353 -0.34429643
vn -0.74309301 -0.55179481 -0.37859644
vn 0.19570603 -0.95922957 0.20390629
vn 0.30778998 -0.94816915 0.07899743
vn 0.53639182 -0.80118779 0.26529596
vn 0.41689081 -0.80178232 0.42819056
vn 0.93791155 -0.31390386 0.14760182
vn 0.84688657 -0.31789496 0.42629324
vn 0.62363463 -0.77604309 0.09400522
vn 0.67551098 -0.31850518 0.66501081
vn 0.98215146 -0.10509481 0.15599229
vn 0.89044359 -0.11709258 0.43977214
vn 0.28260760 -0.80352161 0.52391409
vn 0.08090042 -0.94800491 0.30780159
vn -0.01179973 -0.99697683 0.07679822
vn 0.09649960 -0.77269679 0.62739740
vn 0.08390122 -0.99641446 -0.01090016
vn 0.70809439 -0.10679915 0.69799447
vn 0.43901509 -0.31851095 0.84012888
vn 0.44940611 -0.11940162 0.88531204
vn -0.08739897 -0.94598884 0.31219632
vn 0.72780645 -0.62200551 -0.28880256
vn 0.80369834 -0.53609889 -0.25819947
vn -0.10259771 -0.77978263 0.61758624
vn 0.25601170 -0.42211930 -0.86963976
vn 0.23460031 -0.45050059 -0.86140113
vn 0.86822477 -0.41411181 -0.27330780
vn 0.86560315 -0.44290161 -0.23360085
vn -0.20479473 -0.95737535 0.20369476
vn -0.42389421 -0.79868909 0.42709417
vn -0.54279636 -0.79709466 0.26459823
vn -0.84842093 -0.31510777 0.42531049
vn -0.67749407 -0.31619723 0.66409419
vn -0.89111816 -0.11480234 0.43900894
vn -0.28992001 -0.80135532 0.52323612
vn 0.00150006 -0.99703746 0.07690289
vn -0.09380293 -0.99553111 -0.01090034
vn -0.70917997 -0.10489704 0.69718031
vn -0.44177775 -0.31698404 0.83925773
vn -0.45097971 -0.11829468 0.88466020
vn -0.05460221 -0.99834046 -0.01830074
vn 0.03739971 -0.99919226 -0.01469989
vn -0.24789611 -0.43109324 0.86758639
vn -0.24759255 -0.52888408 0.81177556
vn -0.87013329 -0.41081572 0.27221041
vn -0.74342180 -0.55161617 0.37821109
vn 0.80334270 -0.53652852 0.25841374
vn 0.86818881 -0.41419466 0.27329648
vn 0.25598878 -0.42188151 0.86976188
vn 0.33189683 -0.51459508 0.79059244
vn 0.19829391 -0.49838469 -0.84397407
vn 0.25601170 -0.42211930 -0.86963976
vn 0.86822477 -0.41411181 -0.27330780
vn 0.80369834 -0.53609889 -0.25819947
vn -0.74309301 -0.55179481 -0.37859644
vn -0.87008546 -0.41099313 -0.27209545
vn -0.26129100 -0.42108550 -0.86857010
vn -0.33529813 -0.51299715 -0.79019560
vn 0.00000000 0.00000000 1.00000000
vn 0.00000000 0.00000000 1.00000000
vn 0.00000000 0.00000000 1.00000000
vn 0.00000000 0.00000000 1.00000000
vn 0.00000000 0.00000000 1.00000000
vn 0.00000000 0.00000000 1.00000000
vn 0.00000000 0.00000000 1.00000000
vn 0.00000000 0.00000000 1.00000000
vn 0.00000000 0.00000000 1.00000000
vn 0.00000000 0.00000000 1.00000000
vn 0.00000000 0.00000000 1.00000000
vn 0.00000000 0.00000000 1.00000000
vn 0.00000000 0.00000000 1.00000000
vn 0.00000000 0.00000000 1.00000000
vn 0.00000000 0.00000000 1.00000000
vn 0.00000000 0.00000000 1.00000000
vn 0.00000000 0.00000000 1.00000000
vn 0.00000000 0.00000000 1.00000000
vn 0.00000000 0.00000000 1.00000000
vn 0.00000000 0.00000000 1.00000000
vn 0.00000000 0.00000000 1.00000000
vn 0.00000000 0.00000000 1.00000000
vn 0.00000000 0.00000000 1.00000000
vn 0.00000000 0.00000000 1.00000000
vn 0.05610192 -0.99563399 0.07460255
vn 0.00000000 -0.99560980 0.09360092
vn 0.06890162 -0.99762346 0.00000000
vn 0.05469985 -0.99569720 -0.07479979
vn -0.05610192 -0.99563399 0.07460255
vt 0.04029600 0.91662200
vt 0.04005600 0.67039200
vt 0.00050000 0.60357000
vt 0.00050700 0.99934500
vt 0.54795700 0.73113400
vt 0.73227300 0.73113400
vt 0.73227400 0.72084100
vt 0.54795600 0.72084100
vt 0.47106200 0.96819100
vt 0.47106200 0.75139500
vt 0.45593800 0.74754800
vt 0.45593800 0.97203800
vt 0.39404900 0.93541300
vt 0.22673900 0.93548100
vt 0.22673900 0.99950000
vt 0.45297000 0.99934400
vt 0.78926500 0.98846800
vt 0.64011500 0.98845200
vt 0.64011500 0.99874600
vt 0.79669300 0.99875800
vt 0.08055200 0.60035800
vt 0.26486900 0.60035800
vt 0.26486900 0.59383800
vt 0.08055200 0.59383800
vt 0.66522800 0.26385300
vt 0.66522800 0.47984000
vt 0.95801000 0.47983900
vt 0.95801000 0.26385500
vt 0.64138000 0.00934200
vt 0.49327700 0.00934300
vt 0.49327700 0.30213000
vt 0.64138600 0.30211200
vt 0.79482300 0.71117900
vt 0.63753900 0.71122200
vt 0.63753900 0.71774300
vt 0.80114900 0.71778600
vt 0.89436100 0.54845400
vt 0.66904800 0.54845400
vt 0.66278900 0.55492300
vt 0.90062000 0.55492300
vt 0.05139700 0.65352200
vt 0.05913500 0.65176500
vt 0.04564700 0.65722400
vt 0.04187300 0.66287200
vt 0.04214700 0.92418600
vt 0.04595100 0.92988400
vt 0.48302500 0.73328600
vt 0.49096500 0.73112000
vt 0.48353800 0.72082900
vt 0.47250400 0.72346000
vt 0.47708000 0.73736800
vt 0.46421600 0.72878400
vt 0.45868900 0.73682000
vt 0.47309400 0.74339300
vt 0.47309400 0.97619300
vt 0.45868900 0.98276600
vt 0.47708000 0.98221800
vt 0.46421600 0.99080300
vt 0.05170900 0.93363100
vt 0.05942900 0.93541300
vt 0.47250400 0.99612700
vt 0.48353800 0.99875700
vt 0.49096500 0.98846700
vt 0.48302600 0.98630100
vt 0.00402200 0.60040500
vt 0.01542600 0.60040100
vt 0.00910000 0.59379500
vt 0.00050000 0.59396300
vt 0.64842400 0.54656900
vt 0.63905200 0.54354400
vt 0.63967700 0.55085900
vt 0.64693200 0.55311200
vt 0.95806200 0.24886500
vt 0.95815000 0.24194300
vt 0.66522700 0.24188900
vt 0.66531300 0.24881100
vt 0.95802700 0.48786100
vt 0.66521100 0.48789100
vt 0.95806200 0.49482900
vt 0.66531300 0.49488300
vt 0.66521200 0.25580300
vt 0.95802700 0.25583300
vt 0.33720200 0.30212300
vt 0.34516800 0.30211200
vt 0.34517400 0.00934200
vt 0.33724000 0.00934000
vt 0.66529800 0.50180500
vt 0.95808000 0.50175200
vt 0.46532800 0.71761800
vt 0.47392800 0.71778600
vt 0.48025500 0.71117900
vt 0.46885000 0.71117500
vt 0.91647700 0.55311500
vt 0.92373200 0.55086400
vt 0.92435900 0.54354800
vt 0.91498600 0.54657200
vt 0.65435000 0.55436200
vt 0.65802400 0.54807500
vt 0.90538600 0.54807600
vt 0.90905900 0.55436400
vt 0.65867500 0.55814800
vt 0.90486200 0.55803600
vt 0.39033300 0.93195200
vt 0.22673900 0.93186900
vt 0.05499300 0.65692600
vt 0.06315200 0.65501200
vt 0.04891000 0.66086400
vt 0.04273000 0.67487800
vt 0.04491300 0.66684800
vt 0.04496800 0.92002400
vt 0.04280200 0.91199300
vt 0.04893300 0.92602200
vt 0.06314400 0.93195200
vt 0.05499400 0.92999400
vt 0.66258400 0.26362300
vt 0.66258400 0.48007000
vt 0.49327700 0.30456600
vt 0.64228200 0.30460500
vt 0.00848400 0.01128300
vt 0.01645800 0.01128700
vt 0.01601500 0.00883800
vt 0.00759000 0.00884500
vt 0.00168000 0.01260600
vt 0.00050000 0.01021600
vt 0.66252800 0.25571800
vt 0.66271900 0.24867200
vt 0.66252800 0.48797600
vt 0.66271800 0.49502100
vt 0.33616000 0.30458400
vt 0.34427100 0.30460400
vt 0.33047500 0.30049300
vt 0.32916600 0.30281400
vt 0.89398900 0.54759800
vt 0.66942100 0.54759800
vt 0.73227700 0.72008600
vt 0.54795300 0.72008700
vt 0.48285300 0.72009900
vt 0.47177500 0.72279300
vt 0.46347900 0.72814300
vt 0.65827200 0.54715300
vt 0.64860100 0.54560400
vt 0.90513800 0.54715400
vt 0.91480900 0.54560700
vt 0.47177500 0.99679400
vt 0.48285400 0.99948700
vt 0.46347900 0.99144300
vt 0.00836900 0.30453400
vt 0.01600900 0.30460500
vt 0.03053500 0.30121000
vt 0.03052300 0.02041000
vt 0.70554200 0.69431000
vt 0.76144000 0.69428900
vt 0.74982300 0.68076200
vt 0.70554200 0.68113800
vt 0.05639800 0.33276000
vt 0.05639500 0.32264800
vt 0.01211600 0.32224800
vt 0.00050000 0.33277700
vt 0.52122600 0.68113700
vt 0.52122700 0.69430800
vt 0.03156100 0.29965600
vt 0.03892000 0.27224600
vt 0.03892000 0.04936400
vt 0.03154800 0.02195800
vt 0.06659800 0.04936300
vt 0.07449000 0.02194200
vt 0.08537800 0.04455300
vt 0.06661100 0.27224200
vt 0.07453400 0.29967400
vt 0.71752200 0.65205300
vt 0.87577400 0.65205300
vt 0.87583100 0.64402900
vt 0.71746500 0.64402900
vt 0.01320900 0.31630800
vt 0.01805000 0.31630800
vt 0.01805000 0.30828500
vt 0.01320900 0.30828500
vt 0.36068400 0.60040500
vt 0.51893600 0.60040500
vt 0.51899300 0.59238100
vt 0.36062700 0.59238100
vt 0.84896100 0.63327200
vt 0.85380200 0.63327200
vt 0.85380200 0.62524900
vt 0.84896100 0.62524900
vt 0.04413500 0.24060100
vt 0.04625400 0.23996500
vt 0.04626400 0.08164900
vt 0.04414900 0.08100400
vt 0.01909200 0.31869100
vt 0.01216600 0.31869100
vt 0.06137300 0.08100200
vt 0.05925800 0.08164700
vt 0.05927000 0.23996400
vt 0.06139000 0.24059900
vt 0.05624100 0.24665900
vt 0.05509300 0.24435500
vt 0.05043400 0.24435500
vt 0.04928700 0.24666000
vt 0.04592200 0.24454300
vt 0.71419300 0.64403000
vt 0.71417600 0.65205100
vt 0.87912000 0.65205100
vt 0.87910300 0.64403000
vt 0.01002300 0.30825000
vt 0.00989000 0.31627000
vt 0.02136800 0.31627000
vt 0.02123600 0.30825000
vt 0.35735500 0.59238300
vt 0.35733800 0.60040400
vt 0.52228200 0.60040400
vt 0.52226500 0.59238300
vt 0.84577500 0.62521300
vt 0.84564200 0.63323300
vt 0.85712000 0.63323300
vt 0.85698800 0.62521300
vt 0.04774200 0.24278400
vt 0.04784100 0.07883700
vt 0.04598800 0.07708100
vt 0.04930300 0.07494700
vt 0.05062500 0.07713700
vt 0.05489500 0.07713700
vt 0.05767900 0.07883600
vt 0.05953100 0.07708000
vt 0.05621500 0.07494700
vt 0.05778400 0.24278300
vt 0.05960500 0.24454100
vt 0.24767900 0.04455200
vt 0.25856900 0.02194200
vt 0.09008800 0.07412500
vt 0.09008800 0.24741100
vt 0.09663800 0.24292800
vt 0.09664000 0.07857700
vt 0.11081000 0.06857100
vt 0.22224700 0.06857100
vt 0.22852300 0.06374200
vt 0.10453300 0.06374200
vt 0.11081600 0.25290300
vt 0.10156600 0.24942500
vt 0.09513600 0.25411800
vt 0.10453400 0.25778500
vt 0.10156900 0.07207400
vt 0.09513300 0.06742200
vt 0.09772800 0.07900800
vt 0.10253600 0.07273000
vt 0.10156900 0.07207400
vt 0.09664000 0.07857700
vt 0.11145800 0.06930900
vt 0.11081000 0.06857100
vt 0.22159800 0.06930900
vt 0.22224700 0.06857100
vt 0.11147000 0.25214900
vt 0.10253900 0.24874700
vt 0.10156600 0.24942500
vt 0.11081600 0.25290300
vt 0.09772900 0.24247000
vt 0.09663800 0.24292800
vt 0.16652900 0.25829400
vt 0.16652900 0.25782100
vt 0.10453400 0.25778500
vt 0.10346000 0.25827900
vt 0.08931900 0.07337100
vt 0.08932000 0.24818900
vt 0.09008800 0.24741100
vt 0.09008800 0.07412500
vt 0.09417200 0.25479000
vt 0.09513600 0.25411800
vt 0.09417000 0.06676400
vt 0.09513300 0.06742200
vt 0.10346400 0.06328700
vt 0.10453300 0.06374200
vt 0.13455100 0.65168400
vt 0.13451000 0.60337500
vt 0.13456300 0.65510800
vt 0.07376300 0.01121300
vt 0.07376300 0.00886600
vt 0.64011500 0.99950000
vt 0.16652800 0.16072000
vt 0.16652800 0.25212500
vt 0.08539100 0.27703900
vt 0.22959200 0.06328700
vt 0.31892400 0.65168400
vt 0.31896500 0.60337500
vt 0.31891300 0.65510800
vt 0.25930000 0.01121300
vt 0.25930000 0.00886600
vt 0.14855400 0.33274400
vt 0.14855400 0.32263200
vt 0.16653000 0.29960400
vt 0.16652900 0.27834000
vt 0.16652900 0.25782100
vt 0.16652900 0.25285500
vt 0.16652900 0.25285500
vt 0.22852300 0.06374200
vt 0.07442000 0.02001400
vt 0.07448500 0.30161200
vt 0.25864100 0.02001300
vt 0.16653000 0.30162900
vt 0.41318100 0.91662200
vt 0.45297600 0.60357000
vt 0.41342000 0.67039200
vt 0.80916800 0.96819100
vt 0.82429200 0.97203800
vt 0.82429200 0.74754900
vt 0.80916800 0.75139500
vt 0.63147900 0.34367300
vt 0.33869700 0.34367500
vt 0.33869700 0.55965900
vt 0.63148000 0.55966000
vt 0.89436200 0.52506700
vt 0.90062100 0.51859800
vt 0.66279000 0.51859800
vt 0.66904900 0.52506700
vt 0.40207900 0.65352200
vt 0.40782900 0.65722500
vt 0.39434100 0.65176500
vt 0.41160300 0.66287200
vt 0.41133000 0.92418600
vt 0.40752600 0.92988400
vt 0.79720400 0.73328600
vt 0.80772600 0.72346000
vt 0.79669200 0.72082900
vt 0.78926500 0.73112000
vt 0.80315000 0.73736800
vt 0.81601400 0.72878400
vt 0.82154000 0.73682000
vt 0.80713600 0.74339300
vt 0.80713600 0.97619300
vt 0.82154100 0.98276700
vt 0.80315000 0.98221900
vt 0.81601400 0.99080300
vt 0.40176800 0.93363100
vt 0.80772700 0.99612700
vt 0.79720500 0.98630200
vt 0.34139900 0.60040500
vt 0.34492100 0.59396200
vt 0.33632100 0.59379400
vt 0.32999400 0.60040100
vt 0.64842400 0.52695200
vt 0.64693200 0.52040900
vt 0.63967800 0.52266100
vt 0.63905200 0.52997600
vt 0.33864600 0.32868500
vt 0.63139400 0.32863100
vt 0.63148000 0.32170900
vt 0.33855700 0.32176300
vt 0.33868000 0.56768100
vt 0.63149600 0.56771000
vt 0.33864500 0.57464800
vt 0.63139400 0.57470200
vt 0.63149600 0.33562400
vt 0.33867900 0.33565300
vt 0.64935200 0.30212300
vt 0.64931400 0.00934100
vt 0.33862700 0.58157000
vt 0.63141000 0.58162400
vt 0.80974900 0.71761800
vt 0.80622700 0.71117600
vt 0.91647800 0.52040800
vt 0.91498600 0.52695100
vt 0.92435900 0.52997600
vt 0.92373300 0.52266000
vt 0.65435000 0.51915900
vt 0.65802500 0.52544600
vt 0.90538600 0.52544600
vt 0.90906000 0.51915900
vt 0.90486300 0.51548500
vt 0.65867600 0.51537400
vt 0.39848300 0.65692700
vt 0.39032300 0.65501200
vt 0.40456600 0.66086400
vt 0.41074600 0.67487800
vt 0.40856300 0.66684800
vt 0.40850900 0.92002300
vt 0.41067600 0.91199300
vt 0.40454400 0.92602200
vt 0.39848400 0.92999400
vt 0.63412300 0.55989000
vt 0.63412300 0.34344300
vt 0.32457900 0.01128300
vt 0.32547300 0.00884500
vt 0.31704700 0.00883800
vt 0.31660500 0.01128700
vt 0.33138200 0.01260800
vt 0.33256300 0.01021700
vt 0.63417900 0.33553800
vt 0.63398900 0.32849300
vt 0.63417900 0.56779500
vt 0.63398900 0.57484100
vt 0.65039200 0.30458500
vt 0.65738700 0.30281900
vt 0.65608000 0.30049800
vt 0.66942100 0.52592400
vt 0.89398900 0.52592400
vt 0.79737700 0.72009900
vt 0.80845500 0.72279300
vt 0.81675100 0.72814300
vt 0.65827300 0.52636800
vt 0.64860200 0.52791700
vt 0.90513800 0.52636800
vt 0.91480900 0.52791600
vt 0.80845500 0.99679500
vt 0.79737700 0.99948800
vt 0.81675200 0.99144300
vt 0.31705400 0.30460500
vt 0.32469400 0.30453400
vt 0.30253900 0.02040900
vt 0.30252700 0.30121000
vt 0.47694500 0.68076000
vt 0.46532800 0.69428700
vt 0.24071100 0.33275800
vt 0.29660900 0.33277200
vt 0.28499300 0.32224400
vt 0.24071300 0.32264600
vt 0.30150300 0.29965500
vt 0.30151500 0.02195700
vt 0.29415400 0.04936300
vt 0.29414800 0.27224500
vt 0.26645400 0.04936200
vt 0.26644600 0.27224200
vt 0.25852600 0.29967300
vt 0.82412700 0.63327200
vt 0.82418400 0.62524800
vt 0.66581700 0.62524800
vt 0.66587400 0.63327200
vt 0.83971600 0.63327200
vt 0.83971600 0.62524900
vt 0.83487500 0.62524900
vt 0.83487500 0.63327200
vt 0.92742200 0.67083300
vt 0.92747900 0.66281000
vt 0.76911300 0.66281000
vt 0.76917000 0.67083300
vt 0.86788700 0.63327200
vt 0.86788700 0.62524900
vt 0.86304700 0.62524900
vt 0.86304700 0.63327200
vt 0.28894600 0.24060100
vt 0.28894700 0.08100700
vt 0.28683300 0.08164400
vt 0.28683300 0.23996400
vt 0.28378300 0.07494900
vt 0.27682300 0.07494900
vt 0.27797100 0.07725600
vt 0.28263600 0.07725600
vt 0.27165600 0.08100500
vt 0.27165500 0.24059900
vt 0.27376900 0.23996200
vt 0.27376900 0.08164200
vt 0.27681800 0.24665700
vt 0.28377900 0.24665700
vt 0.28263100 0.24435000
vt 0.27796600 0.24435000
vt 0.28714800 0.24454200
vt 0.82747300 0.63327000
vt 0.82745500 0.62524900
vt 0.66254600 0.62524900
vt 0.66252800 0.63327000
vt 0.84303500 0.63323300
vt 0.84290200 0.62521300
vt 0.83168900 0.62521300
vt 0.83155700 0.63323300
vt 0.93076800 0.67083200
vt 0.93075000 0.66281100
vt 0.76584100 0.66281100
vt 0.76582300 0.67083200
vt 0.87120600 0.63323300
vt 0.87107300 0.62521300
vt 0.85986000 0.62521300
vt 0.85972800 0.63323300
vt 0.28533100 0.24277900
vt 0.28715200 0.07706500
vt 0.28533400 0.07882700
vt 0.27345400 0.07706500
vt 0.27527100 0.07882700
vt 0.27345000 0.24454000
vt 0.27526800 0.24277800
vt 0.24296900 0.07412500
vt 0.23641600 0.07857700
vt 0.23641900 0.24292800
vt 0.24296900 0.24741100
vt 0.22224100 0.25290300
vt 0.22852400 0.25778500
vt 0.23792100 0.25411800
vt 0.23149100 0.24942500
vt 0.23792400 0.06742200
vt 0.23148800 0.07207400
vt 0.23532900 0.07900800
vt 0.23641600 0.07857700
vt 0.23148800 0.07207400
vt 0.23052100 0.07273000
vt 0.22158600 0.25214900
vt 0.22224100 0.25290300
vt 0.23149100 0.24942500
vt 0.23051800 0.24874700
vt 0.23641900 0.24292800
vt 0.23532800 0.24247000
vt 0.22959700 0.25827900
vt 0.22852400 0.25778500
vt 0.24373800 0.07337000
vt 0.24296900 0.07412500
vt 0.24296900 0.24741100
vt 0.24373700 0.24818900
vt 0.23888600 0.25479000
vt 0.23792100 0.25411800
vt 0.23888700 0.06676400
vt 0.23792400 0.06742200
vt 0.24766600 0.27703900
vt 0.25857700 0.30161200
vt 0.47875900 0.82024600
vt 0.47890000 0.84238500
vt 0.70924100 0.84233500
vt 0.71111100 0.82022600
vt 0.73657000 0.83309400
vt 0.71720100 0.82178800
vt 0.71574000 0.84373700
vt 0.73777200 0.85595800
vt 0.74257200 0.83315500
vt 0.74160400 0.85603300
vt 0.76190000 0.84500000
vt 0.76025600 0.82302300
vt 0.79557400 0.82134300
vt 0.76643500 0.82143000
vt 0.76834200 0.84356900
vt 0.79564700 0.84343500
vt 0.47852300 0.80113400
vt 0.47844000 0.81432000
vt 0.71279300 0.81446000
vt 0.71580200 0.80165300
vt 0.71834900 0.81587300
vt 0.73596000 0.82359200
vt 0.73815900 0.80928200
vt 0.72260600 0.80323800
vt 0.74183900 0.80928100
vt 0.74336000 0.82369200
vt 0.75915600 0.81725800
vt 0.75525100 0.80454900
vt 0.76482100 0.81594400
vt 0.79570900 0.81610000
vt 0.79605200 0.80318900
vt 0.76209600 0.80312600
vt 0.71186500 0.81699300
vt 0.47849800 0.81702000
vt 0.73648400 0.82753700
vt 0.71781800 0.81850200
vt 0.74272800 0.82760500
vt 0.75964500 0.81980400
vt 0.79562000 0.81839900
vt 0.76566300 0.81835900
vt 0.73968300 0.85683200
vt 0.73957100 0.83321500
vt 0.73966200 0.82387700
vt 0.73998600 0.80987400
vt 0.73960500 0.82809300
vt 0.63860300 0.76947600
vt 0.66325900 0.78981400
vt 0.65875500 0.76880100
vt 0.65277900 0.75210400
vt 0.63603000 0.75998700
vt 0.63589300 0.76454600
vt 0.80137000 0.84081400
vt 0.80134700 0.82228000
vt 0.80108100 0.81447700
vt 0.80247400 0.80361700
vt 0.80129600 0.81810400
vt 0.53470300 0.79123600
vt 0.56236600 0.76343400
vt 0.53677700 0.76044400
vt 0.56352500 0.75317200
vt 0.54215400 0.74393400
vt 0.56436700 0.75792600
vt 0.47875900 0.82024600
vt 0.47890000 0.84238500
vt 0.70924100 0.84233600
vt 0.71111100 0.82022600
vt 0.73657000 0.83309300
vt 0.71720100 0.82178800
vt 0.71574100 0.84373700
vt 0.73777300 0.85595800
vt 0.74257300 0.83315500
vt 0.74160400 0.85603300
vt 0.76190000 0.84499900
vt 0.76025600 0.82302200
vt 0.79557400 0.82134200
vt 0.76643500 0.82142900
vt 0.76834200 0.84356800
vt 0.79564700 0.84343500
vt 0.47852200 0.80113500
vt 0.47844000 0.81432000
vt 0.71279300 0.81446000
vt 0.71580200 0.80165300
vt 0.71834900 0.81587400
vt 0.73596000 0.82359100
vt 0.73815900 0.80928100
vt 0.72260600 0.80323800
vt 0.74183900 0.80928100
vt 0.74336000 0.82369200
vt 0.75915600 0.81725700
vt 0.75525100 0.80454800
vt 0.76482100 0.81594300
vt 0.79570900 0.81609900
vt 0.79605200 0.80318900
vt 0.76209600 0.80312500
vt 0.71186500 0.81699400
vt 0.47849800 0.81702000
vt 0.73648400 0.82753600
vt 0.71781800 0.81850200
vt 0.74272900 0.82760400
vt 0.75964600 0.81980300
vt 0.79562000 0.81839800
vt 0.76566300 0.81835900
vt 0.73968400 0.85683100
vt 0.73957100 0.83321400
vt 0.73966300 0.82387700
vt 0.73998600 0.80987400
vt 0.73960500 0.82809300
vt 0.63853100 0.76965800
vt 0.66337700 0.78976400
vt 0.65867600 0.76879400
vt 0.65254400 0.75215400
vt 0.63587000 0.76019400
vt 0.63577500 0.76475300
vt 0.80137000 0.84081300
vt 0.80134700 0.82227900
vt 0.80108100 0.81447600
vt 0.80247400 0.80361600
vt 0.80129700 0.81810300
vt 0.53469700 0.79123500
vt 0.56237000 0.76344200
vt 0.53678200 0.76044400
vt 0.56353200 0.75318100
vt 0.54216400 0.74393500
vt 0.56437300 0.75793500
vt 0.47875900 0.82024600
vt 0.47890000 0.84238500
vt 0.70924100 0.84233500
vt 0.71111100 0.82022600
vt 0.73657000 0.83309400
vt 0.71720100 0.82178800
vt 0.71574000 0.84373700
vt 0.73777200 0.85595800
vt 0.74257300 0.83315500
vt 0.74160400 0.85603300
vt 0.76190000 0.84500000
vt 0.76025600 0.82302300
vt 0.79557400 0.82134300
vt 0.76643500 0.82143000
vt 0.76834200 0.84356900
vt 0.79564700 0.84343500
vt 0.47852300 0.80113400
vt 0.47844000 0.81432000
vt 0.71279300 0.81446000
vt 0.71580200 0.80165300
vt 0.71834900 0.81587300
vt 0.73596000 0.82359200
vt 0.73815900 0.80928200
vt 0.72260600 0.80323800
vt 0.74183900 0.80928100
vt 0.74336000 0.82369200
vt 0.75915600 0.81725700
vt 0.75525100 0.80454900
vt 0.76482100 0.81594400
vt 0.79570900 0.81610000
vt 0.79605200 0.80318900
vt 0.76209600 0.80312600
vt 0.71186500 0.81699300
vt 0.47849800 0.81702000
vt 0.73648400 0.82753700
vt 0.71781800 0.81850200
vt 0.74272900 0.82760400
vt 0.75964500 0.81980300
vt 0.79562000 0.81839800
vt 0.76566300 0.81835900
vt 0.73968400 0.85683200
vt 0.73957100 0.83321500
vt 0.73966200 0.82387700
vt 0.73998600 0.80987400
vt 0.73960500 0.82809300
vt 0.63860200 0.76948000
vt 0.66326100 0.78981300
vt 0.65875400 0.76880100
vt 0.65277500 0.75210500
vt 0.63602700 0.75999100
vt 0.63589100 0.76454900
vt 0.80137000 0.84081400
vt 0.80134700 0.82228000
vt 0.80108100 0.81447700
vt 0.80247400 0.80361700
vt 0.80129700 0.81810300
vt 0.53470700 0.79123700
vt 0.56236300 0.76342800
vt 0.53677300 0.76044500
vt 0.56351900 0.75316600
vt 0.54214600 0.74393300
vt 0.56436300 0.75792000
vt 0.47875800 0.82024600
vt 0.47890000 0.84238500
vt 0.70924100 0.84233500
vt 0.71111100 0.82022600
vt 0.73657000 0.83309400
vt 0.71720100 0.82178800
vt 0.71574000 0.84373600
vt 0.73777200 0.85595800
vt 0.74257200 0.83315600
vt 0.74160300 0.85603400
vt 0.76189900 0.84500100
vt 0.76025600 0.82302400
vt 0.79557400 0.82134400
vt 0.76643500 0.82143100
vt 0.76834200 0.84357000
vt 0.79564700 0.84343600
vt 0.47852200 0.80113400
vt 0.47844000 0.81431900
vt 0.71279300 0.81445900
vt 0.71580200 0.80165300
vt 0.71834900 0.81587300
vt 0.73596000 0.82359200
vt 0.73815900 0.80928200
vt 0.72260600 0.80323800
vt 0.74183900 0.80928200
vt 0.74336000 0.82369300
vt 0.75915600 0.81725800
vt 0.75525100 0.80455000
vt 0.76482100 0.81594500
vt 0.79570900 0.81610100
vt 0.79605200 0.80319000
vt 0.76209600 0.80312700
vt 0.71186500 0.81699300
vt 0.47849800 0.81701900
vt 0.73648400 0.82753700
vt 0.71781800 0.81850200
vt 0.74272800 0.82760500
vt 0.75964500 0.81980400
vt 0.79562000 0.81839900
vt 0.76566300 0.81836000
vt 0.73968300 0.85683200
vt 0.73957100 0.83321500
vt 0.73966200 0.82387700
vt 0.73998600 0.80987400
vt 0.73960400 0.82809300
vt 0.63860100 0.76948200
vt 0.66326300 0.78981300
vt 0.65875300 0.76880100
vt 0.65277200 0.75210600
vt 0.63602500 0.75999400
vt 0.63588900 0.76455200
vt 0.80137000 0.84081500
vt 0.80134700 0.82228100
vt 0.80108100 0.81447800
vt 0.80247400 0.80361800
vt 0.80129600 0.81810500
vt 0.53469700 0.79123500
vt 0.56237000 0.76344200
vt 0.53678100 0.76044400
vt 0.56353200 0.75318100
vt 0.54216400 0.74393500
vt 0.56437300 0.75793500
vt 0.47875800 0.82024500
vt 0.47889900 0.84238400
vt 0.70924000 0.84233400
vt 0.71111000 0.82022500
vt 0.73656900 0.83309500
vt 0.71720000 0.82178800
vt 0.71573900 0.84373600
vt 0.73776900 0.85595900
vt 0.74257100 0.83315700
vt 0.74160100 0.85603500
vt 0.76189800 0.84500300
vt 0.76025500 0.82302600
vt 0.79557400 0.82134700
vt 0.76643500 0.82143400
vt 0.76834100 0.84357300
vt 0.79564600 0.84343900
vt 0.47852200 0.80113300
vt 0.47844000 0.81431900
vt 0.71279300 0.81445900
vt 0.71580200 0.80165200
vt 0.71834800 0.81587300
vt 0.73595900 0.82359300
vt 0.73815900 0.80928300
vt 0.72260700 0.80323800
vt 0.74183900 0.80928300
vt 0.74335900 0.82369400
vt 0.75915600 0.81726100
vt 0.75525100 0.80455200
vt 0.76482100 0.81594800
vt 0.79570900 0.81610400
vt 0.79605200 0.80319300
vt 0.76209700 0.80312900
vt 0.71186400 0.81699200
vt 0.47849700 0.81701900
vt 0.73648300 0.82753700
vt 0.71781800 0.81850200
vt 0.74272700 0.82760600
vt 0.75964500 0.81980700
vt 0.79561900 0.81840200
vt 0.76566200 0.81836300
vt 0.73968000 0.85683300
vt 0.73957000 0.83321600
vt 0.73966100 0.82387800
vt 0.73998600 0.80987500
vt 0.73960300 0.82809400
vt 0.63859500 0.76949700
vt 0.66327200 0.78980900
vt 0.65874600 0.76880000
vt 0.65275300 0.75211000
vt 0.63601200 0.76001000
vt 0.63588000 0.76456900
vt 0.80136900 0.84081800
vt 0.80134700 0.82228400
vt 0.80108100 0.81448100
vt 0.80247500 0.80362100
vt 0.80129600 0.81810800
vt 0.53472000 0.79124000
vt 0.56235500 0.76340900
vt 0.53676200 0.76044600
vt 0.56350200 0.75314600
vt 0.54212200 0.74393000
vt 0.56435000 0.75789900
vt 0.80292700 0.89756700
vt 0.57057400 0.89754700
vt 0.57244400 0.91965700
vt 0.80278500 0.91970600
vt 0.54511500 0.91041500
vt 0.54391300 0.93327900
vt 0.56594500 0.92105800
vt 0.56448400 0.89910900
vt 0.53911300 0.91047600
vt 0.52142900 0.90034300
vt 0.51978500 0.92232100
vt 0.54008100 0.93335400
vt 0.48611100 0.89866300
vt 0.48603800 0.92075600
vt 0.51334300 0.92088900
vt 0.51525000 0.89875000
vt 0.80316300 0.87845500
vt 0.56588300 0.87897400
vt 0.56889200 0.89178100
vt 0.80324500 0.89164100
vt 0.56333700 0.89319500
vt 0.55907900 0.88055900
vt 0.54352600 0.88660300
vt 0.54572500 0.90091300
vt 0.53984600 0.88660300
vt 0.52643500 0.88187000
vt 0.52252900 0.89457800
vt 0.53832500 0.90101300
vt 0.51686400 0.89326400
vt 0.51958900 0.88044700
vt 0.48563400 0.88051000
vt 0.48597600 0.89342000
vt 0.56982100 0.89431500
vt 0.80318700 0.89434100
vt 0.54520100 0.90485800
vt 0.56386700 0.89582300
vt 0.53895700 0.90492500
vt 0.52204000 0.89712400
vt 0.48606600 0.89571900
vt 0.51602200 0.89568000
vt 0.54200100 0.93415300
vt 0.54211400 0.91053600
vt 0.54202300 0.90119800
vt 0.54170000 0.88719500
vt 0.54208100 0.90541400
vt 0.69376600 0.76834700
vt 0.67361400 0.76765500
vt 0.66909300 0.78866500
vt 0.67960300 0.75096300
vt 0.69634600 0.75886000
vt 0.69647900 0.76341800
vt 0.48033800 0.89960000
vt 0.48031500 0.91813400
vt 0.47921100 0.88093700
vt 0.48060400 0.89179700
vt 0.48038900 0.89542400
vt 0.52427800 0.79123800
vt 0.52221800 0.76044500
vt 0.49662700 0.76342300
vt 0.49547400 0.75316000
vt 0.51685000 0.74393200
vt 0.49462900 0.75791400
vt 0.80292600 0.89756800
vt 0.57057400 0.89754800
vt 0.57244400 0.91965800
vt 0.80278500 0.91970700
vt 0.54511400 0.91041400
vt 0.54391100 0.93327800
vt 0.56594300 0.92105900
vt 0.56448400 0.89911000
vt 0.53911200 0.91047500
vt 0.52142900 0.90034100
vt 0.51978400 0.92231800
vt 0.54007900 0.93335300
vt 0.48611000 0.89866100
vt 0.48603800 0.92075300
vt 0.51334200 0.92088700
vt 0.51525000 0.89874800
vt 0.80316300 0.87845600
vt 0.56588400 0.87897500
vt 0.56889200 0.89178200
vt 0.80324500 0.89164200
vt 0.56333600 0.89319500
vt 0.55908000 0.88056000
vt 0.54352600 0.88660200
vt 0.54572500 0.90091200
vt 0.53984700 0.88660100
vt 0.52643500 0.88186700
vt 0.52252900 0.89457600
vt 0.53832400 0.90101200
vt 0.51686400 0.89326200
vt 0.51958900 0.88044400
vt 0.48563300 0.88050700
vt 0.48597600 0.89341800
vt 0.56982000 0.89431500
vt 0.80318700 0.89434200
vt 0.54520100 0.90485700
vt 0.56386700 0.89582400
vt 0.53895600 0.90492400
vt 0.52203900 0.89712200
vt 0.48606500 0.89571600
vt 0.51602200 0.89567700
vt 0.54199900 0.93415200
vt 0.54211300 0.91053500
vt 0.54202200 0.90119700
vt 0.54170000 0.88719400
vt 0.54208000 0.90541300
vt 0.69375700 0.76832400
vt 0.67360400 0.76765600
vt 0.66910800 0.78867100
vt 0.67957500 0.75095700
vt 0.69632700 0.75883500
vt 0.69646500 0.76339300
vt 0.48033700 0.89959800
vt 0.48031500 0.91813200
vt 0.47921100 0.88093500
vt 0.48060400 0.89179500
vt 0.48038800 0.89542100
vt 0.52428000 0.79123700
vt 0.52221600 0.76044500
vt 0.49662600 0.76342600
vt 0.49547100 0.75316400
vt 0.51684500 0.74393200
vt 0.49462700 0.75791800
vt 0.80292700 0.89756700
vt 0.57057400 0.89754700
vt 0.57244500 0.91965600
vt 0.80278500 0.91970600
vt 0.54511600 0.91041500
vt 0.54391400 0.93327900
vt 0.56594500 0.92105800
vt 0.56448400 0.89910900
vt 0.53911300 0.91047700
vt 0.52142900 0.90034500
vt 0.51978600 0.92232200
vt 0.54008200 0.93335500
vt 0.48611100 0.89866500
vt 0.48603900 0.92075700
vt 0.51334400 0.92089100
vt 0.51525000 0.89875200
vt 0.80316300 0.87845500
vt 0.56588300 0.87897400
vt 0.56889200 0.89178000
vt 0.80324500 0.89164000
vt 0.56333700 0.89319400
vt 0.55907900 0.88055900
vt 0.54352600 0.88660300
vt 0.54572600 0.90091300
vt 0.53984600 0.88660300
vt 0.52643500 0.88187100
vt 0.52252900 0.89458000
vt 0.53832500 0.90101400
vt 0.51686400 0.89326600
vt 0.51958900 0.88044800
vt 0.48563400 0.88051100
vt 0.48597600 0.89342200
vt 0.56982100 0.89431400
vt 0.80318700 0.89434100
vt 0.54520200 0.90485800
vt 0.56386700 0.89582300
vt 0.53895700 0.90492600
vt 0.52204000 0.89712500
vt 0.48606600 0.89572000
vt 0.51602300 0.89568100
vt 0.54200300 0.93415300
vt 0.54211500 0.91053600
vt 0.54202300 0.90119900
vt 0.54170000 0.88719600
vt 0.54208100 0.90541500
vt 0.69376400 0.76834400
vt 0.67361300 0.76765500
vt 0.66909500 0.78866600
vt 0.67960000 0.75096200
vt 0.69634400 0.75885600
vt 0.69647800 0.76341500
vt 0.48033800 0.89960200
vt 0.48031500 0.91813600
vt 0.47921100 0.88093900
vt 0.48060400 0.89179900
vt 0.48038900 0.89542500
vt 0.52428200 0.79123700
vt 0.52221400 0.76044500
vt 0.49662400 0.76342900
vt 0.49546800 0.75316700
vt 0.51684100 0.74393300
vt 0.49462400 0.75792100
vt 0.80292700 0.89756800
vt 0.57057400 0.89754800
vt 0.57244400 0.91965700
vt 0.80278500 0.91970700
vt 0.54511500 0.91041400
vt 0.54391200 0.93327900
vt 0.56594400 0.92105800
vt 0.56448400 0.89911000
vt 0.53911200 0.91047600
vt 0.52142900 0.90034200
vt 0.51978500 0.92232000
vt 0.54008000 0.93335400
vt 0.48611100 0.89866200
vt 0.48603800 0.92075400
vt 0.51334300 0.92088800
vt 0.51525000 0.89874900
vt 0.80316300 0.87845600
vt 0.56588400 0.87897500
vt 0.56889200 0.89178100
vt 0.80324500 0.89164100
vt 0.56333700 0.89319500
vt 0.55907900 0.88055900
vt 0.54352600 0.88660200
vt 0.54572500 0.90091200
vt 0.53984600 0.88660200
vt 0.52643500 0.88186800
vt 0.52252900 0.89457700
vt 0.53832500 0.90101300
vt 0.51686400 0.89326300
vt 0.51958900 0.88044500
vt 0.48563300 0.88050800
vt 0.48597600 0.89341900
vt 0.56982100 0.89431500
vt 0.80318700 0.89434100
vt 0.54520100 0.90485700
vt 0.56386700 0.89582400
vt 0.53895600 0.90492500
vt 0.52203900 0.89712300
vt 0.48606500 0.89571800
vt 0.51602200 0.89567900
vt 0.54200000 0.93415200
vt 0.54211400 0.91053500
vt 0.54202300 0.90119700
vt 0.54170000 0.88719400
vt 0.54208000 0.90541300
vt 0.69376600 0.76834600
vt 0.67361400 0.76765500
vt 0.66909400 0.78866500
vt 0.67960300 0.75096300
vt 0.69634600 0.75885900
vt 0.69647900 0.76341800
vt 0.48033800 0.89959900
vt 0.48031500 0.91813300
vt 0.47921100 0.88093600
vt 0.48060400 0.89179600
vt 0.48038800 0.89542300
vt 0.52429600 0.79123400
vt 0.52220300 0.76044300
vt 0.49661500 0.76344800
vt 0.49545100 0.75318700
vt 0.51681700 0.74393600
vt 0.49461100 0.75794100
vt 0.80292700 0.89756700
vt 0.57057400 0.89754800
vt 0.57244400 0.91965700
vt 0.80278500 0.91970600
vt 0.54511500 0.91041500
vt 0.54391300 0.93327900
vt 0.56594500 0.92105800
vt 0.56448400 0.89910900
vt 0.53911300 0.91047600
vt 0.52142900 0.90034400
vt 0.51978500 0.92232100
vt 0.54008100 0.93335400
vt 0.48611100 0.89866400
vt 0.48603800 0.92075600
vt 0.51334300 0.92088900
vt 0.51525000 0.89875100
vt 0.80316300 0.87845600
vt 0.56588400 0.87897400
vt 0.56889200 0.89178100
vt 0.80324500 0.89164100
vt 0.56333700 0.89319500
vt 0.55907900 0.88055900
vt 0.54352600 0.88660300
vt 0.54572500 0.90091300
vt 0.53984600 0.88660200
vt 0.52643500 0.88187000
vt 0.52252900 0.89457800
vt 0.53832500 0.90101300
vt 0.51686400 0.89326500
vt 0.51958900 0.88044700
vt 0.48563300 0.88051000
vt 0.48597600 0.89342100
vt 0.56982100 0.89431500
vt 0.80318700 0.89434100
vt 0.54520100 0.90485700
vt 0.56386700 0.89582300
vt 0.53895700 0.90492500
vt 0.52204000 0.89712400
vt 0.48606500 0.89571900
vt 0.51602200 0.89568000
vt 0.54200200 0.93415300
vt 0.54211400 0.91053600
vt 0.54202300 0.90119800
vt 0.54170000 0.88719500
vt 0.54208100 0.90541400
vt 0.69376600 0.76834900
vt 0.67361500 0.76765500
vt 0.66909200 0.78866400
vt 0.67960600 0.75096400
vt 0.69634800 0.75886200
vt 0.69648100 0.76342000
vt 0.48033800 0.89960100
vt 0.48031500 0.91813500
vt 0.47921100 0.88093800
vt 0.48060400 0.89179800
vt 0.48038800 0.89542400
vt 0.52428900 0.79123500
vt 0.52220900 0.76044400
vt 0.49662000 0.76343900
vt 0.49545900 0.75317700
vt 0.51682900 0.74393400
vt 0.49461800 0.75793100
vt 0.33546800 0.35562400
vt 0.33351100 0.34789300
vt 0.32198900 0.35300500
vt 0.32306900 0.35717300
vt 0.32963600 0.34209300
vt 0.32066700 0.35105100
vt 0.32384500 0.33821300
vt 0.31872100 0.34973000
vt 0.31612400 0.33625300
vt 0.31457200 0.34865200
vt 0.02142700 0.34865200
vt 0.16800000 0.34863800
vt 0.16800000 0.33622400
vt 0.01987500 0.33625300
vt 0.31612400 0.59098500
vt 0.32384500 0.58902500
vt 0.31872100 0.57750800
vt 0.31457200 0.57858600
vt 0.32963600 0.58514500
vt 0.32066700 0.57618700
vt 0.33351100 0.57934500
vt 0.32198900 0.57423300
vt 0.33546800 0.57161400
vt 0.32307000 0.57006600
vt 0.33549800 0.46361900
vt 0.32308400 0.46361900
vt 0.64059900 0.57057700
vt 0.63905200 0.57071400
vt 0.64047700 0.58161900
vt 0.64427400 0.57041800
vt 0.82153500 0.69309400
vt 0.81817100 0.69165500
vt 0.81818400 0.70370000
vt 0.82292200 0.69377600
vt 0.54358500 0.59041800
vt 0.53575700 0.59957200
vt 0.67696900 0.65164000
vt 0.68087800 0.64103800
vt 0.76683300 0.70823900
vt 0.76837200 0.70811000
vt 0.76735600 0.69719400
vt 0.76317800 0.70839400
vt 0.86036300 0.57057800
vt 0.85668800 0.57042200
vt 0.86088600 0.58162300
vt 0.86191100 0.57070700
vt 0.75048100 0.57042100
vt 0.75068200 0.58162400
vt 0.32044200 0.35751700
vt 0.31957000 0.35409800
vt 0.31878800 0.35292700
vt 0.31762600 0.35214800
vt 0.31422600 0.35127900
vt 0.16800000 0.35129300
vt 0.31422700 0.57595900
vt 0.31762600 0.57509000
vt 0.31878800 0.57431100
vt 0.31957000 0.57314000
vt 0.32044200 0.56972100
vt 0.32042900 0.46361900
vt 0.16800000 0.57860000
vt 0.16800000 0.59101500
vt 0.80361200 0.22948100
vt 0.80361200 0.11930700
vt 0.65313800 0.11930700
vt 0.65313800 0.22948100
vt 0.00053000 0.35562400
vt 0.01292900 0.35717200
vt 0.01400900 0.35300500
vt 0.00248800 0.34789200
vt 0.01533200 0.35105100
vt 0.00636300 0.34209300
vt 0.01727800 0.34973100
vt 0.01215500 0.33821300
vt 0.01987500 0.59098500
vt 0.02142700 0.57858600
vt 0.01727800 0.57750800
vt 0.01215500 0.58902500
vt 0.01533200 0.57618700
vt 0.00636300 0.58514500
vt 0.01401000 0.57423300
vt 0.00248800 0.57934500
vt 0.01292900 0.57006500
vt 0.00053000 0.57161400
vt 0.01291500 0.46361900
vt 0.00050000 0.46361900
vt 0.05839000 0.31853200
vt 0.06206500 0.31869100
vt 0.05826800 0.30749000
vt 0.05684300 0.31839500
vt 0.54009300 0.58932900
vt 0.53859500 0.58894700
vt 0.46686800 0.70823800
vt 0.47052300 0.70839400
vt 0.46634400 0.69719300
vt 0.46532800 0.70810900
vt 0.27815400 0.31853200
vt 0.27970200 0.31840400
vt 0.27867700 0.30748800
vt 0.27448000 0.31868800
vt 0.16847300 0.30748500
vt 0.16827200 0.31868800
vt 0.01555700 0.35751700
vt 0.01642900 0.35409800
vt 0.01721100 0.35292700
vt 0.01837300 0.35214900
vt 0.02177300 0.35128000
vt 0.02177300 0.57595800
vt 0.01837300 0.57508900
vt 0.01721100 0.57431100
vt 0.01642900 0.57314000
vt 0.01555700 0.56972100
vt 0.01557000 0.46361900
vt 0.61685000 0.69719200
vt 0.61685000 0.70839500
vt 0.16800000 0.57594500
vt 0.99071100 0.15905300
vt 0.99572600 0.15809800
vt 0.98361000 0.09907700
vt 0.97834500 0.09906800
vt 0.75807600 0.60243600
vt 0.75664400 0.59737900
vt 0.69651000 0.59942600
vt 0.69682100 0.60452400
vt 0.87124000 0.57165400
vt 0.86462100 0.57134800
vt 0.86442300 0.57658000
vt 0.87125800 0.57692900
vt 0.91732300 0.99687200
vt 0.92729900 0.99624200
vt 0.93710000 0.99387100
vt 0.92161700 0.94853200
vt 0.95317400 0.98458100
vt 0.96012300 0.97727300
vt 0.96564900 0.96894600
vt 0.63258200 0.60212700
vt 0.64389800 0.60349800
vt 0.64444800 0.59842000
vt 0.63339000 0.59709400
vt 0.65448200 0.60440800
vt 0.65483600 0.59931700
vt 0.66468700 0.60492900
vt 0.66486200 0.59982800
vt 0.68533400 0.59985300
vt 0.68549000 0.60495400
vt 0.67490200 0.59999600
vt 0.67489400 0.60510000
vt 0.98264400 0.09262000
vt 0.98239000 0.08604300
vt 0.97710900 0.08604400
vt 0.97742600 0.09276100
vt 0.76451200 0.60143600
vt 0.76308300 0.59639800
vt 0.94559800 0.99002300
vt 0.99496000 0.91656700
vt 0.99507300 0.91327300
vt 0.85435300 0.99454600
vt 0.85730100 0.99607700
vt 0.99330200 0.90714300
vt 0.98888000 0.90254500
vt 0.84813600 0.98377800
vt 0.84989400 0.98994200
vt 0.98360600 0.07300900
vt 0.99570300 0.01398400
vt 0.99068800 0.01303100
vt 0.97834100 0.07301900
vt 0.83267200 0.60898100
vt 0.89280500 0.61103300
vt 0.89423700 0.60597600
vt 0.83298300 0.60388300
vt 0.87760600 0.92808100
vt 0.89009400 0.91245500
vt 0.88314000 0.91975700
vt 0.92595300 0.90019200
vt 0.91597800 0.90081400
vt 0.90617600 0.90317800
vt 0.78061000 0.60999000
vt 0.78005900 0.60491200
vt 0.76874400 0.60628400
vt 0.76955200 0.61131700
vt 0.79099800 0.60909200
vt 0.79064300 0.60400000
vt 0.80102400 0.60858000
vt 0.80084800 0.60347900
vt 0.82165200 0.60345300
vt 0.82149500 0.60855400
vt 0.81105500 0.60330700
vt 0.81106300 0.60841100
vt 0.97742400 0.07932700
vt 0.98264200 0.07946600
vt 0.89924400 0.61201500
vt 0.90067400 0.60697700
vt 0.87785700 0.57130300
vt 0.87809000 0.57653500
vt 0.89767500 0.90701900
vt 0.98597000 0.90099600
vt 0.84828400 0.98046000
vt 0.57331900 0.59600700
vt 0.63370500 0.59501600
vt 0.57350500 0.59391500
vt 0.75640300 0.59529000
vt 0.69626900 0.59732600
vt 0.99950000 0.91134300
vt 0.99709400 0.90495400
vt 0.99535700 0.90595700
vt 0.99751600 0.91209600
vt 0.91710600 0.99950000
vt 0.92788800 0.99881700
vt 0.93796400 0.99639900
vt 0.95493400 0.98659200
vt 0.96206000 0.97906900
vt 0.96803800 0.97006300
vt 0.64455800 0.59630700
vt 0.65498600 0.59719800
vt 0.66493600 0.59770600
vt 0.68538300 0.59774200
vt 0.67490400 0.59787300
vt 0.98476000 0.09278700
vt 0.98442200 0.08604300
vt 0.98559100 0.09823500
vt 0.99946500 0.91794200
vt 0.99739400 0.91751200
vt 0.94693500 0.99233700
vt 0.85212400 0.99613800
vt 0.85695900 0.99865700
vt 0.84781300 0.99114300
vt 0.70948100 0.61239800
vt 0.70966600 0.61449100
vt 0.76986700 0.61339500
vt 0.83243100 0.61108100
vt 0.89256400 0.61312200
vt 0.88833600 0.91044200
vt 0.88120500 0.91795900
vt 0.87522200 0.92695600
vt 0.92618000 0.89756400
vt 0.91539200 0.89823800
vt 0.90531400 0.90064900
vt 0.78072000 0.61210300
vt 0.79114700 0.61121000
vt 0.80109800 0.61070200
vt 0.82154500 0.61066400
vt 0.81106600 0.61053400
vt 0.98475800 0.07929900
vt 0.98558700 0.07385100
vt 0.99276400 0.89967600
vt 0.98703100 0.89640700
vt 0.98636800 0.89841600
vt 0.99112000 0.90101700
vt 0.89634000 0.90470400
vt 0.84587900 0.97946600
vt 0.84564200 0.98491300
vt 0.31246900 0.85479700
vt 0.28703600 0.85495500
vt 0.28669300 0.85736400
vt 0.31445400 0.85719500
vt 0.28585000 0.85977100
vt 0.31387700 0.85963100
vt 0.05117700 0.37982000
vt 0.05106600 0.40054300
vt 0.05285300 0.40065500
vt 0.05296100 0.38160900
vt 0.08684500 0.84210900
vt 0.11239500 0.84260100
vt 0.11166500 0.84018100
vt 0.08740800 0.83961700
vt 0.11100800 0.83778400
vt 0.08572100 0.83702100
vt 0.33095600 0.84883900
vt 0.31971900 0.84920500
vt 0.32084900 0.85155200
vt 0.33148700 0.85122300
vt 0.28149800 0.85522600
vt 0.27377600 0.84790000
vt 0.27394400 0.85114900
vt 0.28062900 0.85763000
vt 0.05076300 0.40469500
vt 0.04973000 0.41151400
vt 0.05154000 0.41148600
vt 0.05255100 0.40481900
vt 0.11771200 0.84085200
vt 0.12500300 0.83542900
vt 0.12533700 0.83233900
vt 0.11703800 0.83841300
vt 0.12538600 0.82945400
vt 0.11628400 0.83604000
vt 0.33220700 0.85121500
vt 0.34253800 0.85155500
vt 0.34307100 0.84915800
vt 0.33326600 0.84883600
vt 0.26511700 0.84843400
vt 0.25833200 0.85551800
vt 0.25936800 0.85792100
vt 0.26534600 0.85167900
vt 0.04983200 0.41862400
vt 0.05074300 0.42495500
vt 0.05253200 0.42482200
vt 0.05164100 0.41861600
vt 0.13405900 0.83601200
vt 0.14065600 0.84131000
vt 0.14149200 0.83887100
vt 0.13410000 0.83290500
vt 0.14239000 0.83651300
vt 0.13438100 0.83003200
vt 0.25294500 0.85524000
vt 0.08683300 0.85548700
vt 0.08490000 0.85789200
vt 0.25337800 0.85764500
vt 0.08552100 0.86033500
vt 0.25438900 0.86005000
vt 0.05104900 0.42894800
vt 0.05124300 0.55406900
vt 0.05302900 0.55227900
vt 0.05283500 0.42881500
vt 0.14573300 0.84310500
vt 0.31227200 0.84283600
vt 0.31153300 0.84042700
vt 0.14662000 0.84069000
vt 0.31349300 0.83802200
vt 0.14741200 0.83830200
vt 0.08696700 0.74023700
vt 0.37466500 0.74023700
vt 0.37279100 0.73792000
vt 0.08884200 0.73792000
vt 0.37394900 0.74255400
vt 0.08768300 0.74255400
vt 0.05650800 0.55575900
vt 0.05471800 0.55754800
vt 0.27579300 0.55754800
vt 0.27400400 0.55575800
vt 0.08758900 0.71800600
vt 0.08687300 0.72032200
vt 0.36850600 0.72032300
vt 0.36779000 0.71800600
vt 0.08675700 0.72112600
vt 0.08859500 0.72344300
vt 0.36651300 0.72344300
vt 0.36835100 0.72112600
vt 0.33897100 0.85815500
vt 0.33465300 0.85649300
vt 0.33245800 0.85872900
vt 0.33678600 0.86037600
vt 0.08783800 0.74591900
vt 0.08341300 0.74636800
vt 0.08406000 0.74868700
vt 0.08849600 0.74823600
vt 0.05555300 0.37547000
vt 0.05228400 0.37655800
vt 0.05407200 0.37834700
vt 0.05734200 0.37725900
vt 0.36728600 0.72576000
vt 0.37171600 0.72522800
vt 0.37093000 0.72291700
vt 0.34112300 0.85596700
vt 0.33680800 0.85427700
vt 0.33295000 0.85219200
vt 0.33075700 0.85442100
vt 0.31902500 0.85720700
vt 0.31858600 0.85967700
vt 0.08233000 0.84243600
vt 0.08267400 0.83997800
vt 0.08121200 0.83733300
vt 0.33181600 0.89265200
vt 0.33320600 0.88921400
vt 0.33103000 0.88700000
vt 0.32964100 0.89043800
vt 0.08126400 0.85787900
vt 0.08173600 0.86036000
vt 0.05211200 0.55667800
vt 0.05390100 0.55488900
vt 0.31596100 0.84242500
vt 0.31521900 0.84001000
vt 0.33398800 0.89486900
vt 0.33537900 0.89143100
vt 0.33666600 0.88788400
vt 0.33449200 0.88566800
vt 0.37820400 0.74063300
vt 0.37749000 0.74295100
vt 0.08333200 0.71992500
vt 0.08405100 0.71760900
vt 0.33884100 0.89009900
vt 0.32601200 0.86747900
vt 0.32633100 0.86411400
vt 0.32377800 0.86463100
vt 0.32345900 0.86799600
vt 0.27078100 0.84631200
vt 0.27097200 0.84956000
vt 0.04947500 0.41400700
vt 0.05128500 0.41398100
vt 0.12814400 0.83409100
vt 0.12839300 0.83099500
vt 0.12854200 0.82811600
vt 0.27061700 0.84371200
vt 0.26773600 0.84389000
vt 0.26789300 0.84649100
vt 0.34592900 0.88494500
vt 0.34551000 0.88159000
vt 0.34294300 0.88114900
vt 0.34336200 0.88450300
vt 0.26810300 0.84973700
vt 0.04950200 0.41614900
vt 0.05131200 0.41612200
vt 0.13108400 0.83428900
vt 0.13122200 0.83119500
vt 0.13145800 0.82832900
vt 0.33976500 0.89665300
vt 0.33958400 0.90228000
vt 0.34202400 0.90229300
vt 0.34220800 0.89667400
vt 0.34297400 0.88945000
vt 0.34316000 0.89485000
vt 0.34561500 0.89476700
vt 0.34542800 0.88936900
vt 0.08782100 0.88934900
vt 0.08583500 0.89174600
vt 0.11359600 0.89191500
vt 0.11325300 0.88950600
vt 0.08641200 0.89418200
vt 0.11443900 0.89432200
vt 0.27933300 0.37982000
vt 0.27754900 0.38160800
vt 0.27765700 0.40065400
vt 0.27944400 0.40054200
vt 0.31032800 0.82652900
vt 0.30976500 0.82403700
vt 0.28550800 0.82460100
vt 0.28477800 0.82702100
vt 0.31145200 0.82144100
vt 0.28616400 0.82220400
vt 0.33888600 0.84305600
vt 0.33941700 0.84067200
vt 0.32877800 0.84034200
vt 0.32764800 0.84268900
vt 0.11879100 0.88977600
vt 0.11966000 0.89218100
vt 0.12634400 0.88570000
vt 0.12651300 0.88245100
vt 0.27974800 0.40469500
vt 0.27795900 0.40481900
vt 0.27897100 0.41148600
vt 0.28078000 0.41151400
vt 0.27946000 0.82527200
vt 0.28013500 0.82283400
vt 0.27183500 0.81676100
vt 0.27216900 0.81985200
vt 0.28088900 0.82046100
vt 0.27178500 0.81387600
vt 0.32767600 0.83728100
vt 0.32873500 0.83966100
vt 0.33854000 0.83933800
vt 0.33800600 0.83694100
vt 0.13517000 0.88298400
vt 0.13494200 0.88623000
vt 0.14091900 0.89247200
vt 0.14195600 0.89006900
vt 0.28067900 0.41862300
vt 0.27886900 0.41861600
vt 0.27797900 0.42482200
vt 0.27976800 0.42495500
vt 0.26311300 0.82043600
vt 0.26307100 0.81732800
vt 0.25568000 0.82329500
vt 0.25651800 0.82573500
vt 0.26279000 0.81445500
vt 0.25478300 0.82093800
vt 0.14734200 0.88979100
vt 0.14690800 0.89219600
vt 0.31538700 0.89244400
vt 0.31345500 0.89003800
vt 0.14589800 0.89460100
vt 0.31476600 0.89488600
vt 0.27946300 0.42894800
vt 0.27767700 0.42881500
vt 0.27748300 0.55227900
vt 0.27926900 0.55406800
vt 0.25144000 0.82753000
vt 0.25055300 0.82511500
vt 0.08564000 0.82485200
vt 0.08490100 0.82726200
vt 0.24976100 0.82272700
vt 0.08368000 0.82244700
vt 0.36966400 0.71568900
vt 0.08571500 0.71568900
vt 0.37134200 0.74360200
vt 0.08974700 0.74360200
vt 0.37325100 0.74591900
vt 0.37259300 0.74823600
vt 0.27316800 0.37725900
vt 0.27495700 0.37547000
vt 0.08782100 0.72576000
vt 0.32186400 0.85815500
vt 0.32405000 0.86037600
vt 0.32837700 0.85872900
vt 0.32618200 0.85649300
vt 0.37702900 0.74868700
vt 0.37767600 0.74636800
vt 0.27643800 0.37834700
vt 0.27822600 0.37655800
vt 0.08417700 0.72291700
vt 0.08339100 0.72522800
vt 0.31971200 0.85596700
vt 0.32402700 0.85427700
vt 0.33007800 0.85442100
vt 0.32788500 0.85219200
vt 0.08126400 0.89175900
vt 0.08170300 0.89422800
vt 0.31484300 0.82685700
vt 0.31449900 0.82439800
vt 0.31596100 0.82175300
vt 0.32675300 0.89265200
vt 0.32892900 0.89043800
vt 0.32753900 0.88700000
vt 0.32536400 0.88921500
vt 0.31855100 0.89491100
vt 0.31902400 0.89243000
vt 0.27661100 0.55488900
vt 0.27840000 0.55667800
vt 0.08195400 0.82443500
vt 0.08121200 0.82685000
vt 0.32458100 0.89486900
vt 0.32319000 0.89143100
vt 0.32407700 0.88566800
vt 0.32190300 0.88788400
vt 0.08342900 0.74063300
vt 0.08414200 0.74295000
vt 0.37204700 0.71992500
vt 0.37132900 0.71760900
vt 0.31972900 0.89009900
vt 0.33935400 0.86747900
vt 0.34190700 0.86799600
vt 0.34158800 0.86463100
vt 0.33903500 0.86411400
vt 0.12931700 0.88411100
vt 0.12950700 0.88086300
vt 0.27922600 0.41398100
vt 0.28103600 0.41400700
vt 0.26877900 0.81541800
vt 0.26902800 0.81851400
vt 0.26862900 0.81253800
vt 0.12967100 0.87826300
vt 0.13239500 0.88104100
vt 0.13255300 0.87844100
vt 0.33529700 0.86795200
vt 0.33786400 0.86751100
vt 0.33828200 0.86415700
vt 0.33571500 0.86459800
vt 0.13218500 0.88428800
vt 0.27919900 0.41612100
vt 0.28100900 0.41614900
vt 0.26594900 0.81561700
vt 0.26608800 0.81871200
vt 0.26571300 0.81275200
vt 0.32220200 0.87937700
vt 0.31975900 0.87939900
vt 0.31994400 0.88501800
vt 0.32238400 0.88500500
vt 0.32579000 0.87953800
vt 0.32333600 0.87945700
vt 0.32315000 0.88485500
vt 0.32560500 0.88493700
vt 0.08337800 0.70123700
vt 0.08337800 0.70405200
vt 0.37607900 0.70405200
vt 0.37607900 0.70123700
vt 0.37607900 0.68623400
vt 0.08337800 0.68623400
vt 0.08337800 0.68779000
vt 0.37607900 0.68779000
vt 0.08337800 0.69454300
vt 0.37607900 0.69454300
vt 0.37607900 0.69280300
vt 0.08337800 0.69280300
vt 0.08337800 0.68561500
vt 0.37607900 0.68561500
vt 0.37607900 0.68405900
vt 0.08337800 0.68405900
vt 0.27425900 0.46307300
vt 0.09831300 0.46307300
vt 0.09831300 0.46400600
vt 0.27425900 0.46400600
vt 0.27425900 0.50513700
vt 0.27425900 0.50467300
vt 0.09831400 0.50424200
vt 0.09831300 0.50492100
vt 0.09831300 0.46493900
vt 0.27425900 0.46493900
vt 0.27425900 0.50601900
vt 0.09831300 0.50623500
vt 0.09831400 0.50691500
vt 0.27425900 0.50648300
vt 0.27425900 0.46538300
vt 0.09831300 0.46538300
vt 0.09831300 0.46631600
vt 0.27425900 0.46631600
vt 0.27425800 0.41663700
vt 0.27425900 0.41606500
vt 0.09831400 0.41563300
vt 0.09831300 0.41620500
vt 0.09831300 0.46724800
vt 0.27425900 0.46724800
vt 0.27425900 0.43778500
vt 0.27425900 0.43668700
vt 0.09831300 0.43668700
vt 0.09831300 0.43778500
vt 0.09831400 0.40634900
vt 0.27425900 0.40591700
vt 0.27425800 0.40534500
vt 0.09831300 0.40577700
vt 0.27425800 0.48155000
vt 0.09831300 0.48155000
vt 0.09831300 0.48248200
vt 0.27425900 0.48248200
vt 0.27425800 0.39753000
vt 0.27425900 0.39695800
vt 0.09831400 0.39652700
vt 0.09831300 0.39709800
vt 0.09831300 0.48341500
vt 0.27425900 0.48341500
vt 0.27425900 0.42140800
vt 0.27425900 0.42031000
vt 0.09831300 0.42031000
vt 0.09831300 0.42140800
vt 0.09831400 0.40487900
vt 0.27425900 0.40444700
vt 0.27425800 0.40387500
vt 0.09831300 0.40430700
vt 0.27425800 0.45152500
vt 0.09831300 0.45152500
vt 0.09831400 0.45245800
vt 0.27425900 0.45245800
vt 0.27425900 0.50828600
vt 0.27425900 0.50782300
vt 0.09831400 0.50739100
vt 0.09831300 0.50807100
vt 0.09831300 0.45339100
vt 0.27425800 0.45339100
vt 0.27425900 0.50916900
vt 0.09831300 0.50938500
vt 0.09831400 0.51006400
vt 0.27425900 0.50963300
vt 0.27425900 0.43997700
vt 0.09831300 0.43997700
vt 0.09831400 0.44091000
vt 0.27425900 0.44091000
vt 0.27425900 0.49253900
vt 0.27425900 0.49207600
vt 0.09831400 0.49164400
vt 0.09831300 0.49232400
vt 0.09831300 0.44184300
vt 0.27425900 0.44184300
vt 0.27425900 0.49342200
vt 0.09831300 0.49363800
vt 0.09831400 0.49431700
vt 0.27425900 0.49388600
vt 0.27425800 0.44921600
vt 0.09831300 0.44921600
vt 0.09831300 0.45014900
vt 0.27425900 0.45014900
vt 0.27425900 0.49568900
vt 0.27425900 0.49522500
vt 0.09831400 0.49479300
vt 0.09831300 0.49547300
vt 0.09831300 0.45108100
vt 0.27425800 0.45108100
vt 0.27425900 0.49657100
vt 0.09831300 0.49678700
vt 0.09831400 0.49746700
vt 0.27425900 0.49703500
vt 0.27425800 0.44459600
vt 0.09831300 0.44459600
vt 0.09831300 0.44552900
vt 0.27425900 0.44552900
vt 0.27425900 0.49883800
vt 0.27425900 0.49837400
vt 0.09831400 0.49794300
vt 0.09831300 0.49862200
vt 0.09831300 0.44646200
vt 0.27425800 0.44646200
vt 0.27425900 0.49972100
vt 0.09831300 0.49993600
vt 0.09831400 0.50061600
vt 0.27425900 0.50018400
vt 0.27425900 0.44690600
vt 0.09831300 0.44690600
vt 0.09831400 0.44783900
vt 0.27425900 0.44783900
vt 0.27425800 0.39165100
vt 0.27425900 0.39107900
vt 0.09831400 0.39064800
vt 0.09831300 0.39122000
vt 0.09831300 0.44877200
vt 0.27425800 0.44877200
vt 0.27436500 0.48735900
vt 0.27436200 0.48626100
vt 0.09841700 0.48669200
vt 0.09842000 0.48779100
vt 0.09842000 0.48836200
vt 0.27436500 0.48793100
vt 0.27425800 0.45383500
vt 0.09831300 0.45383500
vt 0.09831300 0.45476800
vt 0.27425900 0.45476800
vt 0.27425800 0.40781800
vt 0.27425900 0.40724600
vt 0.09831400 0.40681500
vt 0.09831300 0.40738700
vt 0.09831300 0.45570100
vt 0.27425800 0.45570100
vt 0.27425900 0.42476800
vt 0.27425900 0.42366900
vt 0.09831300 0.42366900
vt 0.09831300 0.42476700
vt 0.09831400 0.41222700
vt 0.27425900 0.41179600
vt 0.27425800 0.41122400
vt 0.09831300 0.41165500
vt 0.27425900 0.44228700
vt 0.09831300 0.44228700
vt 0.09831300 0.44322000
vt 0.27425900 0.44322000
vt 0.27436500 0.48999400
vt 0.27436500 0.48942200
vt 0.09842000 0.48899000
vt 0.09842000 0.48956200
vt 0.09831300 0.44415300
vt 0.27425900 0.44415300
vt 0.27436200 0.49109200
vt 0.09841700 0.49066000
vt 0.09831400 0.41369700
vt 0.27425900 0.41326500
vt 0.27425800 0.41269400
vt 0.09831300 0.41312500
vt 0.31246700 0.87207300
vt 0.28703500 0.87223000
vt 0.28669100 0.87463900
vt 0.31445300 0.87447000
vt 0.28584800 0.87704600
vt 0.31387600 0.87690700
vt 0.07657500 0.67782300
vt 0.07642600 0.70577400
vt 0.07883600 0.70592500
vt 0.07898100 0.68023500
vt 0.08684600 0.79538100
vt 0.11239500 0.79587300
vt 0.11166500 0.79345300
vt 0.08740900 0.79289000
vt 0.11100900 0.79105700
vt 0.08572100 0.79029300
vt 0.33945200 0.83156300
vt 0.32821500 0.83193000
vt 0.32934500 0.83427700
vt 0.33998300 0.83394800
vt 0.28149700 0.87250100
vt 0.27377600 0.86517500
vt 0.27394400 0.86842500
vt 0.28062800 0.87490600
vt 0.07601600 0.71137500
vt 0.07462300 0.72057200
vt 0.07706400 0.72053500
vt 0.07842800 0.71154300
vt 0.11771300 0.79412400
vt 0.12500300 0.78870000
vt 0.12533600 0.78561000
vt 0.11703800 0.79168500
vt 0.12538500 0.78272600
vt 0.11628400 0.78931200
vt 0.31663100 0.83394000
vt 0.32696200 0.83428000
vt 0.32749500 0.83188300
vt 0.31769000 0.83156000
vt 0.26511900 0.86570900
vt 0.25833400 0.87279300
vt 0.25937100 0.87519700
vt 0.26534800 0.86895500
vt 0.07475900 0.73016100
vt 0.07598700 0.73870100
vt 0.07840000 0.73852200
vt 0.07720100 0.73015100
vt 0.13405900 0.78928400
vt 0.14065500 0.79458200
vt 0.14149200 0.79214200
vt 0.13410000 0.78617600
vt 0.14238900 0.78978500
vt 0.13438100 0.78330400
vt 0.25294800 0.87251500
vt 0.08683400 0.87276300
vt 0.08490200 0.87516800
vt 0.25338200 0.87492000
vt 0.08552300 0.87761100
vt 0.25439200 0.87732600
vt 0.07640000 0.74408700
vt 0.07666100 0.91285500
vt 0.07907000 0.91044100
vt 0.07880800 0.74390800
vt 0.14573200 0.79637700
vt 0.31227100 0.79610800
vt 0.31153300 0.79369800
vt 0.14661900 0.79396100
vt 0.31349300 0.79129400
vt 0.14741200 0.79157300
vt 0.08696700 0.73452800
vt 0.37466500 0.73452800
vt 0.37279100 0.73221100
vt 0.08884200 0.73221100
vt 0.37394900 0.73684500
vt 0.08768300 0.73684400
vt 0.08376200 0.91513400
vt 0.08134900 0.91754800
vt 0.37954300 0.91754800
vt 0.37713000 0.91513400
vt 0.08758900 0.70713100
vt 0.08687300 0.70944700
vt 0.36850600 0.70944800
vt 0.36779000 0.70713100
vt 0.08675700 0.71025100
vt 0.08859500 0.71256800
vt 0.36651300 0.71256800
vt 0.36835100 0.71025100
vt 0.32481100 0.84088000
vt 0.32049300 0.83921800
vt 0.31829800 0.84145400
vt 0.32262600 0.84310100
vt 0.08783800 0.72879100
vt 0.08341300 0.72924000
vt 0.08406000 0.73155900
vt 0.08849600 0.73110700
vt 0.08247800 0.67195600
vt 0.07806800 0.67342300
vt 0.08048000 0.67583600
vt 0.08489100 0.67436900
vt 0.36728600 0.71488500
vt 0.37171600 0.71435400
vt 0.37093000 0.71204200
vt 0.32696300 0.83869100
vt 0.32264800 0.83700100
vt 0.31879000 0.83491700
vt 0.31659700 0.83714500
vt 0.31902300 0.87448300
vt 0.31858400 0.87695200
vt 0.08233000 0.79570900
vt 0.08267500 0.79325000
vt 0.08121300 0.79060600
vt 0.32190400 0.90992700
vt 0.32329400 0.90649000
vt 0.32111800 0.90427500
vt 0.31972900 0.90771400
vt 0.08126500 0.87515400
vt 0.08173800 0.87763600
vt 0.07783200 0.91637500
vt 0.08024600 0.91396100
vt 0.31596000 0.79569700
vt 0.31521900 0.79328200
vt 0.32407600 0.91214500
vt 0.32546700 0.90870600
vt 0.32675400 0.90515900
vt 0.32458000 0.90294300
vt 0.37820400 0.73492400
vt 0.37749000 0.73724100
vt 0.08333200 0.70904900
vt 0.08405100 0.70673300
vt 0.32892900 0.90737500
vt 0.34328700 0.87710800
vt 0.34360600 0.87374300
vt 0.34105300 0.87426000
vt 0.34073400 0.87762500
vt 0.27078200 0.86358700
vt 0.27097200 0.86683600
vt 0.07427800 0.72393500
vt 0.07672000 0.72390000
vt 0.12814400 0.78736300
vt 0.12839300 0.78426600
vt 0.12854200 0.78138700
vt 0.27061800 0.86098700
vt 0.26773600 0.86116600
vt 0.26789400 0.86376600
vt 0.32270600 0.86795200
vt 0.32228800 0.86459800
vt 0.31972100 0.86415700
vt 0.32013900 0.86751100
vt 0.26810400 0.86701300
vt 0.07431500 0.72682300
vt 0.07675600 0.72678600
vt 0.13108400 0.78756100
vt 0.13122200 0.78446600
vt 0.13145800 0.78160100
vt 0.33636700 0.89665300
vt 0.33618500 0.90228000
vt 0.33862500 0.90229300
vt 0.33881000 0.89667400
vt 0.32654800 0.89681300
vt 0.32673400 0.90221300
vt 0.32918900 0.90213000
vt 0.32900200 0.89673300
vt 0.08782000 0.90662400
vt 0.08583500 0.90902100
vt 0.11359600 0.90919000
vt 0.11325300 0.90678100
vt 0.08641200 0.91145800
vt 0.11443900 0.91159700
vt 0.38432200 0.67782300
vt 0.38191600 0.68023500
vt 0.38206100 0.70592500
vt 0.38447200 0.70577400
vt 0.31032700 0.81095600
vt 0.30976300 0.80846400
vt 0.28550700 0.80902800
vt 0.28477700 0.81144800
vt 0.31145000 0.80586800
vt 0.28616300 0.80663100
vt 0.34256700 0.84815400
vt 0.34309900 0.84576900
vt 0.33246000 0.84544000
vt 0.33133000 0.84778700
vt 0.11879100 0.90705200
vt 0.11965900 0.90945600
vt 0.12634400 0.90297500
vt 0.12651300 0.89972600
vt 0.38488100 0.71137600
vt 0.38247000 0.71154300
vt 0.38383300 0.72053500
vt 0.38627400 0.72057200
vt 0.27945900 0.80969900
vt 0.28013400 0.80726000
vt 0.27183600 0.80118500
vt 0.27216900 0.80427600
vt 0.28088800 0.80488700
vt 0.27178700 0.79830100
vt 0.31974600 0.84577700
vt 0.32080500 0.84815700
vt 0.33061000 0.84783400
vt 0.33007700 0.84543700
vt 0.13517000 0.90026000
vt 0.13494200 0.90350500
vt 0.14091900 0.90974700
vt 0.14195500 0.90734400
vt 0.38613700 0.73016200
vt 0.38369600 0.73015100
vt 0.38249100 0.73852100
vt 0.38490400 0.73870100
vt 0.26311400 0.80485900
vt 0.26307200 0.80175100
vt 0.25568200 0.80771900
vt 0.25651900 0.81015900
vt 0.26279100 0.79887900
vt 0.25478400 0.80536200
vt 0.14734200 0.90706600
vt 0.14690800 0.90947100
vt 0.31538700 0.90971900
vt 0.31345500 0.90731400
vt 0.14589800 0.91187700
vt 0.31476600 0.91216100
vt 0.38449200 0.74408600
vt 0.38208400 0.74390800
vt 0.38182200 0.91044100
vt 0.38423100 0.91285400
vt 0.25144200 0.81195400
vt 0.25055500 0.80953900
vt 0.08564100 0.80927600
vt 0.08490200 0.81168600
vt 0.24976200 0.80715100
vt 0.08368100 0.80687100
vt 0.36966500 0.70481400
vt 0.08571500 0.70481400
vt 0.37134200 0.72647400
vt 0.08974800 0.72647400
vt 0.37325100 0.72879100
vt 0.37259300 0.73110800
vt 0.37600600 0.67436900
vt 0.37841900 0.67195500
vt 0.08782100 0.71488500
vt 0.33177600 0.87543100
vt 0.33396100 0.87765200
vt 0.33828900 0.87600400
vt 0.33609400 0.87376900
vt 0.37702900 0.73155900
vt 0.37767600 0.72924000
vt 0.38041700 0.67583600
vt 0.38282800 0.67342300
vt 0.08417700 0.71204200
vt 0.08339100 0.71435300
vt 0.32962400 0.87324200
vt 0.33393900 0.87155200
vt 0.33999000 0.87169600
vt 0.33779700 0.86946800
vt 0.08126400 0.90903400
vt 0.08170300 0.91150300
vt 0.31484200 0.81128300
vt 0.31449700 0.80882400
vt 0.31595900 0.80617900
vt 0.33666500 0.90992700
vt 0.33884100 0.90771400
vt 0.33745100 0.90427500
vt 0.33527600 0.90649000
vt 0.31855100 0.91218700
vt 0.31902400 0.90970500
vt 0.38064600 0.91396100
vt 0.38306000 0.91637400
vt 0.08195500 0.80885900
vt 0.08121400 0.81127400
vt 0.33449300 0.91214500
vt 0.33310200 0.90870600
vt 0.33399000 0.90294300
vt 0.33181500 0.90515900
vt 0.08342900 0.73492400
vt 0.08414200 0.73724100
vt 0.37204700 0.70905000
vt 0.37132900 0.70673400
vt 0.32964100 0.90737500
vt 0.32746000 0.86747900
vt 0.33001300 0.86799600
vt 0.32969400 0.86463100
vt 0.32714100 0.86411400
vt 0.12931700 0.90138600
vt 0.12950700 0.89813800
vt 0.38417800 0.72390000
vt 0.38661900 0.72393500
vt 0.26878000 0.79984100
vt 0.26902800 0.80293800
vt 0.26863000 0.79696200
vt 0.12967100 0.89553800
vt 0.13239500 0.89831700
vt 0.13255200 0.89571600
vt 0.33926100 0.88494500
vt 0.34182900 0.88450400
vt 0.34224700 0.88114900
vt 0.33968000 0.88159000
vt 0.13218500 0.90156300
vt 0.38414100 0.72678700
vt 0.38658200 0.72682400
vt 0.26595000 0.80004100
vt 0.26608800 0.80313600
vt 0.26571400 0.79717500
vt 0.34202700 0.88928900
vt 0.33958400 0.88931100
vt 0.33976800 0.89493000
vt 0.34220800 0.89491700
vt 0.34561500 0.89681300
vt 0.34316100 0.89673300
vt 0.34297400 0.90213000
vt 0.34542900 0.90221300
vt 0.08337800 0.69770300
vt 0.08337800 0.70051800
vt 0.37607900 0.70051800
vt 0.37607900 0.69770300
vt 0.37607900 0.69058400
vt 0.08337800 0.69058400
vt 0.08337800 0.69214000
vt 0.37607900 0.69214000
vt 0.08337800 0.69699000
vt 0.37607900 0.69698900
vt 0.37607900 0.69525000
vt 0.08337800 0.69525000
vt 0.08337800 0.68996500
vt 0.37607900 0.68996500
vt 0.37607900 0.68840900
vt 0.08337800 0.68840900
vt 0.27425900 0.47693000
vt 0.09831300 0.47693000
vt 0.09831300 0.47786300
vt 0.27425900 0.47786300
vt 0.27425800 0.39900000
vt 0.27425900 0.39842800
vt 0.09831400 0.39799600
vt 0.09831300 0.39856800
vt 0.09831300 0.47879600
vt 0.27425900 0.47879600
vt 0.27425900 0.42770700
vt 0.27425900 0.42660900
vt 0.09831300 0.42660900
vt 0.09831300 0.42770700
vt 0.09831400 0.39459100
vt 0.27425900 0.39415900
vt 0.27425800 0.39358700
vt 0.09831300 0.39401900
vt 0.27425800 0.47462100
vt 0.09831300 0.47462100
vt 0.09831300 0.47555400
vt 0.27425900 0.47555400
vt 0.27425800 0.39606000
vt 0.27425900 0.39548800
vt 0.09831400 0.39505700
vt 0.09831300 0.39562900
vt 0.09831300 0.47648700
vt 0.27425800 0.47648700
vt 0.27425900 0.42308800
vt 0.27425900 0.42199000
vt 0.09831300 0.42198900
vt 0.09831300 0.42308800
vt 0.09831400 0.40340900
vt 0.27425900 0.40297700
vt 0.27425800 0.40240500
vt 0.09831300 0.40283700
vt 0.27425800 0.47231100
vt 0.09831300 0.47231100
vt 0.09831300 0.47324400
vt 0.27425900 0.47324400
vt 0.27425800 0.40047000
vt 0.27425900 0.39989800
vt 0.09831400 0.39946600
vt 0.09831300 0.40003800
vt 0.09831300 0.47417700
vt 0.27425800 0.47417700
vt 0.27425900 0.41972800
vt 0.27425900 0.41863000
vt 0.09831300 0.41863000
vt 0.09831300 0.41972800
vt 0.09831400 0.40193900
vt 0.27425900 0.40150800
vt 0.27425800 0.40093600
vt 0.09831300 0.40136700
vt 0.27425800 0.48385900
vt 0.09831300 0.48385900
vt 0.09831300 0.48479200
vt 0.27425900 0.48479200
vt 0.27425900 0.50198800
vt 0.27425900 0.50152400
vt 0.09831400 0.50109200
vt 0.09831300 0.50177200
vt 0.09831300 0.48572500
vt 0.27425800 0.48572500
vt 0.27425900 0.50287000
vt 0.09831300 0.50308600
vt 0.09831400 0.50376600
vt 0.27425900 0.50333400
vt 0.27425900 0.47924000
vt 0.09831300 0.47924000
vt 0.09831400 0.48017300
vt 0.27425900 0.48017300
vt 0.27425800 0.39312100
vt 0.27425900 0.39254900
vt 0.09831400 0.39211700
vt 0.09831300 0.39268900
vt 0.09831300 0.48110600
vt 0.27425900 0.48110600
vt 0.27425900 0.43610500
vt 0.27425900 0.43500700
vt 0.09831300 0.43500700
vt 0.09831300 0.43610500
vt 0.09831400 0.38430300
vt 0.27425900 0.38387100
vt 0.27425800 0.38329900
vt 0.09831300 0.38373100
vt 0.27425900 0.47000200
vt 0.09831300 0.47000200
vt 0.09831400 0.47093500
vt 0.27425900 0.47093500
vt 0.27425800 0.38577200
vt 0.27425900 0.38520000
vt 0.09831400 0.38476900
vt 0.09831300 0.38534100
vt 0.09831300 0.47186800
vt 0.27425900 0.47186800
vt 0.27425900 0.43946500
vt 0.27425900 0.43836600
vt 0.09831300 0.43836600
vt 0.09831300 0.43946500
vt 0.09831400 0.38136300
vt 0.27425900 0.38093100
vt 0.27425800 0.38036000
vt 0.09831300 0.38079100
vt 0.27425900 0.46076300
vt 0.09831300 0.46076300
vt 0.09831400 0.46169600
vt 0.27425900 0.46169600
vt 0.27425800 0.38283300
vt 0.27425900 0.38226100
vt 0.09831400 0.38182900
vt 0.09831300 0.38240100
vt 0.09831300 0.46262900
vt 0.27425900 0.46262900
vt 0.27425900 0.43106600
vt 0.27425900 0.42996800
vt 0.09831300 0.42996800
vt 0.09831300 0.43106600
vt 0.09831400 0.39018100
vt 0.27425900 0.38975000
vt 0.27425800 0.38917800
vt 0.09831300 0.38961000
vt 0.27425800 0.45845400
vt 0.09831300 0.45845400
vt 0.09831300 0.45938700
vt 0.27425900 0.45938700
vt 0.27425800 0.38724200
vt 0.27425900 0.38667000
vt 0.09831400 0.38623900
vt 0.09831300 0.38681000
vt 0.09831300 0.46032000
vt 0.27425800 0.46032000
vt 0.27425900 0.43274600
vt 0.27425900 0.43164800
vt 0.09831300 0.43164800
vt 0.09831300 0.43274600
vt 0.09831400 0.38871200
vt 0.27425900 0.38828000
vt 0.27425800 0.38770800
vt 0.09831300 0.38814000
vt 0.27425800 0.45614400
vt 0.09831300 0.45614400
vt 0.09831300 0.45707700
vt 0.27425900 0.45707700
vt 0.27425800 0.41516700
vt 0.27425900 0.41459500
vt 0.09831400 0.41416300
vt 0.09831300 0.41473500
vt 0.09831300 0.45801000
vt 0.27425800 0.45801000
vt 0.27425900 0.43442600
vt 0.27425900 0.43332700
vt 0.09831300 0.43332700
vt 0.09831300 0.43442600
vt 0.09831400 0.41810600
vt 0.27425900 0.41767500
vt 0.27425800 0.41710300
vt 0.09831300 0.41753400
vt 0.27425800 0.46769200
vt 0.09831300 0.46769200
vt 0.09831300 0.46862500
vt 0.27425900 0.46862500
vt 0.27425800 0.40928800
vt 0.27425900 0.40871600
vt 0.09831400 0.40828400
vt 0.09831300 0.40885600
vt 0.09831300 0.46955800
vt 0.27425800 0.46955800
vt 0.27425900 0.42938700
vt 0.27425900 0.42828800
vt 0.09831300 0.42828800
vt 0.09831300 0.42938700
vt 0.09831400 0.41075800
vt 0.27425900 0.41032600
vt 0.27425800 0.40975400
vt 0.09831300 0.41018600
vt 0.32367100 0.87708500
vt 0.32357400 0.87765400
vt 0.32508300 0.87765900
vt 0.32498300 0.87709100
vt 0.32377700 0.87300400
vt 0.32236600 0.87322900
vt 0.32214400 0.87351200
vt 0.32356300 0.87347000
vt 0.32391600 0.87385300
vt 0.32437600 0.87362000
vt 0.32390900 0.87531800
vt 0.32420300 0.87507000
vt 0.32279500 0.87464500
vt 0.32210100 0.87349600
vt 0.32132500 0.87463300
vt 0.32192900 0.87548800
vt 0.32036500 0.87372000
vt 0.32077300 0.87494400
vt 0.32100000 0.87362700
vt 0.32147400 0.87593600
vt 0.31979600 0.87381400
vt 0.32023500 0.87517500
vt 0.32276900 0.87611400
vt 0.32391200 0.87534100
vt 0.32388100 0.87391000
vt 0.32377000 0.87645600
vt 0.32351700 0.87351000
vt 0.32106500 0.87633900
vt 0.32245200 0.87666000
vt 0.32221300 0.87719300
vt 0.32473700 0.87534000
vt 0.32473900 0.87531400
vt 0.32444600 0.87506700
vt 0.32488200 0.87645900
vt 0.32628700 0.87322900
vt 0.32487600 0.87300200
vt 0.32508600 0.87346900
vt 0.32650600 0.87351200
vt 0.32427500 0.87361700
vt 0.32473300 0.87385100
vt 0.32585400 0.87464500
vt 0.32672300 0.87549000
vt 0.32732900 0.87463400
vt 0.32654900 0.87349600
vt 0.32829200 0.87372100
vt 0.32765400 0.87362700
vt 0.32788300 0.87494500
vt 0.32718100 0.87593700
vt 0.32842200 0.87517500
vt 0.32886100 0.87381400
vt 0.32588200 0.87611600
vt 0.32476800 0.87390800
vt 0.32513200 0.87350800
vt 0.32759300 0.87633900
vt 0.32620300 0.87666200
vt 0.32644500 0.87719400
vt 0.33655300 0.88488200
vt 0.33668600 0.88347300
vt 0.33604000 0.88347300
vt 0.33617500 0.88488300
vt 0.33557400 0.88257500
vt 0.33419100 0.88259800
vt 0.33419100 0.88293000
vt 0.33557400 0.88295300
vt 0.33604100 0.88205400
vt 0.33853900 0.88260100
vt 0.33715600 0.88257000
vt 0.33715600 0.88295700
vt 0.33853900 0.88292700
vt 0.32829200 0.87254900
vt 0.32886100 0.87245600
vt 0.32765400 0.87264300
vt 0.32650600 0.87275800
vt 0.32628700 0.87304100
vt 0.32654900 0.87277300
vt 0.33668600 0.88205400
vt 0.32508300 0.86861100
vt 0.32357400 0.86861600
vt 0.32367100 0.86918500
vt 0.32498300 0.86917900
vt 0.32236600 0.87304100
vt 0.32377700 0.87326600
vt 0.32356300 0.87280000
vt 0.32214400 0.87275800
vt 0.32437600 0.87265000
vt 0.32391600 0.87241700
vt 0.32420300 0.87120000
vt 0.32390900 0.87095200
vt 0.32279500 0.87162500
vt 0.32192900 0.87078200
vt 0.32132500 0.87163700
vt 0.32210100 0.87277400
vt 0.32036500 0.87254900
vt 0.32100000 0.87264300
vt 0.32077300 0.87132600
vt 0.32147400 0.87033400
vt 0.32023500 0.87109400
vt 0.31979600 0.87245500
vt 0.32391200 0.87092800
vt 0.32276900 0.87015600
vt 0.32388100 0.87236000
vt 0.32377000 0.86981400
vt 0.32351700 0.87276000
vt 0.32106500 0.86993000
vt 0.32245200 0.86961000
vt 0.32221300 0.86907700
vt 0.32473700 0.87093000
vt 0.32473900 0.87095600
vt 0.32444600 0.87120300
vt 0.32488200 0.86981100
vt 0.32508600 0.87280100
vt 0.32487600 0.87326800
vt 0.32473300 0.87241900
vt 0.32427500 0.87265300
vt 0.32585400 0.87162400
vt 0.32732900 0.87163500
vt 0.32672300 0.87078000
vt 0.32788300 0.87132500
vt 0.32718200 0.87033200
vt 0.32842200 0.87109500
vt 0.32588300 0.87015400
vt 0.32476800 0.87236200
vt 0.32513200 0.87276200
vt 0.32759300 0.86993100
vt 0.32620300 0.86960700
vt 0.32644500 0.86907500
vt 0.33655300 0.88064600
vt 0.33617500 0.88064400
vt 0.33417200 0.88295000
vt 0.33556500 0.88296800
vt 0.33601900 0.88348200
vt 0.33615800 0.88490300
vt 0.33657000 0.88490100
vt 0.33670700 0.88348200
vt 0.33716500 0.88297700
vt 0.33855700 0.88294500
vt 0.33855700 0.88258200
vt 0.33716500 0.88255100
vt 0.33670700 0.88204500
vt 0.33657000 0.88062700
vt 0.33615800 0.88062500
vt 0.33601900 0.88204500
vt 0.33556500 0.88255900
vt 0.33417200 0.88257800
vt 0.33226100 0.90200400
vt 0.33221400 0.90226900
vt 0.33315200 0.90227200
vt 0.33310500 0.90200700
vt 0.33223700 0.89946400
vt 0.33130700 0.89956000
vt 0.33118800 0.89972000
vt 0.33212200 0.89970100
vt 0.33237000 0.89997400
vt 0.33259900 0.89984100
vt 0.33241000 0.90093900
vt 0.33257600 0.90079800
vt 0.33163100 0.90049900
vt 0.33115900 0.89972200
vt 0.33067400 0.90047000
vt 0.33108200 0.90103700
vt 0.33012500 0.89985000
vt 0.33038900 0.90063800
vt 0.33045700 0.89980100
vt 0.33084400 0.90127300
vt 0.32986100 0.89989500
vt 0.33013600 0.90074000
vt 0.33164600 0.90145100
vt 0.33239700 0.90095800
vt 0.33234400 0.90000500
vt 0.33231300 0.90167400
vt 0.33209700 0.89973300
vt 0.33065400 0.90146100
vt 0.33147500 0.90173500
vt 0.33137100 0.90198700
vt 0.33296600 0.90095800
vt 0.33295200 0.90093800
vt 0.33278500 0.90079600
vt 0.33305300 0.90167600
vt 0.33406000 0.89955900
vt 0.33313000 0.89946300
vt 0.33324400 0.89970000
vt 0.33417800 0.89972000
vt 0.33276900 0.89983900
vt 0.33299700 0.89997300
vt 0.33373400 0.90049900
vt 0.33428300 0.90103800
vt 0.33469200 0.90047000
vt 0.33420700 0.89972100
vt 0.33524100 0.89984900
vt 0.33490900 0.89980000
vt 0.33497700 0.90063800
vt 0.33452200 0.90127300
vt 0.33523100 0.90074000
vt 0.33550500 0.89989400
vt 0.33371900 0.90145100
vt 0.33302200 0.90000500
vt 0.33326900 0.89973200
vt 0.33471200 0.90146100
vt 0.33389100 0.90173500
vt 0.33399600 0.90198700
vt 0.34116400 0.88856100
vt 0.34125200 0.88762500
vt 0.34082400 0.88762500
vt 0.34091200 0.88856100
vt 0.34051300 0.88702400
vt 0.33959400 0.88704500
vt 0.33959400 0.88726200
vt 0.34051200 0.88728300
vt 0.34082400 0.88668200
vt 0.34248100 0.88704500
vt 0.34156300 0.88702400
vt 0.34156300 0.88728300
vt 0.34248100 0.88726200
vt 0.33524100 0.89909600
vt 0.33550500 0.89905100
vt 0.33490900 0.89914500
vt 0.33417800 0.89922500
vt 0.33406000 0.89938600
vt 0.33420700 0.89922400
vt 0.34125200 0.88668200
vt 0.33315100 0.89667400
vt 0.33221300 0.89667600
vt 0.33226000 0.89694100
vt 0.33310400 0.89693800
vt 0.33130700 0.89938600
vt 0.33223700 0.89948200
vt 0.33212200 0.89924500
vt 0.33118800 0.89922600
vt 0.33259900 0.89910500
vt 0.33236900 0.89897200
vt 0.33257500 0.89814800
vt 0.33240900 0.89800600
vt 0.33163000 0.89844700
vt 0.33108100 0.89790900
vt 0.33067300 0.89847700
vt 0.33115900 0.89922500
vt 0.33012500 0.89909700
vt 0.33045700 0.89914600
vt 0.33038900 0.89830900
vt 0.33084300 0.89767400
vt 0.33013500 0.89820600
vt 0.32986100 0.89905200
vt 0.33239600 0.89798700
vt 0.33164500 0.89749500
vt 0.33234400 0.89894000
vt 0.33231200 0.89727100
vt 0.33209600 0.89921400
vt 0.33065400 0.89748500
vt 0.33147400 0.89721100
vt 0.33136900 0.89695900
vt 0.33296600 0.89798700
vt 0.33295100 0.89800700
vt 0.33278400 0.89815000
vt 0.33305200 0.89727000
vt 0.33324400 0.89924500
vt 0.33313000 0.89948200
vt 0.33299700 0.89897200
vt 0.33276900 0.89910600
vt 0.33373400 0.89844600
vt 0.33469200 0.89847600
vt 0.33428300 0.89790800
vt 0.33497700 0.89830700
vt 0.33452100 0.89767200
vt 0.33523100 0.89820500
vt 0.33371800 0.89749400
vt 0.33302200 0.89894100
vt 0.33326900 0.89921400
vt 0.33471200 0.89748400
vt 0.33389000 0.89721000
vt 0.33399600 0.89695800
vt 0.34116400 0.88574600
vt 0.34091200 0.88574600
vt 0.33958300 0.88727200
vt 0.34050700 0.88729500
vt 0.34081200 0.88763000
vt 0.34090200 0.88857300
vt 0.34117400 0.88857300
vt 0.34126300 0.88763000
vt 0.34156800 0.88729500
vt 0.34249300 0.88727200
vt 0.34249300 0.88703400
vt 0.34156800 0.88701200
vt 0.34126300 0.88667700
vt 0.34117400 0.88573400
vt 0.34090200 0.88573500
vt 0.34081200 0.88667700
vt 0.34050700 0.88701200
vt 0.33958300 0.88703400
vt 0.32233600 0.90193700
vt 0.32227400 0.90229700
vt 0.32326600 0.90230000
vt 0.32320300 0.90194100
vt 0.32239000 0.89925600
vt 0.32145400 0.89939700
vt 0.32131200 0.89958100
vt 0.32225300 0.89955400
vt 0.32249000 0.89981100
vt 0.32278300 0.89965900
vt 0.32249300 0.90078200
vt 0.32268200 0.90062100
vt 0.32174600 0.90033700
vt 0.32128300 0.89957200
vt 0.32077300 0.90032600
vt 0.32117600 0.90089300
vt 0.32015100 0.89971700
vt 0.32042100 0.90052600
vt 0.32055700 0.89965700
vt 0.32088400 0.90118000
vt 0.31979200 0.89977700
vt 0.32008000 0.90067100
vt 0.32173400 0.90130800
vt 0.32249200 0.90079900
vt 0.32246600 0.89984800
vt 0.32240000 0.90153400
vt 0.32222300 0.89958100
vt 0.32062600 0.90143500
vt 0.32153100 0.90165700
vt 0.32138100 0.90199500
vt 0.32304400 0.90079800
vt 0.32304300 0.90078000
vt 0.32285300 0.90061900
vt 0.32313800 0.90153600
vt 0.32408500 0.89939800
vt 0.32315000 0.89925400
vt 0.32328500 0.89955200
vt 0.32422600 0.89958100
vt 0.32275600 0.89965700
vt 0.32304700 0.89980900
vt 0.32379000 0.90033800
vt 0.32436200 0.90089500
vt 0.32476600 0.90032700
vt 0.32425500 0.89957300
vt 0.32539100 0.89971800
vt 0.32498300 0.89965800
vt 0.32512000 0.90052700
vt 0.32465500 0.90118100
vt 0.32546100 0.90067100
vt 0.32575000 0.89977800
vt 0.32380300 0.90130900
vt 0.32307100 0.89984600
vt 0.32331400 0.89958000
vt 0.32491500 0.90143500
vt 0.32400800 0.90165900
vt 0.32416000 0.90199600
vt 0.34484400 0.88856000
vt 0.34493300 0.88762500
vt 0.34450400 0.88762500
vt 0.34459300 0.88856100
vt 0.34419400 0.88702800
vt 0.34327600 0.88704300
vt 0.34327600 0.88726400
vt 0.34419400 0.88727900
vt 0.34450400 0.88668200
vt 0.34616300 0.88704500
vt 0.34524400 0.88702500
vt 0.34524400 0.88728200
vt 0.34616300 0.88726200
vt 0.32539100 0.89894500
vt 0.32575000 0.89888500
vt 0.32498300 0.89900500
vt 0.32422600 0.89908200
vt 0.32408500 0.89926500
vt 0.32425500 0.89909000
vt 0.34493300 0.88668200
vt 0.32326700 0.89636200
vt 0.32227500 0.89636600
vt 0.32233700 0.89672500
vt 0.32320400 0.89672200
vt 0.32145400 0.89926400
vt 0.32239000 0.89940700
vt 0.32225300 0.89910900
vt 0.32131200 0.89908100
vt 0.32278300 0.89900300
vt 0.32249000 0.89885200
vt 0.32268300 0.89804100
vt 0.32249400 0.89788000
vt 0.32174700 0.89832500
vt 0.32117600 0.89776900
vt 0.32077300 0.89833600
vt 0.32128300 0.89909000
vt 0.32015100 0.89894400
vt 0.32055700 0.89900400
vt 0.32042100 0.89813600
vt 0.32088500 0.89748200
vt 0.32008100 0.89799000
vt 0.31979200 0.89888400
vt 0.32249300 0.89786400
vt 0.32173500 0.89735400
vt 0.32246600 0.89881500
vt 0.32240100 0.89712800
vt 0.32222300 0.89908200
vt 0.32062700 0.89722600
vt 0.32153200 0.89700500
vt 0.32138200 0.89666700
vt 0.32304400 0.89786500
vt 0.32304300 0.89788200
vt 0.32285400 0.89804300
vt 0.32313900 0.89712600
vt 0.32328500 0.89911000
vt 0.32314900 0.89940800
vt 0.32304700 0.89885300
vt 0.32275600 0.89900600
vt 0.32379100 0.89832500
vt 0.32476600 0.89833600
vt 0.32436300 0.89776800
vt 0.32512000 0.89813600
vt 0.32465600 0.89748200
vt 0.32546100 0.89799200
vt 0.32380300 0.89735400
vt 0.32307100 0.89881600
vt 0.32331400 0.89908300
vt 0.32491600 0.89722700
vt 0.32400900 0.89700400
vt 0.32416100 0.89666700
vt 0.34484400 0.88574700
vt 0.34459300 0.88574600
vt 0.34326400 0.88727700
vt 0.34418800 0.88728900
vt 0.34449000 0.88763000
vt 0.34458200 0.88857300
vt 0.34485500 0.88857200
vt 0.34494600 0.88763000
vt 0.34525100 0.88729500
vt 0.34617500 0.88727400
vt 0.34617500 0.88703300
vt 0.34525100 0.88701200
vt 0.34494600 0.88667600
vt 0.34485500 0.88573500
vt 0.34458200 0.88573400
vt 0.34449000 0.88667600
vt 0.34418800 0.88701800
vt 0.34326400 0.88703000
vt 0.34234900 0.90539600
vt 0.34379100 0.90529000
vt 0.34389300 0.90469800
vt 0.34218400 0.90480900
vt 0.34199500 0.90966500
vt 0.34204000 0.90913800
vt 0.34071100 0.90852500
vt 0.34053200 0.90853500
vt 0.34293200 0.90928600
vt 0.34256700 0.90890800
vt 0.34321600 0.90763600
vt 0.34278500 0.90739100
vt 0.34162000 0.90786200
vt 0.34067700 0.90721900
vt 0.34041400 0.90848900
vt 0.34063000 0.90859800
vt 0.34151800 0.90848100
vt 0.34146000 0.90844600
vt 0.34016200 0.90844900
vt 0.34021600 0.90706800
vt 0.33994000 0.90866200
vt 0.34161600 0.90853400
vt 0.34278300 0.90727000
vt 0.34149900 0.90650400
vt 0.34257100 0.90883600
vt 0.34251000 0.90604900
vt 0.34204700 0.90911300
vt 0.33972000 0.90692800
vt 0.34107900 0.90602700
vt 0.34071500 0.90555500
vt 0.34354200 0.90705900
vt 0.34356400 0.90703800
vt 0.34338800 0.90727600
vt 0.34368900 0.90593000
vt 0.34546800 0.90911100
vt 0.34528200 0.90896300
vt 0.34381900 0.90904000
vt 0.34366500 0.90954900
vt 0.34340900 0.90863500
vt 0.34293000 0.90885100
vt 0.34460400 0.90785100
vt 0.34531500 0.90903000
vt 0.34597100 0.90802200
vt 0.34555000 0.90704500
vt 0.34556300 0.90920800
vt 0.34639100 0.90804400
vt 0.34541900 0.90908900
vt 0.34606900 0.90674500
vt 0.34559200 0.90944200
vt 0.34684200 0.90820600
vt 0.34475200 0.90631300
vt 0.34342700 0.90858000
vt 0.34382000 0.90900800
vt 0.34657600 0.90650400
vt 0.34512400 0.90579700
vt 0.34543400 0.90528200
vt 0.33243000 0.88486800
vt 0.33281300 0.88487500
vt 0.33299300 0.88346300
vt 0.33234400 0.88344700
vt 0.33342300 0.88275300
vt 0.33341700 0.88280300
vt 0.33202700 0.88263400
vt 0.33203400 0.88296100
vt 0.33302200 0.88207800
vt 0.33332400 0.88297500
vt 0.33334200 0.88264800
vt 0.33194600 0.88277100
vt 0.33194300 0.88272100
vt 0.34486800 0.90820700
vt 0.34476600 0.90812500
vt 0.34490500 0.90827700
vt 0.34557800 0.90834200
vt 0.34571400 0.90833900
vt 0.34566300 0.90827300
vt 0.33237200 0.88206300
vt 0.34431600 0.91207500
vt 0.34416000 0.91149700
vt 0.34271200 0.91148900
vt 0.34260400 0.91209000
vt 0.34073100 0.90774100
vt 0.34094600 0.90787200
vt 0.34238400 0.90757500
vt 0.34244400 0.90703900
vt 0.34286000 0.90790600
vt 0.34328400 0.90756700
vt 0.34299200 0.90944300
vt 0.34342700 0.90921800
vt 0.34179200 0.90887900
vt 0.34091800 0.90779900
vt 0.34037800 0.90884500
vt 0.34091200 0.90976500
vt 0.34065100 0.90761300
vt 0.33995200 0.90885500
vt 0.34081200 0.90772800
vt 0.34040300 0.91010700
vt 0.34058700 0.90736900
vt 0.33948200 0.90873900
vt 0.34176600 0.91042400
vt 0.34298800 0.90955900
vt 0.34285300 0.90798000
vt 0.34280500 0.91082000
vt 0.34239400 0.90761100
vt 0.33990800 0.91039200
vt 0.34139400 0.91098300
vt 0.34109500 0.91152300
vt 0.34375100 0.90979600
vt 0.34376600 0.90981800
vt 0.34359200 0.90956100
vt 0.34399300 0.91087800
vt 0.34414000 0.90739000
vt 0.34418300 0.90790500
vt 0.34328400 0.90795200
vt 0.34371800 0.90822200
vt 0.34481300 0.90910100
vt 0.34581700 0.90963800
vt 0.34598900 0.90833200
vt 0.34624400 0.90836200
vt 0.34627200 0.90975900
vt 0.34648100 0.90813000
vt 0.34503600 0.91042800
vt 0.34372700 0.90827800
vt 0.34419100 0.90793100
vt 0.34676800 0.90987400
vt 0.34544800 0.91086200
vt 0.34581600 0.91131200
vt 0.33293500 0.88065700
vt 0.33255200 0.88065200
vt 0.33340600 0.88282500
vt 0.33201100 0.88261500
vt 0.33303000 0.88344800
vt 0.33283000 0.88489100
vt 0.33241200 0.88488600
vt 0.33230800 0.88343100
vt 0.33195700 0.88279300
vt 0.33335900 0.88263000
vt 0.33333700 0.88299500
vt 0.33195500 0.88270000
vt 0.33233400 0.88207800
vt 0.33253500 0.88063600
vt 0.33295300 0.88063800
vt 0.33305700 0.88209400
vt 0.33341200 0.88273100
vt 0.33202000 0.88298000
vt 0.33227400 0.86626400
vt 0.33309000 0.86626100
vt 0.33317100 0.86598500
vt 0.33219300 0.86598800
vt 0.33080000 0.86742500
vt 0.33103700 0.86734900
vt 0.33118400 0.86633300
vt 0.33096700 0.86627900
vt 0.33123600 0.86790800
vt 0.33132700 0.86770000
vt 0.33242800 0.86776400
vt 0.33237600 0.86753700
vt 0.33146800 0.86728300
vt 0.33147400 0.86726000
vt 0.33195200 0.86692000
vt 0.33123300 0.86633100
vt 0.33244100 0.86641500
vt 0.33205400 0.86634300
vt 0.33214200 0.86716500
vt 0.33137200 0.86736800
vt 0.33228800 0.86735000
vt 0.33271900 0.86649100
vt 0.33237800 0.86748600
vt 0.33178400 0.86676900
vt 0.33127300 0.86777600
vt 0.33235300 0.86664900
vt 0.33099600 0.86736300
vt 0.33128900 0.86745400
vt 0.33153300 0.86658700
vt 0.33134500 0.86644900
vt 0.33298800 0.86748600
vt 0.33298900 0.86753800
vt 0.33293700 0.86776500
vt 0.33301200 0.86664700
vt 0.33439900 0.86627900
vt 0.33418300 0.86633300
vt 0.33432900 0.86734900
vt 0.33456600 0.86742500
vt 0.33403900 0.86770000
vt 0.33413000 0.86790800
vt 0.33389900 0.86728200
vt 0.33413300 0.86633100
vt 0.33341300 0.86691900
vt 0.33389200 0.86725700
vt 0.33292300 0.86641400
vt 0.33322300 0.86716400
vt 0.33331200 0.86634200
vt 0.33399500 0.86736500
vt 0.33264500 0.86649000
vt 0.33307800 0.86734900
vt 0.33358000 0.86676700
vt 0.33409300 0.86777600
vt 0.33437000 0.86736400
vt 0.33407700 0.86745100
vt 0.33383100 0.86658400
vt 0.33402000 0.86644700
vt 0.34375500 0.90378300
vt 0.34398000 0.90391500
vt 0.34422700 0.90300100
vt 0.34423400 0.90290400
vt 0.34398900 0.90366000
vt 0.34395500 0.90339300
vt 0.34301400 0.90354200
vt 0.34304300 0.90376400
vt 0.34435200 0.90397200
vt 0.34557500 0.90333500
vt 0.34554700 0.90311300
vt 0.34459900 0.90321200
vt 0.34463400 0.90347900
vt 0.33292300 0.86569500
vt 0.33264500 0.86561900
vt 0.33331200 0.86576700
vt 0.33418300 0.86577600
vt 0.33439900 0.86583100
vt 0.33413300 0.86577900
vt 0.34436200 0.90387000
vt 0.33317200 0.86612400
vt 0.33309100 0.86584800
vt 0.33227400 0.86584500
vt 0.33219400 0.86612100
vt 0.33096700 0.86583100
vt 0.33118400 0.86577600
vt 0.33103700 0.86476100
vt 0.33080000 0.86468400
vt 0.33132700 0.86441000
vt 0.33123600 0.86420100
vt 0.33237700 0.86457300
vt 0.33242900 0.86434500
vt 0.33146800 0.86482700
vt 0.33123400 0.86577800
vt 0.33195300 0.86519000
vt 0.33147500 0.86485000
vt 0.33244100 0.86569500
vt 0.33214300 0.86494500
vt 0.33205400 0.86576700
vt 0.33137300 0.86474200
vt 0.33271900 0.86561900
vt 0.33228900 0.86476100
vt 0.33178500 0.86534100
vt 0.33237800 0.86462300
vt 0.33127300 0.86433400
vt 0.33235300 0.86546000
vt 0.33099600 0.86474600
vt 0.33129000 0.86465600
vt 0.33153400 0.86552300
vt 0.33134600 0.86566000
vt 0.33298800 0.86462300
vt 0.33299000 0.86457100
vt 0.33293800 0.86434400
vt 0.33301300 0.86546200
vt 0.33456600 0.86468500
vt 0.33433000 0.86476100
vt 0.33413000 0.86420200
vt 0.33403900 0.86441000
vt 0.33389900 0.86482800
vt 0.33389200 0.86485300
vt 0.33341400 0.86519000
vt 0.33322400 0.86494500
vt 0.33399500 0.86474500
vt 0.33307800 0.86476000
vt 0.33358100 0.86534300
vt 0.33409300 0.86433400
vt 0.33437000 0.86474600
vt 0.33407800 0.86465800
vt 0.33383200 0.86552500
vt 0.33402100 0.86566300
vt 0.34486400 0.90310900
vt 0.34464500 0.90296700
vt 0.34394800 0.90338000
vt 0.34300000 0.90353200
vt 0.34422800 0.90299400
vt 0.34398300 0.90393700
vt 0.34374500 0.90377900
vt 0.34422800 0.90290700
vt 0.34460300 0.90319900
vt 0.34555700 0.90310000
vt 0.34558900 0.90334500
vt 0.34464100 0.90349100
vt 0.34436000 0.90387700
vt 0.34464300 0.90294400
vt 0.34487300 0.90311400
vt 0.34435900 0.90396800
vt 0.34398600 0.90367400
vt 0.34303300 0.90377700
vt 0.32831800 0.88069700
vt 0.32928700 0.88061300
vt 0.32935400 0.88024700
vt 0.32820600 0.88033300
vt 0.32821800 0.88350600
vt 0.32822300 0.88316800
vt 0.32731600 0.88280800
vt 0.32717900 0.88284900
vt 0.32881700 0.88320900
vt 0.32856300 0.88298600
vt 0.32890300 0.88210900
vt 0.32863000 0.88196100
vt 0.32789800 0.88232600
vt 0.32724500 0.88195100
vt 0.32714000 0.88281200
vt 0.32728700 0.88284300
vt 0.32792100 0.88285200
vt 0.32783500 0.88274500
vt 0.32699700 0.88281100
vt 0.32694900 0.88188600
vt 0.32685900 0.88296400
vt 0.32802500 0.88296100
vt 0.32863800 0.88189000
vt 0.32776400 0.88143900
vt 0.32856300 0.88293900
vt 0.32843000 0.88110300
vt 0.32823000 0.88314700
vt 0.32663500 0.88182100
vt 0.32748400 0.88115400
vt 0.32724200 0.88086900
vt 0.32913200 0.88173400
vt 0.32915200 0.88172200
vt 0.32903400 0.88190000
vt 0.32922200 0.88100700
vt 0.33049200 0.88265500
vt 0.33040100 0.88265400
vt 0.32948400 0.88298500
vt 0.32946900 0.88331700
vt 0.32916100 0.88278600
vt 0.32889100 0.88297300
vt 0.32986100 0.88216100
vt 0.33045500 0.88269700
vt 0.33064700 0.88263700
vt 0.33049900 0.88176500
vt 0.32990200 0.88270600
vt 0.33081100 0.88260100
vt 0.32993000 0.88266700
vt 0.33077900 0.88167000
vt 0.32984400 0.88275000
vt 0.33096300 0.88273500
vt 0.32994200 0.88126300
vt 0.32916600 0.88274700
vt 0.32948700 0.88296600
vt 0.33108300 0.88157600
vt 0.33018100 0.88097100
vt 0.33038800 0.88067100
vt 0.34056600 0.90386400
vt 0.34081800 0.90393400
vt 0.34088900 0.90296600
vt 0.34089200 0.90292500
vt 0.34057200 0.90359300
vt 0.34057100 0.90332900
vt 0.33961200 0.90334600
vt 0.33961200 0.90357700
vt 0.34089900 0.90395000
vt 0.34218000 0.90352700
vt 0.34218000 0.90330000
vt 0.34122000 0.90327900
vt 0.34122100 0.90354800
vt 0.33040500 0.88206800
vt 0.33043400 0.88191900
vt 0.33030500 0.88214300
vt 0.33021400 0.88223500
vt 0.33033200 0.88214500
vt 0.33023600 0.88219100
vt 0.34090100 0.90391000
vt 0.32914800 0.88499800
vt 0.32911000 0.88462300
vt 0.32815400 0.88447500
vt 0.32802000 0.88483300
vt 0.32717800 0.88231100
vt 0.32731600 0.88235200
vt 0.32821800 0.88199800
vt 0.32821800 0.88166200
vt 0.32854000 0.88219800
vt 0.32879700 0.88197800
vt 0.32857700 0.88321200
vt 0.32887800 0.88308900
vt 0.32783400 0.88283500
vt 0.32729900 0.88231400
vt 0.32697400 0.88232800
vt 0.32713800 0.88317000
vt 0.32775400 0.88204200
vt 0.32684400 0.88230800
vt 0.32771300 0.88217100
vt 0.32682700 0.88323500
vt 0.32783500 0.88189200
vt 0.32668000 0.88214400
vt 0.32764500 0.88370100
vt 0.32855600 0.88329600
vt 0.32854100 0.88224900
vt 0.32829300 0.88407300
vt 0.32822500 0.88202300
vt 0.32650400 0.88329700
vt 0.32734700 0.88397600
vt 0.32709200 0.88425500
vt 0.32903400 0.88348400
vt 0.32905000 0.88350700
vt 0.32895600 0.88335900
vt 0.32907500 0.88422000
vt 0.32914200 0.88184300
vt 0.32923800 0.88216900
vt 0.32865500 0.88230100
vt 0.32896100 0.88244100
vt 0.32975000 0.88297200
vt 0.33035800 0.88352300
vt 0.33065700 0.88287000
vt 0.33092600 0.88286600
vt 0.33067700 0.88372600
vt 0.33121600 0.88277800
vt 0.32980400 0.88400000
vt 0.32897300 0.88247300
vt 0.32923900 0.88219100
vt 0.33098800 0.88389400
vt 0.33002000 0.88433600
vt 0.33019600 0.88466900
vt 0.34122400 0.90301000
vt 0.34097100 0.90294100
vt 0.34056600 0.90331900
vt 0.33959900 0.90333200
vt 0.34088800 0.90296200
vt 0.34082800 0.90395000
vt 0.34055300 0.90386700
vt 0.34088900 0.90292600
vt 0.34122600 0.90326600
vt 0.34219300 0.90328800
vt 0.34219300 0.90354000
vt 0.34122700 0.90356200
vt 0.34090100 0.90391300
vt 0.34096200 0.90292500
vt 0.34123700 0.90300700
vt 0.34090000 0.90394900
vt 0.34056700 0.90360400
vt 0.33959900 0.90359000
vt 0.83598700 0.99480500
vt 0.83877100 0.99325600
vt 0.84027100 0.99037900
vt 0.84027000 0.83207200
vt 0.83877100 0.82919500
vt 0.83598600 0.82764600
vt 0.83114600 0.82764600
vt 0.82836100 0.82919500
vt 0.82686100 0.83207200
vt 0.82686200 0.99037900
vt 0.82836100 0.99325600
vt 0.83114600 0.99480500
vt 0.96261200 0.01067500
vt 0.95982700 0.01222400
vt 0.95832800 0.01510100
vt 0.95832800 0.17340800
vt 0.95982800 0.17628500
vt 0.96261200 0.17783400
vt 0.96745300 0.17783400
vt 0.97023800 0.17628500
vt 0.97173700 0.17340800
vt 0.97173700 0.01510100
vt 0.97023800 0.01222400
vt 0.96745300 0.01067500
vt 0.95408700 0.00913200
vt 0.80361200 0.00913200
vt 0.95408700 0.11930700
vt 0.95408700 0.22948100
vt 0.65313800 0.00913200
f 1/1/1 2/2/2 3/3/3
f 3/3/3 4/4/4 1/1/1
f 5/5/5 6/6/6 7/7/7
f 7/7/7 8/8/8 5/5/5
f 9/9/9 10/10/10 11/11/11
f 11/11/11 12/12/12 9/9/9
f 13/13/13 14/14/14 15/15/15
f 15/15/15 16/16/16 13/13/13
f 17/17/17 18/18/18 19/19/19
f 19/19/19 20/20/20 17/17/17
f 21/21/21 22/22/22 23/23/23
f 23/23/23 24/24/24 21/21/21
f 25/25/25 26/26/26 27/27/27
f 27/27/27 28/28/28 25/25/25
f 29/29/29 30/30/30 31/31/31
f 31/31/31 32/32/32 29/29/29
f 33/33/33 34/34/34 35/35/35
f 35/35/35 36/36/36 33/33/33
f 37/37/37 38/38/38 39/39/39
f 39/39/39 40/40/40 37/37/37
f 41/41/41 42/42/42 3/3/3
f 3/3/3 43/43/43 41/41/41
f 44/44/44 43/43/43 3/3/3
f 3/3/3 2/2/2 44/44/44
f 45/45/45 1/1/1 4/4/4
f 4/4/4 46/46/46 45/45/45
f 47/47/47 48/48/48 49/49/49
f 49/49/49 50/50/50 47/47/47
f 51/51/51 47/47/47 50/50/50
f 50/50/50 52/52/52 51/51/51
f 53/53/53 11/11/11 10/10/10
f 10/10/10 54/54/54 53/53/53
f 52/52/52 53/53/53 54/54/54
f 54/54/54 51/51/51 52/52/52
f 55/55/55 9/9/9 12/12/12
f 12/12/12 56/56/56 55/55/55
f 57/57/57 55/55/55 56/56/56
f 56/56/56 58/58/58 57/57/57
f 59/59/59 46/46/46 4/4/4
f 4/4/4 60/60/60 59/59/59
f 61/61/61 62/62/62 63/63/63
f 63/63/63 64/64/64 61/61/61
f 58/58/58 61/61/61 64/64/64
f 64/64/64 57/57/57 58/58/58
f 65/65/65 66/66/66 67/67/67
f 67/67/67 68/68/68 65/65/65
f 69/69/69 70/70/70 71/71/71
f 71/71/71 72/72/72 69/69/69
f 73/73/73 74/74/74 75/75/75
f 75/75/75 76/76/76 73/73/73
f 77/77/77 27/27/27 26/26/26
f 26/26/26 78/78/78 77/77/77
f 79/79/79 77/77/77 78/78/78
f 78/78/78 80/80/80 79/79/79
f 81/81/81 25/25/25 28/28/28
f 28/28/28 82/82/82 81/81/81
f 76/76/76 81/81/81 82/82/82
f 82/82/82 73/73/73 76/76/76
f 83/83/83 84/84/84 85/85/85
f 85/85/85 86/86/86 83/83/83
f 80/80/80 87/87/87 88/88/88
f 88/88/88 79/79/79 80/80/80
f 89/89/89 90/90/90 91/91/91
f 91/91/91 92/92/92 89/89/89
f 93/93/93 94/94/94 95/95/95
f 95/95/95 96/96/96 93/93/93
f 97/97/97 39/39/39 38/38/38
f 38/38/38 98/98/98 97/97/97
f 72/72/72 97/97/97 98/98/98
f 98/98/98 69/69/69 72/72/72
f 99/99/99 37/37/37 40/40/40
f 40/40/40 100/100/100 99/99/99
f 96/96/96 99/99/99 100/100/100
f 100/100/100 93/93/93 96/96/96
f 40/40/40 39/39/39 101/101/101
f 101/101/101 102/102/102 40/40/40
f 103/103/103 104/104/104 14/14/14
f 14/14/14 13/13/13 103/103/103
f 105/105/105 106/106/106 42/42/42
f 42/42/42 41/41/41 105/105/105
f 107/107/107 105/105/105 41/41/41
f 41/41/41 43/43/43 107/107/107
f 108/108/108 109/109/109 44/44/44
f 44/44/44 2/2/2 108/108/108
f 109/109/109 107/107/107 43/43/43
f 43/43/43 44/44/44 109/109/109
f 110/110/110 111/111/111 1/1/1
f 1/1/1 45/45/45 110/110/110
f 112/112/112 110/110/110 45/45/45
f 45/45/45 46/46/46 112/112/112
f 113/113/113 114/114/114 59/59/59
f 59/59/59 60/60/60 113/113/113
f 114/114/114 112/112/112 46/46/46
f 46/46/46 59/59/59 114/114/114
f 26/26/26 25/25/25 115/115/115
f 115/115/115 116/116/116 26/26/26
f 32/32/32 31/31/31 117/117/117
f 117/117/117 118/118/118 32/32/32
f 119/119/119 120/120/120 121/121/121
f 121/121/121 122/122/122 119/119/119
f 123/123/123 119/119/119 122/122/122
f 122/122/122 124/124/124 123/123/123
f 25/25/25 81/81/81 125/125/125
f 125/125/125 115/115/115 25/25/25
f 81/81/81 76/76/76 126/126/126
f 126/126/126 125/125/125 81/81/81
f 78/78/78 26/26/26 116/116/116
f 116/116/116 127/127/127 78/78/78
f 80/80/80 78/78/78 127/127/127
f 127/127/127 128/128/128 80/80/80
f 84/84/84 83/83/83 129/129/129
f 129/129/129 130/130/130 84/84/84
f 83/83/83 131/131/131 132/132/132
f 132/132/132 129/129/129 83/83/83
f 38/38/38 37/37/37 133/133/133
f 133/133/133 134/134/134 38/38/38
f 8/8/8 7/7/7 135/135/135
f 135/135/135 136/136/136 8/8/8
f 137/137/137 138/138/138 50/50/50
f 50/50/50 49/49/49 137/137/137
f 138/138/138 139/139/139 52/52/52
f 52/52/52 50/50/50 138/138/138
f 98/98/98 38/38/38 134/134/134
f 134/134/134 140/140/140 98/98/98
f 69/69/69 98/98/98 140/140/140
f 140/140/140 141/141/141 69/69/69
f 37/37/37 99/99/99 142/142/142
f 142/142/142 133/133/133 37/37/37
f 99/99/99 96/96/96 143/143/143
f 143/143/143 142/142/142 99/99/99
f 144/144/144 145/145/145 62/62/62
f 62/62/62 61/61/61 144/144/144
f 146/146/146 144/144/144 61/61/61
f 61/61/61 58/58/58 146/146/146
f 119/119/119 147/147/147 148/148/148
f 148/148/148 120/120/120 119/119/119
f 148/148/148 149/149/149 150/150/150
f 150/150/150 120/120/120 148/148/148
f 151/151/151 152/152/152 153/153/153
f 153/153/153 154/154/154 151/151/151
f 155/155/155 156/156/156 157/157/157
f 157/157/157 158/158/158 155/155/155
f 154/154/154 159/159/159 160/160/160
f 160/160/160 151/151/151 154/154/154
f 161/161/161 162/162/162 163/163/163
f 163/163/163 164/164/164 161/161/161
f 163/163/163 165/165/165 166/166/166
f 166/166/166 164/164/164 163/163/163
f 166/166/166 165/165/165 167/167/167
f 168/168/168 162/162/162 161/161/161
f 161/161/161 169/169/169 168/168/168
f 170/170/170 171/171/171 172/172/172
f 172/172/172 173/173/173 170/170/170
f 174/174/174 175/175/175 176/176/176
f 176/176/176 177/177/177 174/174/174
f 178/178/178 179/179/179 180/180/180
f 180/180/180 181/181/181 178/178/178
f 182/182/182 183/183/183 184/184/184
f 184/184/184 185/185/185 182/182/182
f 186/186/186 187/187/187 188/188/188
f 188/188/188 189/189/189 186/186/186
f 190/190/190 175/175/175 174/174/174
f 174/174/174 191/191/191 190/190/190
f 192/192/192 193/193/193 194/194/194
f 194/194/194 195/195/195 192/192/192
f 196/196/196 197/197/197 198/198/198
f 198/198/198 199/199/199 196/196/196
f 200/200/200 186/186/186 162/162/162
f 162/162/162 199/199/199 200/200/200
f 173/173/173 201/201/201 202/202/202
f 202/202/202 170/170/170 173/173/173
f 171/171/171 203/203/203 204/204/204
f 204/204/204 172/172/172 171/171/171
f 177/177/177 205/205/205 206/206/206
f 206/206/206 174/174/174 177/177/177
f 175/175/175 207/207/207 208/208/208
f 208/208/208 176/176/176 175/175/175
f 181/181/181 209/209/209 210/210/210
f 210/210/210 178/178/178 181/181/181
f 179/179/179 211/211/211 212/212/212
f 212/212/212 180/180/180 179/179/179
f 185/185/185 213/213/213 214/214/214
f 214/214/214 182/182/182 185/185/185
f 183/183/183 215/215/215 216/216/216
f 216/216/216 184/184/184 183/183/183
f 186/186/186 200/200/200 217/217/217
f 217/217/217 187/187/187 186/186/186
f 188/188/188 218/218/218 219/219/219
f 219/219/219 189/189/189 188/188/188
f 220/220/220 219/219/219 218/218/218
f 218/218/218 221/221/221 220/220/220
f 222/222/222 223/223/223 224/224/224
f 224/224/224 225/225/225 222/222/222
f 192/192/192 224/224/224 223/223/223
f 223/223/223 193/193/193 192/192/192
f 194/194/194 226/226/226 227/227/227
f 227/227/227 195/195/195 194/194/194
f 196/196/196 227/227/227 226/226/226
f 226/226/226 197/197/197 196/196/196
f 198/198/198 217/217/217 200/200/200
f 200/200/200 199/199/199 198/198/198
f 167/167/167 228/228/228 229/229/229
f 229/229/229 166/166/166 167/167/167
f 230/230/230 231/231/231 232/232/232
f 232/232/232 233/233/233 230/230/230
f 234/234/234 235/235/235 236/236/236
f 236/236/236 237/237/237 234/234/234
f 238/238/238 239/239/239 240/240/240
f 240/240/240 241/241/241 238/238/238
f 233/233/233 242/242/242 243/243/243
f 243/243/243 230/230/230 233/233/233
f 231/231/231 240/240/240 239/239/239
f 239/239/239 232/232/232 231/231/231
f 237/237/237 243/243/243 242/242/242
f 242/242/242 234/234/234 237/237/237
f 244/244/244 245/245/245 246/246/246
f 246/246/246 247/247/247 244/244/244
f 245/245/245 248/248/248 249/249/249
f 249/249/249 246/246/246 245/245/245
f 248/248/248 250/250/250 251/251/251
f 251/251/251 249/249/249 248/248/248
f 252/252/252 253/253/253 254/254/254
f 254/254/254 255/255/255 252/252/252
f 253/253/253 256/256/256 257/257/257
f 257/257/257 254/254/254 253/253/253
f 256/256/256 244/244/244 247/247/247
f 247/247/247 257/257/257 256/256/256
f 258/258/258 259/259/259 260/260/260
f 260/260/260 261/261/261 258/258/258
f 262/262/262 263/263/263 264/264/264
f 264/264/264 265/265/265 262/262/262
f 266/266/266 261/261/261 260/260/260
f 260/260/260 267/267/267 266/266/266
f 268/268/268 262/262/262 265/265/265
f 265/265/265 269/269/269 268/268/268
f 263/263/263 266/266/266 267/267/267
f 267/267/267 264/264/264 263/263/263
f 270/270/270 268/268/268 269/269/269
f 269/269/269 271/271/271 270/270/270
f 42/42/42 272/272/272 273/273/273
f 273/273/273 3/3/3 42/42/42
f 48/48/48 5/5/5 8/8/8
f 8/8/8 49/49/49 48/48/48
f 66/66/66 21/21/21 24/24/24
f 24/24/24 67/67/67 66/66/66
f 106/106/106 274/274/274 272/272/272
f 272/272/272 42/42/42 106/106/106
f 120/120/120 275/275/275 276/276/276
f 276/276/276 121/121/121 120/120/120
f 49/49/49 8/8/8 136/136/136
f 136/136/136 137/137/137 49/49/49
f 277/277/277 19/19/19 62/62/62
f 62/62/62 145/145/145 277/277/277
f 245/245/245 244/244/244 278/278/278
f 278/278/278 248/248/248 245/245/245
f 244/244/244 256/256/256 278/278/278
f 253/253/253 252/252/252 278/278/278
f 278/278/278 256/256/256 253/253/253
f 252/252/252 279/279/279 278/278/278
f 186/186/186 189/189/189 163/163/163
f 163/163/163 162/162/162 186/186/186
f 220/220/220 225/225/225 165/165/165
f 165/165/165 163/163/163 220/220/220
f 192/192/192 195/195/195 168/168/168
f 168/168/168 165/165/165 192/192/192
f 196/196/196 199/199/199 162/162/162
f 162/162/162 168/168/168 196/196/196
f 219/219/219 220/220/220 163/163/163
f 163/163/163 189/189/189 219/219/219
f 224/224/224 192/192/192 165/165/165
f 165/165/165 225/225/225 224/224/224
f 227/227/227 196/196/196 168/168/168
f 168/168/168 195/195/195 227/227/227
f 263/263/263 262/262/262 167/167/167
f 167/167/167 280/280/280 263/263/263
f 270/270/270 281/281/281 228/228/228
f 228/228/228 167/167/167 270/270/270
f 266/266/266 263/263/263 280/280/280
f 280/280/280 261/261/261 266/266/266
f 268/268/268 270/270/270 167/167/167
f 167/167/167 262/262/262 268/268/268
f 168/168/168 169/169/169 280/280/280
f 168/168/168 280/280/280 167/167/167
f 167/167/167 165/165/165 168/168/168
f 282/282/282 283/283/283 273/273/273
f 273/273/273 272/272/272 282/282/282
f 284/284/284 282/282/282 272/272/272
f 272/272/272 274/274/274 284/284/284
f 285/285/285 286/286/286 276/276/276
f 276/276/276 275/275/275 285/285/285
f 156/156/156 155/155/155 287/287/287
f 287/287/287 288/288/288 156/156/156
f 280/280/280 169/169/169 289/289/289
f 289/289/289 290/290/290 280/280/280
f 238/238/238 241/241/241 291/291/291
f 291/291/291 292/292/292 238/238/238
f 252/252/252 255/255/255 293/293/293
f 293/293/293 279/279/279 252/252/252
f 271/271/271 294/294/294 281/281/281
f 281/281/281 270/270/270 271/271/271
f 248/248/248 278/278/278 250/250/250
f 261/261/261 280/280/280 290/290/290
f 290/290/290 258/258/258 261/261/261
f 149/149/149 161/161/161 164/164/164
f 164/164/164 150/150/150 149/149/149
f 150/150/150 164/164/164 166/166/166
f 166/166/166 295/295/295 150/150/150
f 296/296/296 169/169/169 161/161/161
f 161/161/161 149/149/149 296/296/296
f 229/229/229 297/297/297 295/295/295
f 295/295/295 166/166/166 229/229/229
f 298/298/298 289/289/289 169/169/169
f 169/169/169 296/296/296 298/298/298
f 299/299/299 16/16/16 300/300/300
f 300/300/300 301/301/301 299/299/299
f 302/302/302 303/303/303 304/304/304
f 304/304/304 305/305/305 302/302/302
f 306/306/306 307/307/307 308/308/308
f 308/308/308 309/309/309 306/306/306
f 310/310/310 311/311/311 312/312/312
f 312/312/312 313/313/313 310/310/310
f 314/314/314 315/315/315 300/300/300
f 300/300/300 316/316/316 314/314/314
f 317/317/317 301/301/301 300/300/300
f 300/300/300 315/315/315 317/317/317
f 318/318/318 319/319/319 16/16/16
f 16/16/16 299/299/299 318/318/318
f 320/320/320 321/321/321 322/322/322
f 322/322/322 323/323/323 320/320/320
f 324/324/324 325/325/325 321/321/321
f 321/321/321 320/320/320 324/324/324
f 326/326/326 327/327/327 305/305/305
f 305/305/305 304/304/304 326/326/326
f 325/325/325 324/324/324 327/327/327
f 327/327/327 326/326/326 325/325/325
f 328/328/328 329/329/329 303/303/303
f 303/303/303 302/302/302 328/328/328
f 330/330/330 331/331/331 329/329/329
f 329/329/329 328/328/328 330/330/330
f 332/332/332 13/13/13 16/16/16
f 16/16/16 319/319/319 332/332/332
f 333/333/333 334/334/334 17/17/17
f 17/17/17 20/20/20 333/333/333
f 331/331/331 330/330/330 334/334/334
f 334/334/334 333/333/333 331/331/331
f 335/335/335 336/336/336 337/337/337
f 337/337/337 338/338/338 335/335/335
f 339/339/339 340/340/340 341/341/341
f 341/341/341 342/342/342 339/339/339
f 343/343/343 344/344/344 345/345/345
f 345/345/345 346/346/346 343/343/343
f 347/347/347 348/348/348 309/309/309
f 309/309/309 308/308/308 347/347/347
f 349/349/349 350/350/350 348/348/348
f 348/348/348 347/347/347 349/349/349
f 351/351/351 352/352/352 307/307/307
f 307/307/307 306/306/306 351/351/351
f 344/344/344 343/343/343 352/352/352
f 352/352/352 351/351/351 344/344/344
f 353/353/353 354/354/354 29/29/29
f 29/29/29 32/32/32 353/353/353
f 350/350/350 349/349/349 355/355/355
f 355/355/355 356/356/356 350/350/350
f 357/357/357 358/358/358 33/33/33
f 33/33/33 36/36/36 357/357/357
f 359/359/359 360/360/360 361/361/361
f 361/361/361 362/362/362 359/359/359
f 363/363/363 364/364/364 313/313/313
f 313/313/313 312/312/312 363/363/363
f 340/340/340 339/339/339 364/364/364
f 364/364/364 363/363/363 340/340/340
f 365/365/365 366/366/366 311/311/311
f 311/311/311 310/310/310 365/365/365
f 360/360/360 359/359/359 366/366/366
f 366/366/366 365/365/365 360/360/360
f 311/311/311 367/367/367 368/368/368
f 368/368/368 312/312/312 311/311/311
f 369/369/369 314/314/314 316/316/316
f 316/316/316 370/370/370 369/369/369
f 371/371/371 315/315/315 314/314/314
f 314/314/314 369/369/369 371/371/371
f 372/372/372 301/301/301 317/317/317
f 317/317/317 373/373/373 372/372/372
f 373/373/373 317/317/317 315/315/315
f 315/315/315 371/371/371 373/373/373
f 374/374/374 318/318/318 299/299/299
f 299/299/299 375/375/375 374/374/374
f 376/376/376 319/319/319 318/318/318
f 318/318/318 374/374/374 376/376/376
f 103/103/103 13/13/13 332/332/332
f 332/332/332 377/377/377 103/103/103
f 377/377/377 332/332/332 319/319/319
f 319/319/319 376/376/376 377/377/377
f 309/309/309 378/378/378 379/379/379
f 379/379/379 306/306/306 309/309/309
f 380/380/380 381/381/381 382/382/382
f 382/382/382 383/383/383 380/380/380
f 384/384/384 385/385/385 381/381/381
f 381/381/381 380/380/380 384/384/384
f 306/306/306 379/379/379 386/386/386
f 386/386/386 351/351/351 306/306/306
f 351/351/351 386/386/386 387/387/387
f 387/387/387 344/344/344 351/351/351
f 348/348/348 388/388/388 378/378/378
f 378/378/378 309/309/309 348/348/348
f 350/350/350 389/389/389 388/388/388
f 388/388/388 348/348/348 350/350/350
f 32/32/32 118/118/118 390/390/390
f 390/390/390 353/353/353 32/32/32
f 353/353/353 390/390/390 391/391/391
f 391/391/391 392/392/392 353/353/353
f 313/313/313 393/393/393 394/394/394
f 394/394/394 310/310/310 313/313/313
f 395/395/395 322/322/322 321/321/321
f 321/321/321 396/396/396 395/395/395
f 396/396/396 321/321/321 325/325/325
f 325/325/325 397/397/397 396/396/396
f 364/364/364 398/398/398 393/393/393
f 393/393/393 313/313/313 364/364/364
f 339/339/339 399/399/399 398/398/398
f 398/398/398 364/364/364 339/339/339
f 310/310/310 394/394/394 400/400/400
f 400/400/400 365/365/365 310/310/310
f 365/365/365 400/400/400 401/401/401
f 401/401/401 360/360/360 365/365/365
f 402/402/402 333/333/333 20/20/20
f 20/20/20 403/403/403 402/402/402
f 404/404/404 331/331/331 333/333/333
f 333/333/333 402/402/402 404/404/404
f 380/380/380 383/383/383 405/405/405
f 405/405/405 406/406/406 380/380/380
f 405/405/405 383/383/383 407/407/407
f 407/407/407 408/408/408 405/405/405
f 160/160/160 159/159/159 409/409/409
f 409/409/409 410/410/410 160/160/160
f 411/411/411 412/412/412 413/413/413
f 413/413/413 414/414/414 411/411/411
f 415/415/415 416/416/416 417/417/417
f 417/417/417 418/418/418 415/415/415
f 417/417/417 416/416/416 229/229/229
f 229/229/229 419/419/419 417/417/417
f 229/229/229 228/228/228 419/419/419
f 420/420/420 421/421/421 415/415/415
f 415/415/415 418/418/418 420/420/420
f 422/422/422 423/423/423 424/424/424
f 424/424/424 425/425/425 422/422/422
f 426/426/426 427/427/427 428/428/428
f 428/428/428 429/429/429 426/426/426
f 430/430/430 431/431/431 432/432/432
f 432/432/432 433/433/433 430/430/430
f 434/434/434 435/435/435 436/436/436
f 436/436/436 437/437/437 434/434/434
f 438/438/438 439/439/439 440/440/440
f 440/440/440 441/441/441 438/438/438
f 442/442/442 443/443/443 444/444/444
f 444/444/444 445/445/445 442/442/442
f 446/446/446 447/447/447 448/448/448
f 448/448/448 449/449/449 446/446/446
f 450/450/450 451/451/451 452/452/452
f 452/452/452 453/453/453 450/450/450
f 454/454/454 451/451/451 418/418/418
f 418/418/418 438/438/438 454/454/454
f 423/423/423 422/422/422 455/455/455
f 455/455/455 456/456/456 423/423/423
f 425/425/425 424/424/424 457/457/457
f 457/457/457 458/458/458 425/425/425
f 427/427/427 426/426/426 459/459/459
f 459/459/459 460/460/460 427/427/427
f 429/429/429 428/428/428 461/461/461
f 461/461/461 462/462/462 429/429/429
f 431/431/431 430/430/430 463/463/463
f 463/463/463 464/464/464 431/431/431
f 433/433/433 432/432/432 465/465/465
f 465/465/465 466/466/466 433/433/433
f 435/435/435 434/434/434 467/467/467
f 467/467/467 468/468/468 435/435/435
f 437/437/437 436/436/436 469/469/469
f 469/469/469 470/470/470 437/437/437
f 438/438/438 441/441/441 471/471/471
f 471/471/471 454/454/454 438/438/438
f 440/440/440 439/439/439 472/472/472
f 472/472/472 473/473/473 440/440/440
f 442/442/442 445/445/445 473/473/473
f 473/473/473 472/472/472 442/442/442
f 444/444/444 443/443/443 474/474/474
f 474/474/474 475/475/475 444/444/444
f 446/446/446 449/449/449 475/475/475
f 475/475/475 474/474/474 446/446/446
f 448/448/448 447/447/447 476/476/476
f 476/476/476 477/477/477 448/448/448
f 450/450/450 453/453/453 477/477/477
f 477/477/477 476/476/476 450/450/450
f 452/452/452 451/451/451 454/454/454
f 454/454/454 471/471/471 452/452/452
f 478/478/478 479/479/479 480/480/480
f 480/480/480 481/481/481 478/478/478
f 482/482/482 483/483/483 484/484/484
f 484/484/484 485/485/485 482/482/482
f 479/479/479 478/478/478 486/486/486
f 486/486/486 487/487/487 479/479/479
f 481/481/481 480/480/480 485/485/485
f 485/485/485 484/484/484 481/481/481
f 236/236/236 235/235/235 487/487/487
f 487/487/487 486/486/486 236/236/236
f 488/488/488 489/489/489 490/490/490
f 490/490/490 491/491/491 488/488/488
f 491/491/491 490/490/490 251/251/251
f 251/251/251 250/250/250 491/491/491
f 492/492/492 493/493/493 494/494/494
f 494/494/494 495/495/495 492/492/492
f 495/495/495 494/494/494 496/496/496
f 496/496/496 497/497/497 495/495/495
f 497/497/497 496/496/496 489/489/489
f 489/489/489 488/488/488 497/497/497
f 258/258/258 498/498/498 499/499/499
f 499/499/499 259/259/259 258/258/258
f 500/500/500 501/501/501 502/502/502
f 502/502/502 503/503/503 500/500/500
f 504/504/504 505/505/505 499/499/499
f 499/499/499 498/498/498 504/504/504
f 506/506/506 507/507/507 501/501/501
f 501/501/501 500/500/500 506/506/506
f 503/503/503 502/502/502 505/505/505
f 505/505/505 504/504/504 503/503/503
f 281/281/281 294/294/294 507/507/507
f 507/507/507 506/506/506 281/281/281
f 316/316/316 300/300/300 283/283/283
f 283/283/283 282/282/282 316/316/316
f 323/323/323 322/322/322 7/7/7
f 7/7/7 6/6/6 323/323/323
f 338/338/338 337/337/337 23/23/23
f 23/23/23 22/22/22 338/338/338
f 370/370/370 316/316/316 282/282/282
f 282/282/282 284/284/284 370/370/370
f 383/383/383 382/382/382 286/286/286
f 286/286/286 285/285/285 383/383/383
f 322/322/322 395/395/395 135/135/135
f 135/135/135 7/7/7 322/322/322
f 491/491/491 250/250/250 278/278/278
f 278/278/278 488/488/488 491/491/491
f 488/488/488 278/278/278 497/497/497
f 495/495/495 497/497/497 278/278/278
f 278/278/278 492/492/492 495/495/495
f 492/492/492 278/278/278 279/279/279
f 438/438/438 418/418/418 417/417/417
f 417/417/417 439/439/439 438/438/438
f 442/442/442 417/417/417 419/419/419
f 419/419/419 443/443/443 442/442/442
f 446/446/446 419/419/419 420/420/420
f 420/420/420 447/447/447 446/446/446
f 450/450/450 420/420/420 418/418/418
f 418/418/418 451/451/451 450/450/450
f 472/472/472 439/439/439 417/417/417
f 417/417/417 442/442/442 472/472/472
f 474/474/474 443/443/443 419/419/419
f 419/419/419 446/446/446 474/474/474
f 476/476/476 447/447/447 420/420/420
f 420/420/420 450/450/450 476/476/476
f 503/503/503 508/508/508 228/228/228
f 228/228/228 500/500/500 503/503/503
f 504/504/504 498/498/498 508/508/508
f 508/508/508 503/503/503 504/504/504
f 506/506/506 500/500/500 228/228/228
f 228/228/228 281/281/281 506/506/506
f 420/420/420 508/508/508 421/421/421
f 420/420/420 419/419/419 228/228/228
f 228/228/228 508/508/508 420/420/420
f 414/414/414 288/288/288 287/287/287
f 287/287/287 411/411/411 414/414/414
f 508/508/508 290/290/290 289/289/289
f 289/289/289 421/421/421 508/508/508
f 482/482/482 292/292/292 291/291/291
f 291/291/291 483/483/483 482/482/482
f 492/492/492 279/279/279 293/293/293
f 293/293/293 493/493/493 492/492/492
f 498/498/498 258/258/258 290/290/290
f 290/290/290 508/508/508 498/498/498
f 408/408/408 407/407/407 416/416/416
f 416/416/416 415/415/415 408/408/408
f 407/407/407 297/297/297 229/229/229
f 229/229/229 416/416/416 407/407/407
f 509/509/509 408/408/408 415/415/415
f 415/415/415 421/421/421 509/509/509
f 298/298/298 509/509/509 421/421/421
f 421/421/421 289/289/289 298/298/298
f 510/510/510 511/511/511 512/512/512
f 512/512/512 513/513/513 510/510/510
f 514/514/514 515/515/515 516/516/516
f 516/516/516 517/517/517 514/514/514
f 518/518/518 519/519/519 520/520/520
f 520/520/520 521/521/521 518/518/518
f 522/522/522 523/523/523 524/524/524
f 524/524/524 525/525/525 522/522/522
f 526/526/526 527/527/527 528/528/528
f 528/528/528 529/529/529 526/526/526
f 530/530/530 531/531/531 532/532/532
f 532/532/532 533/533/533 530/530/530
f 534/534/534 535/535/535 536/536/536
f 536/536/536 537/537/537 534/534/534
f 538/538/538 539/539/539 540/540/540
f 540/540/540 541/541/541 538/538/538
f 542/542/542 543/543/543 510/510/510
f 510/510/510 513/513/513 542/542/542
f 544/544/544 545/545/545 515/515/515
f 515/515/515 514/514/514 544/544/544
f 546/546/546 518/518/518 521/521/521
f 521/521/521 547/547/547 546/546/546
f 548/548/548 549/549/549 523/523/523
f 523/523/523 522/522/522 548/548/548
f 543/543/543 542/542/542 528/528/528
f 528/528/528 527/527/527 543/543/543
f 545/545/545 544/544/544 531/531/531
f 531/531/531 530/530/530 545/545/545
f 547/547/547 536/536/536 535/535/535
f 535/535/535 546/546/546 547/547/547
f 549/549/549 548/548/548 539/539/539
f 539/539/539 538/538/538 549/549/549
f 550/550/550 551/551/551 514/514/514
f 514/514/514 517/517/517 550/550/550
f 551/551/551 550/550/550 519/519/519
f 519/519/519 518/518/518 551/551/551
f 552/552/552 553/553/553 532/532/532
f 532/532/532 531/531/531 552/552/552
f 553/553/553 552/552/552 535/535/535
f 535/535/535 534/534/534 553/553/553
f 551/551/551 554/554/554 544/544/544
f 544/544/544 514/514/514 551/551/551
f 554/554/554 551/551/551 518/518/518
f 518/518/518 546/546/546 554/554/554
f 554/554/554 552/552/552 531/531/531
f 531/531/531 544/544/544 554/554/554
f 552/552/552 554/554/554 546/546/546
f 546/546/546 535/535/535 552/552/552
f 555/555/555 556/556/556 557/557/557
f 558/558/558 559/559/559 557/557/557
f 560/560/560 555/555/555 557/557/557
f 559/559/559 560/560/560 557/557/557
f 522/522/522 525/525/525 561/561/561
f 561/561/561 562/562/562 522/522/522
f 540/540/540 539/539/539 563/563/563
f 563/563/563 564/564/564 540/540/540
f 565/565/565 548/548/548 522/522/522
f 522/522/522 562/562/562 565/565/565
f 563/563/563 539/539/539 548/548/548
f 548/548/548 565/565/565 563/563/563
f 515/515/515 513/513/513 512/512/512
f 512/512/512 516/516/516 515/515/515
f 523/523/523 521/521/521 520/520/520
f 520/520/520 524/524/524 523/523/523
f 533/533/533 529/529/529 528/528/528
f 528/528/528 530/530/530 533/533/533
f 541/541/541 537/537/537 536/536/536
f 536/536/536 538/538/538 541/541/541
f 545/545/545 542/542/542 513/513/513
f 513/513/513 515/515/515 545/545/545
f 549/549/549 547/547/547 521/521/521
f 521/521/521 523/523/523 549/549/549
f 530/530/530 528/528/528 542/542/542
f 542/542/542 545/545/545 530/530/530
f 538/538/538 536/536/536 547/547/547
f 547/547/547 549/549/549 538/538/538
f 566/566/566 567/567/567 568/568/568
f 569/569/569 570/570/570 568/568/568
f 567/567/567 571/571/571 568/568/568
f 571/571/571 569/569/569 568/568/568
f 572/572/572 573/573/573 574/574/574
f 574/574/574 575/575/575 572/572/572
f 576/576/576 577/577/577 578/578/578
f 578/578/578 579/579/579 576/576/576
f 580/580/580 581/581/581 582/582/582
f 582/582/582 583/583/583 580/580/580
f 584/584/584 585/585/585 586/586/586
f 586/586/586 587/587/587 584/584/584
f 588/588/588 589/589/589 590/590/590
f 590/590/590 591/591/591 588/588/588
f 592/592/592 593/593/593 594/594/594
f 594/594/594 595/595/595 592/592/592
f 596/596/596 597/597/597 598/598/598
f 598/598/598 599/599/599 596/596/596
f 600/600/600 601/601/601 602/602/602
f 602/602/602 603/603/603 600/600/600
f 604/604/604 605/605/605 572/572/572
f 572/572/572 575/575/575 604/604/604
f 606/606/606 607/607/607 577/577/577
f 577/577/577 576/576/576 606/606/606
f 608/608/608 580/580/580 583/583/583
f 583/583/583 609/609/609 608/608/608
f 610/610/610 611/611/611 585/585/585
f 585/585/585 584/584/584 610/610/610
f 605/605/605 604/604/604 590/590/590
f 590/590/590 589/589/589 605/605/605
f 607/607/607 606/606/606 593/593/593
f 593/593/593 592/592/592 607/607/607
f 609/609/609 598/598/598 597/597/597
f 597/597/597 608/608/608 609/609/609
f 611/611/611 610/610/610 601/601/601
f 601/601/601 600/600/600 611/611/611
f 612/612/612 613/613/613 576/576/576
f 576/576/576 579/579/579 612/612/612
f 613/613/613 612/612/612 581/581/581
f 581/581/581 580/580/580 613/613/613
f 614/614/614 615/615/615 594/594/594
f 594/594/594 593/593/593 614/614/614
f 615/615/615 614/614/614 597/597/597
f 597/597/597 596/596/596 615/615/615
f 613/613/613 616/616/616 606/606/606
f 606/606/606 576/576/576 613/613/613
f 616/616/616 613/613/613 580/580/580
f 580/580/580 608/608/608 616/616/616
f 616/616/616 614/614/614 593/593/593
f 593/593/593 606/606/606 616/616/616
f 614/614/614 616/616/616 608/608/608
f 608/608/608 597/597/597 614/614/614
f 617/617/617 618/618/618 619/619/619
f 620/620/620 621/621/621 619/619/619
f 622/622/622 617/617/617 619/619/619
f 621/621/621 622/622/622 619/619/619
f 584/584/584 587/587/587 623/623/623
f 623/623/623 624/624/624 584/584/584
f 602/602/602 601/601/601 625/625/625
f 625/625/625 626/626/626 602/602/602
f 627/627/627 610/610/610 584/584/584
f 584/584/584 624/624/624 627/627/627
f 625/625/625 601/601/601 610/610/610
f 610/610/610 627/627/627 625/625/625
f 577/577/577 575/575/575 574/574/574
f 574/574/574 578/578/578 577/577/577
f 585/585/585 583/583/583 582/582/582
f 582/582/582 586/586/586 585/585/585
f 595/595/595 591/591/591 590/590/590
f 590/590/590 592/592/592 595/595/595
f 603/603/603 599/599/599 598/598/598
f 598/598/598 600/600/600 603/603/603
f 607/607/607 604/604/604 575/575/575
f 575/575/575 577/577/577 607/607/607
f 611/611/611 609/609/609 583/583/583
f 583/583/583 585/585/585 611/611/611
f 592/592/592 590/590/590 604/604/604
f 604/604/604 607/607/607 592/592/592
f 600/600/600 598/598/598 609/609/609
f 609/609/609 611/611/611 600/600/600
f 628/628/628 629/629/629 630/630/630
f 631/631/631 632/632/632 630/630/630
f 629/629/629 633/633/633 630/630/630
f 633/633/633 631/631/631 630/630/630
f 634/634/634 635/635/635 636/636/636
f 636/636/636 637/637/637 634/634/634
f 638/638/638 639/639/639 640/640/640
f 640/640/640 641/641/641 638/638/638
f 642/642/642 643/643/643 644/644/644
f 644/644/644 645/645/645 642/642/642
f 646/646/646 647/647/647 648/648/648
f 648/648/648 649/649/649 646/646/646
f 650/650/650 651/651/651 652/652/652
f 652/652/652 653/653/653 650/650/650
f 654/654/654 655/655/655 656/656/656
f 656/656/656 657/657/657 654/654/654
f 658/658/658 659/659/659 660/660/660
f 660/660/660 661/661/661 658/658/658
f 662/662/662 663/663/663 664/664/664
f 664/664/664 665/665/665 662/662/662
f 666/666/666 667/667/667 634/634/634
f 634/634/634 637/637/637 666/666/666
f 668/668/668 669/669/669 639/639/639
f 639/639/639 638/638/638 668/668/668
f 670/670/670 642/642/642 645/645/645
f 645/645/645 671/671/671 670/670/670
f 672/672/672 673/673/673 647/647/647
f 647/647/647 646/646/646 672/672/672
f 667/667/667 666/666/666 652/652/652
f 652/652/652 651/651/651 667/667/667
f 669/669/669 668/668/668 655/655/655
f 655/655/655 654/654/654 669/669/669
f 671/671/671 660/660/660 659/659/659
f 659/659/659 670/670/670 671/671/671
f 673/673/673 672/672/672 663/663/663
f 663/663/663 662/662/662 673/673/673
f 674/674/674 675/675/675 638/638/638
f 638/638/638 641/641/641 674/674/674
f 675/675/675 674/674/674 643/643/643
f 643/643/643 642/642/642 675/675/675
f 676/676/676 677/677/677 656/656/656
f 656/656/656 655/655/655 676/676/676
f 677/677/677 676/676/676 659/659/659
f 659/659/659 658/658/658 677/677/677
f 675/675/675 678/678/678 668/668/668
f 668/668/668 638/638/638 675/675/675
f 678/678/678 675/675/675 642/642/642
f 642/642/642 670/670/670 678/678/678
f 678/678/678 676/676/676 655/655/655
f 655/655/655 668/668/668 678/678/678
f 676/676/676 678/678/678 670/670/670
f 670/670/670 659/659/659 676/676/676
f 679/679/679 680/680/680 681/681/681
f 682/682/682 683/683/683 681/681/681
f 684/684/684 679/679/679 681/681/681
f 683/683/683 684/684/684 681/681/681
f 646/646/646 649/649/649 685/685/685
f 685/685/685 686/686/686 646/646/646
f 664/664/664 663/663/663 687/687/687
f 687/687/687 688/688/688 664/664/664
f 689/689/689 672/672/672 646/646/646
f 646/646/646 686/686/686 689/689/689
f 687/687/687 663/663/663 672/672/672
f 672/672/672 689/689/689 687/687/687
f 639/639/639 637/637/637 636/636/636
f 636/636/636 640/640/640 639/639/639
f 647/647/647 645/645/645 644/644/644
f 644/644/644 648/648/648 647/647/647
f 657/657/657 653/653/653 652/652/652
f 652/652/652 654/654/654 657/657/657
f 665/665/665 661/661/661 660/660/660
f 660/660/660 662/662/662 665/665/665
f 669/669/669 666/666/666 637/637/637
f 637/637/637 639/639/639 669/669/669
f 673/673/673 671/671/671 645/645/645
f 645/645/645 647/647/647 673/673/673
f 654/654/654 652/652/652 666/666/666
f 666/666/666 669/669/669 654/654/654
f 662/662/662 660/660/660 671/671/671
f 671/671/671 673/673/673 662/662/662
f 690/690/690 691/691/691 692/692/692
f 693/693/693 694/694/694 692/692/692
f 691/691/691 695/695/695 692/692/692
f 695/695/695 693/693/693 692/692/692
f 696/696/696 697/697/697 698/698/698
f 698/698/698 699/699/699 696/696/696
f 700/700/700 701/701/701 702/702/702
f 702/702/702 703/703/703 700/700/700
f 704/704/704 705/705/705 706/706/706
f 706/706/706 707/707/707 704/704/704
f 708/708/708 709/709/709 710/710/710
f 710/710/710 711/711/711 708/708/708
f 712/712/712 713/713/713 714/714/714
f 714/714/714 715/715/715 712/712/712
f 716/716/716 717/717/717 718/718/718
f 718/718/718 719/719/719 716/716/716
f 720/720/720 721/721/721 722/722/722
f 722/722/722 723/723/723 720/720/720
f 724/724/724 725/725/725 726/726/726
f 726/726/726 727/727/727 724/724/724
f 728/728/728 729/729/729 696/696/696
f 696/696/696 699/699/699 728/728/728
f 730/730/730 731/731/731 701/701/701
f 701/701/701 700/700/700 730/730/730
f 732/732/732 704/704/704 707/707/707
f 707/707/707 733/733/733 732/732/732
f 734/734/734 735/735/735 709/709/709
f 709/709/709 708/708/708 734/734/734
f 729/729/729 728/728/728 714/714/714
f 714/714/714 713/713/713 729/729/729
f 731/731/731 730/730/730 717/717/717
f 717/717/717 716/716/716 731/731/731
f 733/733/733 722/722/722 721/721/721
f 721/721/721 732/732/732 733/733/733
f 735/735/735 734/734/734 725/725/725
f 725/725/725 724/724/724 735/735/735
f 736/736/736 737/737/737 700/700/700
f 700/700/700 703/703/703 736/736/736
f 737/737/737 736/736/736 705/705/705
f 705/705/705 704/704/704 737/737/737
f 738/738/738 739/739/739 718/718/718
f 718/718/718 717/717/717 738/738/738
f 739/739/739 738/738/738 721/721/721
f 721/721/721 720/720/720 739/739/739
f 737/737/737 740/740/740 730/730/730
f 730/730/730 700/700/700 737/737/737
f 740/740/740 737/737/737 704/704/704
f 704/704/704 732/732/732 740/740/740
f 740/740/740 738/738/738 717/717/717
f 717/717/717 730/730/730 740/740/740
f 738/738/738 740/740/740 732/732/732
f 732/732/732 721/721/721 738/738/738
f 741/741/741 742/742/742 743/743/743
f 744/744/744 745/745/745 743/743/743
f 746/746/746 741/741/741 743/743/743
f 745/745/745 746/746/746 743/743/743
f 708/708/708 711/711/711 747/747/747
f 747/747/747 748/748/748 708/708/708
f 726/726/726 725/725/725 749/749/749
f 749/749/749 750/750/750 726/726/726
f 751/751/751 734/734/734 708/708/708
f 708/708/708 748/748/748 751/751/751
f 749/749/749 725/725/725 734/734/734
f 734/734/734 751/751/751 749/749/749
f 701/701/701 699/699/699 698/698/698
f 698/698/698 702/702/702 701/701/701
f 709/709/709 707/707/707 706/706/706
f 706/706/706 710/710/710 709/709/709
f 719/719/719 715/715/715 714/714/714
f 714/714/714 716/716/716 719/719/719
f 727/727/727 723/723/723 722/722/722
f 722/722/722 724/724/724 727/727/727
f 731/731/731 728/728/728 699/699/699
f 699/699/699 701/701/701 731/731/731
f 735/735/735 733/733/733 707/707/707
f 707/707/707 709/709/709 735/735/735
f 716/716/716 714/714/714 728/728/728
f 728/728/728 731/731/731 716/716/716
f 724/724/724 722/722/722 733/733/733
f 733/733/733 735/735/735 724/724/724
f 752/752/752 753/753/753 754/754/754
f 755/755/755 756/756/756 754/754/754
f 753/753/753 757/757/757 754/754/754
f 757/757/757 755/755/755 754/754/754
f 758/758/758 759/759/759 760/760/760
f 760/760/760 761/761/761 758/758/758
f 762/762/762 763/763/763 764/764/764
f 764/764/764 765/765/765 762/762/762
f 766/766/766 767/767/767 768/768/768
f 768/768/768 769/769/769 766/766/766
f 770/770/770 771/771/771 772/772/772
f 772/772/772 773/773/773 770/770/770
f 774/774/774 775/775/775 776/776/776
f 776/776/776 777/777/777 774/774/774
f 778/778/778 779/779/779 780/780/780
f 780/780/780 781/781/781 778/778/778
f 782/782/782 783/783/783 784/784/784
f 784/784/784 785/785/785 782/782/782
f 786/786/786 787/787/787 788/788/788
f 788/788/788 789/789/789 786/786/786
f 790/790/790 791/791/791 758/758/758
f 758/758/758 761/761/761 790/790/790
f 792/792/792 793/793/793 763/763/763
f 763/763/763 762/762/762 792/792/792
f 794/794/794 766/766/766 769/769/769
f 769/769/769 795/795/795 794/794/794
f 796/796/796 797/797/797 771/771/771
f 771/771/771 770/770/770 796/796/796
f 791/791/791 790/790/790 776/776/776
f 776/776/776 775/775/775 791/791/791
f 793/793/793 792/792/792 779/779/779
f 779/779/779 778/778/778 793/793/793
f 795/795/795 784/784/784 783/783/783
f 783/783/783 794/794/794 795/795/795
f 797/797/797 796/796/796 787/787/787
f 787/787/787 786/786/786 797/797/797
f 798/798/798 799/799/799 762/762/762
f 762/762/762 765/765/765 798/798/798
f 799/799/799 798/798/798 767/767/767
f 767/767/767 766/766/766 799/799/799
f 800/800/800 801/801/801 780/780/780
f 780/780/780 779/779/779 800/800/800
f 801/801/801 800/800/800 783/783/783
f 783/783/783 782/782/782 801/801/801
f 799/799/799 802/802/802 792/792/792
f 792/792/792 762/762/762 799/799/799
f 802/802/802 799/799/799 766/766/766
f 766/766/766 794/794/794 802/802/802
f 802/802/802 800/800/800 779/779/779
f 779/779/779 792/792/792 802/802/802
f 800/800/800 802/802/802 794/794/794
f 794/794/794 783/783/783 800/800/800
f 803/803/803 804/804/804 805/805/805
f 806/806/806 807/807/807 805/805/805
f 808/808/808 803/803/803 805/805/805
f 807/807/807 808/808/808 805/805/805
f 770/770/770 773/773/773 809/809/809
f 809/809/809 810/810/810 770/770/770
f 788/788/788 787/787/787 811/811/811
f 811/811/811 812/812/812 788/788/788
f 813/813/813 796/796/796 770/770/770
f 770/770/770 810/810/810 813/813/813
f 811/811/811 787/787/787 796/796/796
f 796/796/796 813/813/813 811/811/811
f 763/763/763 761/761/761 760/760/760
f 760/760/760 764/764/764 763/763/763
f 771/771/771 769/769/769 768/768/768
f 768/768/768 772/772/772 771/771/771
f 781/781/781 777/777/777 776/776/776
f 776/776/776 778/778/778 781/781/781
f 789/789/789 785/785/785 784/784/784
f 784/784/784 786/786/786 789/789/789
f 793/793/793 790/790/790 761/761/761
f 761/761/761 763/763/763 793/793/793
f 797/797/797 795/795/795 769/769/769
f 769/769/769 771/771/771 797/797/797
f 778/778/778 776/776/776 790/790/790
f 790/790/790 793/793/793 778/778/778
f 786/786/786 784/784/784 795/795/795
f 795/795/795 797/797/797 786/786/786
f 814/814/814 815/815/815 816/816/816
f 817/817/817 818/818/818 816/816/816
f 815/815/815 819/819/819 816/816/816
f 819/819/819 817/817/817 816/816/816
f 820/820/820 821/821/821 822/822/822
f 822/822/822 823/823/823 820/820/820
f 824/824/824 825/825/825 826/826/826
f 826/826/826 827/827/827 824/824/824
f 828/828/828 829/829/829 830/830/830
f 830/830/830 831/831/831 828/828/828
f 832/832/832 833/833/833 834/834/834
f 834/834/834 835/835/835 832/832/832
f 836/836/836 837/837/837 838/838/838
f 838/838/838 839/839/839 836/836/836
f 840/840/840 841/841/841 842/842/842
f 842/842/842 843/843/843 840/840/840
f 844/844/844 845/845/845 846/846/846
f 846/846/846 847/847/847 844/844/844
f 848/848/848 849/849/849 850/850/850
f 850/850/850 851/851/851 848/848/848
f 852/852/852 821/821/821 820/820/820
f 820/820/820 853/853/853 852/852/852
f 854/854/854 824/824/824 827/827/827
f 827/827/827 855/855/855 854/854/854
f 856/856/856 857/857/857 829/829/829
f 829/829/829 828/828/828 856/856/856
f 858/858/858 832/832/832 835/835/835
f 835/835/835 859/859/859 858/858/858
f 853/853/853 839/839/839 838/838/838
f 838/838/838 852/852/852 853/853/853
f 855/855/855 840/840/840 843/843/843
f 843/843/843 854/854/854 855/855/855
f 857/857/857 856/856/856 847/847/847
f 847/847/847 846/846/846 857/857/857
f 859/859/859 848/848/848 851/851/851
f 851/851/851 858/858/858 859/859/859
f 860/860/860 825/825/825 824/824/824
f 824/824/824 861/861/861 860/860/860
f 861/861/861 828/828/828 831/831/831
f 831/831/831 860/860/860 861/861/861
f 862/862/862 843/843/843 842/842/842
f 842/842/842 863/863/863 862/862/862
f 863/863/863 844/844/844 847/847/847
f 847/847/847 862/862/862 863/863/863
f 861/861/861 824/824/824 854/854/854
f 854/854/854 864/864/864 861/861/861
f 864/864/864 856/856/856 828/828/828
f 828/828/828 861/861/861 864/864/864
f 864/864/864 854/854/854 843/843/843
f 843/843/843 862/862/862 864/864/864
f 862/862/862 847/847/847 856/856/856
f 856/856/856 864/864/864 862/862/862
f 865/865/865 866/866/866 867/867/867
f 868/868/868 866/866/866 869/869/869
f 870/870/870 866/866/866 865/865/865
f 869/869/869 866/866/866 870/870/870
f 832/832/832 871/871/871 872/872/872
f 872/872/872 833/833/833 832/832/832
f 850/850/850 873/873/873 874/874/874
f 874/874/874 851/851/851 850/850/850
f 875/875/875 871/871/871 832/832/832
f 832/832/832 858/858/858 875/875/875
f 874/874/874 875/875/875 858/858/858
f 858/858/858 851/851/851 874/874/874
f 827/827/827 826/826/826 822/822/822
f 822/822/822 821/821/821 827/827/827
f 835/835/835 834/834/834 830/830/830
f 830/830/830 829/829/829 835/835/835
f 841/841/841 840/840/840 838/838/838
f 838/838/838 837/837/837 841/841/841
f 849/849/849 848/848/848 846/846/846
f 846/846/846 845/845/845 849/849/849
f 855/855/855 827/827/827 821/821/821
f 821/821/821 852/852/852 855/855/855
f 859/859/859 835/835/835 829/829/829
f 829/829/829 857/857/857 859/859/859
f 840/840/840 855/855/855 852/852/852
f 852/852/852 838/838/838 840/840/840
f 848/848/848 859/859/859 857/857/857
f 857/857/857 846/846/846 848/848/848
f 876/876/876 877/877/877 878/878/878
f 879/879/879 877/877/877 880/880/880
f 878/878/878 877/877/877 881/881/881
f 881/881/881 877/877/877 879/879/879
f 882/882/882 883/883/883 884/884/884
f 884/884/884 885/885/885 882/882/882
f 886/886/886 887/887/887 888/888/888
f 888/888/888 889/889/889 886/886/886
f 890/890/890 891/891/891 892/892/892
f 892/892/892 893/893/893 890/890/890
f 894/894/894 895/895/895 896/896/896
f 896/896/896 897/897/897 894/894/894
f 898/898/898 899/899/899 900/900/900
f 900/900/900 901/901/901 898/898/898
f 902/902/902 903/903/903 904/904/904
f 904/904/904 905/905/905 902/902/902
f 906/906/906 907/907/907 908/908/908
f 908/908/908 909/909/909 906/906/906
f 910/910/910 911/911/911 912/912/912
f 912/912/912 913/913/913 910/910/910
f 914/914/914 883/883/883 882/882/882
f 882/882/882 915/915/915 914/914/914
f 916/916/916 886/886/886 889/889/889
f 889/889/889 917/917/917 916/916/916
f 918/918/918 919/919/919 891/891/891
f 891/891/891 890/890/890 918/918/918
f 920/920/920 894/894/894 897/897/897
f 897/897/897 921/921/921 920/920/920
f 915/915/915 901/901/901 900/900/900
f 900/900/900 914/914/914 915/915/915
f 917/917/917 902/902/902 905/905/905
f 905/905/905 916/916/916 917/917/917
f 919/919/919 918/918/918 909/909/909
f 909/909/909 908/908/908 919/919/919
f 921/921/921 910/910/910 913/913/913
f 913/913/913 920/920/920 921/921/921
f 922/922/922 887/887/887 886/886/886
f 886/886/886 923/923/923 922/922/922
f 923/923/923 890/890/890 893/893/893
f 893/893/893 922/922/922 923/923/923
f 924/924/924 905/905/905 904/904/904
f 904/904/904 925/925/925 924/924/924
f 925/925/925 906/906/906 909/909/909
f 909/909/909 924/924/924 925/925/925
f 923/923/923 886/886/886 916/916/916
f 916/916/916 926/926/926 923/923/923
f 926/926/926 918/918/918 890/890/890
f 890/890/890 923/923/923 926/926/926
f 926/926/926 916/916/916 905/905/905
f 905/905/905 924/924/924 926/926/926
f 924/924/924 909/909/909 918/918/918
f 918/918/918 926/926/926 924/924/924
f 927/927/927 928/928/928 929/929/929
f 930/930/930 928/928/928 931/931/931
f 932/932/932 928/928/928 927/927/927
f 931/931/931 928/928/928 932/932/932
f 894/894/894 933/933/933 934/934/934
f 934/934/934 895/895/895 894/894/894
f 912/912/912 935/935/935 936/936/936
f 936/936/936 913/913/913 912/912/912
f 937/937/937 933/933/933 894/894/894
f 894/894/894 920/920/920 937/937/937
f 936/936/936 937/937/937 920/920/920
f 920/920/920 913/913/913 936/936/936
f 889/889/889 888/888/888 884/884/884
f 884/884/884 883/883/883 889/889/889
f 897/897/897 896/896/896 892/892/892
f 892/892/892 891/891/891 897/897/897
f 903/903/903 902/902/902 900/900/900
f 900/900/900 899/899/899 903/903/903
f 911/911/911 910/910/910 908/908/908
f 908/908/908 907/907/907 911/911/911
f 917/917/917 889/889/889 883/883/883
f 883/883/883 914/914/914 917/917/917
f 921/921/921 897/897/897 891/891/891
f 891/891/891 919/919/919 921/921/921
f 902/902/902 917/917/917 914/914/914
f 914/914/914 900/900/900 902/902/902
f 910/910/910 921/921/921 919/919/919
f 919/919/919 908/908/908 910/910/910
f 938/938/938 939/939/939 940/940/940
f 941/941/941 939/939/939 942/942/942
f 940/940/940 939/939/939 943/943/943
f 943/943/943 939/939/939 941/941/941
f 944/944/944 945/945/945 946/946/946
f 946/946/946 947/947/947 944/944/944
f 948/948/948 949/949/949 950/950/950
f 950/950/950 951/951/951 948/948/948
f 952/952/952 953/953/953 954/954/954
f 954/954/954 955/955/955 952/952/952
f 956/956/956 957/957/957 958/958/958
f 958/958/958 959/959/959 956/956/956
f 960/960/960 961/961/961 962/962/962
f 962/962/962 963/963/963 960/960/960
f 964/964/964 965/965/965 966/966/966
f 966/966/966 967/967/967 964/964/964
f 968/968/968 969/969/969 970/970/970
f 970/970/970 971/971/971 968/968/968
f 972/972/972 973/973/973 974/974/974
f 974/974/974 975/975/975 972/972/972
f 976/976/976 945/945/945 944/944/944
f 944/944/944 977/977/977 976/976/976
f 978/978/978 948/948/948 951/951/951
f 951/951/951 979/979/979 978/978/978
f 980/980/980 981/981/981 953/953/953
f 953/953/953 952/952/952 980/980/980
f 982/982/982 956/956/956 959/959/959
f 959/959/959 983/983/983 982/982/982
f 977/977/977 963/963/963 962/962/962
f 962/962/962 976/976/976 977/977/977
f 979/979/979 964/964/964 967/967/967
f 967/967/967 978/978/978 979/979/979
f 981/981/981 980/980/980 971/971/971
f 971/971/971 970/970/970 981/981/981
f 983/983/983 972/972/972 975/975/975
f 975/975/975 982/982/982 983/983/983
f 984/984/984 949/949/949 948/948/948
f 948/948/948 985/985/985 984/984/984
f 985/985/985 952/952/952 955/955/955
f 955/955/955 984/984/984 985/985/985
f 986/986/986 967/967/967 966/966/966
f 966/966/966 987/987/987 986/986/986
f 987/987/987 968/968/968 971/971/971
f 971/971/971 986/986/986 987/987/987
f 985/985/985 948/948/948 978/978/978
f 978/978/978 988/988/988 985/985/985
f 988/988/988 980/980/980 952/952/952
f 952/952/952 985/985/985 988/988/988
f 988/988/988 978/978/978 967/967/967
f 967/967/967 986/986/986 988/988/988
f 986/986/986 971/971/971 980/980/980
f 980/980/980 988/988/988 986/986/986
f 989/989/989 990/990/990 991/991/991
f 992/992/992 990/990/990 993/993/993
f 994/994/994 990/990/990 989/989/989
f 993/993/993 990/990/990 994/994/994
f 956/956/956 995/995/995 996/996/996
f 996/996/996 957/957/957 956/956/956
f 974/974/974 997/997/997 998/998/998
f 998/998/998 975/975/975 974/974/974
f 999/999/999 995/995/995 956/956/956
f 956/956/956 982/982/982 999/999/999
f 998/998/998 999/999/999 982/982/982
f 982/982/982 975/975/975 998/998/998
f 951/951/951 950/950/950 946/946/946
f 946/946/946 945/945/945 951/951/951
f 959/959/959 958/958/958 954/954/954
f 954/954/954 953/953/953 959/959/959
f 965/965/965 964/964/964 962/962/962
f 962/962/962 961/961/961 965/965/965
f 973/973/973 972/972/972 970/970/970
f 970/970/970 969/969/969 973/973/973
f 979/979/979 951/951/951 945/945/945
f 945/945/945 976/976/976 979/979/979
f 983/983/983 959/959/959 953/953/953
f 953/953/953 981/981/981 983/983/983
f 964/964/964 979/979/979 976/976/976
f 976/976/976 962/962/962 964/964/964
f 972/972/972 983/983/983 981/981/981
f 981/981/981 970/970/970 972/972/972
f 1000/1000/1000 1001/1001/1001 1002/1002/1002
f 1003/1003/1003 1001/1001/1001 1004/1004/1004
f 1002/1002/1002 1001/1001/1001 1005/1005/1005
f 1005/1005/1005 1001/1001/1001 1003/1003/1003
f 1006/1006/1006 1007/1007/1007 1008/1008/1008
f 1008/1008/1008 1009/1009/1009 1006/1006/1006
f 1010/1010/1010 1011/1011/1011 1012/1012/1012
f 1012/1012/1012 1013/1013/1013 1010/1010/1010
f 1014/1014/1014 1015/1015/1015 1016/1016/1016
f 1016/1016/1016 1017/1017/1017 1014/1014/1014
f 1018/1018/1018 1019/1019/1019 1020/1020/1020
f 1020/1020/1020 1021/1021/1021 1018/1018/1018
f 1022/1022/1022 1023/1023/1023 1024/1024/1024
f 1024/1024/1024 1025/1025/1025 1022/1022/1022
f 1026/1026/1026 1027/1027/1027 1028/1028/1028
f 1028/1028/1028 1029/1029/1029 1026/1026/1026
f 1030/1030/1030 1031/1031/1031 1032/1032/1032
f 1032/1032/1032 1033/1033/1033 1030/1030/1030
f 1034/1034/1034 1035/1035/1035 1036/1036/1036
f 1036/1036/1036 1037/1037/1037 1034/1034/1034
f 1038/1038/1038 1007/1007/1007 1006/1006/1006
f 1006/1006/1006 1039/1039/1039 1038/1038/1038
f 1040/1040/1040 1010/1010/1010 1013/1013/1013
f 1013/1013/1013 1041/1041/1041 1040/1040/1040
f 1042/1042/1042 1043/1043/1043 1015/1015/1015
f 1015/1015/1015 1014/1014/1014 1042/1042/1042
f 1044/1044/1044 1018/1018/1018 1021/1021/1021
f 1021/1021/1021 1045/1045/1045 1044/1044/1044
f 1039/1039/1039 1025/1025/1025 1024/1024/1024
f 1024/1024/1024 1038/1038/1038 1039/1039/1039
f 1041/1041/1041 1026/1026/1026 1029/1029/1029
f 1029/1029/1029 1040/1040/1040 1041/1041/1041
f 1043/1043/1043 1042/1042/1042 1033/1033/1033
f 1033/1033/1033 1032/1032/1032 1043/1043/1043
f 1045/1045/1045 1034/1034/1034 1037/1037/1037
f 1037/1037/1037 1044/1044/1044 1045/1045/1045
f 1046/1046/1046 1011/1011/1011 1010/1010/1010
f 1010/1010/1010 1047/1047/1047 1046/1046/1046
f 1047/1047/1047 1014/1014/1014 1017/1017/1017
f 1017/1017/1017 1046/1046/1046 1047/1047/1047
f 1048/1048/1048 1029/1029/1029 1028/1028/1028
f 1028/1028/1028 1049/1049/1049 1048/1048/1048
f 1049/1049/1049 1030/1030/1030 1033/1033/1033
f 1033/1033/1033 1048/1048/1048 1049/1049/1049
f 1047/1047/1047 1010/1010/1010 1040/1040/1040
f 1040/1040/1040 1050/1050/1050 1047/1047/1047
f 1050/1050/1050 1042/1042/1042 1014/1014/1014
f 1014/1014/1014 1047/1047/1047 1050/1050/1050
f 1050/1050/1050 1040/1040/1040 1029/1029/1029
f 1029/1029/1029 1048/1048/1048 1050/1050/1050
f 1048/1048/1048 1033/1033/1033 1042/1042/1042
f 1042/1042/1042 1050/1050/1050 1048/1048/1048
f 1051/1051/1051 1052/1052/1052 1053/1053/1053
f 1054/1054/1054 1052/1052/1052 1055/1055/1055
f 1056/1056/1056 1052/1052/1052 1051/1051/1051
f 1055/1055/1055 1052/1052/1052 1056/1056/1056
f 1018/1018/1018 1057/1057/1057 1058/1058/1058
f 1058/1058/1058 1019/1019/1019 1018/1018/1018
f 1036/1036/1036 1059/1059/1059 1060/1060/1060
f 1060/1060/1060 1037/1037/1037 1036/1036/1036
f 1061/1061/1061 1057/1057/1057 1018/1018/1018
f 1018/1018/1018 1044/1044/1044 1061/1061/1061
f 1060/1060/1060 1061/1061/1061 1044/1044/1044
f 1044/1044/1044 1037/1037/1037 1060/1060/1060
f 1013/1013/1013 1012/1012/1012 1008/1008/1008
f 1008/1008/1008 1007/1007/1007 1013/1013/1013
f 1021/1021/1021 1020/1020/1020 1016/1016/1016
f 1016/1016/1016 1015/1015/1015 1021/1021/1021
f 1027/1027/1027 1026/1026/1026 1024/1024/1024
f 1024/1024/1024 1023/1023/1023 1027/1027/1027
f 1035/1035/1035 1034/1034/1034 1032/1032/1032
f 1032/1032/1032 1031/1031/1031 1035/1035/1035
f 1041/1041/1041 1013/1013/1013 1007/1007/1007
f 1007/1007/1007 1038/1038/1038 1041/1041/1041
f 1045/1045/1045 1021/1021/1021 1015/1015/1015
f 1015/1015/1015 1043/1043/1043 1045/1045/1045
f 1026/1026/1026 1041/1041/1041 1038/1038/1038
f 1038/1038/1038 1024/1024/1024 1026/1026/1026
f 1034/1034/1034 1045/1045/1045 1043/1043/1043
f 1043/1043/1043 1032/1032/1032 1034/1034/1034
f 1062/1062/1062 1063/1063/1063 1064/1064/1064
f 1065/1065/1065 1063/1063/1063 1066/1066/1066
f 1064/1064/1064 1063/1063/1063 1067/1067/1067
f 1067/1067/1067 1063/1063/1063 1065/1065/1065
f 1068/1068/1068 1069/1069/1069 1070/1070/1070
f 1070/1070/1070 1071/1071/1071 1068/1068/1068
f 1072/1072/1072 1073/1073/1073 1074/1074/1074
f 1074/1074/1074 1075/1075/1075 1072/1072/1072
f 1076/1076/1076 1077/1077/1077 1078/1078/1078
f 1078/1078/1078 1079/1079/1079 1076/1076/1076
f 1080/1080/1080 1081/1081/1081 1082/1082/1082
f 1082/1082/1082 1083/1083/1083 1080/1080/1080
f 1084/1084/1084 1085/1085/1085 1086/1086/1086
f 1086/1086/1086 1087/1087/1087 1084/1084/1084
f 1088/1088/1088 1089/1089/1089 1090/1090/1090
f 1090/1090/1090 1091/1091/1091 1088/1088/1088
f 1092/1092/1092 1093/1093/1093 1094/1094/1094
f 1094/1094/1094 1095/1095/1095 1092/1092/1092
f 1096/1096/1096 1097/1097/1097 1098/1098/1098
f 1098/1098/1098 1099/1099/1099 1096/1096/1096
f 1100/1100/1100 1069/1069/1069 1068/1068/1068
f 1068/1068/1068 1101/1101/1101 1100/1100/1100
f 1102/1102/1102 1072/1072/1072 1075/1075/1075
f 1075/1075/1075 1103/1103/1103 1102/1102/1102
f 1104/1104/1104 1105/1105/1105 1077/1077/1077
f 1077/1077/1077 1076/1076/1076 1104/1104/1104
f 1106/1106/1106 1080/1080/1080 1083/1083/1083
f 1083/1083/1083 1107/1107/1107 1106/1106/1106
f 1101/1101/1101 1087/1087/1087 1086/1086/1086
f 1086/1086/1086 1100/1100/1100 1101/1101/1101
f 1103/1103/1103 1088/1088/1088 1091/1091/1091
f 1091/1091/1091 1102/1102/1102 1103/1103/1103
f 1105/1105/1105 1104/1104/1104 1095/1095/1095
f 1095/1095/1095 1094/1094/1094 1105/1105/1105
f 1107/1107/1107 1096/1096/1096 1099/1099/1099
f 1099/1099/1099 1106/1106/1106 1107/1107/1107
f 1108/1108/1108 1073/1073/1073 1072/1072/1072
f 1072/1072/1072 1109/1109/1109 1108/1108/1108
f 1109/1109/1109 1076/1076/1076 1079/1079/1079
f 1079/1079/1079 1108/1108/1108 1109/1109/1109
f 1110/1110/1110 1091/1091/1091 1090/1090/1090
f 1090/1090/1090 1111/1111/1111 1110/1110/1110
f 1111/1111/1111 1092/1092/1092 1095/1095/1095
f 1095/1095/1095 1110/1110/1110 1111/1111/1111
f 1109/1109/1109 1072/1072/1072 1102/1102/1102
f 1102/1102/1102 1112/1112/1112 1109/1109/1109
f 1112/1112/1112 1104/1104/1104 1076/1076/1076
f 1076/1076/1076 1109/1109/1109 1112/1112/1112
f 1112/1112/1112 1102/1102/1102 1091/1091/1091
f 1091/1091/1091 1110/1110/1110 1112/1112/1112
f 1110/1110/1110 1095/1095/1095 1104/1104/1104
f 1104/1104/1104 1112/1112/1112 1110/1110/1110
f 1113/1113/1113 1114/1114/1114 1115/1115/1115
f 1116/1116/1116 1114/1114/1114 1117/1117/1117
f 1118/1118/1118 1114/1114/1114 1113/1113/1113
f 1117/1117/1117 1114/1114/1114 1118/1118/1118
f 1080/1080/1080 1119/1119/1119 1120/1120/1120
f 1120/1120/1120 1081/1081/1081 1080/1080/1080
f 1098/1098/1098 1121/1121/1121 1122/1122/1122
f 1122/1122/1122 1099/1099/1099 1098/1098/1098
f 1123/1123/1123 1119/1119/1119 1080/1080/1080
f 1080/1080/1080 1106/1106/1106 1123/1123/1123
f 1122/1122/1122 1123/1123/1123 1106/1106/1106
f 1106/1106/1106 1099/1099/1099 1122/1122/1122
f 1075/1075/1075 1074/1074/1074 1070/1070/1070
f 1070/1070/1070 1069/1069/1069 1075/1075/1075
f 1083/1083/1083 1082/1082/1082 1078/1078/1078
f 1078/1078/1078 1077/1077/1077 1083/1083/1083
f 1089/1089/1089 1088/1088/1088 1086/1086/1086
f 1086/1086/1086 1085/1085/1085 1089/1089/1089
f 1097/1097/1097 1096/1096/1096 1094/1094/1094
f 1094/1094/1094 1093/1093/1093 1097/1097/1097
f 1103/1103/1103 1075/1075/1075 1069/1069/1069
f 1069/1069/1069 1100/1100/1100 1103/1103/1103
f 1107/1107/1107 1083/1083/1083 1077/1077/1077
f 1077/1077/1077 1105/1105/1105 1107/1107/1107
f 1088/1088/1088 1103/1103/1103 1100/1100/1100
f 1100/1100/1100 1086/1086/1086 1088/1088/1088
f 1096/1096/1096 1107/1107/1107 1105/1105/1105
f 1105/1105/1105 1094/1094/1094 1096/1096/1096
f 1124/1124/1124 1125/1125/1125 1126/1126/1126
f 1127/1127/1127 1125/1125/1125 1128/1128/1128
f 1126/1126/1126 1125/1125/1125 1129/1129/1129
f 1129/1129/1129 1125/1125/1125 1127/1127/1127
f 1130/1130/1130 1131/1131/1131 1132/1132/1132
f 1132/1132/1132 1133/1133/1133 1130/1130/1130
f 1131/1131/1131 1134/1134/1134 1135/1135/1135
f 1135/1135/1135 1132/1132/1132 1131/1131/1131
f 1134/1134/1134 1136/1136/1136 1137/1137/1137
f 1137/1137/1137 1135/1135/1135 1134/1134/1134
f 1136/1136/1136 1138/1138/1138 1139/1139/1139
f 1139/1139/1139 1137/1137/1137 1136/1136/1136
f 1140/1140/1140 1141/1141/1141 1142/1142/1142
f 1142/1142/1142 1143/1143/1143 1140/1140/1140
f 1144/1144/1144 1145/1145/1145 1146/1146/1146
f 1146/1146/1146 1147/1147/1147 1144/1144/1144
f 1145/1145/1145 1148/1148/1148 1149/1149/1149
f 1149/1149/1149 1146/1146/1146 1145/1145/1145
f 1148/1148/1148 1150/1150/1150 1151/1151/1151
f 1151/1151/1151 1149/1149/1149 1148/1148/1148
f 1150/1150/1150 1152/1152/1152 1153/1153/1153
f 1153/1153/1153 1151/1151/1151 1150/1150/1150
f 1154/1154/1154 1155/1155/1155 1153/1153/1153
f 1153/1153/1153 1152/1152/1152 1154/1154/1154
f 1156/1156/1156 1157/1157/1157 1158/1158/1158
f 1158/1158/1158 1159/1159/1159 1156/1156/1156
f 1160/1160/1160 1161/1161/1161 1162/1162/1162
f 1162/1162/1162 1163/1163/1163 1160/1160/1160
f 1164/1164/1164 1165/1165/1165 1166/1166/1166
f 1166/1166/1166 1167/1167/1167 1164/1164/1164
f 1168/1168/1168 1169/1169/1169 1170/1170/1170
f 1170/1170/1170 1171/1171/1171 1168/1168/1168
f 1172/1172/1172 1173/1173/1173 1174/1174/1174
f 1174/1174/1174 1175/1175/1175 1172/1172/1172
f 1173/1173/1173 1176/1176/1176 1177/1177/1177
f 1177/1177/1177 1174/1174/1174 1173/1173/1173
f 1178/1178/1178 1133/1133/1133 1132/1132/1132
f 1132/1132/1132 1179/1179/1179 1178/1178/1178
f 1179/1179/1179 1132/1132/1132 1135/1135/1135
f 1135/1135/1135 1180/1180/1180 1179/1179/1179
f 1180/1180/1180 1135/1135/1135 1137/1137/1137
f 1137/1137/1137 1181/1181/1181 1180/1180/1180
f 1181/1181/1181 1137/1137/1137 1139/1139/1139
f 1139/1139/1139 1182/1182/1182 1181/1181/1181
f 1141/1141/1141 1183/1183/1183 1182/1182/1182
f 1182/1182/1182 1139/1139/1139 1141/1141/1141
f 1184/1184/1184 1147/1147/1147 1146/1146/1146
f 1146/1146/1146 1185/1185/1185 1184/1184/1184
f 1185/1185/1185 1146/1146/1146 1149/1149/1149
f 1149/1149/1149 1186/1186/1186 1185/1185/1185
f 1186/1186/1186 1149/1149/1149 1151/1151/1151
f 1151/1151/1151 1187/1187/1187 1186/1186/1186
f 1187/1187/1187 1151/1151/1151 1153/1153/1153
f 1153/1153/1153 1188/1188/1188 1187/1187/1187
f 1153/1153/1153 1155/1155/1155 1189/1189/1189
f 1189/1189/1189 1188/1188/1188 1153/1153/1153
f 1147/1147/1147 1190/1190/1190 1191/1191/1191
f 1191/1191/1191 1144/1144/1144 1147/1147/1147
f 1192/1192/1192 1193/1193/1193 1194/1194/1194
f 1194/1194/1194 1195/1195/1195 1192/1192/1192
f 1196/1196/1196 1197/1197/1197 1198/1198/1198
f 1198/1198/1198 1199/1199/1199 1196/1196/1196
f 1199/1199/1199 1198/1198/1198 1200/1200/1200
f 1200/1200/1200 1201/1201/1201 1199/1199/1199
f 1201/1201/1201 1200/1200/1200 1202/1202/1202
f 1202/1202/1202 1203/1203/1203 1201/1201/1201
f 1203/1203/1203 1202/1202/1202 1140/1140/1140
f 1140/1140/1140 1143/1143/1143 1203/1203/1203
f 1204/1204/1204 1205/1205/1205 1206/1206/1206
f 1206/1206/1206 1207/1207/1207 1204/1204/1204
f 1207/1207/1207 1206/1206/1206 1208/1208/1208
f 1208/1208/1208 1209/1209/1209 1207/1207/1207
f 1209/1209/1209 1208/1208/1208 1210/1210/1210
f 1210/1210/1210 1211/1211/1211 1209/1209/1209
f 1211/1211/1211 1210/1210/1210 1212/1212/1212
f 1212/1212/1212 1213/1213/1213 1211/1211/1211
f 1212/1212/1212 1214/1214/1214 1215/1215/1215
f 1215/1215/1215 1213/1213/1213 1212/1212/1212
f 1216/1216/1216 1217/1217/1217 1218/1218/1218
f 1218/1218/1218 1219/1219/1219 1216/1216/1216
f 1220/1220/1220 1221/1221/1221 1165/1165/1165
f 1165/1165/1165 1164/1164/1164 1220/1220/1220
f 1222/1222/1222 1223/1223/1223 1224/1224/1224
f 1224/1224/1224 1225/1225/1225 1222/1222/1222
f 1226/1226/1226 1227/1227/1227 1228/1228/1228
f 1228/1228/1228 1229/1229/1229 1226/1226/1226
f 1229/1229/1229 1228/1228/1228 1230/1230/1230
f 1230/1230/1230 1231/1231/1231 1229/1229/1229
f 1232/1232/1232 1233/1233/1233 1198/1198/1198
f 1198/1198/1198 1197/1197/1197 1232/1232/1232
f 1233/1233/1233 1234/1234/1234 1200/1200/1200
f 1200/1200/1200 1198/1198/1198 1233/1233/1233
f 1234/1234/1234 1235/1235/1235 1202/1202/1202
f 1202/1202/1202 1200/1200/1200 1234/1234/1234
f 1235/1235/1235 1236/1236/1236 1140/1140/1140
f 1140/1140/1140 1202/1202/1202 1235/1235/1235
f 1237/1237/1237 1238/1238/1238 1206/1206/1206
f 1206/1206/1206 1205/1205/1205 1237/1237/1237
f 1238/1238/1238 1239/1239/1239 1208/1208/1208
f 1208/1208/1208 1206/1206/1206 1238/1238/1238
f 1239/1239/1239 1240/1240/1240 1210/1210/1210
f 1210/1210/1210 1208/1208/1208 1239/1239/1239
f 1240/1240/1240 1241/1241/1241 1212/1212/1212
f 1212/1212/1212 1210/1210/1210 1240/1240/1240
f 1242/1242/1242 1214/1214/1214 1212/1212/1212
f 1212/1212/1212 1241/1241/1241 1242/1242/1242
f 1243/1243/1243 1244/1244/1244 1171/1171/1171
f 1171/1171/1171 1170/1170/1170 1243/1243/1243
f 1245/1245/1245 1190/1190/1190 1147/1147/1147
f 1147/1147/1147 1184/1184/1184 1245/1245/1245
f 1246/1246/1246 1247/1247/1247 1248/1248/1248
f 1248/1248/1248 1249/1249/1249 1246/1246/1246
f 1250/1250/1250 1251/1251/1251 1252/1252/1252
f 1252/1252/1252 1253/1253/1253 1250/1250/1250
f 1254/1254/1254 1255/1255/1255 1256/1256/1256
f 1256/1256/1256 1257/1257/1257 1254/1254/1254
f 1258/1258/1258 1259/1259/1259 1260/1260/1260
f 1260/1260/1260 1261/1261/1261 1258/1258/1258
f 1262/1262/1262 1263/1263/1263 1264/1264/1264
f 1264/1264/1264 1261/1261/1261 1262/1262/1262
f 1265/1265/1265 1266/1266/1266 1267/1267/1267
f 1267/1267/1267 1268/1268/1268 1265/1265/1265
f 1266/1266/1266 1269/1269/1269 1270/1270/1270
f 1270/1270/1270 1267/1267/1267 1266/1266/1266
f 1269/1269/1269 1271/1271/1271 1272/1272/1272
f 1272/1272/1272 1270/1270/1270 1269/1269/1269
f 1252/1252/1252 1273/1273/1273 1274/1274/1274
f 1274/1274/1274 1253/1253/1253 1252/1252/1252
f 1273/1273/1273 1275/1275/1275 1276/1276/1276
f 1276/1276/1276 1274/1274/1274 1273/1273/1273
f 1275/1275/1275 1272/1272/1272 1271/1271/1271
f 1271/1271/1271 1276/1276/1276 1275/1275/1275
f 1277/1277/1277 1278/1278/1278 1279/1279/1279
f 1279/1279/1279 1280/1280/1280 1277/1277/1277
f 1248/1248/1248 1277/1277/1277 1280/1280/1280
f 1280/1280/1280 1249/1249/1249 1248/1248/1248
f 1250/1250/1250 1281/1281/1281 1282/1282/1282
f 1282/1282/1282 1251/1251/1251 1250/1250/1250
f 1260/1260/1260 1283/1283/1283 1262/1262/1262
f 1262/1262/1262 1261/1261/1261 1260/1260/1260
f 1264/1264/1264 1284/1284/1284 1285/1285/1285
f 1285/1285/1285 1261/1261/1261 1264/1264/1264
f 1286/1286/1286 1287/1287/1287 1258/1258/1258
f 1258/1258/1258 1261/1261/1261 1286/1286/1286
f 1288/1288/1288 1289/1289/1289 1261/1261/1261
f 1261/1261/1261 1285/1285/1285 1288/1288/1288
f 1261/1261/1261 1290/1290/1290 1291/1291/1291
f 1291/1291/1291 1286/1286/1286 1261/1261/1261
f 1292/1292/1292 1293/1293/1293 1294/1294/1294
f 1294/1294/1294 1295/1295/1295 1292/1292/1292
f 1296/1296/1296 1297/1297/1297 1298/1298/1298
f 1298/1298/1298 1299/1299/1299 1296/1296/1296
f 1300/1300/1300 1261/1261/1261 1301/1301/1301
f 1301/1301/1301 1302/1302/1302 1300/1300/1300
f 1303/1303/1303 1304/1304/1304 1305/1305/1305
f 1305/1305/1305 1261/1261/1261 1303/1303/1303
f 1306/1306/1306 1307/1307/1307 1308/1308/1308
f 1308/1308/1308 1309/1309/1309 1306/1306/1306
f 1310/1310/1310 1311/1311/1311 1307/1307/1307
f 1307/1307/1307 1306/1306/1306 1310/1310/1310
f 1312/1312/1312 1313/1313/1313 1311/1311/1311
f 1311/1311/1311 1310/1310/1310 1312/1312/1312
f 1314/1314/1314 1315/1315/1315 1296/1296/1296
f 1296/1296/1296 1299/1299/1299 1314/1314/1314
f 1316/1316/1316 1317/1317/1317 1315/1315/1315
f 1315/1315/1315 1314/1314/1314 1316/1316/1316
f 1313/1313/1313 1312/1312/1312 1317/1317/1317
f 1317/1317/1317 1316/1316/1316 1313/1313/1313
f 1318/1318/1318 1319/1319/1319 1292/1292/1292
f 1292/1292/1292 1295/1295/1295 1318/1318/1318
f 1320/1320/1320 1321/1321/1321 1298/1298/1298
f 1298/1298/1298 1297/1297/1297 1320/1320/1320
f 1322/1322/1322 1254/1254/1254 1257/1257/1257
f 1257/1257/1257 1323/1323/1323 1322/1322/1322
f 1301/1301/1301 1261/1261/1261 1305/1305/1305
f 1305/1305/1305 1324/1324/1324 1301/1301/1301
f 1289/1289/1289 1325/1325/1325 1303/1303/1303
f 1303/1303/1303 1261/1261/1261 1289/1289/1289
f 1290/1290/1290 1261/1261/1261 1300/1300/1300
f 1300/1300/1300 1326/1326/1326 1290/1290/1290
f 1319/1319/1319 1318/1318/1318 1279/1279/1279
f 1279/1279/1279 1278/1278/1278 1319/1319/1319
f 1327/1327/1327 1268/1268/1268 1328/1328/1328
f 1328/1328/1328 1329/1329/1329 1327/1327/1327
f 1252/1252/1252 1251/1251/1251 1330/1330/1330
f 1330/1330/1330 1331/1331/1331 1252/1252/1252
f 1332/1332/1332 1333/1333/1333 1334/1334/1334
f 1334/1334/1334 1335/1335/1335 1332/1332/1332
f 1259/1259/1259 1258/1258/1258 1336/1336/1336
f 1336/1336/1336 1337/1337/1337 1259/1259/1259
f 1260/1260/1260 1259/1259/1259 1337/1337/1337
f 1337/1337/1337 1338/1338/1338 1260/1260/1260
f 1263/1263/1263 1262/1262/1262 1339/1339/1339
f 1339/1339/1339 1340/1340/1340 1263/1263/1263
f 1264/1264/1264 1263/1263/1263 1340/1340/1340
f 1340/1340/1340 1341/1341/1341 1264/1264/1264
f 1268/1268/1268 1267/1267/1267 1342/1342/1342
f 1342/1342/1342 1328/1328/1328 1268/1268/1268
f 1267/1267/1267 1270/1270/1270 1343/1343/1343
f 1343/1343/1343 1342/1342/1342 1267/1267/1267
f 1270/1270/1270 1272/1272/1272 1344/1344/1344
f 1344/1344/1344 1343/1343/1343 1270/1270/1270
f 1273/1273/1273 1252/1252/1252 1331/1331/1331
f 1331/1331/1331 1345/1345/1345 1273/1273/1273
f 1275/1275/1275 1273/1273/1273 1345/1345/1345
f 1345/1345/1345 1346/1346/1346 1275/1275/1275
f 1272/1272/1272 1275/1275/1275 1346/1346/1346
f 1346/1346/1346 1344/1344/1344 1272/1272/1272
f 1278/1278/1278 1277/1277/1277 1347/1347/1347
f 1347/1347/1347 1348/1348/1348 1278/1278/1278
f 1277/1277/1277 1248/1248/1248 1349/1349/1349
f 1349/1349/1349 1347/1347/1347 1277/1277/1277
f 1350/1350/1350 1332/1332/1332 1335/1335/1335
f 1335/1335/1335 1351/1351/1351 1350/1350/1350
f 1283/1283/1283 1260/1260/1260 1338/1338/1338
f 1338/1338/1338 1352/1352/1352 1283/1283/1283
f 1262/1262/1262 1283/1283/1283 1352/1352/1352
f 1352/1352/1352 1339/1339/1339 1262/1262/1262
f 1284/1284/1284 1264/1264/1264 1341/1341/1341
f 1341/1341/1341 1351/1351/1351 1284/1284/1284
f 1285/1285/1285 1284/1284/1284 1351/1351/1351
f 1351/1351/1351 1335/1335/1335 1285/1285/1285
f 1287/1287/1287 1286/1286/1286 1353/1353/1353
f 1353/1353/1353 1354/1354/1354 1287/1287/1287
f 1258/1258/1258 1287/1287/1287 1354/1354/1354
f 1354/1354/1354 1336/1336/1336 1258/1258/1258
f 1288/1288/1288 1285/1285/1285 1335/1335/1335
f 1335/1335/1335 1334/1334/1334 1288/1288/1288
f 1286/1286/1286 1291/1291/1291 1355/1355/1355
f 1355/1355/1355 1353/1353/1353 1286/1286/1286
f 1309/1309/1309 1356/1356/1356 1357/1357/1357
f 1357/1357/1357 1358/1358/1358 1309/1309/1309
f 1297/1297/1297 1296/1296/1296 1359/1359/1359
f 1359/1359/1359 1360/1360/1360 1297/1297/1297
f 1302/1302/1302 1301/1301/1301 1361/1361/1361
f 1361/1361/1361 1362/1362/1362 1302/1302/1302
f 1300/1300/1300 1302/1302/1302 1362/1362/1362
f 1362/1362/1362 1363/1363/1363 1300/1300/1300
f 1304/1304/1304 1303/1303/1303 1364/1364/1364
f 1364/1364/1364 1365/1365/1365 1304/1304/1304
f 1305/1305/1305 1304/1304/1304 1365/1365/1365
f 1365/1365/1365 1366/1366/1366 1305/1305/1305
f 1306/1306/1306 1309/1309/1309 1358/1358/1358
f 1358/1358/1358 1367/1367/1367 1306/1306/1306
f 1310/1310/1310 1306/1306/1306 1367/1367/1367
f 1367/1367/1367 1368/1368/1368 1310/1310/1310
f 1312/1312/1312 1310/1310/1310 1368/1368/1368
f 1368/1368/1368 1369/1369/1369 1312/1312/1312
f 1296/1296/1296 1315/1315/1315 1370/1370/1370
f 1370/1370/1370 1359/1359/1359 1296/1296/1296
f 1315/1315/1315 1317/1317/1317 1371/1371/1371
f 1371/1371/1371 1370/1370/1370 1315/1315/1315
f 1317/1317/1317 1312/1312/1312 1369/1369/1369
f 1369/1369/1369 1371/1371/1371 1317/1317/1317
f 1292/1292/1292 1319/1319/1319 1372/1372/1372
f 1372/1372/1372 1373/1373/1373 1292/1292/1292
f 1374/1374/1374 1375/1375/1375 1376/1376/1376
f 1376/1376/1376 1377/1377/1377 1374/1374/1374
f 1333/1333/1333 1374/1374/1374 1377/1377/1377
f 1377/1377/1377 1334/1334/1334 1333/1333/1333
f 1324/1324/1324 1305/1305/1305 1366/1366/1366
f 1366/1366/1366 1378/1378/1378 1324/1324/1324
f 1301/1301/1301 1324/1324/1324 1378/1378/1378
f 1378/1378/1378 1361/1361/1361 1301/1301/1301
f 1325/1325/1325 1289/1289/1289 1377/1377/1377
f 1377/1377/1377 1376/1376/1376 1325/1325/1325
f 1303/1303/1303 1325/1325/1325 1376/1376/1376
f 1376/1376/1376 1364/1364/1364 1303/1303/1303
f 1326/1326/1326 1300/1300/1300 1363/1363/1363
f 1363/1363/1363 1379/1379/1379 1326/1326/1326
f 1290/1290/1290 1326/1326/1326 1379/1379/1379
f 1379/1379/1379 1380/1380/1380 1290/1290/1290
f 1289/1289/1289 1288/1288/1288 1334/1334/1334
f 1334/1334/1334 1377/1377/1377 1289/1289/1289
f 1319/1319/1319 1278/1278/1278 1348/1348/1348
f 1348/1348/1348 1372/1372/1372 1319/1319/1319
f 1291/1291/1291 1290/1290/1290 1380/1380/1380
f 1380/1380/1380 1355/1355/1355 1291/1291/1291
f 1381/1381/1381 1382/1382/1382 1383/1383/1383
f 1383/1383/1383 1384/1384/1384 1381/1381/1381
f 1384/1384/1384 1383/1383/1383 1385/1385/1385
f 1385/1385/1385 1386/1386/1386 1384/1384/1384
f 1387/1387/1387 1388/1388/1388 1389/1389/1389
f 1389/1389/1389 1390/1390/1390 1387/1387/1387
f 1391/1391/1391 1392/1392/1392 1393/1393/1393
f 1393/1393/1393 1394/1394/1394 1391/1391/1391
f 1394/1394/1394 1393/1393/1393 1395/1395/1395
f 1395/1395/1395 1396/1396/1396 1394/1394/1394
f 1397/1397/1397 1398/1398/1398 1399/1399/1399
f 1399/1399/1399 1400/1400/1400 1397/1397/1397
f 1401/1401/1401 1402/1402/1402 1403/1403/1403
f 1403/1403/1403 1404/1404/1404 1401/1401/1401
f 1405/1405/1405 1406/1406/1406 1407/1407/1407
f 1407/1407/1407 1408/1408/1408 1405/1405/1405
f 1409/1409/1409 1410/1410/1410 1411/1411/1411
f 1411/1411/1411 1412/1412/1412 1409/1409/1409
f 1412/1412/1412 1411/1411/1411 1413/1413/1413
f 1413/1413/1413 1414/1414/1414 1412/1412/1412
f 1415/1415/1415 1416/1416/1416 1417/1417/1417
f 1417/1417/1417 1418/1418/1418 1415/1415/1415
f 1419/1419/1419 1420/1420/1420 1421/1421/1421
f 1421/1421/1421 1422/1422/1422 1419/1419/1419
f 1423/1423/1423 1424/1424/1424 1425/1425/1425
f 1425/1425/1425 1426/1426/1426 1423/1423/1423
f 1427/1427/1427 1428/1428/1428 1429/1429/1429
f 1429/1429/1429 1430/1430/1430 1427/1427/1427
f 1430/1430/1430 1429/1429/1429 1431/1431/1431
f 1431/1431/1431 1432/1432/1432 1430/1430/1430
f 1433/1433/1433 1434/1434/1434 1435/1435/1435
f 1435/1435/1435 1436/1436/1436 1433/1433/1433
f 1436/1436/1436 1435/1435/1435 1437/1437/1437
f 1437/1437/1437 1438/1438/1438 1436/1436/1436
f 1439/1439/1439 1440/1440/1440 1441/1441/1441
f 1441/1441/1441 1442/1442/1442 1439/1439/1439
f 1443/1443/1443 1444/1444/1444 1445/1445/1445
f 1445/1445/1445 1446/1446/1446 1443/1443/1443
f 1446/1446/1446 1445/1445/1445 1447/1447/1447
f 1447/1447/1447 1448/1448/1448 1446/1446/1446
f 1449/1449/1449 1450/1450/1450 1451/1451/1451
f 1451/1451/1451 1452/1452/1452 1449/1449/1449
f 1453/1453/1453 1450/1450/1450 1449/1449/1449
f 1449/1449/1449 1454/1454/1454 1453/1453/1453
f 1455/1455/1455 1456/1456/1456 1457/1457/1457
f 1457/1457/1457 1458/1458/1458 1455/1455/1455
f 1459/1459/1459 1460/1460/1460 1461/1461/1461
f 1461/1461/1461 1462/1462/1462 1459/1459/1459
f 1463/1463/1463 1464/1464/1464 1465/1465/1465
f 1465/1465/1465 1466/1466/1466 1463/1463/1463
f 1467/1467/1467 1468/1468/1468 1469/1469/1469
f 1469/1469/1469 1470/1470/1470 1467/1467/1467
f 1471/1471/1471 1472/1472/1472 1473/1473/1473
f 1473/1473/1473 1474/1474/1474 1471/1471/1471
f 1475/1475/1475 1476/1476/1476 1477/1477/1477
f 1477/1477/1477 1478/1478/1478 1475/1475/1475
f 1479/1479/1479 1480/1480/1480 1481/1481/1481
f 1481/1481/1481 1465/1465/1465 1479/1479/1479
f 1482/1482/1482 1483/1483/1483 1468/1468/1468
f 1468/1468/1468 1467/1467/1467 1482/1482/1482
f 1468/1468/1468 1484/1484/1484 1485/1485/1485
f 1485/1485/1485 1469/1469/1469 1468/1468/1468
f 1486/1486/1486 1384/1384/1384 1386/1386/1386
f 1386/1386/1386 1487/1487/1487 1486/1486/1486
f 1476/1476/1476 1387/1387/1387 1390/1390/1390
f 1390/1390/1390 1477/1477/1477 1476/1476/1476
f 1488/1488/1488 1391/1391/1391 1394/1394/1394
f 1394/1394/1394 1489/1489/1489 1488/1488/1488
f 1489/1489/1489 1394/1394/1394 1396/1396/1396
f 1396/1396/1396 1490/1490/1490 1489/1489/1489
f 1491/1491/1491 1492/1492/1492 1493/1493/1493
f 1493/1493/1493 1494/1494/1494 1491/1491/1491
f 1435/1435/1435 1495/1495/1495 1496/1496/1496
f 1496/1496/1496 1437/1437/1437 1435/1435/1435
f 1440/1440/1440 1497/1497/1497 1498/1498/1498
f 1498/1498/1498 1441/1441/1441 1440/1440/1440
f 1444/1444/1444 1499/1499/1499 1500/1500/1500
f 1500/1500/1500 1445/1445/1445 1444/1444/1444
f 1501/1501/1501 1502/1502/1502 1492/1492/1492
f 1492/1492/1492 1491/1491/1491 1501/1501/1501
f 1492/1492/1492 1503/1503/1503 1504/1504/1504
f 1504/1504/1504 1493/1493/1493 1492/1492/1492
f 1505/1505/1505 1450/1450/1450 1453/1453/1453
f 1453/1453/1453 1506/1506/1506 1505/1505/1505
f 1497/1497/1497 1456/1456/1456 1455/1455/1455
f 1455/1455/1455 1498/1498/1498 1497/1497/1497
f 1507/1507/1507 1460/1460/1460 1459/1459/1459
f 1459/1459/1459 1508/1508/1508 1507/1507/1507
f 1502/1502/1502 1509/1509/1509 1503/1503/1503
f 1503/1503/1503 1492/1492/1492 1502/1502/1502
f 1510/1510/1510 1511/1511/1511 1512/1512/1512
f 1512/1512/1512 1513/1513/1513 1510/1510/1510
f 1402/1402/1402 1514/1514/1514 1515/1515/1515
f 1515/1515/1515 1403/1403/1403 1402/1402/1402
f 1406/1406/1406 1516/1516/1516 1517/1517/1517
f 1517/1517/1517 1407/1407/1407 1406/1406/1406
f 1410/1410/1410 1518/1518/1518 1519/1519/1519
f 1519/1519/1519 1411/1411/1411 1410/1410/1410
f 1411/1411/1411 1519/1519/1519 1520/1520/1520
f 1520/1520/1520 1413/1413/1413 1411/1411/1411
f 1521/1521/1521 1522/1522/1522 1523/1523/1523
f 1523/1523/1523 1514/1514/1514 1521/1521/1521
f 1524/1524/1524 1525/1525/1525 1526/1526/1526
f 1526/1526/1526 1527/1527/1527 1524/1524/1524
f 1514/1514/1514 1523/1523/1523 1528/1528/1528
f 1528/1528/1528 1515/1515/1515 1514/1514/1514
f 1523/1523/1523 1419/1419/1419 1422/1422/1422
f 1422/1422/1422 1528/1528/1528 1523/1523/1523
f 1516/1516/1516 1529/1529/1529 1530/1530/1530
f 1530/1530/1530 1517/1517/1517 1516/1516/1516
f 1529/1529/1529 1423/1423/1423 1426/1426/1426
f 1426/1426/1426 1530/1530/1530 1529/1529/1529
f 1518/1518/1518 1531/1531/1531 1532/1532/1532
f 1532/1532/1532 1519/1519/1519 1518/1518/1518
f 1531/1531/1531 1427/1427/1427 1430/1430/1430
f 1430/1430/1430 1532/1532/1532 1531/1531/1531
f 1519/1519/1519 1532/1532/1532 1533/1533/1533
f 1533/1533/1533 1520/1520/1520 1519/1519/1519
f 1532/1532/1532 1430/1430/1430 1432/1432/1432
f 1432/1432/1432 1533/1533/1533 1532/1532/1532
f 1534/1534/1534 1535/1535/1535 1536/1536/1536
f 1536/1536/1536 1537/1537/1537 1534/1534/1534
f 1404/1404/1404 1385/1385/1385 1383/1383/1383
f 1383/1383/1383 1401/1401/1401 1404/1404/1404
f 1408/1408/1408 1389/1389/1389 1388/1388/1388
f 1388/1388/1388 1405/1405/1405 1408/1408/1408
f 1412/1412/1412 1393/1393/1393 1392/1392/1392
f 1392/1392/1392 1409/1409/1409 1412/1412/1412
f 1414/1414/1414 1395/1395/1395 1393/1393/1393
f 1393/1393/1393 1412/1412/1412 1414/1414/1414
f 1538/1538/1538 1539/1539/1539 1540/1540/1540
f 1540/1540/1540 1541/1541/1541 1538/1538/1538
f 1438/1438/1438 1421/1421/1421 1420/1420/1420
f 1420/1420/1420 1436/1436/1436 1438/1438/1438
f 1442/1442/1442 1425/1425/1425 1424/1424/1424
f 1424/1424/1424 1439/1439/1439 1442/1442/1442
f 1446/1446/1446 1429/1429/1429 1428/1428/1428
f 1428/1428/1428 1443/1443/1443 1446/1446/1446
f 1448/1448/1448 1431/1431/1431 1429/1429/1429
f 1429/1429/1429 1446/1446/1446 1448/1448/1448
f 1542/1542/1542 1543/1543/1543 1544/1544/1544
f 1544/1544/1544 1545/1545/1545 1542/1542/1542
f 1543/1543/1543 1546/1546/1546 1547/1547/1547
f 1547/1547/1547 1544/1544/1544 1543/1543/1543
f 1548/1548/1548 1549/1549/1549 1550/1550/1550
f 1550/1550/1550 1551/1551/1551 1548/1548/1548
f 1552/1552/1552 1553/1553/1553 1554/1554/1554
f 1554/1554/1554 1555/1555/1555 1552/1552/1552
f 1553/1553/1553 1556/1556/1556 1557/1557/1557
f 1557/1557/1557 1554/1554/1554 1553/1553/1553
f 1558/1558/1558 1559/1559/1559 1560/1560/1560
f 1560/1560/1560 1561/1561/1561 1558/1558/1558
f 1562/1562/1562 1563/1563/1563 1564/1564/1564
f 1564/1564/1564 1565/1565/1565 1562/1562/1562
f 1566/1566/1566 1567/1567/1567 1568/1568/1568
f 1568/1568/1568 1569/1569/1569 1566/1566/1566
f 1570/1570/1570 1571/1571/1571 1572/1572/1572
f 1572/1572/1572 1573/1573/1573 1570/1570/1570
f 1571/1571/1571 1574/1574/1574 1575/1575/1575
f 1575/1575/1575 1572/1572/1572 1571/1571/1571
f 1576/1576/1576 1577/1577/1577 1578/1578/1578
f 1578/1578/1578 1579/1579/1579 1576/1576/1576
f 1580/1580/1580 1581/1581/1581 1582/1582/1582
f 1582/1582/1582 1583/1583/1583 1580/1580/1580
f 1584/1584/1584 1585/1585/1585 1586/1586/1586
f 1586/1586/1586 1587/1587/1587 1584/1584/1584
f 1588/1588/1588 1589/1589/1589 1590/1590/1590
f 1590/1590/1590 1591/1591/1591 1588/1588/1588
f 1589/1589/1589 1592/1592/1592 1593/1593/1593
f 1593/1593/1593 1590/1590/1590 1589/1589/1589
f 1594/1594/1594 1595/1595/1595 1596/1596/1596
f 1596/1596/1596 1597/1597/1597 1594/1594/1594
f 1595/1595/1595 1598/1598/1598 1599/1599/1599
f 1599/1599/1599 1596/1596/1596 1595/1595/1595
f 1600/1600/1600 1601/1601/1601 1602/1602/1602
f 1602/1602/1602 1603/1603/1603 1600/1600/1600
f 1604/1604/1604 1605/1605/1605 1606/1606/1606
f 1606/1606/1606 1607/1607/1607 1604/1604/1604
f 1605/1605/1605 1608/1608/1608 1609/1609/1609
f 1609/1609/1609 1606/1606/1606 1605/1605/1605
f 1459/1459/1459 1462/1462/1462 1610/1610/1610
f 1610/1610/1610 1611/1611/1611 1459/1459/1459
f 1612/1612/1612 1613/1613/1613 1471/1471/1471
f 1471/1471/1471 1614/1614/1614 1612/1612/1612
f 1615/1615/1615 1614/1614/1614 1471/1471/1471
f 1471/1471/1471 1474/1474/1474 1615/1615/1615
f 1616/1616/1616 1617/1617/1617 1475/1475/1475
f 1475/1475/1475 1478/1478/1478 1616/1616/1616
f 1464/1464/1464 1618/1618/1618 1479/1479/1479
f 1479/1479/1479 1465/1465/1465 1464/1464/1464
f 1619/1619/1619 1620/1620/1620 1621/1621/1621
f 1621/1621/1621 1622/1622/1622 1619/1619/1619
f 1614/1614/1614 1615/1615/1615 1623/1623/1623
f 1623/1623/1623 1624/1624/1624 1614/1614/1614
f 1617/1617/1617 1616/1616/1616 1625/1625/1625
f 1625/1625/1625 1626/1626/1626 1617/1617/1617
f 1618/1618/1618 1464/1464/1464 1627/1627/1627
f 1627/1627/1627 1628/1628/1628 1618/1618/1618
f 1629/1629/1629 1619/1619/1619 1622/1622/1622
f 1622/1622/1622 1630/1630/1630 1629/1629/1629
f 1622/1622/1622 1621/1621/1621 1631/1631/1631
f 1631/1631/1631 1632/1632/1632 1622/1622/1622
f 1633/1633/1633 1634/1634/1634 1546/1546/1546
f 1546/1546/1546 1543/1543/1543 1633/1633/1633
f 1626/1626/1626 1625/1625/1625 1549/1549/1549
f 1549/1549/1549 1548/1548/1548 1626/1626/1626
f 1635/1635/1635 1636/1636/1636 1553/1553/1553
f 1553/1553/1553 1552/1552/1552 1635/1635/1635
f 1636/1636/1636 1637/1637/1637 1556/1556/1556
f 1556/1556/1556 1553/1553/1553 1636/1636/1636
f 1638/1638/1638 1639/1639/1639 1640/1640/1640
f 1640/1640/1640 1641/1641/1641 1638/1638/1638
f 1596/1596/1596 1599/1599/1599 1642/1642/1642
f 1642/1642/1642 1643/1643/1643 1596/1596/1596
f 1603/1603/1603 1602/1602/1602 1644/1644/1644
f 1644/1644/1644 1645/1645/1645 1603/1603/1603
f 1607/1607/1607 1606/1606/1606 1646/1646/1646
f 1646/1646/1646 1647/1647/1647 1607/1607/1607
f 1648/1648/1648 1638/1638/1638 1641/1641/1641
f 1641/1641/1641 1649/1649/1649 1648/1648/1648
f 1641/1641/1641 1640/1640/1640 1650/1650/1650
f 1650/1650/1650 1651/1651/1651 1641/1641/1641
f 1652/1652/1652 1653/1653/1653 1454/1454/1454
f 1454/1454/1454 1449/1449/1449 1652/1652/1652
f 1645/1645/1645 1644/1644/1644 1458/1458/1458
f 1458/1458/1458 1457/1457/1457 1645/1645/1645
f 1654/1654/1654 1655/1655/1655 1462/1462/1462
f 1462/1462/1462 1461/1461/1461 1654/1654/1654
f 1649/1649/1649 1641/1641/1641 1651/1651/1651
f 1651/1651/1651 1656/1656/1656 1649/1649/1649
f 1657/1657/1657 1658/1658/1658 1659/1659/1659
f 1659/1659/1659 1660/1660/1660 1657/1657/1657
f 1565/1565/1565 1564/1564/1564 1661/1661/1661
f 1661/1661/1661 1662/1662/1662 1565/1565/1565
f 1569/1569/1569 1568/1568/1568 1663/1663/1663
f 1663/1663/1663 1664/1664/1664 1569/1569/1569
f 1573/1573/1573 1572/1572/1572 1665/1665/1665
f 1665/1665/1665 1666/1666/1666 1573/1573/1573
f 1572/1572/1572 1575/1575/1575 1667/1667/1667
f 1667/1667/1667 1665/1665/1665 1572/1572/1572
f 1668/1668/1668 1662/1662/1662 1669/1669/1669
f 1669/1669/1669 1670/1670/1670 1668/1668/1668
f 1671/1671/1671 1672/1672/1672 1673/1673/1673
f 1673/1673/1673 1674/1674/1674 1671/1671/1671
f 1662/1662/1662 1661/1661/1661 1675/1675/1675
f 1675/1675/1675 1669/1669/1669 1662/1662/1662
f 1669/1669/1669 1675/1675/1675 1581/1581/1581
f 1581/1581/1581 1580/1580/1580 1669/1669/1669
f 1664/1664/1664 1663/1663/1663 1676/1676/1676
f 1676/1676/1676 1677/1677/1677 1664/1664/1664
f 1677/1677/1677 1676/1676/1676 1585/1585/1585
f 1585/1585/1585 1584/1584/1584 1677/1677/1677
f 1666/1666/1666 1665/1665/1665 1678/1678/1678
f 1678/1678/1678 1679/1679/1679 1666/1666/1666
f 1679/1679/1679 1678/1678/1678 1589/1589/1589
f 1589/1589/1589 1588/1588/1588 1679/1679/1679
f 1665/1665/1665 1667/1667/1667 1680/1680/1680
f 1680/1680/1680 1678/1678/1678 1665/1665/1665
f 1678/1678/1678 1680/1680/1680 1592/1592/1592
f 1592/1592/1592 1589/1589/1589 1678/1678/1678
f 1681/1681/1681 1682/1682/1682 1683/1683/1683
f 1683/1683/1683 1684/1684/1684 1681/1681/1681
f 1563/1563/1563 1562/1562/1562 1544/1544/1544
f 1544/1544/1544 1547/1547/1547 1563/1563/1563
f 1567/1567/1567 1566/1566/1566 1551/1551/1551
f 1551/1551/1551 1550/1550/1550 1567/1567/1567
f 1571/1571/1571 1570/1570/1570 1555/1555/1555
f 1555/1555/1555 1554/1554/1554 1571/1571/1571
f 1574/1574/1574 1571/1571/1571 1554/1554/1554
f 1554/1554/1554 1557/1557/1557 1574/1574/1574
f 1685/1685/1685 1686/1686/1686 1687/1687/1687
f 1687/1687/1687 1688/1688/1688 1685/1685/1685
f 1598/1598/1598 1595/1595/1595 1583/1583/1583
f 1583/1583/1583 1582/1582/1582 1598/1598/1598
f 1601/1601/1601 1600/1600/1600 1587/1587/1587
f 1587/1587/1587 1586/1586/1586 1601/1601/1601
f 1605/1605/1605 1604/1604/1604 1591/1591/1591
f 1591/1591/1591 1590/1590/1590 1605/1605/1605
f 1608/1608/1608 1605/1605/1605 1590/1590/1590
f 1590/1590/1590 1593/1593/1593 1608/1608/1608
f 1689/1689/1689 1690/1690/1690 1691/1691/1691
f 1691/1691/1691 1692/1692/1692 1689/1689/1689
f 1693/1693/1693 1694/1694/1694 1695/1695/1695
f 1695/1695/1695 1696/1696/1696 1693/1693/1693
f 1697/1697/1697 1698/1698/1698 1699/1699/1699
f 1699/1699/1699 1700/1700/1700 1697/1697/1697
f 1701/1701/1701 1702/1702/1702 1703/1703/1703
f 1703/1703/1703 1704/1704/1704 1701/1701/1701
f 1705/1705/1705 1706/1706/1706 1707/1707/1707
f 1707/1707/1707 1708/1708/1708 1705/1705/1705
f 1709/1709/1709 1710/1710/1710 1711/1711/1711
f 1711/1711/1711 1712/1712/1712 1709/1709/1709
f 1708/1708/1708 1707/1707/1707 1713/1713/1713
f 1713/1713/1713 1714/1714/1714 1708/1708/1708
f 1715/1715/1715 1709/1709/1709 1712/1712/1712
f 1712/1712/1712 1716/1716/1716 1715/1715/1715
f 1715/1715/1715 1716/1716/1716 1717/1717/1717
f 1717/1717/1717 1718/1718/1718 1715/1715/1715
f 1719/1719/1719 1720/1720/1720 1721/1721/1721
f 1721/1721/1721 1722/1722/1722 1719/1719/1719
f 1723/1723/1723 1724/1724/1724 1725/1725/1725
f 1725/1725/1725 1726/1726/1726 1723/1723/1723
f 1722/1722/1722 1721/1721/1721 1727/1727/1727
f 1727/1727/1727 1728/1728/1728 1722/1722/1722
f 1729/1729/1729 1730/1730/1730 1731/1731/1731
f 1731/1731/1731 1732/1732/1732 1729/1729/1729
f 1733/1733/1733 1734/1734/1734 1735/1735/1735
f 1735/1735/1735 1736/1736/1736 1733/1733/1733
f 1737/1737/1737 1738/1738/1738 1739/1739/1739
f 1739/1739/1739 1740/1740/1740 1737/1737/1737
f 1741/1741/1741 1742/1742/1742 1743/1743/1743
f 1743/1743/1743 1744/1744/1744 1741/1741/1741
f 1740/1740/1740 1739/1739/1739 1745/1745/1745
f 1745/1745/1745 1746/1746/1746 1740/1740/1740
f 1747/1747/1747 1748/1748/1748 1749/1749/1749
f 1749/1749/1749 1750/1750/1750 1747/1747/1747
f 1751/1751/1751 1752/1752/1752 1753/1753/1753
f 1753/1753/1753 1754/1754/1754 1751/1751/1751
f 1755/1755/1755 1756/1756/1756 1757/1757/1757
f 1757/1757/1757 1758/1758/1758 1755/1755/1755
f 1759/1759/1759 1760/1760/1760 1761/1761/1761
f 1761/1761/1761 1762/1762/1762 1759/1759/1759
f 1758/1758/1758 1757/1757/1757 1763/1763/1763
f 1763/1763/1763 1764/1764/1764 1758/1758/1758
f 1765/1765/1765 1759/1759/1759 1762/1762/1762
f 1762/1762/1762 1766/1766/1766 1765/1765/1765
f 1765/1765/1765 1766/1766/1766 1767/1767/1767
f 1767/1767/1767 1768/1768/1768 1765/1765/1765
f 1769/1769/1769 1770/1770/1770 1771/1771/1771
f 1771/1771/1771 1772/1772/1772 1769/1769/1769
f 1773/1773/1773 1774/1774/1774 1775/1775/1775
f 1775/1775/1775 1776/1776/1776 1773/1773/1773
f 1772/1772/1772 1771/1771/1771 1777/1777/1777
f 1777/1777/1777 1778/1778/1778 1772/1772/1772
f 1779/1779/1779 1773/1773/1773 1776/1776/1776
f 1776/1776/1776 1780/1780/1780 1779/1779/1779
f 1779/1779/1779 1780/1780/1780 1781/1781/1781
f 1781/1781/1781 1782/1782/1782 1779/1779/1779
f 1783/1783/1783 1784/1784/1784 1785/1785/1785
f 1785/1785/1785 1786/1786/1786 1783/1783/1783
f 1787/1787/1787 1788/1788/1788 1789/1789/1789
f 1789/1789/1789 1790/1790/1790 1787/1787/1787
f 1786/1786/1786 1785/1785/1785 1791/1791/1791
f 1791/1791/1791 1792/1792/1792 1786/1786/1786
f 1793/1793/1793 1787/1787/1787 1790/1790/1790
f 1790/1790/1790 1794/1794/1794 1793/1793/1793
f 1793/1793/1793 1794/1794/1794 1795/1795/1795
f 1795/1795/1795 1796/1796/1796 1793/1793/1793
f 1797/1797/1797 1798/1798/1798 1799/1799/1799
f 1799/1799/1799 1800/1800/1800 1797/1797/1797
f 1801/1801/1801 1802/1802/1802 1803/1803/1803
f 1803/1803/1803 1804/1804/1804 1801/1801/1801
f 1800/1800/1800 1799/1799/1799 1805/1805/1805
f 1805/1805/1805 1806/1806/1806 1800/1800/1800
f 1807/1807/1807 1801/1801/1801 1804/1804/1804
f 1804/1804/1804 1808/1808/1808 1807/1807/1807
f 1807/1807/1807 1808/1808/1808 1809/1809/1809
f 1809/1809/1809 1810/1810/1810 1807/1807/1807
f 1811/1811/1811 1812/1812/1812 1813/1813/1813
f 1813/1813/1813 1814/1814/1814 1811/1811/1811
f 1815/1815/1815 1816/1816/1816 1817/1817/1817
f 1817/1817/1817 1818/1818/1818 1815/1815/1815
f 1814/1814/1814 1813/1813/1813 1819/1819/1819
f 1819/1819/1819 1820/1820/1820 1814/1814/1814
f 1821/1821/1821 1822/1822/1822 1823/1823/1823
f 1823/1823/1823 1824/1824/1824 1821/1821/1821
f 1821/1821/1821 1824/1824/1824 1825/1825/1825
f 1825/1825/1825 1826/1826/1826 1821/1821/1821
f 1827/1827/1827 1828/1828/1828 1829/1829/1829
f 1829/1829/1829 1830/1830/1830 1827/1827/1827
f 1831/1831/1831 1832/1832/1832 1833/1833/1833
f 1833/1833/1833 1834/1834/1834 1831/1831/1831
f 1830/1830/1830 1829/1829/1829 1835/1835/1835
f 1835/1835/1835 1836/1836/1836 1830/1830/1830
f 1837/1837/1837 1838/1838/1838 1839/1839/1839
f 1839/1839/1839 1840/1840/1840 1837/1837/1837
f 1841/1841/1841 1842/1842/1842 1843/1843/1843
f 1843/1843/1843 1844/1844/1844 1841/1841/1841
f 1845/1845/1845 1846/1846/1846 1847/1847/1847
f 1847/1847/1847 1848/1848/1848 1845/1845/1845
f 1849/1849/1849 1850/1850/1850 1851/1851/1851
f 1851/1851/1851 1852/1852/1852 1849/1849/1849
f 1848/1848/1848 1847/1847/1847 1853/1853/1853
f 1853/1853/1853 1854/1854/1854 1848/1848/1848
f 1855/1855/1855 1849/1849/1849 1852/1852/1852
f 1852/1852/1852 1856/1856/1856 1855/1855/1855
f 1857/1857/1857 1858/1858/1858 1859/1859/1859
f 1859/1859/1859 1860/1860/1860 1857/1857/1857
f 1861/1861/1861 1862/1862/1862 1863/1863/1863
f 1863/1863/1863 1864/1864/1864 1861/1861/1861
f 1864/1864/1864 1863/1863/1863 1865/1865/1865
f 1865/1865/1865 1866/1866/1866 1864/1864/1864
f 1867/1867/1867 1868/1868/1868 1869/1869/1869
f 1869/1869/1869 1870/1870/1870 1867/1867/1867
f 1871/1871/1871 1872/1872/1872 1873/1873/1873
f 1873/1873/1873 1874/1874/1874 1871/1871/1871
f 1874/1874/1874 1873/1873/1873 1875/1875/1875
f 1875/1875/1875 1876/1876/1876 1874/1874/1874
f 1877/1877/1877 1878/1878/1878 1879/1879/1879
f 1879/1879/1879 1880/1880/1880 1877/1877/1877
f 1881/1881/1881 1882/1882/1882 1883/1883/1883
f 1883/1883/1883 1884/1884/1884 1881/1881/1881
f 1885/1885/1885 1886/1886/1886 1887/1887/1887
f 1887/1887/1887 1888/1888/1888 1885/1885/1885
f 1889/1889/1889 1890/1890/1890 1891/1891/1891
f 1891/1891/1891 1892/1892/1892 1889/1889/1889
f 1892/1892/1892 1891/1891/1891 1893/1893/1893
f 1893/1893/1893 1894/1894/1894 1892/1892/1892
f 1895/1895/1895 1896/1896/1896 1897/1897/1897
f 1897/1897/1897 1898/1898/1898 1895/1895/1895
f 1899/1899/1899 1900/1900/1900 1901/1901/1901
f 1901/1901/1901 1902/1902/1902 1899/1899/1899
f 1903/1903/1903 1904/1904/1904 1905/1905/1905
f 1905/1905/1905 1906/1906/1906 1903/1903/1903
f 1907/1907/1907 1908/1908/1908 1909/1909/1909
f 1909/1909/1909 1910/1910/1910 1907/1907/1907
f 1910/1910/1910 1909/1909/1909 1911/1911/1911
f 1911/1911/1911 1912/1912/1912 1910/1910/1910
f 1913/1913/1913 1914/1914/1914 1915/1915/1915
f 1915/1915/1915 1916/1916/1916 1913/1913/1913
f 1916/1916/1916 1915/1915/1915 1917/1917/1917
f 1917/1917/1917 1918/1918/1918 1916/1916/1916
f 1919/1919/1919 1920/1920/1920 1921/1921/1921
f 1921/1921/1921 1922/1922/1922 1919/1919/1919
f 1923/1923/1923 1924/1924/1924 1925/1925/1925
f 1925/1925/1925 1926/1926/1926 1923/1923/1923
f 1926/1926/1926 1925/1925/1925 1927/1927/1927
f 1927/1927/1927 1928/1928/1928 1926/1926/1926
f 1929/1929/1929 1930/1930/1930 1931/1931/1931
f 1931/1931/1931 1932/1932/1932 1929/1929/1929
f 1933/1933/1933 1930/1930/1930 1929/1929/1929
f 1929/1929/1929 1934/1934/1934 1933/1933/1933
f 1935/1935/1935 1936/1936/1936 1937/1937/1937
f 1937/1937/1937 1938/1938/1938 1935/1935/1935
f 1939/1939/1939 1940/1940/1940 1941/1941/1941
f 1941/1941/1941 1942/1942/1942 1939/1939/1939
f 1943/1943/1943 1944/1944/1944 1945/1945/1945
f 1945/1945/1945 1946/1946/1946 1943/1943/1943
f 1947/1947/1947 1948/1948/1948 1949/1949/1949
f 1949/1949/1949 1950/1950/1950 1947/1947/1947
f 1951/1951/1951 1952/1952/1952 1953/1953/1953
f 1953/1953/1953 1954/1954/1954 1951/1951/1951
f 1955/1955/1955 1956/1956/1956 1957/1957/1957
f 1957/1957/1957 1958/1958/1958 1955/1955/1955
f 1959/1959/1959 1960/1960/1960 1961/1961/1961
f 1961/1961/1961 1945/1945/1945 1959/1959/1959
f 1962/1962/1962 1963/1963/1963 1948/1948/1948
f 1948/1948/1948 1947/1947/1947 1962/1962/1962
f 1948/1948/1948 1964/1964/1964 1965/1965/1965
f 1965/1965/1965 1949/1949/1949 1948/1948/1948
f 1966/1966/1966 1864/1864/1864 1866/1866/1866
f 1866/1866/1866 1967/1967/1967 1966/1966/1966
f 1956/1956/1956 1867/1867/1867 1870/1870/1870
f 1870/1870/1870 1957/1957/1957 1956/1956/1956
f 1968/1968/1968 1871/1871/1871 1874/1874/1874
f 1874/1874/1874 1969/1969/1969 1968/1968/1968
f 1969/1969/1969 1874/1874/1874 1876/1876/1876
f 1876/1876/1876 1970/1970/1970 1969/1969/1969
f 1971/1971/1971 1972/1972/1972 1973/1973/1973
f 1973/1973/1973 1974/1974/1974 1971/1971/1971
f 1915/1915/1915 1975/1975/1975 1976/1976/1976
f 1976/1976/1976 1917/1917/1917 1915/1915/1915
f 1920/1920/1920 1977/1977/1977 1978/1978/1978
f 1978/1978/1978 1921/1921/1921 1920/1920/1920
f 1924/1924/1924 1979/1979/1979 1980/1980/1980
f 1980/1980/1980 1925/1925/1925 1924/1924/1924
f 1981/1981/1981 1982/1982/1982 1972/1972/1972
f 1972/1972/1972 1971/1971/1971 1981/1981/1981
f 1972/1972/1972 1983/1983/1983 1984/1984/1984
f 1984/1984/1984 1973/1973/1973 1972/1972/1972
f 1985/1985/1985 1930/1930/1930 1933/1933/1933
f 1933/1933/1933 1986/1986/1986 1985/1985/1985
f 1977/1977/1977 1936/1936/1936 1935/1935/1935
f 1935/1935/1935 1978/1978/1978 1977/1977/1977
f 1987/1987/1987 1940/1940/1940 1939/1939/1939
f 1939/1939/1939 1988/1988/1988 1987/1987/1987
f 1982/1982/1982 1989/1989/1989 1983/1983/1983
f 1983/1983/1983 1972/1972/1972 1982/1982/1982
f 1990/1990/1990 1991/1991/1991 1992/1992/1992
f 1992/1992/1992 1993/1993/1993 1990/1990/1990
f 1882/1882/1882 1994/1994/1994 1995/1995/1995
f 1995/1995/1995 1883/1883/1883 1882/1882/1882
f 1886/1886/1886 1996/1996/1996 1997/1997/1997
f 1997/1997/1997 1887/1887/1887 1886/1886/1886
f 1890/1890/1890 1998/1998/1998 1999/1999/1999
f 1999/1999/1999 1891/1891/1891 1890/1890/1890
f 1891/1891/1891 1999/1999/1999 2000/2000/2000
f 2000/2000/2000 1893/1893/1893 1891/1891/1891
f 2001/2001/2001 2002/2002/2002 2003/2003/2003
f 2003/2003/2003 1994/1994/1994 2001/2001/2001
f 2004/2004/2004 2005/2005/2005 2006/2006/2006
f 2006/2006/2006 2007/2007/2007 2004/2004/2004
f 1994/1994/1994 2003/2003/2003 2008/2008/2008
f 2008/2008/2008 1995/1995/1995 1994/1994/1994
f 2003/2003/2003 1899/1899/1899 1902/1902/1902
f 1902/1902/1902 2008/2008/2008 2003/2003/2003
f 1996/1996/1996 2009/2009/2009 2010/2010/2010
f 2010/2010/2010 1997/1997/1997 1996/1996/1996
f 2009/2009/2009 1903/1903/1903 1906/1906/1906
f 1906/1906/1906 2010/2010/2010 2009/2009/2009
f 1998/1998/1998 2011/2011/2011 2012/2012/2012
f 2012/2012/2012 1999/1999/1999 1998/1998/1998
f 2011/2011/2011 1907/1907/1907 1910/1910/1910
f 1910/1910/1910 2012/2012/2012 2011/2011/2011
f 1999/1999/1999 2012/2012/2012 2013/2013/2013
f 2013/2013/2013 2000/2000/2000 1999/1999/1999
f 2012/2012/2012 1910/1910/1910 1912/1912/1912
f 1912/1912/1912 2013/2013/2013 2012/2012/2012
f 2014/2014/2014 2015/2015/2015 2016/2016/2016
f 2016/2016/2016 2017/2017/2017 2014/2014/2014
f 1884/1884/1884 1865/1865/1865 1863/1863/1863
f 1863/1863/1863 1881/1881/1881 1884/1884/1884
f 1888/1888/1888 1869/1869/1869 1868/1868/1868
f 1868/1868/1868 1885/1885/1885 1888/1888/1888
f 1892/1892/1892 1873/1873/1873 1872/1872/1872
f 1872/1872/1872 1889/1889/1889 1892/1892/1892
f 1894/1894/1894 1875/1875/1875 1873/1873/1873
f 1873/1873/1873 1892/1892/1892 1894/1894/1894
f 2018/2018/2018 2019/2019/2019 2020/2020/2020
f 2020/2020/2020 2021/2021/2021 2018/2018/2018
f 1918/1918/1918 1901/1901/1901 1900/1900/1900
f 1900/1900/1900 1916/1916/1916 1918/1918/1918
f 1922/1922/1922 1905/1905/1905 1904/1904/1904
f 1904/1904/1904 1919/1919/1919 1922/1922/1922
f 1926/1926/1926 1909/1909/1909 1908/1908/1908
f 1908/1908/1908 1923/1923/1923 1926/1926/1926
f 1928/1928/1928 1911/1911/1911 1909/1909/1909
f 1909/1909/1909 1926/1926/1926 1928/1928/1928
f 2022/2022/2022 2023/2023/2023 2024/2024/2024
f 2024/2024/2024 2025/2025/2025 2022/2022/2022
f 2023/2023/2023 2026/2026/2026 2027/2027/2027
f 2027/2027/2027 2024/2024/2024 2023/2023/2023
f 2028/2028/2028 2029/2029/2029 2030/2030/2030
f 2030/2030/2030 2031/2031/2031 2028/2028/2028
f 2032/2032/2032 2033/2033/2033 2034/2034/2034
f 2034/2034/2034 2035/2035/2035 2032/2032/2032
f 2033/2033/2033 2036/2036/2036 2037/2037/2037
f 2037/2037/2037 2034/2034/2034 2033/2033/2033
f 2038/2038/2038 2039/2039/2039 2040/2040/2040
f 2040/2040/2040 2041/2041/2041 2038/2038/2038
f 2042/2042/2042 2043/2043/2043 2044/2044/2044
f 2044/2044/2044 2045/2045/2045 2042/2042/2042
f 2046/2046/2046 2047/2047/2047 2048/2048/2048
f 2048/2048/2048 2049/2049/2049 2046/2046/2046
f 2050/2050/2050 2051/2051/2051 2052/2052/2052
f 2052/2052/2052 2053/2053/2053 2050/2050/2050
f 2051/2051/2051 2054/2054/2054 2055/2055/2055
f 2055/2055/2055 2052/2052/2052 2051/2051/2051
f 2056/2056/2056 2057/2057/2057 2058/2058/2058
f 2058/2058/2058 2059/2059/2059 2056/2056/2056
f 2060/2060/2060 2061/2061/2061 2062/2062/2062
f 2062/2062/2062 2063/2063/2063 2060/2060/2060
f 2064/2064/2064 2065/2065/2065 2066/2066/2066
f 2066/2066/2066 2067/2067/2067 2064/2064/2064
f 2068/2068/2068 2069/2069/2069 2070/2070/2070
f 2070/2070/2070 2071/2071/2071 2068/2068/2068
f 2069/2069/2069 2072/2072/2072 2073/2073/2073
f 2073/2073/2073 2070/2070/2070 2069/2069/2069
f 2074/2074/2074 2075/2075/2075 2076/2076/2076
f 2076/2076/2076 2077/2077/2077 2074/2074/2074
f 2075/2075/2075 2078/2078/2078 2079/2079/2079
f 2079/2079/2079 2076/2076/2076 2075/2075/2075
f 2080/2080/2080 2081/2081/2081 2082/2082/2082
f 2082/2082/2082 2083/2083/2083 2080/2080/2080
f 2084/2084/2084 2085/2085/2085 2086/2086/2086
f 2086/2086/2086 2087/2087/2087 2084/2084/2084
f 2085/2085/2085 2088/2088/2088 2089/2089/2089
f 2089/2089/2089 2086/2086/2086 2085/2085/2085
f 1939/1939/1939 1942/1942/1942 2090/2090/2090
f 2090/2090/2090 2091/2091/2091 1939/1939/1939
f 2092/2092/2092 2093/2093/2093 1951/1951/1951
f 1951/1951/1951 2094/2094/2094 2092/2092/2092
f 2095/2095/2095 2094/2094/2094 1951/1951/1951
f 1951/1951/1951 1954/1954/1954 2095/2095/2095
f 2096/2096/2096 2097/2097/2097 1955/1955/1955
f 1955/1955/1955 1958/1958/1958 2096/2096/2096
f 1944/1944/1944 2098/2098/2098 1959/1959/1959
f 1959/1959/1959 1945/1945/1945 1944/1944/1944
f 2099/2099/2099 2100/2100/2100 2101/2101/2101
f 2101/2101/2101 2102/2102/2102 2099/2099/2099
f 2094/2094/2094 2095/2095/2095 2103/2103/2103
f 2103/2103/2103 2104/2104/2104 2094/2094/2094
f 2097/2097/2097 2096/2096/2096 2105/2105/2105
f 2105/2105/2105 2106/2106/2106 2097/2097/2097
f 2098/2098/2098 1944/1944/1944 2107/2107/2107
f 2107/2107/2107 2108/2108/2108 2098/2098/2098
f 2109/2109/2109 2099/2099/2099 2102/2102/2102
f 2102/2102/2102 2110/2110/2110 2109/2109/2109
f 2102/2102/2102 2101/2101/2101 2111/2111/2111
f 2111/2111/2111 2112/2112/2112 2102/2102/2102
f 2113/2113/2113 2114/2114/2114 2026/2026/2026
f 2026/2026/2026 2023/2023/2023 2113/2113/2113
f 2106/2106/2106 2105/2105/2105 2029/2029/2029
f 2029/2029/2029 2028/2028/2028 2106/2106/2106
f 2115/2115/2115 2116/2116/2116 2033/2033/2033
f 2033/2033/2033 2032/2032/2032 2115/2115/2115
f 2116/2116/2116 2117/2117/2117 2036/2036/2036
f 2036/2036/2036 2033/2033/2033 2116/2116/2116
f 2118/2118/2118 2119/2119/2119 2120/2120/2120
f 2120/2120/2120 2121/2121/2121 2118/2118/2118
f 2076/2076/2076 2079/2079/2079 2122/2122/2122
f 2122/2122/2122 2123/2123/2123 2076/2076/2076
f 2083/2083/2083 2082/2082/2082 2124/2124/2124
f 2124/2124/2124 2125/2125/2125 2083/2083/2083
f 2087/2087/2087 2086/2086/2086 2126/2126/2126
f 2126/2126/2126 2127/2127/2127 2087/2087/2087
f 2128/2128/2128 2118/2118/2118 2121/2121/2121
f 2121/2121/2121 2129/2129/2129 2128/2128/2128
f 2121/2121/2121 2120/2120/2120 2130/2130/2130
f 2130/2130/2130 2131/2131/2131 2121/2121/2121
f 2132/2132/2132 2133/2133/2133 1934/1934/1934
f 1934/1934/1934 1929/1929/1929 2132/2132/2132
f 2125/2125/2125 2124/2124/2124 1938/1938/1938
f 1938/1938/1938 1937/1937/1937 2125/2125/2125
f 2134/2134/2134 2135/2135/2135 1942/1942/1942
f 1942/1942/1942 1941/1941/1941 2134/2134/2134
f 2129/2129/2129 2121/2121/2121 2131/2131/2131
f 2131/2131/2131 2136/2136/2136 2129/2129/2129
f 2137/2137/2137 2138/2138/2138 2139/2139/2139
f 2139/2139/2139 2140/2140/2140 2137/2137/2137
f 2045/2045/2045 2044/2044/2044 2141/2141/2141
f 2141/2141/2141 2142/2142/2142 2045/2045/2045
f 2049/2049/2049 2048/2048/2048 2143/2143/2143
f 2143/2143/2143 2144/2144/2144 2049/2049/2049
f 2053/2053/2053 2052/2052/2052 2145/2145/2145
f 2145/2145/2145 2146/2146/2146 2053/2053/2053
f 2052/2052/2052 2055/2055/2055 2147/2147/2147
f 2147/2147/2147 2145/2145/2145 2052/2052/2052
f 2148/2148/2148 2142/2142/2142 2149/2149/2149
f 2149/2149/2149 2150/2150/2150 2148/2148/2148
f 2151/2151/2151 2152/2152/2152 2153/2153/2153
f 2153/2153/2153 2154/2154/2154 2151/2151/2151
f 2142/2142/2142 2141/2141/2141 2155/2155/2155
f 2155/2155/2155 2149/2149/2149 2142/2142/2142
f 2149/2149/2149 2155/2155/2155 2061/2061/2061
f 2061/2061/2061 2060/2060/2060 2149/2149/2149
f 2144/2144/2144 2143/2143/2143 2156/2156/2156
f 2156/2156/2156 2157/2157/2157 2144/2144/2144
f 2157/2157/2157 2156/2156/2156 2065/2065/2065
f 2065/2065/2065 2064/2064/2064 2157/2157/2157
f 2146/2146/2146 2145/2145/2145 2158/2158/2158
f 2158/2158/2158 2159/2159/2159 2146/2146/2146
f 2159/2159/2159 2158/2158/2158 2069/2069/2069
f 2069/2069/2069 2068/2068/2068 2159/2159/2159
f 2145/2145/2145 2147/2147/2147 2160/2160/2160
f 2160/2160/2160 2158/2158/2158 2145/2145/2145
f 2158/2158/2158 2160/2160/2160 2072/2072/2072
f 2072/2072/2072 2069/2069/2069 2158/2158/2158
f 2161/2161/2161 2162/2162/2162 2163/2163/2163
f 2163/2163/2163 2164/2164/2164 2161/2161/2161
f 2043/2043/2043 2042/2042/2042 2024/2024/2024
f 2024/2024/2024 2027/2027/2027 2043/2043/2043
f 2047/2047/2047 2046/2046/2046 2031/2031/2031
f 2031/2031/2031 2030/2030/2030 2047/2047/2047
f 2051/2051/2051 2050/2050/2050 2035/2035/2035
f 2035/2035/2035 2034/2034/2034 2051/2051/2051
f 2054/2054/2054 2051/2051/2051 2034/2034/2034
f 2034/2034/2034 2037/2037/2037 2054/2054/2054
f 2165/2165/2165 2166/2166/2166 2167/2167/2167
f 2167/2167/2167 2168/2168/2168 2165/2165/2165
f 2078/2078/2078 2075/2075/2075 2063/2063/2063
f 2063/2063/2063 2062/2062/2062 2078/2078/2078
f 2081/2081/2081 2080/2080/2080 2067/2067/2067
f 2067/2067/2067 2066/2066/2066 2081/2081/2081
f 2085/2085/2085 2084/2084/2084 2071/2071/2071
f 2071/2071/2071 2070/2070/2070 2085/2085/2085
f 2088/2088/2088 2085/2085/2085 2070/2070/2070
f 2070/2070/2070 2073/2073/2073 2088/2088/2088
f 2169/2169/2169 2170/2170/2170 2171/2171/2171
f 2171/2171/2171 2172/2172/2172 2169/2169/2169
f 2173/2173/2173 2174/2174/2174 2175/2175/2175
f 2175/2175/2175 2176/2176/2176 2173/2173/2173
f 2177/2177/2177 2178/2178/2178 2179/2179/2179
f 2179/2179/2179 2180/2180/2180 2177/2177/2177
f 2181/2181/2181 2182/2182/2182 2183/2183/2183
f 2183/2183/2183 2184/2184/2184 2181/2181/2181
f 2185/2185/2185 2186/2186/2186 2187/2187/2187
f 2187/2187/2187 2188/2188/2188 2185/2185/2185
f 2189/2189/2189 2190/2190/2190 2191/2191/2191
f 2191/2191/2191 2192/2192/2192 2189/2189/2189
f 2188/2188/2188 2187/2187/2187 2193/2193/2193
f 2193/2193/2193 2194/2194/2194 2188/2188/2188
f 2195/2195/2195 2196/2196/2196 2197/2197/2197
f 2197/2197/2197 2198/2198/2198 2195/2195/2195
f 2199/2199/2199 2200/2200/2200 2201/2201/2201
f 2201/2201/2201 2202/2202/2202 2199/2199/2199
f 2203/2203/2203 2204/2204/2204 2205/2205/2205
f 2205/2205/2205 2206/2206/2206 2203/2203/2203
f 2207/2207/2207 2208/2208/2208 2209/2209/2209
f 2209/2209/2209 2210/2210/2210 2207/2207/2207
f 2206/2206/2206 2205/2205/2205 2211/2211/2211
f 2211/2211/2211 2212/2212/2212 2206/2206/2206
f 2213/2213/2213 2214/2214/2214 2215/2215/2215
f 2215/2215/2215 2216/2216/2216 2213/2213/2213
f 2217/2217/2217 2218/2218/2218 2219/2219/2219
f 2219/2219/2219 2220/2220/2220 2217/2217/2217
f 2221/2221/2221 2222/2222/2222 2223/2223/2223
f 2223/2223/2223 2224/2224/2224 2221/2221/2221
f 2225/2225/2225 2226/2226/2226 2227/2227/2227
f 2227/2227/2227 2228/2228/2228 2225/2225/2225
f 2224/2224/2224 2223/2223/2223 2229/2229/2229
f 2229/2229/2229 2230/2230/2230 2224/2224/2224
f 2231/2231/2231 2232/2232/2232 2233/2233/2233
f 2233/2233/2233 2234/2234/2234 2231/2231/2231
f 2235/2235/2235 2236/2236/2236 2237/2237/2237
f 2237/2237/2237 2238/2238/2238 2235/2235/2235
f 2239/2239/2239 2240/2240/2240 2241/2241/2241
f 2241/2241/2241 2242/2242/2242 2239/2239/2239
f 2243/2243/2243 2244/2244/2244 2245/2245/2245
f 2245/2245/2245 2246/2246/2246 2243/2243/2243
f 2242/2242/2242 2241/2241/2241 2247/2247/2247
f 2247/2247/2247 2248/2248/2248 2242/2242/2242
f 2249/2249/2249 2243/2243/2243 2246/2246/2246
f 2246/2246/2246 2250/2250/2250 2249/2249/2249
f 2249/2249/2249 2250/2250/2250 2251/2251/2251
f 2251/2251/2251 2252/2252/2252 2249/2249/2249
f 2253/2253/2253 2254/2254/2254 2255/2255/2255
f 2255/2255/2255 2256/2256/2256 2253/2253/2253
f 2257/2257/2257 2258/2258/2258 2259/2259/2259
f 2259/2259/2259 2260/2260/2260 2257/2257/2257
f 2256/2256/2256 2255/2255/2255 2261/2261/2261
f 2261/2261/2261 2262/2262/2262 2256/2256/2256
f 2263/2263/2263 2264/2264/2264 2265/2265/2265
f 2265/2265/2265 2266/2266/2266 2263/2263/2263
f 2267/2267/2267 2268/2268/2268 2269/2269/2269
f 2269/2269/2269 2270/2270/2270 2267/2267/2267
f 2271/2271/2271 2272/2272/2272 2273/2273/2273
f 2273/2273/2273 2274/2274/2274 2271/2271/2271
f 2275/2275/2275 2276/2276/2276 2277/2277/2277
f 2277/2277/2277 2278/2278/2278 2275/2275/2275
f 2274/2274/2274 2273/2273/2273 2279/2279/2279
f 2279/2279/2279 2280/2280/2280 2274/2274/2274
f 2281/2281/2281 2282/2282/2282 2283/2283/2283
f 2283/2283/2283 2284/2284/2284 2281/2281/2281
f 2285/2285/2285 2286/2286/2286 2287/2287/2287
f 2287/2287/2287 2288/2288/2288 2285/2285/2285
f 2289/2289/2289 2290/2290/2290 2291/2291/2291
f 2291/2291/2291 2292/2292/2292 2289/2289/2289
f 2293/2293/2293 2294/2294/2294 2295/2295/2295
f 2295/2295/2295 2296/2296/2296 2293/2293/2293
f 2292/2292/2292 2291/2291/2291 2297/2297/2297
f 2297/2297/2297 2298/2298/2298 2292/2292/2292
f 2299/2299/2299 2300/2300/2300 2301/2301/2301
f 2301/2301/2301 2302/2302/2302 2299/2299/2299
f 2303/2303/2303 2304/2304/2304 2305/2305/2305
f 2305/2305/2305 2306/2306/2306 2303/2303/2303
f 2307/2307/2307 2308/2308/2308 2309/2309/2309
f 2309/2309/2309 2310/2310/2310 2307/2307/2307
f 2311/2311/2311 2312/2312/2312 2313/2313/2313
f 2313/2313/2313 2314/2314/2314 2311/2311/2311
f 2310/2310/2310 2309/2309/2309 2315/2315/2315
f 2315/2315/2315 2316/2316/2316 2310/2310/2310
f 2317/2317/2317 2318/2318/2318 2319/2319/2319
f 2319/2319/2319 2320/2320/2320 2317/2317/2317
f 2321/2321/2321 2322/2322/2322 2323/2323/2323
f 2323/2323/2323 2324/2324/2324 2321/2321/2321
f 2325/2325/2325 2326/2326/2326 2327/2327/2327
f 2327/2327/2327 2328/2328/2328 2325/2325/2325
f 2329/2329/2329 2330/2330/2330 2331/2331/2331
f 2331/2331/2331 2332/2332/2332 2329/2329/2329
f 2328/2328/2328 2327/2327/2327 2333/2333/2333
f 2333/2333/2333 2334/2334/2334 2328/2328/2328
f 2335/2335/2335 2336/2336/2336 2337/2337/2337
f 2337/2337/2337 2338/2338/2338 2335/2335/2335
f 2339/2339/2339 2340/2340/2340 2341/2341/2341
f 2341/2341/2341 2342/2342/2342 2339/2339/2339
f 2343/2343/2343 2344/2344/2344 2345/2345/2345
f 2345/2345/2345 2346/2346/2346 2343/2343/2343
f 2347/2347/2347 2348/2348/2348 2349/2349/2349
f 2349/2349/2349 2350/2350/2350 2347/2347/2347
f 2346/2346/2346 2345/2345/2345 2351/2351/2351
f 2351/2351/2351 2352/2352/2352 2346/2346/2346
f 2353/2353/2353 2354/2354/2354 2355/2355/2355
f 2355/2355/2355 2356/2356/2356 2353/2353/2353
f 2357/2357/2357 2358/2358/2358 2359/2359/2359
f 2359/2359/2359 2360/2360/2360 2357/2357/2357
f 2361/2361/2361 2362/2362/2362 2363/2363/2363
f 2363/2363/2363 2364/2364/2364 2361/2361/2361
f 2365/2365/2365 2366/2366/2366 2367/2367/2367
f 2367/2367/2367 2368/2368/2368 2365/2365/2365
f 2368/2368/2368 2369/2369/2369 2370/2370/2370
f 2370/2370/2370 2365/2365/2365 2368/2368/2368
f 2369/2369/2369 2371/2371/2371 2372/2372/2372
f 2372/2372/2372 2370/2370/2370 2369/2369/2369
f 2373/2373/2373 2374/2374/2374 2375/2375/2375
f 2375/2375/2375 2376/2376/2376 2373/2373/2373
f 2377/2377/2377 2378/2378/2378 2375/2375/2375
f 2375/2375/2375 2379/2379/2379 2377/2377/2377
f 2378/2378/2378 2380/2380/2380 2376/2376/2376
f 2376/2376/2376 2375/2375/2375 2378/2378/2378
f 2377/2377/2377 2381/2381/2381 2382/2382/2382
f 2382/2382/2382 2378/2378/2378 2377/2377/2377
f 2376/2376/2376 2383/2383/2383 2384/2384/2384
f 2384/2384/2384 2373/2373/2373 2376/2376/2376
f 2384/2384/2384 2385/2385/2385 2373/2373/2373
f 2384/2384/2384 2383/2383/2383 2386/2386/2386
f 2387/2387/2387 2374/2374/2374 2373/2373/2373
f 2373/2373/2373 2385/2385/2385 2387/2387/2387
f 2378/2378/2378 2382/2382/2382 2388/2388/2388
f 2388/2388/2388 2380/2380/2380 2378/2378/2378
f 2376/2376/2376 2380/2380/2380 2389/2389/2389
f 2389/2389/2389 2383/2383/2383 2376/2376/2376
f 2380/2380/2380 2388/2388/2388 2390/2390/2390
f 2390/2390/2390 2389/2389/2389 2380/2380/2380
f 2383/2383/2383 2389/2389/2389 2361/2361/2361
f 2361/2361/2361 2386/2386/2386 2383/2383/2383
f 2389/2389/2389 2390/2390/2390 2362/2362/2362
f 2362/2362/2362 2361/2361/2361 2389/2389/2389
f 2391/2391/2391 2392/2392/2392 2371/2371/2371
f 2371/2371/2371 2384/2384/2384 2391/2391/2391
f 2374/2374/2374 2387/2387/2387 2368/2368/2368
f 2368/2368/2368 2367/2367/2367 2374/2374/2374
f 2385/2385/2385 2369/2369/2369 2368/2368/2368
f 2368/2368/2368 2387/2387/2387 2385/2385/2385
f 2384/2384/2384 2371/2371/2371 2369/2369/2369
f 2369/2369/2369 2385/2385/2385 2384/2384/2384
f 2374/2374/2374 2379/2379/2379 2375/2375/2375
f 2392/2392/2392 2393/2393/2393 2372/2372/2372
f 2372/2372/2372 2371/2371/2371 2392/2392/2392
f 2391/2391/2391 2384/2384/2384 2386/2386/2386
f 2386/2386/2386 2394/2394/2394 2391/2391/2391
f 2386/2386/2386 2361/2361/2361 2364/2364/2364
f 2364/2364/2364 2394/2394/2394 2386/2386/2386
f 2395/2395/2395 2396/2396/2396 2397/2397/2397
f 2397/2397/2397 2398/2398/2398 2395/2395/2395
f 2397/2397/2397 2396/2396/2396 2399/2399/2399
f 2399/2399/2399 2400/2400/2400 2397/2397/2397
f 2400/2400/2400 2399/2399/2399 2393/2393/2393
f 2393/2393/2393 2392/2392/2392 2400/2400/2400
f 2401/2401/2401 2402/2402/2402 2403/2403/2403
f 2403/2403/2403 2404/2404/2404 2401/2401/2401
f 2405/2405/2405 2406/2406/2406 2403/2403/2403
f 2403/2403/2403 2407/2407/2407 2405/2405/2405
f 2407/2407/2407 2403/2403/2403 2402/2402/2402
f 2402/2402/2402 2408/2408/2408 2407/2407/2407
f 2405/2405/2405 2407/2407/2407 2409/2409/2409
f 2409/2409/2409 2410/2410/2410 2405/2405/2405
f 2402/2402/2402 2401/2401/2401 2391/2391/2391
f 2391/2391/2391 2411/2411/2411 2402/2402/2402
f 2391/2391/2391 2401/2401/2401 2412/2412/2412
f 2391/2391/2391 2394/2394/2394 2411/2411/2411
f 2413/2413/2413 2412/2412/2412 2401/2401/2401
f 2401/2401/2401 2404/2404/2404 2413/2413/2413
f 2407/2407/2407 2408/2408/2408 2414/2414/2414
f 2414/2414/2414 2409/2409/2409 2407/2407/2407
f 2402/2402/2402 2411/2411/2411 2415/2415/2415
f 2415/2415/2415 2408/2408/2408 2402/2402/2402
f 2408/2408/2408 2415/2415/2415 2416/2416/2416
f 2416/2416/2416 2414/2414/2414 2408/2408/2408
f 2411/2411/2411 2394/2394/2394 2364/2364/2364
f 2364/2364/2364 2415/2415/2415 2411/2411/2411
f 2415/2415/2415 2364/2364/2364 2363/2363/2363
f 2363/2363/2363 2416/2416/2416 2415/2415/2415
f 2413/2413/2413 2404/2404/2404 2398/2398/2398
f 2398/2398/2398 2397/2397/2397 2413/2413/2413
f 2412/2412/2412 2413/2413/2413 2397/2397/2397
f 2397/2397/2397 2400/2400/2400 2412/2412/2412
f 2391/2391/2391 2412/2412/2412 2400/2400/2400
f 2400/2400/2400 2392/2392/2392 2391/2391/2391
f 2404/2404/2404 2403/2403/2403 2406/2406/2406
f 2417/2417/2417 2418/2418/2418 2419/2419/2419
f 2419/2419/2419 2420/2420/2420 2417/2417/2417
f 2421/2421/2421 2422/2422/2422 2423/2423/2423
f 2423/2423/2423 2424/2424/2424 2421/2421/2421
f 2425/2425/2425 2421/2421/2421 2424/2424/2424
f 2424/2424/2424 2419/2419/2419 2425/2425/2425
f 2426/2426/2426 2427/2427/2427 2428/2428/2428
f 2428/2428/2428 2429/2429/2429 2426/2426/2426
f 2430/2430/2430 2405/2405/2405 2410/2410/2410
f 2410/2410/2410 2431/2431/2431 2430/2430/2430
f 2430/2430/2430 2432/2432/2432 2406/2406/2406
f 2406/2406/2406 2405/2405/2405 2430/2430/2430
f 2433/2433/2433 2434/2434/2434 2395/2395/2395
f 2395/2395/2395 2398/2398/2398 2433/2433/2433
f 2432/2432/2432 2435/2435/2435 2404/2404/2404
f 2404/2404/2404 2406/2406/2406 2432/2432/2432
f 2435/2435/2435 2433/2433/2433 2398/2398/2398
f 2398/2398/2398 2404/2404/2404 2435/2435/2435
f 2425/2425/2425 2419/2419/2419 2418/2418/2418
f 2418/2418/2418 2436/2436/2436 2425/2425/2425
f 2437/2437/2437 2438/2438/2438 2439/2439/2439
f 2439/2439/2439 2440/2440/2440 2437/2437/2437
f 2441/2441/2441 2442/2442/2442 2443/2443/2443
f 2443/2443/2443 2444/2444/2444 2441/2441/2441
f 2443/2443/2443 2442/2442/2442 2445/2445/2445
f 2445/2445/2445 2446/2446/2446 2443/2443/2443
f 2446/2446/2446 2445/2445/2445 2447/2447/2447
f 2447/2447/2447 2448/2448/2448 2446/2446/2446
f 2449/2449/2449 2450/2450/2450 2451/2451/2451
f 2451/2451/2451 2452/2452/2452 2449/2449/2449
f 2453/2453/2453 2454/2454/2454 2451/2451/2451
f 2451/2451/2451 2455/2455/2455 2453/2453/2453
f 2455/2455/2455 2451/2451/2451 2450/2450/2450
f 2450/2450/2450 2456/2456/2456 2455/2455/2455
f 2453/2453/2453 2455/2455/2455 2457/2457/2457
f 2457/2457/2457 2458/2458/2458 2453/2453/2453
f 2450/2450/2450 2449/2449/2449 2459/2459/2459
f 2459/2459/2459 2460/2460/2460 2450/2450/2450
f 2459/2459/2459 2449/2449/2449 2461/2461/2461
f 2459/2459/2459 2462/2462/2462 2460/2460/2460
f 2463/2463/2463 2461/2461/2461 2449/2449/2449
f 2449/2449/2449 2452/2452/2452 2463/2463/2463
f 2455/2455/2455 2456/2456/2456 2464/2464/2464
f 2464/2464/2464 2457/2457/2457 2455/2455/2455
f 2450/2450/2450 2460/2460/2460 2465/2465/2465
f 2465/2465/2465 2456/2456/2456 2450/2450/2450
f 2456/2456/2456 2465/2465/2465 2466/2466/2466
f 2466/2466/2466 2464/2464/2464 2456/2456/2456
f 2460/2460/2460 2462/2462/2462 2439/2439/2439
f 2439/2439/2439 2465/2465/2465 2460/2460/2460
f 2465/2465/2465 2439/2439/2439 2438/2438/2438
f 2438/2438/2438 2466/2466/2466 2465/2465/2465
f 2467/2467/2467 2459/2459/2459 2448/2448/2448
f 2448/2448/2448 2468/2468/2468 2467/2467/2467
f 2463/2463/2463 2452/2452/2452 2444/2444/2444
f 2444/2444/2444 2443/2443/2443 2463/2463/2463
f 2461/2461/2461 2463/2463/2463 2443/2443/2443
f 2443/2443/2443 2446/2446/2446 2461/2461/2461
f 2459/2459/2459 2461/2461/2461 2446/2446/2446
f 2446/2446/2446 2448/2448/2448 2459/2459/2459
f 2452/2452/2452 2451/2451/2451 2454/2454/2454
f 2447/2447/2447 2469/2469/2469 2468/2468/2468
f 2468/2468/2468 2448/2448/2448 2447/2447/2447
f 2462/2462/2462 2459/2459/2459 2467/2467/2467
f 2467/2467/2467 2470/2470/2470 2462/2462/2462
f 2462/2462/2462 2470/2470/2470 2440/2440/2440
f 2440/2440/2440 2439/2439/2439 2462/2462/2462
f 2434/2434/2434 2433/2433/2433 2471/2471/2471
f 2471/2471/2471 2472/2472/2472 2434/2434/2434
f 2471/2471/2471 2473/2473/2473 2474/2474/2474
f 2474/2474/2474 2472/2472/2472 2471/2471/2471
f 2473/2473/2473 2468/2468/2468 2469/2469/2469
f 2469/2469/2469 2474/2474/2474 2473/2473/2473
f 2475/2475/2475 2435/2435/2435 2476/2476/2476
f 2476/2476/2476 2477/2477/2477 2475/2475/2475
f 2430/2430/2430 2478/2478/2478 2476/2476/2476
f 2476/2476/2476 2432/2432/2432 2430/2430/2430
f 2478/2478/2478 2479/2479/2479 2477/2477/2477
f 2477/2477/2477 2476/2476/2476 2478/2478/2478
f 2430/2430/2430 2431/2431/2431 2480/2480/2480
f 2480/2480/2480 2478/2478/2478 2430/2430/2430
f 2477/2477/2477 2481/2481/2481 2467/2467/2467
f 2467/2467/2467 2475/2475/2475 2477/2477/2477
f 2467/2467/2467 2482/2482/2482 2475/2475/2475
f 2467/2467/2467 2481/2481/2481 2470/2470/2470
f 2483/2483/2483 2435/2435/2435 2475/2475/2475
f 2475/2475/2475 2482/2482/2482 2483/2483/2483
f 2478/2478/2478 2480/2480/2480 2484/2484/2484
f 2484/2484/2484 2479/2479/2479 2478/2478/2478
f 2477/2477/2477 2479/2479/2479 2485/2485/2485
f 2485/2485/2485 2481/2481/2481 2477/2477/2477
f 2479/2479/2479 2484/2484/2484 2486/2486/2486
f 2486/2486/2486 2485/2485/2485 2479/2479/2479
f 2481/2481/2481 2485/2485/2485 2440/2440/2440
f 2440/2440/2440 2470/2470/2470 2481/2481/2481
f 2485/2485/2485 2486/2486/2486 2437/2437/2437
f 2437/2437/2437 2440/2440/2440 2485/2485/2485
f 2483/2483/2483 2471/2471/2471 2433/2433/2433
f 2433/2433/2433 2435/2435/2435 2483/2483/2483
f 2482/2482/2482 2473/2473/2473 2471/2471/2471
f 2471/2471/2471 2483/2483/2483 2482/2482/2482
f 2467/2467/2467 2468/2468/2468 2473/2473/2473
f 2473/2473/2473 2482/2482/2482 2467/2467/2467
f 2435/2435/2435 2432/2432/2432 2476/2476/2476
f 2425/2425/2425 2436/2436/2436 2487/2487/2487
f 2487/2487/2487 2488/2488/2488 2425/2425/2425
f 2453/2453/2453 2458/2458/2458 2381/2381/2381
f 2381/2381/2381 2377/2377/2377 2453/2453/2453
f 2454/2454/2454 2453/2453/2453 2377/2377/2377
f 2377/2377/2377 2379/2379/2379 2454/2454/2454
f 2441/2441/2441 2444/2444/2444 2367/2367/2367
f 2367/2367/2367 2366/2366/2366 2441/2441/2441
f 2452/2452/2452 2454/2454/2454 2379/2379/2379
f 2379/2379/2379 2374/2374/2374 2452/2452/2452
f 2444/2444/2444 2452/2452/2452 2374/2374/2374
f 2374/2374/2374 2367/2367/2367 2444/2444/2444
f 2427/2427/2427 2436/2436/2436 2418/2418/2418
f 2418/2418/2418 2428/2428/2428 2427/2427/2427
f 2424/2424/2424 2423/2423/2423 2489/2489/2489
f 2489/2489/2489 2490/2490/2490 2424/2424/2424
f 2419/2419/2419 2424/2424/2424 2490/2490/2490
f 2490/2490/2490 2491/2491/2491 2419/2419/2419
f 2420/2420/2420 2419/2419/2419 2491/2491/2491
f 2491/2491/2491 2492/2492/2492 2420/2420/2420
f 2417/2417/2417 2420/2420/2420 2492/2492/2492
f 2492/2492/2492 2493/2493/2493 2417/2417/2417
f 2418/2418/2418 2417/2417/2417 2493/2493/2493
f 2493/2493/2493 2494/2494/2494 2418/2418/2418
f 2428/2428/2428 2418/2418/2418 2494/2494/2494
f 2494/2494/2494 2495/2495/2495 2428/2428/2428
f 2429/2429/2429 2428/2428/2428 2495/2495/2495
f 2495/2495/2495 2496/2496/2496 2429/2429/2429
f 2426/2426/2426 2429/2429/2429 2496/2496/2496
f 2496/2496/2496 2497/2497/2497 2426/2426/2426
f 2427/2427/2427 2426/2426/2426 2497/2497/2497
f 2497/2497/2497 2498/2498/2498 2427/2427/2427
f 2436/2436/2436 2427/2427/2427 2498/2498/2498
f 2498/2498/2498 2499/2499/2499 2436/2436/2436
f 2487/2487/2487 2436/2436/2436 2499/2499/2499
f 2499/2499/2499 2500/2500/2500 2487/2487/2487
f 2488/2488/2488 2487/2487/2487 2500/2500/2500
f 2500/2500/2500 2501/2501/2501 2488/2488/2488
f 2425/2425/2425 2488/2488/2488 2501/2501/2501
f 2501/2501/2501 2502/2502/2502 2425/2425/2425
f 2421/2421/2421 2425/2425/2425 2502/2502/2502
f 2502/2502/2502 2503/2503/2503 2421/2421/2421
f 2422/2422/2422 2421/2421/2421 2503/2503/2503
f 2503/2503/2503 2504/2504/2504 2422/2422/2422
f 2423/2423/2423 2422/2422/2422 2504/2504/2504
f 2504/2504/2504 2489/2489/2489 2423/2423/2423
f 2505/2505/2505 2506/2506/2506 2507/2507/2507
f 2507/2507/2507 2508/2508/2508 2505/2505/2505
f 2509/2509/2509 2510/2510/2510 2511/2511/2511
f 2511/2511/2511 2512/2512/2512 2509/2509/2509
f 2512/2512/2512 2513/2513/2513 2514/2514/2514
f 2514/2514/2514 2509/2509/2509 2512/2512/2512
f 2513/2513/2513 2515/2515/2515 2516/2516/2516
f 2516/2516/2516 2514/2514/2514 2513/2513/2513
f 2517/2517/2517 2518/2518/2518 2519/2519/2519
f 2519/2519/2519 2520/2520/2520 2517/2517/2517
f 2521/2521/2521 2522/2522/2522 2519/2519/2519
f 2519/2519/2519 2523/2523/2523 2521/2521/2521
f 2522/2522/2522 2524/2524/2524 2520/2520/2520
f 2520/2520/2520 2519/2519/2519 2522/2522/2522
f 2521/2521/2521 2525/2525/2525 2526/2526/2526
f 2526/2526/2526 2522/2522/2522 2521/2521/2521
f 2520/2520/2520 2527/2527/2527 2528/2528/2528
f 2528/2528/2528 2517/2517/2517 2520/2520/2520
f 2528/2528/2528 2529/2529/2529 2517/2517/2517
f 2528/2528/2528 2527/2527/2527 2530/2530/2530
f 2531/2531/2531 2518/2518/2518 2517/2517/2517
f 2517/2517/2517 2529/2529/2529 2531/2531/2531
f 2522/2522/2522 2526/2526/2526 2532/2532/2532
f 2532/2532/2532 2524/2524/2524 2522/2522/2522
f 2520/2520/2520 2524/2524/2524 2533/2533/2533
f 2533/2533/2533 2527/2527/2527 2520/2520/2520
f 2524/2524/2524 2532/2532/2532 2534/2534/2534
f 2534/2534/2534 2533/2533/2533 2524/2524/2524
f 2527/2527/2527 2533/2533/2533 2505/2505/2505
f 2505/2505/2505 2530/2530/2530 2527/2527/2527
f 2533/2533/2533 2534/2534/2534 2506/2506/2506
f 2506/2506/2506 2505/2505/2505 2533/2533/2533
f 2535/2535/2535 2536/2536/2536 2515/2515/2515
f 2515/2515/2515 2528/2528/2528 2535/2535/2535
f 2518/2518/2518 2531/2531/2531 2512/2512/2512
f 2512/2512/2512 2511/2511/2511 2518/2518/2518
f 2529/2529/2529 2513/2513/2513 2512/2512/2512
f 2512/2512/2512 2531/2531/2531 2529/2529/2529
f 2528/2528/2528 2515/2515/2515 2513/2513/2513
f 2513/2513/2513 2529/2529/2529 2528/2528/2528
f 2518/2518/2518 2523/2523/2523 2519/2519/2519
f 2536/2536/2536 2537/2537/2537 2516/2516/2516
f 2516/2516/2516 2515/2515/2515 2536/2536/2536
f 2535/2535/2535 2528/2528/2528 2530/2530/2530
f 2530/2530/2530 2538/2538/2538 2535/2535/2535
f 2530/2530/2530 2505/2505/2505 2508/2508/2508
f 2508/2508/2508 2538/2538/2538 2530/2530/2530
f 2539/2539/2539 2540/2540/2540 2541/2541/2541
f 2541/2541/2541 2542/2542/2542 2539/2539/2539
f 2541/2541/2541 2540/2540/2540 2543/2543/2543
f 2543/2543/2543 2544/2544/2544 2541/2541/2541
f 2544/2544/2544 2543/2543/2543 2537/2537/2537
f 2537/2537/2537 2536/2536/2536 2544/2544/2544
f 2545/2545/2545 2546/2546/2546 2547/2547/2547
f 2547/2547/2547 2548/2548/2548 2545/2545/2545
f 2549/2549/2549 2550/2550/2550 2547/2547/2547
f 2547/2547/2547 2551/2551/2551 2549/2549/2549
f 2551/2551/2551 2547/2547/2547 2546/2546/2546
f 2546/2546/2546 2552/2552/2552 2551/2551/2551
f 2549/2549/2549 2551/2551/2551 2553/2553/2553
f 2553/2553/2553 2554/2554/2554 2549/2549/2549
f 2546/2546/2546 2545/2545/2545 2535/2535/2535
f 2535/2535/2535 2555/2555/2555 2546/2546/2546
f 2535/2535/2535 2545/2545/2545 2556/2556/2556
f 2535/2535/2535 2538/2538/2538 2555/2555/2555
f 2557/2557/2557 2556/2556/2556 2545/2545/2545
f 2545/2545/2545 2548/2548/2548 2557/2557/2557
f 2551/2551/2551 2552/2552/2552 2558/2558/2558
f 2558/2558/2558 2553/2553/2553 2551/2551/2551
f 2546/2546/2546 2555/2555/2555 2559/2559/2559
f 2559/2559/2559 2552/2552/2552 2546/2546/2546
f 2552/2552/2552 2559/2559/2559 2560/2560/2560
f 2560/2560/2560 2558/2558/2558 2552/2552/2552
f 2555/2555/2555 2538/2538/2538 2508/2508/2508
f 2508/2508/2508 2559/2559/2559 2555/2555/2555
f 2559/2559/2559 2508/2508/2508 2507/2507/2507
f 2507/2507/2507 2560/2560/2560 2559/2559/2559
f 2557/2557/2557 2548/2548/2548 2542/2542/2542
f 2542/2542/2542 2541/2541/2541 2557/2557/2557
f 2556/2556/2556 2557/2557/2557 2541/2541/2541
f 2541/2541/2541 2544/2544/2544 2556/2556/2556
f 2535/2535/2535 2556/2556/2556 2544/2544/2544
f 2544/2544/2544 2536/2536/2536 2535/2535/2535
f 2548/2548/2548 2547/2547/2547 2550/2550/2550
f 2561/2561/2561 2562/2562/2562 2563/2563/2563
f 2563/2563/2563 2564/2564/2564 2561/2561/2561
f 2565/2565/2565 2566/2566/2566 2567/2567/2567
f 2567/2567/2567 2568/2568/2568 2565/2565/2565
f 2569/2569/2569 2565/2565/2565 2568/2568/2568
f 2568/2568/2568 2563/2563/2563 2569/2569/2569
f 2570/2570/2570 2571/2571/2571 2572/2572/2572
f 2572/2572/2572 2573/2573/2573 2570/2570/2570
f 2574/2574/2574 2549/2549/2549 2554/2554/2554
f 2554/2554/2554 2575/2575/2575 2574/2574/2574
f 2574/2574/2574 2576/2576/2576 2550/2550/2550
f 2550/2550/2550 2549/2549/2549 2574/2574/2574
f 2577/2577/2577 2578/2578/2578 2539/2539/2539
f 2539/2539/2539 2542/2542/2542 2577/2577/2577
f 2576/2576/2576 2579/2579/2579 2548/2548/2548
f 2548/2548/2548 2550/2550/2550 2576/2576/2576
f 2579/2579/2579 2577/2577/2577 2542/2542/2542
f 2542/2542/2542 2548/2548/2548 2579/2579/2579
f 2569/2569/2569 2563/2563/2563 2562/2562/2562
f 2562/2562/2562 2580/2580/2580 2569/2569/2569
f 2581/2581/2581 2582/2582/2582 2583/2583/2583
f 2583/2583/2583 2584/2584/2584 2581/2581/2581
f 2585/2585/2585 2586/2586/2586 2587/2587/2587
f 2587/2587/2587 2588/2588/2588 2585/2585/2585
f 2587/2587/2587 2586/2586/2586 2589/2589/2589
f 2589/2589/2589 2590/2590/2590 2587/2587/2587
f 2590/2590/2590 2589/2589/2589 2591/2591/2591
f 2591/2591/2591 2592/2592/2592 2590/2590/2590
f 2593/2593/2593 2594/2594/2594 2595/2595/2595
f 2595/2595/2595 2596/2596/2596 2593/2593/2593
f 2597/2597/2597 2598/2598/2598 2595/2595/2595
f 2595/2595/2595 2599/2599/2599 2597/2597/2597
f 2599/2599/2599 2595/2595/2595 2594/2594/2594
f 2594/2594/2594 2600/2600/2600 2599/2599/2599
f 2597/2597/2597 2599/2599/2599 2601/2601/2601
f 2601/2601/2601 2602/2602/2602 2597/2597/2597
f 2594/2594/2594 2593/2593/2593 2603/2603/2603
f 2603/2603/2603 2604/2604/2604 2594/2594/2594
f 2603/2603/2603 2593/2593/2593 2605/2605/2605
f 2603/2603/2603 2606/2606/2606 2604/2604/2604
f 2607/2607/2607 2605/2605/2605 2593/2593/2593
f 2593/2593/2593 2596/2596/2596 2607/2607/2607
f 2599/2599/2599 2600/2600/2600 2608/2608/2608
f 2608/2608/2608 2601/2601/2601 2599/2599/2599
f 2594/2594/2594 2604/2604/2604 2609/2609/2609
f 2609/2609/2609 2600/2600/2600 2594/2594/2594
f 2600/2600/2600 2609/2609/2609 2610/2610/2610
f 2610/2610/2610 2608/2608/2608 2600/2600/2600
f 2604/2604/2604 2606/2606/2606 2583/2583/2583
f 2583/2583/2583 2609/2609/2609 2604/2604/2604
f 2609/2609/2609 2583/2583/2583 2582/2582/2582
f 2582/2582/2582 2610/2610/2610 2609/2609/2609
f 2611/2611/2611 2603/2603/2603 2592/2592/2592
f 2592/2592/2592 2612/2612/2612 2611/2611/2611
f 2607/2607/2607 2596/2596/2596 2588/2588/2588
f 2588/2588/2588 2587/2587/2587 2607/2607/2607
f 2605/2605/2605 2607/2607/2607 2587/2587/2587
f 2587/2587/2587 2590/2590/2590 2605/2605/2605
f 2603/2603/2603 2605/2605/2605 2590/2590/2590
f 2590/2590/2590 2592/2592/2592 2603/2603/2603
f 2596/2596/2596 2595/2595/2595 2598/2598/2598
f 2591/2591/2591 2613/2613/2613 2612/2612/2612
f 2612/2612/2612 2592/2592/2592 2591/2591/2591
f 2606/2606/2606 2603/2603/2603 2611/2611/2611
f 2611/2611/2611 2614/2614/2614 2606/2606/2606
f 2606/2606/2606 2614/2614/2614 2584/2584/2584
f 2584/2584/2584 2583/2583/2583 2606/2606/2606
f 2578/2578/2578 2577/2577/2577 2615/2615/2615
f 2615/2615/2615 2616/2616/2616 2578/2578/2578
f 2615/2615/2615 2617/2617/2617 2618/2618/2618
f 2618/2618/2618 2616/2616/2616 2615/2615/2615
f 2617/2617/2617 2612/2612/2612 2613/2613/2613
f 2613/2613/2613 2618/2618/2618 2617/2617/2617
f 2619/2619/2619 2579/2579/2579 2620/2620/2620
f 2620/2620/2620 2621/2621/2621 2619/2619/2619
f 2574/2574/2574 2622/2622/2622 2620/2620/2620
f 2620/2620/2620 2576/2576/2576 2574/2574/2574
f 2622/2622/2622 2623/2623/2623 2621/2621/2621
f 2621/2621/2621 2620/2620/2620 2622/2622/2622
f 2574/2574/2574 2575/2575/2575 2624/2624/2624
f 2624/2624/2624 2622/2622/2622 2574/2574/2574
f 2621/2621/2621 2625/2625/2625 2611/2611/2611
f 2611/2611/2611 2619/2619/2619 2621/2621/2621
f 2611/2611/2611 2626/2626/2626 2619/2619/2619
f 2611/2611/2611 2625/2625/2625 2614/2614/2614
f 2627/2627/2627 2579/2579/2579 2619/2619/2619
f 2619/2619/2619 2626/2626/2626 2627/2627/2627
f 2622/2622/2622 2624/2624/2624 2628/2628/2628
f 2628/2628/2628 2623/2623/2623 2622/2622/2622
f 2621/2621/2621 2623/2623/2623 2629/2629/2629
f 2629/2629/2629 2625/2625/2625 2621/2621/2621
f 2623/2623/2623 2628/2628/2628 2630/2630/2630
f 2630/2630/2630 2629/2629/2629 2623/2623/2623
f 2625/2625/2625 2629/2629/2629 2584/2584/2584
f 2584/2584/2584 2614/2614/2614 2625/2625/2625
f 2629/2629/2629 2630/2630/2630 2581/2581/2581
f 2581/2581/2581 2584/2584/2584 2629/2629/2629
f 2627/2627/2627 2615/2615/2615 2577/2577/2577
f 2577/2577/2577 2579/2579/2579 2627/2627/2627
f 2626/2626/2626 2617/2617/2617 2615/2615/2615
f 2615/2615/2615 2627/2627/2627 2626/2626/2626
f 2611/2611/2611 2612/2612/2612 2617/2617/2617
f 2617/2617/2617 2626/2626/2626 2611/2611/2611
f 2579/2579/2579 2576/2576/2576 2620/2620/2620
f 2569/2569/2569 2580/2580/2580 2631/2631/2631
f 2631/2631/2631 2632/2632/2632 2569/2569/2569
f 2597/2597/2597 2602/2602/2602 2525/2525/2525
f 2525/2525/2525 2521/2521/2521 2597/2597/2597
f 2598/2598/2598 2597/2597/2597 2521/2521/2521
f 2521/2521/2521 2523/2523/2523 2598/2598/2598
f 2585/2585/2585 2588/2588/2588 2511/2511/2511
f 2511/2511/2511 2510/2510/2510 2585/2585/2585
f 2596/2596/2596 2598/2598/2598 2523/2523/2523
f 2523/2523/2523 2518/2518/2518 2596/2596/2596
f 2588/2588/2588 2596/2596/2596 2518/2518/2518
f 2518/2518/2518 2511/2511/2511 2588/2588/2588
f 2571/2571/2571 2580/2580/2580 2562/2562/2562
f 2562/2562/2562 2572/2572/2572 2571/2571/2571
f 2568/2568/2568 2567/2567/2567 2633/2633/2633
f 2633/2633/2633 2634/2634/2634 2568/2568/2568
f 2563/2563/2563 2568/2568/2568 2634/2634/2634
f 2634/2634/2634 2635/2635/2635 2563/2563/2563
f 2564/2564/2564 2563/2563/2563 2635/2635/2635
f 2635/2635/2635 2636/2636/2636 2564/2564/2564
f 2561/2561/2561 2564/2564/2564 2636/2636/2636
f 2636/2636/2636 2637/2637/2637 2561/2561/2561
f 2562/2562/2562 2561/2561/2561 2637/2637/2637
f 2637/2637/2637 2638/2638/2638 2562/2562/2562
f 2572/2572/2572 2562/2562/2562 2638/2638/2638
f 2638/2638/2638 2639/2639/2639 2572/2572/2572
f 2573/2573/2573 2572/2572/2572 2639/2639/2639
f 2639/2639/2639 2640/2640/2640 2573/2573/2573
f 2570/2570/2570 2573/2573/2573 2640/2640/2640
f 2640/2640/2640 2641/2641/2641 2570/2570/2570
f 2571/2571/2571 2570/2570/2570 2641/2641/2641
f 2641/2641/2641 2642/2642/2642 2571/2571/2571
f 2580/2580/2580 2571/2571/2571 2642/2642/2642
f 2642/2642/2642 2643/2643/2643 2580/2580/2580
f 2631/2631/2631 2580/2580/2580 2643/2643/2643
f 2643/2643/2643 2644/2644/2644 2631/2631/2631
f 2632/2632/2632 2631/2631/2631 2644/2644/2644
f 2644/2644/2644 2645/2645/2645 2632/2632/2632
f 2569/2569/2569 2632/2632/2632 2645/2645/2645
f 2645/2645/2645 2646/2646/2646 2569/2569/2569
f 2565/2565/2565 2569/2569/2569 2646/2646/2646
f 2646/2646/2646 2647/2647/2647 2565/2565/2565
f 2566/2566/2566 2565/2565/2565 2647/2647/2647
f 2647/2647/2647 2648/2648/2648 2566/2566/2566
f 2567/2567/2567 2566/2566/2566 2648/2648/2648
f 2648/2648/2648 2633/2633/2633 2567/2567/2567
f 2649/2649/2649 2650/2650/2650 2651/2651/2651
f 2651/2651/2651 2652/2652/2652 2649/2649/2649
f 2653/2653/2653 2654/2654/2654 2655/2655/2655
f 2655/2655/2655 2656/2656/2656 2653/2653/2653
f 2656/2656/2656 2657/2657/2657 2658/2658/2658
f 2658/2658/2658 2653/2653/2653 2656/2656/2656
f 2657/2657/2657 2659/2659/2659 2660/2660/2660
f 2660/2660/2660 2658/2658/2658 2657/2657/2657
f 2661/2661/2661 2662/2662/2662 2663/2663/2663
f 2663/2663/2663 2664/2664/2664 2661/2661/2661
f 2665/2665/2665 2666/2666/2666 2663/2663/2663
f 2663/2663/2663 2667/2667/2667 2665/2665/2665
f 2666/2666/2666 2668/2668/2668 2664/2664/2664
f 2664/2664/2664 2663/2663/2663 2666/2666/2666
f 2665/2665/2665 2669/2669/2669 2670/2670/2670
f 2670/2670/2670 2666/2666/2666 2665/2665/2665
f 2664/2664/2664 2671/2671/2671 2672/2672/2672
f 2672/2672/2672 2661/2661/2661 2664/2664/2664
f 2672/2672/2672 2673/2673/2673 2661/2661/2661
f 2672/2672/2672 2671/2671/2671 2674/2674/2674
f 2675/2675/2675 2662/2662/2662 2661/2661/2661
f 2661/2661/2661 2673/2673/2673 2675/2675/2675
f 2666/2666/2666 2670/2670/2670 2676/2676/2676
f 2676/2676/2676 2668/2668/2668 2666/2666/2666
f 2664/2664/2664 2668/2668/2668 2677/2677/2677
f 2677/2677/2677 2671/2671/2671 2664/2664/2664
f 2668/2668/2668 2676/2676/2676 2678/2678/2678
f 2678/2678/2678 2677/2677/2677 2668/2668/2668
f 2671/2671/2671 2677/2677/2677 2649/2649/2649
f 2649/2649/2649 2674/2674/2674 2671/2671/2671
f 2677/2677/2677 2678/2678/2678 2650/2650/2650
f 2650/2650/2650 2649/2649/2649 2677/2677/2677
f 2679/2679/2679 2680/2680/2680 2659/2659/2659
f 2659/2659/2659 2672/2672/2672 2679/2679/2679
f 2662/2662/2662 2675/2675/2675 2656/2656/2656
f 2656/2656/2656 2655/2655/2655 2662/2662/2662
f 2673/2673/2673 2657/2657/2657 2656/2656/2656
f 2656/2656/2656 2675/2675/2675 2673/2673/2673
f 2672/2672/2672 2659/2659/2659 2657/2657/2657
f 2657/2657/2657 2673/2673/2673 2672/2672/2672
f 2662/2662/2662 2667/2667/2667 2663/2663/2663
f 2680/2680/2680 2681/2681/2681 2660/2660/2660
f 2660/2660/2660 2659/2659/2659 2680/2680/2680
f 2679/2679/2679 2672/2672/2672 2674/2674/2674
f 2674/2674/2674 2682/2682/2682 2679/2679/2679
f 2674/2674/2674 2649/2649/2649 2652/2652/2652
f 2652/2652/2652 2682/2682/2682 2674/2674/2674
f 2683/2683/2683 2684/2684/2684 2685/2685/2685
f 2685/2685/2685 2686/2686/2686 2683/2683/2683
f 2685/2685/2685 2684/2684/2684 2687/2687/2687
f 2687/2687/2687 2688/2688/2688 2685/2685/2685
f 2688/2688/2688 2687/2687/2687 2681/2681/2681
f 2681/2681/2681 2680/2680/2680 2688/2688/2688
f 2689/2689/2689 2690/2690/2690 2691/2691/2691
f 2691/2691/2691 2692/2692/2692 2689/2689/2689
f 2693/2693/2693 2694/2694/2694 2691/2691/2691
f 2691/2691/2691 2695/2695/2695 2693/2693/2693
f 2695/2695/2695 2691/2691/2691 2690/2690/2690
f 2690/2690/2690 2696/2696/2696 2695/2695/2695
f 2693/2693/2693 2695/2695/2695 2697/2697/2697
f 2697/2697/2697 2698/2698/2698 2693/2693/2693
f 2690/2690/2690 2689/2689/2689 2679/2679/2679
f 2679/2679/2679 2699/2699/2699 2690/2690/2690
f 2679/2679/2679 2689/2689/2689 2700/2700/2700
f 2679/2679/2679 2682/2682/2682 2699/2699/2699
f 2701/2701/2701 2700/2700/2700 2689/2689/2689
f 2689/2689/2689 2692/2692/2692 2701/2701/2701
f 2695/2695/2695 2696/2696/2696 2702/2702/2702
f 2702/2702/2702 2697/2697/2697 2695/2695/2695
f 2690/2690/2690 2699/2699/2699 2703/2703/2703
f 2703/2703/2703 2696/2696/2696 2690/2690/2690
f 2696/2696/2696 2703/2703/2703 2704/2704/2704
f 2704/2704/2704 2702/2702/2702 2696/2696/2696
f 2699/2699/2699 2682/2682/2682 2652/2652/2652
f 2652/2652/2652 2703/2703/2703 2699/2699/2699
f 2703/2703/2703 2652/2652/2652 2651/2651/2651
f 2651/2651/2651 2704/2704/2704 2703/2703/2703
f 2701/2701/2701 2692/2692/2692 2686/2686/2686
f 2686/2686/2686 2685/2685/2685 2701/2701/2701
f 2700/2700/2700 2701/2701/2701 2685/2685/2685
f 2685/2685/2685 2688/2688/2688 2700/2700/2700
f 2679/2679/2679 2700/2700/2700 2688/2688/2688
f 2688/2688/2688 2680/2680/2680 2679/2679/2679
f 2692/2692/2692 2691/2691/2691 2694/2694/2694
f 2705/2705/2705 2706/2706/2706 2707/2707/2707
f 2707/2707/2707 2708/2708/2708 2705/2705/2705
f 2709/2709/2709 2710/2710/2710 2711/2711/2711
f 2711/2711/2711 2712/2712/2712 2709/2709/2709
f 2713/2713/2713 2709/2709/2709 2712/2712/2712
f 2712/2712/2712 2707/2707/2707 2713/2713/2713
f 2714/2714/2714 2715/2715/2715 2716/2716/2716
f 2716/2716/2716 2717/2717/2717 2714/2714/2714
f 2718/2718/2718 2693/2693/2693 2698/2698/2698
f 2698/2698/2698 2719/2719/2719 2718/2718/2718
f 2718/2718/2718 2720/2720/2720 2694/2694/2694
f 2694/2694/2694 2693/2693/2693 2718/2718/2718
f 2721/2721/2721 2722/2722/2722 2683/2683/2683
f 2683/2683/2683 2686/2686/2686 2721/2721/2721
f 2720/2720/2720 2723/2723/2723 2692/2692/2692
f 2692/2692/2692 2694/2694/2694 2720/2720/2720
f 2723/2723/2723 2721/2721/2721 2686/2686/2686
f 2686/2686/2686 2692/2692/2692 2723/2723/2723
f 2713/2713/2713 2707/2707/2707 2706/2706/2706
f 2706/2706/2706 2724/2724/2724 2713/2713/2713
f 2725/2725/2725 2726/2726/2726 2727/2727/2727
f 2727/2727/2727 2728/2728/2728 2725/2725/2725
f 2729/2729/2729 2730/2730/2730 2731/2731/2731
f 2731/2731/2731 2732/2732/2732 2729/2729/2729
f 2731/2731/2731 2730/2730/2730 2733/2733/2733
f 2733/2733/2733 2734/2734/2734 2731/2731/2731
f 2734/2734/2734 2733/2733/2733 2735/2735/2735
f 2735/2735/2735 2736/2736/2736 2734/2734/2734
f 2737/2737/2737 2738/2738/2738 2739/2739/2739
f 2739/2739/2739 2740/2740/2740 2737/2737/2737
f 2741/2741/2741 2742/2742/2742 2739/2739/2739
f 2739/2739/2739 2743/2743/2743 2741/2741/2741
f 2743/2743/2743 2739/2739/2739 2738/2738/2738
f 2738/2738/2738 2744/2744/2744 2743/2743/2743
f 2741/2741/2741 2743/2743/2743 2745/2745/2745
f 2745/2745/2745 2746/2746/2746 2741/2741/2741
f 2738/2738/2738 2737/2737/2737 2747/2747/2747
f 2747/2747/2747 2748/2748/2748 2738/2738/2738
f 2747/2747/2747 2737/2737/2737 2749/2749/2749
f 2747/2747/2747 2750/2750/2750 2748/2748/2748
f 2751/2751/2751 2749/2749/2749 2737/2737/2737
f 2737/2737/2737 2740/2740/2740 2751/2751/2751
f 2743/2743/2743 2744/2744/2744 2752/2752/2752
f 2752/2752/2752 2745/2745/2745 2743/2743/2743
f 2738/2738/2738 2748/2748/2748 2753/2753/2753
f 2753/2753/2753 2744/2744/2744 2738/2738/2738
f 2744/2744/2744 2753/2753/2753 2754/2754/2754
f 2754/2754/2754 2752/2752/2752 2744/2744/2744
f 2748/2748/2748 2750/2750/2750 2727/2727/2727
f 2727/2727/2727 2753/2753/2753 2748/2748/2748
f 2753/2753/2753 2727/2727/2727 2726/2726/2726
f 2726/2726/2726 2754/2754/2754 2753/2753/2753
f 2755/2755/2755 2747/2747/2747 2736/2736/2736
f 2736/2736/2736 2756/2756/2756 2755/2755/2755
f 2751/2751/2751 2740/2740/2740 2732/2732/2732
f 2732/2732/2732 2731/2731/2731 2751/2751/2751
f 2749/2749/2749 2751/2751/2751 2731/2731/2731
f 2731/2731/2731 2734/2734/2734 2749/2749/2749
f 2747/2747/2747 2749/2749/2749 2734/2734/2734
f 2734/2734/2734 2736/2736/2736 2747/2747/2747
f 2740/2740/2740 2739/2739/2739 2742/2742/2742
f 2735/2735/2735 2757/2757/2757 2756/2756/2756
f 2756/2756/2756 2736/2736/2736 2735/2735/2735
f 2750/2750/2750 2747/2747/2747 2755/2755/2755
f 2755/2755/2755 2758/2758/2758 2750/2750/2750
f 2750/2750/2750 2758/2758/2758 2728/2728/2728
f 2728/2728/2728 2727/2727/2727 2750/2750/2750
f 2722/2722/2722 2721/2721/2721 2759/2759/2759
f 2759/2759/2759 2760/2760/2760 2722/2722/2722
f 2759/2759/2759 2761/2761/2761 2762/2762/2762
f 2762/2762/2762 2760/2760/2760 2759/2759/2759
f 2761/2761/2761 2756/2756/2756 2757/2757/2757
f 2757/2757/2757 2762/2762/2762 2761/2761/2761
f 2763/2763/2763 2723/2723/2723 2764/2764/2764
f 2764/2764/2764 2765/2765/2765 2763/2763/2763
f 2718/2718/2718 2766/2766/2766 2764/2764/2764
f 2764/2764/2764 2720/2720/2720 2718/2718/2718
f 2766/2766/2766 2767/2767/2767 2765/2765/2765
f 2765/2765/2765 2764/2764/2764 2766/2766/2766
f 2718/2718/2718 2719/2719/2719 2768/2768/2768
f 2768/2768/2768 2766/2766/2766 2718/2718/2718
f 2765/2765/2765 2769/2769/2769 2755/2755/2755
f 2755/2755/2755 2763/2763/2763 2765/2765/2765
f 2755/2755/2755 2770/2770/2770 2763/2763/2763
f 2755/2755/2755 2769/2769/2769 2758/2758/2758
f 2771/2771/2771 2723/2723/2723 2763/2763/2763
f 2763/2763/2763 2770/2770/2770 2771/2771/2771
f 2766/2766/2766 2768/2768/2768 2772/2772/2772
f 2772/2772/2772 2767/2767/2767 2766/2766/2766
f 2765/2765/2765 2767/2767/2767 2773/2773/2773
f 2773/2773/2773 2769/2769/2769 2765/2765/2765
f 2767/2767/2767 2772/2772/2772 2774/2774/2774
f 2774/2774/2774 2773/2773/2773 2767/2767/2767
f 2769/2769/2769 2773/2773/2773 2728/2728/2728
f 2728/2728/2728 2758/2758/2758 2769/2769/2769
f 2773/2773/2773 2774/2774/2774 2725/2725/2725
f 2725/2725/2725 2728/2728/2728 2773/2773/2773
f 2771/2771/2771 2759/2759/2759 2721/2721/2721
f 2721/2721/2721 2723/2723/2723 2771/2771/2771
f 2770/2770/2770 2761/2761/2761 2759/2759/2759
f 2759/2759/2759 2771/2771/2771 2770/2770/2770
f 2755/2755/2755 2756/2756/2756 2761/2761/2761
f 2761/2761/2761 2770/2770/2770 2755/2755/2755
f 2723/2723/2723 2720/2720/2720 2764/2764/2764
f 2713/2713/2713 2724/2724/2724 2775/2775/2775
f 2775/2775/2775 2776/2776/2776 2713/2713/2713
f 2741/2741/2741 2746/2746/2746 2669/2669/2669
f 2669/2669/2669 2665/2665/2665 2741/2741/2741
f 2742/2742/2742 2741/2741/2741 2665/2665/2665
f 2665/2665/2665 2667/2667/2667 2742/2742/2742
f 2729/2729/2729 2732/2732/2732 2655/2655/2655
f 2655/2655/2655 2654/2654/2654 2729/2729/2729
f 2740/2740/2740 2742/2742/2742 2667/2667/2667
f 2667/2667/2667 2662/2662/2662 2740/2740/2740
f 2732/2732/2732 2740/2740/2740 2662/2662/2662
f 2662/2662/2662 2655/2655/2655 2732/2732/2732
f 2715/2715/2715 2724/2724/2724 2706/2706/2706
f 2706/2706/2706 2716/2716/2716 2715/2715/2715
f 2712/2712/2712 2711/2711/2711 2777/2777/2777
f 2777/2777/2777 2778/2778/2778 2712/2712/2712
f 2707/2707/2707 2712/2712/2712 2778/2778/2778
f 2778/2778/2778 2779/2779/2779 2707/2707/2707
f 2708/2708/2708 2707/2707/2707 2779/2779/2779
f 2779/2779/2779 2780/2780/2780 2708/2708/2708
f 2705/2705/2705 2708/2708/2708 2780/2780/2780
f 2780/2780/2780 2781/2781/2781 2705/2705/2705
f 2706/2706/2706 2705/2705/2705 2781/2781/2781
f 2781/2781/2781 2782/2782/2782 2706/2706/2706
f 2716/2716/2716 2706/2706/2706 2782/2782/2782
f 2782/2782/2782 2783/2783/2783 2716/2716/2716
f 2717/2717/2717 2716/2716/2716 2783/2783/2783
f 2783/2783/2783 2784/2784/2784 2717/2717/2717
f 2714/2714/2714 2717/2717/2717 2784/2784/2784
f 2784/2784/2784 2785/2785/2785 2714/2714/2714
f 2715/2715/2715 2714/2714/2714 2785/2785/2785
f 2785/2785/2785 2786/2786/2786 2715/2715/2715
f 2724/2724/2724 2715/2715/2715 2786/2786/2786
f 2786/2786/2786 2787/2787/2787 2724/2724/2724
f 2775/2775/2775 2724/2724/2724 2787/2787/2787
f 2787/2787/2787 2788/2788/2788 2775/2775/2775
f 2776/2776/2776 2775/2775/2775 2788/2788/2788
f 2788/2788/2788 2789/2789/2789 2776/2776/2776
f 2713/2713/2713 2776/2776/2776 2789/2789/2789
f 2789/2789/2789 2790/2790/2790 2713/2713/2713
f 2709/2709/2709 2713/2713/2713 2790/2790/2790
f 2790/2790/2790 2791/2791/2791 2709/2709/2709
f 2710/2710/2710 2709/2709/2709 2791/2791/2791
f 2791/2791/2791 2792/2792/2792 2710/2710/2710
f 2711/2711/2711 2710/2710/2710 2792/2792/2792
f 2792/2792/2792 2777/2777/2777 2711/2711/2711
f 2793/2793/2793 2794/2794/2794 2795/2795/2795
f 2795/2795/2795 2796/2796/2796 2793/2793/2793
f 2797/2797/2797 2798/2798/2798 2799/2799/2799
f 2799/2799/2799 2800/2800/2800 2797/2797/2797
f 2798/2798/2798 2797/2797/2797 2801/2801/2801
f 2801/2801/2801 2802/2802/2802 2798/2798/2798
f 2802/2802/2802 2801/2801/2801 2803/2803/2803
f 2803/2803/2803 2804/2804/2804 2802/2802/2802
f 2805/2805/2805 2806/2806/2806 2807/2807/2807
f 2807/2807/2807 2808/2808/2808 2805/2805/2805
f 2809/2809/2809 2810/2810/2810 2807/2807/2807
f 2807/2807/2807 2811/2811/2811 2809/2809/2809
f 2811/2811/2811 2807/2807/2807 2806/2806/2806
f 2806/2806/2806 2812/2812/2812 2811/2811/2811
f 2809/2809/2809 2811/2811/2811 2813/2813/2813
f 2813/2813/2813 2814/2814/2814 2809/2809/2809
f 2806/2806/2806 2805/2805/2805 2815/2815/2815
f 2815/2815/2815 2816/2816/2816 2806/2806/2806
f 2815/2815/2815 2805/2805/2805 2817/2817/2817
f 2815/2815/2815 2818/2818/2818 2816/2816/2816
f 2819/2819/2819 2817/2817/2817 2805/2805/2805
f 2805/2805/2805 2808/2808/2808 2819/2819/2819
f 2811/2811/2811 2812/2812/2812 2820/2820/2820
f 2820/2820/2820 2813/2813/2813 2811/2811/2811
f 2806/2806/2806 2816/2816/2816 2821/2821/2821
f 2821/2821/2821 2812/2812/2812 2806/2806/2806
f 2812/2812/2812 2821/2821/2821 2822/2822/2822
f 2822/2822/2822 2820/2820/2820 2812/2812/2812
f 2816/2816/2816 2818/2818/2818 2793/2793/2793
f 2793/2793/2793 2821/2821/2821 2816/2816/2816
f 2821/2821/2821 2793/2793/2793 2796/2796/2796
f 2796/2796/2796 2822/2822/2822 2821/2821/2821
f 2823/2823/2823 2815/2815/2815 2804/2804/2804
f 2804/2804/2804 2824/2824/2824 2823/2823/2823
f 2808/2808/2808 2799/2799/2799 2798/2798/2798
f 2798/2798/2798 2819/2819/2819 2808/2808/2808
f 2817/2817/2817 2819/2819/2819 2798/2798/2798
f 2798/2798/2798 2802/2802/2802 2817/2817/2817
f 2815/2815/2815 2817/2817/2817 2802/2802/2802
f 2802/2802/2802 2804/2804/2804 2815/2815/2815
f 2808/2808/2808 2807/2807/2807 2810/2810/2810
f 2824/2824/2824 2804/2804/2804 2803/2803/2803
f 2803/2803/2803 2825/2825/2825 2824/2824/2824
f 2823/2823/2823 2826/2826/2826 2818/2818/2818
f 2818/2818/2818 2815/2815/2815 2823/2823/2823
f 2818/2818/2818 2826/2826/2826 2794/2794/2794
f 2794/2794/2794 2793/2793/2793 2818/2818/2818
f 2827/2827/2827 2828/2828/2828 2829/2829/2829
f 2829/2829/2829 2830/2830/2830 2827/2827/2827
f 2829/2829/2829 2831/2831/2831 2832/2832/2832
f 2832/2832/2832 2830/2830/2830 2829/2829/2829
f 2831/2831/2831 2824/2824/2824 2825/2825/2825
f 2825/2825/2825 2832/2832/2832 2831/2831/2831
f 2833/2833/2833 2834/2834/2834 2835/2835/2835
f 2835/2835/2835 2836/2836/2836 2833/2833/2833
f 2837/2837/2837 2838/2838/2838 2835/2835/2835
f 2835/2835/2835 2839/2839/2839 2837/2837/2837
f 2838/2838/2838 2840/2840/2840 2836/2836/2836
f 2836/2836/2836 2835/2835/2835 2838/2838/2838
f 2837/2837/2837 2841/2841/2841 2842/2842/2842
f 2842/2842/2842 2838/2838/2838 2837/2837/2837
f 2836/2836/2836 2843/2843/2843 2823/2823/2823
f 2823/2823/2823 2833/2833/2833 2836/2836/2836
f 2823/2823/2823 2844/2844/2844 2833/2833/2833
f 2823/2823/2823 2843/2843/2843 2826/2826/2826
f 2845/2845/2845 2834/2834/2834 2833/2833/2833
f 2833/2833/2833 2844/2844/2844 2845/2845/2845
f 2838/2838/2838 2842/2842/2842 2846/2846/2846
f 2846/2846/2846 2840/2840/2840 2838/2838/2838
f 2836/2836/2836 2840/2840/2840 2847/2847/2847
f 2847/2847/2847 2843/2843/2843 2836/2836/2836
f 2840/2840/2840 2846/2846/2846 2848/2848/2848
f 2848/2848/2848 2847/2847/2847 2840/2840/2840
f 2843/2843/2843 2847/2847/2847 2794/2794/2794
f 2794/2794/2794 2826/2826/2826 2843/2843/2843
f 2847/2847/2847 2848/2848/2848 2795/2795/2795
f 2795/2795/2795 2794/2794/2794 2847/2847/2847
f 2845/2845/2845 2829/2829/2829 2828/2828/2828
f 2828/2828/2828 2834/2834/2834 2845/2845/2845
f 2844/2844/2844 2831/2831/2831 2829/2829/2829
f 2829/2829/2829 2845/2845/2845 2844/2844/2844
f 2823/2823/2823 2824/2824/2824 2831/2831/2831
f 2831/2831/2831 2844/2844/2844 2823/2823/2823
f 2834/2834/2834 2839/2839/2839 2835/2835/2835
f 2849/2849/2849 2850/2850/2850 2851/2851/2851
f 2851/2851/2851 2852/2852/2852 2849/2849/2849
f 2853/2853/2853 2854/2854/2854 2855/2855/2855
f 2855/2855/2855 2856/2856/2856 2853/2853/2853
f 2857/2857/2857 2851/2851/2851 2854/2854/2854
f 2854/2854/2854 2853/2853/2853 2857/2857/2857
f 2858/2858/2858 2859/2859/2859 2860/2860/2860
f 2860/2860/2860 2861/2861/2861 2858/2858/2858
f 2862/2862/2862 2863/2863/2863 2841/2841/2841
f 2841/2841/2841 2837/2837/2837 2862/2862/2862
f 2862/2862/2862 2837/2837/2837 2839/2839/2839
f 2839/2839/2839 2864/2864/2864 2862/2862/2862
f 2865/2865/2865 2828/2828/2828 2827/2827/2827
f 2827/2827/2827 2866/2866/2866 2865/2865/2865
f 2864/2864/2864 2839/2839/2839 2834/2834/2834
f 2834/2834/2834 2867/2867/2867 2864/2864/2864
f 2867/2867/2867 2834/2834/2834 2828/2828/2828
f 2828/2828/2828 2865/2865/2865 2867/2867/2867
f 2857/2857/2857 2868/2868/2868 2852/2852/2852
f 2852/2852/2852 2851/2851/2851 2857/2857/2857
f 2869/2869/2869 2870/2870/2870 2871/2871/2871
f 2871/2871/2871 2872/2872/2872 2869/2869/2869
f 2873/2873/2873 2874/2874/2874 2875/2875/2875
f 2875/2875/2875 2876/2876/2876 2873/2873/2873
f 2875/2875/2875 2877/2877/2877 2878/2878/2878
f 2878/2878/2878 2876/2876/2876 2875/2875/2875
f 2877/2877/2877 2879/2879/2879 2880/2880/2880
f 2880/2880/2880 2878/2878/2878 2877/2877/2877
f 2881/2881/2881 2882/2882/2882 2883/2883/2883
f 2883/2883/2883 2884/2884/2884 2881/2881/2881
f 2885/2885/2885 2886/2886/2886 2883/2883/2883
f 2883/2883/2883 2887/2887/2887 2885/2885/2885
f 2886/2886/2886 2888/2888/2888 2884/2884/2884
f 2884/2884/2884 2883/2883/2883 2886/2886/2886
f 2885/2885/2885 2889/2889/2889 2890/2890/2890
f 2890/2890/2890 2886/2886/2886 2885/2885/2885
f 2884/2884/2884 2891/2891/2891 2892/2892/2892
f 2892/2892/2892 2881/2881/2881 2884/2884/2884
f 2892/2892/2892 2893/2893/2893 2881/2881/2881
f 2892/2892/2892 2891/2891/2891 2894/2894/2894
f 2895/2895/2895 2882/2882/2882 2881/2881/2881
f 2881/2881/2881 2893/2893/2893 2895/2895/2895
f 2886/2886/2886 2890/2890/2890 2896/2896/2896
f 2896/2896/2896 2888/2888/2888 2886/2886/2886
f 2884/2884/2884 2888/2888/2888 2897/2897/2897
f 2897/2897/2897 2891/2891/2891 2884/2884/2884
f 2888/2888/2888 2896/2896/2896 2898/2898/2898
f 2898/2898/2898 2897/2897/2897 2888/2888/2888
f 2891/2891/2891 2897/2897/2897 2871/2871/2871
f 2871/2871/2871 2894/2894/2894 2891/2891/2891
f 2897/2897/2897 2898/2898/2898 2872/2872/2872
f 2872/2872/2872 2871/2871/2871 2897/2897/2897
f 2899/2899/2899 2900/2900/2900 2879/2879/2879
f 2879/2879/2879 2892/2892/2892 2899/2899/2899
f 2895/2895/2895 2875/2875/2875 2874/2874/2874
f 2874/2874/2874 2882/2882/2882 2895/2895/2895
f 2893/2893/2893 2877/2877/2877 2875/2875/2875
f 2875/2875/2875 2895/2895/2895 2893/2893/2893
f 2892/2892/2892 2879/2879/2879 2877/2877/2877
f 2877/2877/2877 2893/2893/2893 2892/2892/2892
f 2882/2882/2882 2887/2887/2887 2883/2883/2883
f 2880/2880/2880 2879/2879/2879 2900/2900/2900
f 2900/2900/2900 2901/2901/2901 2880/2880/2880
f 2894/2894/2894 2902/2902/2902 2899/2899/2899
f 2899/2899/2899 2892/2892/2892 2894/2894/2894
f 2894/2894/2894 2871/2871/2871 2870/2870/2870
f 2870/2870/2870 2902/2902/2902 2894/2894/2894
f 2866/2866/2866 2903/2903/2903 2904/2904/2904
f 2904/2904/2904 2865/2865/2865 2866/2866/2866
f 2904/2904/2904 2903/2903/2903 2905/2905/2905
f 2905/2905/2905 2906/2906/2906 2904/2904/2904
f 2906/2906/2906 2905/2905/2905 2901/2901/2901
f 2901/2901/2901 2900/2900/2900 2906/2906/2906
f 2907/2907/2907 2908/2908/2908 2909/2909/2909
f 2909/2909/2909 2867/2867/2867 2907/2907/2907
f 2862/2862/2862 2864/2864/2864 2909/2909/2909
f 2909/2909/2909 2910/2910/2910 2862/2862/2862
f 2910/2910/2910 2909/2909/2909 2908/2908/2908
f 2908/2908/2908 2911/2911/2911 2910/2910/2910
f 2862/2862/2862 2910/2910/2910 2912/2912/2912
f 2912/2912/2912 2863/2863/2863 2862/2862/2862
f 2908/2908/2908 2907/2907/2907 2899/2899/2899
f 2899/2899/2899 2913/2913/2913 2908/2908/2908
f 2899/2899/2899 2907/2907/2907 2914/2914/2914
f 2899/2899/2899 2902/2902/2902 2913/2913/2913
f 2915/2915/2915 2914/2914/2914 2907/2907/2907
f 2907/2907/2907 2867/2867/2867 2915/2915/2915
f 2910/2910/2910 2911/2911/2911 2916/2916/2916
f 2916/2916/2916 2912/2912/2912 2910/2910/2910
f 2908/2908/2908 2913/2913/2913 2917/2917/2917
f 2917/2917/2917 2911/2911/2911 2908/2908/2908
f 2911/2911/2911 2917/2917/2917 2918/2918/2918
f 2918/2918/2918 2916/2916/2916 2911/2911/2911
f 2913/2913/2913 2902/2902/2902 2870/2870/2870
f 2870/2870/2870 2917/2917/2917 2913/2913/2913
f 2917/2917/2917 2870/2870/2870 2869/2869/2869
f 2869/2869/2869 2918/2918/2918 2917/2917/2917
f 2915/2915/2915 2867/2867/2867 2865/2865/2865
f 2865/2865/2865 2904/2904/2904 2915/2915/2915
f 2914/2914/2914 2915/2915/2915 2904/2904/2904
f 2904/2904/2904 2906/2906/2906 2914/2914/2914
f 2899/2899/2899 2914/2914/2914 2906/2906/2906
f 2906/2906/2906 2900/2900/2900 2899/2899/2899
f 2867/2867/2867 2909/2909/2909 2864/2864/2864
f 2857/2857/2857 2919/2919/2919 2920/2920/2920
f 2920/2920/2920 2868/2868/2868 2857/2857/2857
f 2885/2885/2885 2809/2809/2809 2814/2814/2814
f 2814/2814/2814 2889/2889/2889 2885/2885/2885
f 2887/2887/2887 2810/2810/2810 2809/2809/2809
f 2809/2809/2809 2885/2885/2885 2887/2887/2887
f 2873/2873/2873 2800/2800/2800 2799/2799/2799
f 2799/2799/2799 2874/2874/2874 2873/2873/2873
f 2882/2882/2882 2808/2808/2808 2810/2810/2810
f 2810/2810/2810 2887/2887/2887 2882/2882/2882
f 2874/2874/2874 2799/2799/2799 2808/2808/2808
f 2808/2808/2808 2882/2882/2882 2874/2874/2874
f 2861/2861/2861 2860/2860/2860 2852/2852/2852
f 2852/2852/2852 2868/2868/2868 2861/2861/2861
f 2854/2854/2854 2921/2921/2921 2922/2922/2922
f 2922/2922/2922 2855/2855/2855 2854/2854/2854
f 2851/2851/2851 2923/2923/2923 2921/2921/2921
f 2921/2921/2921 2854/2854/2854 2851/2851/2851
f 2850/2850/2850 2924/2924/2924 2923/2923/2923
f 2923/2923/2923 2851/2851/2851 2850/2850/2850
f 2849/2849/2849 2925/2925/2925 2924/2924/2924
f 2924/2924/2924 2850/2850/2850 2849/2849/2849
f 2852/2852/2852 2926/2926/2926 2925/2925/2925
f 2925/2925/2925 2849/2849/2849 2852/2852/2852
f 2860/2860/2860 2927/2927/2927 2926/2926/2926
f 2926/2926/2926 2852/2852/2852 2860/2860/2860
f 2859/2859/2859 2928/2928/2928 2927/2927/2927
f 2927/2927/2927 2860/2860/2860 2859/2859/2859
f 2858/2858/2858 2929/2929/2929 2928/2928/2928
f 2928/2928/2928 2859/2859/2859 2858/2858/2858
f 2861/2861/2861 2930/2930/2930 2929/2929/2929
f 2929/2929/2929 2858/2858/2858 2861/2861/2861
f 2868/2868/2868 2931/2931/2931 2930/2930/2930
f 2930/2930/2930 2861/2861/2861 2868/2868/2868
f 2920/2920/2920 2932/2932/2932 2931/2931/2931
f 2931/2931/2931 2868/2868/2868 2920/2920/2920
f 2919/2919/2919 2933/2933/2933 2932/2932/2932
f 2932/2932/2932 2920/2920/2920 2919/2919/2919
f 2857/2857/2857 2934/2934/2934 2933/2933/2933
f 2933/2933/2933 2919/2919/2919 2857/2857/2857
f 2853/2853/2853 2935/2935/2935 2934/2934/2934
f 2934/2934/2934 2857/2857/2857 2853/2853/2853
f 2856/2856/2856 2936/2936/2936 2935/2935/2935
f 2935/2935/2935 2853/2853/2853 2856/2856/2856
f 2855/2855/2855 2922/2922/2922 2936/2936/2936
f 2936/2936/2936 2856/2856/2856 2855/2855/2855
f 2937/2937/2937 2938/2938/2938 2939/2939/2939
f 2939/2939/2939 2940/2940/2940 2937/2937/2937
f 2941/2941/2941 2942/2942/2942 2943/2943/2943
f 2943/2943/2943 2944/2944/2944 2941/2941/2941
f 2942/2942/2942 2941/2941/2941 2945/2945/2945
f 2945/2945/2945 2946/2946/2946 2942/2942/2942
f 2946/2946/2946 2945/2945/2945 2947/2947/2947
f 2947/2947/2947 2948/2948/2948 2946/2946/2946
f 2949/2949/2949 2950/2950/2950 2951/2951/2951
f 2951/2951/2951 2952/2952/2952 2949/2949/2949
f 2953/2953/2953 2954/2954/2954 2951/2951/2951
f 2951/2951/2951 2955/2955/2955 2953/2953/2953
f 2955/2955/2955 2951/2951/2951 2950/2950/2950
f 2950/2950/2950 2956/2956/2956 2955/2955/2955
f 2953/2953/2953 2955/2955/2955 2957/2957/2957
f 2957/2957/2957 2958/2958/2958 2953/2953/2953
f 2950/2950/2950 2949/2949/2949 2959/2959/2959
f 2959/2959/2959 2960/2960/2960 2950/2950/2950
f 2959/2959/2959 2949/2949/2949 2961/2961/2961
f 2959/2959/2959 2962/2962/2962 2960/2960/2960
f 2963/2963/2963 2961/2961/2961 2949/2949/2949
f 2949/2949/2949 2952/2952/2952 2963/2963/2963
f 2955/2955/2955 2956/2956/2956 2964/2964/2964
f 2964/2964/2964 2957/2957/2957 2955/2955/2955
f 2950/2950/2950 2960/2960/2960 2965/2965/2965
f 2965/2965/2965 2956/2956/2956 2950/2950/2950
f 2956/2956/2956 2965/2965/2965 2966/2966/2966
f 2966/2966/2966 2964/2964/2964 2956/2956/2956
f 2960/2960/2960 2962/2962/2962 2937/2937/2937
f 2937/2937/2937 2965/2965/2965 2960/2960/2960
f 2965/2965/2965 2937/2937/2937 2940/2940/2940
f 2940/2940/2940 2966/2966/2966 2965/2965/2965
f 2967/2967/2967 2959/2959/2959 2948/2948/2948
f 2948/2948/2948 2968/2968/2968 2967/2967/2967
f 2952/2952/2952 2943/2943/2943 2942/2942/2942
f 2942/2942/2942 2963/2963/2963 2952/2952/2952
f 2961/2961/2961 2963/2963/2963 2942/2942/2942
f 2942/2942/2942 2946/2946/2946 2961/2961/2961
f 2959/2959/2959 2961/2961/2961 2946/2946/2946
f 2946/2946/2946 2948/2948/2948 2959/2959/2959
f 2952/2952/2952 2951/2951/2951 2954/2954/2954
f 2968/2968/2968 2948/2948/2948 2947/2947/2947
f 2947/2947/2947 2969/2969/2969 2968/2968/2968
f 2967/2967/2967 2970/2970/2970 2962/2962/2962
f 2962/2962/2962 2959/2959/2959 2967/2967/2967
f 2962/2962/2962 2970/2970/2970 2938/2938/2938
f 2938/2938/2938 2937/2937/2937 2962/2962/2962
f 2971/2971/2971 2972/2972/2972 2973/2973/2973
f 2973/2973/2973 2974/2974/2974 2971/2971/2971
f 2973/2973/2973 2975/2975/2975 2976/2976/2976
f 2976/2976/2976 2974/2974/2974 2973/2973/2973
f 2975/2975/2975 2968/2968/2968 2969/2969/2969
f 2969/2969/2969 2976/2976/2976 2975/2975/2975
f 2977/2977/2977 2978/2978/2978 2979/2979/2979
f 2979/2979/2979 2980/2980/2980 2977/2977/2977
f 2981/2981/2981 2982/2982/2982 2979/2979/2979
f 2979/2979/2979 2983/2983/2983 2981/2981/2981
f 2982/2982/2982 2984/2984/2984 2980/2980/2980
f 2980/2980/2980 2979/2979/2979 2982/2982/2982
f 2981/2981/2981 2985/2985/2985 2986/2986/2986
f 2986/2986/2986 2982/2982/2982 2981/2981/2981
f 2980/2980/2980 2987/2987/2987 2967/2967/2967
f 2967/2967/2967 2977/2977/2977 2980/2980/2980
f 2967/2967/2967 2988/2988/2988 2977/2977/2977
f 2967/2967/2967 2987/2987/2987 2970/2970/2970
f 2989/2989/2989 2978/2978/2978 2977/2977/2977
f 2977/2977/2977 2988/2988/2988 2989/2989/2989
f 2982/2982/2982 2986/2986/2986 2990/2990/2990
f 2990/2990/2990 2984/2984/2984 2982/2982/2982
f 2980/2980/2980 2984/2984/2984 2991/2991/2991
f 2991/2991/2991 2987/2987/2987 2980/2980/2980
f 2984/2984/2984 2990/2990/2990 2992/2992/2992
f 2992/2992/2992 2991/2991/2991 2984/2984/2984
f 2987/2987/2987 2991/2991/2991 2938/2938/2938
f 2938/2938/2938 2970/2970/2970 2987/2987/2987
f 2991/2991/2991 2992/2992/2992 2939/2939/2939
f 2939/2939/2939 2938/2938/2938 2991/2991/2991
f 2989/2989/2989 2973/2973/2973 2972/2972/2972
f 2972/2972/2972 2978/2978/2978 2989/2989/2989
f 2988/2988/2988 2975/2975/2975 2973/2973/2973
f 2973/2973/2973 2989/2989/2989 2988/2988/2988
f 2967/2967/2967 2968/2968/2968 2975/2975/2975
f 2975/2975/2975 2988/2988/2988 2967/2967/2967
f 2978/2978/2978 2983/2983/2983 2979/2979/2979
f 2993/2993/2993 2994/2994/2994 2995/2995/2995
f 2995/2995/2995 2996/2996/2996 2993/2993/2993
f 2997/2997/2997 2998/2998/2998 2999/2999/2999
f 2999/2999/2999 3000/3000/3000 2997/2997/2997
f 3001/3001/3001 2995/2995/2995 2998/2998/2998
f 2998/2998/2998 2997/2997/2997 3001/3001/3001
f 3002/3002/3002 3003/3003/3003 3004/3004/3004
f 3004/3004/3004 3005/3005/3005 3002/3002/3002
f 3006/3006/3006 3007/3007/3007 2985/2985/2985
f 2985/2985/2985 2981/2981/2981 3006/3006/3006
f 3006/3006/3006 2981/2981/2981 2983/2983/2983
f 2983/2983/2983 3008/3008/3008 3006/3006/3006
f 3009/3009/3009 2972/2972/2972 2971/2971/2971
f 2971/2971/2971 3010/3010/3010 3009/3009/3009
f 3008/3008/3008 2983/2983/2983 2978/2978/2978
f 2978/2978/2978 3011/3011/3011 3008/3008/3008
f 3011/3011/3011 2978/2978/2978 2972/2972/2972
f 2972/2972/2972 3009/3009/3009 3011/3011/3011
f 3001/3001/3001 3012/3012/3012 2996/2996/2996
f 2996/2996/2996 2995/2995/2995 3001/3001/3001
f 3013/3013/3013 3014/3014/3014 3015/3015/3015
f 3015/3015/3015 3016/3016/3016 3013/3013/3013
f 3017/3017/3017 3018/3018/3018 3019/3019/3019
f 3019/3019/3019 3020/3020/3020 3017/3017/3017
f 3019/3019/3019 3021/3021/3021 3022/3022/3022
f 3022/3022/3022 3020/3020/3020 3019/3019/3019
f 3021/3021/3021 3023/3023/3023 3024/3024/3024
f 3024/3024/3024 3022/3022/3022 3021/3021/3021
f 3025/3025/3025 3026/3026/3026 3027/3027/3027
f 3027/3027/3027 3028/3028/3028 3025/3025/3025
f 3029/3029/3029 3030/3030/3030 3027/3027/3027
f 3027/3027/3027 3031/3031/3031 3029/3029/3029
f 3030/3030/3030 3032/3032/3032 3028/3028/3028
f 3028/3028/3028 3027/3027/3027 3030/3030/3030
f 3029/3029/3029 3033/3033/3033 3034/3034/3034
f 3034/3034/3034 3030/3030/3030 3029/3029/3029
f 3028/3028/3028 3035/3035/3035 3036/3036/3036
f 3036/3036/3036 3025/3025/3025 3028/3028/3028
f 3036/3036/3036 3037/3037/3037 3025/3025/3025
f 3036/3036/3036 3035/3035/3035 3038/3038/3038
f 3039/3039/3039 3026/3026/3026 3025/3025/3025
f 3025/3025/3025 3037/3037/3037 3039/3039/3039
f 3030/3030/3030 3034/3034/3034 3040/3040/3040
f 3040/3040/3040 3032/3032/3032 3030/3030/3030
f 3028/3028/3028 3032/3032/3032 3041/3041/3041
f 3041/3041/3041 3035/3035/3035 3028/3028/3028
f 3032/3032/3032 3040/3040/3040 3042/3042/3042
f 3042/3042/3042 3041/3041/3041 3032/3032/3032
f 3035/3035/3035 3041/3041/3041 3015/3015/3015
f 3015/3015/3015 3038/3038/3038 3035/3035/3035
f 3041/3041/3041 3042/3042/3042 3016/3016/3016
f 3016/3016/3016 3015/3015/3015 3041/3041/3041
f 3043/3043/3043 3044/3044/3044 3023/3023/3023
f 3023/3023/3023 3036/3036/3036 3043/3043/3043
f 3039/3039/3039 3019/3019/3019 3018/3018/3018
f 3018/3018/3018 3026/3026/3026 3039/3039/3039
f 3037/3037/3037 3021/3021/3021 3019/3019/3019
f 3019/3019/3019 3039/3039/3039 3037/3037/3037
f 3036/3036/3036 3023/3023/3023 3021/3021/3021
f 3021/3021/3021 3037/3037/3037 3036/3036/3036
f 3026/3026/3026 3031/3031/3031 3027/3027/3027
f 3024/3024/3024 3023/3023/3023 3044/3044/3044
f 3044/3044/3044 3045/3045/3045 3024/3024/3024
f 3038/3038/3038 3046/3046/3046 3043/3043/3043
f 3043/3043/3043 3036/3036/3036 3038/3038/3038
f 3038/3038/3038 3015/3015/3015 3014/3014/3014
f 3014/3014/3014 3046/3046/3046 3038/3038/3038
f 3010/3010/3010 3047/3047/3047 3048/3048/3048
f 3048/3048/3048 3009/3009/3009 3010/3010/3010
f 3048/3048/3048 3047/3047/3047 3049/3049/3049
f 3049/3049/3049 3050/3050/3050 3048/3048/3048
f 3050/3050/3050 3049/3049/3049 3045/3045/3045
f 3045/3045/3045 3044/3044/3044 3050/3050/3050
f 3051/3051/3051 3052/3052/3052 3053/3053/3053
f 3053/3053/3053 3011/3011/3011 3051/3051/3051
f 3006/3006/3006 3008/3008/3008 3053/3053/3053
f 3053/3053/3053 3054/3054/3054 3006/3006/3006
f 3054/3054/3054 3053/3053/3053 3052/3052/3052
f 3052/3052/3052 3055/3055/3055 3054/3054/3054
f 3006/3006/3006 3054/3054/3054 3056/3056/3056
f 3056/3056/3056 3007/3007/3007 3006/3006/3006
f 3052/3052/3052 3051/3051/3051 3043/3043/3043
f 3043/3043/3043 3057/3057/3057 3052/3052/3052
f 3043/3043/3043 3051/3051/3051 3058/3058/3058
f 3043/3043/3043 3046/3046/3046 3057/3057/3057
f 3059/3059/3059 3058/3058/3058 3051/3051/3051
f 3051/3051/3051 3011/3011/3011 3059/3059/3059
f 3054/3054/3054 3055/3055/3055 3060/3060/3060
f 3060/3060/3060 3056/3056/3056 3054/3054/3054
f 3052/3052/3052 3057/3057/3057 3061/3061/3061
f 3061/3061/3061 3055/3055/3055 3052/3052/3052
f 3055/3055/3055 3061/3061/3061 3062/3062/3062
f 3062/3062/3062 3060/3060/3060 3055/3055/3055
f 3057/3057/3057 3046/3046/3046 3014/3014/3014
f 3014/3014/3014 3061/3061/3061 3057/3057/3057
f 3061/3061/3061 3014/3014/3014 3013/3013/3013
f 3013/3013/3013 3062/3062/3062 3061/3061/3061
f 3059/3059/3059 3011/3011/3011 3009/3009/3009
f 3009/3009/3009 3048/3048/3048 3059/3059/3059
f 3058/3058/3058 3059/3059/3059 3048/3048/3048
f 3048/3048/3048 3050/3050/3050 3058/3058/3058
f 3043/3043/3043 3058/3058/3058 3050/3050/3050
f 3050/3050/3050 3044/3044/3044 3043/3043/3043
f 3011/3011/3011 3053/3053/3053 3008/3008/3008
f 3001/3001/3001 3063/3063/3063 3064/3064/3064
f 3064/3064/3064 3012/3012/3012 3001/3001/3001
f 3029/3029/3029 2953/2953/2953 2958/2958/2958
f 2958/2958/2958 3033/3033/3033 3029/3029/3029
f 3031/3031/3031 2954/2954/2954 2953/2953/2953
f 2953/2953/2953 3029/3029/3029 3031/3031/3031
f 3017/3017/3017 2944/2944/2944 2943/2943/2943
f 2943/2943/2943 3018/3018/3018 3017/3017/3017
f 3026/3026/3026 2952/2952/2952 2954/2954/2954
f 2954/2954/2954 3031/3031/3031 3026/3026/3026
f 3018/3018/3018 2943/2943/2943 2952/2952/2952
f 2952/2952/2952 3026/3026/3026 3018/3018/3018
f 3005/3005/3005 3004/3004/3004 2996/2996/2996
f 2996/2996/2996 3012/3012/3012 3005/3005/3005
f 2998/2998/2998 3065/3065/3065 3066/3066/3066
f 3066/3066/3066 2999/2999/2999 2998/2998/2998
f 2995/2995/2995 3067/3067/3067 3065/3065/3065
f 3065/3065/3065 2998/2998/2998 2995/2995/2995
f 2994/2994/2994 3068/3068/3068 3067/3067/3067
f 3067/3067/3067 2995/2995/2995 2994/2994/2994
f 2993/2993/2993 3069/3069/3069 3068/3068/3068
f 3068/3068/3068 2994/2994/2994 2993/2993/2993
f 2996/2996/2996 3070/3070/3070 3069/3069/3069
f 3069/3069/3069 2993/2993/2993 2996/2996/2996
f 3004/3004/3004 3071/3071/3071 3070/3070/3070
f 3070/3070/3070 2996/2996/2996 3004/3004/3004
f 3003/3003/3003 3072/3072/3072 3071/3071/3071
f 3071/3071/3071 3004/3004/3004 3003/3003/3003
f 3002/3002/3002 3073/3073/3073 3072/3072/3072
f 3072/3072/3072 3003/3003/3003 3002/3002/3002
f 3005/3005/3005 3074/3074/3074 3073/3073/3073
f 3073/3073/3073 3002/3002/3002 3005/3005/3005
f 3012/3012/3012 3075/3075/3075 3074/3074/3074
f 3074/3074/3074 3005/3005/3005 3012/3012/3012
f 3064/3064/3064 3076/3076/3076 3075/3075/3075
f 3075/3075/3075 3012/3012/3012 3064/3064/3064
f 3063/3063/3063 3077/3077/3077 3076/3076/3076
f 3076/3076/3076 3064/3064/3064 3063/3063/3063
f 3001/3001/3001 3078/3078/3078 3077/3077/3077
f 3077/3077/3077 3063/3063/3063 3001/3001/3001
f 2997/2997/2997 3079/3079/3079 3078/3078/3078
f 3078/3078/3078 3001/3001/3001 2997/2997/2997
f 3000/3000/3000 3080/3080/3080 3079/3079/3079
f 3079/3079/3079 2997/2997/2997 3000/3000/3000
f 2999/2999/2999 3066/3066/3066 3080/3080/3080
f 3080/3080/3080 3000/3000/3000 2999/2999/2999
f 3081/3081/3081 3082/3082/3082 3083/3083/3083
f 3083/3083/3083 3084/3084/3084 3081/3081/3081
f 3085/3085/3085 3086/3086/3086 3087/3087/3087
f 3087/3087/3087 3088/3088/3088 3085/3085/3085
f 3086/3086/3086 3085/3085/3085 3089/3089/3089
f 3089/3089/3089 3090/3090/3090 3086/3086/3086
f 3090/3090/3090 3089/3089/3089 3091/3091/3091
f 3091/3091/3091 3092/3092/3092 3090/3090/3090
f 3093/3093/3093 3094/3094/3094 3095/3095/3095
f 3095/3095/3095 3096/3096/3096 3093/3093/3093
f 3097/3097/3097 3098/3098/3098 3095/3095/3095
f 3095/3095/3095 3099/3099/3099 3097/3097/3097
f 3099/3099/3099 3095/3095/3095 3094/3094/3094
f 3094/3094/3094 3100/3100/3100 3099/3099/3099
f 3097/3097/3097 3099/3099/3099 3101/3101/3101
f 3101/3101/3101 3102/3102/3102 3097/3097/3097
f 3094/3094/3094 3093/3093/3093 3103/3103/3103
f 3103/3103/3103 3104/3104/3104 3094/3094/3094
f 3103/3103/3103 3093/3093/3093 3105/3105/3105
f 3103/3103/3103 3106/3106/3106 3104/3104/3104
f 3107/3107/3107 3105/3105/3105 3093/3093/3093
f 3093/3093/3093 3096/3096/3096 3107/3107/3107
f 3099/3099/3099 3100/3100/3100 3108/3108/3108
f 3108/3108/3108 3101/3101/3101 3099/3099/3099
f 3094/3094/3094 3104/3104/3104 3109/3109/3109
f 3109/3109/3109 3100/3100/3100 3094/3094/3094
f 3100/3100/3100 3109/3109/3109 3110/3110/3110
f 3110/3110/3110 3108/3108/3108 3100/3100/3100
f 3104/3104/3104 3106/3106/3106 3081/3081/3081
f 3081/3081/3081 3109/3109/3109 3104/3104/3104
f 3109/3109/3109 3081/3081/3081 3084/3084/3084
f 3084/3084/3084 3110/3110/3110 3109/3109/3109
f 3111/3111/3111 3103/3103/3103 3092/3092/3092
f 3092/3092/3092 3112/3112/3112 3111/3111/3111
f 3096/3096/3096 3087/3087/3087 3086/3086/3086
f 3086/3086/3086 3107/3107/3107 3096/3096/3096
f 3105/3105/3105 3107/3107/3107 3086/3086/3086
f 3086/3086/3086 3090/3090/3090 3105/3105/3105
f 3103/3103/3103 3105/3105/3105 3090/3090/3090
f 3090/3090/3090 3092/3092/3092 3103/3103/3103
f 3096/3096/3096 3095/3095/3095 3098/3098/3098
f 3112/3112/3112 3092/3092/3092 3091/3091/3091
f 3091/3091/3091 3113/3113/3113 3112/3112/3112
f 3111/3111/3111 3114/3114/3114 3106/3106/3106
f 3106/3106/3106 3103/3103/3103 3111/3111/3111
f 3106/3106/3106 3114/3114/3114 3082/3082/3082
f 3082/3082/3082 3081/3081/3081 3106/3106/3106
f 3115/3115/3115 3116/3116/3116 3117/3117/3117
f 3117/3117/3117 3118/3118/3118 3115/3115/3115
f 3117/3117/3117 3119/3119/3119 3120/3120/3120
f 3120/3120/3120 3118/3118/3118 3117/3117/3117
f 3119/3119/3119 3112/3112/3112 3113/3113/3113
f 3113/3113/3113 3120/3120/3120 3119/3119/3119
f 3121/3121/3121 3122/3122/3122 3123/3123/3123
f 3123/3123/3123 3124/3124/3124 3121/3121/3121
f 3125/3125/3125 3126/3126/3126 3123/3123/3123
f 3123/3123/3123 3127/3127/3127 3125/3125/3125
f 3126/3126/3126 3128/3128/3128 3124/3124/3124
f 3124/3124/3124 3123/3123/3123 3126/3126/3126
f 3125/3125/3125 3129/3129/3129 3130/3130/3130
f 3130/3130/3130 3126/3126/3126 3125/3125/3125
f 3124/3124/3124 3131/3131/3131 3111/3111/3111
f 3111/3111/3111 3121/3121/3121 3124/3124/3124
f 3111/3111/3111 3132/3132/3132 3121/3121/3121
f 3111/3111/3111 3131/3131/3131 3114/3114/3114
f 3133/3133/3133 3122/3122/3122 3121/3121/3121
f 3121/3121/3121 3132/3132/3132 3133/3133/3133
f 3126/3126/3126 3130/3130/3130 3134/3134/3134
f 3134/3134/3134 3128/3128/3128 3126/3126/3126
f 3124/3124/3124 3128/3128/3128 3135/3135/3135
f 3135/3135/3135 3131/3131/3131 3124/3124/3124
f 3128/3128/3128 3134/3134/3134 3136/3136/3136
f 3136/3136/3136 3135/3135/3135 3128/3128/3128
f 3131/3131/3131 3135/3135/3135 3082/3082/3082
f 3082/3082/3082 3114/3114/3114 3131/3131/3131
f 3135/3135/3135 3136/3136/3136 3083/3083/3083
f 3083/3083/3083 3082/3082/3082 3135/3135/3135
f 3133/3133/3133 3117/3117/3117 3116/3116/3116
f 3116/3116/3116 3122/3122/3122 3133/3133/3133
f 3132/3132/3132 3119/3119/3119 3117/3117/3117
f 3117/3117/3117 3133/3133/3133 3132/3132/3132
f 3111/3111/3111 3112/3112/3112 3119/3119/3119
f 3119/3119/3119 3132/3132/3132 3111/3111/3111
f 3122/3122/3122 3127/3127/3127 3123/3123/3123
f 3137/3137/3137 3138/3138/3138 3139/3139/3139
f 3139/3139/3139 3140/3140/3140 3137/3137/3137
f 3141/3141/3141 3142/3142/3142 3143/3143/3143
f 3143/3143/3143 3144/3144/3144 3141/3141/3141
f 3145/3145/3145 3139/3139/3139 3142/3142/3142
f 3142/3142/3142 3141/3141/3141 3145/3145/3145
f 3146/3146/3146 3147/3147/3147 3148/3148/3148
f 3148/3148/3148 3149/3149/3149 3146/3146/3146
f 3150/3150/3150 3151/3151/3151 3129/3129/3129
f 3129/3129/3129 3125/3125/3125 3150/3150/3150
f 3150/3150/3150 3125/3125/3125 3127/3127/3127
f 3127/3127/3127 3152/3152/3152 3150/3150/3150
f 3153/3153/3153 3116/3116/3116 3115/3115/3115
f 3115/3115/3115 3154/3154/3154 3153/3153/3153
f 3152/3152/3152 3127/3127/3127 3122/3122/3122
f 3122/3122/3122 3155/3155/3155 3152/3152/3152
f 3155/3155/3155 3122/3122/3122 3116/3116/3116
f 3116/3116/3116 3153/3153/3153 3155/3155/3155
f 3145/3145/3145 3156/3156/3156 3140/3140/3140
f 3140/3140/3140 3139/3139/3139 3145/3145/3145
f 3157/3157/3157 3158/3158/3158 3159/3159/3159
f 3159/3159/3159 3160/3160/3160 3157/3157/3157
f 3161/3161/3161 3162/3162/3162 3163/3163/3163
f 3163/3163/3163 3164/3164/3164 3161/3161/3161
f 3163/3163/3163 3165/3165/3165 3166/3166/3166
f 3166/3166/3166 3164/3164/3164 3163/3163/3163
f 3165/3165/3165 3167/3167/3167 3168/3168/3168
f 3168/3168/3168 3166/3166/3166 3165/3165/3165
f 3169/3169/3169 3170/3170/3170 3171/3171/3171
f 3171/3171/3171 3172/3172/3172 3169/3169/3169
f 3173/3173/3173 3174/3174/3174 3171/3171/3171
f 3171/3171/3171 3175/3175/3175 3173/3173/3173
f 3174/3174/3174 3176/3176/3176 3172/3172/3172
f 3172/3172/3172 3171/3171/3171 3174/3174/3174
f 3173/3173/3173 3177/3177/3177 3178/3178/3178
f 3178/3178/3178 3174/3174/3174 3173/3173/3173
f 3172/3172/3172 3179/3179/3179 3180/3180/3180
f 3180/3180/3180 3169/3169/3169 3172/3172/3172
f 3180/3180/3180 3181/3181/3181 3169/3169/3169
f 3180/3180/3180 3179/3179/3179 3182/3182/3182
f 3183/3183/3183 3170/3170/3170 3169/3169/3169
f 3169/3169/3169 3181/3181/3181 3183/3183/3183
f 3174/3174/3174 3178/3178/3178 3184/3184/3184
f 3184/3184/3184 3176/3176/3176 3174/3174/3174
f 3172/3172/3172 3176/3176/3176 3185/3185/3185
f 3185/3185/3185 3179/3179/3179 3172/3172/3172
f 3176/3176/3176 3184/3184/3184 3186/3186/3186
f 3186/3186/3186 3185/3185/3185 3176/3176/3176
f 3179/3179/3179 3185/3185/3185 3159/3159/3159
f 3159/3159/3159 3182/3182/3182 3179/3179/3179
f 3185/3185/3185 3186/3186/3186 3160/3160/3160
f 3160/3160/3160 3159/3159/3159 3185/3185/3185
f 3187/3187/3187 3188/3188/3188 3167/3167/3167
f 3167/3167/3167 3180/3180/3180 3187/3187/3187
f 3183/3183/3183 3163/3163/3163 3162/3162/3162
f 3162/3162/3162 3170/3170/3170 3183/3183/3183
f 3181/3181/3181 3165/3165/3165 3163/3163/3163
f 3163/3163/3163 3183/3183/3183 3181/3181/3181
f 3180/3180/3180 3167/3167/3167 3165/3165/3165
f 3165/3165/3165 3181/3181/3181 3180/3180/3180
f 3170/3170/3170 3175/3175/3175 3171/3171/3171
f 3168/3168/3168 3167/3167/3167 3188/3188/3188
f 3188/3188/3188 3189/3189/3189 3168/3168/3168
f 3182/3182/3182 3190/3190/3190 3187/3187/3187
f 3187/3187/3187 3180/3180/3180 3182/3182/3182
f 3182/3182/3182 3159/3159/3159 3158/3158/3158
f 3158/3158/3158 3190/3190/3190 3182/3182/3182
f 3154/3154/3154 3191/3191/3191 3192/3192/3192
f 3192/3192/3192 3153/3153/3153 3154/3154/3154
f 3192/3192/3192 3191/3191/3191 3193/3193/3193
f 3193/3193/3193 3194/3194/3194 3192/3192/3192
f 3194/3194/3194 3193/3193/3193 3189/3189/3189
f 3189/3189/3189 3188/3188/3188 3194/3194/3194
f 3195/3195/3195 3196/3196/3196 3197/3197/3197
f 3197/3197/3197 3155/3155/3155 3195/3195/3195
f 3150/3150/3150 3152/3152/3152 3197/3197/3197
f 3197/3197/3197 3198/3198/3198 3150/3150/3150
f 3198/3198/3198 3197/3197/3197 3196/3196/3196
f 3196/3196/3196 3199/3199/3199 3198/3198/3198
f 3150/3150/3150 3198/3198/3198 3200/3200/3200
f 3200/3200/3200 3151/3151/3151 3150/3150/3150
f 3196/3196/3196 3195/3195/3195 3187/3187/3187
f 3187/3187/3187 3201/3201/3201 3196/3196/3196
f 3187/3187/3187 3195/3195/3195 3202/3202/3202
f 3187/3187/3187 3190/3190/3190 3201/3201/3201
f 3203/3203/3203 3202/3202/3202 3195/3195/3195
f 3195/3195/3195 3155/3155/3155 3203/3203/3203
f 3198/3198/3198 3199/3199/3199 3204/3204/3204
f 3204/3204/3204 3200/3200/3200 3198/3198/3198
f 3196/3196/3196 3201/3201/3201 3205/3205/3205
f 3205/3205/3205 3199/3199/3199 3196/3196/3196
f 3199/3199/3199 3205/3205/3205 3206/3206/3206
f 3206/3206/3206 3204/3204/3204 3199/3199/3199
f 3201/3201/3201 3190/3190/3190 3158/3158/3158
f 3158/3158/3158 3205/3205/3205 3201/3201/3201
f 3205/3205/3205 3158/3158/3158 3157/3157/3157
f 3157/3157/3157 3206/3206/3206 3205/3205/3205
f 3203/3203/3203 3155/3155/3155 3153/3153/3153
f 3153/3153/3153 3192/3192/3192 3203/3203/3203
f 3202/3202/3202 3203/3203/3203 3192/3192/3192
f 3192/3192/3192 3194/3194/3194 3202/3202/3202
f 3187/3187/3187 3202/3202/3202 3194/3194/3194
f 3194/3194/3194 3188/3188/3188 3187/3187/3187
f 3155/3155/3155 3197/3197/3197 3152/3152/3152
f 3145/3145/3145 3207/3207/3207 3208/3208/3208
f 3208/3208/3208 3156/3156/3156 3145/3145/3145
f 3173/3173/3173 3097/3097/3097 3102/3102/3102
f 3102/3102/3102 3177/3177/3177 3173/3173/3173
f 3175/3175/3175 3098/3098/3098 3097/3097/3097
f 3097/3097/3097 3173/3173/3173 3175/3175/3175
f 3161/3161/3161 3088/3088/3088 3087/3087/3087
f 3087/3087/3087 3162/3162/3162 3161/3161/3161
f 3170/3170/3170 3096/3096/3096 3098/3098/3098
f 3098/3098/3098 3175/3175/3175 3170/3170/3170
f 3162/3162/3162 3087/3087/3087 3096/3096/3096
f 3096/3096/3096 3170/3170/3170 3162/3162/3162
f 3149/3149/3149 3148/3148/3148 3140/3140/3140
f 3140/3140/3140 3156/3156/3156 3149/3149/3149
f 3142/3142/3142 3209/3209/3209 3210/3210/3210
f 3210/3210/3210 3143/3143/3143 3142/3142/3142
f 3139/3139/3139 3211/3211/3211 3209/3209/3209
f 3209/3209/3209 3142/3142/3142 3139/3139/3139
f 3138/3138/3138 3212/3212/3212 3211/3211/3211
f 3211/3211/3211 3139/3139/3139 3138/3138/3138
f 3137/3137/3137 3213/3213/3213 3212/3212/3212
f 3212/3212/3212 3138/3138/3138 3137/3137/3137
f 3140/3140/3140 3214/3214/3214 3213/3213/3213
f 3213/3213/3213 3137/3137/3137 3140/3140/3140
f 3148/3148/3148 3215/3215/3215 3214/3214/3214
f 3214/3214/3214 3140/3140/3140 3148/3148/3148
f 3147/3147/3147 3216/3216/3216 3215/3215/3215
f 3215/3215/3215 3148/3148/3148 3147/3147/3147
f 3146/3146/3146 3217/3217/3217 3216/3216/3216
f 3216/3216/3216 3147/3147/3147 3146/3146/3146
f 3149/3149/3149 3218/3218/3218 3217/3217/3217
f 3217/3217/3217 3146/3146/3146 3149/3149/3149
f 3156/3156/3156 3219/3219/3219 3218/3218/3218
f 3218/3218/3218 3149/3149/3149 3156/3156/3156
f 3208/3208/3208 3220/3220/3220 3219/3219/3219
f 3219/3219/3219 3156/3156/3156 3208/3208/3208
f 3207/3207/3207 3221/3221/3221 3220/3220/3220
f 3220/3220/3220 3208/3208/3208 3207/3207/3207
f 3145/3145/3145 3222/3222/3222 3221/3221/3221
f 3221/3221/3221 3207/3207/3207 3145/3145/3145
f 3141/3141/3141 3223/3223/3223 3222/3222/3222
f 3222/3222/3222 3145/3145/3145 3141/3141/3141
f 3144/3144/3144 3224/3224/3224 3223/3223/3223
f 3223/3223/3223 3141/3141/3141 3144/3144/3144
f 3143/3143/3143 3210/3210/3210 3224/3224/3224
f 3224/3224/3224 3144/3144/3144 3143/3143/3143
f 3225/3225/3225 3226/3226/3226 3227/3227/3227
f 3227/3227/3227 3228/3228/3228 3229/3229/3229
f 3229/3229/3229 3230/3230/3230 3231/3231/3231
f 3227/3227/3227 3229/3229/3229 3231/3231/3231
f 3231/3231/3231 3232/3232/3232 3233/3233/3233
f 3233/3233/3233 3234/3234/3234 3235/3235/3235
f 3231/3231/3231 3233/3233/3233 3235/3235/3235
f 3227/3227/3227 3231/3231/3231 3235/3235/3235
f 3225/3225/3225 3227/3227/3227 3235/3235/3235
f 3225/3225/3225 3235/3235/3235 3236/3236/3236
f 3237/3237/3237 3238/3238/3238 3239/3239/3239
f 3239/3239/3239 3240/3240/3240 3241/3241/3241
f 3241/3241/3241 3242/3242/3242 3243/3243/3243
f 3239/3239/3239 3241/3241/3241 3243/3243/3243
f 3243/3243/3243 3244/3244/3244 3245/3245/3245
f 3245/3245/3245 3246/3246/3246 3247/3247/3247
f 3243/3243/3243 3245/3245/3245 3247/3247/3247
f 3239/3239/3239 3243/3243/3243 3247/3247/3247
f 3237/3237/3237 3239/3239/3239 3247/3247/3247
f 3237/3237/3237 3247/3247/3247 3248/3248/3248
f 1154/1154/1154 1130/1130/1130 1133/1133/1133
f 1133/1133/1133 1155/1155/1155 1154/1154/1154
f 1159/1159/1159 1158/1158/1158 1177/1177/1177
f 1177/1177/1177 1176/1176/1176 1159/1159/1159
f 1133/1133/1133 1178/1178/1178 1189/1189/1189
f 1189/1189/1189 1155/1155/1155 1133/1133/1133
f 3249/3249/3249 3250/3250/3250 1193/1193/1193
f 1193/1193/1193 3251/3251/3251 3249/3249/3249
f 1197/1197/1197 1196/1196/1196 1215/1215/1215
f 1215/1215/1215 1214/1214/1214 1197/1197/1197
f 1230/1230/1230 1218/1218/1218 1217/1217/1217
f 1217/1217/1217 1231/1231/1231 1230/1230/1230
f 1232/1232/1232 1197/1197/1197 1214/1214/1214
f 1214/1214/1214 1242/1242/1242 1232/1232/1232
f 1139/1139/1139 1138/1138/1138 1142/1142/1142
f 1142/1142/1142 1141/1141/1141 1139/1139/1139
f 1166/1166/1166 1162/1162/1162 1161/1161/1161
f 1161/1161/1161 1167/1167/1167 1166/1166/1166
f 1140/1140/1140 1236/1236/1236 1183/1183/1183
f 1183/1183/1183 1141/1141/1141 1140/1140/1140
f 1205/1205/1205 1204/1204/1204 1191/1191/1191
f 1191/1191/1191 1190/1190/1190 1205/1205/1205
f 3252/3252/3252 3251/3251/3251 1193/1193/1193
f 1193/1193/1193 1192/1192/1192 3252/3252/3252
f 1243/1243/1243 1224/1224/1224 1223/1223/1223
f 1223/1223/1223 1244/1244/1244 1243/1243/1243
f 1237/1237/1237 1205/1205/1205 1190/1190/1190
f 1190/1190/1190 1245/1245/1245 1237/1237/1237
f 3253/3253/3253 1194/1194/1194 1193/1193/1193
f 1193/1193/1193 3250/3250/3250 3253/3253/3253
f 60/60/60 4/4/4 15/15/15
f 15/15/15 14/14/14 60/60/60
f 63/63/63 62/62/62 19/19/19
f 19/19/19 18/18/18 63/63/63
f 85/85/85 84/84/84 31/31/31
f 31/31/31 30/30/30 85/85/85
f 91/91/91 90/90/90 35/35/35
f 35/35/35 34/34/34 91/91/91
f 113/113/113 60/60/60 14/14/14
f 14/14/14 104/104/104 113/113/113
f 84/84/84 130/130/130 117/117/117
f 117/117/117 31/31/31 84/84/84
f 403/403/403 20/20/20 19/19/19
f 19/19/19 277/277/277 403/403/403