# https://github.com/mikedh/trimesh
mtllib material.mtl
usemtl material_0
v -0.00204291 -0.27887167 0.20038566
v -0.00204291 -0.27887167 0.20038566
v -0.00233007 -0.27914037 0.19890197
v -0.00233007 -0.27914037 0.19890197
v -0.00176917 -0.28380471 0.19951409
v -0.00274822 -0.27405536 0.20135799
v -0.00274822 -0.27405536 0.20135799
v -0.00107477 -0.27923525 0.20149318
v -0.00107477 -0.27923525 0.20149318
v -0.00107477 -0.27923525 0.20149318
v -0.00294555 -0.27405536 0.20093480
v -0.00294555 -0.27405536 0.20093480
v -0.00307905 -0.27405536 0.20035795
v -0.00307905 -0.27405536 0.20035795
v -0.00323103 -0.27405536 0.19998934
v -0.00323103 -0.27405536 0.19998934
v -0.00277677 -0.27852909 0.19821512
v -0.00277677 -0.27852909 0.19821512
v -0.00340400 -0.27405536 0.19972484
v -0.00340400 -0.27405536 0.19972484
v -0.00367018 -0.27405536 0.19951744
v -0.00367018 -0.27405536 0.19951744
v -0.00342667 -0.27812185 0.19788849
v -0.00342667 -0.27812185 0.19788849
v -0.00422519 -0.27405536 0.19909593
v -0.00422519 -0.27405536 0.19909593
v -0.00525378 -0.27405536 0.19841748
v -0.00525378 -0.27405536 0.19841748
v -0.00571056 -0.27783133 0.19650557
v -0.00571056 -0.27783133 0.19650557
v -0.00657038 -0.27405536 0.19754927
v -0.00657038 -0.27405536 0.19754927
v -0.00763172 -0.27405536 0.19669953
v -0.00763172 -0.27405536 0.19669953
v -0.00928334 -0.27405536 0.19538881
v -0.00928334 -0.27405536 0.19538881
v -0.00807758 -0.27798499 0.19454075
v -0.00807758 -0.27798499 0.19454075
v -0.01012468 -0.27818231 0.19201924
v -0.01012468 -0.27818231 0.19201924
v -0.00565598 -0.27892961 0.19586238
v -0.00768713 -0.27906396 0.19413939
v -0.00605483 -0.27916052 0.19476746
v -0.00754439 -0.27920754 0.19368597
v -0.00957050 -0.27924701 0.19180176
v -0.01170661 -0.27841154 0.18908461
v -0.01170661 -0.27841154 0.18908461
v -0.01108946 -0.27946532 0.18900484
v -0.00873420 -0.27938219 0.19192939
v -0.01004323 -0.27960134 0.18912407
v -0.00677778 -0.27938555 0.19251044
v -0.00480121 -0.27936204 0.19315446
v -0.00752088 -0.27961982 0.18950528
v -0.00450144 -0.27913113 0.19564071
v -0.00341408 -0.27911770 0.19722180
v -0.00404383 -0.27892122 0.19691028
v -0.00378521 -0.27921762 0.19603115
v -0.00390864 -0.27941914 0.19347186
v -0.00390864 -0.27968363 0.19009556
v -0.00327889 -0.27995736 0.19024418
v -0.00327805 -0.27968279 0.19375650
v -0.00301860 -0.28014545 0.19031220
v -0.00301692 -0.27986668 0.19388077
v -0.00331164 -0.27940822 0.19632756
v -0.00296570 -0.27957280 0.19656518
v -0.00272975 -0.27987759 0.19674067
v -0.00279273 -0.28008499 0.19399245
v -0.00254335 -0.27980538 0.19791200
v -0.00208237 -0.28520611 0.19759377
v -0.00193039 -0.28463262 0.19891876
v -0.00247365 -0.28027895 0.19692288
v -0.00245266 -0.28062574 0.19417885
v -0.00213443 -0.28582998 0.19473975
v -0.00193711 -0.29036165 0.19144406
v -0.00193627 -0.28956397 0.19511172
v -0.00213611 -0.28640935 0.19105530
v -0.00245518 -0.28091374 0.19049272
v -0.00213695 -0.28685185 0.18723902
v -0.00193711 -0.29091247 0.18763702
v -0.00193711 -0.29127773 0.18375441
v -0.00171124 -0.29242891 0.18778564
v -0.00171124 -0.29184198 0.19159269
v -0.00083799 -0.29212831 0.19164055
v -0.00083799 -0.29212831 0.19164055
v -0.00171124 -0.29096957 0.19526538
v -0.00083799 -0.29123826 0.19536950
v -0.00083799 -0.29123826 0.19536950
v 0.00132415 -0.29061187 0.19867442
v -0.00080356 -0.29035158 0.19829069
v -0.00080356 -0.29035158 0.19829069
v 0.00130652 -0.29156237 0.19559033
v 0.00408497 -0.29173786 0.19572888
v 0.00408497 -0.29075462 0.19891205
v 0.00130568 -0.29250028 0.19172367
v 0.00130568 -0.29310988 0.18785198
v 0.00408497 -0.29332735 0.18787381
v 0.00408497 -0.29270768 0.19177489
v 0.00686426 -0.29250028 0.19172367
v 0.00686426 -0.29310988 0.18785198
v 0.00900793 -0.29212831 0.19164055
v 0.00900793 -0.29212831 0.19164055
v 0.00686426 -0.29156237 0.19559033
v 0.00684579 -0.29061187 0.19867442
v 0.00900793 -0.29123826 0.19536950
v 0.00900793 -0.29123826 0.19536950
v 0.00897434 -0.29035158 0.19829069
v 0.00897434 -0.29035158 0.19829069
v 0.00988202 -0.29184198 0.19159269
v 0.00988202 -0.29096957 0.19526538
v 0.01010705 -0.29036165 0.19144406
v 0.00983752 -0.29014670 0.19808749
v 0.01010705 -0.28956397 0.19511172
v 0.01030521 -0.28582998 0.19473975
v 0.01025315 -0.28520611 0.19759377
v 0.01003484 -0.28879232 0.19796658
v 0.00981904 -0.28831707 0.19933692
v 0.01010117 -0.28463262 0.19891876
v 0.00970485 -0.28970671 0.19934195
v 0.00887190 -0.28976801 0.19969126
v 0.00887190 -0.28976801 0.19969126
v 0.00910449 -0.28787372 0.20016818
v 0.00910449 -0.28787372 0.20016818
v 0.00993996 -0.28380471 0.19951409
v 0.00895419 -0.28375349 0.20093480
v 0.00895419 -0.28375349 0.20093480
v 0.00679121 -0.28996365 0.20020261
v 0.00682564 -0.28430263 0.20169218
v 0.00676266 -0.28829943 0.20095075
v 0.00408497 -0.28437988 0.20207171
v 0.00408497 -0.28841615 0.20128746
v 0.00408497 -0.29009464 0.20049901
v 0.00140728 -0.28829943 0.20095075
v 0.00137957 -0.28996365 0.20020261
v -0.00093455 -0.28787372 0.20016818
v -0.00093455 -0.28787372 0.20016818
v -0.00070196 -0.28976801 0.19969126
v -0.00070196 -0.28976801 0.19969126
v -0.00153407 -0.28970671 0.19934195
v -0.00166674 -0.29014670 0.19808749
v -0.00186406 -0.28879232 0.19796658
v -0.00164910 -0.28831707 0.19933692
v -0.00078425 -0.28375349 0.20093480
v -0.00078425 -0.28375349 0.20093480
v 0.00134514 -0.28430263 0.20169218
v 0.00118309 -0.27939982 0.20240673
v 0.00408497 -0.27943257 0.20281481
v 0.00408497 -0.27405536 0.20356715
v 0.00408497 -0.27405536 0.20356715
v 0.00698685 -0.27939982 0.20240673
v 0.00524455 -0.27405536 0.20340257
v 0.00524455 -0.27405536 0.20340257
v 0.00734455 -0.27405536 0.20317167
v 0.00734455 -0.27405536 0.20317167
v 0.00924471 -0.27923525 0.20149318
v 0.00924471 -0.27923525 0.20149318
v 0.00924471 -0.27923525 0.20149318
v 0.00825391 -0.27405536 0.20279214
v 0.00825391 -0.27405536 0.20279214
v 0.00986858 -0.27405536 0.20232361
v 0.00986858 -0.27405536 0.20232361
v 0.00986858 -0.27405536 0.20232361
v 0.01055543 -0.27405536 0.20182568
v 0.01055543 -0.27405536 0.20182568
v 0.01021369 -0.27887167 0.20038566
v 0.01021369 -0.27887167 0.20038566
v 0.01050001 -0.27914037 0.19890197
v 0.01050001 -0.27914037 0.19890197
v 0.01111549 -0.27405536 0.20093480
v 0.01111549 -0.27405536 0.20093480
v 0.01091817 -0.27405536 0.20135799
v 0.01091817 -0.27405536 0.20135799
v 0.01124899 -0.27405536 0.20035795
v 0.01124899 -0.27405536 0.20035795
v 0.01140181 -0.27405536 0.19998934
v 0.01140181 -0.27405536 0.19998934
v 0.01094755 -0.27852909 0.19821512
v 0.01094755 -0.27852909 0.19821512
v 0.01157478 -0.27405536 0.19972484
v 0.01157478 -0.27405536 0.19972484
v 0.01184012 -0.27405536 0.19951744
v 0.01184012 -0.27405536 0.19951744
v 0.01239514 -0.27405536 0.19909593
v 0.01239514 -0.27405536 0.19909593
v 0.01159745 -0.27812185 0.19788849
v 0.01159745 -0.27812185 0.19788849
v 0.01158486 -0.27911770 0.19722180
v 0.01388134 -0.27783133 0.19650557
v 0.01388134 -0.27783133 0.19650557
v 0.01221377 -0.27892122 0.19691028
v 0.01267139 -0.27913113 0.19564071
v 0.01382677 -0.27892961 0.19586238
v 0.01422561 -0.27916052 0.19476746
v 0.01585708 -0.27906396 0.19413939
v 0.01624836 -0.27798499 0.19454075
v 0.01624836 -0.27798499 0.19454075
v 0.01829546 -0.27818231 0.19201924
v 0.01829546 -0.27818231 0.19201924
v 0.01580250 -0.27405536 0.19669953
v 0.01580250 -0.27405536 0.19669953
v 0.01745328 -0.27405536 0.19538881
v 0.01745328 -0.27405536 0.19538881
v 0.01832821 -0.27405536 0.19435938
v 0.01832821 -0.27405536 0.19435938
v 0.01981106 -0.27405536 0.19262127
v 0.01981106 -0.27405536 0.19262127
v 0.02044752 -0.27405536 0.19151376
v 0.02044752 -0.27405536 0.19151376
v 0.02166672 -0.27405536 0.18938605
v 0.02166672 -0.27405536 0.18938605
v 0.01987739 -0.27841154 0.18908461
v 0.01987739 -0.27841154 0.18908461
v 0.01774044 -0.27924701 0.19180176
v 0.01925940 -0.27946532 0.18900484
v 0.02084804 -0.27866176 0.18588128
v 0.02084804 -0.27866176 0.18588128
v 0.02019646 -0.27970798 0.18590144
v 0.02203617 -0.27405536 0.18828776
v 0.02203617 -0.27405536 0.18828776
v 0.02286828 -0.27405536 0.18582251
v 0.02286828 -0.27405536 0.18582251
v 0.02118055 -0.27892289 0.18254361
v 0.02118055 -0.27892289 0.18254361
v 0.02300430 -0.27405536 0.18480567
v 0.02300430 -0.27405536 0.18480567
v 0.02337124 -0.27405536 0.18206668
v 0.02337124 -0.27405536 0.18206668
v 0.02051890 -0.27996240 0.18264605
v 0.02084804 -0.27918319 0.17920595
v 0.02084804 -0.27918319 0.17920595
v 0.02019646 -0.28021682 0.17938983
v 0.01987739 -0.27943341 0.17600346
v 0.01987739 -0.27943341 0.17600346
v 0.02331498 -0.27405536 0.18118504
v 0.02331498 -0.27405536 0.18118504
v 0.02312690 -0.27405536 0.17826132
v 0.02312690 -0.27405536 0.17826132
v 0.02293797 -0.27405536 0.17754593
v 0.02293797 -0.27405536 0.17754593
v 0.02214533 -0.27405536 0.17455336
v 0.02214533 -0.27405536 0.17455336
v 0.02187915 -0.27405536 0.17401598
v 0.02187915 -0.27405536 0.17401598
v 0.02043577 -0.27405536 0.17109730
v 0.02043577 -0.27405536 0.17109730
v 0.01829546 -0.27966264 0.17306883
v 0.01829546 -0.27966264 0.17306883
v 0.01620554 -0.27986164 0.17051793
v 0.01620554 -0.27986164 0.17051793
v 0.01774044 -0.28067779 0.17349035
v 0.01925940 -0.28045864 0.17628727
v 0.01902429 -0.28036544 0.17934281
v 0.01821402 -0.28061146 0.17619575
v 0.01569082 -0.28068871 0.17582377
v 0.01690498 -0.28083061 0.17339042
v 0.01494772 -0.28092382 0.17281861
v 0.01420042 -0.28105312 0.17053556
v 0.01297115 -0.28100023 0.17218131
v 0.01263444 -0.28116060 0.16966399
v 0.01206599 -0.28115640 0.16830121
v 0.01192912 -0.28130502 0.16930965
v 0.01148410 -0.28139487 0.16807283
v 0.01207774 -0.28110602 0.17188155
v 0.01144548 -0.28140914 0.17166071
v 0.01145303 -0.28153845 0.16906531
v 0.01098702 -0.28149395 0.16778062
v 0.01108526 -0.28175676 0.16885791
v 0.01118350 -0.28160898 0.17158011
v 0.01063436 -0.28186088 0.16761857
v 0.01086611 -0.28208087 0.16881593
v 0.01046307 -0.28240331 0.16766391
v 0.01060581 -0.28250323 0.16873448
v 0.01000629 -0.28717260 0.16821137
v 0.00969309 -0.28264429 0.16721469
v 0.00969309 -0.28264429 0.16721469
v 0.00913304 -0.28700131 0.16780581
v 0.00913304 -0.28700131 0.16780581
v 0.00693983 -0.28708528 0.16726087
v 0.00683403 -0.29107957 0.16791413
v 0.00894663 -0.29084194 0.16845068
v 0.00894663 -0.29084194 0.16845068
v 0.00966287 -0.29211403 0.16904684
v 0.00886854 -0.29227021 0.16881005
v 0.00886854 -0.29227021 0.16881005
v 0.00978966 -0.29079744 0.16879830
v 0.01017674 -0.28742450 0.16934072
v 0.00994667 -0.29096873 0.16986383
v 0.01026239 -0.28758236 0.17205704
v 0.01004239 -0.29129536 0.17251549
v 0.00980981 -0.29269676 0.17266831
v 0.00973676 -0.29230044 0.17004352
v 0.00894495 -0.29298141 0.17259358
v 0.00894495 -0.29298141 0.17259358
v 0.00889457 -0.29254898 0.16987643
v 0.00889457 -0.29254898 0.16987643
v 0.00680213 -0.29288569 0.16945240
v 0.00679625 -0.29257165 0.16830541
v 0.00408497 -0.29124666 0.16759758
v 0.00408497 -0.29275890 0.16798634
v 0.00136781 -0.29288569 0.16945240
v 0.00137453 -0.29257165 0.16830541
v 0.00408497 -0.29307629 0.16917531
v 0.00408497 -0.29354818 0.17222077
v 0.00682816 -0.29334666 0.17236939
v 0.00134178 -0.29334666 0.17236939
v 0.00131492 -0.29370604 0.17619827
v -0.00082203 -0.29332315 0.17622513
v -0.00082203 -0.29332315 0.17622513
v -0.00077501 -0.29298141 0.17259358
v -0.00077501 -0.29298141 0.17259358
v -0.00072379 -0.29254898 0.16987643
v -0.00072379 -0.29254898 0.16987643
v -0.00156682 -0.29230044 0.17004352
v -0.00163903 -0.29269676 0.17266831
v -0.00169360 -0.29303263 0.17622262
v -0.00177589 -0.29096873 0.16986383
v -0.00187161 -0.29129536 0.17251549
v -0.00209245 -0.28758236 0.17205704
v -0.00212603 -0.28760671 0.17566340
v -0.00192115 -0.29155398 0.17607315
v -0.00213695 -0.28745977 0.17946204
v -0.00193711 -0.29151955 0.17986004
v -0.00171124 -0.29303599 0.18000867
v -0.00083799 -0.29309560 0.18393242
v -0.00083799 -0.29309560 0.18393242
v -0.00171124 -0.29280340 0.18390387
v -0.00083799 -0.29332903 0.18003721
v -0.00083799 -0.29332903 0.18003721
v 0.00130568 -0.29371695 0.18007500
v 0.00130568 -0.29348353 0.18397021
v 0.00408497 -0.29392015 0.17617643
v 0.00408497 -0.29393527 0.18009683
v 0.00686426 -0.29348353 0.18397021
v 0.00686426 -0.29371695 0.18007500
v 0.00408497 -0.29370184 0.18399204
v 0.00685503 -0.29370604 0.17619827
v 0.00900793 -0.29309560 0.18393242
v 0.00900793 -0.29309560 0.18393242
v 0.00900793 -0.29332903 0.18003721
v 0.00900793 -0.29332903 0.18003721
v 0.00899281 -0.29332315 0.17622513
v 0.00899281 -0.29332315 0.17622513
v 0.00988202 -0.29303599 0.18000867
v 0.00986355 -0.29303263 0.17622262
v 0.01009110 -0.29155398 0.17607315
v 0.01029597 -0.28760671 0.17566340
v 0.01010705 -0.29151955 0.17986004
v 0.01030689 -0.28745977 0.17946204
v 0.01030689 -0.28719108 0.18335389
v 0.01062680 -0.28151494 0.18279803
v 0.01062680 -0.28181806 0.17891794
v 0.01096519 -0.28096412 0.18274345
v 0.01096519 -0.28126556 0.17888771
v 0.01062344 -0.28211530 0.17511342
v 0.01096351 -0.28155944 0.17511762
v 0.01061337 -0.28240079 0.17145668
v 0.01095763 -0.28184073 0.17151965
v 0.01118770 -0.28133105 0.17513525
v 0.01144967 -0.28084489 0.17888100
v 0.01118938 -0.28103885 0.17888100
v 0.01144799 -0.28113541 0.17516464
v 0.01207858 -0.28055772 0.17889863
v 0.01207858 -0.28084237 0.17525616
v 0.01327259 -0.28047040 0.17897168
v 0.01315755 -0.28074749 0.17542577
v 0.01615264 -0.28042841 0.17916144
v 0.01930558 -0.28010598 0.18265949
v 0.01631301 -0.28015468 0.18266453
v 0.01615264 -0.27988095 0.18616761
v 0.01331289 -0.28018155 0.18266705
v 0.01902429 -0.27984737 0.18597700
v 0.01821402 -0.27960134 0.18912407
v 0.01690498 -0.27938219 0.19192939
v 0.01569082 -0.27961982 0.18950528
v 0.01494772 -0.27938555 0.19251044
v 0.01297199 -0.27936204 0.19315446
v 0.01207858 -0.27968363 0.19009556
v 0.01315755 -0.27961562 0.18990832
v 0.01207858 -0.27941914 0.19347186
v 0.01195515 -0.27921762 0.19603115
v 0.01144883 -0.27995736 0.19024418
v 0.01144799 -0.27968279 0.19375650
v 0.01118854 -0.28014545 0.19031220
v 0.01118770 -0.27986668 0.19388077
v 0.01148158 -0.27940822 0.19632756
v 0.01113564 -0.27957280 0.19656518
v 0.01071413 -0.27980538 0.19791200
v 0.01089969 -0.27987759 0.19674067
v 0.01096351 -0.28008499 0.19399245
v 0.01062596 -0.28091374 0.19049272
v 0.01096435 -0.28036796 0.19037601
v 0.01064443 -0.28027895 0.19692288
v 0.01062260 -0.28062574 0.19417885
v 0.01030605 -0.28640935 0.19105530
v 0.01030689 -0.28685185 0.18723902
v 0.01010705 -0.29091247 0.18763702
v 0.01010705 -0.29127773 0.18375441
v 0.00988202 -0.29242891 0.18778564
v 0.00900793 -0.29272111 0.18781419
v 0.00900793 -0.29272111 0.18781419
v 0.00988202 -0.29280340 0.18390387
v 0.01062680 -0.28121182 0.18667729
v 0.01096519 -0.28066268 0.18660004
v 0.01118938 -0.28043849 0.18656225
v 0.01118938 -0.28073909 0.18272162
v 0.01144967 -0.28024789 0.18652531
v 0.01207858 -0.27996828 0.18645226
v 0.01144967 -0.28054681 0.18270315
v 0.01207942 -0.28026300 0.18267544
v 0.01327259 -0.27989271 0.18636325
v 0.01571517 -0.27920754 0.19368597
v -0.00083799 -0.29272111 0.18781419
v -0.00083799 -0.29272111 0.18781419
v -0.00213695 -0.28719108 0.18335389
v -0.00245686 -0.28121182 0.18667729
v -0.00245686 -0.28151494 0.18279803
v -0.00245686 -0.28181806 0.17891794
v -0.00279525 -0.28096412 0.18274345
v -0.00279525 -0.28066268 0.18660004
v -0.00279441 -0.28036796 0.19037601
v -0.00301860 -0.28043849 0.18656225
v -0.00301860 -0.28073909 0.18272162
v -0.00327889 -0.28024789 0.18652531
v -0.00390864 -0.27996828 0.18645226
v -0.00327889 -0.28054681 0.18270315
v -0.00390864 -0.28026300 0.18267544
v -0.00327889 -0.28084489 0.17888100
v -0.00301860 -0.28103885 0.17888100
v -0.00279273 -0.28155944 0.17511762
v -0.00301776 -0.28133105 0.17513525
v -0.00279525 -0.28126556 0.17888771
v -0.00245266 -0.28211530 0.17511342
v -0.00244343 -0.28240079 0.17145668
v -0.00200596 -0.28742450 0.16934072
v -0.00278685 -0.28184073 0.17151965
v -0.00243587 -0.28250323 0.16873448
v -0.00269616 -0.28208087 0.16881593
v -0.00229229 -0.28240331 0.16766391
v -0.00183551 -0.28717260 0.16821137
v -0.00161971 -0.29079744 0.16879830
v -0.00077669 -0.29084194 0.16845068
v -0.00077669 -0.29084194 0.16845068
v -0.00096310 -0.28700131 0.16780581
v -0.00096310 -0.28700131 0.16780581
v 0.00123095 -0.28708528 0.16726087
v -0.00152315 -0.28264429 0.16721469
v -0.00152315 -0.28264429 0.16721469
v 0.00133675 -0.29107957 0.16791413
v -0.00069776 -0.29227021 0.16881005
v -0.00069776 -0.29227021 0.16881005
v -0.00149292 -0.29211403 0.16904684
v -0.00246442 -0.28186088 0.16761857
v 0.00109156 -0.28305153 0.16664540
v 0.00095386 -0.28144441 0.16636747
v 0.00095386 -0.28144441 0.16636747
v -0.00165246 -0.28158379 0.16699721
v -0.00165246 -0.28158379 0.16699721
v -0.00165246 -0.28158379 0.16699721
v -0.00254754 -0.28069711 0.16698462
v -0.00254754 -0.28069711 0.16698462
v 0.00076913 -0.28028399 0.16578726
v 0.00408497 -0.28031002 0.16545895
v 0.00018976 -0.27405536 0.16240341
v 0.00018976 -0.27405536 0.16240341
v -0.00335866 -0.27405536 0.16352016
v -0.00335866 -0.27405536 0.16352016
v -0.00355262 -0.27405536 0.16357642
v -0.00355262 -0.27405536 0.16357642
v -0.00675259 -0.27405536 0.16536407
v -0.00675259 -0.27405536 0.16536407
v -0.00695914 -0.27405536 0.16549757
v -0.00695914 -0.27405536 0.16549757
v -0.00964020 -0.27405536 0.16780413
v -0.00964020 -0.27405536 0.16780413
v -0.00553927 -0.28002202 0.16846831
v -0.00553927 -0.28002202 0.16846831
v -0.00803476 -0.27986164 0.17051793
v -0.00803476 -0.27986164 0.17051793
v -0.00766278 -0.28086084 0.17113592
v -0.00555858 -0.28099939 0.16936423
v -0.00389605 -0.28115640 0.16830121
v -0.00603047 -0.28105312 0.17053556
v -0.00753348 -0.28093137 0.17161957
v -0.00873420 -0.28083061 0.17339042
v -0.00677778 -0.28092382 0.17281861
v -0.00957050 -0.28067779 0.17349035
v -0.01004323 -0.28061146 0.17619575
v -0.01085435 -0.28036544 0.17934281
v -0.00752088 -0.28068871 0.17582377
v -0.01108946 -0.28045864 0.17628727
v -0.01170661 -0.27943341 0.17600346
v -0.01170661 -0.27943341 0.17600346
v -0.01012468 -0.27966264 0.17306883
v -0.01012468 -0.27966264 0.17306883
v -0.01202568 -0.28021682 0.17938983
v -0.01234895 -0.27996240 0.18264605
v -0.01113564 -0.28010598 0.18265949
v -0.01267810 -0.27918319 0.17920595
v -0.01267810 -0.27918319 0.17920595
v -0.01301061 -0.27892289 0.18254361
v -0.01301061 -0.27892289 0.18254361
v -0.01495695 -0.27405536 0.17826132
v -0.01495695 -0.27405536 0.17826132
v -0.01514420 -0.27405536 0.18118504
v -0.01514420 -0.27405536 0.18118504
v -0.01520130 -0.27405536 0.18206668
v -0.01520130 -0.27405536 0.18206668
v -0.01483436 -0.27405536 0.18480567
v -0.01483436 -0.27405536 0.18480567
v -0.01469834 -0.27405536 0.18582251
v -0.01469834 -0.27405536 0.18582251
v -0.01267810 -0.27866176 0.18588128
v -0.01267810 -0.27866176 0.18588128
v -0.01386623 -0.27405536 0.18828776
v -0.01386623 -0.27405536 0.18828776
v -0.01349594 -0.27405536 0.18938605
v -0.01349594 -0.27405536 0.18938605
v -0.01227758 -0.27405536 0.19151376
v -0.01227758 -0.27405536 0.19151376
v -0.01164112 -0.27405536 0.19262127
v -0.01164112 -0.27405536 0.19262127
v -0.01015827 -0.27405536 0.19435938
v -0.01015827 -0.27405536 0.19435938
v -0.01202568 -0.27970798 0.18590144
v -0.01085435 -0.27984737 0.18597700
v -0.00798186 -0.27988095 0.18616761
v -0.00814223 -0.28015468 0.18266453
v -0.00798186 -0.28042841 0.17916144
v -0.00514295 -0.28018155 0.18266705
v -0.00510264 -0.28047040 0.17897168
v -0.00498761 -0.28074749 0.17542577
v -0.00390864 -0.28055772 0.17889863
v -0.00390864 -0.28084237 0.17525616
v -0.00327805 -0.28113541 0.17516464
v -0.00390780 -0.28110602 0.17188155
v -0.00327553 -0.28140914 0.17166071
v -0.00301356 -0.28160898 0.17158011
v -0.00291532 -0.28175676 0.16885791
v -0.00328309 -0.28153845 0.16906531
v -0.00375834 -0.28130502 0.16930965
v -0.00331416 -0.28139487 0.16807283
v -0.00446450 -0.28116060 0.16966399
v -0.00480121 -0.28100023 0.17218131
v -0.00281708 -0.28149395 0.16778062
v -0.00510264 -0.27989271 0.18636325
v -0.00498761 -0.27961562 0.18990832
v -0.01476803 -0.27405536 0.17754593
v -0.01476803 -0.27405536 0.17754593
v -0.01397455 -0.27405536 0.17455336
v -0.01397455 -0.27405536 0.17455336
v -0.01370837 -0.27405536 0.17401598
v -0.01370837 -0.27405536 0.17401598
v -0.01226583 -0.27405536 0.17109730
v -0.01226583 -0.27405536 0.17109730
v -0.01198118 -0.27405536 0.17072785
v -0.01198118 -0.27405536 0.17072785
v -0.00990217 -0.27405536 0.16803168
v -0.00990217 -0.27405536 0.16803168
v 0.00033671 -0.27405536 0.16238829
v 0.00033671 -0.27405536 0.16238829
v 0.00408497 -0.27405536 0.16200121
v 0.00408497 -0.27405536 0.16200121
v 0.00783408 -0.27405536 0.16238829
v 0.00783408 -0.27405536 0.16238829
v 0.00798018 -0.27405536 0.16240341
v 0.00798018 -0.27405536 0.16240341
v 0.01152944 -0.27405536 0.16352016
v 0.01152944 -0.27405536 0.16352016
v 0.00740081 -0.28028399 0.16578726
v 0.01071749 -0.28069711 0.16698462
v 0.01071749 -0.28069711 0.16698462
v 0.00721608 -0.28144441 0.16636747
v 0.00721608 -0.28144441 0.16636747
v 0.00982324 -0.28158379 0.16699721
v 0.00982324 -0.28158379 0.16699721
v 0.00982324 -0.28158379 0.16699721
v 0.00707838 -0.28305153 0.16664540
v 0.00408497 -0.28146792 0.16605763
v 0.00408497 -0.28146792 0.16605763
v 0.00408497 -0.28309603 0.16634396
v 0.00408497 -0.28719024 0.16695355
v 0.01371005 -0.28002202 0.16846831
v 0.01371005 -0.28002202 0.16846831
v 0.01372852 -0.28099939 0.16936423
v 0.01492253 -0.27405536 0.16536407
v 0.01492253 -0.27405536 0.16536407
v 0.01172256 -0.27405536 0.16357642
v 0.01172256 -0.27405536 0.16357642
v 0.01512909 -0.27405536 0.16549757
v 0.01512909 -0.27405536 0.16549757
v 0.01781014 -0.27405536 0.16780413
v 0.01781014 -0.27405536 0.16780413
v 0.01807211 -0.27405536 0.16803168
v 0.01807211 -0.27405536 0.16803168
v 0.02015196 -0.27405536 0.17072785
v 0.02015196 -0.27405536 0.17072785
v 0.01570426 -0.28093137 0.17161957
v 0.01583273 -0.28086084 0.17113592
v 0.01474032 -0.27405536 0.19754927
v 0.01474032 -0.27405536 0.19754927
v 0.01342373 -0.27405536 0.19841748
v 0.01342373 -0.27405536 0.19841748
v 0.00292539 -0.27405536 0.20340257
v 0.00292539 -0.27405536 0.20340257
v 0.00082623 -0.27405536 0.20317167
v 0.00082623 -0.27405536 0.20317167
v -0.00008397 -0.27405536 0.20279214
v -0.00008397 -0.27405536 0.20279214
v -0.00169864 -0.27405536 0.20232361
v -0.00169864 -0.27405536 0.20232361
v -0.00169864 -0.27405536 0.20232361
v -0.00238549 -0.27405536 0.20182568
v -0.00238549 -0.27405536 0.20182568
v 0.00408497 -0.27050021 0.20406507
v 0.00408497 -0.27012488 0.20402813
v 0.00757966 -0.27053044 0.20367631
v 0.00059028 -0.27053044 0.20367631
v 0.00521684 -0.27397139 0.20341769
v 0.00521684 -0.27397139 0.20341769
v 0.00295310 -0.27397139 0.20341769
v 0.00295310 -0.27397139 0.20341769
v 0.00408497 -0.27397139 0.20357890
v 0.00408497 -0.27397139 0.20357890
v 0.00082035 -0.27397139 0.20318342
v 0.00082035 -0.27397139 0.20318342
v -0.00006801 -0.27397139 0.20281313
v -0.00006801 -0.27397139 0.20281313
v -0.00170872 -0.27397139 0.20233704
v -0.00170872 -0.27397139 0.20233704
v -0.00170872 -0.27397139 0.20233704
v -0.00240648 -0.27397139 0.20183072
v -0.00240648 -0.27397139 0.20183072
v -0.00211596 -0.27059258 0.20287946
v -0.00211596 -0.27059258 0.20287946
v -0.00324531 -0.27065807 0.20204316
v -0.00211596 -0.27021725 0.20284336
v -0.00211596 -0.27021725 0.20284336
v 0.00059028 -0.27015511 0.20363936
v -0.00324531 -0.27028274 0.20200705
v -0.00357110 -0.27033984 0.20127822
v -0.00357110 -0.27071517 0.20131517
v -0.00296066 -0.27397139 0.20094404
v -0.00296066 -0.27397139 0.20094404
v -0.00309081 -0.27397139 0.20038230
v -0.00309081 -0.27397139 0.20038230
v -0.00324027 -0.27397139 0.20002292
v -0.00324027 -0.27397139 0.20002292
v -0.00386750 -0.27075211 0.20084076
v -0.00341576 -0.27397139 0.19975339
v -0.00341576 -0.27397139 0.19975339
v -0.00367521 -0.27397139 0.19955103
v -0.00367521 -0.27397139 0.19955103
v -0.00386750 -0.27037678 0.20080381
v -0.00486082 -0.27081257 0.20005903
v -0.00486082 -0.27043808 0.20002208
v -0.00727906 -0.27094188 0.19840993
v -0.00524371 -0.27397139 0.19845947
v -0.00524371 -0.27397139 0.19845947
v -0.00424115 -0.27397139 0.19912112
v -0.00424115 -0.27397139 0.19912112
v -0.00658885 -0.27397139 0.19757278
v -0.00658885 -0.27397139 0.19757278
v -0.00762248 -0.27397139 0.19674571
v -0.00762248 -0.27397139 0.19674571
v -0.00930937 -0.27397139 0.19540644
v -0.00930937 -0.27397139 0.19540644
v -0.01018094 -0.27112828 0.19601940
v -0.01015827 -0.27397139 0.19440724
v -0.01015827 -0.27397139 0.19440724
v -0.01167218 -0.27397139 0.19263387
v -0.01167218 -0.27397139 0.19263387
v -0.01263024 -0.27136339 0.19301424
v -0.01228850 -0.27397139 0.19155994
v -0.01228850 -0.27397139 0.19155994
v -0.01353036 -0.27397139 0.18939192
v -0.01353036 -0.27397139 0.18939192
v -0.01388806 -0.27397139 0.18833227
v -0.01388806 -0.27397139 0.18833227
v -0.01449094 -0.27163376 0.18955398
v -0.01449094 -0.27125843 0.18951703
v -0.01563205 -0.27192680 0.18579564
v -0.01263024 -0.27098806 0.19297813
v -0.01018094 -0.27075379 0.19598245
v -0.00727906 -0.27056655 0.19837298
v -0.01563205 -0.27155231 0.18575869
v -0.01602165 -0.27223244 0.18188784
v -0.01486543 -0.27397139 0.18484514
v -0.01486543 -0.27397139 0.18484514
v -0.01473528 -0.27397139 0.18582167
v -0.01473528 -0.27397139 0.18582167
v -0.01523908 -0.27397139 0.18205829
v -0.01523908 -0.27397139 0.18205829
v -0.01518534 -0.27397139 0.18121694
v -0.01518534 -0.27397139 0.18121694
v -0.01499390 -0.27397139 0.17824537
v -0.01499390 -0.27397139 0.17824537
v -0.01563205 -0.27253724 0.17798087
v -0.01481505 -0.27397139 0.17757028
v -0.01481505 -0.27397139 0.17757028
v -0.01400981 -0.27397139 0.17453069
v -0.01400981 -0.27397139 0.17453069
v -0.01376211 -0.27397139 0.17403025
v -0.01376211 -0.27397139 0.17403025
v -0.01449094 -0.27283112 0.17422253
v -0.01563205 -0.27216275 0.17794477
v -0.01449094 -0.27245663 0.17418643
v -0.01263024 -0.27310150 0.17076227
v -0.01203828 -0.27397139 0.17073121
v -0.01203828 -0.27397139 0.17073121
v -0.01263024 -0.27272617 0.17072533
v -0.01013224 -0.27333912 0.16772520
v -0.01229774 -0.27397139 0.17106791
v -0.01229774 -0.27397139 0.17106791
v -0.00969729 -0.27397139 0.16779490
v -0.00969729 -0.27397139 0.16779490
v -0.01013224 -0.27296379 0.16768826
v -0.00708341 -0.27353308 0.16523728
v -0.00992904 -0.27397139 0.16799558
v -0.00992904 -0.27397139 0.16799558
v -0.00697930 -0.27397139 0.16545559
v -0.00697930 -0.27397139 0.16545559
v -0.00680549 -0.27397139 0.16534391
v -0.00680549 -0.27397139 0.16534391
v -0.00708341 -0.27315859 0.16520033
v -0.00360972 -0.27367751 0.16338246
v -0.00341492 -0.27397139 0.16348993
v -0.00341492 -0.27397139 0.16348993
v 0.00016290 -0.27376651 0.16224639
v -0.00360972 -0.27330302 0.16334551
v -0.00356522 -0.27397139 0.16353360
v -0.00356522 -0.27397139 0.16353360
v 0.00016290 -0.27339202 0.16221028
v 0.00408497 -0.27342225 0.16182152
v 0.00408497 -0.27379674 0.16185762
v 0.00800705 -0.27376651 0.16224639
v 0.00800705 -0.27339202 0.16221028
v 0.00408497 -0.27397139 0.16195503
v 0.00408497 -0.27397139 0.16195503
v 0.00788446 -0.27397139 0.16234715
v 0.00788446 -0.27397139 0.16234715
v 0.00028633 -0.27397139 0.16234715
v 0.00028633 -0.27397139 0.16234715
v 0.00018221 -0.27397139 0.16235807
v 0.00018221 -0.27397139 0.16235807
v 0.00798773 -0.27397139 0.16235807
v 0.00798773 -0.27397139 0.16235807
v 0.01158486 -0.27397139 0.16348993
v 0.01158486 -0.27397139 0.16348993
v 0.01173516 -0.27397139 0.16353360
v 0.01173516 -0.27397139 0.16353360
v 0.01177966 -0.27367751 0.16338246
v 0.01525420 -0.27353308 0.16523728
v 0.01525420 -0.27315859 0.16520033
v 0.01177966 -0.27330302 0.16334551
v 0.01830302 -0.27296379 0.16768826
v 0.01830302 -0.27333912 0.16772520
v 0.02080018 -0.27272617 0.17072533
v 0.02266172 -0.27245663 0.17418643
v 0.02080018 -0.27310150 0.17076227
v 0.02266172 -0.27283112 0.17422253
v 0.02020906 -0.27397139 0.17073121
v 0.02020906 -0.27397139 0.17073121
v 0.02046768 -0.27397139 0.17106791
v 0.02046768 -0.27397139 0.17106791
v 0.02193289 -0.27397139 0.17403025
v 0.02193289 -0.27397139 0.17403025
v 0.02218059 -0.27397139 0.17453069
v 0.02218059 -0.27397139 0.17453069
v 0.02298583 -0.27397139 0.17757028
v 0.02298583 -0.27397139 0.17757028
v 0.02316468 -0.27397139 0.17824537
v 0.02316468 -0.27397139 0.17824537
v 0.02380199 -0.27253724 0.17798087
v 0.02419243 -0.27223244 0.18188784
v 0.02419243 -0.27185711 0.18185173
v 0.02380199 -0.27216275 0.17794477
v 0.02380199 -0.27155231 0.18575869
v 0.02266172 -0.27125843 0.18951703
v 0.02380199 -0.27192680 0.18579564
v 0.02266172 -0.27163376 0.18955398
v 0.02290522 -0.27397139 0.18582167
v 0.02290522 -0.27397139 0.18582167
v 0.02303621 -0.27397139 0.18484514
v 0.02303621 -0.27397139 0.18484514
v 0.02340902 -0.27397139 0.18205829
v 0.02340902 -0.27397139 0.18205829
v 0.02335528 -0.27397139 0.18121694
v 0.02335528 -0.27397139 0.18121694
v 0.02205800 -0.27397139 0.18833227
v 0.02205800 -0.27397139 0.18833227
v 0.02170114 -0.27397139 0.18939192
v 0.02170114 -0.27397139 0.18939192
v 0.02045844 -0.27397139 0.19155994
v 0.02045844 -0.27397139 0.19155994
v 0.01984213 -0.27397139 0.19263387
v 0.01984213 -0.27397139 0.19263387
v 0.02080018 -0.27136339 0.19301424
v 0.01835172 -0.27112828 0.19601940
v 0.01835172 -0.27075379 0.19598245
v 0.02080018 -0.27098806 0.19297813
v 0.01544900 -0.27056655 0.19837298
v 0.01303160 -0.27043808 0.20002208
v 0.01544900 -0.27094188 0.19840993
v 0.01303160 -0.27081257 0.20005903
v 0.01475963 -0.27397139 0.19757278
v 0.01475963 -0.27397139 0.19757278
v 0.01579242 -0.27397139 0.19674571
v 0.01579242 -0.27397139 0.19674571
v 0.01747931 -0.27397139 0.19540644
v 0.01747931 -0.27397139 0.19540644
v 0.01832905 -0.27397139 0.19440724
v 0.01832905 -0.27397139 0.19440724
v 0.01341365 -0.27397139 0.19845947
v 0.01341365 -0.27397139 0.19845947
v 0.01241193 -0.27397139 0.19912112
v 0.01241193 -0.27397139 0.19912112
v 0.01184516 -0.27397139 0.19955103
v 0.01184516 -0.27397139 0.19955103
v 0.01203744 -0.27075211 0.20084076
v 0.01158654 -0.27397139 0.19975339
v 0.01158654 -0.27397139 0.19975339
v 0.01141021 -0.27397139 0.20002292
v 0.01141021 -0.27397139 0.20002292
v 0.01174104 -0.27071517 0.20131517
v 0.01126159 -0.27397139 0.20038230
v 0.01126159 -0.27397139 0.20038230
v 0.01113144 -0.27397139 0.20094404
v 0.01113144 -0.27397139 0.20094404
v 0.01093076 -0.27397139 0.20137478
v 0.01093076 -0.27397139 0.20137478
v 0.01057642 -0.27397139 0.20183072
v 0.01057642 -0.27397139 0.20183072
v 0.01141525 -0.27065807 0.20204316
v 0.01028590 -0.27059258 0.20287946
v 0.01028590 -0.27059258 0.20287946
v 0.01028590 -0.27021725 0.20284336
v 0.01028590 -0.27021725 0.20284336
v 0.01141525 -0.27028274 0.20200705
v 0.01174104 -0.27033984 0.20127822
v 0.01203744 -0.27037678 0.20080381
v 0.00757966 -0.27015511 0.20363936
v 0.00987866 -0.27397139 0.20233704
v 0.00987866 -0.27397139 0.20233704
v 0.00987866 -0.27397139 0.20233704
v 0.00823795 -0.27397139 0.20281313
v 0.00823795 -0.27397139 0.20281313
v 0.00734959 -0.27397139 0.20318342
v 0.00734959 -0.27397139 0.20318342
v 0.01809898 -0.27397139 0.16799558
v 0.01809898 -0.27397139 0.16799558
v 0.01786807 -0.27397139 0.16779490
v 0.01786807 -0.27397139 0.16779490
v 0.01514924 -0.27397139 0.16545559
v 0.01514924 -0.27397139 0.16545559
v 0.01497627 -0.27397139 0.16534391
v 0.01497627 -0.27397139 0.16534391
v -0.01602165 -0.27185711 0.18185173
v -0.00275998 -0.27397139 0.20137478
v -0.00275998 -0.27397139 0.20137478
vn -0.86659521 -0.20929884 0.45299750
vn -0.86659521 -0.20929884 0.45299750
vn -0.94392176 -0.13500311 0.30130695
vn -0.94392176 -0.13500311 0.30130695
vn -0.88224930 -0.09820549 0.46042573
vn -0.82843908 -0.22471060 0.51302420
vn 0.00000000 1.00000000 0.00000000
vn -0.58482517 -0.17190740 0.79273411
vn -0.58482517 -0.17190740 0.79273411
vn -0.58482517 -0.17190740 0.79273411
vn -0.92346197 -0.20959137 0.32138676
vn 0.00000000 1.00000000 0.00000000
vn -0.93241729 -0.21960407 0.28700532
vn 0.00000000 1.00000000 0.00000000
vn 0.00000000 1.00000000 0.00000000
vn -0.86147790 -0.26049332 0.43588882
vn -0.78062714 -0.30891074 0.54331889
vn -0.78062714 -0.30891074 0.54331889
vn 0.00000000 1.00000000 0.00000000
vn -0.70981837 -0.31260809 0.63121634
vn 0.00000000 1.00000000 0.00000000
vn -0.57611619 -0.33330937 0.74632098
vn -0.55698022 -0.39408601 0.73107404
vn -0.55698022 -0.39408601 0.73107404
vn -0.54466989 -0.33518147 0.76875750
vn 0.00000000 1.00000000 0.00000000
vn 0.00000000 1.00000000 0.00000000
vn -0.51872574 -0.33531664 0.78643903
vn -0.53691064 -0.39450782 0.74571478
vn -0.53691064 -0.39450782 0.74571478
vn 0.00000000 1.00000000 0.00000000
vn -0.55439527 -0.33649713 0.76119351
vn -0.58708186 -0.33758957 0.73577726
vn 0.00000000 1.00000000 0.00000000
vn -0.65492578 -0.34581361 0.67192645
vn 0.00000000 1.00000000 0.00000000
vn -0.63519617 -0.40099758 0.66009602
vn -0.63519617 -0.40099758 0.66009602
vn -0.74155805 -0.41663261 0.52584116
vn -0.74155805 -0.41663261 0.52584116
vn -0.39121709 -0.71483122 0.57962532
vn -0.44981069 -0.67821611 0.58111380
vn -0.06659686 -0.98665343 0.14859299
vn -0.10930493 -0.97744411 0.18070816
vn -0.45808314 -0.81007018 0.36598653
vn -0.82048722 -0.43209327 0.37429417
vn -0.82048722 -0.43209327 0.37429417
vn -0.54469412 -0.78179156 0.30349673
vn -0.07390194 -0.98962592 0.12320323
vn -0.05640092 -0.99361629 0.09770160
vn -0.02370011 -0.99550456 0.09170042
vn -0.04570191 -0.99514163 0.08720365
vn -0.01290025 -0.99671928 0.07990155
vn -0.09819552 -0.98595502 0.13509384
vn -0.59759640 -0.63449618 0.49019705
vn -0.43689218 -0.72628700 0.53069050
vn -0.29391339 -0.94734315 0.12710579
vn -0.34169169 -0.93667721 0.07669813
vn -0.34999263 -0.93388034 0.07329846
vn -0.47030857 -0.87981603 0.06880125
vn -0.47268278 -0.87836801 0.07099741
vn -0.65200214 -0.75590248 0.05920019
vn -0.65088922 -0.75658747 0.06259896
vn -0.47188891 -0.87457944 0.11149738
vn -0.67240919 -0.73140999 0.11360155
vn -0.82801353 -0.55470906 0.08180134
vn -0.81226607 -0.58127572 0.04839798
vn -0.91580033 -0.20580007 0.34490012
vn -0.99655840 -0.06479730 0.05169784
vn -0.96825162 -0.06679666 0.24088796
vn -0.99251754 -0.11550204 0.03960070
vn -0.97977135 -0.19899418 0.02119938
vn -0.99819934 -0.05799996 0.01529999
vn -0.99693042 -0.07710235 0.01360041
vn -0.99654506 -0.07840355 0.02740124
vn -0.99847906 -0.05469885 0.00689986
vn -0.98135723 -0.19149165 0.01639929
vn -0.99853859 -0.05380208 0.00510020
vn -0.99764252 -0.06820291 0.00760032
vn -0.99793722 -0.06400239 0.00500019
vn -0.75977164 -0.63057646 0.15849408
vn -0.81152262 -0.56201566 0.15990446
vn -0.23381182 -0.95784843 0.16690844
vn -0.23381182 -0.95784843 0.16690844
vn -0.75562805 -0.61042266 0.23750882
vn -0.22040143 -0.94080609 0.25750167
vn -0.22040143 -0.94080609 0.25750167
vn -0.12129576 -0.93696722 0.32768853
vn -0.23519754 -0.91699043 0.32219664
vn -0.23519754 -0.91699043 0.32219664
vn -0.11629674 -0.95847312 0.26039270
vn 0.00000000 -0.96477074 0.26309202
vn 0.00000000 -0.94506332 0.32688731
vn -0.11889417 -0.97365226 0.19459046
vn -0.12179578 -0.98466586 0.12489567
vn 0.00000000 -0.99202976 0.12600378
vn 0.00000000 -0.98032213 0.19740446
vn 0.11889417 -0.97365226 0.19459046
vn 0.12179578 -0.98466586 0.12489567
vn 0.23381182 -0.95784843 0.16690844
vn 0.23381182 -0.95784843 0.16690844
vn 0.11629674 -0.95847312 0.26039270
vn 0.11700410 -0.93673283 0.32991156
vn 0.24111027 -0.93053963 0.27561174
vn 0.24111027 -0.93053963 0.27561174
vn 0.22790663 -0.91342658 0.33720981
vn 0.22790663 -0.91342658 0.33720981
vn 0.70681326 -0.69501304 0.13180247
vn 0.75342650 -0.65192293 0.08570301
vn 0.99693042 -0.07710235 0.01360041
vn 0.78499480 -0.60279601 0.14289905
vn 0.99654506 -0.07840355 0.02740124
vn 0.99819934 -0.05799996 0.01529999
vn 0.99655840 -0.06479730 0.05169784
vn 0.99407035 -0.07429778 0.07939763
vn 0.92346989 -0.07639751 0.37598774
vn 0.96825162 -0.06679666 0.24088796
vn 0.76420081 -0.39080041 0.51310054
vn 0.29268129 -0.63865917 0.71165450
vn 0.29268129 -0.63865917 0.71165450
vn 0.57750493 -0.03790032 0.81550697
vn 0.57750493 -0.03790032 0.81550697
vn 0.87800688 -0.08630068 0.47080369
vn 0.60540504 -0.29730248 0.73830615
vn 0.60540504 -0.29730248 0.73830615
vn 0.19369122 -0.67696930 0.71006780
vn 0.24609910 -0.15789942 0.95629650
vn 0.24540844 -0.24810854 0.93713225
vn 0.00000000 -0.16600422 0.98612504
vn 0.00000000 -0.26000216 0.96560803
vn 0.00000000 -0.70825577 0.70595592
vn -0.19569887 -0.27779839 0.94049455
vn -0.17530111 -0.69420439 0.69810442
vn -0.53581428 -0.03470092 0.84362249
vn -0.53581428 -0.03470092 0.84362249
vn -0.30469201 -0.63118346 0.71328131
vn -0.30469201 -0.63118346 0.71328131
vn -0.76420081 -0.39080041 0.51310054
vn -0.81382060 -0.52731335 0.24420618
vn -0.99407035 -0.07429778 0.07939763
vn -0.92346989 -0.07639751 0.37598774
vn -0.67369102 -0.13759817 0.72609032
vn -0.67369102 -0.13759817 0.72609032
vn -0.24659992 -0.16129995 0.95559971
vn -0.26039396 -0.14149672 0.95507783
vn -0.00110005 -0.14420684 0.98954696
vn 0.00000000 -0.13849485 0.99036315
vn 0.00000000 1.00000000 0.00000000
vn 0.25469199 -0.14179554 0.95656992
vn 0.12710562 -0.14150626 0.98174342
vn 0.00000000 1.00000000 0.00000000
vn 0.24910853 -0.15350526 0.95623275
vn 0.00000000 1.00000000 0.00000000
vn 0.58482517 -0.17190740 0.79273411
vn 0.58482517 -0.17190740 0.79273411
vn 0.58482517 -0.17190740 0.79273411
vn 0.00000000 1.00000000 0.00000000
vn 0.33609541 -0.16819770 0.92668733
vn 0.00000000 1.00000000 0.00000000
vn 0.43471596 -0.19350710 0.87953228
vn 0.43471596 -0.19350710 0.87953228
vn 0.00000000 1.00000000 0.00000000
vn 0.68714408 -0.21831400 0.69294445
vn 0.88506096 -0.20299105 0.41888152
vn 0.88506096 -0.20299105 0.41888152
vn 0.93198426 -0.18439689 0.31209473
vn 0.93198426 -0.18439689 0.31209473
vn 0.00000000 1.00000000 0.00000000
vn 0.92346197 -0.20959137 0.32138676
vn 0.82843908 -0.22471060 0.51302420
vn 0.00000000 1.00000000 0.00000000
vn 0.93241729 -0.21960407 0.28700532
vn 0.00000000 1.00000000 0.00000000
vn 0.86147790 -0.26049332 0.43588882
vn 0.00000000 1.00000000 0.00000000
vn 0.78062714 -0.30891074 0.54331889
vn 0.78062714 -0.30891074 0.54331889
vn 0.00000000 1.00000000 0.00000000
vn 0.70981837 -0.31260809 0.63121634
vn 0.57611619 -0.33330937 0.74632098
vn 0.00000000 1.00000000 0.00000000
vn 0.54466989 -0.33518147 0.76875750
vn 0.00000000 1.00000000 0.00000000
vn 0.55698022 -0.39408601 0.73107404
vn 0.55698022 -0.39408601 0.73107404
vn 0.63090314 -0.65680327 0.41300205
vn 0.53691064 -0.39450782 0.74571478
vn 0.53691064 -0.39450782 0.74571478
vn 0.46717382 -0.69546102 0.54596940
vn 0.09819552 -0.98595502 0.13509384
vn 0.44359707 -0.71009531 0.54679639
vn 0.06659686 -0.98665343 0.14859299
vn 0.38578425 -0.81156687 0.43878209
vn 0.63519617 -0.40099758 0.66009602
vn 0.63519617 -0.40099758 0.66009602
vn 0.74155805 -0.41663261 0.52584116
vn 0.74155805 -0.41663261 0.52584116
vn 0.00000000 1.00000000 0.00000000
vn 0.58710167 -0.33750096 0.73580210
vn 0.00000000 1.00000000 0.00000000
vn 0.65498289 -0.34579097 0.67188245
vn 0.71330402 -0.35000197 0.60720342
vn 0.00000000 1.00000000 0.00000000
vn 0.00000000 1.00000000 0.00000000
vn 0.76554383 -0.35912056 0.53383056
vn 0.00000000 1.00000000 0.00000000
vn 0.80779405 -0.36419732 0.46349659
vn 0.00000000 1.00000000 0.00000000
vn 0.84791693 -0.37430747 0.37540750
vn 0.82048722 -0.43209327 0.37429417
vn 0.82048722 -0.43209327 0.37429417
vn 0.56999099 -0.72818849 0.38059399
vn 0.54842856 -0.78514088 0.28771498
vn 0.86761816 -0.45190946 0.20740434
vn 0.86761816 -0.45190946 0.20740434
vn 0.54807162 -0.81855761 0.17199109
vn 0.00000000 1.00000000 0.00000000
vn 0.87632493 -0.38051083 0.29540840
vn 0.00000000 1.00000000 0.00000000
vn 0.89751833 -0.39110799 0.20370416
vn 0.88196285 -0.46988021 0.03679845
vn 0.88196285 -0.46988021 0.03679845
vn 0.00000000 1.00000000 0.00000000
vn 0.90953279 -0.39741433 0.12170439
vn 0.00000000 1.00000000 0.00000000
vn 0.91252085 -0.40820933 0.02590059
vn 0.55221442 -0.83062170 0.07160187
vn 0.86484877 -0.48392729 -0.13360754
vn 0.86484877 -0.48392729 -0.13360754
vn 0.54568227 -0.83687281 -0.04329859
vn 0.81580967 -0.49490587 -0.29920355
vn 0.81580967 -0.49490587 -0.29920355
vn 0.00000000 1.00000000 0.00000000
vn 0.90818877 -0.41449487 -0.05819928
vn 0.89272719 -0.42461293 -0.15080459
vn 0.00000000 1.00000000 0.00000000
vn 0.87258433 -0.43039227 -0.23099585
vn 0.00000000 1.00000000 0.00000000
vn 0.83865540 -0.44017659 -0.32078294
vn 0.00000000 1.00000000 0.00000000
vn 0.00000000 1.00000000 0.00000000
vn 0.80226312 -0.44557952 -0.39728174
vn 0.75351755 -0.45461059 -0.47491106
vn 0.00000000 1.00000000 0.00000000
vn 0.73351840 -0.50811275 -0.45141133
vn 0.73351840 -0.50811275 -0.45141133
vn 0.62401179 -0.51860980 -0.58451104
vn 0.62401179 -0.51860980 -0.58451104
vn 0.51466653 -0.79134854 -0.32997854
vn 0.50719971 -0.84999952 -0.14229992
vn 0.04829990 -0.99639804 0.06969986
vn 0.05640190 -0.99673355 0.05780195
vn 0.01290051 -0.99703936 0.07580299
vn 0.07389671 -0.99675562 0.03189858
vn 0.02369941 -0.99767496 0.06389840
vn 0.06690294 -0.99774377 0.00560025
vn 0.04580091 -0.99661971 0.06820135
vn 0.09940073 -0.99490733 0.01670012
vn 0.40581949 -0.80523866 -0.43232076
vn 0.28610366 -0.95801225 0.01890024
vn 0.45141530 -0.82232787 -0.34641174
vn 0.34139189 -0.93737772 0.06909836
vn 0.43092073 -0.89994330 0.06640319
vn 0.46578910 -0.88487929 -0.00539987
vn 0.55458269 -0.64267995 -0.52858351
vn 0.69685728 -0.71295629 -0.07799522
vn 0.65951357 -0.75041544 0.04380090
vn 0.71281726 -0.41741011 -0.56361365
vn 0.84385782 -0.53487326 -0.04259787
vn 0.75669805 -0.22149943 -0.61509842
vn 0.99053827 -0.12650489 -0.05320206
vn 0.80281835 -0.12340282 -0.58331333
vn 0.36790963 -0.23710621 -0.89912354
vn 0.36790963 -0.23710621 -0.89912354
vn 0.29569797 -0.16229889 -0.94139353
vn 0.29569797 -0.16229889 -0.94139353
vn 0.17159423 -0.15829468 -0.97236732
vn 0.17790625 -0.19350680 -0.96483391
vn 0.31250861 -0.20320560 -0.92792556
vn 0.31250861 -0.20320560 -0.92792556
vn 0.67679906 -0.48729933 -0.55179924
vn 0.30699327 -0.65978553 -0.68588496
vn 0.30699327 -0.65978553 -0.68588496
vn 0.78546636 -0.14789367 -0.60097426
vn 0.99457784 -0.08149818 -0.06459856
vn 0.99245839 -0.09649595 -0.07559683
vn 0.99766307 -0.06649754 -0.01569942
vn 0.99562642 -0.08900236 -0.02840075
vn 0.75129888 -0.63479905 -0.18049973
vn 0.75200788 -0.62480655 -0.21000220
vn 0.25109505 -0.96238104 -0.10379795
vn 0.25109505 -0.96238104 -0.10379795
vn 0.25491229 -0.94954579 -0.18270881
vn 0.25491229 -0.94954579 -0.18270881
vn 0.13089523 -0.97396454 -0.18509326
vn 0.15189653 -0.66428482 -0.73188327
vn 0.00000000 -0.18579773 -0.98258801
vn 0.00000000 -0.65018177 -0.75977870
vn -0.13089523 -0.97396454 -0.18509326
vn -0.22080152 -0.64690444 -0.72990501
vn 0.00000000 -0.98266440 -0.18539328
vn 0.00000000 -0.99273704 -0.12030449
vn 0.12330468 -0.98503741 -0.12040457
vn -0.12330468 -0.98503741 -0.12040457
vn -0.12099838 -0.99148668 -0.04809935
vn -0.23650270 -0.96931107 -0.06710077
vn -0.23650270 -0.96931107 -0.06710077
vn -0.23139504 -0.96467933 -0.12589730
vn -0.23139504 -0.96467933 -0.12589730
vn -0.24059088 -0.94836405 -0.20669217
vn -0.24059088 -0.94836405 -0.20669217
vn -0.75150606 -0.65590529 -0.07090057
vn -0.75339127 -0.65689239 -0.02989965
vn -0.81005364 -0.58616645 0.01489915
vn -0.99245088 -0.09649522 -0.07569625
vn -0.99562642 -0.08900236 -0.02840075
vn -0.99766307 -0.06649754 -0.01569942
vn -0.99832626 -0.05770152 -0.00390010
vn -0.99663311 -0.08140270 -0.00980033
vn -0.99856507 -0.05349813 0.00239992
vn -0.99761530 -0.06900106 0.00160002
vn -0.76022072 -0.64251751 0.09610262
vn -0.22809442 -0.97067626 0.07589814
vn -0.22809442 -0.97067626 0.07589814
vn -0.81896325 -0.56567462 0.09649567
vn -0.22758874 -0.97335185 0.02809861
vn -0.22758874 -0.97335185 0.02809861
vn -0.12190504 -0.99214105 0.02820117
vn -0.12270350 -0.98942823 0.07730221
vn 0.00000000 -0.99881828 -0.04860089
vn 0.00000000 -0.99960511 0.02810014
vn 0.12270350 -0.98942823 0.07730221
vn 0.12190504 -0.99214105 0.02820117
vn 0.00000000 -0.99696141 0.07789699
vn 0.12099838 -0.99148668 -0.04809935
vn 0.24940001 -0.96350005 0.09730000
vn 0.24940001 -0.96350005 0.09730000
vn 0.24879862 -0.96729464 0.04939973
vn 0.24879862 -0.96729464 0.04939973
vn 0.23650270 -0.96931107 -0.06710077
vn 0.23650270 -0.96931107 -0.06710077
vn 0.75707710 -0.64748041 -0.08719736
vn 0.80327511 -0.59418159 -0.04119872
vn 0.99663311 -0.08140270 -0.00980033
vn 0.99832088 -0.05780121 -0.00380008
vn 0.99761530 -0.06900106 0.00160002
vn 0.99856507 -0.05349813 0.00239992
vn 0.99856980 -0.05329839 0.00419987
vn 0.98958610 -0.14349798 0.01129984
vn 0.98209287 -0.18789864 0.01369990
vn 0.81140832 -0.58270597 0.04550047
vn 0.81112397 -0.58311723 0.04530134
vn 0.98228934 -0.18709797 0.01009989
vn 0.81063615 -0.58382604 0.04490200
vn 0.99283163 -0.11940380 -0.00530017
vn 0.81583787 -0.57732680 0.03320154
vn 0.65439887 -0.75389870 0.05829990
vn 0.46687107 -0.88164537 0.06879574
vn 0.65518592 -0.75318382 0.05869874
vn 0.44869348 -0.89098706 0.06939899
vn 0.31218390 -0.94715117 0.07379620
vn 0.34980485 -0.93401294 0.07250100
vn 0.01810079 -0.99684329 0.07730336
vn 0.01959910 -0.99685414 0.07679647
vn 0.01109966 -0.99696949 0.07699764
vn 0.04610119 -0.99592576 0.07750200
vn 0.01080003 -0.99690266 0.07790021
vn 0.01120031 -0.99682735 0.07880216
vn 0.02009917 -0.99675880 0.07789678
vn 0.04830155 -0.99513199 0.08590276
vn 0.05640092 -0.99361629 0.09770160
vn 0.07390285 -0.98963811 0.12310474
vn 0.01290025 -0.99671928 0.07990155
vn 0.02370011 -0.99550456 0.09170042
vn 0.04570191 -0.99514163 0.08720365
vn 0.34999263 -0.93388034 0.07329846
vn 0.01959965 -0.99668203 0.07899858
vn 0.34169169 -0.93667721 0.07669813
vn 0.29400475 -0.94731530 0.12710205
vn 0.47030857 -0.87981603 0.06880125
vn 0.47268278 -0.87836801 0.07099741
vn 0.65200214 -0.75590248 0.05920019
vn 0.65088922 -0.75658747 0.06259896
vn 0.47193018 -0.87455593 0.11150713
vn 0.67240919 -0.73140999 0.11360155
vn 0.96049663 -0.19099933 0.20239929
vn 0.82801353 -0.55470906 0.08180134
vn 0.81226607 -0.58127572 0.04839798
vn 0.98135353 -0.19151045 0.01640089
vn 0.81089141 -0.58339382 0.04589951
vn 0.99252146 -0.11550250 0.03950085
vn 0.97975185 -0.19909022 0.02119896
vn 0.99846331 -0.05499798 0.00679975
vn 0.99853322 -0.05390179 0.00510017
vn 0.99764252 -0.06820291 0.00760032
vn 0.99793722 -0.06400239 0.00500019
vn 0.75749878 -0.65239895 -0.02389996
vn 0.24929729 -0.95798959 0.14179846
vn 0.24929729 -0.95798959 0.14179846
vn 0.81281921 -0.58081373 0.04450105
vn 0.98946322 -0.14429464 0.01189956
vn 0.81127588 -0.58288267 0.04559864
vn 0.65517822 -0.75317496 0.05889804
vn 0.65528849 -0.75308677 0.05879897
vn 0.46690902 -0.88161702 0.06890133
vn 0.31220423 -0.94711284 0.07420101
vn 0.46698721 -0.88157586 0.06889811
vn 0.28709762 -0.95499209 0.07459938
vn 0.01809924 -0.99675793 0.07839669
vn 0.10930493 -0.97744411 0.18070816
vn -0.22849341 -0.96597214 0.12119650
vn -0.22849341 -0.96597214 0.12119650
vn -0.99858042 -0.05309896 0.00419992
vn -0.98946322 -0.14429464 0.01189956
vn -0.98958610 -0.14349798 0.01129984
vn -0.98209287 -0.18789864 0.01369990
vn -0.81140832 -0.58270597 0.04550047
vn -0.81127588 -0.58288267 0.04559864
vn -0.81093872 -0.58332785 0.04590219
vn -0.65517822 -0.75317496 0.05889804
vn -0.65501856 -0.75332135 0.05880167
vn -0.46690902 -0.88161702 0.06890133
vn -0.31220423 -0.94711284 0.07420101
vn -0.46698721 -0.88157586 0.06889811
vn -0.28709548 -0.95498496 0.07469882
vn -0.46679287 -0.88168652 0.06879895
vn -0.65480950 -0.75351093 0.05870085
vn -0.81058882 -0.58389195 0.04489938
vn -0.65439887 -0.75389870 0.05829990
vn -0.81112397 -0.58311723 0.04530134
vn -0.98227095 -0.18719446 0.01009970
vn -0.99283110 -0.11940374 -0.00540017
vn -0.99457784 -0.08149818 -0.06459856
vn -0.81583787 -0.57732680 0.03320154
vn -0.99053827 -0.12650489 -0.05320206
vn -0.84382902 -0.53491840 -0.04260147
vn -0.82249743 -0.21759932 -0.52549836
vn -0.76456040 -0.19618984 -0.61396820
vn -0.78681240 -0.17450275 -0.59200933
vn -0.31850565 -0.19130340 -0.92841648
vn -0.31850565 -0.19130340 -0.92841648
vn -0.32539283 -0.13369705 -0.93607938
vn -0.32539283 -0.13369705 -0.93607938
vn -0.17159423 -0.15829468 -0.97236732
vn -0.36790963 -0.23710621 -0.89912354
vn -0.36790963 -0.23710621 -0.89912354
vn -0.18310697 -0.19010724 -0.96453672
vn -0.32899004 -0.67697950 -0.65838006
vn -0.32899004 -0.67697950 -0.65838006
vn -0.72100875 -0.53570650 -0.43950533
vn -0.71750559 -0.37040289 -0.58990460
vn -0.16699301 -0.16199322 -0.97255927
vn -0.18249276 -0.35088609 -0.91846358
vn -0.18249276 -0.35088609 -0.91846358
vn -0.32528858 -0.31368899 -0.89206869
vn -0.32528858 -0.31368899 -0.89206869
vn -0.32528858 -0.31368899 -0.89206869
vn -0.41150723 -0.45550800 -0.78941387
vn -0.41150723 -0.45550800 -0.78941387
vn -0.16379476 -0.46228521 -0.87147212
vn 0.00000000 -0.47180233 -0.88170435
vn -0.17650433 -0.48251184 -0.85792106
vn 0.00000000 1.00000000 0.00000000
vn 0.00000000 1.00000000 0.00000000
vn -0.25279440 -0.47448948 -0.84318131
vn 0.00000000 1.00000000 0.00000000
vn -0.33812096 -0.46962911 -0.81555056
vn 0.00000000 1.00000000 0.00000000
vn -0.45818877 -0.47358839 -0.75218156
vn 0.00000000 1.00000000 0.00000000
vn -0.52287674 -0.47637881 -0.70686855
vn -0.57699873 -0.47079896 -0.66739853
vn 0.00000000 1.00000000 0.00000000
vn -0.51358238 -0.52668193 -0.67737676
vn -0.51358238 -0.52668193 -0.67737676
vn -0.62397943 -0.51868290 -0.58448073
vn -0.62397943 -0.51868290 -0.58448073
vn -0.53010387 -0.76020555 -0.37560274
vn -0.35792258 -0.86205438 -0.35882263
vn -0.41711985 -0.76613646 -0.48892327
vn -0.06690294 -0.99774377 0.00560025
vn -0.10920487 -0.99364427 -0.02730122
vn -0.07389671 -0.99675562 0.03189858
vn -0.02369956 -0.99768133 0.06379881
vn -0.53521378 -0.79392044 -0.28850743
vn -0.05640190 -0.99673355 0.05780195
vn -0.04829990 -0.99639804 0.06969986
vn -0.01290051 -0.99703936 0.07580299
vn -0.55219452 -0.82099185 -0.14509856
vn -0.81584311 -0.49486549 -0.29917914
vn -0.81584311 -0.49486549 -0.29917914
vn -0.73351840 -0.50811275 -0.45141133
vn -0.73351840 -0.50811275 -0.45141133
vn -0.54352404 -0.83833708 -0.04210186
vn -0.55243791 -0.83165707 0.05620386
vn -0.04610012 -0.99590256 0.07780020
vn -0.86484877 -0.48392729 -0.13360754
vn -0.86484877 -0.48392729 -0.13360754
vn -0.88196285 -0.46988021 0.03679845
vn -0.88196285 -0.46988021 0.03679845
vn 0.00000000 1.00000000 0.00000000
vn -0.89272719 -0.42461293 -0.15080459
vn 0.00000000 1.00000000 0.00000000
vn -0.90818877 -0.41449487 -0.05819928
vn 0.00000000 1.00000000 0.00000000
vn -0.91252085 -0.40820933 0.02590059
vn -0.90953279 -0.39741433 0.12170439
vn 0.00000000 1.00000000 0.00000000
vn 0.00000000 1.00000000 0.00000000
vn -0.89751833 -0.39110799 0.20370416
vn -0.86761816 -0.45190946 0.20740434
vn -0.86761816 -0.45190946 0.20740434
vn -0.87632493 -0.38051083 0.29540840
vn 0.00000000 1.00000000 0.00000000
vn -0.84791693 -0.37430747 0.37540750
vn 0.00000000 1.00000000 0.00000000
vn -0.80779405 -0.36419732 0.46349659
vn 0.00000000 1.00000000 0.00000000
vn 0.00000000 1.00000000 0.00000000
vn -0.76554383 -0.35912056 0.53383056
vn -0.71330402 -0.35000197 0.60720342
vn 0.00000000 1.00000000 0.00000000
vn -0.54806928 -0.81845412 0.17249033
vn -0.04830155 -0.99513199 0.08590276
vn -0.01120031 -0.99682735 0.07880216
vn -0.01070004 -0.99690373 0.07790029
vn -0.01119964 -0.99696838 0.07699756
vn -0.02009917 -0.99675880 0.07789678
vn -0.01810079 -0.99684329 0.07730336
vn -0.01959910 -0.99685414 0.07679647
vn -0.31218390 -0.94715117 0.07379620
vn -0.34980485 -0.93401294 0.07250100
vn -0.44869348 -0.89098706 0.06939899
vn -0.34139189 -0.93737772 0.06909836
vn -0.43092073 -0.89994330 0.06640319
vn -0.65946696 -0.75046241 0.04369781
vn -0.69680584 -0.71300598 -0.07800065
vn -0.46578935 -0.88487976 -0.00529988
vn -0.28610366 -0.95801225 0.01890024
vn -0.44597807 -0.82525942 -0.34648296
vn -0.09940073 -0.99490733 0.01670012
vn -0.04580091 -0.99661971 0.06820135
vn -0.63859709 -0.53669756 -0.55149749
vn -0.01809924 -0.99675793 0.07839669
vn -0.01959965 -0.99668203 0.07899858
vn -0.87258433 -0.43039227 -0.23099585
vn 0.00000000 1.00000000 0.00000000
vn -0.83865540 -0.44017659 -0.32078294
vn 0.00000000 1.00000000 0.00000000
vn -0.80226312 -0.44557952 -0.39728174
vn 0.00000000 1.00000000 0.00000000
vn -0.75351755 -0.45461059 -0.47491106
vn 0.00000000 1.00000000 0.00000000
vn -0.70406711 -0.45897856 -0.54187469
vn 0.00000000 1.00000000 0.00000000
vn 0.00000000 1.00000000 0.00000000
vn -0.63990049 -0.46710036 -0.61020047
vn 0.00000000 1.00000000 0.00000000
vn -0.08999936 -0.48189659 -0.87159382
vn 0.00000000 1.00000000 0.00000000
vn 0.00000000 -0.48390987 -0.87511784
vn 0.00000000 1.00000000 0.00000000
vn 0.08999936 -0.48189659 -0.87159382
vn 0.00000000 1.00000000 0.00000000
vn 0.17650433 -0.48251184 -0.85792106
vn 0.25279440 -0.47448948 -0.84318131
vn 0.00000000 1.00000000 0.00000000
vn 0.16589509 -0.46058637 -0.87197420
vn 0.40860596 -0.46000670 -0.78831149
vn 0.40860596 -0.46000670 -0.78831149
vn 0.14479902 -0.38379741 -0.91199385
vn 0.14479902 -0.38379741 -0.91199385
vn 0.34510936 -0.33790916 -0.87562374
vn 0.34510936 -0.33790916 -0.87562374
vn 0.34510936 -0.33790916 -0.87562374
vn 0.16339904 -0.16599902 -0.97249426
vn 0.00000000 -0.32291011 -0.94642964
vn 0.00000000 -0.32291011 -0.94642964
vn -0.00110003 -0.15930466 -0.98722886
vn 0.00000000 -0.15539257 -0.98785280
vn 0.51358238 -0.52668193 -0.67737676
vn 0.51358238 -0.52668193 -0.67737676
vn 0.37040599 -0.78761273 -0.49240796
vn 0.45818877 -0.47358839 -0.75218156
vn 0.00000000 1.00000000 0.00000000
vn 0.33812096 -0.46962911 -0.81555056
vn 0.00000000 1.00000000 0.00000000
vn 0.52287674 -0.47637881 -0.70686855
vn 0.00000000 1.00000000 0.00000000
vn 0.57699873 -0.47079896 -0.66739853
vn 0.00000000 1.00000000 0.00000000
vn 0.63990049 -0.46710036 -0.61020047
vn 0.00000000 1.00000000 0.00000000
vn 0.70406711 -0.45897856 -0.54187469
vn 0.00000000 1.00000000 0.00000000
vn 0.10920487 -0.99364427 -0.02730122
vn 0.47738681 -0.77317864 -0.41748847
vn 0.55439527 -0.33649713 0.76119351
vn 0.00000000 1.00000000 0.00000000
vn 0.51872574 -0.33531664 0.78643903
vn 0.00000000 1.00000000 0.00000000
vn 0.00000000 1.00000000 0.00000000
vn -0.12710562 -0.14150626 0.98174342
vn 0.00000000 1.00000000 0.00000000
vn -0.24910853 -0.15350526 0.95623275
vn -0.33609541 -0.16819770 0.92668733
vn 0.00000000 1.00000000 0.00000000
vn -0.43471596 -0.19350710 0.87953228
vn 0.00000000 1.00000000 0.00000000
vn -0.43471596 -0.19350710 0.87953228
vn 0.00000000 1.00000000 0.00000000
vn -0.68712907 -0.21840924 0.69292932
vn -0.03159976 -0.04259967 0.99859237
vn 0.00000000 0.09729565 0.99525552
vn 0.16419794 -0.07609904 0.98348766
vn -0.19939260 0.02239917 0.97966365
vn 0.12049499 -0.14369402 0.98225912
vn 0.00000000 -1.00000000 0.00000000
vn -0.12049499 -0.14369402 0.98225912
vn 0.00000000 -1.00000000 0.00000000
vn 0.00000000 -1.00000000 0.00000000
vn 0.00000000 -0.13859292 0.99034943
vn 0.00000000 -1.00000000 0.00000000
vn -0.24420349 -0.15340219 0.95751367
vn 0.00000000 -1.00000000 0.00000000
vn -0.31890085 -0.17280046 0.93190249
vn -0.42759281 -0.19319675 0.88308516
vn -0.42759281 -0.19319675 0.88308516
vn 0.00000000 -1.00000000 0.00000000
vn -0.67079972 -0.21529991 0.70969971
vn 0.00000000 -1.00000000 0.00000000
vn -0.43521154 -0.15130401 0.88752353
vn -0.43521154 -0.15130401 0.88752353
vn -0.78865744 -0.08029567 0.60956710
vn -0.48221472 0.10000305 0.87032658
vn -0.48221472 0.10000305 0.87032658
vn -0.18819210 0.09569598 0.97745896
vn -0.73328745 0.06619887 0.67668842
vn -0.88870201 0.04470010 0.45630103
vn -0.86063120 -0.05050183 0.50671837
vn 0.00000000 -1.00000000 0.00000000
vn -0.92544568 -0.20931033 0.31581559
vn -0.92455168 -0.22438827 0.30798391
vn 0.00000000 -1.00000000 0.00000000
vn 0.00000000 -1.00000000 0.00000000
vn -0.84413017 -0.26960963 0.46341656
vn -0.73632394 -0.21120687 0.64282090
vn 0.00000000 -1.00000000 0.00000000
vn -0.68941373 -0.31660631 0.65151298
vn -0.57480235 -0.33360136 0.74720305
vn 0.00000000 -1.00000000 0.00000000
vn -0.69850864 0.06960086 0.71220881
vn -0.62320493 -0.20280161 0.75530598
vn -0.58130749 0.07930102 0.80981044
vn -0.57832495 -0.22510971 0.78413383
vn -0.51870835 -0.33540540 0.78641266
vn 0.00000000 -1.00000000 0.00000000
vn -0.54430475 -0.33520293 0.76900672
vn 0.00000000 -1.00000000 0.00000000
vn -0.55351834 -0.33651115 0.76182524
vn 0.00000000 -1.00000000 0.00000000
vn -0.58628189 -0.33788956 0.73627725
vn 0.00000000 -1.00000000 0.00000000
vn -0.64951523 -0.34530810 0.67741589
vn 0.00000000 -1.00000000 0.00000000
vn -0.70612185 -0.04400136 0.70672187
vn 0.00000000 -1.00000000 0.00000000
vn -0.71297673 -0.35018857 0.60748017
vn -0.76034795 -0.35832260 0.54173417
vn 0.00000000 -1.00000000 0.00000000
vn -0.82839274 -0.05839949 0.55709512
vn 0.00000000 -1.00000000 0.00000000
vn -0.80793308 -0.36411491 0.46331897
vn 0.00000000 -1.00000000 0.00000000
vn -0.84368978 -0.37329548 0.38579533
vn 0.00000000 -1.00000000 0.00000000
vn -0.87629904 -0.38049958 0.29549968
vn -0.91909927 -0.07459994 0.38689969
vn -0.92378386 0.03729935 0.38109334
vn -0.97516680 -0.09279684 0.20109315
vn -0.83301892 0.05390122 0.55061251
vn -0.71090986 0.06880095 0.69990971
vn -0.60580661 0.07770085 0.79180864
vn -0.98075591 0.01900108 0.19431108
vn -0.99373183 -0.11150357 0.00800026
vn 0.00000000 -1.00000000 0.00000000
vn -0.90952172 -0.39740949 0.12180291
vn 0.00000000 -1.00000000 0.00000000
vn -0.89535113 -0.38997871 0.21508826
vn 0.00000000 -1.00000000 0.00000000
vn -0.91263806 -0.40701697 0.03780158
vn -0.90822641 -0.41441205 -0.05820169
vn 0.00000000 -1.00000000 0.00000000
vn 0.00000000 -1.00000000 0.00000000
vn -0.89499732 -0.42359873 -0.13979958
vn -0.97410739 -0.13010099 -0.18490140
vn -0.87256417 -0.43038233 -0.23109051
vn 0.00000000 -1.00000000 0.00000000
vn -0.84288489 -0.43919213 -0.31089443
vn 0.00000000 -1.00000000 0.00000000
vn 0.00000000 -1.00000000 0.00000000
vn -0.80232685 -0.44561491 -0.39711329
vn -0.91708196 -0.14779709 -0.37029272
vn -0.98071778 -0.01900034 -0.19450353
vn -0.92369532 -0.03739981 -0.38129807
vn -0.79187359 -0.34748841 -0.50218325
vn -0.70391637 -0.45881067 -0.54221261
vn 0.00000000 -1.00000000 0.00000000
vn -0.83121165 -0.05420076 -0.55330775
vn -0.67342450 -0.36081313 -0.64522347
vn 0.00000000 -1.00000000 0.00000000
vn -0.75891797 -0.45381074 -0.46701106
vn -0.57651542 -0.47051259 -0.66801787
vn 0.00000000 -1.00000000 0.00000000
vn -0.70661066 -0.06920104 -0.70421062
vn -0.53320354 -0.36810244 -0.76170505
vn -0.64629317 -0.46649507 -0.60389361
vn 0.00000000 -1.00000000 0.00000000
vn -0.52900947 -0.47560851 -0.70281258
vn 0.00000000 -1.00000000 0.00000000
vn 0.00000000 -1.00000000 0.00000000
vn -0.44882070 -0.46952165 -0.76033506
vn -0.55520650 -0.08150095 -0.82770969
vn -0.36460164 -0.37320168 -0.85310383
vn -0.25738636 -0.47667473 -0.84055545
vn 0.00000000 -1.00000000 0.00000000
vn -0.18550509 -0.37921040 -0.90652487
vn -0.38250098 -0.09060023 -0.91950236
vn -0.34421005 -0.46941370 -0.81312374
vn 0.00000000 -1.00000000 0.00000000
vn -0.19460615 -0.09540302 -0.97623087
vn 0.00000000 -0.09760250 -0.99522548
vn 0.00000000 -0.41011517 -0.91203374
vn 0.24949696 -0.35339569 -0.90158901
vn 0.19460615 -0.09540302 -0.97623087
vn 0.00000000 -0.48390987 -0.87511784
vn 0.00000000 -1.00000000 0.00000000
vn 0.00000000 -1.00000000 0.00000000
vn 0.08999503 -0.48197336 -0.87155182
vn 0.00000000 -1.00000000 0.00000000
vn -0.08990367 -0.48201970 -0.87153562
vn -0.17809968 -0.48249913 -0.85759845
vn 0.00000000 -1.00000000 0.00000000
vn 0.00000000 -1.00000000 0.00000000
vn 0.17818791 -0.48256724 -0.85754179
vn 0.25741089 -0.47652016 -0.84063557
vn 0.00000000 -1.00000000 0.00000000
vn 0.00000000 -1.00000000 0.00000000
vn 0.34419822 -0.46929757 -0.81319578
vn 0.42711041 -0.34420839 -0.83612038
vn 0.58981155 -0.33840663 -0.73321436
vn 0.55490703 -0.08150103 -0.82791049
vn 0.38230199 -0.09040047 -0.91960478
vn 0.70660576 -0.06930057 -0.70420574
vn 0.72351738 -0.33110795 -0.60571455
vn 0.83113023 -0.05430197 -0.55342013
vn 0.92370221 -0.03720009 -0.38130091
vn 0.83299460 -0.31709794 -0.45339706
vn 0.91071881 -0.30120622 -0.28260584
vn 0.70391637 -0.45881067 -0.54221261
vn 0.00000000 -1.00000000 0.00000000
vn 0.75891797 -0.45381074 -0.46701106
vn 0.00000000 -1.00000000 0.00000000
vn 0.80229110 -0.44569506 -0.39709559
vn 0.00000000 -1.00000000 0.00000000
vn 0.84288489 -0.43919213 -0.31089443
vn 0.00000000 -1.00000000 0.00000000
vn 0.87260172 -0.43030085 -0.23110046
vn 0.00000000 -1.00000000 0.00000000
vn 0.89499732 -0.42359873 -0.13979958
vn 0.00000000 -1.00000000 0.00000000
vn 0.95360671 -0.28410200 -0.09960070
vn 0.95985119 -0.26631420 0.08810470
vn 1.00000000 0.00000000 0.00000000
vn 0.98073685 -0.01900071 -0.19440730
vn 0.98073685 0.01900071 0.19440730
vn 0.92373398 0.03730137 0.38121403
vn 0.92923836 -0.24841025 0.27351129
vn 0.86281242 -0.23110333 0.44960647
vn 0.00000000 -1.00000000 0.00000000
vn 0.89535113 -0.38997871 0.21508826
vn 0.00000000 -1.00000000 0.00000000
vn 0.90952172 -0.39740949 0.12180291
vn 0.91260435 -0.40710194 0.03770018
vn 0.00000000 -1.00000000 0.00000000
vn 0.90822641 -0.41441205 -0.05820169
vn 0.00000000 -1.00000000 0.00000000
vn 0.87629904 -0.38049958 0.29549968
vn 0.00000000 -1.00000000 0.00000000
vn 0.00000000 -1.00000000 0.00000000
vn 0.84368978 -0.37329548 0.38579533
vn 0.80793308 -0.36411491 0.46331897
vn 0.00000000 -1.00000000 0.00000000
vn 0.00000000 -1.00000000 0.00000000
vn 0.76039014 -0.35829535 0.54169297
vn 0.76433750 -0.21581059 0.60762981
vn 0.63711108 -0.20280353 0.74361294
vn 0.71095932 0.06879606 0.69985995
vn 0.83273902 0.05400253 0.55102582
vn 0.60580661 0.07770085 0.79180864
vn 0.58137370 0.07929641 0.80976336
vn 0.52631866 -0.19540693 0.82752934
vn 0.59029475 -0.03799966 0.80629283
vn 0.55351834 -0.33651115 0.76182524
vn 0.00000000 -1.00000000 0.00000000
vn 0.00000000 -1.00000000 0.00000000
vn 0.58628189 -0.33788956 0.73627725
vn 0.64951523 -0.34530810 0.67741589
vn 0.00000000 -1.00000000 0.00000000
vn 0.00000000 -1.00000000 0.00000000
vn 0.71297673 -0.35018857 0.60748017
vn 0.00000000 -1.00000000 0.00000000
vn 0.51870835 -0.33540540 0.78641266
vn 0.00000000 -1.00000000 0.00000000
vn 0.54430475 -0.33520293 0.76900672
vn 0.00000000 -1.00000000 0.00000000
vn 0.57473538 -0.33362054 0.74724600
vn 0.69366101 -0.18678950 0.69566090
vn 0.00000000 -1.00000000 0.00000000
vn 0.68941373 -0.31660631 0.65151298
vn 0.84413017 -0.26960963 0.46341656
vn 0.00000000 -1.00000000 0.00000000
vn 0.88391401 -0.16780266 0.43650692
vn 0.00000000 -1.00000000 0.00000000
vn 0.92458015 -0.22439518 0.30789339
vn 0.92544568 -0.20931033 0.31581559
vn 0.00000000 -1.00000000 0.00000000
vn 0.83542096 -0.22350561 0.50211260
vn 0.00000000 -1.00000000 0.00000000
vn 0.67079972 -0.21529991 0.70969971
vn 0.00000000 -1.00000000 0.00000000
vn 0.77638599 -0.12719770 0.61728886
vn 0.35118482 -0.05019783 0.93495957
vn 0.35118482 -0.05019783 0.93495957
vn 0.41809711 0.11499921 0.90109377
vn 0.41809711 0.11499921 0.90109377
vn 0.74993337 0.06380284 0.65842930
vn 0.88870201 0.04470010 0.45630103
vn 0.69850864 0.06960086 0.71220881
vn 0.18819210 0.09569598 0.97745896
vn 0.00000000 -1.00000000 0.00000000
vn 0.42759281 -0.19319675 0.88308516
vn 0.42759281 -0.19319675 0.88308516
vn 0.31890085 -0.17280046 0.93190249
vn 0.00000000 -1.00000000 0.00000000
vn 0.00000000 -1.00000000 0.00000000
vn 0.24420349 -0.15340219 0.95751367
vn 0.64632331 -0.46641682 -0.60392178
vn 0.00000000 -1.00000000 0.00000000
vn 0.57651542 -0.47051259 -0.66801787
vn 0.00000000 -1.00000000 0.00000000
vn 0.52900947 -0.47560851 -0.70281258
vn 0.00000000 -1.00000000 0.00000000
vn 0.44878657 -0.46948595 -0.76037725
vn 0.00000000 -1.00000000 0.00000000
vn -1.00000000 0.00000000 0.00000000
vn -0.83540228 -0.22360061 0.50210137
vn 0.00000000 -1.00000000 0.00000000
vt 0.19202400 0.01293700
vt 0.74283600 0.05199900
vt 0.73775600 0.05278100
vt 0.19269900 0.01837800
vt 0.21131100 0.01786200
vt 0.74648800 0.03398200
vt 0.50683400 0.71545500
vt 0.74744300 0.05402700
vt 0.62038400 0.08125900
vt 0.19425300 0.00800100
vt 0.74497000 0.03387500
vt 0.50671700 0.70812700
vt 0.74300300 0.03378500
vt 0.50663700 0.69814900
vt 0.50654600 0.69176800
vt 0.74167000 0.03369500
vt 0.19010100 0.01982700
vt 0.73526900 0.05028700
vt 0.50644300 0.68719000
vt 0.74063400 0.03358900
vt 0.50628500 0.68359000
vt 0.73951700 0.03337400
vt 0.18778200 0.02047900
vt 0.73326700 0.04828700
vt 0.73727000 0.03290500
vt 0.50595500 0.67630000
vt 0.50534200 0.66455000
vt 0.73325800 0.03191200
vt 0.72486900 0.04504200
vt 0.17980500 0.02520300
vt 0.50455800 0.64952100
vt 0.72822100 0.03065600
vt 0.72373600 0.02963600
vt 0.50392600 0.63481100
vt 0.71699800 0.02806900
vt 0.50294200 0.61211100
vt 0.17172000 0.03266600
vt 0.71458900 0.04332200
vt 0.16448700 0.04198100
vt 0.70352600 0.04211600
vt 0.18192100 0.02966100
vt 0.17501800 0.03604000
vt 0.18080600 0.03366900
vt 0.17563000 0.03766600
vt 0.16855200 0.04441000
vt 0.69198900 0.04144700
vt 0.15882000 0.05275700
vt 0.16329100 0.05431700
vt 0.17159000 0.04398100
vt 0.16705800 0.05392600
vt 0.17852900 0.04177100
vt 0.18554000 0.03932200
vt 0.17603600 0.05248100
vt 0.18626500 0.03037900
vt 0.18997300 0.02460800
vt 0.18746200 0.02566500
vt 0.18889100 0.02896200
vt 0.18875600 0.03816200
vt 0.18890400 0.05026800
vt 0.19141900 0.04982200
vt 0.19131100 0.03722000
vt 0.19262600 0.04964600
vt 0.19256600 0.03684900
vt 0.19083300 0.02797400
vt 0.19233700 0.02717700
vt 0.19395700 0.02669400
vt 0.19382700 0.03654500
vt 0.19444200 0.02246100
vt 0.21582300 0.02555100
vt 0.21416400 0.02049800
vt 0.19591600 0.02619600
vt 0.19640100 0.03608800
vt 0.21732400 0.03593000
vt 0.23430300 0.04922800
vt 0.23229700 0.03594300
vt 0.21845300 0.04922200
vt 0.19638600 0.04929400
vt 0.21901500 0.06292900
vt 0.23529700 0.06293300
vt 0.23554400 0.07684300
vt 0.24142400 0.06292800
vt 0.24028100 0.04921500
vt 0.24357900 0.04887100
vt 0.53958000 0.08440900
vt 0.23798800 0.03588900
vt 0.55461000 0.08408800
vt 0.24121800 0.03513900
vt 0.56758700 0.09241900
vt 0.23845100 0.02420700
vt 0.56683700 0.08405200
vt 0.55507400 0.09251500
vt 0.55546300 0.10332300
vt 0.56814500 0.10311400
vt 0.53968000 0.09282500
vt 0.52457100 0.09308800
vt 0.52468800 0.10383100
vt 0.53983700 0.10358100
vt 0.54003500 0.11433900
vt 0.52492500 0.11457400
vt 0.26239800 0.04887000
vt 0.54021300 0.12275500
vt 0.55543100 0.11414300
vt 0.56794000 0.11382400
vt 0.55524500 0.12257900
vt 0.26475600 0.03513900
vt 0.56746700 0.12221200
vt 0.26752600 0.02420700
vt 0.26569300 0.04921400
vt 0.26798900 0.03589200
vt 0.27167200 0.04922600
vt 0.27039500 0.02568900
vt 0.27367500 0.03594300
vt 0.28864900 0.03593000
vt 0.29015300 0.02555300
vt 0.27579600 0.02555100
vt 0.27702800 0.02046000
vt 0.29180900 0.02049800
vt 0.27172700 0.02129500
vt 0.27009000 0.01877400
vt 0.57393300 0.12146700
vt 0.27800000 0.01638900
vt 0.58284200 0.12278600
vt 0.29466300 0.01786200
vt 0.60126700 0.12222800
vt 0.29397700 0.01172400
vt 0.57435300 0.11328200
vt 0.59938200 0.11338200
vt 0.58198300 0.11320000
vt 0.59920000 0.10260200
vt 0.58186200 0.10288800
vt 0.57446200 0.10301000
vt 0.58164200 0.09257700
vt 0.57401400 0.09274800
vt 0.22797200 0.01638800
vt 0.58218500 0.08297100
vt 0.57332400 0.08458300
vt 0.23588600 0.01877400
vt 0.23424800 0.02129400
vt 0.23557700 0.02568900
vt 0.23017800 0.02555000
vt 0.22894500 0.02046000
vt 0.60061800 0.08291900
vt 0.21199800 0.01172500
vt 0.59902700 0.09182500
vt 0.62031500 0.09064200
vt 0.62047000 0.10225100
vt 0.64372400 0.10186700
vt 0.51090300 0.75371000
vt 0.62069800 0.11386100
vt 0.64375900 0.10650700
vt 0.51159300 0.75085300
vt 0.64396400 0.11446900
vt 0.51284400 0.74686000
vt 0.31172100 0.00800000
vt 0.39045500 0.05982100
vt 0.62107700 0.12323600
vt 0.51338600 0.74028800
vt 0.64382800 0.11825800
vt 0.51434700 0.73218300
vt 0.38618700 0.04067600
vt 0.64375400 0.12473600
vt 0.51475600 0.72355000
vt 0.38891000 0.04007700
vt 0.31394700 0.01293800
vt 0.39499800 0.05766000
vt 0.40010200 0.05829700
vt 0.31327700 0.01837700
vt 0.51509000 0.70812700
vt 0.39234800 0.03960400
vt 0.39083400 0.03975600
vt 0.51497200 0.71545500
vt 0.39431300 0.03945800
vt 0.51516900 0.69814900
vt 0.39564300 0.03933000
vt 0.51526000 0.69176800
vt 0.40251600 0.05573200
vt 0.31587300 0.01982700
vt 0.51536300 0.68719000
vt 0.39667500 0.03919400
vt 0.39778600 0.03895000
vt 0.51552100 0.68359000
vt 0.40002100 0.03841900
vt 0.51585100 0.67630000
vt 0.31819200 0.02047900
vt 0.40446500 0.05368100
vt 0.31599800 0.02460800
vt 0.41277100 0.05019500
vt 0.32616800 0.02520200
vt 0.31851500 0.02566600
vt 0.31970900 0.03037900
vt 0.32405400 0.02966200
vt 0.32516800 0.03366800
vt 0.33095500 0.03604100
vt 0.33425400 0.03266400
vt 0.42300700 0.04818000
vt 0.43404600 0.04665000
vt 0.34148700 0.04197900
vt 0.51788000 0.63481100
vt 0.41346200 0.03476600
vt 0.51886400 0.61211100
vt 0.42015000 0.03300700
vt 0.42467100 0.03205700
vt 0.51938500 0.59430000
vt 0.52026800 0.56421200
vt 0.43196100 0.03047800
vt 0.52064700 0.54502400
vt 0.43632200 0.02974400
vt 0.52137200 0.50819400
vt 0.44416300 0.02832300
vt 0.44557800 0.04562800
vt 0.34715600 0.05275600
vt 0.33742300 0.04441000
vt 0.34268300 0.05431700
vt 0.35065900 0.06449800
vt 0.45741200 0.04514500
vt 0.34595500 0.06526100
vt 0.52159300 0.48918500
vt 0.44821300 0.02781400
vt 0.52208800 0.44650100
vt 0.45653700 0.02677600
vt 0.35187800 0.07672300
vt 0.46958200 0.04493700
vt 0.52216900 0.42890200
vt 0.46022500 0.02639600
vt 0.52238800 0.38148200
vt 0.46901100 0.02537600
vt 0.34710300 0.07673900
vt 0.35073400 0.08894700
vt 0.48200600 0.04479200
vt 0.34602400 0.08821900
vt 0.34731400 0.10070100
vt 0.49453100 0.04463300
vt 0.52235400 0.36620900
vt 0.47226200 0.02506300
vt 0.48151500 0.02402600
vt 0.52224200 0.31559400
vt 0.48426700 0.02376800
vt 0.52213000 0.30320900
vt 0.49400900 0.02270800
vt 0.52165700 0.25139800
vt 0.52149900 0.24210000
vt 0.49625500 0.02251000
vt 0.50648300 0.02145800
vt 0.52064000 0.19157500
vt 0.34175100 0.11150500
vt 0.50708600 0.04446500
vt 0.33452800 0.12101600
vt 0.51959800 0.04421800
vt 0.33765600 0.10911800
vt 0.34282600 0.09917700
vt 0.34181100 0.08847600
vt 0.33905700 0.09960600
vt 0.33008000 0.10113900
vt 0.33461700 0.10958100
vt 0.32769200 0.11187100
vt 0.32547200 0.12007700
vt 0.32067600 0.11439100
vt 0.31998000 0.12344100
vt 0.31855200 0.12849800
vt 0.31737300 0.12483600
vt 0.31622200 0.12938600
vt 0.31742600 0.11557600
vt 0.31483200 0.11651200
vt 0.31536700 0.12582900
vt 0.31453500 0.13072100
vt 0.31368400 0.12666900
vt 0.31352900 0.11685200
vt 0.31254700 0.13129500
vt 0.31197900 0.12679300
vt 0.31029500 0.13096300
vt 0.30991600 0.12715000
vt 0.29112400 0.13064400
vt 0.30871500 0.13384200
vt 0.40661500 0.12759400
vt 0.29150800 0.13409600
vt 0.42557200 0.12525200
vt 0.42552800 0.11654000
vt 0.44286500 0.11599800
vt 0.27591600 0.13293600
vt 0.44273100 0.12449100
vt 0.27150500 0.12897200
vt 0.44975500 0.12353700
vt 0.26979800 0.13123900
vt 0.27659200 0.12976300
vt 0.29002400 0.12666900
vt 0.27578300 0.12599800
vt 0.28869200 0.11708600
vt 0.27375300 0.11671800
vt 0.26807100 0.11665900
vt 0.27043000 0.12574400
vt 0.46586000 0.12389100
vt 0.26489700 0.11756700
vt 0.26762600 0.12731700
vt 0.45474300 0.12381800
vt 0.45387200 0.11553400
vt 0.44934500 0.11534700
vt 0.44294300 0.10517900
vt 0.44903700 0.10507900
vt 0.45352500 0.09447400
vt 0.44900600 0.09480900
vt 0.45322800 0.10501000
vt 0.46472200 0.10482000
vt 0.46521800 0.11554000
vt 0.46486400 0.09409400
vt 0.47964700 0.09382900
vt 0.47951900 0.08542600
vt 0.24354300 0.10458700
vt 0.46523100 0.08572400
vt 0.24108300 0.11756500
vt 0.23835500 0.12731500
vt 0.45412200 0.08616500
vt 0.23554900 0.12574200
vt 0.23790700 0.11665700
vt 0.24026300 0.10417600
vt 0.23019500 0.12599700
vt 0.23222300 0.11671700
vt 0.21728600 0.11708500
vt 0.21844700 0.10429900
vt 0.23429200 0.10419600
vt 0.21901700 0.09076200
vt 0.23530300 0.09075200
vt 0.24142900 0.09075400
vt 0.24503800 0.07684300
vt 0.50942400 0.08491000
vt 0.24170900 0.07684300
vt 0.24475000 0.09088200
vt 0.49431200 0.08515900
vt 0.49455100 0.09357700
vt 0.50956300 0.09332900
vt 0.47982200 0.10457100
vt 0.49479300 0.10432400
vt 0.50991700 0.11482700
vt 0.49490500 0.11507400
vt 0.50974000 0.10407800
vt 0.48000200 0.11531700
vt 0.51005600 0.12324900
vt 0.26093500 0.07684300
vt 0.49494400 0.12349600
vt 0.26122700 0.09088400
vt 0.48015000 0.12371800
vt 0.26243500 0.10458900
vt 0.26454800 0.09075400
vt 0.26571200 0.10417500
vt 0.27168600 0.10419500
vt 0.28753200 0.10429900
vt 0.27067300 0.09075200
vt 0.28696000 0.09076200
vt 0.28682400 0.07684600
vt 0.30960000 0.07685100
vt 0.30960600 0.09074500
vt 0.31212600 0.07685800
vt 0.31214500 0.09067900
vt 0.30960300 0.10437000
vt 0.31217400 0.10419100
vt 0.30957800 0.11745600
vt 0.31221100 0.11709300
vt 0.31342100 0.10407800
vt 0.31455900 0.09057500
vt 0.31335700 0.09063700
vt 0.31465600 0.10391500
vt 0.31706600 0.09039600
vt 0.31719100 0.10346300
vt 0.32132700 0.09006300
vt 0.32106100 0.10275700
vt 0.33157700 0.08925900
vt 0.34274500 0.07675700
vt 0.33208100 0.07680200
vt 0.33151100 0.06434800
vt 0.32140300 0.07684200
vt 0.34174400 0.06504300
vt 0.33891900 0.05392500
vt 0.33438600 0.04398000
vt 0.32993800 0.05247800
vt 0.32744800 0.04177000
vt 0.32043400 0.03932300
vt 0.31707400 0.05026900
vt 0.32092500 0.05094200
vt 0.31721600 0.03816200
vt 0.31708400 0.02896100
vt 0.31455700 0.04982200
vt 0.31466500 0.03722000
vt 0.31334900 0.04964600
vt 0.31341200 0.03685000
vt 0.31514200 0.02797400
vt 0.31363700 0.02717800
vt 0.31153300 0.02246200
vt 0.31201800 0.02669400
vt 0.31214700 0.03654500
vt 0.30959100 0.04929300
vt 0.31213000 0.04950600
vt 0.31005900 0.02619600
vt 0.30957400 0.03608800
vt 0.28752300 0.04922000
vt 0.28696000 0.06293000
vt 0.27067800 0.06293200
vt 0.27043300 0.07684300
vt 0.26455400 0.06292900
vt 0.26123200 0.06281300
vt 0.52516200 0.12299100
vt 0.26426700 0.07684200
vt 0.30959700 0.06295900
vt 0.31212200 0.06303900
vt 0.31332300 0.06309200
vt 0.31332500 0.07686300
vt 0.31451400 0.06315900
vt 0.31701300 0.06332500
vt 0.31451400 0.07686500
vt 0.31701100 0.07685800
vt 0.32126500 0.06362500
vt 0.33034500 0.03766400
vt 0.52453000 0.08466900
vt 0.24474600 0.06281200
vt 0.21915200 0.07684600
vt 0.19638000 0.06295800
vt 0.19637600 0.07685100
vt 0.19637100 0.09074400
vt 0.19384900 0.07685800
vt 0.19385300 0.06303900
vt 0.19384500 0.04950600
vt 0.19265300 0.06309200
vt 0.19265100 0.07686400
vt 0.19146200 0.06315900
vt 0.18896500 0.06332600
vt 0.19146200 0.07686400
vt 0.18896600 0.07685900
vt 0.19141900 0.09057400
vt 0.19261800 0.09063600
vt 0.19380000 0.10419300
vt 0.19255200 0.10407800
vt 0.19383100 0.09067900
vt 0.19637300 0.10436900
vt 0.19639800 0.11745500
vt 0.21595600 0.12666700
vt 0.19376500 0.11709400
vt 0.19606100 0.12714600
vt 0.19399600 0.12679500
vt 0.19569100 0.13095900
vt 0.21485700 0.13064300
vt 0.22939000 0.12976300
vt 0.44209500 0.08588800
vt 0.23006600 0.13293400
vt 0.21447700 0.13409400
vt 0.42492000 0.08569200
vt 0.42516200 0.09440100
vt 0.40589500 0.08397800
vt 0.19726800 0.13384000
vt 0.44250900 0.09437200
vt 0.44914600 0.08661000
vt 0.23618100 0.13123500
vt 0.23447400 0.12897000
vt 0.19344000 0.13129500
vt 0.40761400 0.09424800
vt 0.40058900 0.09389000
vt 0.58003800 0.04704500
vt 0.40122600 0.08363100
vt 0.19394400 0.13506300
vt 0.58926000 0.04774000
vt 0.59275600 0.04442100
vt 0.19002500 0.13481400
vt 0.58041800 0.04230100
vt 0.56881000 0.04238000
vt 0.58068200 0.01645300
vt 0.50858400 0.04105800
vt 0.50647000 0.06039100
vt 0.59233200 0.01698100
vt 0.50635500 0.06136600
vt 0.59303900 0.01700500
vt 0.50444900 0.09231800
vt 0.60451500 0.01771700
vt 0.50432600 0.09461700
vt 0.60546000 0.01778400
vt 0.61656400 0.01846200
vt 0.50273000 0.13456300
vt 0.17980300 0.12894900
vt 0.60568600 0.04253100
vt 0.61803300 0.04247600
vt 0.17145000 0.12101800
vt 0.17474200 0.11763600
vt 0.18178200 0.12430800
vt 0.18742800 0.12850000
vt 0.18050700 0.12007900
vt 0.17533700 0.11598300
vt 0.17136300 0.10958200
vt 0.17828600 0.11187300
vt 0.16832200 0.10912100
vt 0.16692100 0.09960600
vt 0.16416800 0.08847600
vt 0.17589700 0.10113900
vt 0.16315300 0.09917900
vt 0.64307900 0.04205000
vt 0.15866500 0.10070300
vt 0.16422900 0.11150700
vt 0.63053400 0.04230100
vt 0.15995400 0.08822200
vt 0.15887200 0.07674100
vt 0.16323300 0.07676000
vt 0.65559600 0.04179600
vt 0.15524300 0.08894900
vt 0.66801000 0.04153300
vt 0.15410000 0.07672500
vt 0.49956400 0.31559400
vt 0.65540000 0.02102800
vt 0.49945200 0.36620900
vt 0.66468300 0.02175800
vt 0.49941900 0.38148200
vt 0.66794000 0.02196400
vt 0.67675700 0.02269500
vt 0.49963700 0.42890200
vt 0.49971800 0.44650100
vt 0.68045100 0.02295400
vt 0.15531700 0.06450100
vt 0.68016600 0.04134100
vt 0.68880800 0.02372300
vt 0.50021400 0.48918500
vt 0.69286500 0.02410300
vt 0.50043400 0.50819400
vt 0.70074800 0.02529000
vt 0.50116000 0.54502400
vt 0.50153900 0.56421200
vt 0.70512100 0.02589000
vt 0.71245700 0.02725100
vt 0.50242200 0.59430000
vt 0.16002100 0.06526300
vt 0.16423300 0.06504600
vt 0.17446300 0.06434800
vt 0.17389400 0.07680200
vt 0.17439800 0.08926100
vt 0.18457200 0.07684300
vt 0.18465000 0.09006300
vt 0.18491500 0.10275800
vt 0.18891000 0.09039600
vt 0.18878700 0.10346200
vt 0.19132500 0.10391400
vt 0.18855400 0.11557600
vt 0.19114600 0.11651200
vt 0.19244600 0.11685200
vt 0.19229300 0.12666800
vt 0.19061400 0.12583200
vt 0.18860500 0.12483600
vt 0.18976200 0.12938700
vt 0.18599700 0.12344200
vt 0.18530100 0.11439300
vt 0.19144800 0.13072100
vt 0.18471000 0.06362600
vt 0.18504900 0.05094300
vt 0.65264300 0.02086100
vt 0.49967700 0.30320900
vt 0.64286900 0.02012100
vt 0.50014900 0.25139800
vt 0.64061900 0.01999900
vt 0.50030700 0.24210000
vt 0.63035900 0.01928700
vt 0.50116700 0.19157500
vt 0.62859400 0.01919700
vt 0.50133600 0.18517200
vt 0.50257400 0.13849800
vt 0.61788900 0.01852700
vt 0.50867100 0.04079600
vt 0.58016900 0.01645100
vt 0.51090300 0.03409100
vt 0.56835100 0.01639900
vt 0.51313500 0.04079600
vt 0.55654000 0.01687400
vt 0.51322300 0.04105800
vt 0.55602800 0.01689300
vt 0.54440600 0.01783800
vt 0.51533600 0.06039100
vt 0.55720700 0.04271800
vt 0.31595600 0.13481400
vt 0.54495000 0.04527700
vt 0.40098400 0.11786000
vt 0.55775400 0.04744500
vt 0.40196000 0.12809700
vt 0.31204200 0.13506400
vt 0.54856300 0.04846700
vt 0.40799400 0.11727000
vt 0.56889600 0.04713600
vt 0.40078600 0.10587500
vt 0.40787800 0.10575800
vt 0.42561400 0.10546500
vt 0.32617600 0.12894700
vt 0.53195300 0.04384300
vt 0.32419800 0.12430700
vt 0.53225900 0.01900600
vt 0.51735700 0.09231800
vt 0.54370000 0.01788700
vt 0.51545100 0.06136600
vt 0.53131600 0.01910600
vt 0.51748000 0.09461700
vt 0.52024400 0.02017000
vt 0.51907600 0.13456300
vt 0.51892000 0.02028100
vt 0.51923200 0.13849800
vt 0.50824600 0.02130800
vt 0.52047000 0.18517200
vt 0.33064300 0.11597900
vt 0.33123500 0.11763500
vt 0.40900400 0.03591300
vt 0.51724800 0.64952100
vt 0.40400500 0.03731200
vt 0.51646400 0.66455000
vt 0.51021300 0.75085300
vt 0.64360700 0.09723000
vt 0.50896200 0.74686000
vt 0.64354800 0.08926700
vt 0.64328700 0.08548400
vt 0.50842100 0.74028800
vt 0.75115900 0.03476700
vt 0.50745900 0.73218300
vt 0.64300000 0.07901200
vt 0.50705000 0.72355000
vt 0.74842300 0.03424700
vt 0.65910300 0.10161300
vt 0.66072000 0.10158700
vt 0.65931200 0.11487000
vt 0.65887400 0.08836000
vt 0.64412200 0.10639100
vt 0.51157700 0.75112400
vt 0.64397200 0.09733300
vt 0.51022900 0.75112400
vt 0.51090300 0.75391400
vt 0.64408800 0.10186100
vt 0.50895900 0.74706800
vt 0.64391300 0.08924500
vt 0.50843000 0.74065300
vt 0.64365800 0.08555300
vt 0.75121900 0.03445500
vt 0.64336700 0.07897500
vt 0.50745300 0.73241600
vt 0.74843800 0.03392600
vt 0.50703800 0.72364400
vt 0.65812000 0.07750900
vt 0.75364300 0.02189100
vt 0.74906500 0.02127200
vt 0.65973400 0.07739100
vt 0.75382700 0.02047800
vt 0.66049700 0.08818800
vt 0.74914200 0.01986900
vt 0.74648100 0.01990900
vt 0.74645000 0.02130400
vt 0.50670700 0.70829200
vt 0.74500700 0.03355900
vt 0.74308900 0.03347100
vt 0.50663000 0.69856500
vt 0.50654100 0.69234500
vt 0.74179000 0.03338400
vt 0.74459600 0.02125600
vt 0.50643600 0.68768100
vt 0.74073500 0.03327500
vt 0.73964600 0.03306600
vt 0.50628200 0.68417200
vt 0.74473200 0.01984700
vt 0.74046200 0.02063700
vt 0.74070100 0.01925400
vt 0.73098500 0.01879200
vt 0.73344400 0.03162000
vt 0.50534800 0.66528500
vt 0.73735200 0.03258700
vt 0.50594500 0.67673100
vt 0.72829500 0.03033600
vt 0.50454700 0.64992300
vt 0.72393200 0.02934400
vt 0.50393100 0.63560900
vt 0.71704900 0.02774300
vt 0.50292700 0.61242500
vt 0.71879200 0.01670700
vt 0.50242100 0.59512500
vt 0.71263900 0.02694900
vt 0.70515400 0.02556000
vt 0.50152000 0.56442400
vt 0.70616200 0.01530300
vt 0.50115300 0.54583400
vt 0.70091700 0.02497800
vt 0.50041300 0.50829500
vt 0.69288200 0.02376900
vt 0.50020100 0.48994500
vt 0.68896600 0.02340200
vt 0.69335200 0.01445900
vt 0.69342500 0.01297700
vt 0.68058300 0.01445700
vt 0.70630900 0.01390400
vt 0.71900600 0.01531800
vt 0.73124600 0.01741000
vt 0.68061300 0.01310600
vt 0.66791400 0.01463200
vt 0.49961800 0.42957900
vt 0.67690800 0.02237000
vt 0.49969600 0.44648200
vt 0.68045600 0.02261800
vt 0.49939600 0.38134000
vt 0.66793900 0.02162600
vt 0.66483100 0.02142900
vt 0.49942800 0.36677000
vt 0.49954200 0.31532600
vt 0.65539700 0.02068800
vt 0.65534200 0.01487900
vt 0.65279200 0.02053000
vt 0.49964800 0.30362600
vt 0.64286600 0.01977900
vt 0.50012800 0.25100600
vt 0.50027500 0.24234500
vt 0.64077000 0.01966500
vt 0.64282200 0.01512800
vt 0.65534300 0.01348600
vt 0.64281300 0.01372400
vt 0.63033000 0.01537100
vt 0.62874700 0.01886000
vt 0.50130200 0.18522400
vt 0.63032300 0.01395700
vt 0.61787100 0.01557000
vt 0.50114700 0.19106400
vt 0.63035700 0.01894300
vt 0.61671700 0.01812300
vt 0.50269600 0.13440100
vt 0.61787300 0.01417500
vt 0.60544000 0.01561600
vt 0.61788700 0.01818000
vt 0.50255800 0.13787500
vt 0.60545700 0.01743500
vt 0.50431500 0.09389300
vt 0.50441800 0.09196400
vt 0.60466400 0.01738000
vt 0.60546300 0.01422500
vt 0.59305500 0.01544500
vt 0.59249300 0.01664000
vt 0.50643700 0.05986200
vt 0.58069400 0.01525300
vt 0.59308100 0.01405000
vt 0.59304200 0.01665800
vt 0.50634800 0.06062100
vt 0.58069800 0.01384900
vt 0.56830600 0.01391900
vt 0.56833200 0.01532400
vt 0.55597300 0.01569500
vt 0.55591900 0.01429300
vt 0.56834500 0.01605000
vt 0.51090300 0.03328600
vt 0.51316500 0.04008300
vt 0.55637600 0.01653200
vt 0.50864100 0.04008300
vt 0.58032200 0.01610300
vt 0.58068600 0.01610400
vt 0.50857900 0.04026800
vt 0.51322700 0.04026800
vt 0.55601200 0.01654500
vt 0.54423300 0.01750300
vt 0.51536900 0.05986200
vt 0.51545900 0.06062100
vt 0.54368400 0.01754100
vt 0.54362900 0.01632900
vt 0.53126000 0.01693900
vt 0.53118800 0.01554900
vt 0.54355400 0.01493400
vt 0.51878800 0.01593400
vt 0.51883600 0.01732500
vt 0.50634100 0.01613000
vt 0.49385200 0.01631300
vt 0.50638100 0.01754300
vt 0.49389000 0.01771600
vt 0.50808200 0.02097700
vt 0.52050400 0.18522400
vt 0.50647400 0.02111400
vt 0.52065900 0.19106400
vt 0.49609300 0.02218200
vt 0.52153100 0.24234500
vt 0.49400100 0.02236600
vt 0.52167800 0.25100600
vt 0.48410700 0.02344200
vt 0.52215800 0.30362600
vt 0.48150700 0.02368600
vt 0.52226400 0.31532600
vt 0.48136900 0.01787800
vt 0.46879600 0.01804800
vt 0.46873300 0.01668100
vt 0.48132300 0.01648800
vt 0.45605800 0.01693800
vt 0.44325500 0.01722300
vt 0.45613300 0.01828800
vt 0.44337600 0.01870100
vt 0.52211000 0.44648200
vt 0.45652100 0.02644100
vt 0.52218800 0.42957900
vt 0.46006400 0.02607600
vt 0.46900100 0.02503800
vt 0.52241000 0.38134000
vt 0.47210200 0.02474000
vt 0.52237800 0.36677000
vt 0.44804600 0.02749800
vt 0.52160600 0.48994500
vt 0.52139300 0.50829500
vt 0.44413600 0.02798900
vt 0.43614400 0.02943800
vt 0.52065300 0.54583400
vt 0.52028600 0.56442400
vt 0.43191900 0.03014900
vt 0.43060100 0.01992700
vt 0.41802000 0.02170500
vt 0.41776600 0.02031900
vt 0.43041300 0.01853300
vt 0.40559600 0.02276400
vt 0.39619600 0.02487200
vt 0.40589800 0.02413600
vt 0.39647700 0.02624700
vt 0.40892100 0.03559600
vt 0.51725900 0.64992300
vt 0.51787500 0.63560900
vt 0.41325800 0.03447900
vt 0.42008800 0.03268300
vt 0.51887900 0.61242500
vt 0.51938500 0.59512500
vt 0.42448000 0.03176000
vt 0.51645800 0.66528500
vt 0.40381000 0.03702500
vt 0.51586100 0.67673100
vt 0.39992900 0.03810400
vt 0.51552400 0.68417200
vt 0.39764800 0.03864600
vt 0.39236000 0.02698000
vt 0.51537000 0.68768100
vt 0.39656500 0.03888400
vt 0.39551400 0.03902200
vt 0.51526500 0.69234500
vt 0.39051000 0.02708000
vt 0.51517600 0.69856500
vt 0.39421700 0.03914700
vt 0.39230200 0.03929000
vt 0.51509900 0.70829200
vt 0.39076200 0.03944400
vt 0.51497900 0.71574900
vt 0.38888500 0.03975600
vt 0.51476900 0.72364400
vt 0.38789700 0.02712500
vt 0.65891600 0.12573900
vt 0.38333400 0.02787700
vt 0.66053300 0.12580500
vt 0.38311000 0.02646800
vt 0.38777200 0.02573000
vt 0.39043500 0.02568500
vt 0.39218500 0.02557500
vt 0.66093900 0.11498600
vt 0.51435300 0.73241600
vt 0.64412200 0.12476000
vt 0.38611800 0.04036600
vt 0.64419600 0.11817700
vt 0.51337600 0.74065300
vt 0.51284700 0.74706800
vt 0.64433000 0.11447800
vt 0.51891000 0.01993500
vt 0.51924800 0.13787500
vt 0.52007900 0.01983700
vt 0.51911000 0.13440100
vt 0.53130700 0.01875800
vt 0.51749200 0.09389300
vt 0.53209800 0.01867400
vt 0.51738800 0.09196400
vt 0.66793400 0.01326600
vt 0.74655200 0.03366800
vt 0.50682700 0.71574900
f 3/3/3 2/2/2 11/11/11
f 11/11/11 13/13/13 3/3/3
f 1/1/1 4/4/4 5/5/5
f 5/5/5 10/10/10 1/1/1
f 2/2/2 8/8/8 612/612/612
f 612/612/612 6/6/6 2/2/2
f 2/2/2 6/6/6 11/11/11
f 162/162/162 171/171/171 168/168/168
f 162/162/162 168/168/168 173/173/173
f 162/162/162 173/173/173 175/175/175
f 162/162/162 175/175/175 178/178/178
f 162/162/162 178/178/178 181/181/181
f 162/162/162 181/181/181 183/183/183
f 162/162/162 183/183/183 601/601/601
f 162/162/162 601/601/601 599/599/599
f 162/162/162 599/599/599 198/198/198
f 162/162/162 198/198/198 200/200/200
f 162/162/162 200/200/200 203/203/203
f 162/162/162 203/203/203 204/204/204
f 162/162/162 204/204/204 206/206/206
f 162/162/162 206/206/206 208/208/208
f 162/162/162 208/208/208 217/217/217
f 162/162/162 217/217/217 219/219/219
f 162/162/162 219/219/219 223/223/223
f 162/162/162 223/223/223 225/225/225
f 162/162/162 225/225/225 233/233/233
f 162/162/162 233/233/233 236/236/236
f 162/162/162 236/236/236 238/238/238
f 162/162/162 238/238/238 240/240/240
f 162/162/162 240/240/240 241/241/241
f 162/162/162 241/241/241 244/244/244
f 162/162/162 244/244/244 595/595/595
f 162/162/162 595/595/595 593/593/593
f 162/162/162 593/593/593 591/591/591
f 162/162/162 591/591/591 589/589/589
f 162/162/162 589/589/589 585/585/585
f 162/162/162 585/585/585 587/587/587
f 162/162/162 587/587/587 567/567/567
f 162/162/162 567/567/567 564/564/564
f 162/162/162 564/564/564 562/562/562
f 162/162/162 562/562/562 560/560/560
f 162/162/162 560/560/560 558/558/558
f 162/162/162 558/558/558 463/463/463
f 162/162/162 463/463/463 464/464/464
f 162/162/162 464/464/464 466/466/466
f 162/162/162 466/466/466 468/468/468
f 162/162/162 468/468/468 470/470/470
f 162/162/162 470/470/470 473/473/473
f 162/162/162 473/473/473 556/556/556
f 162/162/162 556/556/556 555/555/555
f 162/162/162 555/555/555 553/553/553
f 162/162/162 553/553/553 551/551/551
f 162/162/162 551/551/551 549/549/549
f 162/162/162 549/549/549 547/547/547
f 162/162/162 547/547/547 501/501/501
f 162/162/162 501/501/501 503/503/503
f 162/162/162 503/503/503 505/505/505
f 162/162/162 505/505/505 508/508/508
f 162/162/162 508/508/508 509/509/509
f 162/162/162 509/509/509 514/514/514
f 162/162/162 514/514/514 516/516/516
f 162/162/162 516/516/516 518/518/518
f 162/162/162 518/518/518 519/519/519
f 162/162/162 519/519/519 522/522/522
f 162/162/162 522/522/522 36/36/36
f 162/162/162 36/36/36 34/34/34
f 162/162/162 34/34/34 31/31/31
f 162/162/162 31/31/31 27/27/27
f 162/162/162 27/27/27 26/26/26
f 162/162/162 26/26/26 21/21/21
f 162/162/162 21/21/21 19/19/19
f 162/162/162 19/19/19 15/15/15
f 162/162/162 15/15/15 14/14/14
f 162/162/162 14/14/14 12/12/12
f 162/162/162 12/12/12 7/7/7
f 162/162/162 7/7/7 611/611/611
f 162/162/162 611/611/611 609/609/609
f 162/162/162 609/609/609 607/607/607
f 162/162/162 607/607/607 604/604/604
f 162/162/162 604/604/604 602/602/602
f 162/162/162 602/602/602 148/148/148
f 162/162/162 148/148/148 151/151/151
f 162/162/162 151/151/151 153/153/153
f 162/162/162 153/153/153 157/157/157
f 162/162/162 157/157/157 159/159/159
f 18/18/18 3/3/3 13/13/13
f 13/13/13 16/16/16 18/18/18
f 18/18/18 16/16/16 20/20/20
f 24/24/24 18/18/18 20/20/20
f 20/20/20 22/22/22 24/24/24
f 24/24/24 22/22/22 25/25/25
f 28/28/28 29/29/29 24/24/24
f 24/24/24 25/25/25 28/28/28
f 29/29/29 28/28/28 32/32/32
f 33/33/33 38/38/38 29/29/29
f 29/29/29 32/32/32 33/33/33
f 38/38/38 33/33/33 35/35/35
f 41/41/41 30/30/30 37/37/37
f 39/39/39 42/42/42 37/37/37
f 40/40/40 38/38/38 35/35/35
f 35/35/35 521/521/521 40/40/40
f 41/41/41 37/37/37 42/42/42
f 43/43/43 42/42/42 44/44/44
f 43/43/43 41/41/41 42/42/42
f 45/45/45 44/44/44 42/42/42
f 39/39/39 45/45/45 42/42/42
f 45/45/45 47/47/47 48/48/48
f 45/45/45 39/39/39 47/47/47
f 49/49/49 45/45/45 48/48/48
f 45/45/45 49/49/49 44/44/44
f 49/49/49 43/43/43 44/44/44
f 49/49/49 51/51/51 43/43/43
f 49/49/49 48/48/48 50/50/50
f 51/51/51 49/49/49 50/50/50
f 52/52/52 51/51/51 53/53/53
f 51/51/51 52/52/52 54/54/54
f 51/51/51 50/50/50 53/53/53
f 51/51/51 54/54/54 43/43/43
f 55/55/55 54/54/54 57/57/57
f 55/55/55 56/56/56 54/54/54
f 58/58/58 54/54/54 52/52/52
f 41/41/41 54/54/54 56/56/56
f 41/41/41 43/43/43 54/54/54
f 58/58/58 57/57/57 54/54/54
f 61/61/61 57/57/57 58/58/58
f 60/60/60 58/58/58 59/59/59
f 59/59/59 58/58/58 52/52/52
f 60/60/60 61/61/61 58/58/58
f 61/61/61 60/60/60 62/62/62
f 61/61/61 62/62/62 63/63/63
f 64/64/64 61/61/61 63/63/63
f 61/61/61 64/64/64 57/57/57
f 55/55/55 64/64/64 65/65/65
f 55/55/55 57/57/57 64/64/64
f 64/64/64 63/63/63 65/65/65
f 68/68/68 55/55/55 65/65/65
f 67/67/67 66/66/66 65/65/65
f 66/66/66 68/68/68 65/65/65
f 67/67/67 65/65/65 63/63/63
f 17/17/17 68/68/68 4/4/4
f 4/4/4 68/68/68 70/70/70
f 17/17/17 55/55/55 68/68/68
f 68/68/68 69/69/69 70/70/70
f 68/68/68 71/71/71 69/69/69
f 66/66/66 71/71/71 68/68/68
f 67/67/67 71/71/71 66/66/66
f 67/67/67 72/72/72 71/71/71
f 71/71/71 72/72/72 73/73/73
f 71/71/71 73/73/73 69/69/69
f 73/73/73 74/74/74 75/75/75
f 73/73/73 76/76/76 74/74/74
f 69/69/69 73/73/73 75/75/75
f 72/72/72 76/76/76 73/73/73
f 72/72/72 77/77/77 76/76/76
f 77/77/77 78/78/78 76/76/76
f 76/76/76 78/78/78 79/79/79
f 76/76/76 79/79/79 74/74/74
f 81/81/81 79/79/79 80/80/80
f 78/78/78 80/80/80 79/79/79
f 79/79/79 82/82/82 74/74/74
f 79/79/79 81/81/81 82/82/82
f 81/81/81 83/83/83 82/82/82
f 87/87/87 82/82/82 83/83/83
f 87/87/87 85/85/85 82/82/82
f 85/85/85 74/74/74 82/82/82
f 91/91/91 86/86/86 84/84/84
f 86/86/86 88/88/88 90/90/90
f 86/86/86 91/91/91 88/88/88
f 85/85/85 87/87/87 89/89/89
f 91/91/91 84/84/84 94/94/94
f 92/92/92 91/91/91 94/94/94
f 91/91/91 92/92/92 93/93/93
f 91/91/91 93/93/93 88/88/88
f 94/94/94 95/95/95 96/96/96
f 95/95/95 94/94/94 84/84/84
f 94/94/94 96/96/96 97/97/97
f 92/92/92 94/94/94 97/97/97
f 98/98/98 97/97/97 96/96/96
f 92/92/92 97/97/97 98/98/98
f 98/98/98 96/96/96 99/99/99
f 99/99/99 101/101/101 98/98/98
f 102/102/102 98/98/98 101/101/101
f 92/92/92 98/98/98 102/102/102
f 102/102/102 93/93/93 92/92/92
f 102/102/102 103/103/103 93/93/93
f 102/102/102 101/101/101 104/104/104
f 104/104/104 103/103/103 102/102/102
f 105/105/105 100/100/100 108/108/108
f 104/104/104 106/106/106 103/103/103
f 109/109/109 107/107/107 105/105/105
f 105/105/105 108/108/108 109/109/109
f 109/109/109 110/110/110 112/112/112
f 109/109/109 108/108/108 110/110/110
f 112/112/112 111/111/111 109/109/109
f 109/109/109 111/111/111 107/107/107
f 113/113/113 112/112/112 110/110/110
f 114/114/114 112/112/112 113/113/113
f 114/114/114 115/115/115 112/112/112
f 112/112/112 115/115/115 111/111/111
f 117/117/117 115/115/115 114/114/114
f 117/117/117 116/116/116 115/115/115
f 118/118/118 115/115/115 116/116/116
f 118/118/118 111/111/111 115/115/115
f 119/119/119 111/111/111 118/118/118
f 118/118/118 121/121/121 119/119/119
f 118/118/118 116/116/116 121/121/121
f 123/123/123 121/121/121 116/116/116
f 125/125/125 121/121/121 123/123/123
f 127/127/127 122/122/122 124/124/124
f 126/126/126 120/120/120 122/122/122
f 126/126/126 122/122/122 128/128/128
f 127/127/127 128/128/128 122/122/122
f 129/129/129 128/128/128 127/127/127
f 129/129/129 130/130/130 128/128/128
f 128/128/128 130/130/130 131/131/131
f 128/128/128 131/131/131 126/126/126
f 126/126/126 131/131/131 93/93/93
f 133/133/133 93/93/93 131/131/131
f 132/132/132 131/131/131 130/130/130
f 132/132/132 133/133/133 131/131/131
f 133/133/133 88/88/88 93/93/93
f 88/88/88 133/133/133 136/136/136
f 133/133/133 132/132/132 135/135/135
f 133/133/133 135/135/135 136/136/136
f 88/88/88 136/136/136 90/90/90
f 137/137/137 139/139/139 89/89/89
f 138/138/138 137/137/137 134/134/134
f 137/137/137 138/138/138 139/139/139
f 85/85/85 89/89/89 139/139/139
f 138/138/138 140/140/140 139/139/139
f 75/75/75 139/139/139 140/140/140
f 75/75/75 85/85/85 139/139/139
f 69/69/69 75/75/75 140/140/140
f 70/70/70 69/69/69 140/140/140
f 70/70/70 140/140/140 141/141/141
f 138/138/138 141/141/141 140/140/140
f 138/138/138 134/134/134 141/141/141
f 5/5/5 141/141/141 134/134/134
f 5/5/5 70/70/70 141/141/141
f 143/143/143 5/5/5 134/134/134
f 144/144/144 142/142/142 135/135/135
f 144/144/144 135/135/135 132/132/132
f 142/142/142 144/144/144 145/145/145
f 144/144/144 146/146/146 145/145/145
f 144/144/144 129/129/129 146/146/146
f 129/129/129 144/144/144 132/132/132
f 603/603/603 145/145/145 146/146/146
f 146/146/146 147/147/147 603/603/603
f 127/127/127 146/146/146 129/129/129
f 127/127/127 149/149/149 146/146/146
f 147/147/147 146/146/146 149/149/149
f 149/149/149 150/150/150 147/147/147
f 124/124/124 149/149/149 127/127/127
f 124/124/124 156/156/156 149/149/149
f 149/149/149 152/152/152 150/150/150
f 152/152/152 149/149/149 156/156/156
f 156/156/156 158/158/158 152/152/152
f 156/156/156 161/161/161 158/158/158
f 160/160/160 155/155/155 163/163/163
f 155/155/155 165/165/165 170/170/170
f 170/170/170 163/163/163 155/155/155
f 123/123/123 164/164/164 154/154/154
f 123/123/123 154/154/154 125/125/125
f 164/164/164 123/123/123 167/167/167
f 165/165/165 166/166/166 172/172/172
f 172/172/172 169/169/169 165/165/165
f 165/165/165 169/169/169 170/170/170
f 166/166/166 176/176/176 174/174/174
f 174/174/174 172/172/172 166/166/166
f 176/176/176 179/179/179 174/174/174
f 179/179/179 176/176/176 185/185/185
f 185/185/185 180/180/180 179/179/179
f 180/180/180 185/185/185 182/182/182
f 186/186/186 184/184/184 177/177/177
f 186/186/186 189/189/189 184/184/184
f 182/182/182 185/185/185 187/187/187
f 187/187/187 600/600/600 182/182/182
f 188/188/188 184/184/184 189/189/189
f 186/186/186 190/190/190 189/189/189
f 191/191/191 189/189/189 190/190/190
f 188/188/188 189/189/189 191/191/191
f 191/191/191 190/190/190 192/192/192
f 192/192/192 193/193/193 191/191/191
f 191/191/191 193/193/193 194/194/194
f 191/191/191 194/194/194 188/188/188
f 598/598/598 187/187/187 195/195/195
f 195/195/195 199/199/199 598/598/598
f 197/197/197 194/194/194 193/193/193
f 195/195/195 196/196/196 202/202/202
f 202/202/202 201/201/201 195/195/195
f 195/195/195 201/201/201 199/199/199
f 196/196/196 205/205/205 202/202/202
f 196/196/196 210/210/210 207/207/207
f 207/207/207 205/205/205 196/196/196
f 210/210/210 209/209/209 207/207/207
f 212/212/212 211/211/211 197/197/197
f 210/210/210 215/215/215 218/218/218
f 218/218/218 209/209/209 210/210/210
f 212/212/212 213/213/213 211/211/211
f 214/214/214 211/211/211 213/213/213
f 214/214/214 213/213/213 216/216/216
f 216/216/216 221/221/221 214/214/214
f 215/215/215 220/220/220 218/218/218
f 220/220/220 215/215/215 222/222/222
f 222/222/222 224/224/224 220/220/220
f 222/222/222 226/226/226 224/224/224
f 226/226/226 222/222/222 229/229/229
f 229/229/229 234/234/234 226/226/226
f 216/216/216 227/227/227 221/221/221
f 228/228/228 221/221/221 227/227/227
f 228/228/228 227/227/227 230/230/230
f 230/230/230 231/231/231 228/228/228
f 235/235/235 229/229/229 232/232/232
f 232/232/232 237/237/237 235/235/235
f 229/229/229 235/235/235 234/234/234
f 232/232/232 239/239/239 237/237/237
f 239/239/239 232/232/232 246/246/246
f 246/246/246 242/242/242 239/239/239
f 246/246/246 243/243/243 242/242/242
f 245/245/245 231/231/231 250/250/250
f 249/249/249 247/247/247 245/245/245
f 243/243/243 246/246/246 248/248/248
f 248/248/248 594/594/594 243/243/243
f 245/245/245 250/250/250 249/249/249
f 251/251/251 250/250/250 230/230/230
f 251/251/251 252/252/252 250/250/250
f 230/230/230 250/250/250 231/231/231
f 249/249/249 250/250/250 252/252/252
f 253/253/253 252/252/252 251/251/251
f 255/255/255 252/252/252 253/253/253
f 249/249/249 252/252/252 254/254/254
f 255/255/255 254/254/254 252/252/252
f 255/255/255 258/258/258 256/256/256
f 256/256/256 254/254/254 255/255/255
f 253/253/253 257/257/257 255/255/255
f 255/255/255 257/257/257 258/258/258
f 256/256/256 258/258/258 259/259/259
f 260/260/260 258/258/258 257/257/257
f 259/259/259 258/258/258 260/260/260
f 259/259/259 260/260/260 261/261/261
f 261/261/261 260/260/260 264/264/264
f 260/260/260 257/257/257 262/262/262
f 263/263/263 260/260/260 262/262/262
f 263/263/263 264/264/264 260/260/260
f 263/263/263 266/266/266 264/264/264
f 264/264/264 265/265/265 261/261/261
f 264/264/264 266/266/266 265/265/265
f 265/265/265 266/266/266 268/268/268
f 263/263/263 267/267/267 266/266/266
f 269/269/269 266/266/266 267/267/267
f 270/270/270 268/268/268 266/266/266
f 270/270/270 266/266/266 269/269/269
f 269/269/269 271/271/271 270/270/270
f 271/271/271 272/272/272 270/270/270
f 270/270/270 272/272/272 275/275/275
f 268/268/268 270/270/270 273/273/273
f 270/270/270 275/275/275 273/273/273
f 276/276/276 278/278/278 277/277/277
f 277/277/277 274/274/274 276/276/276
f 276/276/276 280/280/280 278/278/278
f 272/272/272 279/279/279 275/275/275
f 278/278/278 280/280/280 282/282/282
f 281/281/281 279/279/279 284/284/284
f 281/281/281 283/283/283 279/279/279
f 272/272/272 284/284/284 279/279/279
f 285/285/285 284/284/284 272/272/272
f 285/285/285 286/286/286 284/284/284
f 281/281/281 284/284/284 286/286/286
f 287/287/287 286/286/286 285/285/285
f 287/287/287 288/288/288 286/286/286
f 289/289/289 286/286/286 288/288/288
f 289/289/289 290/290/290 286/286/286
f 281/281/281 286/286/286 290/290/290
f 292/292/292 290/290/290 289/289/289
f 292/292/292 293/293/293 290/290/290
f 290/290/290 283/283/283 281/281/281
f 290/290/290 293/293/293 283/283/283
f 295/295/295 294/294/294 291/291/291
f 296/296/296 294/294/294 295/295/295
f 296/296/296 282/282/282 294/294/294
f 296/296/296 297/297/297 278/278/278
f 296/296/296 298/298/298 297/297/297
f 295/295/295 298/298/298 296/296/296
f 278/278/278 282/282/282 296/296/296
f 299/299/299 298/298/298 301/301/301
f 299/299/299 300/300/300 298/298/298
f 300/300/300 297/297/297 298/298/298
f 295/295/295 301/301/301 298/298/298
f 304/304/304 299/299/299 301/301/301
f 303/303/303 301/301/301 295/295/295
f 303/303/303 302/302/302 301/301/301
f 304/304/304 301/301/301 302/302/302
f 305/305/305 304/304/304 302/302/302
f 304/304/304 305/305/305 306/306/306
f 304/304/304 306/306/306 308/308/308
f 299/299/299 304/304/304 308/308/308
f 299/299/299 308/308/308 311/311/311
f 309/309/309 312/312/312 310/310/310
f 309/309/309 313/313/313 312/312/312
f 313/313/313 309/309/309 307/307/307
f 316/316/316 313/313/313 314/314/314
f 313/313/313 307/307/307 314/314/314
f 313/313/313 315/315/315 312/312/312
f 313/313/313 316/316/316 315/315/315
f 318/318/318 317/317/317 316/316/316
f 317/317/317 315/315/315 316/316/316
f 318/318/318 316/316/316 319/319/319
f 316/316/316 314/314/314 319/319/319
f 320/320/320 319/319/319 321/321/321
f 320/320/320 318/318/318 319/319/319
f 322/322/322 321/321/321 319/319/319
f 322/322/322 319/319/319 314/314/314
f 326/326/326 322/322/322 314/314/314
f 322/322/322 323/323/323 325/325/325
f 322/322/322 326/326/326 323/323/323
f 321/321/321 322/322/322 325/325/325
f 328/328/328 324/324/324 327/327/327
f 305/305/305 328/328/328 327/327/327
f 305/305/305 327/327/327 306/306/306
f 326/326/326 314/314/314 307/307/307
f 329/329/329 328/328/328 331/331/331
f 328/328/328 329/329/329 324/324/324
f 328/328/328 330/330/330 331/331/331
f 328/328/328 305/305/305 330/330/330
f 332/332/332 331/331/331 333/333/333
f 332/332/332 334/334/334 331/331/331
f 333/333/333 331/331/331 330/330/330
f 329/329/329 331/331/331 334/334/334
f 95/95/95 329/329/329 334/334/334
f 99/99/99 96/96/96 334/334/334
f 95/95/95 334/334/334 96/96/96
f 99/99/99 334/334/334 332/332/332
f 333/333/333 330/330/330 335/335/335
f 335/335/335 338/338/338 333/333/333
f 333/333/333 336/336/336 332/332/332
f 333/333/333 338/338/338 336/336/336
f 339/339/339 341/341/341 343/343/343
f 335/335/335 340/340/340 338/338/338
f 342/342/342 337/337/337 339/339/339
f 339/339/339 343/343/343 342/342/342
f 342/342/342 343/343/343 344/344/344
f 289/289/289 343/343/343 341/341/341
f 288/288/288 343/343/343 289/289/289
f 288/288/288 344/344/344 343/343/343
f 347/347/347 344/344/344 345/345/345
f 345/345/345 344/344/344 288/288/288
f 342/342/342 344/344/344 346/346/346
f 347/347/347 346/346/346 344/344/344
f 350/350/350 347/347/347 345/345/345
f 348/348/348 346/346/346 347/347/347
f 349/349/349 348/348/348 347/347/347
f 349/349/349 347/347/347 350/350/350
f 351/351/351 350/350/350 352/352/352
f 351/351/351 349/349/349 350/350/350
f 352/352/352 350/350/350 353/353/353
f 350/350/350 345/345/345 353/353/353
f 352/352/352 353/353/353 354/354/354
f 354/354/354 353/353/353 355/355/355
f 353/353/353 345/345/345 287/287/287
f 353/353/353 287/287/287 355/355/355
f 355/355/355 287/287/287 285/285/285
f 356/356/356 355/355/355 271/271/271
f 355/355/355 285/285/285 271/271/271
f 354/354/354 355/355/355 356/356/356
f 269/269/269 267/267/267 356/356/356
f 356/356/356 271/271/271 269/269/269
f 356/356/356 357/357/357 354/354/354
f 356/356/356 267/267/267 357/357/357
f 354/354/354 357/357/357 359/359/359
f 360/360/360 357/357/357 267/267/267
f 358/358/358 357/357/357 360/360/360
f 358/358/358 359/359/359 357/357/357
f 360/360/360 361/361/361 358/358/358
f 360/360/360 362/362/362 361/361/361
f 263/263/263 362/362/362 360/360/360
f 360/360/360 267/267/267 263/263/263
f 362/362/362 363/363/363 361/361/361
f 263/263/263 262/262/262 362/362/362
f 262/262/262 364/364/364 362/362/362
f 362/362/362 364/364/364 363/363/363
f 365/365/365 364/364/364 253/253/253
f 365/365/365 363/363/363 364/364/364
f 253/253/253 364/364/364 257/257/257
f 262/262/262 257/257/257 364/364/364
f 365/365/365 366/366/366 367/367/367
f 365/365/365 251/251/251 366/366/366
f 253/253/253 251/251/251 365/365/365
f 367/367/367 363/363/363 365/365/365
f 367/367/367 366/366/366 370/370/370
f 368/368/368 369/369/369 367/367/367
f 367/367/367 370/370/370 368/368/368
f 367/367/367 369/369/369 363/363/363
f 216/216/216 371/371/371 370/370/370
f 370/370/370 227/227/227 216/216/216
f 370/370/370 366/366/366 227/227/227
f 368/368/368 370/370/370 371/371/371
f 372/372/372 371/371/371 213/213/213
f 374/374/374 371/371/371 372/372/372
f 368/368/368 371/371/371 373/373/373
f 374/374/374 373/373/373 371/371/371
f 216/216/216 213/213/213 371/371/371
f 372/372/372 192/192/192 374/374/374
f 374/374/374 192/192/192 190/190/190
f 374/374/374 190/190/190 375/375/375
f 375/375/375 373/373/373 374/374/374
f 378/378/378 375/375/375 190/190/190
f 376/376/376 375/375/375 378/378/378
f 376/376/376 377/377/377 375/375/375
f 375/375/375 377/377/377 373/373/373
f 378/378/378 190/190/190 379/379/379
f 381/381/381 378/378/378 379/379/379
f 380/380/380 378/378/378 381/381/381
f 380/380/380 376/376/376 378/378/378
f 381/381/381 382/382/382 380/380/380
f 381/381/381 383/383/383 382/382/382
f 384/384/384 383/383/383 381/381/381
f 381/381/381 379/379/379 384/384/384
f 384/384/384 385/385/385 383/383/383
f 186/186/186 385/385/385 384/384/384
f 186/186/186 384/384/384 379/379/379
f 387/387/387 385/385/385 386/386/386
f 386/386/386 385/385/385 186/186/186
f 388/388/388 385/385/385 387/387/387
f 388/388/388 383/383/383 385/385/385
f 388/388/388 389/389/389 390/390/390
f 388/388/388 392/392/392 389/389/389
f 390/390/390 383/383/383 388/388/388
f 388/388/388 391/391/391 392/392/392
f 388/388/388 387/387/387 391/391/391
f 392/392/392 393/393/393 389/389/389
f 392/392/392 113/113/113 393/393/393
f 391/391/391 113/113/113 392/392/392
f 389/389/389 393/393/393 394/394/394
f 393/393/393 395/395/395 394/394/394
f 393/393/393 110/110/110 395/395/395
f 113/113/113 110/110/110 393/393/393
f 394/394/394 395/395/395 396/396/396
f 395/395/395 108/108/108 397/397/397
f 395/395/395 110/110/110 108/108/108
f 397/397/397 396/396/396 395/395/395
f 398/398/398 400/400/400 397/397/397
f 397/397/397 100/100/100 398/398/398
f 397/397/397 108/108/108 100/100/100
f 397/397/397 400/400/400 396/396/396
f 346/346/346 400/400/400 342/342/342
f 342/342/342 400/400/400 337/337/337
f 346/346/346 396/396/396 400/400/400
f 398/398/398 337/337/337 400/400/400
f 332/332/332 399/399/399 99/99/99
f 99/99/99 399/399/399 101/101/101
f 332/332/332 336/336/336 399/399/399
f 394/394/394 396/396/396 348/348/348
f 348/348/348 396/396/396 346/346/346
f 389/389/389 394/394/394 401/401/401
f 401/401/401 394/394/394 348/348/348
f 390/390/390 389/389/389 401/401/401
f 390/390/390 401/401/401 402/402/402
f 401/401/401 348/348/348 349/349/349
f 402/402/402 401/401/401 349/349/349
f 402/402/402 382/382/382 390/390/390
f 402/402/402 403/403/403 382/382/382
f 402/402/402 349/349/349 351/351/351
f 351/351/351 403/403/403 402/402/402
f 405/405/405 403/403/403 404/404/404
f 351/351/351 404/404/404 403/403/403
f 380/380/380 403/403/403 405/405/405
f 380/380/380 382/382/382 403/403/403
f 405/405/405 376/376/376 380/380/380
f 405/405/405 406/406/406 376/376/376
f 407/407/407 406/406/406 405/405/405
f 405/405/405 404/404/404 407/407/407
f 407/407/407 404/404/404 359/359/359
f 407/407/407 408/408/408 406/406/406
f 358/358/358 408/408/408 407/407/407
f 407/407/407 359/359/359 358/358/358
f 408/408/408 369/369/369 409/409/409
f 361/361/361 369/369/369 408/408/408
f 408/408/408 409/409/409 406/406/406
f 358/358/358 361/361/361 408/408/408
f 368/368/368 409/409/409 369/369/369
f 406/406/406 409/409/409 377/377/377
f 373/373/373 409/409/409 368/368/368
f 373/373/373 377/377/377 409/409/409
f 406/406/406 377/377/377 376/376/376
f 352/352/352 404/404/404 351/351/351
f 352/352/352 359/359/359 404/404/404
f 387/387/387 386/386/386 391/391/391
f 386/386/386 114/114/114 391/391/391
f 391/391/391 114/114/114 113/113/113
f 390/390/390 382/382/382 383/383/383
f 177/177/177 386/386/386 186/186/186
f 177/177/177 167/167/167 386/386/386
f 386/386/386 117/117/117 114/114/114
f 167/167/167 117/117/117 386/386/386
f 186/186/186 379/379/379 190/190/190
f 372/372/372 410/410/410 192/192/192
f 212/212/212 410/410/410 372/372/372
f 372/372/372 213/213/213 212/212/212
f 192/192/192 410/410/410 193/193/193
f 212/212/212 193/193/193 410/410/410
f 361/361/361 363/363/363 369/369/369
f 230/230/230 366/366/366 251/251/251
f 230/230/230 227/227/227 366/366/366
f 354/354/354 359/359/359 352/352/352
f 345/345/345 288/288/288 287/287/287
f 289/289/289 341/341/341 292/292/292
f 303/303/303 291/291/291 340/340/340
f 303/303/303 340/340/340 335/335/335
f 335/335/335 302/302/302 303/303/303
f 335/335/335 330/330/330 302/302/302
f 305/305/305 302/302/302 330/330/330
f 329/329/329 411/411/411 324/324/324
f 329/329/329 95/95/95 411/411/411
f 81/81/81 412/412/412 83/83/83
f 95/95/95 84/84/84 411/411/411
f 412/412/412 325/325/325 323/323/323
f 412/412/412 81/81/81 325/325/325
f 321/321/321 325/325/325 80/80/80
f 81/81/81 80/80/80 325/325/325
f 413/413/413 321/321/321 80/80/80
f 413/413/413 320/320/320 321/321/321
f 78/78/78 413/413/413 80/80/80
f 415/415/415 320/320/320 413/413/413
f 414/414/414 413/413/413 78/78/78
f 414/414/414 415/415/415 413/413/413
f 418/418/418 415/415/415 414/414/414
f 417/417/417 416/416/416 415/415/415
f 415/415/415 416/416/416 320/320/320
f 418/418/418 417/417/417 415/415/415
f 418/418/418 62/62/62 420/420/420
f 418/418/418 419/419/419 62/62/62
f 419/419/419 418/418/418 414/414/414
f 417/417/417 418/418/418 420/420/420
f 60/60/60 420/420/420 62/62/62
f 60/60/60 422/422/422 420/420/420
f 417/417/417 420/420/420 421/421/421
f 422/422/422 421/421/421 420/420/420
f 422/422/422 59/59/59 423/423/423
f 424/424/424 422/422/422 423/423/423
f 422/422/422 60/60/60 59/59/59
f 422/422/422 424/424/424 421/421/421
f 424/424/424 427/427/427 421/421/421
f 424/424/424 423/423/423 425/425/425
f 426/426/426 424/424/424 425/425/425
f 424/424/424 426/426/426 427/427/427
f 430/430/430 421/421/421 427/427/427
f 428/428/428 427/427/427 429/429/429
f 428/428/428 430/430/430 427/427/427
f 426/426/426 429/429/429 427/427/427
f 430/430/430 417/417/417 421/421/421
f 430/430/430 431/431/431 416/416/416
f 430/430/430 428/428/428 431/431/431
f 417/417/417 430/430/430 416/416/416
f 428/428/428 432/432/432 431/431/431
f 431/431/431 432/432/432 317/317/317
f 416/416/416 431/431/431 318/318/318
f 431/431/431 317/317/317 318/318/318
f 432/432/432 433/433/433 317/317/317
f 432/432/432 435/435/435 433/433/433
f 428/428/428 434/434/434 432/432/432
f 434/434/434 435/435/435 432/432/432
f 434/434/434 436/436/436 435/435/435
f 436/436/436 437/437/437 435/435/435
f 435/435/435 437/437/437 438/438/438
f 435/435/435 438/438/438 433/433/433
f 433/433/433 438/438/438 439/439/439
f 438/438/438 441/441/441 439/439/439
f 437/437/437 442/442/442 438/438/438
f 438/438/438 442/442/442 441/441/441
f 437/437/437 446/446/446 442/442/442
f 443/443/443 444/444/444 447/447/447
f 444/444/444 443/443/443 445/445/445
f 443/443/443 447/447/447 440/440/440
f 300/300/300 447/447/447 297/297/297
f 444/444/444 297/297/297 447/447/447
f 447/447/447 448/448/448 440/440/440
f 447/447/447 300/300/300 448/448/448
f 312/312/312 450/450/450 449/449/449
f 450/450/450 441/441/441 449/449/449
f 300/300/300 311/311/311 448/448/448
f 312/312/312 449/449/449 310/310/310
f 450/450/450 315/315/315 439/439/439
f 450/450/450 439/439/439 441/441/441
f 450/450/450 312/312/312 315/315/315
f 451/451/451 446/446/446 437/437/437
f 451/451/451 456/456/456 446/446/446
f 444/444/444 445/445/445 452/452/452
f 453/453/453 452/452/452 445/445/445
f 453/453/453 445/445/445 455/455/455
f 451/451/451 459/459/459 456/456/456
f 460/460/460 457/457/457 458/458/458
f 460/460/460 454/454/454 457/457/457
f 458/458/458 467/467/467 465/465/465
f 465/465/465 460/460/460 458/458/458
f 454/454/454 460/460/460 461/461/461
f 460/460/460 462/462/462 559/559/559
f 559/559/559 461/461/461 460/460/460
f 460/460/460 465/465/465 462/462/462
f 458/458/458 469/469/469 467/467/467
f 475/475/475 471/471/471 469/469/469
f 469/469/469 458/458/458 475/475/475
f 475/475/475 472/472/472 471/471/471
f 474/474/474 478/478/478 477/477/477
f 476/476/476 557/557/557 472/472/472
f 472/472/472 475/475/475 476/476/476
f 479/479/479 474/474/474 459/459/459
f 474/474/474 479/479/479 478/478/478
f 479/479/479 459/459/459 480/480/480
f 479/479/479 482/482/482 478/478/478
f 481/481/481 479/479/479 480/480/480
f 479/479/479 481/481/481 482/482/482
f 483/483/483 478/478/478 482/482/482
f 481/481/481 483/483/483 482/482/482
f 481/481/481 484/484/484 483/483/483
f 484/484/484 486/486/486 483/483/483
f 485/485/485 483/483/483 486/486/486
f 483/483/483 485/485/485 478/478/478
f 487/487/487 489/489/489 486/486/486
f 488/488/488 487/487/487 486/486/486
f 484/484/484 488/488/488 486/486/486
f 485/485/485 486/486/486 489/489/489
f 492/492/492 489/489/489 491/491/491
f 494/494/494 491/491/491 489/489/489
f 492/492/492 485/485/485 489/489/489
f 487/487/487 494/494/494 489/489/489
f 494/494/494 498/498/498 491/491/491
f 498/498/498 494/494/494 495/495/495
f 494/494/494 496/496/496 495/495/495
f 494/494/494 487/487/487 496/496/496
f 498/498/498 495/495/495 500/500/500
f 497/497/497 499/499/499 506/506/506
f 506/506/506 504/504/504 497/497/497
f 490/490/490 497/497/497 502/502/502
f 502/502/502 546/546/546 490/490/490
f 497/497/497 504/504/504 502/502/502
f 499/499/499 507/507/507 506/506/506
f 499/499/499 512/512/512 510/510/510
f 510/510/510 507/507/507 499/499/499
f 512/512/512 513/513/513 510/510/510
f 512/512/512 46/46/46 515/515/515
f 515/515/515 513/513/513 512/512/512
f 46/46/46 517/517/517 515/515/515
f 46/46/46 40/40/40 520/520/520
f 520/520/520 517/517/517 46/46/46
f 40/40/40 521/521/521 520/520/520
f 511/511/511 48/48/48 47/47/47
f 511/511/511 523/523/523 48/48/48
f 523/523/523 511/511/511 500/500/500
f 523/523/523 524/524/524 50/50/50
f 524/524/524 523/523/523 495/495/495
f 523/523/523 50/50/50 48/48/48
f 523/523/523 500/500/500 495/495/495
f 526/526/526 525/525/525 524/524/524
f 525/525/525 50/50/50 524/524/524
f 524/524/524 495/495/495 496/496/496
f 526/526/526 524/524/524 496/496/496
f 526/526/526 527/527/527 529/529/529
f 527/527/527 526/526/526 496/496/496
f 525/525/525 526/526/526 528/528/528
f 526/526/526 529/529/529 528/528/528
f 532/532/532 529/529/529 530/530/530
f 527/527/527 530/530/530 529/529/529
f 531/531/531 528/528/528 529/529/529
f 532/532/532 531/531/531 529/529/529
f 533/533/533 531/531/531 532/532/532
f 534/534/534 532/532/532 530/530/530
f 535/535/535 533/533/533 532/532/532
f 535/535/535 532/532/532 534/534/534
f 533/533/533 535/535/535 536/536/536
f 535/535/535 537/537/537 536/536/536
f 535/535/535 538/538/538 537/537/537
f 535/535/535 539/539/539 538/538/538
f 535/535/535 534/534/534 539/539/539
f 480/480/480 540/540/540 539/539/539
f 540/540/540 538/538/538 539/539/539
f 539/539/539 542/542/542 541/541/541
f 480/480/480 539/539/539 541/541/541
f 539/539/539 534/534/534 542/542/542
f 534/534/534 530/530/530 542/542/542
f 488/488/488 542/542/542 530/530/530
f 488/488/488 484/484/484 542/542/542
f 484/484/484 541/541/541 542/542/542
f 484/484/484 481/481/481 541/541/541
f 481/481/481 480/480/480 541/541/541
f 538/538/538 540/540/540 543/543/543
f 540/540/540 459/459/459 543/543/543
f 540/540/540 480/480/480 459/459/459
f 451/451/451 543/543/543 459/459/459
f 543/543/543 451/451/451 537/537/537
f 538/538/538 543/543/543 537/537/537
f 437/437/437 537/537/537 451/451/451
f 436/436/436 536/536/536 537/537/537
f 437/437/437 436/436/436 537/537/537
f 436/436/436 434/434/434 536/536/536
f 434/434/434 429/429/429 536/536/536
f 533/533/533 536/536/536 429/429/429
f 533/533/533 426/426/426 531/531/531
f 426/426/426 533/533/533 429/429/429
f 426/426/426 425/425/425 531/531/531
f 531/531/531 425/425/425 528/528/528
f 527/527/527 488/488/488 530/530/530
f 525/525/525 528/528/528 544/544/544
f 425/425/425 544/544/544 528/528/528
f 53/53/53 525/525/525 544/544/544
f 425/425/425 423/423/423 544/544/544
f 423/423/423 545/545/545 544/544/544
f 53/53/53 544/544/544 545/545/545
f 52/52/52 53/53/53 545/545/545
f 423/423/423 59/59/59 545/545/545
f 59/59/59 52/52/52 545/545/545
f 527/527/527 496/496/496 487/487/487
f 488/488/488 527/527/527 487/487/487
f 525/525/525 53/53/53 50/50/50
f 490/490/490 546/546/546 548/548/548
f 493/493/493 490/490/490 548/548/548
f 548/548/548 550/550/550 493/493/493
f 493/493/493 550/550/550 552/552/552
f 476/476/476 493/493/493 552/552/552
f 552/552/552 554/554/554 476/476/476
f 476/476/476 554/554/554 557/557/557
f 485/485/485 492/492/492 477/477/477
f 485/485/485 477/477/477 478/478/478
f 461/461/461 559/559/559 561/561/561
f 561/561/561 563/563/563 461/461/461
f 563/563/563 565/565/565 568/568/568
f 568/568/568 461/461/461 563/563/563
f 565/565/565 566/566/566 568/568/568
f 568/568/568 570/570/570 575/575/575
f 566/566/566 586/586/586 570/570/570
f 570/570/570 568/568/568 566/566/566
f 572/572/572 461/461/461 568/568/568
f 568/568/568 575/575/575 572/572/572
f 268/268/268 273/273/273 574/574/574
f 571/571/571 573/573/573 274/274/274
f 268/268/268 574/574/574 569/569/569
f 576/576/576 578/578/578 571/571/571
f 571/571/571 274/274/274 576/576/576
f 572/572/572 577/577/577 461/461/461
f 576/576/576 579/579/579 578/578/578
f 452/452/452 578/578/578 579/579/579
f 452/452/452 453/453/453 578/578/578
f 454/454/454 461/461/461 577/577/577
f 580/580/580 579/579/579 576/576/576
f 580/580/580 452/452/452 579/579/579
f 580/580/580 576/576/576 277/277/277
f 277/277/277 297/297/297 580/580/580
f 444/444/444 580/580/580 297/297/297
f 580/580/580 444/444/444 452/452/452
f 277/277/277 576/576/576 274/274/274
f 583/583/583 569/569/569 581/581/581
f 584/584/584 588/588/588 582/582/582
f 582/582/582 570/570/570 584/584/584
f 583/583/583 259/259/259 569/569/569
f 586/586/586 584/584/584 570/570/570
f 261/261/261 569/569/569 259/259/259
f 261/261/261 265/265/265 569/569/569
f 268/268/268 569/569/569 265/265/265
f 588/588/588 590/590/590 582/582/582
f 590/590/590 592/592/592 248/248/248
f 248/248/248 582/582/582 590/590/590
f 248/248/248 592/592/592 594/594/594
f 581/581/581 597/597/597 583/583/583
f 583/583/583 596/596/596 256/256/256
f 256/256/256 259/259/259 583/583/583
f 583/583/583 597/597/597 596/596/596
f 581/581/581 247/247/247 597/597/597
f 254/254/254 597/597/597 249/249/249
f 254/254/254 596/596/596 597/597/597
f 249/249/249 597/597/597 247/247/247
f 256/256/256 596/596/596 254/254/254
f 433/433/433 439/439/439 315/315/315
f 434/434/434 428/428/428 429/429/429
f 317/317/317 433/433/433 315/315/315
f 419/419/419 63/63/63 62/62/62
f 419/419/419 67/67/67 63/63/63
f 67/67/67 419/419/419 77/77/77
f 419/419/419 414/414/414 77/77/77
f 416/416/416 318/318/318 320/320/320
f 77/77/77 414/414/414 78/78/78
f 300/300/300 299/299/299 311/311/311
f 295/295/295 291/291/291 303/303/303
f 277/277/277 278/278/278 297/297/297
f 271/271/271 285/285/285 272/272/272
f 197/197/197 193/193/193 212/212/212
f 187/187/187 598/598/598 600/600/600
f 167/167/167 123/123/123 117/117/117
f 145/145/145 603/603/603 605/605/605
f 606/606/606 9/9/9 145/145/145
f 145/145/145 605/605/605 606/606/606
f 9/9/9 606/606/606 610/610/610
f 8/8/8 608/608/608 612/612/612
f 142/142/142 145/145/145 9/9/9
f 5/5/5 143/143/143 10/10/10
f 129/129/129 132/132/132 130/130/130
f 126/126/126 93/93/93 103/103/103
f 103/103/103 120/120/120 126/126/126
f 123/123/123 116/116/116 117/117/117
f 119/119/119 107/107/107 111/111/111
f 103/103/103 106/106/106 120/120/120
f 85/85/85 75/75/75 74/74/74
f 67/67/67 77/77/77 72/72/72
f 4/4/4 70/70/70 5/5/5
f 55/55/55 23/23/23 56/56/56
f 30/30/30 56/56/56 23/23/23
f 30/30/30 41/41/41 56/56/56
f 55/55/55 17/17/17 23/23/23
f 615/615/615 614/614/614 613/613/613
f 616/616/616 613/613/613 614/614/614
f 847/847/847 615/615/615 613/613/613
f 613/613/613 617/617/617 847/847/847
f 619/619/619 613/613/613 616/616/616
f 616/616/616 624/624/624 619/619/619
f 617/617/617 613/613/613 622/622/622
f 622/622/622 613/613/613 619/619/619
f 858/858/858 641/641/641 644/644/644
f 858/858/858 644/644/644 645/645/645
f 858/858/858 645/645/645 648/648/648
f 858/858/858 648/648/648 651/651/651
f 858/858/858 651/651/651 659/659/659
f 858/858/858 659/659/659 657/657/657
f 858/858/858 657/657/657 661/661/661
f 858/858/858 661/661/661 663/663/663
f 858/858/858 663/663/663 665/665/665
f 858/858/858 665/665/665 667/667/667
f 858/858/858 667/667/667 670/670/670
f 858/858/858 670/670/670 672/672/672
f 858/858/858 672/672/672 674/674/674
f 858/858/858 674/674/674 676/676/676
f 858/858/858 676/676/676 688/688/688
f 858/858/858 688/688/688 686/686/686
f 858/858/858 686/686/686 690/690/690
f 858/858/858 690/690/690 693/693/693
f 858/858/858 693/693/693 694/694/694
f 858/858/858 694/694/694 698/698/698
f 858/858/858 698/698/698 700/700/700
f 858/858/858 700/700/700 701/701/701
f 858/858/858 701/701/701 711/711/711
f 858/858/858 711/711/711 708/708/708
f 858/858/858 708/708/708 718/718/718
f 858/858/858 718/718/718 714/714/714
f 858/858/858 714/714/714 720/720/720
f 858/858/858 720/720/720 721/721/721
f 858/858/858 721/721/721 730/730/730
f 858/858/858 730/730/730 726/726/726
f 858/858/858 726/726/726 743/743/743
f 858/858/858 743/743/743 740/740/740
f 858/858/858 740/740/740 737/737/737
f 858/858/858 737/737/737 738/738/738
f 858/858/858 738/738/738 744/744/744
f 858/858/858 744/744/744 747/747/747
f 858/858/858 747/747/747 748/748/748
f 858/858/858 748/748/748 855/855/855
f 858/858/858 855/855/855 853/853/853
f 858/858/858 853/853/853 851/851/851
f 858/858/858 851/851/851 849/849/849
f 858/858/858 849/849/849 761/761/761
f 858/858/858 761/761/761 763/763/763
f 858/858/858 763/763/763 765/765/765
f 858/858/858 765/765/765 767/767/767
f 858/858/858 767/767/767 769/769/769
f 858/858/858 769/769/769 771/771/771
f 858/858/858 771/771/771 787/787/787
f 858/858/858 787/787/787 785/785/785
f 858/858/858 785/785/785 782/782/782
f 858/858/858 782/782/782 780/780/780
f 858/858/858 780/780/780 789/789/789
f 858/858/858 789/789/789 790/790/790
f 858/858/858 790/790/790 793/793/793
f 858/858/858 793/793/793 794/794/794
f 858/858/858 794/794/794 810/810/810
f 858/858/858 810/810/810 809/809/809
f 858/858/858 809/809/809 806/806/806
f 858/858/858 806/806/806 805/805/805
f 858/858/858 805/805/805 812/812/812
f 858/858/858 812/812/812 814/814/814
f 858/858/858 814/814/814 816/816/816
f 858/858/858 816/816/816 819/819/819
f 858/858/858 819/819/819 822/822/822
f 858/858/858 822/822/822 824/824/824
f 858/858/858 824/824/824 827/827/827
f 858/858/858 827/827/827 829/829/829
f 858/858/858 829/829/829 831/831/831
f 858/858/858 831/831/831 841/841/841
f 858/858/858 841/841/841 845/845/845
f 858/858/858 845/845/845 846/846/846
f 858/858/858 846/846/846 618/618/618
f 858/858/858 618/618/618 621/621/621
f 858/858/858 621/621/621 620/620/620
f 858/858/858 620/620/620 623/623/623
f 858/858/858 623/623/623 625/625/625
f 858/858/858 625/625/625 629/629/629
f 858/858/858 629/629/629 631/631/631
f 624/624/624 616/616/616 626/626/626
f 626/626/626 616/616/616 632/632/632
f 632/632/632 628/628/628 626/626/626
f 627/627/627 633/633/633 634/634/634
f 634/634/634 630/630/630 627/627/627
f 632/632/632 616/616/616 637/637/637
f 634/634/634 633/633/633 636/636/636
f 632/632/632 637/637/637 635/635/635
f 616/616/616 614/614/614 637/637/637
f 634/634/634 636/636/636 638/638/638
f 640/640/640 638/638/638 639/639/639
f 640/640/640 634/634/634 638/638/638
f 634/634/634 640/640/640 642/642/642
f 642/642/642 857/857/857 634/634/634
f 640/640/640 643/643/643 642/642/642
f 640/640/640 646/646/646 643/643/643
f 647/647/647 649/649/649 646/646/646
f 646/646/646 640/640/640 647/647/647
f 647/647/647 640/640/640 639/639/639
f 647/647/647 650/650/650 649/649/649
f 650/650/650 647/647/647 653/653/653
f 653/653/653 658/658/658 650/650/650
f 647/647/647 639/639/639 652/652/652
f 653/653/653 647/647/647 652/652/652
f 653/653/653 652/652/652 654/654/654
f 655/655/655 653/653/653 654/654/654
f 656/656/656 653/653/653 655/655/655
f 655/655/655 660/660/660 656/656/656
f 658/658/658 653/653/653 656/656/656
f 660/660/660 655/655/655 662/662/662
f 662/662/662 655/655/655 666/666/666
f 666/666/666 664/664/664 662/662/662
f 666/666/666 668/668/668 664/664/664
f 666/666/666 671/671/671 669/669/669
f 669/669/669 668/668/668 666/666/666
f 671/671/671 673/673/673 669/669/669
f 671/671/671 678/678/678 675/675/675
f 675/675/675 673/673/673 671/671/671
f 678/678/678 677/677/677 675/675/675
f 678/678/678 671/671/671 681/681/681
f 680/680/680 678/678/678 679/679/679
f 678/678/678 681/681/681 679/679/679
f 678/678/678 680/680/680 689/689/689
f 689/689/689 677/677/677 678/678/678
f 671/671/671 682/682/682 681/681/681
f 671/671/671 666/666/666 682/682/682
f 666/666/666 683/683/683 682/682/682
f 666/666/666 655/655/655 683/683/683
f 655/655/655 654/654/654 683/683/683
f 680/680/680 679/679/679 684/684/684
f 685/685/685 680/680/680 684/684/684
f 680/680/680 685/685/685 691/691/691
f 691/691/691 687/687/687 680/680/680
f 687/687/687 689/689/689 680/680/680
f 692/692/692 691/691/691 685/685/685
f 685/685/685 696/696/696 695/695/695
f 695/695/695 692/692/692 685/685/685
f 697/697/697 695/695/695 696/696/696
f 696/696/696 703/703/703 699/699/699
f 699/699/699 697/697/697 696/696/696
f 702/702/702 699/699/699 703/703/703
f 703/703/703 696/696/696 704/704/704
f 703/703/703 704/704/704 705/705/705
f 706/706/706 703/703/703 705/705/705
f 703/703/703 706/706/706 712/712/712
f 712/712/712 702/702/702 703/703/703
f 707/707/707 712/712/712 706/706/706
f 706/706/706 710/710/710 717/717/717
f 717/717/717 707/707/707 706/706/706
f 706/706/706 705/705/705 709/709/709
f 710/710/710 706/706/706 709/709/709
f 710/710/710 713/713/713 717/717/717
f 710/710/710 716/716/716 719/719/719
f 719/719/719 713/713/713 710/710/710
f 710/710/710 709/709/709 715/715/715
f 716/716/716 710/710/710 715/715/715
f 716/716/716 722/722/722 719/719/719
f 716/716/716 724/724/724 729/729/729
f 729/729/729 722/722/722 716/716/716
f 716/716/716 715/715/715 723/723/723
f 724/724/724 716/716/716 723/723/723
f 724/724/724 725/725/725 729/729/729
f 724/724/724 727/727/727 742/742/742
f 742/742/742 725/725/725 724/724/724
f 727/727/727 724/724/724 728/728/728
f 724/724/724 723/723/723 728/728/728
f 727/727/727 728/728/728 731/731/731
f 733/733/733 727/727/727 731/731/731
f 733/733/733 731/731/731 732/732/732
f 727/727/727 733/733/733 736/736/736
f 736/736/736 741/741/741 727/727/727
f 733/733/733 735/735/735 734/734/734
f 739/739/739 736/736/736 733/733/733
f 733/733/733 734/734/734 739/739/739
f 733/733/733 732/732/732 735/735/735
f 727/727/727 741/741/741 742/742/742
f 745/745/745 739/739/739 734/734/734
f 746/746/746 745/745/745 734/734/734
f 734/734/734 750/750/750 746/746/746
f 749/749/749 746/746/746 750/750/750
f 750/750/750 752/752/752 751/751/751
f 854/854/854 749/749/749 750/750/750
f 750/750/750 751/751/751 854/854/854
f 734/734/734 753/753/753 750/750/750
f 750/750/750 753/753/753 752/752/752
f 734/734/734 735/735/735 753/753/753
f 751/751/751 752/752/752 754/754/754
f 751/751/751 754/754/754 755/755/755
f 755/755/755 754/754/754 756/756/756
f 755/755/755 756/756/756 758/758/758
f 758/758/758 756/756/756 757/757/757
f 758/758/758 757/757/757 759/759/759
f 762/762/762 758/758/758 759/759/759
f 759/759/759 764/764/764 762/762/762
f 848/848/848 755/755/755 758/758/758
f 758/758/758 760/760/760 848/848/848
f 760/760/760 758/758/758 762/762/762
f 764/764/764 759/759/759 766/766/766
f 766/766/766 759/759/759 772/772/772
f 772/772/772 768/768/768 766/766/766
f 768/768/768 772/772/772 770/770/770
f 772/772/772 774/774/774 773/773/773
f 770/770/770 772/772/772 773/773/773
f 773/773/773 786/786/786 770/770/770
f 772/772/772 775/775/775 774/774/774
f 759/759/759 775/775/775 772/772/772
f 759/759/759 757/757/757 775/775/775
f 773/773/773 774/774/774 776/776/776
f 773/773/773 776/776/776 778/778/778
f 778/778/778 776/776/776 777/777/777
f 778/778/778 777/777/777 779/779/779
f 781/781/781 778/778/778 779/779/779
f 779/779/779 788/788/788 781/781/781
f 783/783/783 778/778/778 781/781/781
f 784/784/784 773/773/773 778/778/778
f 778/778/778 783/783/783 784/784/784
f 786/786/786 773/773/773 784/784/784
f 779/779/779 791/791/791 788/788/788
f 791/791/791 779/779/779 796/796/796
f 796/796/796 792/792/792 791/791/791
f 796/796/796 795/795/795 792/792/792
f 796/796/796 798/798/798 797/797/797
f 795/795/795 796/796/796 797/797/797
f 797/797/797 811/811/811 795/795/795
f 796/796/796 799/799/799 798/798/798
f 779/779/779 799/799/799 796/796/796
f 779/779/779 777/777/777 799/799/799
f 797/797/797 798/798/798 800/800/800
f 797/797/797 800/800/800 802/802/802
f 802/802/802 800/800/800 801/801/801
f 802/802/802 801/801/801 803/803/803
f 804/804/804 802/802/802 803/803/803
f 803/803/803 813/813/813 804/804/804
f 807/807/807 802/802/802 804/804/804
f 808/808/808 797/797/797 802/802/802
f 802/802/802 807/807/807 808/808/808
f 797/797/797 808/808/808 811/811/811
f 813/813/813 803/803/803 815/815/815
f 815/815/815 803/803/803 818/818/818
f 818/818/818 817/817/817 815/815/815
f 817/817/817 818/818/818 820/820/820
f 818/818/818 823/823/823 821/821/821
f 821/821/821 820/820/820 818/818/818
f 823/823/823 825/825/825 821/821/821
f 823/823/823 826/826/826 825/825/825
f 826/826/826 823/823/823 832/832/832
f 832/832/832 828/828/828 826/826/826
f 832/832/832 830/830/830 828/828/828
f 832/832/832 836/836/836 834/834/834
f 830/830/830 832/832/832 834/834/834
f 834/834/834 843/843/843 830/830/830
f 823/823/823 837/837/837 832/832/832
f 832/832/832 837/837/837 836/836/836
f 823/823/823 838/838/838 837/837/837
f 818/818/818 838/838/838 823/823/823
f 818/818/818 839/839/839 838/838/838
f 803/803/803 839/839/839 818/818/818
f 803/803/803 801/801/801 839/839/839
f 833/833/833 835/835/835 840/840/840
f 833/833/833 840/840/840 615/615/615
f 615/615/615 840/840/840 614/614/614
f 842/842/842 833/833/833 615/615/615
f 615/615/615 844/844/844 842/842/842
f 844/844/844 615/615/615 847/847/847
f 848/848/848 850/850/850 755/755/755
f 850/850/850 852/852/852 751/751/751
f 751/751/751 755/755/755 850/850/850
f 852/852/852 854/854/854 751/751/751
f 696/696/696 856/856/856 704/704/704
f 685/685/685 684/684/684 856/856/856
f 696/696/696 685/685/685 856/856/856
f 634/634/634 857/857/857 630/630/630