# https://github.com/mikedh/trimesh
mtllib material.mtl
usemtl material_0
v 0.19293993 -0.27887167 0.20038566
v 0.19293993 -0.27887167 0.20038566
v 0.19265360 -0.27914037 0.19890197
v 0.19265360 -0.27914037 0.19890197
v 0.19321366 -0.28380471 0.19951409
v 0.19390890 -0.27923525 0.20149318
v 0.19390890 -0.27923525 0.20149318
v 0.19390890 -0.27923525 0.20149318
v 0.19203813 -0.27405536 0.20093480
v 0.19203813 -0.27405536 0.20093480
v 0.19223545 -0.27405536 0.20135799
v 0.19223545 -0.27405536 0.20135799
v 0.19259818 -0.27405536 0.20182568
v 0.19259818 -0.27405536 0.20182568
v 0.19328419 -0.27405536 0.20232361
v 0.19328419 -0.27405536 0.20232361
v 0.19328419 -0.27405536 0.20232361
v 0.19489971 -0.27405536 0.20279214
v 0.19489971 -0.27405536 0.20279214
v 0.19580906 -0.27405536 0.20317167
v 0.19580906 -0.27405536 0.20317167
v 0.19790907 -0.27405536 0.20340257
v 0.19790907 -0.27405536 0.20340257
v 0.19616592 -0.27939982 0.20240673
v 0.19419943 -0.28375349 0.20093480
v 0.19419943 -0.28375349 0.20093480
v 0.19906864 -0.27943257 0.20281481
v 0.19632798 -0.28430263 0.20169218
v 0.19906864 -0.28437988 0.20207171
v 0.19639011 -0.28829943 0.20095075
v 0.19404913 -0.28787372 0.20016818
v 0.19404913 -0.28787372 0.20016818
v 0.19344876 -0.28970671 0.19934195
v 0.19333457 -0.28831707 0.19933692
v 0.19428087 -0.28976801 0.19969126
v 0.19428087 -0.28976801 0.19969126
v 0.19636240 -0.28996365 0.20020261
v 0.19906864 -0.29009380 0.20049901
v 0.19906864 -0.29075462 0.19891205
v 0.19630782 -0.29061103 0.19867442
v 0.19628935 -0.29156237 0.19559033
v 0.19414569 -0.29123826 0.19536950
v 0.19414569 -0.29123826 0.19536950
v 0.19417927 -0.29035158 0.19829069
v 0.19417927 -0.29035158 0.19829069
v 0.19327160 -0.29096957 0.19526538
v 0.19331610 -0.29014670 0.19808749
v 0.19311878 -0.28879148 0.19796658
v 0.19304657 -0.28956397 0.19511172
v 0.19304573 -0.29036165 0.19144406
v 0.19284840 -0.28582998 0.19473975
v 0.19290046 -0.28520611 0.19759377
v 0.19250918 -0.28027895 0.19692288
v 0.19305244 -0.28463262 0.19891876
v 0.19243949 -0.27980538 0.19791200
v 0.19156875 -0.27911770 0.19722180
v 0.19201714 -0.27957280 0.19656518
v 0.19220606 -0.27852909 0.19821512
v 0.19220606 -0.27852909 0.19821512
v 0.19225392 -0.27987759 0.19674067
v 0.19219011 -0.28008499 0.19399245
v 0.19253017 -0.28062574 0.19417885
v 0.19252765 -0.28091374 0.19049272
v 0.19196592 -0.27986668 0.19388077
v 0.19218843 -0.28036796 0.19037601
v 0.19196508 -0.28014545 0.19031220
v 0.19252681 -0.28121182 0.18667729
v 0.19218843 -0.28066268 0.18660004
v 0.19252597 -0.28151494 0.18279803
v 0.19218759 -0.28096412 0.18274345
v 0.19196424 -0.28043849 0.18656225
v 0.19170394 -0.28024789 0.18652531
v 0.19196424 -0.28073825 0.18272162
v 0.19170478 -0.27995736 0.19024418
v 0.19107503 -0.27941914 0.19347186
v 0.19107419 -0.27968363 0.19009556
v 0.19170478 -0.27968279 0.19375650
v 0.19119846 -0.27921762 0.19603115
v 0.19167119 -0.27940822 0.19632756
v 0.19048139 -0.27913113 0.19564071
v 0.19018163 -0.27936204 0.19315446
v 0.18892801 -0.27916052 0.19476746
v 0.18932685 -0.27892961 0.19586238
v 0.19093985 -0.27892122 0.19691028
v 0.18820590 -0.27938555 0.19251044
v 0.18624864 -0.27938219 0.19192939
v 0.18493960 -0.27960134 0.18912407
v 0.18746195 -0.27961982 0.18950528
v 0.18999606 -0.27961562 0.18990832
v 0.18700098 -0.27988095 0.18616761
v 0.18988019 -0.27989271 0.18636325
v 0.18984072 -0.28018155 0.18266705
v 0.19107419 -0.28026300 0.18267544
v 0.19107419 -0.27996744 0.18645226
v 0.19170394 -0.28054681 0.18270315
v 0.19196424 -0.28103885 0.17888100
v 0.19170394 -0.28084489 0.17888100
v 0.19107419 -0.28055772 0.17889863
v 0.19196592 -0.28133105 0.17513525
v 0.19170478 -0.28113541 0.17516464
v 0.19107503 -0.28084237 0.17525616
v 0.19170814 -0.28140914 0.17166071
v 0.19197011 -0.28160898 0.17158011
v 0.19206752 -0.28175676 0.16885791
v 0.19219598 -0.28184073 0.17151965
v 0.19228667 -0.28208087 0.16881593
v 0.19269055 -0.28240331 0.16766391
v 0.19254780 -0.28250323 0.16873448
v 0.19297687 -0.28742450 0.16934072
v 0.19254025 -0.28240079 0.17145668
v 0.19314733 -0.28717260 0.16821137
v 0.19336396 -0.29079744 0.16879830
v 0.19420614 -0.29084194 0.16845068
v 0.19420614 -0.29084194 0.16845068
v 0.19402058 -0.28700131 0.16780581
v 0.19402058 -0.28700131 0.16780581
v 0.19621378 -0.28708528 0.16726087
v 0.19346052 -0.28264429 0.16721469
v 0.19346052 -0.28264429 0.16721469
v 0.19631958 -0.29107957 0.16791413
v 0.19906864 -0.29124666 0.16759758
v 0.19428507 -0.29227021 0.16881005
v 0.19428507 -0.29227021 0.16881005
v 0.19635736 -0.29257165 0.16830541
v 0.19635149 -0.29288569 0.16945240
v 0.19425904 -0.29254898 0.16987643
v 0.19425904 -0.29254898 0.16987643
v 0.19906864 -0.29275890 0.16798634
v 0.20177908 -0.29257165 0.16830541
v 0.19906864 -0.29307629 0.16917531
v 0.20178496 -0.29288569 0.16945240
v 0.20181099 -0.29334666 0.17236939
v 0.20392863 -0.29298141 0.17259358
v 0.20392863 -0.29298141 0.17259358
v 0.20387741 -0.29254898 0.16987643
v 0.20387741 -0.29254898 0.16987643
v 0.20385138 -0.29227021 0.16881005
v 0.20385138 -0.29227021 0.16881005
v 0.20471959 -0.29230044 0.17004352
v 0.20479264 -0.29269676 0.17266831
v 0.20464570 -0.29211403 0.16904684
v 0.20492951 -0.29096873 0.16986383
v 0.20524606 -0.28758236 0.17205704
v 0.20515957 -0.28742450 0.16934072
v 0.20502523 -0.29129536 0.17251549
v 0.20477249 -0.29079744 0.16879830
v 0.20498912 -0.28717260 0.16821137
v 0.20393030 -0.29084194 0.16845068
v 0.20393030 -0.29084194 0.16845068
v 0.20411671 -0.28700131 0.16780581
v 0.20411671 -0.28700131 0.16780581
v 0.20181687 -0.29107957 0.16791413
v 0.20192267 -0.28708528 0.16726087
v 0.19906864 -0.28719024 0.16695355
v 0.20206121 -0.28305153 0.16664540
v 0.20467593 -0.28264429 0.16721469
v 0.20467593 -0.28264429 0.16721469
v 0.20561803 -0.28186088 0.16761857
v 0.20219975 -0.28144441 0.16636747
v 0.20219975 -0.28144441 0.16636747
v 0.20480608 -0.28158295 0.16699721
v 0.20480608 -0.28158295 0.16699721
v 0.20480608 -0.28158295 0.16699721
v 0.20544590 -0.28240331 0.16766391
v 0.20606893 -0.28175676 0.16885791
v 0.20584978 -0.28208087 0.16881593
v 0.20558948 -0.28250323 0.16873448
v 0.20559704 -0.28240079 0.17145668
v 0.20594046 -0.28184073 0.17151965
v 0.20594634 -0.28155944 0.17511762
v 0.20616633 -0.28160898 0.17158011
v 0.20617053 -0.28133105 0.17513525
v 0.20617221 -0.28103885 0.17888100
v 0.20643167 -0.28113541 0.17516464
v 0.20643251 -0.28084489 0.17888100
v 0.20706226 -0.28055772 0.17889863
v 0.20706226 -0.28026300 0.18267544
v 0.20643251 -0.28054681 0.18270315
v 0.20643251 -0.28024789 0.18652531
v 0.20706226 -0.27996744 0.18645226
v 0.20617221 -0.28073825 0.18272162
v 0.20594886 -0.28096412 0.18274345
v 0.20617221 -0.28043849 0.18656225
v 0.20594886 -0.28126556 0.17888771
v 0.20560628 -0.28211530 0.17511342
v 0.20560963 -0.28181806 0.17891794
v 0.20529056 -0.28745977 0.17946204
v 0.20527881 -0.28760671 0.17566340
v 0.20561047 -0.28151494 0.18279803
v 0.20560963 -0.28121182 0.18667729
v 0.20529056 -0.28719108 0.18335389
v 0.20594886 -0.28066268 0.18660004
v 0.20617221 -0.28014545 0.19031220
v 0.20594802 -0.28036796 0.19037601
v 0.20560879 -0.28091374 0.19049272
v 0.20617053 -0.27986668 0.19388077
v 0.20594634 -0.28008499 0.19399245
v 0.20562727 -0.28027895 0.19692288
v 0.20588253 -0.27987759 0.19674067
v 0.20560628 -0.28062574 0.19417885
v 0.20611931 -0.27957280 0.19656518
v 0.20569696 -0.27980538 0.19791200
v 0.20656769 -0.27911770 0.19722180
v 0.20646525 -0.27940822 0.19632756
v 0.20693798 -0.27921762 0.19603115
v 0.20643167 -0.27968279 0.19375650
v 0.20706142 -0.27941914 0.19347186
v 0.20643251 -0.27995736 0.19024418
v 0.20706226 -0.27968363 0.19009556
v 0.20814039 -0.27961562 0.18990832
v 0.20795482 -0.27936204 0.19315446
v 0.20993055 -0.27938555 0.19251044
v 0.20765506 -0.27913113 0.19564071
v 0.21067449 -0.27961982 0.18950528
v 0.21319685 -0.27960134 0.18912407
v 0.21113547 -0.27988095 0.18616761
v 0.20825626 -0.27989271 0.18636325
v 0.20829572 -0.28018155 0.18266705
v 0.20825626 -0.28047040 0.17897168
v 0.21129585 -0.28015468 0.18266453
v 0.21113547 -0.28042841 0.17916144
v 0.21428841 -0.28010598 0.18265949
v 0.21400797 -0.27984737 0.18597700
v 0.21517930 -0.27970798 0.18590144
v 0.21550257 -0.27996240 0.18264605
v 0.21616423 -0.27892289 0.18254361
v 0.21616423 -0.27892289 0.18254361
v 0.21517930 -0.28021682 0.17938983
v 0.21583088 -0.27918319 0.17920595
v 0.21583088 -0.27918319 0.17920595
v 0.21811057 -0.27405536 0.17826132
v 0.21811057 -0.27405536 0.17826132
v 0.21829781 -0.27405536 0.18118504
v 0.21829781 -0.27405536 0.18118504
v 0.21486023 -0.27943341 0.17600346
v 0.21486023 -0.27943341 0.17600346
v 0.21792080 -0.27405536 0.17754593
v 0.21792080 -0.27405536 0.17754593
v 0.21712816 -0.27405536 0.17455336
v 0.21712816 -0.27405536 0.17455336
v 0.21327830 -0.27966264 0.17306883
v 0.21327830 -0.27966264 0.17306883
v 0.21424307 -0.28045864 0.17628727
v 0.21400797 -0.28036544 0.17934281
v 0.21272412 -0.28067695 0.17349035
v 0.21319685 -0.28061146 0.17619575
v 0.21067449 -0.28068871 0.17582377
v 0.20993055 -0.28092382 0.17281861
v 0.21188781 -0.28083061 0.17339042
v 0.20918409 -0.28105312 0.17053556
v 0.21068709 -0.28093137 0.17161957
v 0.21081556 -0.28086084 0.17113592
v 0.21118837 -0.27986164 0.17051793
v 0.21118837 -0.27986164 0.17051793
v 0.20869288 -0.28002202 0.16846831
v 0.20869288 -0.28002202 0.16846831
v 0.20871136 -0.28099939 0.16936423
v 0.20570116 -0.28069711 0.16698462
v 0.20570116 -0.28069711 0.16698462
v 0.20704966 -0.28115640 0.16830121
v 0.20761727 -0.28116060 0.16966399
v 0.20646693 -0.28139487 0.16807283
v 0.20691196 -0.28130502 0.16930965
v 0.20795482 -0.28100023 0.17218131
v 0.20706142 -0.28110602 0.17188155
v 0.20642831 -0.28140914 0.17166071
v 0.20643670 -0.28153845 0.16906531
v 0.20596985 -0.28149395 0.16778062
v 0.20706142 -0.28084237 0.17525616
v 0.20814039 -0.28074749 0.17542577
v 0.20238448 -0.28028399 0.16578726
v 0.20990620 -0.27405536 0.16536407
v 0.20990620 -0.27405536 0.16536407
v 0.20670540 -0.27405536 0.16357642
v 0.20670540 -0.27405536 0.16357642
v 0.20651227 -0.27405536 0.16352016
v 0.20651227 -0.27405536 0.16352016
v 0.20296301 -0.27405536 0.16240341
v 0.20296301 -0.27405536 0.16240341
v 0.20281691 -0.27405536 0.16238829
v 0.20281691 -0.27405536 0.16238829
v 0.19906864 -0.27405536 0.16200121
v 0.19906864 -0.27405536 0.16200121
v 0.19906864 -0.28031002 0.16545895
v 0.19575197 -0.28028399 0.16578726
v 0.19531954 -0.27405536 0.16238829
v 0.19531954 -0.27405536 0.16238829
v 0.19593669 -0.28144441 0.16636747
v 0.19593669 -0.28144441 0.16636747
v 0.19906864 -0.28146792 0.16605763
v 0.19906864 -0.28146792 0.16605763
v 0.19607524 -0.28305153 0.16664540
v 0.19906864 -0.28309603 0.16634396
v 0.19333037 -0.28158295 0.16699721
v 0.19333037 -0.28158295 0.16699721
v 0.19333037 -0.28158295 0.16699721
v 0.19243613 -0.28069711 0.16698462
v 0.19243613 -0.28069711 0.16698462
v 0.19251926 -0.28186088 0.16761857
v 0.19216660 -0.28149395 0.16778062
v 0.19169974 -0.28153845 0.16906531
v 0.19166951 -0.28139487 0.16807283
v 0.19122449 -0.28130502 0.16930965
v 0.19108679 -0.28115640 0.16830121
v 0.19051917 -0.28116060 0.16966399
v 0.18942509 -0.28099939 0.16936423
v 0.18895236 -0.28105312 0.17053556
v 0.18820590 -0.28092382 0.17281861
v 0.18624864 -0.28083061 0.17339042
v 0.18744936 -0.28093137 0.17161957
v 0.18732089 -0.28086084 0.17113592
v 0.18944356 -0.28002202 0.16846831
v 0.18944356 -0.28002202 0.16846831
v 0.18541233 -0.28067695 0.17349035
v 0.18694808 -0.27986164 0.17051793
v 0.18694808 -0.27986164 0.17051793
v 0.18485815 -0.27966264 0.17306883
v 0.18485815 -0.27966264 0.17306883
v 0.18300165 -0.27405536 0.17072785
v 0.18300165 -0.27405536 0.17072785
v 0.18508150 -0.27405536 0.16803168
v 0.18508150 -0.27405536 0.16803168
v 0.18534348 -0.27405536 0.16780413
v 0.18534348 -0.27405536 0.16780413
v 0.18802369 -0.27405536 0.16549757
v 0.18802369 -0.27405536 0.16549757
v 0.18823025 -0.27405536 0.16536407
v 0.18823025 -0.27405536 0.16536407
v 0.19143105 -0.27405536 0.16357642
v 0.19143105 -0.27405536 0.16357642
v 0.19162417 -0.27405536 0.16352016
v 0.19162417 -0.27405536 0.16352016
v 0.19517344 -0.27405536 0.16240341
v 0.19517344 -0.27405536 0.16240341
v 0.18271784 -0.27405536 0.17109730
v 0.18271784 -0.27405536 0.17109730
v 0.18127446 -0.27405536 0.17401598
v 0.18127446 -0.27405536 0.17401598
v 0.18100829 -0.27405536 0.17455336
v 0.18100829 -0.27405536 0.17455336
v 0.18021564 -0.27405536 0.17754593
v 0.18021564 -0.27405536 0.17754593
v 0.18327622 -0.27943341 0.17600346
v 0.18327622 -0.27943341 0.17600346
v 0.18230557 -0.27918319 0.17920595
v 0.18230557 -0.27918319 0.17920595
v 0.18295715 -0.28021682 0.17938983
v 0.18389338 -0.28045864 0.17628727
v 0.18493960 -0.28061146 0.17619575
v 0.18412848 -0.28036544 0.17934281
v 0.18700098 -0.28042841 0.17916144
v 0.18384803 -0.28010598 0.18265949
v 0.18746195 -0.28068871 0.17582377
v 0.19018163 -0.28100023 0.17218131
v 0.18999606 -0.28074749 0.17542577
v 0.18988019 -0.28047040 0.17897168
v 0.19107587 -0.28110602 0.17188155
v 0.18684060 -0.28015468 0.18266453
v 0.18412848 -0.27984737 0.18597700
v 0.18295715 -0.27970798 0.18590144
v 0.18263472 -0.27996240 0.18264605
v 0.18197306 -0.27892289 0.18254361
v 0.18197306 -0.27892289 0.18254361
v 0.18230557 -0.27866176 0.18588128
v 0.18230557 -0.27866176 0.18588128
v 0.17978238 -0.27405536 0.18206668
v 0.17978238 -0.27405536 0.18206668
v 0.18014931 -0.27405536 0.18480567
v 0.18014931 -0.27405536 0.18480567
v 0.18028533 -0.27405536 0.18582251
v 0.18028533 -0.27405536 0.18582251
v 0.18111660 -0.27405536 0.18828776
v 0.18111660 -0.27405536 0.18828776
v 0.18148690 -0.27405536 0.18938605
v 0.18148690 -0.27405536 0.18938605
v 0.18270609 -0.27405536 0.19151376
v 0.18270609 -0.27405536 0.19151376
v 0.18327622 -0.27841154 0.18908461
v 0.18327622 -0.27841154 0.18908461
v 0.18485815 -0.27818231 0.19201924
v 0.18485815 -0.27818231 0.19201924
v 0.18541233 -0.27924701 0.19180176
v 0.18389338 -0.27946532 0.18900484
v 0.18729654 -0.27906396 0.19413939
v 0.18743844 -0.27920754 0.19368597
v 0.18690525 -0.27798499 0.19454075
v 0.18690525 -0.27798499 0.19454075
v 0.18927227 -0.27783133 0.19650557
v 0.18927227 -0.27783133 0.19650557
v 0.18569950 -0.27405536 0.19538881
v 0.18569950 -0.27405536 0.19538881
v 0.18735112 -0.27405536 0.19669953
v 0.18735112 -0.27405536 0.19669953
v 0.18841329 -0.27405536 0.19754927
v 0.18841329 -0.27405536 0.19754927
v 0.18972989 -0.27405536 0.19841748
v 0.18972989 -0.27405536 0.19841748
v 0.19075848 -0.27405536 0.19909593
v 0.19075848 -0.27405536 0.19909593
v 0.19155616 -0.27812185 0.19788849
v 0.19155616 -0.27812185 0.19788849
v 0.19131350 -0.27405536 0.19951744
v 0.19131350 -0.27405536 0.19951744
v 0.19157883 -0.27405536 0.19972484
v 0.19157883 -0.27405536 0.19972484
v 0.19175180 -0.27405536 0.19998934
v 0.19175180 -0.27405536 0.19998934
v 0.19190462 -0.27405536 0.20035795
v 0.19190462 -0.27405536 0.20035795
v 0.18482540 -0.27405536 0.19435938
v 0.18482540 -0.27405536 0.19435938
v 0.18334256 -0.27405536 0.19262127
v 0.18334256 -0.27405536 0.19262127
v 0.17983863 -0.27405536 0.18118504
v 0.17983863 -0.27405536 0.18118504
v 0.18002588 -0.27405536 0.17826132
v 0.18002588 -0.27405536 0.17826132
v 0.21011276 -0.27405536 0.16549757
v 0.21011276 -0.27405536 0.16549757
v 0.21279297 -0.27405536 0.16780413
v 0.21279297 -0.27405536 0.16780413
v 0.21305578 -0.27405536 0.16803168
v 0.21305578 -0.27405536 0.16803168
v 0.21513480 -0.27405536 0.17072785
v 0.21513480 -0.27405536 0.17072785
v 0.21541944 -0.27405536 0.17109730
v 0.21541944 -0.27405536 0.17109730
v 0.21686199 -0.27405536 0.17401598
v 0.21686199 -0.27405536 0.17401598
v 0.21835407 -0.27405536 0.18206668
v 0.21835407 -0.27405536 0.18206668
v 0.21798714 -0.27405536 0.18480567
v 0.21798714 -0.27405536 0.18480567
v 0.21785195 -0.27405536 0.18582251
v 0.21785195 -0.27405536 0.18582251
v 0.21701984 -0.27405536 0.18828776
v 0.21701984 -0.27405536 0.18828776
v 0.21583088 -0.27866176 0.18588128
v 0.21583088 -0.27866176 0.18588128
v 0.21486023 -0.27841154 0.18908461
v 0.21486023 -0.27841154 0.18908461
v 0.21424307 -0.27946532 0.18900484
v 0.21188781 -0.27938219 0.19192939
v 0.21272412 -0.27924701 0.19180176
v 0.21327830 -0.27818231 0.19201924
v 0.21327830 -0.27818231 0.19201924
v 0.21083991 -0.27906396 0.19413939
v 0.21069801 -0.27920754 0.19368597
v 0.20920844 -0.27916052 0.19476746
v 0.20880960 -0.27892961 0.19586238
v 0.21123119 -0.27798499 0.19454075
v 0.21123119 -0.27798499 0.19454075
v 0.20719744 -0.27892122 0.19691028
v 0.20886418 -0.27783133 0.19650557
v 0.20886418 -0.27783133 0.19650557
v 0.20658029 -0.27812185 0.19788849
v 0.20658029 -0.27812185 0.19788849
v 0.20840740 -0.27405536 0.19841748
v 0.20840740 -0.27405536 0.19841748
v 0.20972315 -0.27405536 0.19754927
v 0.20972315 -0.27405536 0.19754927
v 0.21078533 -0.27405536 0.19669953
v 0.21078533 -0.27405536 0.19669953
v 0.21243695 -0.27405536 0.19538881
v 0.21243695 -0.27405536 0.19538881
v 0.21331104 -0.27405536 0.19435938
v 0.21331104 -0.27405536 0.19435938
v 0.21479473 -0.27405536 0.19262127
v 0.21479473 -0.27405536 0.19262127
v 0.21543120 -0.27405536 0.19151376
v 0.21543120 -0.27405536 0.19151376
v 0.21664955 -0.27405536 0.18938605
v 0.21664955 -0.27405536 0.18938605
v 0.20737797 -0.27405536 0.19909593
v 0.20737797 -0.27405536 0.19909593
v 0.20682379 -0.27405536 0.19951744
v 0.20682379 -0.27405536 0.19951744
v 0.20655762 -0.27405536 0.19972484
v 0.20655762 -0.27405536 0.19972484
v 0.20593039 -0.27852909 0.19821512
v 0.20593039 -0.27852909 0.19821512
v 0.20638465 -0.27405536 0.19998934
v 0.20638465 -0.27405536 0.19998934
v 0.20623183 -0.27405536 0.20035795
v 0.20623183 -0.27405536 0.20035795
v 0.20548285 -0.27914037 0.19890197
v 0.20548285 -0.27914037 0.19890197
v 0.20609832 -0.27405536 0.20093480
v 0.20609832 -0.27405536 0.20093480
v 0.20590100 -0.27405536 0.20135799
v 0.20590100 -0.27405536 0.20135799
v 0.20519652 -0.27887167 0.20038566
v 0.20519652 -0.27887167 0.20038566
v 0.20492279 -0.28380471 0.19951409
v 0.20422755 -0.27923525 0.20149318
v 0.20422755 -0.27923525 0.20149318
v 0.20422755 -0.27923525 0.20149318
v 0.20197053 -0.27939982 0.20240673
v 0.20393786 -0.28375349 0.20093480
v 0.20393786 -0.28375349 0.20093480
v 0.20485226 -0.27405536 0.20232361
v 0.20485226 -0.27405536 0.20232361
v 0.20485226 -0.27405536 0.20232361
v 0.20553826 -0.27405536 0.20182568
v 0.20553826 -0.27405536 0.20182568
v 0.20323758 -0.27405536 0.20279214
v 0.20323758 -0.27405536 0.20279214
v 0.20232738 -0.27405536 0.20317167
v 0.20232738 -0.27405536 0.20317167
v 0.20022738 -0.27405536 0.20340257
v 0.20022738 -0.27405536 0.20340257
v 0.19906864 -0.27405536 0.20356715
v 0.19906864 -0.27405536 0.20356715
v 0.20408816 -0.28787372 0.20016818
v 0.20408816 -0.28787372 0.20016818
v 0.20180847 -0.28430263 0.20169218
v 0.20174634 -0.28829943 0.20095075
v 0.20177404 -0.28996365 0.20020261
v 0.19906864 -0.28841615 0.20128746
v 0.20385557 -0.28976801 0.19969126
v 0.20385557 -0.28976801 0.19969126
v 0.20182862 -0.29061103 0.19867442
v 0.20184710 -0.29156237 0.19559033
v 0.20395717 -0.29035158 0.19829069
v 0.20395717 -0.29035158 0.19829069
v 0.20399160 -0.29123826 0.19536950
v 0.20399160 -0.29123826 0.19536950
v 0.20486485 -0.29096957 0.19526538
v 0.20486485 -0.29184198 0.19159269
v 0.20399160 -0.29212831 0.19164055
v 0.20399160 -0.29212831 0.19164055
v 0.20184710 -0.29310988 0.18785198
v 0.20399160 -0.29272111 0.18781419
v 0.20399160 -0.29272111 0.18781419
v 0.20184710 -0.29250028 0.19172367
v 0.20486485 -0.29242891 0.18778564
v 0.20509072 -0.29091247 0.18763702
v 0.20509072 -0.29127773 0.18375441
v 0.20486485 -0.29280340 0.18390387
v 0.20486485 -0.29303599 0.18000867
v 0.20509072 -0.29151955 0.17986004
v 0.20399160 -0.29309560 0.18393242
v 0.20399160 -0.29309560 0.18393242
v 0.20184710 -0.29348353 0.18397021
v 0.20399160 -0.29332903 0.18003721
v 0.20399160 -0.29332903 0.18003721
v 0.20184710 -0.29371695 0.18007500
v 0.19906864 -0.29393527 0.18009683
v 0.20183870 -0.29370604 0.17619827
v 0.19906864 -0.29392015 0.17617643
v 0.19629775 -0.29370604 0.17619827
v 0.19906864 -0.29354818 0.17222077
v 0.19628935 -0.29371695 0.18007500
v 0.19414485 -0.29332903 0.18003721
v 0.19414485 -0.29332903 0.18003721
v 0.19628935 -0.29348353 0.18397021
v 0.19414485 -0.29309560 0.18393242
v 0.19414485 -0.29309560 0.18393242
v 0.19414485 -0.29272111 0.18781419
v 0.19414485 -0.29272111 0.18781419
v 0.19327160 -0.29280340 0.18390387
v 0.19327160 -0.29303599 0.18000867
v 0.19306252 -0.29155398 0.17607315
v 0.19328923 -0.29303263 0.17622262
v 0.19304573 -0.29151955 0.17986004
v 0.19284589 -0.28719108 0.18335389
v 0.19304573 -0.29127773 0.18375441
v 0.19284589 -0.28745977 0.17946204
v 0.19252681 -0.28181806 0.17891794
v 0.19285764 -0.28760671 0.17566340
v 0.19253017 -0.28211530 0.17511342
v 0.19289039 -0.28758236 0.17205704
v 0.19311122 -0.29129536 0.17251549
v 0.19320694 -0.29096873 0.16986383
v 0.19334381 -0.29269676 0.17266831
v 0.19416080 -0.29332315 0.17622513
v 0.19416080 -0.29332315 0.17622513
v 0.19420866 -0.29298141 0.17259358
v 0.19420866 -0.29298141 0.17259358
v 0.19341686 -0.29230044 0.17004352
v 0.19349075 -0.29211403 0.16904684
v 0.19632546 -0.29334666 0.17236939
v 0.19218843 -0.28126556 0.17888771
v 0.19219011 -0.28155944 0.17511762
v 0.19327160 -0.29242891 0.18778564
v 0.19304573 -0.29091247 0.18763702
v 0.19284589 -0.28685185 0.18723902
v 0.19284673 -0.28640935 0.19105530
v 0.19327160 -0.29184198 0.19159269
v 0.19414485 -0.29212831 0.19164055
v 0.19414485 -0.29212831 0.19164055
v 0.19628935 -0.29310988 0.18785198
v 0.19628935 -0.29250028 0.19172367
v 0.19906864 -0.29332735 0.18787381
v 0.19906864 -0.29173786 0.19572888
v 0.19906864 -0.29270768 0.19177489
v 0.19906864 -0.29370184 0.18399204
v 0.20397565 -0.29332315 0.17622513
v 0.20397565 -0.29332315 0.17622513
v 0.20484722 -0.29303263 0.17622262
v 0.20507393 -0.29155398 0.17607315
v 0.20529056 -0.28685185 0.18723902
v 0.20528972 -0.28640935 0.19105530
v 0.20509072 -0.29036165 0.19144406
v 0.20528804 -0.28582998 0.19473975
v 0.20508988 -0.28956397 0.19511172
v 0.20523598 -0.28520611 0.19759377
v 0.20508400 -0.28463262 0.19891876
v 0.20501767 -0.28879148 0.19796658
v 0.20468768 -0.28970671 0.19934195
v 0.20482035 -0.29014670 0.19808749
v 0.20480188 -0.28831707 0.19933692
v 0.19906864 -0.27050021 0.20406507
v 0.19906864 -0.27012488 0.20402813
v 0.19793594 -0.27397139 0.20341769
v 0.19793594 -0.27397139 0.20341769
v 0.20020051 -0.27397139 0.20341769
v 0.20020051 -0.27397139 0.20341769
v 0.19906864 -0.27397139 0.20357890
v 0.19906864 -0.27397139 0.20357890
v 0.20256333 -0.27053044 0.20367631
v 0.19557396 -0.27053044 0.20367631
v 0.19580319 -0.27397139 0.20318342
v 0.19580319 -0.27397139 0.20318342
v 0.19491566 -0.27397139 0.20281313
v 0.19491566 -0.27397139 0.20281313
v 0.19286772 -0.27059258 0.20287946
v 0.19286772 -0.27059258 0.20287946
v 0.19557396 -0.27015511 0.20363936
v 0.19286772 -0.27021725 0.20284336
v 0.19286772 -0.27021725 0.20284336
v 0.19173837 -0.27028274 0.20200705
v 0.19173837 -0.27065807 0.20204316
v 0.19141258 -0.27071517 0.20131517
v 0.19222285 -0.27397139 0.20137478
v 0.19222285 -0.27397139 0.20137478
v 0.19257635 -0.27397139 0.20183072
v 0.19257635 -0.27397139 0.20183072
v 0.19327411 -0.27397139 0.20233704
v 0.19327411 -0.27397139 0.20233704
v 0.19327411 -0.27397139 0.20233704
v 0.19202217 -0.27397139 0.20094404
v 0.19202217 -0.27397139 0.20094404
v 0.19189203 -0.27397139 0.20038230
v 0.19189203 -0.27397139 0.20038230
v 0.19174341 -0.27397139 0.20002292
v 0.19174341 -0.27397139 0.20002292
v 0.19156708 -0.27397139 0.19975339
v 0.19156708 -0.27397139 0.19975339
v 0.19130846 -0.27397139 0.19955103
v 0.19130846 -0.27397139 0.19955103
v 0.19111618 -0.27075211 0.20084076
v 0.19012201 -0.27081257 0.20005903
v 0.19111618 -0.27037678 0.20080381
v 0.19141258 -0.27033984 0.20127822
v 0.19012201 -0.27043808 0.20002208
v 0.18770462 -0.27094188 0.19840993
v 0.18770462 -0.27056655 0.19837298
v 0.18480189 -0.27075379 0.19598245
v 0.18480189 -0.27112828 0.19601940
v 0.18235343 -0.27136339 0.19301424
v 0.18567431 -0.27397139 0.19540644
v 0.18567431 -0.27397139 0.19540644
v 0.18482456 -0.27397139 0.19440724
v 0.18482456 -0.27397139 0.19440724
v 0.18331149 -0.27397139 0.19263387
v 0.18331149 -0.27397139 0.19263387
v 0.18269433 -0.27397139 0.19155994
v 0.18269433 -0.27397139 0.19155994
v 0.18145247 -0.27397139 0.18939192
v 0.18145247 -0.27397139 0.18939192
v 0.18049189 -0.27163376 0.18955398
v 0.18109561 -0.27397139 0.18833227
v 0.18109561 -0.27397139 0.18833227
v 0.18024839 -0.27397139 0.18582167
v 0.18024839 -0.27397139 0.18582167
v 0.17935163 -0.27192680 0.18579564
v 0.18011740 -0.27397139 0.18484514
v 0.18011740 -0.27397139 0.18484514
v 0.17974459 -0.27397139 0.18205829
v 0.17974459 -0.27397139 0.18205829
v 0.17979833 -0.27397139 0.18121694
v 0.17979833 -0.27397139 0.18121694
v 0.17896118 -0.27223244 0.18188784
v 0.17935163 -0.27253724 0.17798087
v 0.17896118 -0.27185711 0.18185173
v 0.17935163 -0.27155231 0.18575869
v 0.18049189 -0.27125843 0.18951703
v 0.18235343 -0.27098806 0.19297813
v 0.17935163 -0.27216275 0.17794477
v 0.18049189 -0.27283112 0.17422253
v 0.18049189 -0.27245663 0.17418643
v 0.18235343 -0.27310150 0.17076227
v 0.18235343 -0.27272617 0.17072533
v 0.18485059 -0.27296379 0.16768826
v 0.18485059 -0.27333828 0.16772520
v 0.18789942 -0.27353308 0.16523728
v 0.18505379 -0.27397139 0.16799558
v 0.18505379 -0.27397139 0.16799558
v 0.18528554 -0.27397139 0.16779490
v 0.18528554 -0.27397139 0.16779490
v 0.18800438 -0.27397139 0.16545559
v 0.18800438 -0.27397139 0.16545559
v 0.18817735 -0.27397139 0.16534391
v 0.18817735 -0.27397139 0.16534391
v 0.19141845 -0.27397139 0.16353360
v 0.19141845 -0.27397139 0.16353360
v 0.19137395 -0.27367751 0.16338246
v 0.19156875 -0.27397139 0.16348993
v 0.19156875 -0.27397139 0.16348993
v 0.19516504 -0.27397139 0.16235807
v 0.19516504 -0.27397139 0.16235807
v 0.19514657 -0.27376651 0.16224639
v 0.19526916 -0.27397139 0.16234715
v 0.19526916 -0.27397139 0.16234715
v 0.19906864 -0.27397139 0.16195503
v 0.19906864 -0.27397139 0.16195503
v 0.20286729 -0.27397139 0.16234715
v 0.20286729 -0.27397139 0.16234715
v 0.19906864 -0.27379674 0.16185762
v 0.19906864 -0.27342225 0.16182152
v 0.20298988 -0.27376651 0.16224639
v 0.20298988 -0.27339202 0.16221028
v 0.19514657 -0.27339202 0.16221028
v 0.19137395 -0.27330302 0.16334551
v 0.18789942 -0.27315775 0.16520033
v 0.20676249 -0.27330302 0.16334551
v 0.21023703 -0.27315775 0.16520033
v 0.20676249 -0.27367751 0.16338246
v 0.21023703 -0.27353308 0.16523728
v 0.20671799 -0.27397139 0.16353360
v 0.20671799 -0.27397139 0.16353360
v 0.20656769 -0.27397139 0.16348993
v 0.20656769 -0.27397139 0.16348993
v 0.20297141 -0.27397139 0.16235807
v 0.20297141 -0.27397139 0.16235807
v 0.20995910 -0.27397139 0.16534391
v 0.20995910 -0.27397139 0.16534391
v 0.21013291 -0.27397139 0.16545559
v 0.21013291 -0.27397139 0.16545559
v 0.21285091 -0.27397139 0.16779490
v 0.21285091 -0.27397139 0.16779490
v 0.21328585 -0.27333828 0.16772520
v 0.21308265 -0.27397139 0.16799558
v 0.21308265 -0.27397139 0.16799558
v 0.21519189 -0.27397139 0.17073121
v 0.21519189 -0.27397139 0.17073121
v 0.21545135 -0.27397139 0.17106791
v 0.21545135 -0.27397139 0.17106791
v 0.21578302 -0.27310150 0.17076227
v 0.21764455 -0.27245663 0.17418643
v 0.21578302 -0.27272617 0.17072533
v 0.21764455 -0.27283112 0.17422253
v 0.21878482 -0.27253724 0.17798087
v 0.21716343 -0.27397139 0.17453069
v 0.21716343 -0.27397139 0.17453069
v 0.21691573 -0.27397139 0.17403025
v 0.21691573 -0.27397139 0.17403025
v 0.21878482 -0.27216275 0.17794477
v 0.21917526 -0.27185711 0.18185173
v 0.21917526 -0.27223244 0.18188784
v 0.21878482 -0.27155231 0.18575869
v 0.21878482 -0.27192680 0.18579564
v 0.21764455 -0.27125843 0.18951703
v 0.21578302 -0.27098806 0.19297813
v 0.21764455 -0.27163376 0.18955398
v 0.21578302 -0.27136339 0.19301424
v 0.21704168 -0.27397139 0.18833227
v 0.21704168 -0.27397139 0.18833227
v 0.21668398 -0.27397139 0.18939192
v 0.21668398 -0.27397139 0.18939192
v 0.21544211 -0.27397139 0.19155994
v 0.21544211 -0.27397139 0.19155994
v 0.21482496 -0.27397139 0.19263387
v 0.21482496 -0.27397139 0.19263387
v 0.21331188 -0.27397139 0.19440724
v 0.21331188 -0.27397139 0.19440724
v 0.21333455 -0.27112828 0.19601940
v 0.21246214 -0.27397139 0.19540644
v 0.21246214 -0.27397139 0.19540644
v 0.21077609 -0.27397139 0.19674571
v 0.21077609 -0.27397139 0.19674571
v 0.21043183 -0.27094188 0.19840993
v 0.20974247 -0.27397139 0.19757278
v 0.20974247 -0.27397139 0.19757278
v 0.20839732 -0.27397139 0.19845947
v 0.20839732 -0.27397139 0.19845947
v 0.20739476 -0.27397139 0.19912112
v 0.20739476 -0.27397139 0.19912112
v 0.20801444 -0.27081257 0.20005903
v 0.20702111 -0.27075211 0.20084076
v 0.20801444 -0.27043808 0.20002208
v 0.20702111 -0.27037678 0.20080381
v 0.20672471 -0.27033984 0.20127822
v 0.20672471 -0.27071517 0.20131517
v 0.20639808 -0.27028274 0.20200705
v 0.20639808 -0.27065807 0.20204316
v 0.20526957 -0.27021725 0.20284336
v 0.20526957 -0.27021725 0.20284336
v 0.20526957 -0.27059258 0.20287946
v 0.20526957 -0.27059258 0.20287946
v 0.20256333 -0.27015511 0.20363936
v 0.20486233 -0.27397139 0.20233704
v 0.20486233 -0.27397139 0.20233704
v 0.20486233 -0.27397139 0.20233704
v 0.20322079 -0.27397139 0.20281313
v 0.20322079 -0.27397139 0.20281313
v 0.20556009 -0.27397139 0.20183072
v 0.20556009 -0.27397139 0.20183072
v 0.20591359 -0.27397139 0.20137478
v 0.20591359 -0.27397139 0.20137478
v 0.20611427 -0.27397139 0.20094404
v 0.20611427 -0.27397139 0.20094404
v 0.20624442 -0.27397139 0.20038230
v 0.20624442 -0.27397139 0.20038230
v 0.20639304 -0.27397139 0.20002292
v 0.20639304 -0.27397139 0.20002292
v 0.20656937 -0.27397139 0.19975339
v 0.20656937 -0.27397139 0.19975339
v 0.20682799 -0.27397139 0.19955103
v 0.20682799 -0.27397139 0.19955103
v 0.20233326 -0.27397139 0.20318342
v 0.20233326 -0.27397139 0.20318342
v 0.21043183 -0.27056655 0.19837298
v 0.21333455 -0.27075379 0.19598245
v 0.21788806 -0.27397139 0.18582167
v 0.21788806 -0.27397139 0.18582167
v 0.21801905 -0.27397139 0.18484514
v 0.21801905 -0.27397139 0.18484514
v 0.21839186 -0.27397139 0.18205829
v 0.21839186 -0.27397139 0.18205829
v 0.21833812 -0.27397139 0.18121694
v 0.21833812 -0.27397139 0.18121694
v 0.21814751 -0.27397139 0.17824537
v 0.21814751 -0.27397139 0.17824537
v 0.21796867 -0.27397139 0.17757028
v 0.21796867 -0.27397139 0.17757028
v 0.21328585 -0.27296379 0.16768826
v 0.18294455 -0.27397139 0.17073121
v 0.18294455 -0.27397139 0.17073121
v 0.18268510 -0.27397139 0.17106791
v 0.18268510 -0.27397139 0.17106791
v 0.18122072 -0.27397139 0.17403025
v 0.18122072 -0.27397139 0.17403025
v 0.18097302 -0.27397139 0.17453069
v 0.18097302 -0.27397139 0.17453069
v 0.18016778 -0.27397139 0.17757028
v 0.18016778 -0.27397139 0.17757028
v 0.17998893 -0.27397139 0.17824537
v 0.17998893 -0.27397139 0.17824537
v 0.18736035 -0.27397139 0.19674571
v 0.18736035 -0.27397139 0.19674571
v 0.18839398 -0.27397139 0.19757278
v 0.18839398 -0.27397139 0.19757278
v 0.18973996 -0.27397139 0.19845947
v 0.18973996 -0.27397139 0.19845947
v 0.19074168 -0.27397139 0.19912112
v 0.19074168 -0.27397139 0.19912112
vn -0.86659521 -0.20929884 0.45299750
vn -0.86659521 -0.20929884 0.45299750
vn -0.94392176 -0.13500311 0.30130695
vn -0.94392176 -0.13500311 0.30130695
vn -0.88224930 -0.09820549 0.46042573
vn -0.58482517 -0.17190740 0.79273411
vn -0.58482517 -0.17190740 0.79273411
vn -0.58482517 -0.17190740 0.79273411
vn -0.92346197 -0.20959137 0.32138676
vn 0.00000000 1.00000000 0.00000000
vn -0.82843908 -0.22471060 0.51302420
vn 0.00000000 1.00000000 0.00000000
vn -0.68714408 -0.21831400 0.69294445
vn 0.00000000 1.00000000 0.00000000
vn 0.00000000 1.00000000 0.00000000
vn -0.43471596 -0.19350710 0.87953228
vn -0.43471596 -0.19350710 0.87953228
vn -0.33609541 -0.16819770 0.92668733
vn 0.00000000 1.00000000 0.00000000
vn -0.24910853 -0.15350526 0.95623275
vn 0.00000000 1.00000000 0.00000000
vn -0.12710562 -0.14150626 0.98174342
vn 0.00000000 1.00000000 0.00000000
vn -0.26039764 -0.14139872 0.95509134
vn -0.67369102 -0.13759817 0.72609032
vn -0.67369102 -0.13759817 0.72609032
vn -0.00110005 -0.14420684 0.98954696
vn -0.24659992 -0.16129995 0.95559971
vn 0.00000000 -0.16590697 0.98614141
vn -0.19569887 -0.27779839 0.94049455
vn -0.53581428 -0.03470092 0.84362249
vn -0.53581428 -0.03470092 0.84362249
vn -0.76420081 -0.39080041 0.51310054
vn -0.92346989 -0.07639751 0.37598774
vn -0.30469201 -0.63118346 0.71328131
vn -0.30469201 -0.63118346 0.71328131
vn -0.17530111 -0.69420439 0.69810442
vn 0.00000000 -0.70825577 0.70595592
vn 0.00000000 -0.94506332 0.32688731
vn -0.12129576 -0.93696722 0.32768853
vn -0.11629674 -0.95847312 0.26039270
vn -0.22040143 -0.94080609 0.25750167
vn -0.22040143 -0.94080609 0.25750167
vn -0.23519754 -0.91699043 0.32219664
vn -0.23519754 -0.91699043 0.32219664
vn -0.75562805 -0.61042266 0.23750882
vn -0.81382060 -0.52731335 0.24420618
vn -0.99407035 -0.07429778 0.07939763
vn -0.99654506 -0.07840355 0.02740124
vn -0.99693042 -0.07710235 0.01360041
vn -0.99819934 -0.05799996 0.01529999
vn -0.99655840 -0.06479730 0.05169784
vn -0.99251754 -0.11550204 0.03960070
vn -0.96825162 -0.06679666 0.24088796
vn -0.91580033 -0.20580007 0.34490012
vn -0.59759640 -0.63449618 0.49019705
vn -0.67240919 -0.73140999 0.11360155
vn -0.78062714 -0.30891074 0.54331889
vn -0.78062714 -0.30891074 0.54331889
vn -0.82801353 -0.55470906 0.08180134
vn -0.81226607 -0.58127572 0.04839798
vn -0.97977135 -0.19899418 0.02119938
vn -0.98135723 -0.19149165 0.01639929
vn -0.65088922 -0.75658747 0.06259896
vn -0.81093872 -0.58332785 0.04590219
vn -0.65200214 -0.75590248 0.05920019
vn -0.98946322 -0.14429464 0.01189956
vn -0.81127588 -0.58288267 0.04559864
vn -0.98958610 -0.14349798 0.01129984
vn -0.81140832 -0.58270597 0.04550047
vn -0.65517822 -0.75317496 0.05889804
vn -0.46690902 -0.88161702 0.06890133
vn -0.65501856 -0.75332135 0.05880167
vn -0.47030857 -0.87981603 0.06880125
vn -0.34169169 -0.93667721 0.07669813
vn -0.34999263 -0.93388034 0.07329846
vn -0.47268278 -0.87836801 0.07099741
vn -0.29391339 -0.94734315 0.12710579
vn -0.47188891 -0.87457944 0.11149738
vn -0.09819552 -0.98595502 0.13509384
vn -0.04570191 -0.99514163 0.08720365
vn -0.06659686 -0.98665343 0.14859299
vn -0.39121709 -0.71483122 0.57962532
vn -0.43689218 -0.72628700 0.53069050
vn -0.02370011 -0.99550456 0.09170042
vn -0.07390194 -0.98962592 0.12320323
vn -0.05640092 -0.99361629 0.09770160
vn -0.01290025 -0.99671928 0.07990155
vn -0.01959965 -0.99668203 0.07899858
vn -0.01120031 -0.99682735 0.07880216
vn -0.01809924 -0.99675793 0.07839669
vn -0.02009917 -0.99675880 0.07789678
vn -0.28709548 -0.95498496 0.07469882
vn -0.31220423 -0.94711284 0.07420101
vn -0.46698721 -0.88157586 0.06889811
vn -0.65491596 -0.75341836 0.05870143
vn -0.46679287 -0.88168652 0.06879895
vn -0.31218390 -0.94715117 0.07379620
vn -0.65439887 -0.75389870 0.05829990
vn -0.44869348 -0.89098706 0.06939899
vn -0.34980485 -0.93401294 0.07250100
vn -0.43092073 -0.89994330 0.06640319
vn -0.65946696 -0.75046241 0.04369781
vn -0.69680584 -0.71300598 -0.07800065
vn -0.81583787 -0.57732680 0.03320154
vn -0.84382902 -0.53491840 -0.04260147
vn -0.82249743 -0.21759932 -0.52549836
vn -0.99053827 -0.12650489 -0.05320206
vn -0.99457784 -0.08149818 -0.06459856
vn -0.99283110 -0.11940374 -0.00540017
vn -0.76456040 -0.19618984 -0.61396820
vn -0.78681240 -0.17450275 -0.59200933
vn -0.31850565 -0.19130340 -0.92841648
vn -0.31850565 -0.19130340 -0.92841648
vn -0.32539283 -0.13369705 -0.93607938
vn -0.32539283 -0.13369705 -0.93607938
vn -0.17159423 -0.15829468 -0.97236732
vn -0.36790963 -0.23710621 -0.89912354
vn -0.36790963 -0.23710621 -0.89912354
vn -0.18310697 -0.19010724 -0.96453672
vn 0.00000000 -0.18579773 -0.98258801
vn -0.32899004 -0.67697950 -0.65838006
vn -0.32899004 -0.67697950 -0.65838006
vn -0.22080152 -0.64690444 -0.72990501
vn -0.13089523 -0.97396454 -0.18509326
vn -0.24059088 -0.94836405 -0.20669217
vn -0.24059088 -0.94836405 -0.20669217
vn 0.00000000 -0.65018177 -0.75977870
vn 0.15189653 -0.66428482 -0.73188327
vn 0.00000000 -0.98266440 -0.18539328
vn 0.13089523 -0.97396454 -0.18509326
vn 0.12330468 -0.98503741 -0.12040457
vn 0.25109505 -0.96238104 -0.10379795
vn 0.25109505 -0.96238104 -0.10379795
vn 0.25491229 -0.94954579 -0.18270881
vn 0.25491229 -0.94954579 -0.18270881
vn 0.30699327 -0.65978553 -0.68588496
vn 0.30699327 -0.65978553 -0.68588496
vn 0.75200788 -0.62480655 -0.21000220
vn 0.75129888 -0.63479905 -0.18049973
vn 0.67676172 -0.48727244 -0.55186878
vn 0.99245839 -0.09649595 -0.07559683
vn 0.99766150 -0.06649743 -0.01579939
vn 0.99457784 -0.08149818 -0.06459856
vn 0.99562642 -0.08900236 -0.02840075
vn 0.78546636 -0.14789367 -0.60097426
vn 0.80281835 -0.12340282 -0.58331333
vn 0.31250861 -0.20320560 -0.92792556
vn 0.31250861 -0.20320560 -0.92792556
vn 0.29569797 -0.16229889 -0.94139353
vn 0.29569797 -0.16229889 -0.94139353
vn 0.17790625 -0.19350680 -0.96483391
vn 0.17159423 -0.15829468 -0.97236732
vn 0.00000000 -0.15560310 -0.98781966
vn 0.16339904 -0.16599902 -0.97249426
vn 0.36790963 -0.23710621 -0.89912354
vn 0.36790963 -0.23710621 -0.89912354
vn 0.71281726 -0.41741011 -0.56361365
vn 0.14479902 -0.38379741 -0.91199385
vn 0.14479902 -0.38379741 -0.91199385
vn 0.34510936 -0.33790916 -0.87562374
vn 0.34510936 -0.33790916 -0.87562374
vn 0.34510936 -0.33790916 -0.87562374
vn 0.75669805 -0.22149943 -0.61509842
vn 0.69685728 -0.71295629 -0.07799522
vn 0.84385782 -0.53487326 -0.04259787
vn 0.99053827 -0.12650489 -0.05320206
vn 0.99283163 -0.11940380 -0.00530017
vn 0.81583787 -0.57732680 0.03320154
vn 0.81063615 -0.58382604 0.04490200
vn 0.64520526 -0.76250621 0.04790039
vn 0.64608093 -0.76097754 0.05909826
vn 0.65217793 -0.75577442 0.05889801
vn 0.45771024 -0.88641983 0.06900154
vn 0.47038968 -0.87978069 0.06869849
vn 0.31221347 -0.94714087 0.07380319
vn 0.28709762 -0.95499209 0.07459938
vn 0.46698721 -0.88157586 0.06889811
vn 0.46690902 -0.88161702 0.06890133
vn 0.31220423 -0.94711284 0.07420101
vn 0.65501856 -0.75332135 0.05880167
vn 0.81140832 -0.58270597 0.04550047
vn 0.65517822 -0.75317496 0.05889804
vn 0.81112397 -0.58311723 0.04530134
vn 0.98228934 -0.18709797 0.01009989
vn 0.98209287 -0.18789864 0.01369990
vn 0.99855972 -0.05359784 0.00239990
vn 0.99832088 -0.05780121 -0.00380008
vn 0.98958610 -0.14349798 0.01129984
vn 0.98946322 -0.14429464 0.01189956
vn 0.99856980 -0.05329839 0.00419987
vn 0.81127588 -0.58288267 0.04559864
vn 0.65200214 -0.75590248 0.05920019
vn 0.81089141 -0.58339382 0.04589951
vn 0.98135353 -0.19151045 0.01640089
vn 0.65088922 -0.75658747 0.06259896
vn 0.81226607 -0.58127572 0.04839798
vn 0.99252146 -0.11550250 0.03950085
vn 0.82801353 -0.55470906 0.08180134
vn 0.97975185 -0.19909022 0.02119896
vn 0.67240919 -0.73140999 0.11360155
vn 0.96049663 -0.19099933 0.20239929
vn 0.63090314 -0.65680327 0.41300205
vn 0.47193018 -0.87455593 0.11150713
vn 0.29400475 -0.94731530 0.12710205
vn 0.47268278 -0.87836801 0.07099741
vn 0.34169169 -0.93667721 0.07669813
vn 0.47030857 -0.87981603 0.06880125
vn 0.34999263 -0.93388034 0.07329846
vn 0.01959980 -0.99668990 0.07889920
vn 0.04570191 -0.99514163 0.08720365
vn 0.02370011 -0.99550456 0.09170042
vn 0.09819552 -0.98595502 0.13509384
vn 0.01280026 -0.99672056 0.07990165
vn 0.05640092 -0.99361629 0.09770160
vn 0.01130030 -0.99682623 0.07880207
vn 0.01809924 -0.99675793 0.07839669
vn 0.02009917 -0.99675880 0.07789678
vn 0.01810079 -0.99684329 0.07730336
vn 0.01070004 -0.99690373 0.07790029
vn 0.01109966 -0.99696949 0.07699764
vn 0.04610119 -0.99592576 0.07750200
vn 0.04830155 -0.99513199 0.08590276
vn 0.54807162 -0.81855761 0.17199109
vn 0.55221442 -0.83062170 0.07160187
vn 0.88196285 -0.46988021 0.03679845
vn 0.88196285 -0.46988021 0.03679845
vn 0.54568227 -0.83687281 -0.04329859
vn 0.86484877 -0.48392729 -0.13360754
vn 0.86484877 -0.48392729 -0.13360754
vn 0.00000000 1.00000000 0.00000000
vn 0.89272719 -0.42461293 -0.15080459
vn 0.90818877 -0.41449487 -0.05819928
vn 0.00000000 1.00000000 0.00000000
vn 0.81580967 -0.49490587 -0.29920355
vn 0.81580967 -0.49490587 -0.29920355
vn 0.00000000 1.00000000 0.00000000
vn 0.87258433 -0.43039227 -0.23099585
vn 0.83865540 -0.44017659 -0.32078294
vn 0.00000000 1.00000000 0.00000000
vn 0.73351840 -0.50811275 -0.45141133
vn 0.73351840 -0.50811275 -0.45141133
vn 0.50719971 -0.84999952 -0.14229992
vn 0.04829990 -0.99639804 0.06969986
vn 0.51470726 -0.79131117 -0.33000466
vn 0.05640190 -0.99673355 0.05780195
vn 0.01290051 -0.99703936 0.07580299
vn 0.02369956 -0.99768133 0.06379881
vn 0.07389671 -0.99675562 0.03189858
vn 0.06690294 -0.99774377 0.00560025
vn 0.10920487 -0.99364427 -0.02730122
vn 0.47738681 -0.77317864 -0.41748847
vn 0.62401179 -0.51860980 -0.58451104
vn 0.62401179 -0.51860980 -0.58451104
vn 0.51358238 -0.52668193 -0.67737676
vn 0.51358238 -0.52668193 -0.67737676
vn 0.37040599 -0.78761273 -0.49240796
vn 0.40860596 -0.46000670 -0.78831149
vn 0.40860596 -0.46000670 -0.78831149
vn 0.40581949 -0.80523866 -0.43232076
vn 0.09940073 -0.99490733 0.01670012
vn 0.45139966 -0.82229938 -0.34649974
vn 0.28610366 -0.95801225 0.01890024
vn 0.04580091 -0.99661971 0.06820135
vn 0.34139189 -0.93737772 0.06909836
vn 0.44130571 -0.89491157 0.06620086
vn 0.46578935 -0.88487976 -0.00529988
vn 0.55458269 -0.64267995 -0.52858351
vn 0.34980485 -0.93401294 0.07250100
vn 0.01959910 -0.99685414 0.07679647
vn 0.16589509 -0.46058637 -0.87197420
vn 0.45822323 -0.47362401 -0.75213813
vn 0.00000000 1.00000000 0.00000000
vn 0.00000000 1.00000000 0.00000000
vn 0.33812096 -0.46962911 -0.81555056
vn 0.00000000 1.00000000 0.00000000
vn 0.25279440 -0.47448948 -0.84318131
vn 0.00000000 1.00000000 0.00000000
vn 0.17650433 -0.48251184 -0.85792106
vn 0.08999936 -0.48189659 -0.87159382
vn 0.00000000 1.00000000 0.00000000
vn 0.00000000 -0.48390987 -0.87511784
vn 0.00000000 1.00000000 0.00000000
vn 0.00000000 -0.47172458 -0.88174595
vn -0.16379476 -0.46228521 -0.87147212
vn -0.08999936 -0.48189659 -0.87159382
vn 0.00000000 1.00000000 0.00000000
vn -0.18249276 -0.35088609 -0.91846358
vn -0.18249276 -0.35088609 -0.91846358
vn 0.00000000 -0.32291011 -0.94642964
vn 0.00000000 -0.32291011 -0.94642964
vn -0.16699301 -0.16199322 -0.97255927
vn -0.00100001 -0.15940214 -0.98721323
vn -0.32528858 -0.31368899 -0.89206869
vn -0.32528858 -0.31368899 -0.89206869
vn -0.32528858 -0.31368899 -0.89206869
vn -0.41140541 -0.45560600 -0.78941039
vn -0.41140541 -0.45560600 -0.78941039
vn -0.71750559 -0.37040289 -0.58990460
vn -0.63863137 -0.53662636 -0.55152709
vn -0.46578935 -0.88487976 -0.00529988
vn -0.44597807 -0.82525942 -0.34648296
vn -0.28610366 -0.95801225 0.01890024
vn -0.41711985 -0.76613646 -0.48892327
vn -0.09940073 -0.99490733 0.01670012
vn -0.35792258 -0.86205438 -0.35882263
vn -0.06690294 -0.99774377 0.00560025
vn -0.02369941 -0.99767496 0.06389840
vn -0.07389671 -0.99675562 0.03189858
vn -0.10920487 -0.99364427 -0.02730122
vn -0.53010387 -0.76020555 -0.37560274
vn -0.51358238 -0.52668193 -0.67737676
vn -0.51358238 -0.52668193 -0.67737676
vn -0.53521378 -0.79392044 -0.28850743
vn -0.62401179 -0.51860980 -0.58451104
vn -0.62401179 -0.51860980 -0.58451104
vn -0.73351840 -0.50811275 -0.45141133
vn -0.73351840 -0.50811275 -0.45141133
vn 0.00000000 1.00000000 0.00000000
vn -0.70406711 -0.45897856 -0.54187469
vn -0.63990049 -0.46710036 -0.61020047
vn 0.00000000 1.00000000 0.00000000
vn 0.00000000 1.00000000 0.00000000
vn -0.57699873 -0.47079896 -0.66739853
vn -0.52287674 -0.47637881 -0.70686855
vn 0.00000000 1.00000000 0.00000000
vn 0.00000000 1.00000000 0.00000000
vn -0.45822323 -0.47362401 -0.75213813
vn 0.00000000 1.00000000 0.00000000
vn -0.33812096 -0.46962911 -0.81555056
vn 0.00000000 1.00000000 0.00000000
vn -0.25279440 -0.47448948 -0.84318131
vn 0.00000000 1.00000000 0.00000000
vn -0.17650433 -0.48251184 -0.85792106
vn -0.75351755 -0.45461059 -0.47491106
vn 0.00000000 1.00000000 0.00000000
vn 0.00000000 1.00000000 0.00000000
vn -0.80226312 -0.44557952 -0.39728174
vn 0.00000000 1.00000000 0.00000000
vn -0.83865540 -0.44017659 -0.32078294
vn -0.87258433 -0.43039227 -0.23099585
vn 0.00000000 1.00000000 0.00000000
vn -0.81584311 -0.49486549 -0.29917914
vn -0.81584311 -0.49486549 -0.29917914
vn -0.86484877 -0.48392729 -0.13360754
vn -0.86484877 -0.48392729 -0.13360754
vn -0.54352404 -0.83833708 -0.04210186
vn -0.55219452 -0.82099185 -0.14509856
vn -0.05640190 -0.99673355 0.05780195
vn -0.04829990 -0.99639804 0.06969986
vn -0.01119964 -0.99696838 0.07699756
vn -0.04610012 -0.99590256 0.07780020
vn -0.01290051 -0.99703936 0.07580299
vn -0.04570111 -0.99662427 0.06820166
vn -0.01959910 -0.99685414 0.07679647
vn -0.01810079 -0.99684329 0.07730336
vn -0.34139189 -0.93737772 0.06909836
vn -0.01070004 -0.99690373 0.07790029
vn -0.04830155 -0.99513199 0.08590276
vn -0.54811414 -0.81842111 0.17250445
vn -0.55243791 -0.83165707 0.05620386
vn -0.88196285 -0.46988021 0.03679845
vn -0.88196285 -0.46988021 0.03679845
vn -0.86761816 -0.45190946 0.20740434
vn -0.86761816 -0.45190946 0.20740434
vn -0.91252085 -0.40820933 0.02590059
vn 0.00000000 1.00000000 0.00000000
vn -0.90953279 -0.39741433 0.12170439
vn 0.00000000 1.00000000 0.00000000
vn -0.89751833 -0.39110799 0.20370416
vn 0.00000000 1.00000000 0.00000000
vn 0.00000000 1.00000000 0.00000000
vn -0.87632493 -0.38051083 0.29540840
vn -0.84791693 -0.37430747 0.37540750
vn 0.00000000 1.00000000 0.00000000
vn 0.00000000 1.00000000 0.00000000
vn -0.80779405 -0.36419732 0.46349659
vn -0.82048722 -0.43209327 0.37429417
vn -0.82048722 -0.43209327 0.37429417
vn -0.74155805 -0.41663261 0.52584116
vn -0.74155805 -0.41663261 0.52584116
vn -0.45808314 -0.81007018 0.36598653
vn -0.54469412 -0.78179156 0.30349673
vn -0.44981069 -0.67821611 0.58111380
vn -0.10930493 -0.97744411 0.18070816
vn -0.63519617 -0.40099758 0.66009602
vn -0.63519617 -0.40099758 0.66009602
vn -0.53691064 -0.39450782 0.74571478
vn -0.53691064 -0.39450782 0.74571478
vn 0.00000000 1.00000000 0.00000000
vn -0.65498289 -0.34579097 0.67188245
vn -0.58708186 -0.33758957 0.73577726
vn 0.00000000 1.00000000 0.00000000
vn -0.55439527 -0.33649713 0.76119351
vn 0.00000000 1.00000000 0.00000000
vn -0.51872574 -0.33531664 0.78643903
vn 0.00000000 1.00000000 0.00000000
vn -0.54466989 -0.33518147 0.76875750
vn 0.00000000 1.00000000 0.00000000
vn -0.55698022 -0.39408601 0.73107404
vn -0.55698022 -0.39408601 0.73107404
vn 0.00000000 1.00000000 0.00000000
vn -0.57611619 -0.33330937 0.74632098
vn 0.00000000 1.00000000 0.00000000
vn -0.70981837 -0.31260809 0.63121634
vn -0.86147790 -0.26049332 0.43588882
vn 0.00000000 1.00000000 0.00000000
vn -0.93241729 -0.21960407 0.28700532
vn 0.00000000 1.00000000 0.00000000
vn 0.00000000 1.00000000 0.00000000
vn -0.71330402 -0.35000197 0.60720342
vn 0.00000000 1.00000000 0.00000000
vn -0.76554383 -0.35912056 0.53383056
vn 0.00000000 1.00000000 0.00000000
vn -0.90818877 -0.41449487 -0.05819928
vn 0.00000000 1.00000000 0.00000000
vn -0.89272719 -0.42461293 -0.15080459
vn 0.00000000 1.00000000 0.00000000
vn 0.52287674 -0.47637881 -0.70686855
vn 0.00000000 1.00000000 0.00000000
vn 0.57699873 -0.47079896 -0.66739853
vn 0.63990049 -0.46710036 -0.61020047
vn 0.00000000 1.00000000 0.00000000
vn 0.00000000 1.00000000 0.00000000
vn 0.70406711 -0.45897856 -0.54187469
vn 0.00000000 1.00000000 0.00000000
vn 0.75351755 -0.45461059 -0.47491106
vn 0.80226312 -0.44557952 -0.39728174
vn 0.00000000 1.00000000 0.00000000
vn 0.91252085 -0.40820933 0.02590059
vn 0.00000000 1.00000000 0.00000000
vn 0.00000000 1.00000000 0.00000000
vn 0.90953279 -0.39741433 0.12170439
vn 0.00000000 1.00000000 0.00000000
vn 0.89751833 -0.39110799 0.20370416
vn 0.00000000 1.00000000 0.00000000
vn 0.87632493 -0.38051083 0.29540840
vn 0.86761816 -0.45190946 0.20740434
vn 0.86761816 -0.45190946 0.20740434
vn 0.82048722 -0.43209327 0.37429417
vn 0.82048722 -0.43209327 0.37429417
vn 0.54842856 -0.78514088 0.28771498
vn 0.07390285 -0.98963811 0.12310474
vn 0.56999099 -0.72818849 0.38059399
vn 0.74160306 -0.41660172 0.52580217
vn 0.74160306 -0.41660172 0.52580217
vn 0.38578425 -0.81156687 0.43878209
vn 0.10929425 -0.97744857 0.18069049
vn 0.06659686 -0.98665343 0.14859299
vn 0.44359707 -0.71009531 0.54679639
vn 0.63519617 -0.40099758 0.66009602
vn 0.63519617 -0.40099758 0.66009602
vn 0.46717382 -0.69546102 0.54596940
vn 0.53691064 -0.39450782 0.74571478
vn 0.53691064 -0.39450782 0.74571478
vn 0.55698022 -0.39408601 0.73107404
vn 0.55698022 -0.39408601 0.73107404
vn 0.51870835 -0.33540540 0.78641266
vn 0.00000000 1.00000000 0.00000000
vn 0.55439527 -0.33649713 0.76119351
vn 0.00000000 1.00000000 0.00000000
vn 0.58708186 -0.33758957 0.73577726
vn 0.00000000 1.00000000 0.00000000
vn 0.00000000 1.00000000 0.00000000
vn 0.65492578 -0.34581361 0.67192645
vn 0.00000000 1.00000000 0.00000000
vn 0.71330402 -0.35000197 0.60720342
vn 0.76554383 -0.35912056 0.53383056
vn 0.00000000 1.00000000 0.00000000
vn 0.00000000 1.00000000 0.00000000
vn 0.80779405 -0.36419732 0.46349659
vn 0.00000000 1.00000000 0.00000000
vn 0.84791693 -0.37430747 0.37540750
vn 0.00000000 1.00000000 0.00000000
vn 0.54466989 -0.33518147 0.76875750
vn 0.57611619 -0.33330937 0.74632098
vn 0.00000000 1.00000000 0.00000000
vn 0.00000000 1.00000000 0.00000000
vn 0.70981837 -0.31260809 0.63121634
vn 0.78062714 -0.30891074 0.54331889
vn 0.78062714 -0.30891074 0.54331889
vn 0.00000000 1.00000000 0.00000000
vn 0.86147790 -0.26049332 0.43588882
vn 0.93241729 -0.21960407 0.28700532
vn 0.00000000 1.00000000 0.00000000
vn 0.93198426 -0.18439689 0.31209473
vn 0.93198426 -0.18439689 0.31209473
vn 0.92346197 -0.20959137 0.32138676
vn 0.00000000 1.00000000 0.00000000
vn 0.00000000 1.00000000 0.00000000
vn 0.82843908 -0.22471060 0.51302420
vn 0.88506096 -0.20299105 0.41888152
vn 0.88506096 -0.20299105 0.41888152
vn 0.87800688 -0.08630068 0.47080369
vn 0.58482517 -0.17190740 0.79273411
vn 0.58482517 -0.17190740 0.79273411
vn 0.58482517 -0.17190740 0.79273411
vn 0.25469199 -0.14179554 0.95656992
vn 0.60540504 -0.29730248 0.73830615
vn 0.60540504 -0.29730248 0.73830615
vn 0.00000000 1.00000000 0.00000000
vn 0.43479706 -0.19349869 0.87949405
vn 0.43479706 -0.19349869 0.87949405
vn 0.00000000 1.00000000 0.00000000
vn 0.68719686 -0.21829900 0.69289683
vn 0.00000000 1.00000000 0.00000000
vn 0.33609541 -0.16819770 0.92668733
vn 0.24910853 -0.15350526 0.95623275
vn 0.00000000 1.00000000 0.00000000
vn 0.00000000 1.00000000 0.00000000
vn 0.12710562 -0.14150626 0.98174342
vn 0.00000000 -0.13849485 0.99036315
vn 0.00000000 1.00000000 0.00000000
vn 0.57750493 -0.03790032 0.81550697
vn 0.57750493 -0.03790032 0.81550697
vn 0.24609910 -0.15789942 0.95629650
vn 0.24540235 -0.24820238 0.93710899
vn 0.19369122 -0.67696930 0.71006780
vn 0.00000000 -0.26000216 0.96560803
vn 0.29270212 -0.63870462 0.71160514
vn 0.29270212 -0.63870462 0.71160514
vn 0.11700410 -0.93673283 0.32991156
vn 0.11629674 -0.95847312 0.26039270
vn 0.22790663 -0.91342658 0.33720981
vn 0.22790663 -0.91342658 0.33720981
vn 0.24111027 -0.93053963 0.27561174
vn 0.24111027 -0.93053963 0.27561174
vn 0.75342650 -0.65192293 0.08570301
vn 0.70681326 -0.69501304 0.13180247
vn 0.23381182 -0.95784843 0.16690844
vn 0.23381182 -0.95784843 0.16690844
vn 0.12179578 -0.98466586 0.12489567
vn 0.24929729 -0.95798959 0.14179846
vn 0.24929729 -0.95798959 0.14179846
vn 0.11889417 -0.97365226 0.19459046
vn 0.75749878 -0.65239895 -0.02389996
vn 0.99764252 -0.06820291 0.00760032
vn 0.99793722 -0.06400239 0.00500019
vn 0.81280422 -0.58090302 0.04360023
vn 0.75707710 -0.64748041 -0.08719736
vn 0.99761530 -0.06900106 0.00160002
vn 0.24940001 -0.96350005 0.09730000
vn 0.24940001 -0.96350005 0.09730000
vn 0.12270350 -0.98942823 0.07730221
vn 0.24879862 -0.96729464 0.04939973
vn 0.24879862 -0.96729464 0.04939973
vn 0.12190504 -0.99214105 0.02820117
vn 0.00000000 -0.99960511 0.02810014
vn 0.12099838 -0.99148668 -0.04809935
vn 0.00000000 -0.99881828 -0.04860089
vn -0.12099838 -0.99148668 -0.04809935
vn 0.00000000 -0.99273704 -0.12030449
vn -0.12190504 -0.99214105 0.02820117
vn -0.22758874 -0.97335185 0.02809861
vn -0.22758874 -0.97335185 0.02809861
vn -0.12280200 -0.98941608 0.07730126
vn -0.22809442 -0.97067626 0.07589814
vn -0.22809442 -0.97067626 0.07589814
vn -0.22849341 -0.96597214 0.12119650
vn -0.22849341 -0.96597214 0.12119650
vn -0.81896325 -0.56567462 0.09649567
vn -0.76022072 -0.64251751 0.09610262
vn -0.99663311 -0.08140270 -0.00980033
vn -0.81005364 -0.58616645 0.01489915
vn -0.99761530 -0.06900106 0.00160002
vn -0.99859670 -0.05279983 0.00409999
vn -0.99793722 -0.06400239 0.00500019
vn -0.99856507 -0.05349813 0.00239992
vn -0.98209287 -0.18789864 0.01369990
vn -0.99832088 -0.05780121 -0.00380008
vn -0.98227095 -0.18719446 0.01009970
vn -0.99766307 -0.06649754 -0.01569942
vn -0.99562642 -0.08900236 -0.02840075
vn -0.99245839 -0.09649595 -0.07559683
vn -0.75339127 -0.65689239 -0.02989965
vn -0.23650270 -0.96931107 -0.06710077
vn -0.23650270 -0.96931107 -0.06710077
vn -0.23139504 -0.96467933 -0.12589730
vn -0.23139504 -0.96467933 -0.12589730
vn -0.75150606 -0.65590529 -0.07090057
vn -0.72100875 -0.53570650 -0.43950533
vn -0.12340316 -0.98502526 -0.12040309
vn -0.81112397 -0.58311723 0.04530134
vn -0.81058882 -0.58389195 0.04489938
vn -0.75977164 -0.63057646 0.15849408
vn -0.99764176 -0.06820285 0.00770032
vn -0.99853859 -0.05380208 0.00510020
vn -0.99847359 -0.05479855 0.00689982
vn -0.81152262 -0.56201566 0.15990446
vn -0.23381182 -0.95784843 0.16690844
vn -0.23381182 -0.95784843 0.16690844
vn -0.12179578 -0.98466586 0.12489567
vn -0.11889417 -0.97365226 0.19459046
vn 0.00000000 -0.99202976 0.12600378
vn 0.00000000 -0.96477074 0.26309202
vn 0.00000000 -0.98034148 0.19730835
vn 0.00000000 -0.99696141 0.07789699
vn 0.23650270 -0.96931107 -0.06710077
vn 0.23650270 -0.96931107 -0.06710077
vn 0.80327511 -0.59418159 -0.04119872
vn 0.99663311 -0.08140270 -0.00980033
vn 0.99853859 -0.05380208 0.00510020
vn 0.99846331 -0.05499798 0.00679975
vn 0.99693042 -0.07710235 0.01360041
vn 0.99819934 -0.05799996 0.01529999
vn 0.99654506 -0.07840355 0.02740124
vn 0.99655840 -0.06479730 0.05169784
vn 0.96825162 -0.06679666 0.24088796
vn 0.99407035 -0.07429778 0.07939763
vn 0.76420081 -0.39080041 0.51310054
vn 0.78499480 -0.60279601 0.14289905
vn 0.92346989 -0.07639751 0.37598774
vn -0.03159976 -0.04259967 0.99859237
vn 0.00000000 0.09729565 0.99525552
vn 0.00000000 -1.00000000 0.00000000
vn -0.12049499 -0.14369402 0.98225912
vn 0.00000000 -1.00000000 0.00000000
vn 0.12049499 -0.14369402 0.98225912
vn 0.00000000 -0.13859292 0.99034943
vn 0.00000000 -1.00000000 0.00000000
vn 0.16419794 -0.07609904 0.98348766
vn -0.19939260 0.02239917 0.97966365
vn 0.00000000 -1.00000000 0.00000000
vn -0.24420349 -0.15340219 0.95751367
vn 0.00000000 -1.00000000 0.00000000
vn -0.31890085 -0.17280046 0.93190249
vn -0.43521154 -0.15130401 0.88752353
vn -0.43521154 -0.15130401 0.88752353
vn -0.18819210 0.09569598 0.97745896
vn -0.48221472 0.10000305 0.87032658
vn -0.48221472 0.10000305 0.87032658
vn -0.73328745 0.06619887 0.67668842
vn -0.78865744 -0.08029567 0.60956710
vn -0.86063120 -0.05050183 0.50671837
vn -0.83542096 -0.22350561 0.50211260
vn 0.00000000 -1.00000000 0.00000000
vn -0.67085472 -0.21528547 0.70965210
vn 0.00000000 -1.00000000 0.00000000
vn 0.00000000 -1.00000000 0.00000000
vn -0.42759281 -0.19319675 0.88308516
vn -0.42759281 -0.19319675 0.88308516
vn -0.92544568 -0.20931033 0.31581559
vn 0.00000000 -1.00000000 0.00000000
vn 0.00000000 -1.00000000 0.00000000
vn -0.92455168 -0.22438827 0.30798391
vn 0.00000000 -1.00000000 0.00000000
vn -0.84413017 -0.26960963 0.46341656
vn 0.00000000 -1.00000000 0.00000000
vn -0.68941373 -0.31660631 0.65151298
vn -0.57473538 -0.33362054 0.74724600
vn 0.00000000 -1.00000000 0.00000000
vn -0.73632394 -0.21120687 0.64282090
vn -0.62320493 -0.20280161 0.75530598
vn -0.69850864 0.06960086 0.71220881
vn -0.88870201 0.04470010 0.45630103
vn -0.58137370 0.07929641 0.80976336
vn -0.57832495 -0.22510971 0.78413383
vn -0.60580661 0.07770085 0.79180864
vn -0.71090986 0.06880095 0.69990971
vn -0.70612185 -0.04400136 0.70672187
vn -0.82839274 -0.05839949 0.55709512
vn 0.00000000 -1.00000000 0.00000000
vn -0.64951523 -0.34530810 0.67741589
vn -0.71297673 -0.35018857 0.60748017
vn 0.00000000 -1.00000000 0.00000000
vn 0.00000000 -1.00000000 0.00000000
vn -0.76034795 -0.35832260 0.54173417
vn -0.80793308 -0.36411491 0.46331897
vn 0.00000000 -1.00000000 0.00000000
vn -0.84368978 -0.37329548 0.38579533
vn 0.00000000 -1.00000000 0.00000000
vn -0.91909927 -0.07459994 0.38689969
vn -0.87629904 -0.38049958 0.29549968
vn 0.00000000 -1.00000000 0.00000000
vn -0.89535113 -0.38997871 0.21508826
vn 0.00000000 -1.00000000 0.00000000
vn -0.97516680 -0.09279684 0.20109315
vn 0.00000000 -1.00000000 0.00000000
vn -0.90952172 -0.39740949 0.12180291
vn -0.91264150 -0.40701851 0.03770171
vn 0.00000000 -1.00000000 0.00000000
vn -0.90822641 -0.41441205 -0.05820169
vn 0.00000000 -1.00000000 0.00000000
vn -0.99373183 -0.11150357 0.00800026
vn -0.97410739 -0.13010099 -0.18490140
vn -1.00000000 0.00000000 0.00010000
vn -0.98075591 0.01900108 0.19431108
vn -0.92386891 0.03729874 0.38088718
vn -0.83301892 0.05390122 0.55061251
vn -0.98069870 -0.01899997 -0.19459974
vn -0.91708196 -0.14779709 -0.37029272
vn -0.92378041 -0.03739921 -0.38109192
vn -0.79187359 -0.34748841 -0.50218325
vn -0.83116115 -0.05429746 -0.55337413
vn -0.70666072 -0.06919615 -0.70416086
vn -0.67342450 -0.36081313 -0.64522347
vn -0.53320354 -0.36810244 -0.76170505
vn 0.00000000 -1.00000000 0.00000000
vn -0.64631442 -0.46631040 -0.60401348
vn -0.57657079 -0.47037617 -0.66806615
vn 0.00000000 -1.00000000 0.00000000
vn -0.52891229 -0.47571105 -0.70281633
vn 0.00000000 -1.00000000 0.00000000
vn -0.44879962 -0.46959960 -0.76029936
vn 0.00000000 -1.00000000 0.00000000
vn -0.34418206 -0.46937554 -0.81315762
vn 0.00000000 -1.00000000 0.00000000
vn -0.36460164 -0.37320168 -0.85310383
vn -0.25740152 -0.47640281 -0.84070496
vn 0.00000000 -1.00000000 0.00000000
vn 0.00000000 -1.00000000 0.00000000
vn -0.17819650 -0.48249053 -0.85758317
vn -0.18550509 -0.37921040 -0.90652487
vn -0.08989934 -0.48209646 -0.87149361
vn 0.00000000 -1.00000000 0.00000000
vn 0.00000000 -1.00000000 0.00000000
vn 0.00000000 -0.48410537 -0.87500971
vn 0.08989934 -0.48209646 -0.87149361
vn 0.00000000 -1.00000000 0.00000000
vn 0.00000000 -0.41019835 -0.91199633
vn 0.00000000 -0.09799868 -0.99518655
vn 0.24948814 -0.35348320 -0.90155715
vn 0.19460615 -0.09540302 -0.97623087
vn -0.19460615 -0.09540302 -0.97623087
vn -0.38189356 -0.09029848 -0.91978448
vn -0.55502218 -0.08150326 -0.82783308
vn 0.38250098 -0.09060023 -0.91950236
vn 0.55502218 -0.08150326 -0.82783308
vn 0.42711041 -0.34420839 -0.83612038
vn 0.58981155 -0.33840663 -0.73321436
vn 0.00000000 -1.00000000 0.00000000
vn 0.34421005 -0.46941370 -0.81312374
vn 0.25741089 -0.47652016 -0.84063557
vn 0.00000000 -1.00000000 0.00000000
vn 0.00000000 -1.00000000 0.00000000
vn 0.17820319 -0.48260863 -0.85751533
vn 0.00000000 -1.00000000 0.00000000
vn 0.44879962 -0.46959960 -0.76029936
vn 0.00000000 -1.00000000 0.00000000
vn 0.52891229 -0.47571105 -0.70281633
vn 0.00000000 -1.00000000 0.00000000
vn 0.57650403 -0.47040329 -0.66810467
vn 0.72351738 -0.33110795 -0.60571455
vn 0.64628428 -0.46638866 -0.60398531
vn 0.00000000 -1.00000000 0.00000000
vn 0.70388407 -0.45888962 -0.54218773
vn 0.00000000 -1.00000000 0.00000000
vn 0.00000000 -1.00000000 0.00000000
vn 0.75888352 -0.45389015 -0.46698986
vn 0.83299460 -0.31709794 -0.45339706
vn 0.92370221 -0.03720009 -0.38130091
vn 0.83108423 -0.05429897 -0.55348950
vn 0.91071881 -0.30120622 -0.28260584
vn 0.95360671 -0.28410200 -0.09960070
vn 0.00000000 -1.00000000 0.00000000
vn 0.84288489 -0.43919213 -0.31089443
vn 0.00000000 -1.00000000 0.00000000
vn 0.80239434 -0.44559685 -0.39699720
vn 0.98069870 -0.01899997 -0.19459974
vn 1.00000000 0.00000000 0.00010000
vn 0.95985119 -0.26631420 0.08810470
vn 0.98073685 0.01900071 0.19440730
vn 0.92923836 -0.24841025 0.27351129
vn 0.92373398 0.03730137 0.38121403
vn 0.83301892 0.05390122 0.55061251
vn 0.86281242 -0.23110333 0.44960647
vn 0.76433750 -0.21581059 0.60762981
vn 0.87629904 -0.38049958 0.29549968
vn 0.00000000 -1.00000000 0.00000000
vn 0.84368978 -0.37329548 0.38579533
vn 0.00000000 -1.00000000 0.00000000
vn 0.00000000 -1.00000000 0.00000000
vn 0.80793308 -0.36411491 0.46331897
vn 0.76034795 -0.35832260 0.54173417
vn 0.00000000 -1.00000000 0.00000000
vn 0.71297673 -0.35018857 0.60748017
vn 0.00000000 -1.00000000 0.00000000
vn 0.63711108 -0.20280353 0.74361294
vn 0.00000000 -1.00000000 0.00000000
vn 0.64951523 -0.34530810 0.67741589
vn 0.00000000 -1.00000000 0.00000000
vn 0.58628189 -0.33788956 0.73627725
vn 0.52627511 -0.19539076 0.82756085
vn 0.00000000 -1.00000000 0.00000000
vn 0.55351834 -0.33651115 0.76182524
vn 0.00000000 -1.00000000 0.00000000
vn 0.51866756 -0.33537902 0.78645081
vn 0.00000000 -1.00000000 0.00000000
vn 0.54430475 -0.33520293 0.76900672
vn 0.59029475 -0.03799966 0.80629283
vn 0.69366101 -0.18678950 0.69566090
vn 0.58137370 0.07929641 0.80976336
vn 0.69850864 0.06960086 0.71220881
vn 0.88870201 0.04470010 0.45630103
vn 0.88391401 -0.16780266 0.43650692
vn 0.74988877 0.06369905 0.65849014
vn 0.77637611 -0.12729608 0.61728101
vn 0.41809711 0.11499921 0.90109377
vn 0.41809711 0.11499921 0.90109377
vn 0.35118482 -0.05019783 0.93495957
vn 0.35118482 -0.05019783 0.93495957
vn 0.18819210 0.09569598 0.97745896
vn 0.00000000 -1.00000000 0.00000000
vn 0.42759281 -0.19319675 0.88308516
vn 0.42759281 -0.19319675 0.88308516
vn 0.31881102 -0.17280597 0.93193220
vn 0.00000000 -1.00000000 0.00000000
vn 0.00000000 -1.00000000 0.00000000
vn 0.67090233 -0.21530075 0.70960246
vn 0.00000000 -1.00000000 0.00000000
vn 0.83540228 -0.22360061 0.50210137
vn 0.00000000 -1.00000000 0.00000000
vn 0.92544568 -0.20931033 0.31581559
vn 0.92458015 -0.22439518 0.30789339
vn 0.00000000 -1.00000000 0.00000000
vn 0.00000000 -1.00000000 0.00000000
vn 0.84413017 -0.26960963 0.46341656
vn 0.68941373 -0.31660631 0.65151298
vn 0.00000000 -1.00000000 0.00000000
vn 0.00000000 -1.00000000 0.00000000
vn 0.57473538 -0.33362054 0.74724600
vn 0.24420349 -0.15340219 0.95751367
vn 0.00000000 -1.00000000 0.00000000
vn 0.60569534 0.07769940 0.79189391
vn 0.71081063 0.06880103 0.70001047
vn 0.00000000 -1.00000000 0.00000000
vn 0.89535113 -0.38997871 0.21508826
vn 0.00000000 -1.00000000 0.00000000
vn 0.90952172 -0.39740949 0.12180291
vn 0.00000000 -1.00000000 0.00000000
vn 0.91264150 -0.40701851 0.03770171
vn 0.00000000 -1.00000000 0.00000000
vn 0.90822641 -0.41441205 -0.05820169
vn 0.00000000 -1.00000000 0.00000000
vn 0.89499732 -0.42359873 -0.13979958
vn 0.87260172 -0.43030085 -0.23110046
vn 0.00000000 -1.00000000 0.00000000
vn 0.70660576 -0.06930057 -0.70420574
vn -0.70388407 -0.45888962 -0.54218773
vn 0.00000000 -1.00000000 0.00000000
vn -0.75884111 -0.45392459 -0.46702530
vn 0.00000000 -1.00000000 0.00000000
vn -0.80232685 -0.44561491 -0.39711329
vn 0.00000000 -1.00000000 0.00000000
vn -0.84288489 -0.43919213 -0.31089443
vn 0.00000000 -1.00000000 0.00000000
vn 0.00000000 -1.00000000 0.00000000
vn -0.87256417 -0.43038233 -0.23109051
vn 0.00000000 -1.00000000 0.00000000
vn -0.89499732 -0.42359873 -0.13979958
vn 0.00000000 -1.00000000 0.00000000
vn -0.58628189 -0.33788956 0.73627725
vn 0.00000000 -1.00000000 0.00000000
vn -0.55351834 -0.33651115 0.76182524
vn 0.00000000 -1.00000000 0.00000000
vn -0.51870835 -0.33540540 0.78641266
vn -0.54430475 -0.33520293 0.76900672
vn 0.00000000 -1.00000000 0.00000000
vt 0.19202400 0.01293700
vt 0.74283600 0.05199900
vt 0.73775600 0.05278100
vt 0.19269900 0.01837800
vt 0.21131100 0.01786200
vt 0.62038400 0.08125900
vt 0.74744300 0.05402700
vt 0.19425300 0.00800100
vt 0.74497000 0.03387500
vt 0.62282400 0.70812700
vt 0.74648800 0.03398200
vt 0.62294200 0.71545500
vt 0.74842300 0.03424700
vt 0.62315800 0.72355000
vt 0.62356700 0.73218300
vt 0.75115900 0.03476700
vt 0.64300000 0.07901200
vt 0.64328700 0.08548400
vt 0.62452800 0.74028800
vt 0.64354800 0.08926700
vt 0.62507000 0.74686000
vt 0.64360600 0.09723000
vt 0.62632000 0.75085300
vt 0.62031500 0.09064200
vt 0.21199800 0.01172500
vt 0.60061800 0.08291900
vt 0.62047000 0.10225100
vt 0.59902700 0.09182500
vt 0.59920000 0.10260200
vt 0.58164200 0.09257700
vt 0.58218500 0.08297100
vt 0.22797200 0.01638800
vt 0.23424800 0.02129400
vt 0.22894500 0.02046000
vt 0.23588600 0.01877400
vt 0.57332400 0.08458300
vt 0.57401400 0.09274800
vt 0.57446200 0.10301000
vt 0.56814500 0.10311400
vt 0.56758700 0.09241900
vt 0.55507400 0.09251500
vt 0.24121800 0.03513900
vt 0.55461000 0.08408800
vt 0.23845100 0.02420700
vt 0.56683700 0.08405200
vt 0.23798800 0.03588900
vt 0.23557700 0.02568900
vt 0.23017800 0.02555000
vt 0.23229700 0.03594300
vt 0.23430300 0.04922800
vt 0.21732400 0.03593000
vt 0.21582300 0.02555100
vt 0.19591600 0.02619600
vt 0.21416400 0.02049800
vt 0.19444200 0.02246100
vt 0.18997300 0.02460800
vt 0.19233700 0.02717700
vt 0.19010100 0.01982700
vt 0.73526900 0.05028700
vt 0.19395700 0.02669400
vt 0.19382700 0.03654500
vt 0.19640100 0.03608800
vt 0.19638600 0.04929400
vt 0.19256600 0.03684900
vt 0.19384500 0.04950600
vt 0.19262600 0.04964600
vt 0.19638000 0.06295800
vt 0.19385300 0.06303900
vt 0.19637600 0.07685100
vt 0.19384900 0.07685800
vt 0.19265300 0.06309200
vt 0.19146200 0.06315900
vt 0.19265100 0.07686400
vt 0.19141900 0.04982200
vt 0.18875600 0.03816200
vt 0.18890400 0.05026800
vt 0.19131100 0.03722000
vt 0.18889100 0.02896200
vt 0.19083300 0.02797400
vt 0.18626500 0.03037900
vt 0.18554000 0.03932200
vt 0.18080600 0.03366900
vt 0.18192100 0.02966100
vt 0.18746200 0.02566500
vt 0.17852900 0.04177100
vt 0.17159000 0.04398100
vt 0.16705800 0.05392600
vt 0.17603600 0.05248100
vt 0.18504900 0.05094300
vt 0.17446300 0.06434800
vt 0.18471000 0.06362600
vt 0.18457200 0.07684300
vt 0.18896600 0.07685900
vt 0.18896500 0.06332600
vt 0.19146200 0.07686400
vt 0.19261800 0.09063600
vt 0.19141900 0.09057400
vt 0.18891000 0.09039600
vt 0.19255200 0.10407800
vt 0.19132500 0.10391400
vt 0.18878700 0.10346200
vt 0.19114600 0.11651200
vt 0.19244600 0.11685200
vt 0.19229300 0.12666800
vt 0.19376500 0.11709400
vt 0.19399600 0.12679500
vt 0.19569100 0.13095900
vt 0.19606100 0.12714600
vt 0.21595600 0.12666700
vt 0.19639800 0.11745500
vt 0.21485700 0.13064300
vt 0.22939000 0.12976300
vt 0.44209500 0.08588800
vt 0.23006600 0.13293400
vt 0.42492000 0.08569200
vt 0.21447700 0.13409400
vt 0.42516200 0.09440100
vt 0.40589500 0.08397800
vt 0.19726800 0.13384000
vt 0.44250900 0.09437200
vt 0.44294300 0.10517900
vt 0.23618100 0.13123500
vt 0.44914600 0.08661000
vt 0.44900600 0.09480900
vt 0.45352500 0.09447400
vt 0.23835500 0.12731500
vt 0.45412200 0.08616500
vt 0.44903700 0.10507900
vt 0.44934500 0.11534700
vt 0.45322800 0.10501000
vt 0.45387200 0.11553400
vt 0.46521800 0.11554000
vt 0.26489700 0.11756700
vt 0.46586000 0.12389100
vt 0.45474300 0.12381800
vt 0.26762600 0.12731700
vt 0.44975500 0.12353700
vt 0.26979800 0.13123900
vt 0.27043000 0.12574400
vt 0.26807100 0.11665900
vt 0.27150500 0.12897200
vt 0.27578300 0.12599800
vt 0.28869200 0.11708600
vt 0.29002400 0.12666900
vt 0.27375300 0.11671800
vt 0.27659200 0.12976300
vt 0.29112400 0.13064400
vt 0.27591600 0.13293600
vt 0.44273100 0.12449100
vt 0.42557200 0.12525200
vt 0.29150800 0.13409600
vt 0.44286500 0.11599800
vt 0.42552800 0.11654000
vt 0.42561400 0.10546500
vt 0.40799400 0.11727000
vt 0.30871500 0.13384200
vt 0.40661500 0.12759400
vt 0.31254700 0.13129500
vt 0.40098400 0.11786000
vt 0.55775400 0.04744500
vt 0.40196000 0.12809700
vt 0.54856300 0.04846700
vt 0.31204200 0.13506400
vt 0.31029500 0.13096300
vt 0.31368400 0.12666900
vt 0.31197900 0.12679300
vt 0.30991600 0.12715000
vt 0.30957800 0.11745600
vt 0.31221100 0.11709300
vt 0.31217400 0.10419100
vt 0.31352900 0.11685200
vt 0.31342100 0.10407800
vt 0.31335700 0.09063700
vt 0.31465600 0.10391500
vt 0.31455900 0.09057500
vt 0.31706600 0.09039600
vt 0.31701100 0.07685800
vt 0.31451400 0.07686500
vt 0.31451400 0.06315900
vt 0.31701300 0.06332500
vt 0.31332500 0.07686300
vt 0.31212600 0.07685800
vt 0.31332300 0.06309200
vt 0.31214500 0.09067900
vt 0.30960300 0.10437000
vt 0.30960600 0.09074500
vt 0.28696000 0.09076200
vt 0.28753200 0.10429900
vt 0.30960000 0.07685100
vt 0.30959700 0.06295900
vt 0.28682400 0.07684600
vt 0.31212200 0.06303900
vt 0.31334900 0.04964600
vt 0.31213000 0.04950600
vt 0.30959100 0.04929300
vt 0.31341200 0.03685000
vt 0.31214700 0.03654500
vt 0.31005900 0.02619600
vt 0.31201800 0.02669400
vt 0.30957400 0.03608800
vt 0.31363700 0.02717800
vt 0.31153300 0.02246200
vt 0.31599800 0.02460800
vt 0.31514200 0.02797400
vt 0.31708400 0.02896100
vt 0.31466500 0.03722000
vt 0.31721600 0.03816200
vt 0.31455700 0.04982200
vt 0.31707400 0.05026900
vt 0.32092500 0.05094200
vt 0.32043400 0.03932300
vt 0.32744800 0.04177000
vt 0.31970900 0.03037900
vt 0.32993800 0.05247800
vt 0.33891900 0.05392500
vt 0.33151100 0.06434800
vt 0.32126500 0.06362500
vt 0.32140300 0.07684200
vt 0.32132700 0.09006300
vt 0.33208100 0.07680200
vt 0.33157700 0.08925900
vt 0.34274500 0.07675700
vt 0.34174400 0.06504300
vt 0.34595500 0.06526100
vt 0.34710300 0.07673900
vt 0.35187800 0.07672300
vt 0.46958200 0.04493700
vt 0.34602400 0.08821900
vt 0.48200600 0.04479200
vt 0.35073400 0.08894700
vt 0.63835000 0.31559400
vt 0.48151500 0.02402600
vt 0.47226200 0.02506300
vt 0.63846200 0.36620900
vt 0.49453100 0.04463300
vt 0.34731400 0.10070100
vt 0.63823700 0.30320900
vt 0.48426700 0.02376800
vt 0.49400900 0.02270800
vt 0.63776500 0.25139800
vt 0.34175100 0.11150500
vt 0.50708600 0.04446500
vt 0.34282600 0.09917700
vt 0.34181100 0.08847600
vt 0.33765600 0.10911800
vt 0.33905700 0.09960600
vt 0.33008000 0.10113900
vt 0.32769200 0.11187100
vt 0.33461700 0.10958100
vt 0.32547200 0.12007700
vt 0.33064300 0.11597900
vt 0.33123500 0.11763500
vt 0.51959800 0.04421800
vt 0.33452800 0.12101600
vt 0.32617600 0.12894700
vt 0.53195300 0.04384300
vt 0.32419800 0.12430700
vt 0.31595600 0.13481400
vt 0.54495000 0.04527700
vt 0.31855200 0.12849800
vt 0.31998000 0.12344100
vt 0.31622200 0.12938600
vt 0.31737300 0.12483600
vt 0.32067600 0.11439100
vt 0.31742600 0.11557600
vt 0.31483200 0.11651200
vt 0.31536700 0.12582900
vt 0.31453500 0.13072100
vt 0.31719100 0.10346300
vt 0.32106100 0.10275700
vt 0.55720700 0.04271800
vt 0.53225900 0.01900600
vt 0.63346400 0.09231800
vt 0.63155900 0.06136600
vt 0.54370000 0.01788700
vt 0.63144400 0.06039100
vt 0.54440500 0.01783800
vt 0.62933000 0.04105800
vt 0.55602800 0.01689300
vt 0.55654000 0.01687400
vt 0.62924300 0.04079600
vt 0.56835100 0.01639900
vt 0.62701100 0.03409100
vt 0.56881000 0.04238000
vt 0.58041800 0.04230100
vt 0.58016900 0.01645100
vt 0.62477900 0.04079600
vt 0.58003800 0.04704500
vt 0.40058900 0.09389000
vt 0.56889600 0.04713600
vt 0.40078600 0.10587500
vt 0.40761400 0.09424800
vt 0.40787800 0.10575800
vt 0.40122600 0.08363100
vt 0.19394400 0.13506300
vt 0.58926000 0.04774000
vt 0.59275600 0.04442100
vt 0.19002500 0.13481400
vt 0.19344000 0.13129500
vt 0.19144800 0.13072100
vt 0.19061400 0.12583200
vt 0.18976200 0.12938700
vt 0.18860500 0.12483600
vt 0.18742800 0.12850000
vt 0.18599700 0.12344200
vt 0.18178200 0.12430800
vt 0.18050700 0.12007900
vt 0.17828600 0.11187300
vt 0.17136300 0.10958200
vt 0.17533700 0.11598300
vt 0.17474200 0.11763600
vt 0.60568600 0.04253100
vt 0.17980300 0.12894900
vt 0.16832200 0.10912100
vt 0.17145000 0.12101800
vt 0.61803300 0.04247600
vt 0.16422900 0.11150700
vt 0.63053400 0.04230100
vt 0.61744400 0.18517200
vt 0.62859400 0.01919700
vt 0.61788900 0.01852700
vt 0.61868200 0.13849800
vt 0.61883800 0.13456300
vt 0.61656400 0.01846200
vt 0.60546000 0.01778400
vt 0.62043400 0.09461700
vt 0.62055700 0.09231800
vt 0.60451500 0.01771700
vt 0.62246300 0.06136600
vt 0.59303900 0.01700500
vt 0.62257800 0.06039100
vt 0.59233200 0.01698100
vt 0.62469100 0.04105800
vt 0.58068200 0.01645300
vt 0.63036000 0.01928700
vt 0.61727400 0.19157500
vt 0.61641500 0.24210000
vt 0.64061900 0.01999900
vt 0.61625600 0.25139800
vt 0.64286900 0.02012100
vt 0.65264300 0.02086100
vt 0.61578400 0.30320900
vt 0.64307900 0.04205000
vt 0.15866500 0.10070300
vt 0.65559600 0.04179600
vt 0.15524300 0.08894900
vt 0.15995400 0.08822200
vt 0.16315300 0.09917900
vt 0.16692100 0.09960600
vt 0.16416800 0.08847600
vt 0.17439800 0.08926100
vt 0.16323300 0.07676000
vt 0.17589700 0.10113900
vt 0.18530100 0.11439300
vt 0.18491500 0.10275800
vt 0.18465000 0.09006300
vt 0.18855400 0.11557600
vt 0.17389400 0.07680200
vt 0.16423300 0.06504600
vt 0.16002100 0.06526300
vt 0.15887200 0.07674100
vt 0.15410000 0.07672500
vt 0.66801000 0.04153300
vt 0.15531700 0.06450100
vt 0.68016600 0.04134100
vt 0.66794000 0.02196400
vt 0.61552600 0.38148200
vt 0.67675700 0.02269500
vt 0.61574500 0.42890200
vt 0.68045100 0.02295300
vt 0.61582600 0.44650100
vt 0.61632100 0.48918500
vt 0.68880800 0.02372300
vt 0.69286500 0.02410300
vt 0.61654100 0.50819400
vt 0.61726700 0.54502400
vt 0.70074800 0.02529000
vt 0.69198900 0.04144700
vt 0.15882000 0.05275700
vt 0.16448700 0.04198100
vt 0.70352600 0.04211600
vt 0.16855200 0.04441000
vt 0.16329100 0.05431700
vt 0.17501800 0.03604000
vt 0.17563000 0.03766600
vt 0.17172000 0.03266600
vt 0.71458900 0.04332200
vt 0.17980500 0.02520300
vt 0.72486900 0.04504200
vt 0.61905000 0.61211100
vt 0.71699800 0.02806900
vt 0.72373700 0.02963600
vt 0.62003400 0.63481100
vt 0.72822100 0.03065600
vt 0.62066600 0.64952100
vt 0.73325800 0.03191200
vt 0.62145000 0.66455000
vt 0.73726900 0.03290500
vt 0.62206200 0.67630000
vt 0.73326700 0.04828700
vt 0.18778200 0.02047900
vt 0.62239300 0.68359000
vt 0.73951700 0.03337400
vt 0.62255100 0.68719000
vt 0.74063400 0.03358900
vt 0.74167000 0.03369500
vt 0.62265400 0.69176800
vt 0.74300300 0.03378500
vt 0.62274500 0.69814900
vt 0.61852900 0.59430000
vt 0.71245700 0.02725100
vt 0.61764600 0.56421200
vt 0.70512100 0.02589000
vt 0.61556000 0.36620900
vt 0.66468300 0.02175800
vt 0.61567200 0.31559400
vt 0.65540000 0.02102800
vt 0.63358700 0.09461700
vt 0.53131500 0.01910600
vt 0.63518400 0.13456300
vt 0.52024400 0.02017000
vt 0.51892000 0.02028100
vt 0.63534000 0.13849800
vt 0.63657800 0.18517200
vt 0.50824600 0.02130800
vt 0.63674700 0.19157500
vt 0.50648300 0.02145800
vt 0.49625500 0.02251100
vt 0.63760700 0.24210000
vt 0.46901100 0.02537600
vt 0.63849500 0.38148200
vt 0.63827700 0.42890200
vt 0.46022500 0.02639600
vt 0.63819600 0.44650100
vt 0.45653700 0.02677600
vt 0.63770000 0.48918600
vt 0.44821300 0.02781400
vt 0.45741200 0.04514500
vt 0.35065900 0.06449800
vt 0.44557800 0.04562800
vt 0.34715600 0.05275600
vt 0.34268300 0.05431700
vt 0.33438600 0.04398000
vt 0.33742300 0.04441000
vt 0.43404600 0.04665000
vt 0.34148700 0.04197900
vt 0.33095500 0.03604100
vt 0.33034500 0.03766400
vt 0.32516800 0.03366800
vt 0.32405400 0.02966200
vt 0.42300700 0.04818000
vt 0.33425400 0.03266400
vt 0.31851500 0.02566600
vt 0.32616800 0.02520200
vt 0.41277100 0.05019500
vt 0.40446500 0.05368100
vt 0.31819200 0.02047900
vt 0.40400500 0.03731100
vt 0.63257200 0.66455000
vt 0.40900400 0.03591300
vt 0.63335600 0.64952100
vt 0.41346200 0.03476600
vt 0.63398800 0.63481100
vt 0.63497100 0.61211100
vt 0.42014900 0.03300700
vt 0.63549200 0.59430000
vt 0.42467100 0.03205600
vt 0.43196100 0.03047800
vt 0.63637500 0.56421200
vt 0.63675400 0.54502400
vt 0.43632200 0.02974400
vt 0.63748000 0.50819400
vt 0.44416300 0.02832300
vt 0.63195900 0.67630000
vt 0.40002100 0.03841900
vt 0.39778600 0.03895000
vt 0.63162900 0.68359000
vt 0.63147000 0.68719000
vt 0.39667400 0.03919400
vt 0.31587300 0.01982700
vt 0.40251600 0.05573200
vt 0.63136800 0.69176800
vt 0.39564300 0.03933000
vt 0.39431300 0.03945800
vt 0.63127700 0.69814900
vt 0.31327700 0.01837700
vt 0.40010200 0.05829700
vt 0.39234800 0.03960400
vt 0.63119700 0.70812700
vt 0.63108000 0.71545500
vt 0.39083400 0.03975600
vt 0.31394700 0.01293800
vt 0.39499800 0.05766000
vt 0.29466300 0.01786200
vt 0.31172100 0.00800000
vt 0.39045500 0.05982100
vt 0.62107700 0.12323600
vt 0.62069800 0.11386100
vt 0.29397700 0.01172400
vt 0.60126700 0.12222800
vt 0.63045500 0.73218300
vt 0.64375400 0.12473600
vt 0.38618700 0.04067600
vt 0.63086400 0.72355000
vt 0.38891000 0.04007700
vt 0.62949300 0.74028800
vt 0.64382800 0.11825800
vt 0.64396400 0.11446900
vt 0.62895100 0.74686000
vt 0.62770100 0.75085300
vt 0.64375900 0.10650700
vt 0.64372400 0.10186700
vt 0.62701100 0.75371000
vt 0.58284200 0.12278600
vt 0.27800000 0.01638900
vt 0.59938200 0.11338200
vt 0.58198300 0.11320000
vt 0.57435300 0.11328200
vt 0.58186200 0.10288800
vt 0.57393300 0.12146700
vt 0.27009000 0.01877400
vt 0.56794000 0.11382400
vt 0.55543100 0.11414300
vt 0.26752600 0.02420700
vt 0.56746700 0.12221200
vt 0.55524500 0.12257900
vt 0.26475600 0.03513900
vt 0.26798900 0.03589200
vt 0.26569300 0.04921400
vt 0.54021300 0.12275500
vt 0.26239800 0.04887000
vt 0.52492500 0.11457400
vt 0.26123200 0.06281300
vt 0.52516200 0.12299100
vt 0.54003500 0.11433900
vt 0.26455400 0.06292900
vt 0.27067800 0.06293200
vt 0.27043300 0.07684300
vt 0.26426700 0.07684200
vt 0.26454800 0.09075400
vt 0.27067300 0.09075200
vt 0.26093500 0.07684300
vt 0.51005600 0.12324900
vt 0.50991700 0.11482700
vt 0.49494400 0.12349600
vt 0.26122700 0.09088400
vt 0.49490500 0.11507400
vt 0.49479300 0.10432400
vt 0.48000200 0.11531700
vt 0.47982200 0.10457100
vt 0.47964700 0.09382900
vt 0.46472200 0.10482000
vt 0.49455100 0.09357700
vt 0.24475000 0.09088200
vt 0.49431200 0.08515900
vt 0.50956300 0.09332900
vt 0.24503800 0.07684300
vt 0.50942400 0.08491000
vt 0.52453000 0.08466900
vt 0.24474600 0.06281200
vt 0.24170900 0.07684300
vt 0.24142900 0.09075400
vt 0.23429200 0.10419600
vt 0.24026300 0.10417600
vt 0.23530300 0.09075200
vt 0.21915200 0.07684600
vt 0.23554400 0.07684300
vt 0.21901700 0.09076200
vt 0.19637100 0.09074400
vt 0.21844700 0.10429900
vt 0.19637300 0.10436900
vt 0.21728600 0.11708500
vt 0.23222300 0.11671700
vt 0.23019500 0.12599700
vt 0.23790700 0.11665700
vt 0.47951900 0.08542600
vt 0.24354300 0.10458700
vt 0.24108300 0.11756500
vt 0.46523100 0.08572400
vt 0.23554900 0.12574200
vt 0.23447400 0.12897000
vt 0.46486400 0.09409400
vt 0.19383100 0.09067900
vt 0.19380000 0.10419300
vt 0.24142400 0.06292800
vt 0.23529700 0.06293300
vt 0.21901500 0.06292900
vt 0.21845300 0.04922200
vt 0.24028100 0.04921500
vt 0.24357900 0.04887100
vt 0.53958000 0.08440900
vt 0.52457100 0.09308800
vt 0.53968000 0.09282500
vt 0.52468800 0.10383100
vt 0.55546300 0.10332300
vt 0.53983700 0.10358100
vt 0.50974000 0.10407800
vt 0.48015000 0.12371800
vt 0.26243500 0.10458900
vt 0.26571200 0.10417500
vt 0.27168600 0.10419500
vt 0.28696000 0.06293000
vt 0.28752300 0.04922000
vt 0.27167200 0.04922600
vt 0.28864900 0.03593000
vt 0.27367500 0.03594300
vt 0.29015300 0.02555300
vt 0.29180900 0.02049800
vt 0.27579600 0.02555100
vt 0.27172700 0.02129500
vt 0.27039500 0.02568900
vt 0.27702800 0.02046000
vt 0.65910300 0.10161300
vt 0.66072000 0.10158700
vt 0.62633700 0.75112400
vt 0.64397300 0.09733300
vt 0.62768500 0.75112400
vt 0.64412200 0.10639100
vt 0.64408800 0.10186100
vt 0.62701100 0.75391400
vt 0.65931200 0.11487000
vt 0.65887400 0.08836000
vt 0.62506700 0.74706800
vt 0.64391300 0.08924500
vt 0.62453800 0.74065300
vt 0.64365800 0.08555300
vt 0.65812000 0.07750900
vt 0.75364300 0.02189100
vt 0.66049700 0.08818800
vt 0.65973400 0.07739100
vt 0.75382700 0.02047800
vt 0.74914200 0.01986900
vt 0.74906500 0.02127200
vt 0.74645000 0.02130400
vt 0.74655200 0.03366800
vt 0.62293500 0.71574900
vt 0.74843800 0.03392600
vt 0.62314500 0.72364400
vt 0.62356100 0.73241600
vt 0.75121900 0.03445500
vt 0.64336700 0.07897500
vt 0.74500700 0.03355900
vt 0.62281500 0.70829200
vt 0.62273700 0.69856500
vt 0.74308900 0.03347100
vt 0.62264900 0.69234500
vt 0.74179000 0.03338400
vt 0.62254400 0.68768100
vt 0.74073500 0.03327500
vt 0.73964600 0.03306600
vt 0.62239000 0.68417200
vt 0.74459600 0.02125600
vt 0.74046200 0.02063700
vt 0.74473200 0.01984700
vt 0.74648100 0.01990900
vt 0.74070100 0.01925400
vt 0.73098500 0.01879200
vt 0.73124600 0.01741000
vt 0.71900600 0.01531800
vt 0.71879200 0.01670700
vt 0.70616200 0.01530300
vt 0.61903500 0.61242500
vt 0.71704900 0.02774300
vt 0.71263900 0.02694900
vt 0.61852900 0.59512500
vt 0.61762800 0.56442400
vt 0.70515400 0.02556000
vt 0.70091700 0.02497800
vt 0.61726100 0.54583400
vt 0.69288200 0.02376900
vt 0.61652100 0.50829500
vt 0.69335200 0.01445900
vt 0.68896600 0.02340200
vt 0.61630800 0.48994500
vt 0.68045600 0.02261800
vt 0.61580400 0.44648200
vt 0.68058300 0.01445700
vt 0.61572600 0.42957900
vt 0.67690800 0.02237000
vt 0.66793900 0.02162600
vt 0.61550400 0.38134000
vt 0.66483100 0.02142900
vt 0.61553600 0.36677000
vt 0.66791400 0.01463200
vt 0.65534200 0.01487900
vt 0.66793400 0.01326600
vt 0.68061300 0.01310600
vt 0.69342500 0.01297700
vt 0.70630900 0.01390400
vt 0.65534300 0.01348600
vt 0.64282200 0.01512800
vt 0.64281300 0.01372400
vt 0.63033000 0.01537100
vt 0.63032300 0.01395700
vt 0.61787300 0.01417500
vt 0.61787100 0.01557000
vt 0.60544000 0.01561600
vt 0.61866600 0.13787500
vt 0.61788700 0.01818000
vt 0.61671700 0.01812300
vt 0.61880400 0.13440100
vt 0.60545700 0.01743500
vt 0.62042200 0.09389300
vt 0.60466400 0.01737900
vt 0.62052500 0.09196400
vt 0.59304200 0.01665800
vt 0.62245500 0.06062100
vt 0.59305500 0.01544500
vt 0.59249300 0.01664000
vt 0.62254500 0.05986200
vt 0.62468700 0.04026800
vt 0.58068600 0.01610400
vt 0.58069400 0.01525300
vt 0.58032200 0.01610300
vt 0.62474900 0.04008300
vt 0.62701100 0.03328600
vt 0.56834500 0.01605000
vt 0.55637500 0.01653200
vt 0.62927300 0.04008300
vt 0.56833200 0.01532400
vt 0.56830600 0.01391900
vt 0.55597300 0.01569500
vt 0.55591900 0.01429300
vt 0.58069800 0.01384900
vt 0.59308100 0.01405000
vt 0.60546300 0.01422500
vt 0.54355400 0.01493400
vt 0.53118800 0.01554900
vt 0.54362900 0.01632900
vt 0.53126000 0.01693900
vt 0.63156600 0.06062100
vt 0.54368400 0.01754100
vt 0.54423300 0.01750300
vt 0.63147700 0.05986200
vt 0.62933500 0.04026800
vt 0.55601200 0.01654500
vt 0.63349600 0.09196400
vt 0.53209800 0.01867400
vt 0.63359900 0.09389300
vt 0.53130700 0.01875800
vt 0.63521800 0.13440100
vt 0.52007900 0.01983700
vt 0.51883600 0.01732500
vt 0.51891000 0.01993500
vt 0.63535600 0.13787500
vt 0.50808200 0.02097700
vt 0.63661200 0.18522400
vt 0.63676600 0.19106400
vt 0.50647400 0.02111400
vt 0.50638100 0.01754300
vt 0.49385200 0.01631300
vt 0.50634100 0.01613000
vt 0.49389000 0.01771600
vt 0.48136900 0.01787800
vt 0.63778600 0.25100600
vt 0.49400000 0.02236600
vt 0.63763800 0.24234500
vt 0.49609300 0.02218200
vt 0.48132300 0.01648800
vt 0.46873300 0.01668100
vt 0.46879600 0.01804800
vt 0.45605800 0.01693800
vt 0.45613300 0.01828800
vt 0.44325500 0.01722300
vt 0.43041300 0.01853300
vt 0.44337600 0.01870100
vt 0.43060100 0.01992700
vt 0.44804600 0.02749800
vt 0.63771300 0.48994500
vt 0.44413600 0.02798900
vt 0.63750100 0.50829500
vt 0.63676100 0.54583400
vt 0.43614400 0.02943800
vt 0.43191900 0.03014900
vt 0.63639400 0.56442400
vt 0.42448000 0.03176000
vt 0.63549300 0.59512500
vt 0.41802000 0.02170500
vt 0.63498700 0.61242500
vt 0.42008800 0.03268300
vt 0.63398200 0.63560900
vt 0.41325800 0.03447900
vt 0.40589800 0.02413600
vt 0.63336700 0.64992300
vt 0.40892100 0.03559600
vt 0.63256600 0.66528600
vt 0.40381000 0.03702500
vt 0.63196900 0.67673100
vt 0.39992900 0.03810400
vt 0.39647700 0.02624700
vt 0.39236000 0.02698000
vt 0.39619600 0.02487200
vt 0.39218500 0.02557500
vt 0.39043500 0.02568500
vt 0.39051000 0.02708000
vt 0.38777200 0.02573000
vt 0.38789700 0.02712500
vt 0.66053300 0.12580500
vt 0.38311000 0.02646800
vt 0.65891600 0.12573900
vt 0.38333400 0.02787700
vt 0.66093900 0.11498600
vt 0.63046100 0.73241600
vt 0.64412200 0.12476000
vt 0.38611800 0.04036600
vt 0.64419600 0.11817700
vt 0.62948400 0.74065300
vt 0.63087600 0.72364400
vt 0.38888500 0.03975600
vt 0.63108700 0.71574900
vt 0.39076200 0.03944400
vt 0.63120700 0.70829200
vt 0.39230200 0.03929000
vt 0.39421700 0.03914700
vt 0.63128400 0.69856500
vt 0.63137300 0.69234500
vt 0.39551400 0.03902200
vt 0.39656500 0.03888400
vt 0.63147700 0.68768100
vt 0.63163200 0.68417200
vt 0.39764800 0.03864600
vt 0.64433000 0.11447800
vt 0.62895500 0.74706800
vt 0.40559600 0.02276400
vt 0.41776600 0.02031900
vt 0.63821800 0.44648200
vt 0.45652100 0.02644100
vt 0.63829500 0.42957900
vt 0.46006400 0.02607600
vt 0.63851800 0.38134000
vt 0.46900100 0.02503900
vt 0.63848600 0.36677000
vt 0.47210200 0.02474000
vt 0.63837200 0.31532600
vt 0.48150700 0.02368600
vt 0.48410600 0.02344200
vt 0.63826600 0.30362600
vt 0.51878800 0.01593400
vt 0.62874700 0.01886000
vt 0.61741000 0.18522400
vt 0.63035700 0.01894300
vt 0.61725500 0.19106400
vt 0.64077000 0.01966500
vt 0.61638300 0.24234500
vt 0.64286600 0.01977900
vt 0.61623500 0.25100600
vt 0.61575600 0.30362600
vt 0.65279200 0.02053000
vt 0.61564900 0.31532600
vt 0.65539700 0.02068800
vt 0.62003900 0.63560900
vt 0.72393200 0.02934400
vt 0.62065400 0.64992300
vt 0.72829500 0.03033600
vt 0.62145600 0.66528500
vt 0.73344400 0.03162000
vt 0.73735200 0.03258700
vt 0.62205300 0.67673100
f 3/3/3 2/2/2 9/9/9
f 9/9/9 408/408/408 3/3/3
f 1/1/1 4/4/4 5/5/5
f 5/5/5 8/8/8 1/1/1
f 2/2/2 7/7/7 13/13/13
f 13/13/13 11/11/11 2/2/2
f 2/2/2 11/11/11 9/9/9
f 504/504/504 490/490/490 489/489/489
f 504/504/504 489/489/489 485/485/485
f 504/504/504 485/485/485 482/482/482
f 504/504/504 482/482/482 478/478/478
f 504/504/504 478/478/478 477/477/477
f 504/504/504 477/477/477 474/474/474
f 504/504/504 474/474/474 459/459/459
f 504/504/504 459/459/459 461/461/461
f 504/504/504 461/461/461 463/463/463
f 504/504/504 463/463/463 464/464/464
f 504/504/504 464/464/464 466/466/466
f 504/504/504 466/466/466 469/469/469
f 504/504/504 469/469/469 470/470/470
f 504/504/504 470/470/470 472/472/472
f 504/504/504 472/472/472 436/436/436
f 504/504/504 436/436/436 434/434/434
f 504/504/504 434/434/434 432/432/432
f 504/504/504 432/432/432 431/431/431
f 504/504/504 431/431/431 234/234/234
f 504/504/504 234/234/234 231/231/231
f 504/504/504 231/231/231 237/237/237
f 504/504/504 237/237/237 240/240/240
f 504/504/504 240/240/240 429/429/429
f 504/504/504 429/429/429 426/426/426
f 504/504/504 426/426/426 424/424/424
f 504/504/504 424/424/424 423/423/423
f 504/504/504 423/423/423 420/420/420
f 504/504/504 420/420/420 418/418/418
f 504/504/504 418/418/418 273/273/273
f 504/504/504 273/273/273 274/274/274
f 504/504/504 274/274/274 276/276/276
f 504/504/504 276/276/276 278/278/278
f 504/504/504 278/278/278 281/281/281
f 504/504/504 281/281/281 283/283/283
f 504/504/504 283/283/283 287/287/287
f 504/504/504 287/287/287 333/333/333
f 504/504/504 333/333/333 331/331/331
f 504/504/504 331/331/331 329/329/329
f 504/504/504 329/329/329 327/327/327
f 504/504/504 327/327/327 326/326/326
f 504/504/504 326/326/326 323/323/323
f 504/504/504 323/323/323 322/322/322
f 504/504/504 322/322/322 319/319/319
f 504/504/504 319/319/319 336/336/336
f 504/504/504 336/336/336 337/337/337
f 504/504/504 337/337/337 339/339/339
f 504/504/504 339/339/339 342/342/342
f 504/504/504 342/342/342 416/416/416
f 504/504/504 416/416/416 414/414/414
f 504/504/504 414/414/414 367/367/367
f 504/504/504 367/367/367 369/369/369
f 504/504/504 369/369/369 371/371/371
f 504/504/504 371/371/371 372/372/372
f 504/504/504 372/372/372 375/375/375
f 504/504/504 375/375/375 376/376/376
f 504/504/504 376/376/376 412/412/412
f 504/504/504 412/412/412 410/410/410
f 504/504/504 410/410/410 390/390/390
f 504/504/504 390/390/390 393/393/393
f 504/504/504 393/393/393 395/395/395
f 504/504/504 395/395/395 397/397/397
f 504/504/504 397/397/397 399/399/399
f 504/504/504 399/399/399 402/402/402
f 504/504/504 402/402/402 404/404/404
f 504/504/504 404/404/404 407/407/407
f 504/504/504 407/407/407 409/409/409
f 504/504/504 409/409/409 10/10/10
f 504/504/504 10/10/10 12/12/12
f 504/504/504 12/12/12 14/14/14
f 504/504/504 14/14/14 15/15/15
f 504/504/504 15/15/15 19/19/19
f 504/504/504 19/19/19 21/21/21
f 504/504/504 21/21/21 23/23/23
f 504/504/504 23/23/23 513/513/513
f 504/504/504 513/513/513 510/510/510
f 504/504/504 510/510/510 509/509/509
f 504/504/504 509/509/509 506/506/506
f 504/504/504 506/506/506 501/501/501
f 7/7/7 16/16/16 13/13/13
f 6/6/6 18/18/18 17/17/17
f 18/18/18 6/6/6 24/24/24
f 24/24/24 20/20/20 18/18/18
f 24/24/24 22/22/22 20/20/20
f 26/26/26 24/24/24 6/6/6
f 26/26/26 28/28/28 24/24/24
f 22/22/22 24/24/24 27/27/27
f 27/27/27 512/512/512 22/22/22
f 28/28/28 27/27/27 24/24/24
f 29/29/29 28/28/28 30/30/30
f 28/28/28 29/29/29 27/27/27
f 28/28/28 31/31/31 30/30/30
f 28/28/28 26/26/26 31/31/31
f 5/5/5 34/34/34 32/32/32
f 25/25/25 5/5/5 32/32/32
f 37/37/37 30/30/30 31/31/31
f 33/33/33 32/32/32 34/34/34
f 33/33/33 35/35/35 32/32/32
f 37/37/37 31/31/31 36/36/36
f 30/30/30 37/37/37 38/38/38
f 37/37/37 39/39/39 38/38/38
f 40/40/40 37/37/37 36/36/36
f 37/37/37 40/40/40 39/39/39
f 43/43/43 41/41/41 40/40/40
f 41/41/41 39/39/39 40/40/40
f 43/43/43 40/40/40 45/45/45
f 40/40/40 36/36/36 45/45/45
f 46/46/46 42/42/42 44/44/44
f 35/35/35 47/47/47 44/44/44
f 46/46/46 44/44/44 47/47/47
f 35/35/35 33/33/33 47/47/47
f 49/49/49 46/46/46 47/47/47
f 49/49/49 47/47/47 48/48/48
f 33/33/33 48/48/48 47/47/47
f 46/46/46 49/49/49 50/50/50
f 51/51/51 50/50/50 49/49/49
f 52/52/52 51/51/51 49/49/49
f 52/52/52 49/49/49 48/48/48
f 54/54/54 52/52/52 48/48/48
f 55/55/55 53/53/53 52/52/52
f 53/53/53 51/51/51 52/52/52
f 55/55/55 52/52/52 54/54/54
f 58/58/58 56/56/56 55/55/55
f 55/55/55 56/56/56 57/57/57
f 60/60/60 55/55/55 57/57/57
f 58/58/58 55/55/55 4/4/4
f 4/4/4 55/55/55 54/54/54
f 60/60/60 53/53/53 55/55/55
f 61/61/61 53/53/53 60/60/60
f 61/61/61 60/60/60 57/57/57
f 61/61/61 62/62/62 53/53/53
f 61/61/61 63/63/63 62/62/62
f 61/61/61 57/57/57 64/64/64
f 61/61/61 65/65/65 63/63/63
f 65/65/65 61/61/61 64/64/64
f 65/65/65 64/64/64 66/66/66
f 68/68/68 65/65/65 66/66/66
f 65/65/65 67/67/67 63/63/63
f 65/65/65 68/68/68 67/67/67
f 68/68/68 69/69/69 67/67/67
f 68/68/68 70/70/70 69/69/69
f 68/68/68 66/66/66 71/71/71
f 70/70/70 68/68/68 71/71/71
f 70/70/70 71/71/71 73/73/73
f 74/74/74 72/72/72 71/71/71
f 72/72/72 73/73/73 71/71/71
f 74/74/74 71/71/71 66/66/66
f 74/74/74 75/75/75 76/76/76
f 74/74/74 77/77/77 75/75/75
f 72/72/72 74/74/74 76/76/76
f 77/77/77 74/74/74 66/66/66
f 77/77/77 78/78/78 75/75/75
f 77/77/77 66/66/66 64/64/64
f 79/79/79 77/77/77 64/64/64
f 77/77/77 79/79/79 78/78/78
f 56/56/56 79/79/79 57/57/57
f 56/56/56 78/78/78 79/79/79
f 79/79/79 64/64/64 57/57/57
f 75/75/75 78/78/78 80/80/80
f 56/56/56 80/80/80 78/78/78
f 75/75/75 80/80/80 81/81/81
f 85/85/85 81/81/81 80/80/80
f 83/83/83 82/82/82 80/80/80
f 85/85/85 80/80/80 82/82/82
f 83/83/83 80/80/80 84/84/84
f 56/56/56 84/84/84 80/80/80
f 81/81/81 85/85/85 88/88/88
f 86/86/86 85/85/85 82/82/82
f 85/85/85 86/86/86 87/87/87
f 85/85/85 87/87/87 88/88/88
f 81/81/81 88/88/88 89/89/89
f 90/90/90 88/88/88 87/87/87
f 88/88/88 91/91/91 89/89/89
f 88/88/88 90/90/90 91/91/91
f 90/90/90 92/92/92 91/91/91
f 93/93/93 91/91/91 92/92/92
f 93/93/93 94/94/94 91/91/91
f 94/94/94 89/89/89 91/91/91
f 72/72/72 76/76/76 94/94/94
f 94/94/94 76/76/76 89/89/89
f 95/95/95 72/72/72 94/94/94
f 95/95/95 94/94/94 93/93/93
f 95/95/95 96/96/96 73/73/73
f 95/95/95 97/97/97 96/96/96
f 72/72/72 95/95/95 73/73/73
f 97/97/97 95/95/95 93/93/93
f 97/97/97 99/99/99 96/96/96
f 97/97/97 93/93/93 98/98/98
f 100/100/100 97/97/97 98/98/98
f 97/97/97 100/100/100 99/99/99
f 100/100/100 98/98/98 101/101/101
f 102/102/102 100/100/100 101/101/101
f 100/100/100 103/103/103 99/99/99
f 100/100/100 102/102/102 103/103/103
f 102/102/102 104/104/104 103/103/103
f 106/106/106 103/103/103 104/104/104
f 106/106/106 105/105/105 103/103/103
f 105/105/105 99/99/99 103/103/103
f 107/107/107 106/106/106 104/104/104
f 106/106/106 107/107/107 108/108/108
f 105/105/105 106/106/106 108/108/108
f 108/108/108 107/107/107 111/111/111
f 108/108/108 111/111/111 109/109/109
f 110/110/110 108/108/108 109/109/109
f 105/105/105 108/108/108 110/110/110
f 109/109/109 111/111/111 112/112/112
f 111/111/111 114/114/114 112/112/112
f 107/107/107 116/116/116 111/111/111
f 111/111/111 116/116/116 114/114/114
f 107/107/107 119/119/119 116/116/116
f 115/115/115 117/117/117 120/120/120
f 117/117/117 115/115/115 118/118/118
f 115/115/115 120/120/120 113/113/113
f 124/124/124 120/120/120 121/121/121
f 117/117/117 121/121/121 120/120/120
f 120/120/120 123/123/123 113/113/113
f 120/120/120 124/124/124 123/123/123
f 125/125/125 124/124/124 128/128/128
f 124/124/124 125/125/125 127/127/127
f 124/124/124 127/127/127 123/123/123
f 124/124/124 121/121/121 128/128/128
f 125/125/125 128/128/128 130/130/130
f 129/129/129 128/128/128 121/121/121
f 131/131/131 128/128/128 129/129/129
f 131/131/131 130/130/130 128/128/128
f 132/132/132 130/130/130 131/131/131
f 131/131/131 134/134/134 132/132/132
f 131/131/131 135/135/135 134/134/134
f 129/129/129 135/135/135 131/131/131
f 133/133/133 136/136/136 139/139/139
f 129/129/129 137/137/137 135/135/135
f 139/139/139 136/136/136 138/138/138
f 133/133/133 139/139/139 140/140/140
f 140/140/140 139/139/139 142/142/142
f 141/141/141 142/142/142 139/139/139
f 139/139/139 138/138/138 141/141/141
f 143/143/143 142/142/142 144/144/144
f 143/143/143 145/145/145 142/142/142
f 144/144/144 142/142/142 146/146/146
f 140/140/140 142/142/142 145/145/145
f 141/141/141 146/146/146 142/142/142
f 144/144/144 146/146/146 147/147/147
f 147/147/147 146/146/146 148/148/148
f 141/141/141 148/148/148 146/146/146
f 152/152/152 149/149/149 137/137/137
f 141/141/141 138/138/138 148/148/148
f 147/147/147 148/148/148 151/151/151
f 150/150/150 149/149/149 152/152/152
f 150/150/150 152/152/152 153/153/153
f 153/153/153 152/152/152 121/121/121
f 129/129/129 121/121/121 152/152/152
f 152/152/152 137/137/137 129/129/129
f 153/153/153 121/121/121 154/154/154
f 154/154/154 155/155/155 153/153/153
f 153/153/153 155/155/155 157/157/157
f 153/153/153 157/157/157 150/150/150
f 158/158/158 156/156/156 163/163/163
f 158/158/158 164/164/164 156/156/156
f 159/159/159 157/157/157 155/155/155
f 164/164/164 151/151/151 156/156/156
f 159/159/159 161/161/161 157/157/157
f 164/164/164 165/165/165 166/166/166
f 164/164/164 158/158/158 165/165/165
f 166/166/166 167/167/167 164/164/164
f 167/167/167 147/147/147 164/164/164
f 164/164/164 147/147/147 151/151/151
f 169/169/169 167/167/167 166/166/166
f 169/169/169 168/168/168 167/167/167
f 168/168/168 144/144/144 167/167/167
f 167/167/167 144/144/144 147/147/147
f 170/170/170 168/168/168 169/169/169
f 169/169/169 172/172/172 170/170/170
f 166/166/166 171/171/171 169/169/169
f 169/169/169 171/171/171 172/172/172
f 170/170/170 172/172/172 173/173/173
f 174/174/174 172/172/172 171/171/171
f 175/175/175 173/173/173 172/172/172
f 175/175/175 172/172/172 174/174/174
f 178/178/178 173/173/173 175/175/175
f 175/175/175 176/176/176 177/177/177
f 174/174/174 176/176/176 175/175/175
f 175/175/175 177/177/177 178/178/178
f 179/179/179 181/181/181 178/178/178
f 178/178/178 180/180/180 179/179/179
f 178/178/178 177/177/177 180/180/180
f 178/178/178 181/181/181 173/173/173
f 184/184/184 181/181/181 182/182/182
f 182/182/182 181/181/181 183/183/183
f 179/179/179 183/183/183 181/181/181
f 184/184/184 173/173/173 181/181/181
f 170/170/170 173/173/173 184/184/184
f 182/182/182 186/186/186 184/184/184
f 184/184/184 185/185/185 170/170/170
f 184/184/184 186/186/186 185/185/185
f 186/186/186 188/188/188 185/185/185
f 186/186/186 187/187/187 188/188/188
f 189/189/189 187/187/187 186/186/186
f 182/182/182 189/189/189 186/186/186
f 192/192/192 190/190/190 189/189/189
f 190/190/190 191/191/191 189/189/189
f 189/189/189 191/191/191 187/187/187
f 192/192/192 189/189/189 182/182/182
f 182/182/182 183/183/183 192/192/192
f 192/192/192 183/183/183 193/193/193
f 194/194/194 190/190/190 192/192/192
f 192/192/192 193/193/193 194/194/194
f 197/197/197 195/195/195 194/194/194
f 194/194/194 195/195/195 190/190/190
f 194/194/194 196/196/196 197/197/197
f 194/194/194 193/193/193 196/196/196
f 197/197/197 198/198/198 200/200/200
f 197/197/197 199/199/199 198/198/198
f 197/197/197 201/201/201 199/199/199
f 197/197/197 200/200/200 195/195/195
f 197/197/197 196/196/196 201/201/201
f 199/199/199 201/201/201 202/202/202
f 202/202/202 201/201/201 203/203/203
f 203/203/203 201/201/201 204/204/204
f 204/204/204 201/201/201 196/196/196
f 206/206/206 205/205/205 204/204/204
f 203/203/203 204/204/204 205/205/205
f 204/204/204 196/196/196 206/206/206
f 206/206/206 207/207/207 205/205/205
f 208/208/208 207/207/207 206/206/206
f 206/206/206 193/193/193 208/208/208
f 206/206/206 196/196/196 193/193/193
f 208/208/208 209/209/209 207/207/207
f 179/179/179 209/209/209 208/208/208
f 208/208/208 183/183/183 179/179/179
f 208/208/208 193/193/193 183/183/183
f 209/209/209 211/211/211 207/207/207
f 180/180/180 210/210/210 209/209/209
f 209/209/209 210/210/210 211/211/211
f 179/179/179 180/180/180 209/209/209
f 211/211/211 214/214/214 212/212/212
f 212/212/212 213/213/213 211/211/211
f 207/207/207 211/211/211 213/213/213
f 211/211/211 210/210/210 214/214/214
f 212/212/212 214/214/214 215/215/215
f 216/216/216 215/215/215 214/214/214
f 214/214/214 210/210/210 217/217/217
f 214/214/214 217/217/217 216/216/216
f 216/216/216 217/217/217 218/218/218
f 180/180/180 217/217/217 210/210/210
f 177/177/177 218/218/218 217/217/217
f 177/177/177 217/217/217 180/180/180
f 176/176/176 219/219/219 218/218/218
f 220/220/220 218/218/218 219/219/219
f 216/216/216 218/218/218 220/220/220
f 176/176/176 218/218/218 177/177/177
f 220/220/220 219/219/219 221/221/221
f 221/221/221 222/222/222 220/220/220
f 220/220/220 222/222/222 223/223/223
f 220/220/220 223/223/223 216/216/216
f 224/224/224 215/215/215 223/223/223
f 216/216/216 223/223/223 215/215/215
f 223/223/223 225/225/225 224/224/224
f 223/223/223 222/222/222 225/225/225
f 230/230/230 226/226/226 225/225/225
f 224/224/224 225/225/225 226/226/226
f 230/230/230 225/225/225 228/228/228
f 228/228/228 225/225/225 222/222/222
f 430/430/430 227/227/227 229/229/229
f 229/229/229 233/233/233 430/430/430
f 232/232/232 229/229/229 235/235/235
f 235/235/235 238/238/238 232/232/232
f 229/229/229 232/232/232 233/233/233
f 228/228/228 236/236/236 230/230/230
f 235/235/235 239/239/239 238/238/238
f 239/239/239 235/235/235 242/242/242
f 242/242/242 428/428/428 239/239/239
f 241/241/241 236/236/236 243/243/243
f 228/228/228 243/243/243 236/236/236
f 244/244/244 243/243/243 228/228/228
f 244/244/244 246/246/246 243/243/243
f 241/241/241 243/243/243 245/245/245
f 245/245/245 243/243/243 246/246/246
f 247/247/247 246/246/246 244/244/244
f 248/248/248 246/246/246 247/247/247
f 248/248/248 249/249/249 246/246/246
f 245/245/245 246/246/246 249/249/249
f 250/250/250 249/249/249 248/248/248
f 250/250/250 251/251/251 249/249/249
f 249/249/249 251/251/251 252/252/252
f 249/249/249 252/252/252 245/245/245
f 255/255/255 254/254/254 252/252/252
f 245/245/245 252/252/252 254/254/254
f 255/255/255 252/252/252 257/257/257
f 257/257/257 252/252/252 251/251/251
f 257/257/257 258/258/258 255/255/255
f 257/257/257 251/251/251 250/250/250
f 250/250/250 260/260/260 257/257/257
f 257/257/257 260/260/260 258/258/258
f 260/260/260 261/261/261 263/263/263
f 250/250/250 261/261/261 260/260/260
f 260/260/260 263/263/263 262/262/262
f 262/262/262 258/258/258 260/260/260
f 262/262/262 263/263/263 267/267/267
f 263/263/263 264/264/264 265/265/265
f 263/263/263 261/261/261 264/264/264
f 266/266/266 263/263/263 265/265/265
f 266/266/266 267/267/267 263/263/263
f 266/266/266 165/165/165 267/267/267
f 267/267/267 165/165/165 268/268/268
f 267/267/267 268/268/268 262/262/262
f 268/268/268 165/165/165 158/158/158
f 158/158/158 258/258/258 268/268/268
f 262/262/262 268/268/268 258/258/258
f 266/266/266 171/171/171 165/165/165
f 266/266/266 265/265/265 269/269/269
f 266/266/266 269/269/269 174/174/174
f 174/174/174 171/171/171 266/266/266
f 269/269/269 219/219/219 176/176/176
f 269/269/269 270/270/270 219/219/219
f 265/265/265 270/270/270 269/269/269
f 174/174/174 269/269/269 176/176/176
f 221/221/221 219/219/219 270/270/270
f 265/265/265 264/264/264 270/270/270
f 247/247/247 270/270/270 264/264/264
f 221/221/221 270/270/270 247/247/247
f 247/247/247 264/264/264 248/248/248
f 248/248/248 264/264/264 261/261/261
f 248/248/248 261/261/261 250/250/250
f 158/158/158 163/163/163 258/258/258
f 272/272/272 419/419/419 256/256/256
f 256/256/256 259/259/259 272/272/272
f 271/271/271 259/259/259 162/162/162
f 277/277/277 275/275/275 259/259/259
f 259/259/259 271/271/271 277/277/277
f 275/275/275 272/272/272 259/259/259
f 279/279/279 277/277/277 271/271/271
f 280/280/280 279/279/279 271/271/271
f 271/271/271 284/284/284 280/280/280
f 282/282/282 280/280/280 284/284/284
f 288/288/288 285/285/285 284/284/284
f 285/285/285 334/334/334 286/286/286
f 286/286/286 284/284/284 285/285/285
f 284/284/284 286/286/286 282/282/282
f 288/288/288 284/284/284 290/290/290
f 160/160/160 284/284/284 271/271/271
f 160/160/160 290/290/290 284/284/284
f 292/292/292 291/291/291 293/293/293
f 292/292/292 289/289/289 291/291/291
f 155/155/155 293/293/293 291/291/291
f 155/155/155 291/291/291 159/159/159
f 154/154/154 292/292/292 293/293/293
f 154/154/154 293/293/293 155/155/155
f 289/289/289 292/292/292 118/118/118
f 117/117/117 118/118/118 292/292/292
f 154/154/154 117/117/117 292/292/292
f 289/289/289 118/118/118 294/294/294
f 285/285/285 288/288/288 296/296/296
f 299/299/299 295/295/295 119/119/119
f 299/299/299 298/298/298 295/295/295
f 285/285/285 296/296/296 297/297/297
f 299/299/299 300/300/300 298/298/298
f 300/300/300 299/299/299 104/104/104
f 107/107/107 104/104/104 299/299/299
f 299/299/299 119/119/119 107/107/107
f 301/301/301 300/300/300 104/104/104
f 301/301/301 302/302/302 300/300/300
f 302/302/302 298/298/298 300/300/300
f 302/302/302 304/304/304 298/298/298
f 302/302/302 301/301/301 303/303/303
f 304/304/304 302/302/302 303/303/303
f 304/304/304 303/303/303 305/305/305
f 307/307/307 304/304/304 305/305/305
f 306/306/306 298/298/298 304/304/304
f 307/307/307 306/306/306 304/304/304
f 308/308/308 307/307/307 305/305/305
f 307/307/307 308/308/308 309/309/309
f 307/307/307 309/309/309 310/310/310
f 306/306/306 307/307/307 310/310/310
f 306/306/306 310/310/310 311/311/311
f 309/309/309 311/311/311 310/310/310
f 313/313/313 311/311/311 315/315/315
f 313/313/313 306/306/306 311/311/311
f 309/309/309 314/314/314 311/311/311
f 314/314/314 315/315/315 311/311/311
f 314/314/314 317/317/317 315/315/315
f 316/316/316 318/318/318 335/335/335
f 335/335/335 320/320/320 316/316/316
f 316/316/316 320/320/320 321/321/321
f 316/316/316 321/321/321 324/324/324
f 324/324/324 312/312/312 316/316/316
f 312/312/312 324/324/324 325/325/325
f 312/312/312 325/325/325 328/328/328
f 328/328/328 297/297/297 312/312/312
f 297/297/297 328/328/328 330/330/330
f 297/297/297 330/330/330 332/332/332
f 332/332/332 285/285/285 297/297/297
f 285/285/285 332/332/332 334/334/334
f 318/318/318 338/338/338 335/335/335
f 318/318/318 343/343/343 340/340/340
f 340/340/340 338/338/338 318/318/318
f 343/343/343 341/341/341 340/340/340
f 347/347/347 346/346/346 344/344/344
f 343/343/343 345/345/345 417/417/417
f 417/417/417 341/341/341 343/343/343
f 317/317/317 348/348/348 344/344/344
f 347/347/347 344/344/344 348/348/348
f 317/317/317 314/314/314 348/348/348
f 314/314/314 349/349/349 348/348/348
f 350/350/350 348/348/348 349/349/349
f 350/350/350 347/347/347 348/348/348
f 353/353/353 351/351/351 350/350/350
f 351/351/351 352/352/352 350/350/350
f 347/347/347 350/350/350 352/352/352
f 353/353/353 350/350/350 349/349/349
f 353/353/353 354/354/354 355/355/355
f 353/353/353 308/308/308 354/354/354
f 308/308/308 353/353/353 349/349/349
f 351/351/351 353/353/353 355/355/355
f 101/101/101 356/356/356 355/355/355
f 351/351/351 355/355/355 356/356/356
f 357/357/357 101/101/101 355/355/355
f 357/357/357 355/355/355 354/354/354
f 102/102/102 101/101/101 357/357/357
f 102/102/102 357/357/357 303/303/303
f 303/303/303 357/357/357 354/354/354
f 98/98/98 92/92/92 356/356/356
f 358/358/358 356/356/356 92/92/92
f 101/101/101 98/98/98 356/356/356
f 358/358/358 351/351/351 356/356/356
f 351/351/351 358/358/358 352/352/352
f 358/358/358 359/359/359 352/352/352
f 90/90/90 358/358/358 92/92/92
f 358/358/358 90/90/90 359/359/359
f 90/90/90 87/87/87 359/359/359
f 360/360/360 359/359/359 87/87/87
f 359/359/359 360/360/360 361/361/361
f 359/359/359 361/361/361 352/352/352
f 346/346/346 361/361/361 362/362/362
f 346/346/346 347/347/347 361/361/361
f 360/360/360 362/362/362 361/361/361
f 347/347/347 352/352/352 361/361/361
f 360/360/360 364/364/364 362/362/362
f 363/363/363 365/365/365 370/370/370
f 370/370/370 368/368/368 363/363/363
f 345/345/345 363/363/363 366/366/366
f 366/366/366 415/415/415 345/345/345
f 363/363/363 368/368/368 366/366/366
f 365/365/365 373/373/373 370/370/370
f 365/365/365 378/378/378 374/374/374
f 374/374/374 373/373/373 365/365/365
f 378/378/378 377/377/377 374/374/374
f 382/382/382 380/380/380 379/379/379
f 378/378/378 381/381/381 413/413/413
f 413/413/413 377/377/377 378/378/378
f 364/364/364 383/383/383 379/379/379
f 382/382/382 379/379/379 383/383/383
f 86/86/86 382/382/382 383/383/383
f 86/86/86 383/383/383 87/87/87
f 364/364/364 360/360/360 383/383/383
f 360/360/360 87/87/87 383/383/383
f 380/380/380 382/382/382 384/384/384
f 382/382/382 385/385/385 384/384/384
f 382/382/382 86/86/86 385/385/385
f 82/82/82 384/384/384 385/385/385
f 86/86/86 82/82/82 385/385/385
f 82/82/82 83/83/83 384/384/384
f 83/83/83 386/386/386 384/384/384
f 380/380/380 384/384/384 386/386/386
f 83/83/83 388/388/388 386/386/386
f 392/392/392 387/387/387 389/389/389
f 389/389/389 394/394/394 392/392/392
f 381/381/381 387/387/387 391/391/391
f 391/391/391 411/411/411 381/381/381
f 387/387/387 392/392/392 391/391/391
f 389/389/389 396/396/396 394/394/394
f 396/396/396 389/389/389 400/400/400
f 400/400/400 398/398/398 396/396/396
f 400/400/400 403/403/403 398/398/398
f 400/400/400 59/59/59 405/405/405
f 405/405/405 403/403/403 400/400/400
f 59/59/59 406/406/406 405/405/405
f 59/59/59 3/3/3 408/408/408
f 408/408/408 406/406/406 59/59/59
f 388/388/388 84/84/84 401/401/401
f 56/56/56 58/58/58 401/401/401
f 56/56/56 401/401/401 84/84/84
f 381/381/381 411/411/411 413/413/413
f 388/388/388 83/83/83 84/84/84
f 345/345/345 415/415/415 417/417/417
f 303/303/303 354/354/354 305/305/305
f 308/308/308 305/305/305 354/354/354
f 314/314/314 309/309/309 349/349/349
f 308/308/308 349/349/349 309/309/309
f 306/306/306 313/313/313 298/298/298
f 102/102/102 303/303/303 301/301/301
f 102/102/102 301/301/301 104/104/104
f 419/419/419 421/421/421 256/256/256
f 421/421/421 422/422/422 253/253/253
f 253/253/253 256/256/256 421/421/421
f 253/253/253 422/422/422 425/425/425
f 427/427/427 242/242/242 253/253/253
f 253/253/253 425/425/425 427/427/427
f 242/242/242 427/427/427 428/428/428
f 271/271/271 162/162/162 160/160/160
f 245/245/245 254/254/254 241/241/241
f 247/247/247 244/244/244 221/221/221
f 221/221/221 244/244/244 222/222/222
f 228/228/228 222/222/222 244/244/244
f 227/227/227 430/430/430 433/433/433
f 435/435/435 438/438/438 227/227/227
f 227/227/227 433/433/433 435/435/435
f 438/438/438 435/435/435 437/437/437
f 439/439/439 441/441/441 442/442/442
f 440/440/440 438/438/438 437/437/437
f 437/437/437 473/473/473 440/440/440
f 439/439/439 442/442/442 224/224/224
f 224/224/224 226/226/226 439/439/439
f 224/224/224 442/442/442 215/215/215
f 443/443/443 215/215/215 442/442/442
f 444/444/444 442/442/442 441/441/441
f 443/443/443 442/442/442 444/444/444
f 446/446/446 447/447/447 444/444/444
f 444/444/444 441/441/441 446/446/446
f 444/444/444 448/448/448 443/443/443
f 444/444/444 447/447/447 448/448/448
f 449/449/449 448/448/448 447/447/447
f 443/443/443 448/448/448 449/449/449
f 443/443/443 449/449/449 212/212/212
f 212/212/212 449/449/449 213/213/213
f 450/450/450 213/213/213 449/449/449
f 449/449/449 447/447/447 450/450/450
f 450/450/450 452/452/452 454/454/454
f 450/450/450 447/447/447 452/452/452
f 450/450/450 453/453/453 213/213/213
f 454/454/454 453/453/453 450/450/450
f 454/454/454 457/457/457 453/453/453
f 475/475/475 456/456/456 455/455/455
f 455/455/455 458/458/458 475/475/475
f 455/455/455 460/460/460 458/458/458
f 460/460/460 455/455/455 451/451/451
f 451/451/451 462/462/462 460/460/460
f 462/462/462 451/451/451 465/465/465
f 451/451/451 445/445/445 467/467/467
f 467/467/467 465/465/465 451/451/451
f 445/445/445 468/468/468 467/467/467
f 445/445/445 440/440/440 471/471/471
f 471/471/471 468/468/468 445/445/445
f 440/440/440 473/473/473 471/471/471
f 476/476/476 456/456/456 475/475/475
f 479/479/479 481/481/481 456/456/456
f 456/456/456 476/476/476 479/479/479
f 481/481/481 479/479/479 483/483/483
f 487/487/487 481/481/481 483/483/483
f 483/483/483 484/484/484 487/487/487
f 493/493/493 487/487/487 484/484/484
f 484/484/484 488/488/488 493/493/493
f 493/493/493 488/488/488 491/491/491
f 494/494/494 492/492/492 495/495/495
f 492/492/492 494/494/494 486/486/486
f 496/496/496 493/493/493 491/491/491
f 491/491/491 505/505/505 496/496/496
f 494/494/494 495/495/495 499/499/499
f 500/500/500 497/497/497 498/498/498
f 508/508/508 498/498/498 497/497/497
f 497/497/497 507/507/507 508/508/508
f 503/503/503 496/496/496 505/505/505
f 497/497/497 502/502/502 507/507/507
f 498/498/498 508/508/508 511/511/511
f 512/512/512 27/27/27 498/498/498
f 498/498/498 511/511/511 512/512/512
f 499/499/499 515/515/515 494/494/494
f 516/516/516 514/514/514 500/500/500
f 500/500/500 498/498/498 516/516/516
f 29/29/29 517/517/517 516/516/516
f 516/516/516 517/517/517 514/514/514
f 516/516/516 498/498/498 27/27/27
f 516/516/516 27/27/27 29/29/29
f 517/517/517 38/38/38 518/518/518
f 518/518/518 514/514/514 517/517/517
f 517/517/517 519/519/519 38/38/38
f 29/29/29 519/519/519 517/517/517
f 29/29/29 30/30/30 519/519/519
f 30/30/30 38/38/38 519/519/519
f 518/518/518 38/38/38 39/39/39
f 518/518/518 39/39/39 522/522/522
f 518/518/518 520/520/520 514/514/514
f 522/522/522 520/520/520 518/518/518
f 523/523/523 522/522/522 39/39/39
f 526/526/526 522/522/522 523/523/523
f 522/522/522 525/525/525 520/520/520
f 526/526/526 525/525/525 522/522/522
f 528/528/528 524/524/524 527/527/527
f 527/527/527 529/529/529 528/528/528
f 527/527/527 531/531/531 529/529/529
f 523/523/523 530/530/530 526/526/526
f 532/532/532 530/530/530 535/535/535
f 532/532/532 534/534/534 530/530/530
f 536/536/536 531/531/531 533/533/533
f 523/523/523 535/535/535 530/530/530
f 536/536/536 529/529/529 531/531/531
f 536/536/536 538/538/538 537/537/537
f 537/537/537 529/529/529 536/536/536
f 536/536/536 539/539/539 538/538/538
f 533/533/533 539/539/539 536/536/536
f 541/541/541 538/538/538 539/539/539
f 541/541/541 539/539/539 540/540/540
f 540/540/540 539/539/539 542/542/542
f 533/533/533 542/542/542 539/539/539
f 544/544/544 543/543/543 534/534/534
f 547/547/547 543/543/543 544/544/544
f 540/540/540 542/542/542 546/546/546
f 547/547/547 545/545/545 543/543/543
f 544/544/544 548/548/548 547/547/547
f 547/547/547 548/548/548 550/550/550
f 547/547/547 550/550/550 549/549/549
f 549/549/549 545/545/545 547/547/547
f 553/553/553 551/551/551 550/550/550
f 551/551/551 552/552/552 550/550/550
f 549/549/549 550/550/550 552/552/552
f 553/553/553 550/550/550 548/548/548
f 551/551/551 553/553/553 555/555/555
f 553/553/553 558/558/558 555/555/555
f 556/556/556 553/553/553 548/548/548
f 553/553/553 556/556/556 558/558/558
f 560/560/560 561/561/561 557/557/557
f 556/556/556 559/559/559 558/558/558
f 562/562/562 554/554/554 557/557/557
f 562/562/562 557/557/557 561/561/561
f 565/565/565 562/562/562 561/561/561
f 554/554/554 562/562/562 564/564/564
f 562/562/562 563/563/563 564/564/564
f 562/562/562 565/565/565 563/563/563
f 566/566/566 565/565/565 567/567/567
f 566/566/566 568/568/568 565/565/565
f 568/568/568 563/563/563 565/565/565
f 565/565/565 561/561/561 567/567/567
f 69/69/69 568/568/568 566/566/566
f 69/69/69 569/569/569 568/568/568
f 568/568/568 570/570/570 563/563/563
f 569/569/569 570/570/570 568/568/568
f 569/569/569 571/571/571 570/570/570
f 571/571/571 572/572/572 570/570/570
f 570/570/570 572/572/572 573/573/573
f 570/570/570 573/573/573 563/563/563
f 575/575/575 573/573/573 574/574/574
f 572/572/572 574/574/574 573/573/573
f 573/573/573 575/575/575 564/564/564
f 573/573/573 564/564/564 563/563/563
f 575/575/575 574/574/574 580/580/580
f 575/575/575 577/577/577 564/564/564
f 575/575/575 578/578/578 577/577/577
f 578/578/578 575/575/575 580/580/580
f 581/581/581 580/580/580 574/574/574
f 580/580/580 581/581/581 122/122/122
f 578/578/578 580/580/580 126/126/126
f 580/580/580 122/122/122 126/126/126
f 581/581/581 574/574/574 112/112/112
f 581/581/581 112/112/112 114/114/114
f 581/581/581 114/114/114 122/122/122
f 582/582/582 576/576/576 579/579/579
f 125/125/125 579/579/579 127/127/127
f 125/125/125 582/582/582 579/579/579
f 551/551/551 582/582/582 552/552/552
f 582/582/582 551/551/551 576/576/576
f 582/582/582 125/125/125 130/130/130
f 582/582/582 130/130/130 552/552/552
f 551/551/551 555/555/555 576/576/576
f 554/554/554 564/564/564 577/577/577
f 109/109/109 112/112/112 574/574/574
f 572/572/572 109/109/109 574/574/574
f 571/571/571 110/110/110 572/572/572
f 110/110/110 109/109/109 572/572/572
f 584/584/584 110/110/110 571/571/571
f 583/583/583 571/571/571 569/569/569
f 583/583/583 584/584/584 571/571/571
f 584/584/584 96/96/96 99/99/99
f 105/105/105 584/584/584 99/99/99
f 584/584/584 583/583/583 96/96/96
f 584/584/584 105/105/105 110/110/110
f 583/583/583 70/70/70 73/73/73
f 70/70/70 583/583/583 569/569/569
f 583/583/583 73/73/73 96/96/96
f 70/70/70 569/569/569 69/69/69
f 587/587/587 566/566/566 567/567/567
f 585/585/585 567/567/567 561/561/561
f 585/585/585 586/586/586 567/567/567
f 587/587/587 567/567/567 586/586/586
f 63/63/63 587/587/587 588/588/588
f 63/63/63 67/67/67 587/587/587
f 67/67/67 566/566/566 587/587/587
f 588/588/588 587/587/587 586/586/586
f 588/588/588 586/586/586 50/50/50
f 51/51/51 588/588/588 50/50/50
f 62/62/62 588/588/588 51/51/51
f 62/62/62 63/63/63 588/588/588
f 586/586/586 589/589/589 50/50/50
f 586/586/586 585/585/585 589/589/589
f 585/585/585 590/590/590 589/589/589
f 42/42/42 589/589/589 590/590/590
f 42/42/42 46/46/46 589/589/589
f 46/46/46 50/50/50 589/589/589
f 592/592/592 591/591/591 559/559/559
f 592/592/592 593/593/593 591/591/591
f 41/41/41 591/591/591 593/593/593
f 585/585/585 560/560/560 590/590/590
f 41/41/41 43/43/43 591/591/591
f 593/593/593 592/592/592 594/594/594
f 593/593/593 594/594/594 596/596/596
f 595/595/595 593/593/593 596/596/596
f 595/595/595 41/41/41 593/593/593
f 595/595/595 596/596/596 535/535/535
f 535/535/535 596/596/596 594/594/594
f 41/41/41 595/595/595 39/39/39
f 595/595/595 535/535/535 523/523/523
f 523/523/523 39/39/39 595/595/595
f 592/592/592 597/597/597 594/594/594
f 532/532/532 594/594/594 597/597/597
f 535/535/535 594/594/594 532/532/532
f 592/592/592 556/556/556 597/597/597
f 556/556/556 548/548/548 597/597/597
f 544/544/544 597/597/597 548/548/548
f 532/532/532 597/597/597 544/544/544
f 556/556/556 592/592/592 559/559/559
f 560/560/560 585/585/585 561/561/561
f 67/67/67 69/69/69 566/566/566
f 132/132/132 552/552/552 130/130/130
f 549/549/549 552/552/552 132/132/132
f 132/132/132 598/598/598 549/549/549
f 549/549/549 598/598/598 545/545/545
f 132/132/132 134/134/134 598/598/598
f 140/140/140 599/599/599 133/133/133
f 140/140/140 600/600/600 599/599/599
f 546/546/546 599/599/599 600/600/600
f 546/546/546 600/600/600 540/540/540
f 145/145/145 601/601/601 600/600/600
f 540/540/540 600/600/600 601/601/601
f 145/145/145 600/600/600 140/140/140
f 187/187/187 601/601/601 188/188/188
f 187/187/187 541/541/541 601/601/601
f 540/540/540 601/601/601 541/541/541
f 188/188/188 601/601/601 145/145/145
f 544/544/544 534/534/534 532/532/532
f 191/191/191 541/541/541 187/187/187
f 191/191/191 538/538/538 541/541/541
f 602/602/602 537/537/537 538/538/538
f 602/602/602 538/538/538 191/191/191
f 195/195/195 602/602/602 190/190/190
f 195/195/195 603/603/603 602/602/602
f 603/603/603 537/537/537 602/602/602
f 190/190/190 602/602/602 191/191/191
f 200/200/200 603/603/603 195/195/195
f 603/603/603 604/604/604 537/537/537
f 605/605/605 604/604/604 603/603/603
f 200/200/200 605/605/605 603/603/603
f 605/605/605 606/606/606 604/604/604
f 607/607/607 606/606/606 605/605/605
f 198/198/198 607/607/607 605/605/605
f 198/198/198 605/605/605 200/200/200
f 202/202/202 607/607/607 198/198/198
f 202/202/202 608/608/608 607/607/607
f 607/607/607 609/609/609 606/606/606
f 608/608/608 609/609/609 607/607/607
f 606/606/606 609/609/609 611/611/611
f 608/608/608 612/612/612 609/609/609
f 610/610/610 609/609/609 612/612/612
f 610/610/610 611/611/611 609/609/609
f 494/494/494 612/612/612 608/608/608
f 494/494/494 515/515/515 612/612/612
f 610/610/610 612/612/612 515/515/515
f 528/528/528 611/611/611 524/524/524
f 521/521/521 524/524/524 611/611/611
f 521/521/521 611/611/611 610/610/610
f 606/606/606 611/611/611 528/528/528
f 610/610/610 515/515/515 521/521/521
f 486/486/486 494/494/494 608/608/608
f 486/486/486 608/608/608 202/202/202
f 528/528/528 604/604/604 606/606/606
f 537/537/537 604/604/604 529/529/529
f 528/528/528 529/529/529 604/604/604
f 480/480/480 486/486/486 202/202/202
f 480/480/480 202/202/202 203/203/203
f 203/203/203 457/457/457 480/480/480
f 203/203/203 453/453/453 457/457/457
f 203/203/203 213/213/213 453/453/453
f 446/446/446 452/452/452 447/447/447
f 212/212/212 215/215/215 443/443/443
f 207/207/207 213/213/213 205/205/205
f 203/203/203 205/205/205 213/213/213
f 199/199/199 202/202/202 198/198/198
f 185/185/185 188/188/188 143/143/143
f 188/188/188 145/145/145 143/143/143
f 185/185/185 143/143/143 168/168/168
f 170/170/170 185/185/185 168/168/168
f 166/166/166 165/165/165 171/171/171
f 168/168/168 143/143/143 144/144/144
f 117/117/117 154/154/154 121/121/121
f 98/98/98 93/93/93 92/92/92
f 76/76/76 81/81/81 89/89/89
f 76/76/76 75/75/75 81/81/81
f 53/53/53 62/62/62 51/51/51
f 5/5/5 54/54/54 34/34/34
f 4/4/4 54/54/54 5/5/5
f 54/54/54 48/48/48 34/34/34
f 33/33/33 34/34/34 48/48/48
f 5/5/5 25/25/25 8/8/8
f 621/621/621 614/614/614 613/613/613
f 622/622/622 613/613/613 614/614/614
f 619/619/619 613/613/613 616/616/616
f 616/616/616 613/613/613 622/622/622
f 622/622/622 624/624/624 616/616/616
f 822/822/822 621/621/621 613/613/613
f 613/613/613 618/618/618 822/822/822
f 618/618/618 613/613/613 619/619/619
f 624/624/624 622/622/622 626/626/626
f 626/626/626 622/622/622 627/627/627
f 627/627/627 641/641/641 626/626/626
f 627/627/627 622/622/622 629/629/629
f 622/622/622 614/614/614 629/629/629
f 627/627/627 629/629/629 630/630/630
f 633/633/633 631/631/631 632/632/632
f 633/633/633 628/628/628 631/631/631
f 634/634/634 633/633/633 632/632/632
f 633/633/633 634/634/634 642/642/642
f 642/642/642 635/635/635 633/633/633
f 633/633/633 635/635/635 637/637/637
f 640/640/640 628/628/628 633/633/633
f 633/633/633 637/637/637 640/640/640
f 636/636/636 643/643/643 644/644/644
f 636/636/636 644/644/644 646/646/646
f 636/636/636 646/646/646 648/648/648
f 636/636/636 648/648/648 651/651/651
f 636/636/636 651/651/651 858/858/858
f 636/636/636 858/858/858 855/855/855
f 636/636/636 855/855/855 853/853/853
f 636/636/636 853/853/853 851/851/851
f 636/636/636 851/851/851 662/662/662
f 636/636/636 662/662/662 665/665/665
f 636/636/636 665/665/665 666/666/666
f 636/636/636 666/666/666 669/669/669
f 636/636/636 669/669/669 671/671/671
f 636/636/636 671/671/671 674/674/674
f 636/636/636 674/674/674 676/676/676
f 636/636/636 676/676/676 678/678/678
f 636/636/636 678/678/678 681/681/681
f 636/636/636 681/681/681 683/683/683
f 636/636/636 683/683/683 849/849/849
f 636/636/636 849/849/849 847/847/847
f 636/636/636 847/847/847 846/846/846
f 636/636/636 846/846/846 844/844/844
f 636/636/636 844/844/844 842/842/842
f 636/636/636 842/842/842 840/840/840
f 636/636/636 840/840/840 698/698/698
f 636/636/636 698/698/698 701/701/701
f 636/636/636 701/701/701 703/703/703
f 636/636/636 703/703/703 705/705/705
f 636/636/636 705/705/705 707/707/707
f 636/636/636 707/707/707 710/710/710
f 636/636/636 710/710/710 711/711/711
f 636/636/636 711/711/711 715/715/715
f 636/636/636 715/715/715 716/716/716
f 636/636/636 716/716/716 719/719/719
f 636/636/636 719/719/719 735/735/735
f 636/636/636 735/735/735 734/734/734
f 636/636/636 734/734/734 731/731/731
f 636/636/636 731/731/731 737/737/737
f 636/636/636 737/737/737 739/739/739
f 636/636/636 739/739/739 741/741/741
f 636/636/636 741/741/741 745/745/745
f 636/636/636 745/745/745 747/747/747
f 636/636/636 747/747/747 748/748/748
f 636/636/636 748/748/748 757/757/757
f 636/636/636 757/757/757 755/755/755
f 636/636/636 755/755/755 837/837/837
f 636/636/636 837/837/837 834/834/834
f 636/636/636 834/834/834 832/832/832
f 636/636/636 832/832/832 830/830/830
f 636/636/636 830/830/830 828/828/828
f 636/636/636 828/828/828 826/826/826
f 636/636/636 826/826/826 769/769/769
f 636/636/636 769/769/769 771/771/771
f 636/636/636 771/771/771 772/772/772
f 636/636/636 772/772/772 775/775/775
f 636/636/636 775/775/775 777/777/777
f 636/636/636 777/777/777 779/779/779
f 636/636/636 779/779/779 781/781/781
f 636/636/636 781/781/781 784/784/784
f 636/636/636 784/784/784 786/786/786
f 636/636/636 786/786/786 788/788/788
f 636/636/636 788/788/788 820/820/820
f 636/636/636 820/820/820 819/819/819
f 636/636/636 819/819/819 816/816/816
f 636/636/636 816/816/816 815/815/815
f 636/636/636 815/815/815 812/812/812
f 636/636/636 812/812/812 810/810/810
f 636/636/636 810/810/810 808/808/808
f 636/636/636 808/808/808 803/803/803
f 636/636/636 803/803/803 807/807/807
f 636/636/636 807/807/807 823/823/823
f 636/636/636 823/823/823 617/617/617
f 636/636/636 617/617/617 620/620/620
f 636/636/636 620/620/620 615/615/615
f 636/636/636 615/615/615 623/623/623
f 636/636/636 623/623/623 625/625/625
f 636/636/636 625/625/625 639/639/639
f 636/636/636 639/639/639 638/638/638
f 634/634/634 645/645/645 642/642/642
f 634/634/634 647/647/647 645/645/645
f 652/652/652 649/649/649 647/647/647
f 647/647/647 634/634/634 652/652/652
f 652/652/652 650/650/650 649/649/649
f 653/653/653 652/652/652 654/654/654
f 650/650/650 652/652/652 653/653/653
f 653/653/653 857/857/857 650/650/650
f 652/652/652 655/655/655 654/654/654
f 652/652/652 634/634/634 655/655/655
f 634/634/634 632/632/632 655/655/655
f 653/653/653 654/654/654 656/656/656
f 657/657/657 653/653/653 656/656/656
f 657/657/657 656/656/656 658/658/658
f 660/660/660 658/658/658 659/659/659
f 660/660/660 657/657/657 658/658/658
f 852/852/852 657/657/657 660/660/660
f 660/660/660 663/663/663 852/852/852
f 661/661/661 660/660/660 659/659/659
f 660/660/660 661/661/661 667/667/667
f 667/667/667 664/664/664 660/660/660
f 660/660/660 664/664/664 663/663/663
f 661/661/661 668/668/668 667/667/667
f 661/661/661 672/672/672 670/670/670
f 670/670/670 668/668/668 661/661/661
f 672/672/672 673/673/673 670/670/670
f 672/672/672 677/677/677 675/675/675
f 675/675/675 673/673/673 672/672/672
f 679/679/679 675/675/675 677/677/677
f 677/677/677 684/684/684 680/680/680
f 680/680/680 679/679/679 677/677/677
f 682/682/682 680/680/680 684/684/684
f 684/684/684 677/677/677 687/687/687
f 684/684/684 685/685/685 850/850/850
f 850/850/850 682/682/682 684/684/684
f 685/685/685 684/684/684 686/686/686
f 684/684/684 687/687/687 686/686/686
f 677/677/677 688/688/688 687/687/687
f 677/677/677 672/672/672 688/688/688
f 672/672/672 689/689/689 688/688/688
f 672/672/672 661/661/661 689/689/689
f 661/661/661 659/659/659 689/689/689
f 685/685/685 686/686/686 690/690/690
f 691/691/691 690/690/690 692/692/692
f 691/691/691 685/685/685 690/690/690
f 693/693/693 691/691/691 692/692/692
f 693/693/693 692/692/692 694/694/694
f 696/696/696 694/694/694 695/695/695
f 696/696/696 693/693/693 694/694/694
f 693/693/693 696/696/696 699/699/699
f 699/699/699 839/839/839 693/693/693
f 697/697/697 696/696/696 695/695/695
f 696/696/696 697/697/697 702/702/702
f 702/702/702 700/700/700 696/696/696
f 696/696/696 700/700/700 699/699/699
f 697/697/697 704/704/704 702/702/702
f 697/697/697 708/708/708 706/706/706
f 706/706/706 704/704/704 697/697/697
f 708/708/708 709/709/709 706/706/706
f 708/708/708 713/713/713 712/712/712
f 712/712/712 709/709/709 708/708/708
f 713/713/713 714/714/714 712/712/712
f 713/713/713 720/720/720 717/717/717
f 717/717/717 714/714/714 713/713/713
f 718/718/718 717/717/717 720/720/720
f 720/720/720 722/722/722 718/718/718
f 720/720/720 713/713/713 724/724/724
f 720/720/720 721/721/721 723/723/723
f 720/720/720 724/724/724 721/721/721
f 720/720/720 723/723/723 722/722/722
f 713/713/713 725/725/725 724/724/724
f 713/713/713 708/708/708 725/725/725
f 708/708/708 726/726/726 725/725/725
f 697/697/697 695/695/695 726/726/726
f 708/708/708 697/697/697 726/726/726
f 722/722/722 723/723/723 727/727/727
f 722/722/722 727/727/727 729/729/729
f 729/729/729 727/727/727 728/728/728
f 729/729/729 728/728/728 730/730/730
f 738/738/738 732/732/732 729/729/729
f 729/729/729 730/730/730 738/738/738
f 733/733/733 736/736/736 722/722/722
f 722/722/722 729/729/729 733/733/733
f 732/732/732 733/733/733 729/729/729
f 736/736/736 718/718/718 722/722/722
f 740/740/740 738/738/738 730/730/730
f 742/742/742 740/740/740 730/730/730
f 730/730/730 743/743/743 742/742/742
f 744/744/744 742/742/742 743/743/743
f 744/744/744 743/743/743 750/750/750
f 750/750/750 746/746/746 744/744/744
f 746/746/746 750/750/750 749/749/749
f 743/743/743 752/752/752 750/750/750
f 750/750/750 751/751/751 753/753/753
f 750/750/750 752/752/752 751/751/751
f 749/749/749 750/750/750 753/753/753
f 753/753/753 758/758/758 749/749/749
f 753/753/753 759/759/759 754/754/754
f 756/756/756 753/753/753 754/754/754
f 754/754/754 836/836/836 756/756/756
f 758/758/758 753/753/753 756/756/756
f 753/753/753 751/751/751 759/759/759
f 754/754/754 759/759/759 760/760/760
f 754/754/754 760/760/760 761/761/761
f 761/761/761 760/760/760 762/762/762
f 761/761/761 762/762/762 763/763/763
f 763/763/763 762/762/762 764/764/764
f 763/763/763 764/764/764 766/766/766
f 766/766/766 764/764/764 765/765/765
f 766/766/766 765/765/765 767/767/767
f 770/770/770 766/766/766 767/767/767
f 767/767/767 773/773/773 770/770/770
f 827/827/827 763/763/763 766/766/766
f 766/766/766 768/768/768 827/827/827
f 766/766/766 770/770/770 768/768/768
f 767/767/767 774/774/774 773/773/773
f 774/774/774 767/767/767 778/778/778
f 778/778/778 776/776/776 774/774/774
f 778/778/778 780/780/780 776/776/776
f 780/780/780 778/778/778 783/783/783
f 783/783/783 782/782/782 780/780/780
f 782/782/782 783/783/783 785/785/785
f 785/785/785 783/783/783 790/790/790
f 790/790/790 787/787/787 785/785/785
f 787/787/787 790/790/790 789/789/789
f 790/790/790 793/793/793 791/791/791
f 789/789/789 790/790/790 791/791/791
f 791/791/791 821/821/821 789/789/789
f 790/790/790 792/792/792 793/793/793
f 783/783/783 792/792/792 790/790/790
f 791/791/791 793/793/793 794/794/794
f 791/791/791 794/794/794 795/795/795
f 795/795/795 794/794/794 796/796/796
f 795/795/795 796/796/796 797/797/797
f 797/797/797 796/796/796 799/799/799
f 797/797/797 799/799/799 801/801/801
f 800/800/800 798/798/798 802/802/802
f 800/800/800 802/802/802 621/621/621
f 621/621/621 802/802/802 614/614/614
f 804/804/804 800/800/800 621/621/621
f 621/621/621 806/806/806 804/804/804
f 809/809/809 797/797/797 801/801/801
f 801/801/801 805/805/805 809/809/809
f 797/797/797 809/809/809 811/811/811
f 813/813/813 795/795/795 797/797/797
f 797/797/797 811/811/811 813/813/813
f 795/795/795 813/813/813 814/814/814
f 795/795/795 814/814/814 817/817/817
f 791/791/791 795/795/795 817/817/817
f 817/817/817 818/818/818 791/791/791
f 821/821/821 791/791/791 818/818/818
f 806/806/806 621/621/621 822/822/822
f 783/783/783 824/824/824 792/792/792
f 778/778/778 824/824/824 783/783/783
f 778/778/778 825/825/825 824/824/824
f 767/767/767 765/765/765 825/825/825
f 767/767/767 825/825/825 778/778/778
f 829/829/829 763/763/763 827/827/827
f 831/831/831 761/761/761 763/763/763
f 763/763/763 829/829/829 831/831/831
f 833/833/833 761/761/761 831/831/831
f 835/835/835 754/754/754 761/761/761
f 761/761/761 833/833/833 835/835/835
f 836/836/836 754/754/754 835/835/835
f 743/743/743 838/838/838 752/752/752
f 730/730/730 728/728/728 838/838/838
f 730/730/730 838/838/838 743/743/743
f 839/839/839 841/841/841 693/693/693
f 691/691/691 693/693/693 841/841/841
f 841/841/841 843/843/843 691/691/691
f 843/843/843 845/845/845 691/691/691
f 685/685/685 691/691/691 845/845/845
f 845/845/845 848/848/848 685/685/685
f 848/848/848 850/850/850 685/685/685
f 854/854/854 657/657/657 852/852/852
f 856/856/856 653/653/653 657/657/657
f 657/657/657 854/854/854 856/856/856
f 857/857/857 653/653/653 856/856/856