# https://github.com/mikedh/trimesh
mtllib material.mtl
usemtl material_0
v -0.20644342 -0.22244618 -0.17060442
v -0.20546941 -0.22244618 -0.17153477
v -0.20735110 -0.22076937 -0.17266160
v -0.20546941 -0.22244618 0.05639317
v -0.20644342 -0.22244618 0.05546282
v -0.20732843 -0.22076937 0.05761404
v 0.21071312 -0.22244534 -0.17060442
v 0.21162080 -0.22076937 -0.17266160
v 0.20973995 -0.22244534 -0.17153477
v 0.20973995 -0.25299991 -0.17153477
v 0.21209353 -0.25467672 -0.17284632
v 0.21071312 -0.25299991 -0.17060442
v 0.21071312 -0.25299991 0.05546282
v 0.21244199 -0.25467672 0.05724795
v 0.20973995 -0.25299991 0.05639317
v 0.21071312 -0.22244534 0.05546282
v 0.20973995 -0.22244534 0.05639317
v 0.21159897 -0.22076853 0.05761404
v -0.20546941 -0.25300075 -0.17153477
v -0.20644342 -0.25300075 -0.17060442
v -0.20782299 -0.25467756 -0.17284632
v -0.20546941 -0.25300075 0.05639317
v -0.20817229 -0.25467756 0.05724795
v -0.20644342 -0.25300075 0.05546282
v -0.02430998 -0.25397225 0.09204535
v -0.02430998 -0.25481107 0.09288333
v -0.02514797 -0.25397225 0.09288333
v 0.02514881 -0.25397225 0.09288333
v 0.02431082 -0.25481107 0.09288333
v 0.02431082 -0.25397225 0.09204535
v -0.02514797 -0.25397225 0.14150414
v -0.02430998 -0.25481107 0.14150414
v -0.02430998 -0.25397225 0.14234213
v 0.02431082 -0.25397225 0.14234213
v 0.02431082 -0.25481107 0.14150414
v 0.02514881 -0.25397225 0.14150414
v 0.15173084 -0.25397225 0.09204535
v 0.15173084 -0.25481023 0.09288333
v 0.15089202 -0.25397225 0.09288333
v 0.18442404 -0.25397225 0.09288333
v 0.18358522 -0.25481023 0.09288333
v 0.18358522 -0.25397225 0.09204535
v 0.15089202 -0.25397225 0.14150414
v 0.15173084 -0.25481023 0.14150414
v 0.15173084 -0.25397225 0.14234213
v 0.18358522 -0.25397225 0.14234213
v 0.18358522 -0.25481023 0.14150414
v 0.18442404 -0.25397225 0.14150414
v -0.18358438 -0.25397225 0.09204535
v -0.18358438 -0.25481107 0.09288333
v -0.18442236 -0.25397225 0.09288333
v -0.15089118 -0.25397225 0.09288333
v -0.15172916 -0.25481107 0.09288333
v -0.15172916 -0.25397225 0.09204535
v -0.18442236 -0.25397225 0.14150414
v -0.18358438 -0.25481107 0.14150414
v -0.18358438 -0.25397225 0.14234213
v -0.15172916 -0.25397225 0.14234213
v -0.15172916 -0.25481107 0.14150414
v -0.15089118 -0.25397225 0.14150414
v -0.30523758 -0.27565240 0.09789530
v -0.30594794 -0.27777843 0.09917578
v -0.30647609 -0.27528463 0.09919594
v -0.30640471 -0.27533668 0.12578981
v -0.30594794 -0.27777843 0.12583179
v -0.30549368 -0.27652565 0.12693511
v 0.30523926 -0.27565240 0.09789530
v 0.30647776 -0.27528463 0.09919594
v 0.30594878 -0.27777843 0.09917578
v 0.30640639 -0.27533585 0.12578981
v 0.30549452 -0.27652481 0.12693511
v 0.30594878 -0.27777843 0.12583179
v -0.31435718 -0.26626326 0.07307983
v -0.24350792 -0.26626326 0.09598170
v -0.26407384 -0.26626326 0.10939451
v -0.25879570 -0.26604495 0.10833821
v -0.25905096 -0.26602144 0.10745236
v -0.25905096 -0.26602144 0.12288793
v -0.25879570 -0.26604495 0.12377461
v -0.26407300 -0.26626326 0.12483091
v -0.31435718 -0.26290964 0.14652198
v -0.28963072 -0.23947291 0.14652198
v -0.31435718 -0.23962069 0.14652198
v -0.31770996 -0.23962069 0.14316836
v -0.31658901 -0.23962069 0.14540103
v -0.31658901 -0.23738802 0.14393749
v -0.27990740 -0.21764246 0.14652198
v -0.27956818 -0.21680447 0.14393833
v -0.28080668 -0.21754086 0.14393833
v -0.28915463 -0.23560457 0.14393833
v -0.29026887 -0.23626707 0.14393749
v 0.31435718 -0.26626326 0.07307983
v 0.26407384 -0.26626326 0.10939451
v 0.24350876 -0.26626326 0.09598170
v 0.25879654 -0.26604495 0.10833821
v 0.25905180 -0.26602144 0.10745236
v 0.25905180 -0.26602144 0.12288793
v 0.26407384 -0.26626326 0.12483091
v 0.25879654 -0.26604495 0.12377461
v 0.31435718 -0.26290964 0.14652198
v 0.31435802 -0.23961985 0.14652198
v 0.28963156 -0.23947291 0.14652198
v 0.31771080 -0.23961985 0.14316836
v 0.31658985 -0.23738802 0.14393749
v 0.31658985 -0.23961985 0.14540103
v 0.27990824 -0.21764246 0.14652198
v 0.28080752 -0.21754086 0.14393833
v 0.27956902 -0.21680447 0.14393833
v 0.28915547 -0.23560457 0.14393833
v 0.29026971 -0.23626707 0.14393749
v -0.21421788 -0.21491690 0.09320828
v -0.21421788 -0.22646398 0.09320828
v 0.21848842 -0.22646398 0.09320828
v 0.21848842 -0.21491606 0.09320828
v 0.23315821 -0.21491606 0.09111332
v 0.23315821 -0.22646398 0.09111332
v 0.24363639 -0.21491606 0.08482591
v 0.24363639 -0.22646314 0.08482591
v 0.24992380 -0.21491606 0.07434689
v 0.24363639 -0.21491606 0.08482591
v 0.24363639 -0.22646314 0.08482591
v 0.24992380 -0.22646314 0.07434689
v 0.25201960 -0.21491606 0.05967710
v 0.25201960 -0.22646314 0.05967710
v 0.25201960 -0.21491606 -0.18340427
v 0.25201960 -0.22646314 -0.18340427
v 0.24992380 -0.21491606 -0.19807406
v 0.24992380 -0.22646314 -0.19807406
v 0.24363639 -0.21491606 -0.20855224
v 0.24363639 -0.22646314 -0.20855224
v 0.23315821 -0.21491606 -0.21483965
v 0.24363639 -0.21491606 -0.20855224
v 0.24363639 -0.22646314 -0.20855224
v 0.23315821 -0.22646314 -0.21483965
v 0.21848842 -0.21491606 -0.21693546
v 0.21848842 -0.22646398 -0.21693546
v -0.21333455 -0.21324009 0.09178337
v 0.21760425 -0.21323925 0.09178337
v 0.20903883 -0.21323925 0.07796836
v -0.20476913 -0.21324009 0.07796836
v 0.22103092 -0.21323925 0.07615721
v 0.23210191 -0.21323925 0.08981100
v 0.22814709 -0.21323925 0.07180018
v 0.24235338 -0.21323925 0.08374694
v 0.23246296 -0.21323925 0.06464624
v 0.24845775 -0.21323925 0.07353325
v 0.23424389 -0.21323925 0.05263063
v 0.25046119 -0.21323925 0.05905910
v 0.23424389 -0.21323925 -0.18175013
v 0.25046119 -0.21323925 -0.18278628
v 0.23246296 -0.21323925 -0.18837341
v 0.24845775 -0.21323925 -0.19725958
v 0.22814709 -0.21323925 -0.19552736
v 0.24235338 -0.21323925 -0.20747327
v 0.22103092 -0.21323925 -0.19988354
v 0.23210191 -0.21323925 -0.21353733
v 0.20903883 -0.21323925 -0.20169470
v 0.21760425 -0.21323925 -0.21551055
v -0.20388496 -0.20792837 -0.20026978
v 0.20815550 -0.20792753 -0.20026978
v 0.20815550 -0.21132314 -0.20026978
v -0.20388496 -0.21132398 -0.20026978
v -0.20388496 -0.20792837 0.07654345
v -0.20388496 -0.21132398 0.07654345
v 0.20815550 -0.21132314 0.07654345
v 0.20815550 -0.20792753 0.07654345
v 0.21997463 -0.21132314 0.07485488
v 0.21997463 -0.20792753 0.07485488
v 0.22686324 -0.21132314 0.07072121
v 0.22686408 -0.20792753 0.07072121
v 0.22686408 -0.20792753 0.07072121
v 0.22686324 -0.21132314 0.07072121
v 0.23099691 -0.21132314 0.06383260
v 0.23099691 -0.20792753 0.06383260
v 0.23268548 -0.21132314 0.05201264
v 0.23268548 -0.20792753 0.05201264
v 0.23268548 -0.21132314 -0.18113298
v 0.23268548 -0.20792753 -0.18113298
v 0.23099691 -0.21132314 -0.18755893
v 0.23099691 -0.20792753 -0.18755893
v 0.22686324 -0.21132314 -0.19444755
v 0.22686408 -0.20792753 -0.19444755
v 0.22686408 -0.20792753 -0.19444755
v 0.22686324 -0.21132314 -0.19444755
v 0.21997463 -0.21132314 -0.19858122
v 0.21997463 -0.20792753 -0.19858122
v 0.20408060 -0.20457391 -0.18215989
v 0.21167789 -0.20457391 -0.18108931
v 0.21859086 -0.20457391 -0.19539217
v 0.20692455 -0.20457391 -0.19691700
v 0.21716091 -0.20457391 -0.17827728
v 0.22514864 -0.20457391 -0.19078913
v 0.22078238 -0.20457391 -0.17459618
v 0.22835868 -0.20457391 -0.18231690
v 0.22203684 -0.20457391 -0.16739438
v 0.22933269 -0.20457391 -0.17501938
v 0.22203684 -0.20457391 0.05294718
v 0.22933269 -0.20457391 0.05115870
v 0.22078154 -0.20457391 0.06014899
v 0.22779023 -0.20457391 0.06256807
v 0.21716091 -0.20457391 0.06383092
v 0.22330222 -0.20457391 0.06894784
v 0.21167789 -0.20457391 0.06664212
v 0.21523807 -0.20457391 0.07214445
v 0.20407976 -0.20457391 0.06771269
v 0.20332155 -0.20457391 0.07318983
v -0.19981007 -0.20457475 0.06771269
v -0.19905101 -0.20457475 0.07318983
v -0.19981007 -0.20457475 -0.18215989
v -0.19952458 -0.20702573 -0.17844017
v 0.20379512 -0.20702489 -0.17844017
v 0.21043603 -0.20702489 -0.17750478
v 0.21475947 -0.20702489 -0.17528807
v 0.21713572 -0.20702489 -0.17287151
v 0.21814332 -0.20702489 -0.16708622
v 0.21814332 -0.20702489 0.05263987
v 0.21713572 -0.20702489 0.05842516
v 0.21475947 -0.20702489 0.06084087
v 0.21043603 -0.20702489 0.06305759
v 0.20379428 -0.20702489 0.06399298
v 0.20379512 -0.22043350 -0.17844017
v 0.20379512 -0.20702489 -0.17844017
v -0.19952458 -0.20702573 -0.17844017
v -0.19952458 -0.22043434 -0.17844017
v 0.21043687 -0.22043350 -0.17750478
v 0.21043603 -0.20702489 -0.17750478
v 0.21475947 -0.22043350 -0.17528807
v 0.21475947 -0.20702489 -0.17528807
v 0.21475947 -0.22043350 -0.17528807
v 0.21713572 -0.22043350 -0.17287151
v 0.21713572 -0.20702489 -0.17287151
v 0.21475947 -0.20702489 -0.17528807
v 0.21814332 -0.22043350 -0.16708622
v 0.21814332 -0.20702489 -0.16708622
v 0.21814332 -0.22043350 0.05263987
v 0.21814332 -0.20702489 0.05263987
v 0.21713572 -0.22043350 0.05842516
v 0.21713572 -0.20702489 0.05842516
v 0.21475947 -0.22043350 0.06084087
v 0.21475947 -0.20702489 0.06084087
v 0.21475947 -0.22043350 0.06084087
v 0.21043603 -0.22043350 0.06305759
v 0.21043603 -0.20702489 0.06305759
v 0.21475947 -0.20702489 0.06084087
v 0.20379428 -0.22043350 0.06399298
v 0.20379428 -0.20702489 0.06399298
v -0.19952458 -0.20702573 0.06399298
v -0.19952458 -0.22043434 0.06399298
v 0.21031260 -0.22076937 -0.17714625
v 0.20410244 -0.22076937 -0.17821262
v 0.21162080 -0.22076937 -0.17266160
v 0.21446642 -0.22076937 -0.17504289
v 0.21783852 -0.22076853 0.05287161
v 0.21785363 -0.22076937 -0.16733476
v 0.21159897 -0.22076853 0.05761404
v 0.21677046 -0.22076853 0.05825219
v 0.21449329 -0.22076853 0.06056966
v -0.19982014 -0.22076937 0.06375115
v 0.20409068 -0.22076853 0.06375115
v -0.20732843 -0.22076937 0.05761404
v 0.21071312 -0.25299991 -0.17060442
v 0.21071312 -0.25299991 0.05546282
v 0.21071312 -0.22244534 0.05546282
v 0.21071312 -0.22244534 -0.17060442
v 0.21848842 -0.21491606 0.09320828
v -0.21421788 -0.21491690 0.09320828
v 0.23315821 -0.21491606 0.09111332
v 0.24363639 -0.21491606 0.08482591
v 0.24992380 -0.21491606 0.07434689
v 0.25046119 -0.21323925 0.05905910
v 0.24845775 -0.21323925 0.07353325
v 0.25046119 -0.21323925 -0.18278628
v 0.24845775 -0.21323925 -0.19725958
v 0.24363639 -0.21491606 -0.20855224
v 0.24992380 -0.21491606 -0.19807406
v 0.23315821 -0.21491606 -0.21483965
v 0.21848842 -0.21491606 -0.21693546
v -0.20341727 -0.20582249 -0.19899601
v 0.20768781 -0.20582165 -0.19899601
v 0.20622511 -0.20565792 0.07520419
v -0.20195541 -0.20565876 0.07520419
v 0.21809294 -0.20568982 0.07377759
v 0.22549039 -0.20579562 0.07003773
v 0.22978527 -0.20583005 0.06335483
v 0.22549039 -0.20579562 0.07003773
v 0.23141758 -0.20582921 0.05169020
v 0.23133445 -0.20557395 -0.17866940
v 0.22994397 -0.20565959 -0.18546649
v 0.22620074 -0.20579142 -0.19303439
v 0.21945151 -0.20582837 -0.19737462
v 0.22620074 -0.20579142 -0.19303439
v -0.20265401 -0.20457475 -0.19691700
v 0.20768781 -0.20582165 -0.19899601
v -0.20341727 -0.20582249 -0.19899601
v 0.21945151 -0.20582837 -0.19737462
v 0.22620074 -0.20579142 -0.19303439
v 0.22994397 -0.20565959 -0.18546649
v 0.23133445 -0.20557395 -0.17866940
v 0.23141758 -0.20582921 0.05169020
v 0.22978527 -0.20583005 0.06335483
v 0.22549039 -0.20579562 0.07003773
v 0.21809294 -0.20568982 0.07377759
v 0.20622511 -0.20565792 0.07520419
v -0.20195541 -0.20565876 0.07520419
v 0.31435802 -0.25467672 -0.31010722
v 0.31435802 -0.25467672 0.09134843
v -0.31435718 -0.25467756 0.09134843
v 0.21159897 -0.22076853 0.05761404
v 0.21162080 -0.22076937 -0.17266160
v -0.20732843 -0.22076937 0.05761404
v 0.21159897 -0.22076853 0.05761404
v 0.20973995 -0.22244534 0.05639317
v -0.20546941 -0.22244618 0.05639317
v -0.21421788 -0.22646398 -0.21693546
v -0.21421788 -0.21491690 -0.21693546
v -0.22888767 -0.21491690 0.09111332
v -0.22888767 -0.22646398 0.09111332
v -0.23936669 -0.21491690 0.08482591
v -0.23936669 -0.22646482 0.08482591
v -0.24565410 -0.21491690 0.07434689
v -0.24565410 -0.22646482 0.07434689
v -0.23936669 -0.22646482 0.08482591
v -0.23936669 -0.21491690 0.08482591
v -0.24774991 -0.21491690 0.05967710
v -0.24774907 -0.22646482 0.05967710
v -0.24774991 -0.21491690 -0.18340427
v -0.24774991 -0.22646482 -0.18340427
v -0.24565410 -0.21491690 -0.19807406
v -0.24565410 -0.22646482 -0.19807406
v -0.23936669 -0.21491690 -0.20855224
v -0.23936669 -0.22646482 -0.20855224
v -0.22888767 -0.21491690 -0.21483965
v -0.22888767 -0.22646398 -0.21483965
v -0.23936669 -0.22646482 -0.20855224
v -0.23936669 -0.21491690 -0.20855224
v -0.21333455 -0.21324009 -0.21551055
v -0.20476913 -0.21324009 -0.20169470
v -0.21676039 -0.21324009 0.07615721
v -0.22783221 -0.21324009 0.08981100
v -0.22387655 -0.21324009 0.07180018
v -0.23808368 -0.21324009 0.08374694
v -0.22819243 -0.21324009 0.06464624
v -0.24418805 -0.21324009 0.07353325
v -0.22997420 -0.21324009 0.05263063
v -0.24619065 -0.21324009 0.05905910
v -0.22997420 -0.21324009 -0.17635780
v -0.24619065 -0.21324009 -0.18278628
v -0.22819243 -0.21324009 -0.18837341
v -0.24418805 -0.21324009 -0.19725958
v -0.22387655 -0.21324009 -0.19552736
v -0.23808368 -0.21324009 -0.20747327
v -0.21676039 -0.21324009 -0.19988354
v -0.22783221 -0.21324009 -0.21353733
v -0.21570493 -0.20792837 0.07485488
v -0.21570493 -0.21132398 0.07485488
v -0.22259354 -0.20792837 0.07072121
v -0.22259354 -0.21132398 0.07072121
v -0.22259354 -0.20792837 0.07072121
v -0.22672721 -0.20792837 0.06383260
v -0.22672721 -0.21132398 0.06383260
v -0.22259354 -0.21132398 0.07072121
v -0.22841578 -0.20792837 0.05201264
v -0.22841578 -0.21132398 0.05201264
v -0.22841578 -0.20792837 -0.17573981
v -0.22841578 -0.21132398 -0.17573981
v -0.22672721 -0.20792837 -0.18755893
v -0.22672721 -0.21132398 -0.18755893
v -0.22259354 -0.20792837 -0.19444755
v -0.22259354 -0.21132398 -0.19444755
v -0.22259354 -0.20792837 -0.19444755
v -0.21570493 -0.20792837 -0.19858122
v -0.21570493 -0.21132398 -0.19858122
v -0.22259354 -0.21132398 -0.19444755
v -0.21432116 -0.20457475 -0.19539217
v -0.20740820 -0.20457475 -0.18108931
v -0.22087810 -0.20457475 -0.19078913
v -0.21289121 -0.20457475 -0.17827728
v -0.22408898 -0.20457475 -0.18231690
v -0.21651185 -0.20457475 -0.17459618
v -0.22506216 -0.20457475 -0.16962621
v -0.21776715 -0.20457475 -0.16739438
v -0.22506216 -0.20457475 0.05115870
v -0.21776715 -0.20457475 0.05294718
v -0.22352053 -0.20457475 0.06256807
v -0.21651185 -0.20457475 0.06014899
v -0.21903252 -0.20457475 0.06894784
v -0.21289121 -0.20457475 0.06383092
v -0.21096754 -0.20457475 0.07214445
v -0.20740736 -0.20457475 0.06664212
v -0.20616633 -0.20702573 -0.17750478
v -0.21048893 -0.20702573 -0.17528807
v -0.21286518 -0.20702573 -0.17287151
v -0.21387362 -0.20702573 -0.16708622
v -0.21387362 -0.20702573 0.05263987
v -0.21286518 -0.20702573 0.05842516
v -0.21048893 -0.20702573 0.06084087
v -0.20616633 -0.20702573 0.06305759
v -0.19952458 -0.20702573 0.06399298
v -0.20616633 -0.20702573 -0.17750478
v -0.20616633 -0.22043434 -0.17750478
v -0.21048893 -0.20702573 -0.17528807
v -0.21048893 -0.22043434 -0.17528807
v -0.21048893 -0.22043434 -0.17528807
v -0.21048893 -0.20702573 -0.17528807
v -0.21286518 -0.20702573 -0.17287151
v -0.21286518 -0.22043434 -0.17287151
v -0.21387362 -0.20702573 -0.16708622
v -0.21387362 -0.22043434 -0.16708622
v -0.21387362 -0.20702573 0.05263987
v -0.21387362 -0.22043434 0.05263987
v -0.21286518 -0.20702573 0.05842516
v -0.21286518 -0.22043434 0.05842516
v -0.21286518 -0.22043434 0.05842516
v -0.21286518 -0.20702573 0.05842516
v -0.21048893 -0.20702573 0.06084087
v -0.21048893 -0.22043434 0.06084087
v -0.20616633 -0.20702573 0.06305759
v -0.20616633 -0.22043434 0.06305759
v -0.19983274 -0.22076937 -0.17821262
v -0.20735110 -0.22076937 -0.17266160
v -0.20604206 -0.22076937 -0.17714625
v -0.21019673 -0.22076937 -0.17504289
v -0.21250077 -0.22076937 -0.17269938
v -0.21358309 -0.22076937 -0.16733476
v -0.21356882 -0.22076937 0.05287161
v -0.21250077 -0.22076937 0.05825219
v -0.21022275 -0.22076937 0.06056966
v -0.20604206 -0.22076937 0.06269905
v 0.20973995 -0.25299991 -0.17153477
v 0.20973995 -0.22244534 -0.17153477
v -0.20546941 -0.22244618 -0.17153477
v -0.20546941 -0.25300075 -0.17153477
v -0.20644342 -0.25300075 -0.17060442
v -0.20644342 -0.22244618 -0.17060442
v -0.20644342 -0.22244618 0.05546282
v -0.20644342 -0.25300075 0.05546282
v -0.20546941 -0.25300075 0.05639317
v 0.20973995 -0.25299991 0.05639317
v -0.21421788 -0.21491690 -0.21693546
v -0.22888767 -0.21491690 0.09111332
v -0.23936669 -0.21491690 0.08482591
v -0.24565410 -0.21491690 0.07434689
v -0.24774991 -0.21491690 0.05967710
v -0.24774991 -0.21491690 -0.18340427
v -0.24565410 -0.21491690 -0.19807406
v -0.23936669 -0.21491690 -0.20855224
v -0.22888767 -0.21491690 -0.21483965
v -0.21382240 -0.20569066 0.07377759
v -0.22122069 -0.20579646 0.07003773
v -0.22551558 -0.20583089 0.06335483
v -0.22122069 -0.20579646 0.07003773
v -0.22714788 -0.20583005 0.05169020
v -0.22706476 -0.20557479 -0.17327623
v -0.22567343 -0.20565959 -0.18546649
v -0.22193105 -0.20579226 -0.19303439
v -0.21518098 -0.20582837 -0.19737462
v -0.22193105 -0.20579226 -0.19303439
v -0.21518098 -0.20582837 -0.19737462
v -0.22193105 -0.20579226 -0.19303439
v -0.22567343 -0.20565959 -0.18546649
v -0.22706476 -0.20557479 -0.17327623
v -0.22714788 -0.20583005 0.05169020
v -0.22551558 -0.20583089 0.06335483
v -0.22122069 -0.20579646 0.07003773
v -0.21382240 -0.20569066 0.07377759
v -0.31435718 -0.25467756 -0.31010722
v -0.20782299 -0.25467756 -0.17284632
v 0.21209353 -0.25467672 -0.17284632
v 0.21244199 -0.25467672 0.05724795
v -0.20817229 -0.25467756 0.05724795
v 0.21162080 -0.22076937 -0.17266160
v -0.20735110 -0.22076937 -0.17266160
v -0.20735110 -0.22076937 -0.17266160
v -0.20732843 -0.22076937 0.05761404
v 0.20973995 -0.22244534 -0.17153477
v 0.20973995 -0.25299991 -0.17153477
v 0.20973995 -0.22244534 0.05639317
v 0.20973995 -0.25299991 0.05639317
v -0.20546941 -0.25300075 -0.17153477
v -0.20546941 -0.22244618 -0.17153477
v -0.20546941 -0.25300075 0.05639317
v -0.20546941 -0.22244618 0.05639317
v -0.28905975 -0.24001281 0.13642585
v -0.28905891 -0.24001281 -0.31010722
v -0.31435718 -0.24001281 -0.31010722
v -0.31435718 -0.24001281 0.13642585
v -0.28017945 -0.22092219 0.13642585
v -0.28017945 -0.22092219 -0.31010722
v -0.28844764 -0.23964084 -0.31010722
v -0.28844764 -0.23964084 0.13642585
v 0.23262166 -0.22054938 -0.20020849
v 0.27956902 -0.22054938 -0.31010722
v -0.27956818 -0.22054938 -0.31010722
v -0.22835196 -0.22054938 -0.20020849
v -0.22835196 -0.22054938 0.08314070
v -0.27956818 -0.22055022 0.13642585
v -0.28844764 -0.23964084 0.13642585
v -0.28844764 -0.23964084 -0.31010722
v -0.28017945 -0.22092219 0.13642585
v -0.28017945 -0.22092219 -0.31010722
v 0.27956902 -0.22054938 0.13642585
v 0.23262166 -0.22054938 0.08314070
v 0.28906059 -0.24001197 0.13642585
v 0.31435802 -0.24001197 0.13642585
v 0.31435802 -0.24001197 -0.31010722
v 0.28906059 -0.24001197 -0.31010722
v 0.28018029 -0.22092135 0.13642585
v 0.28844931 -0.23963916 0.13642585
v 0.28844931 -0.23963916 -0.31010722
v 0.28018029 -0.22092135 -0.31010722
v 0.28844931 -0.23963916 -0.31010722
v 0.28844931 -0.23963916 0.13642585
v 0.28018029 -0.22092135 0.13642585
v 0.28018029 -0.22092135 -0.31010722
v 0.20903883 -0.21323925 0.07796836
v -0.20476913 -0.21324009 0.07796836
v 0.22103092 -0.21323925 0.07615721
v 0.22686324 -0.21132314 0.07072121
v 0.21997463 -0.21132314 0.07485488
v 0.23099691 -0.21132314 0.06383260
v 0.23424389 -0.21323925 0.05263063
v 0.23246296 -0.21323925 0.06464624
v 0.23424389 -0.21323925 -0.18175013
v 0.23099691 -0.21132314 -0.18755893
v 0.23268548 -0.21132314 -0.18113298
v 0.22686324 -0.21132314 -0.19444755
v 0.21997463 -0.21132314 -0.19858122
v 0.20903883 -0.21323925 -0.20169470
v 0.22103092 -0.21323925 -0.19988354
v -0.20476913 -0.21324009 -0.20169470
v -0.21676039 -0.21324009 0.07615721
v -0.21570493 -0.21132398 0.07485488
v -0.22259354 -0.21132398 0.07072121
v -0.22672721 -0.21132398 0.06383260
v -0.22819243 -0.21324009 0.06464624
v -0.22997420 -0.21324009 0.05263063
v -0.22997420 -0.21324009 -0.17635780
v -0.22819243 -0.21324009 -0.18837341
v -0.22672721 -0.21132398 -0.18755893
v -0.22259354 -0.21132398 -0.19444755
v -0.21570493 -0.21132398 -0.19858122
v -0.21676039 -0.21324009 -0.19988354
v 0.21031176 -0.22076937 0.06269905
v 0.21677130 -0.22076937 -0.17269938
v -0.19983274 -0.22076937 -0.17821262
v 0.20410244 -0.22076937 -0.17821262
v 0.21031260 -0.22076937 -0.17714625
v 0.21043687 -0.22043350 -0.17750478
v 0.21475947 -0.22043350 -0.17528807
v 0.21713572 -0.22043350 -0.17287151
v 0.21677130 -0.22076937 -0.17269938
v 0.21785363 -0.22076937 -0.16733476
v 0.21783852 -0.22076853 0.05287161
v 0.21677046 -0.22076853 0.05825219
v 0.21713572 -0.22043350 0.05842516
v 0.21475947 -0.22043350 0.06084087
v 0.21043603 -0.22043350 0.06305759
v 0.21031176 -0.22076937 0.06269905
v 0.20409068 -0.22076853 0.06375115
v -0.19982014 -0.22076937 0.06375115
v -0.20604206 -0.22076937 -0.17714625
v -0.21048893 -0.22043434 -0.17528807
v -0.20616633 -0.22043434 -0.17750478
v -0.21286518 -0.22043434 -0.17287151
v -0.21358309 -0.22076937 -0.16733476
v -0.21250077 -0.22076937 -0.17269938
v -0.21356882 -0.22076937 0.05287161
v -0.21250077 -0.22076937 0.05825219
v -0.21048893 -0.22043434 0.06084087
v -0.21286518 -0.22043434 0.05842516
v -0.20616633 -0.22043434 0.06305759
v -0.20604206 -0.22076937 0.06269905
v -0.02430998 -0.24642785 0.09204535
v 0.02431082 -0.24642785 0.09204535
v 0.02514881 -0.24642785 0.09288333
v 0.02514881 -0.24642785 0.14150414
v 0.02431082 -0.24642785 0.14234213
v -0.02430998 -0.24642785 0.14234213
v -0.02514797 -0.24642785 0.14150414
v -0.02514797 -0.24642785 0.09288333
v 0.15173084 -0.24642785 0.09204535
v 0.18358522 -0.24642785 0.09204535
v 0.18442404 -0.24642785 0.09288333
v 0.18442404 -0.24642785 0.14150414
v 0.18358522 -0.24642785 0.14234213
v 0.15173084 -0.24642785 0.14234213
v 0.15089202 -0.24642785 0.14150414
v 0.15089202 -0.24642785 0.09288333
v -0.18358438 -0.24642785 0.09204535
v -0.15172916 -0.24642785 0.09204535
v -0.15089118 -0.24642785 0.09288333
v -0.15089118 -0.24642785 0.14150414
v -0.15172916 -0.24642785 0.14234213
v -0.18358438 -0.24642785 0.14234213
v -0.18442236 -0.24642785 0.14150414
v -0.18442236 -0.24642785 0.09288333
v -0.28057913 -0.28506756 0.11250295
v -0.29441514 -0.28128907 0.11250295
v -0.29441514 -0.28128907 0.09847466
v -0.28057913 -0.28506756 0.09812117
v -0.26540135 -0.28856393 0.11250295
v -0.26540135 -0.28856393 0.09812201
v -0.22547863 -0.29568681 0.11250295
v -0.22547863 -0.29568681 0.09812452
v -0.18407726 -0.30110685 0.11250295
v -0.18407726 -0.30110685 0.09812452
v -0.13475114 -0.30571409 0.11250295
v -0.13475114 -0.30571409 0.09812536
v -0.08927991 -0.30854544 0.09812536
v -0.08927991 -0.30854544 0.11250295
v -0.02380702 -0.31049010 0.11250295
v -0.02380702 -0.31049010 0.09812536
v -0.29073740 -0.27004008 0.09852756
v -0.29202797 -0.27461373 0.09679869
v -0.30285881 -0.27246083 0.09711357
v -0.30229707 -0.26842288 0.09845703
v -0.30399487 -0.27853413 0.09881053
v -0.30350871 -0.27649710 0.09740157
v -0.29390378 -0.27930578 0.09714631
v -0.26037931 -0.27666839 0.10304580
v -0.26277823 -0.28094229 0.09817826
v -0.27700720 -0.27741234 0.09777942
v -0.27400959 -0.27215771 0.10228339
v -0.22159686 -0.28474681 0.10380066
v -0.22336771 -0.28835485 0.09859726
v -0.18097638 -0.28984022 0.10378555
v -0.18239289 -0.29365818 0.09858298
v -0.13246473 -0.29360612 0.10343541
v -0.13355041 -0.29815626 0.09841253
v -0.08776432 -0.29591016 0.10317343
v -0.08847719 -0.30061060 0.09823284
v -0.02339139 -0.29753071 0.10300550
v -0.02359543 -0.30243688 0.09814468
v 0.02359543 -0.30241421 0.09811949
v 0.02339307 -0.29753071 0.10300550
v -0.30399823 -0.27853413 0.11250295
v -0.28007533 -0.28299695 0.09666603
v -0.26500754 -0.28640767 0.09661481
v -0.22513521 -0.29347681 0.09656107
v 0.02380870 -0.31049010 0.09812536
v -0.02377260 -0.30833804 0.09660473
v 0.02377344 -0.30833804 0.09660473
v -0.08914724 -0.30638414 0.09659297
v -0.13454878 -0.30353852 0.09657534
v -0.18379681 -0.29890189 0.09655687
v -0.30446173 -0.27170429 0.09755019
v -0.30414517 -0.26777214 0.09871397
v -0.30556169 -0.26759413 0.09950493
v -0.30638036 -0.27131301 0.09900533
v -0.08697335 -0.29245494 0.11251554
v -0.02318651 -0.29435342 0.11249035
v -0.13121027 -0.28972938 0.11255501
v -0.17917446 -0.28549999 0.11260959
v -0.21938014 -0.28056108 0.11261295
v -0.25811305 -0.27396299 0.11249959
v -0.26808912 -0.27167826 0.11241562
v -0.30350871 -0.27649710 0.09740157
v -0.30523758 -0.27565240 0.09789530
v -0.30414517 -0.26777214 0.09871397
v -0.30556169 -0.26759413 0.09950493
v -0.30533582 -0.26704331 0.09986431
v -0.30418296 -0.26720201 0.09912121
v -0.30490675 -0.26482408 0.10051589
v -0.30437104 -0.26482408 0.09978874
v -0.27450416 -0.27058670 0.10308946
v -0.27308008 -0.26482408 0.10689986
v -0.26901862 -0.26482408 0.11252730
v -0.26949555 -0.27069418 0.11248951
v -0.27400959 -0.27215771 0.10228339
v -0.26808912 -0.27167826 0.11241562
v -0.29084824 -0.26939857 0.09909350
v -0.29159302 -0.26482408 0.10202813
v -0.29073740 -0.27004008 0.09852756
v -0.30229707 -0.26842288 0.09845703
v -0.30218288 -0.26771924 0.09895747
v -0.30204937 -0.26482408 0.09993316
v -0.30594710 -0.27776668 0.11250295
v -0.30525437 -0.26695599 0.11250295
v -0.30479843 -0.26482408 0.11250295
v -0.30545421 -0.26737078 0.11250295
v -0.30638120 -0.27519142 0.11250295
v -0.30633166 -0.27122233 0.11250295
v -0.30545421 -0.26737078 0.11250295
v -0.28057913 -0.28506756 0.12688473
v -0.29441514 -0.28128907 0.12651948
v -0.26540135 -0.28856393 0.12688305
v -0.22547863 -0.29568681 0.12688137
v -0.18407726 -0.30110685 0.12688053
v -0.13475114 -0.30571409 0.12688053
v -0.08927991 -0.30854544 0.12687970
v -0.02380702 -0.31049010 0.12687970
v 0.02380870 -0.31049010 0.12687970
v 0.02380870 -0.31049010 0.11250295
v -0.29202713 -0.27126179 0.12550936
v -0.30236760 -0.26912400 0.12664291
v -0.30291758 -0.27326187 0.12783859
v -0.29270894 -0.27563141 0.12739441
v -0.29375936 -0.27980370 0.12764547
v -0.30358932 -0.27718899 0.12741540
v -0.30399487 -0.27853413 0.12619789
v -0.25918447 -0.27738547 0.12066449
v -0.27370480 -0.27262960 0.12191392
v -0.27589716 -0.27789011 0.12619789
v -0.26127775 -0.28150906 0.12549509
v -0.22059430 -0.28528420 0.11948812
v -0.22210737 -0.28873690 0.12477382
v -0.18016022 -0.29025921 0.11948309
v -0.18136598 -0.29388573 0.12474527
v -0.13187024 -0.29395290 0.11999276
v -0.13279975 -0.29824359 0.12500556
v -0.08798431 -0.30069205 0.12524655
v -0.08737471 -0.29625862 0.12037985
v -0.02328727 -0.29788505 0.12063007
v -0.02346360 -0.30249817 0.12539097
v 0.02346444 -0.30249817 0.12539097
v 0.02328811 -0.29788505 0.12063007
v -0.27898209 -0.28333785 0.12762616
v -0.22442653 -0.29346170 0.12761944
v -0.26419475 -0.28657728 0.12763371
v 0.02369955 -0.30825156 0.12754219
v -0.02369871 -0.30825156 0.12754219
v 0.02369955 -0.30825156 0.12754219
v -0.02369871 -0.30825156 0.12754219
v -0.08887099 -0.30628086 0.12754975
v -0.13412643 -0.30341425 0.12756402
v -0.18321661 -0.29880197 0.12759173
v -0.30432066 -0.26866303 0.12654215
v -0.30475393 -0.27270937 0.12749853
v -0.30556169 -0.26759413 0.12550264
v -0.30631823 -0.27134492 0.12597957
v -0.30549368 -0.27652565 0.12693511
v -0.30358932 -0.27718899 0.12741540
v -0.30432066 -0.26866303 0.12654215
v -0.30427868 -0.26778642 0.12609629
v -0.30534758 -0.26703156 0.12515082
v -0.30556169 -0.26759413 0.12550264
v -0.30490675 -0.26482408 0.12449169
v -0.30437104 -0.26482408 0.12521884
v -0.26949555 -0.27069418 0.11248951
v -0.26901862 -0.26482408 0.11252730
v -0.27308008 -0.26482408 0.11810519
v -0.27426233 -0.27091753 0.12115486
v -0.27370480 -0.27262960 0.12191392
v -0.26808912 -0.27167826 0.11241562
v -0.29189782 -0.27008710 0.12488129
v -0.29159302 -0.26482408 0.12296602
v -0.29202713 -0.27126179 0.12550936
v -0.30236760 -0.26912400 0.12664291
v -0.30226432 -0.26844891 0.12627514
v -0.30204937 -0.26482408 0.12507442
v -0.29390378 -0.27930578 0.09714631
v -0.28007533 -0.28299695 0.09666603
v -0.22513521 -0.29347681 0.09656107
v -0.26500754 -0.28640767 0.09661481
v -0.02377260 -0.30833804 0.09660473
v -0.08914724 -0.30638414 0.09659297
v -0.13454878 -0.30353852 0.09657534
v -0.18379681 -0.29890189 0.09655687
v -0.29375936 -0.27980370 0.12764547
v -0.27898209 -0.28333785 0.12762616
v -0.22442653 -0.29346170 0.12761944
v -0.26419475 -0.28657728 0.12763371
v -0.08887099 -0.30628086 0.12754975
v -0.13412643 -0.30341425 0.12756402
v -0.18321661 -0.29880197 0.12759173
v 0.02377344 -0.30833804 0.09660473
v 0.02318819 -0.29435342 0.11248951
v 0.28057997 -0.28506672 0.11250295
v 0.28057997 -0.28506672 0.09812117
v 0.29441598 -0.28128823 0.09847466
v 0.29441598 -0.28128823 0.11250295
v 0.26540219 -0.28856309 0.11250295
v 0.26540219 -0.28856393 0.09812201
v 0.22548031 -0.29568597 0.11250295
v 0.22548031 -0.29568597 0.09812452
v 0.18407810 -0.30110685 0.11250295
v 0.18407810 -0.30110685 0.09812452
v 0.13475198 -0.30571409 0.11250295
v 0.13475198 -0.30571409 0.09812536
v 0.08928159 -0.30854460 0.09812536
v 0.08928159 -0.30854460 0.11250295
v 0.29073824 -0.27004008 0.09852756
v 0.30229875 -0.26842288 0.09845703
v 0.30286049 -0.27245999 0.09711357
v 0.29202965 -0.27461289 0.09679869
v 0.30399655 -0.27853329 0.09881053
v 0.29390546 -0.27930494 0.09714631
v 0.30350955 -0.27649626 0.09740157
v 0.26038099 -0.27666755 0.10304580
v 0.27401127 -0.27215687 0.10228339
v 0.27715246 -0.27723349 0.09762408
v 0.26277907 -0.28094145 0.09817826
v 0.22159770 -0.28474597 0.10380066
v 0.22339206 -0.28843714 0.09869046
v 0.18097722 -0.28984022 0.10378555
v 0.18241221 -0.29373375 0.09866863
v 0.13246641 -0.29360612 0.10343541
v 0.13355377 -0.29814619 0.09840329
v 0.08776600 -0.29591016 0.10317343
v 0.08848055 -0.30061732 0.09824040
v 0.30399991 -0.27853329 0.11250295
v 0.28007617 -0.28299695 0.09666603
v 0.22513605 -0.29347681 0.09656107
v 0.26500922 -0.28640683 0.09661481
v 0.08914808 -0.30638330 0.09659297
v 0.13454962 -0.30353852 0.09657534
v 0.18379849 -0.29890189 0.09655687
v 0.30414601 -0.26777130 0.09871397
v 0.30446257 -0.27170345 0.09755019
v 0.30556337 -0.26759329 0.09950493
v 0.30638120 -0.27131217 0.09900533
v 0.08697503 -0.29245410 0.11251554
v 0.13121111 -0.28972854 0.11255501
v 0.17917530 -0.28549999 0.11260959
v 0.21938182 -0.28056108 0.11261295
v 0.25811389 -0.27396299 0.11249959
v 0.26809079 -0.27167742 0.11241562
v 0.30523926 -0.27565240 0.09789530
v 0.30350955 -0.27649626 0.09740157
v 0.30414601 -0.26777130 0.09871397
v 0.30418464 -0.26720117 0.09912121
v 0.30533666 -0.26704331 0.09986431
v 0.30556337 -0.26759329 0.09950493
v 0.30490843 -0.26482324 0.10051589
v 0.30437188 -0.26482324 0.09978874
v 0.27450500 -0.27058586 0.10308946
v 0.26949723 -0.27069334 0.11248951
v 0.26901946 -0.26482324 0.11252730
v 0.27308092 -0.26482324 0.10689986
v 0.27401127 -0.27215687 0.10228339
v 0.26809079 -0.27167742 0.11241562
v 0.29084992 -0.26939857 0.09909350
v 0.29159386 -0.26482324 0.10202813
v 0.29073824 -0.27004008 0.09852756
v 0.30229875 -0.26842288 0.09845703
v 0.30218372 -0.26771924 0.09895747
v 0.30205105 -0.26482324 0.09993316
v 0.30594794 -0.27776584 0.11250295
v 0.30479927 -0.26482324 0.11250295
v 0.30525521 -0.26695515 0.11250295
v 0.30545505 -0.26736994 0.11250295
v 0.30638288 -0.27519058 0.11250295
v 0.30633250 -0.27122149 0.11250295
v 0.30545505 -0.26736994 0.11250295
v 0.29441598 -0.28128823 0.12651948
v 0.28057997 -0.28506672 0.12688473
v 0.26540219 -0.28856393 0.12688305
v 0.22548031 -0.29568597 0.12688137
v 0.18407810 -0.30110685 0.12688053
v 0.13475198 -0.30571409 0.12688053
v 0.08928159 -0.30854460 0.12687970
v 0.29202797 -0.27126095 0.12550936
v 0.29270978 -0.27563057 0.12739441
v 0.30291842 -0.27326103 0.12783859
v 0.30236844 -0.26912316 0.12664291
v 0.29376104 -0.27980286 0.12764547
v 0.30399655 -0.27853329 0.12619789
v 0.30359100 -0.27718815 0.12741540
v 0.25918531 -0.27738547 0.12066449
v 0.26127943 -0.28150822 0.12549509
v 0.27589800 -0.27788927 0.12619789
v 0.27370564 -0.27262876 0.12191392
v 0.22059598 -0.28528336 0.11948812
v 0.22210821 -0.28873690 0.12477382
v 0.18016106 -0.29025921 0.11948309
v 0.18136682 -0.29388573 0.12474527
v 0.13187108 -0.29395206 0.11999276
v 0.13280059 -0.29824275 0.12500556
v 0.08737639 -0.29625862 0.12037985
v 0.08798599 -0.30069121 0.12524655
v 0.27898293 -0.28333701 0.12762616
v 0.22442821 -0.29346086 0.12761944
v 0.26419559 -0.28657644 0.12763371
v 0.08887267 -0.30628002 0.12754975
v 0.13412810 -0.30341341 0.12756402
v 0.18321829 -0.29880197 0.12759173
v 0.30475477 -0.27270937 0.12749853
v 0.30432150 -0.26866219 0.12654215
v 0.30556337 -0.26759329 0.12550264
v 0.30631907 -0.27134492 0.12597957
v 0.30359100 -0.27718815 0.12741540
v 0.30549452 -0.27652481 0.12693511
v 0.30432150 -0.26866219 0.12654215
v 0.30556337 -0.26759329 0.12550264
v 0.30534925 -0.26703072 0.12515082
v 0.30427952 -0.26778558 0.12609629
v 0.30490843 -0.26482324 0.12449169
v 0.30437188 -0.26482324 0.12521884
v 0.26949723 -0.27069334 0.11248951
v 0.27426317 -0.27091669 0.12115486
v 0.27308092 -0.26482324 0.11810519
v 0.26901946 -0.26482324 0.11252730
v 0.26809079 -0.27167742 0.11241562
v 0.27370564 -0.27262876 0.12191392
v 0.29189866 -0.27008710 0.12488129
v 0.29159386 -0.26482324 0.12296602
v 0.29202797 -0.27126095 0.12550936
v 0.30236844 -0.26912316 0.12664291
v 0.30226600 -0.26844807 0.12627514
v 0.30205105 -0.26482324 0.12507442
v 0.29390546 -0.27930494 0.09714631
v 0.28007617 -0.28299695 0.09666603
v 0.26500922 -0.28640683 0.09661481
v 0.22513605 -0.29347681 0.09656107
v 0.08914808 -0.30638330 0.09659297
v 0.13454962 -0.30353852 0.09657534
v 0.18379849 -0.29890189 0.09655687
v 0.29376104 -0.27980286 0.12764547
v 0.27898293 -0.28333701 0.12762616
v 0.22442821 -0.29346086 0.12761944
v 0.26419559 -0.28657644 0.12763371
v 0.08887267 -0.30628002 0.12754975
v 0.13412810 -0.30341341 0.12756402
v 0.18321829 -0.29880197 0.12759173
v -0.30647609 -0.27528463 0.09919594
v -0.30638120 -0.27519142 0.11250295
v -0.30640471 -0.27533668 0.12578981
v 0.30638288 -0.27519058 0.11250295
v 0.30647776 -0.27528463 0.09919594
v 0.30640639 -0.27533585 0.12578981
v -0.31770996 -0.26290964 0.13594472
v -0.31770996 -0.23962069 0.13675248
v -0.31770996 -0.23962069 0.07307983
v -0.31770996 -0.26290964 0.07307983
v -0.00000000 -0.26626242 0.14316836
v -0.31435718 -0.26626326 0.14316836
v -0.30608312 -0.26626326 0.14158979
v -0.00000000 -0.26626242 0.14158979
v -0.24350792 -0.26626326 0.11141810
v -0.00000000 -0.26626242 0.10939451
v -0.00000000 -0.26626242 0.11141810
v -0.29314472 -0.26590557 0.12987226
v -0.00000000 -0.26566962 0.13018882
v -0.00000000 -0.25788005 0.13260537
v -0.29974365 -0.25788005 0.13260537
v -0.00000000 -0.26566962 0.14015900
v -0.30465653 -0.26611044 0.14059898
v -0.30058751 -0.25788005 0.13775588
v -0.00000000 -0.25788005 0.13775588
v -0.30483370 -0.26599121 0.13009477
v -0.30077812 -0.25788005 0.13291605
v -0.30097964 -0.25788005 0.13662233
v -0.30478752 -0.26611044 0.13917071
v -0.24289077 -0.26573008 0.11278844
v -0.00000000 -0.26566962 0.11284889
v -0.00000000 -0.25788005 0.11580619
v -0.24152127 -0.25788005 0.11580619
v -0.00000000 -0.26566962 0.12339928
v -0.25879570 -0.26604495 0.12377461
v -0.25046790 -0.25788005 0.12076273
v -0.00000000 -0.25788005 0.12076273
v -0.25905096 -0.26602144 0.12288793
v -0.25072652 -0.25788005 0.12010108
v -0.00000000 -0.26566962 0.10796372
v -0.25879570 -0.26604495 0.10833821
v -0.25046790 -0.25788005 0.10537419
v -0.00000000 -0.25788005 0.10537419
v -0.25905096 -0.26602144 0.10745236
v -0.24289077 -0.26573008 0.09735287
v -0.24152127 -0.25788005 0.10030262
v -0.25072652 -0.25788005 0.10469658
v -0.18433588 -0.26571580 0.09736715
v -0.18329721 -0.25788005 0.10030262
v -0.30465653 -0.26611044 0.14059898
v -0.30478752 -0.26611044 0.13917071
v -0.30097964 -0.25788005 0.13662233
v -0.30058751 -0.25788005 0.13775588
v -0.24289077 -0.26573008 0.11278844
v -0.00000000 -0.26566962 0.11284889
v -0.00000000 -0.26566962 0.12339928
v -0.00000000 -0.26626242 0.12483007
v -0.00000000 -0.26566962 0.10796372
v -0.24289077 -0.26573008 0.09735287
v -0.18480441 -0.26626326 0.09598170
v -0.18433588 -0.26571580 0.09736715
v -0.29389790 -0.26626326 0.12866398
v -0.24124670 -0.26626326 0.07307983
v -0.29314472 -0.26590557 0.12987226
v -0.00000000 -0.26626242 0.12875803
v -0.00000000 -0.26566962 0.13018882
v -0.00000000 -0.26566962 0.14015900
v -0.30631235 -0.26626326 0.13898011
v -0.30639632 -0.26626326 0.12904939
v -0.30483370 -0.26599121 0.13009477
v -0.31435718 -0.26626326 0.13594472
v -0.25072652 -0.25788005 0.10469658
v -0.25046790 -0.25788005 0.10537419
v -0.25072652 -0.25788005 0.12010108
v -0.25046790 -0.25788005 0.12076273
v -0.31770996 -0.26290964 0.14316836
v -0.31658901 -0.26514231 0.14316836
v -0.31612888 -0.26468217 0.14494089
v -0.31658901 -0.26290964 0.14540103
v -0.31435718 -0.23645515 0.14393749
v -0.31658901 -0.23738802 0.14393749
v -0.31658901 -0.23962069 0.14540103
v -0.31658901 -0.26290964 0.14540103
v -0.31612888 -0.26468217 0.14494089
v -0.31435718 -0.26514231 0.14540103
v -0.31658901 -0.23738802 0.07307983
v -0.31658901 -0.23738802 0.13675248
v -0.31658901 -0.26514231 0.07307983
v -0.31658901 -0.26514231 0.13594472
v -0.31435718 -0.23645515 0.13717147
v -0.31435718 -0.23664324 0.07307983
v -0.31658901 -0.23738802 0.07307983
v -0.31658901 -0.23738802 0.13675248
v -0.00000000 -0.26514147 0.14540103
v -0.31435718 -0.26514231 0.14540103
v -0.31658901 -0.26514231 0.14316836
v -0.31658901 -0.26514231 0.13594472
v -0.00000000 -0.26514147 0.14540103
v -0.00000000 -0.26290964 0.14652198
v -0.00000000 -0.23961985 0.14652198
v -0.00000000 -0.21764246 0.14652198
v -0.27990740 -0.21764246 0.14652198
v -0.31612888 -0.26468217 0.14494089
v -0.31658901 -0.26514231 0.07307983
v -0.00000000 -0.21680363 0.13759046
v -0.27956818 -0.21680447 0.13759046
v -0.00000000 -0.21680363 0.14393833
v -0.31658901 -0.23738802 0.14393749
v -0.31435718 -0.23645515 0.14393749
v -0.29026887 -0.23626707 0.13759046
v -0.29026887 -0.23626707 0.14393749
v -0.28080668 -0.21754086 0.13759046
v -0.28915463 -0.23560457 0.13759046
v -0.28915463 -0.23560457 0.14393833
v -0.28080668 -0.21754086 0.14393833
v -0.31252671 -0.23888766 0.07327799
v -0.31435718 -0.23664324 0.07307983
v -0.31435718 -0.23645515 0.13717147
v -0.31252671 -0.23885492 0.13517391
v -0.27878813 -0.21991543 0.13517391
v -0.27956818 -0.21680447 0.13759046
v -0.00000000 -0.21680363 0.13759046
v -0.00000000 -0.21991543 0.13517391
v -0.31252671 -0.23885492 0.13517391
v -0.28900685 -0.23895651 0.13517391
v -0.28790017 -0.23829234 0.13517391
v -0.28001740 -0.22065685 0.13517391
v -0.00000000 -0.21764246 0.14652198
v -0.28963072 -0.23947291 0.14652198
v -0.27990740 -0.21764246 0.14652198
v -0.28080668 -0.21754086 0.13759046
v -0.28080668 -0.21754086 0.13759046
v -0.28001740 -0.22065685 0.13517391
v -0.28915463 -0.23560457 0.13759046
v -0.28915463 -0.23560457 0.14393833
v -0.29026887 -0.23626707 0.13759046
v -0.28915463 -0.23560457 0.13759046
v -0.28790017 -0.23829234 0.13517391
v -0.28900685 -0.23895651 0.13517391
v -0.00000000 -0.26566962 0.09741333
v -0.00000000 -0.25788005 0.10030262
v -0.00000000 -0.26626242 0.09598170
v -0.00000000 -0.26566962 0.09741333
v -0.00000000 -0.26626242 0.07307983
v -0.00000000 -0.23961985 0.06972621
v -0.00000000 -0.26290964 0.06972621
v -0.23830451 -0.26290964 0.06972621
v -0.23830451 -0.23961985 0.06972621
v -0.00000000 -0.26514147 0.07084716
v -0.23893007 -0.26514231 0.07084716
v -0.00000000 -0.26514147 0.07084716
v -0.23893007 -0.26514231 0.07084716
v -0.31770996 -0.23961985 -0.30896443
v -0.31770996 -0.26290964 -0.30896443
v -0.31435718 -0.26626326 -0.30561081
v -0.24124670 -0.26626326 -0.20425316
v -0.31658901 -0.26514231 -0.30784264
v -0.31658901 -0.23738802 -0.30784348
v -0.31435718 -0.23664324 -0.30561081
v -0.31658901 -0.23738802 -0.30784348
v -0.31658901 -0.26514231 -0.30784264
v -0.31252671 -0.23888766 -0.30378034
v -0.31435718 -0.23664324 -0.30561081
v -0.23830451 -0.23961985 0.06972621
v -0.23830451 -0.26290964 0.06972621
v -0.23830451 -0.26290964 -0.20131097
v -0.23830451 -0.23961985 -0.20131097
v -0.23893007 -0.26514231 -0.20193652
v -0.23893007 -0.26514231 0.07084716
v -0.23893007 -0.26514231 -0.20193652
v -0.31398185 -0.26290964 -0.31269255
v -0.31398185 -0.23961985 -0.31269255
v -0.00000000 -0.23961985 -0.31269255
v -0.00000000 -0.26290964 -0.31269255
v -0.23751859 -0.26626326 -0.20798127
v -0.31062907 -0.26626326 -0.30933892
v -0.00000000 -0.26626326 -0.30933892
v -0.00000000 -0.26626326 -0.20798127
v -0.31286090 -0.26514231 -0.31157075
v -0.00000000 -0.26514231 -0.31157075
v -0.31286090 -0.23738802 -0.31157159
v -0.00000000 -0.23738802 -0.31157159
v -0.31286090 -0.23738802 -0.31157159
v -0.31062907 -0.23664324 -0.30933892
v -0.00000000 -0.23664324 -0.30933892
v -0.00000000 -0.23738802 -0.31157159
v -0.31286090 -0.26514231 -0.31157075
v -0.00000000 -0.26514231 -0.31157075
v -0.31062907 -0.23664324 -0.30933892
v -0.30879860 -0.23888766 -0.30750845
v -0.00000000 -0.23888766 -0.30750845
v -0.00000000 -0.23664324 -0.30933892
v -0.23457640 -0.23961985 -0.20503908
v -0.23457640 -0.26290964 -0.20503908
v -0.00000000 -0.26290964 -0.20503908
v -0.00000000 -0.23961985 -0.20503908
v -0.23520195 -0.26514231 -0.20566463
v -0.00000000 -0.26514147 -0.20566463
v -0.23520195 -0.26514231 -0.20566463
v -0.00000000 -0.26514147 -0.20566463
v -0.31677794 -0.23961985 -0.31176052
v -0.31677794 -0.26290964 -0.31176052
v -0.31342515 -0.26626326 -0.30840689
v -0.24031467 -0.26626326 -0.20704924
v -0.31565698 -0.26514231 -0.31063872
v -0.31565698 -0.23738802 -0.31063956
v -0.31342515 -0.23664324 -0.30840689
v -0.31565698 -0.23738802 -0.31063956
v -0.31565698 -0.26514231 -0.31063872
v -0.31252671 -0.23888766 -0.30378034
v -0.31159468 -0.23888766 -0.30657643
v -0.23737249 -0.26290964 -0.20410705
v -0.23737249 -0.23961985 -0.20410705
v -0.23799804 -0.26514231 -0.20473260
v -0.23799804 -0.26514231 -0.20473260
v -0.31677794 -0.23961985 -0.31176052
v -0.31677794 -0.26290964 -0.31176052
v -0.31565698 -0.26514231 -0.31063872
v -0.31565698 -0.23738802 -0.31063956
v -0.30879860 -0.23888766 -0.30750845
v -0.23737249 -0.26290964 -0.20410705
v -0.23737249 -0.23961985 -0.20410705
v -0.23799804 -0.26514231 -0.20473260
v 0.31771080 -0.26290964 0.13594472
v 0.31771080 -0.26290964 0.07307983
v 0.31771080 -0.23961985 0.07307983
v 0.31771080 -0.23961985 0.13675248
v 0.30533246 -0.26626326 0.14158979
v 0.31435718 -0.26626326 0.14316836
v 0.24350876 -0.26626326 0.11141810
v 0.29883681 -0.26590557 0.12987226
v 0.29763021 -0.25788005 0.13260537
v 0.29772929 -0.25788005 0.13775588
v 0.30390671 -0.26611044 0.14059898
v 0.30433158 -0.26599121 0.13007294
v 0.30395541 -0.26611044 0.13917071
v 0.29812142 -0.25788005 0.13662233
v 0.29786616 -0.25788005 0.13408402
v 0.24289161 -0.26573008 0.11278844
v 0.24152211 -0.25788005 0.11580619
v 0.25046790 -0.25788005 0.12076273
v 0.25879654 -0.26604495 0.12377461
v 0.25905180 -0.26602144 0.12288793
v 0.25072736 -0.25788005 0.12010108
v 0.25046790 -0.25788005 0.10537419
v 0.25879654 -0.26604495 0.10833821
v 0.25905180 -0.26602144 0.10745236
v 0.25072736 -0.25788005 0.10469658
v 0.24152211 -0.25788005 0.10030262
v 0.24289161 -0.26573008 0.09735287
v 0.18329805 -0.25788005 0.10030262
v 0.18433672 -0.26571580 0.09736715
v 0.30390671 -0.26611044 0.14059898
v 0.29772929 -0.25788005 0.13775588
v 0.29812142 -0.25788005 0.13662233
v 0.30395541 -0.26611044 0.13917071
v 0.24289161 -0.26573008 0.11278844
v 0.24289161 -0.26573008 0.09735287
v 0.18433672 -0.26571580 0.09736715
v 0.18480525 -0.26626326 0.09598170
v 0.29816844 -0.26626326 0.12876306
v 0.24124754 -0.26626326 0.07307983
v 0.29883681 -0.26590557 0.12987226
v 0.30433158 -0.26599121 0.13007294
v 0.30586145 -0.26626326 0.12888230
v 0.30555497 -0.26626326 0.13898011
v 0.31435718 -0.26626326 0.13594472
v 0.25046790 -0.25788005 0.10537419
v 0.25072736 -0.25788005 0.10469658
v 0.25046790 -0.25788005 0.12076273
v 0.25072736 -0.25788005 0.12010108
v 0.31771080 -0.26290964 0.14316836
v 0.31658985 -0.26290964 0.14540103
v 0.31612971 -0.26468217 0.14494089
v 0.31658985 -0.26514231 0.14316836
v 0.31658985 -0.23961985 0.14540103
v 0.31658985 -0.23738802 0.14393749
v 0.31435802 -0.23645515 0.14393749
v 0.31435718 -0.26514231 0.14540103
v 0.31612971 -0.26468217 0.14494089
v 0.31658985 -0.26290964 0.14540103
v 0.31658985 -0.23738802 0.07307983
v 0.31658985 -0.23738802 0.13675248
v 0.31658985 -0.26514231 0.13594472
v 0.31658985 -0.26514231 0.07307983
v 0.31435802 -0.23645515 0.13717147
v 0.31658985 -0.23738802 0.13675248
v 0.31658985 -0.23738802 0.07307983
v 0.31435802 -0.23664324 0.07307983
v 0.31435718 -0.26514231 0.14540103
v 0.31658985 -0.26514231 0.13594472
v 0.31658985 -0.26514231 0.14316836
v 0.27990824 -0.21764246 0.14652198
v 0.31612971 -0.26468217 0.14494089
v 0.31658985 -0.26514231 0.07307983
v 0.27956902 -0.21680447 0.13759046
v 0.31435802 -0.23645515 0.14393749
v 0.31658985 -0.23738802 0.14393749
v 0.29026971 -0.23626707 0.13759046
v 0.29026971 -0.23626707 0.14393749
v 0.28080752 -0.21754086 0.13759046
v 0.28080752 -0.21754086 0.14393833
v 0.28915547 -0.23560457 0.14393833
v 0.28915547 -0.23560457 0.13759046
v 0.31252755 -0.23888766 0.07327799
v 0.31252755 -0.23885492 0.13517391
v 0.31435802 -0.23645515 0.13717147
v 0.31435802 -0.23664324 0.07307983
v 0.27878897 -0.21991543 0.13517391
v 0.27956902 -0.21680447 0.13759046
v 0.31252755 -0.23885492 0.13517391
v 0.28900769 -0.23895651 0.13517391
v 0.28790101 -0.23829234 0.13517391
v 0.28001824 -0.22065685 0.13517391
v 0.27990824 -0.21764246 0.14652198
v 0.28963156 -0.23947291 0.14652198
v 0.28080752 -0.21754086 0.13759046
v 0.28080752 -0.21754086 0.13759046
v 0.28001824 -0.22065685 0.13517391
v 0.28915547 -0.23560457 0.13759046
v 0.28915547 -0.23560457 0.14393833
v 0.29026971 -0.23626707 0.13759046
v 0.28900769 -0.23895651 0.13517391
v 0.28790101 -0.23829234 0.13517391
v 0.28915547 -0.23560457 0.13759046
v 0.23830535 -0.26290964 0.06972621
v 0.23830535 -0.23961985 0.06972621
v 0.23893090 -0.26514231 0.07084716
v 0.23893090 -0.26514231 0.07084716
v 0.31771080 -0.26290964 -0.30896443
v 0.31771080 -0.23961985 -0.30896443
v 0.24124670 -0.26626242 -0.20425316
v 0.31435718 -0.26626326 -0.30561081
v 0.31658985 -0.26514231 -0.30784264
v 0.31658985 -0.23738802 -0.30784348
v 0.31658985 -0.23738802 -0.30784348
v 0.31435802 -0.23664324 -0.30561081
v 0.31658985 -0.26514231 -0.30784264
v 0.31435802 -0.23664324 -0.30561081
v 0.31252755 -0.23888766 -0.30378034
v 0.23830535 -0.23961985 0.06972621
v 0.23830535 -0.23961985 -0.20131097
v 0.23830535 -0.26290964 -0.20131097
v 0.23830535 -0.26290964 0.06972621
v 0.23893090 -0.26514147 -0.20193652
v 0.23893090 -0.26514147 -0.20193652
v 0.23893090 -0.26514231 0.07084716
v 0.31398269 -0.26290964 -0.31269255
v 0.31398269 -0.23961985 -0.31269255
v 0.23751859 -0.26626242 -0.20798127
v 0.31062907 -0.26626326 -0.30933892
v 0.31286174 -0.26514231 -0.31157075
v 0.31286174 -0.23738802 -0.31157159
v 0.31286174 -0.23738802 -0.31157159
v 0.31062991 -0.23664324 -0.30933892
v 0.31286174 -0.26514231 -0.31157075
v 0.31062991 -0.23664324 -0.30933892
v 0.30879944 -0.23888766 -0.30750845
v 0.23457724 -0.23961985 -0.20503908
v 0.23457724 -0.26290964 -0.20503908
v 0.23520279 -0.26514147 -0.20566463
v 0.23520279 -0.26514147 -0.20566463
v 0.31677878 -0.26290964 -0.31176052
v 0.31677878 -0.23961985 -0.31176052
v 0.24031467 -0.26626242 -0.20704924
v 0.31342515 -0.26626326 -0.30840689
v 0.31565782 -0.26514231 -0.31063872
v 0.31565782 -0.23738802 -0.31063956
v 0.31565782 -0.23738802 -0.31063956
v 0.31342599 -0.23664324 -0.30840689
v 0.31565782 -0.26514231 -0.31063872
v 0.31252755 -0.23888766 -0.30378034
v 0.31159552 -0.23888766 -0.30657643
v 0.23737333 -0.23961985 -0.20410705
v 0.23737333 -0.26290964 -0.20410705
v 0.23799888 -0.26514147 -0.20473260
v 0.23799888 -0.26514147 -0.20473260
v 0.31677878 -0.23961985 -0.31176052
v 0.31677878 -0.26290964 -0.31176052
v 0.31565782 -0.26514231 -0.31063872
v 0.31565782 -0.23738802 -0.31063956
v 0.30879944 -0.23888766 -0.30750845
v 0.23737333 -0.26290964 -0.20410705
v 0.23737333 -0.23961985 -0.20410705
v 0.23799888 -0.26514147 -0.20473260
vn 0.99959630 0.02809990 0.00419998
vn 0.00209996 0.03509935 0.99938162
vn 0.01209982 0.99968475 0.02199966
vn 0.00209994 0.03809892 -0.99927177
vn 0.99959348 0.02819982 -0.00419997
vn 0.01199983 0.99968596 -0.02199969
vn -0.99959630 0.02809990 0.00419998
vn -0.01209982 0.99968475 0.02199966
vn -0.00209996 0.03509935 0.99938162
vn -0.00219991 -0.04089840 0.99916089
vn -0.00120000 -0.99999664 0.00229999
vn -0.99880947 -0.04860046 0.00420004
vn -0.99880988 -0.04860048 -0.00410004
vn -0.00120000 -0.99999686 -0.00219999
vn -0.00210008 -0.02680103 -0.99963858
vn -0.99959630 0.02809990 -0.00419998
vn -0.00209994 0.03809892 -0.99927177
vn -0.01199983 0.99968596 -0.02199969
vn 0.00219991 -0.04089840 0.99916089
vn 0.99880947 -0.04860046 0.00420004
vn 0.00120000 -0.99999686 0.00219999
vn 0.00210008 -0.02680103 -0.99963858
vn 0.00120000 -0.99999686 -0.00219999
vn 0.99880988 -0.04860048 -0.00410004
vn -0.01599966 -0.09879790 -0.99497889
vn -0.01680030 -0.99971771 -0.01680030
vn -0.99498712 -0.09869872 -0.01609979
vn 0.99497889 -0.09879790 -0.01599966
vn 0.01680030 -0.99971771 -0.01680030
vn 0.01599966 -0.09879790 -0.99497889
vn -0.99498871 -0.09869888 0.01599982
vn -0.01680030 -0.99971771 0.01680030
vn -0.01609979 -0.09869872 0.99498712
vn 0.01599966 -0.09879790 0.99497889
vn 0.01680030 -0.99971771 0.01680030
vn 0.99498871 -0.09869888 0.01599982
vn -0.02429904 -0.09829610 -0.99486051
vn -0.02540092 -0.99953616 -0.01680061
vn -0.99498712 -0.09869872 -0.01609979
vn 0.99498871 -0.09869888 -0.01599982
vn 0.02540096 -0.99953783 -0.01670063
vn 0.02429880 -0.09839513 -0.99485073
vn -0.99497889 -0.09879790 0.01599966
vn -0.02540096 -0.99953783 0.01670063
vn -0.02429880 -0.09839513 0.99485073
vn 0.02429880 -0.09839513 0.99485073
vn 0.02540092 -0.99953616 0.01680061
vn 0.99497889 -0.09879790 0.01599966
vn -0.02429904 -0.09829610 -0.99486051
vn -0.02540092 -0.99953616 -0.01680061
vn -0.99498712 -0.09869872 -0.01609979
vn 0.99498871 -0.09869888 -0.01599982
vn 0.02540096 -0.99953783 -0.01670063
vn 0.02429904 -0.09829610 -0.99486051
vn -0.99498871 -0.09869888 0.01599982
vn -0.02540096 -0.99953783 0.01670063
vn -0.02429880 -0.09839513 0.99485073
vn 0.02429904 -0.09829610 0.99486051
vn 0.02540092 -0.99953616 0.01680061
vn 0.99498871 -0.09869888 0.01599982
vn -0.49861841 -0.11370420 -0.85933174
vn -0.68307296 -0.72737120 -0.06589739
vn -0.99515920 -0.05899758 -0.07859678
vn -0.99636215 -0.05499791 0.06509753
vn -0.68060199 -0.73140214 0.04280012
vn -0.52049250 -0.14369793 0.84168787
vn 0.49861841 -0.11370420 -0.85933174
vn 0.99515137 -0.05899712 -0.07869615
vn 0.68307296 -0.72737120 -0.06589739
vn 0.99636215 -0.05499791 0.06509753
vn 0.52049250 -0.14369793 0.84168787
vn 0.68060490 -0.73140526 0.04270031
vn -0.00160000 -0.99999872 0.00000000
vn 0.00000000 -1.00000000 0.00010000
vn 0.00000000 -0.99999992 -0.00040000
vn 0.00100000 -0.43609908 -0.89989810
vn 0.47240797 -0.50720856 0.72081217
vn 0.47011510 -0.50761630 0.72202319
vn 0.00100000 -0.44019968 -0.89789935
vn 0.00000000 -0.99999968 -0.00080000
vn -0.00080002 -0.01230030 0.99992403
vn -0.00070000 0.00110000 0.99999915
vn -0.00100000 0.00249999 0.99999638
vn -0.99904174 0.04370183 0.00240010
vn -0.69657987 0.04479871 0.71607930
vn -0.88826755 0.45928322 0.00629977
vn -0.00189998 0.05309933 0.99858743
vn -0.00110003 0.99562781 0.09340261
vn -0.88856659 0.44368332 0.11659562
vn -0.88897274 0.44048649 0.12529616
vn -0.02770005 0.94420181 0.32820063
vn 0.00160000 -0.99999872 0.00000000
vn 0.00000000 -0.99999992 -0.00040000
vn 0.00000000 -1.00000000 0.00010000
vn -0.00100000 -0.43609908 -0.89989810
vn -0.47240797 -0.50720856 0.72081217
vn -0.47011510 -0.50761630 0.72202319
vn 0.00000000 -0.99999968 -0.00080000
vn -0.00100000 -0.44019968 -0.89789935
vn 0.00050001 -0.01260026 0.99992049
vn 0.00100000 0.00249999 0.99999638
vn 0.00070000 0.00110000 0.99999915
vn 0.99904197 0.04370184 0.00230010
vn 0.88826755 0.45928322 0.00629977
vn 0.69657987 0.04479871 0.71607930
vn 0.00189998 0.05309933 0.99858743
vn 0.88856659 0.44368332 0.11659562
vn 0.00110003 0.99562781 0.09340261
vn 0.88897274 0.44048649 0.12529616
vn 0.02770005 0.94420181 0.32820063
vn -0.00460017 0.10710401 0.99423718
vn -0.00469995 0.00000000 0.99998896
vn 0.00469995 0.00000000 0.99998896
vn 0.00460017 0.10710401 0.99423718
vn 0.31358738 0.11749527 0.94226207
vn 0.31619777 0.00000000 0.94869330
vn 0.70139824 0.12569969 0.70159824
vn 0.70710678 0.00000000 0.70710678
vn 0.94150873 0.12360115 0.31350291
vn 0.70139824 0.12569969 0.70159824
vn 0.70710678 0.00000000 0.70710678
vn 0.94869330 0.00000000 0.31619777
vn 0.99309890 0.11699987 0.00809999
vn 0.99996638 0.00000000 0.00819972
vn 0.99309970 0.11699996 -0.00800000
vn 0.99996638 0.00000000 -0.00819972
vn 0.94149084 0.12349880 -0.31359695
vn 0.94869330 0.00000000 -0.31619777
vn 0.70140706 0.12560126 -0.70160706
vn 0.70710678 0.00000000 -0.70710678
vn 0.31358738 0.11749527 -0.94226207
vn 0.70139824 0.12569969 -0.70159824
vn 0.70710678 0.00000000 -0.70710678
vn 0.31619777 0.00000000 -0.94869330
vn 0.00460017 0.10710401 -0.99423718
vn 0.00469995 0.00000000 -0.99998896
vn -0.00010000 0.99986552 0.01639943
vn 0.00010000 0.99986552 0.01639943
vn 0.00010000 0.99983976 0.01790071
vn -0.00010000 0.99983976 0.01790071
vn 0.00020000 0.99999966 0.00080000
vn 0.00030000 0.99999955 0.00090000
vn 0.00040000 0.99999980 0.00050000
vn 0.00060000 0.99999964 0.00060000
vn 0.00080000 0.99999964 0.00030000
vn 0.00090000 0.99999955 0.00030000
vn 0.01040048 0.99994591 0.00010000
vn 0.00949957 0.99995487 0.00010000
vn 0.01020049 0.99994797 -0.00010000
vn 0.00949957 0.99995487 -0.00010000
vn 0.00050000 0.99999983 -0.00030000
vn 0.00090000 0.99999955 -0.00030000
vn 0.00050000 0.99999975 -0.00050000
vn 0.00060000 0.99999964 -0.00060000
vn 0.00020000 0.99999966 -0.00080000
vn 0.00030000 0.99999955 -0.00090000
vn 0.00010000 0.99983976 -0.01790071
vn 0.00000000 0.99986552 -0.01639943
vn -0.00389996 0.22569759 -0.97418961
vn 0.00389996 0.22569759 -0.97418961
vn 0.00390021 0.25981369 -0.96565089
vn -0.00390021 0.25981369 -0.96565089
vn -0.00379994 0.22999624 0.97318410
vn -0.00390021 0.25981369 0.96565089
vn 0.00390021 0.25981369 0.96565089
vn 0.00379994 0.22999624 0.97318410
vn 0.28650080 0.28630080 0.91430255
vn 0.27920688 0.26190646 0.92382278
vn 0.67331703 0.30740778 0.67241701
vn 0.67369042 0.26649621 0.68929020
vn 0.67369042 0.26649621 0.68929020
vn 0.67329633 0.30749832 0.67239634
vn 0.91046789 0.30018941 0.28448997
vn 0.92657636 0.23889391 0.29049259
vn 0.95924039 0.28251190 0.00670028
vn 0.97406064 0.22619086 0.00659973
vn 0.95918553 0.28269574 -0.00679990
vn 0.97363610 0.22800845 -0.00670025
vn 0.87268962 0.30349639 -0.38249545
vn 0.88340773 0.28470249 -0.37220326
vn 0.67329633 0.30749832 -0.67239634
vn 0.68907309 0.27208937 -0.67167377
vn 0.68907309 0.27208937 -0.67167377
vn 0.67331703 0.30740778 -0.67241701
vn 0.28650080 0.28630080 -0.91430255
vn 0.29010393 0.24230328 -0.92581253
vn -0.00010000 0.99930410 0.03730015
vn -0.00030000 0.99999935 0.00110000
vn 0.00030000 0.99999955 -0.00090000
vn 0.00010000 0.99979797 -0.02009996
vn -0.00050000 0.99999956 0.00080000
vn 0.00060000 0.99999970 -0.00050000
vn -0.00090000 0.99999952 0.00040000
vn 0.00060000 0.99999980 -0.00020000
vn -0.02109952 0.99977738 0.00010000
vn 0.01020049 0.99994797 -0.00010000
vn -0.02109952 0.99977738 -0.00010000
vn 0.01050047 0.99994486 0.00010000
vn -0.00090000 0.99999952 -0.00040000
vn 0.00090000 0.99999955 0.00030000
vn -0.00050000 0.99999956 -0.00080000
vn 0.00050000 0.99999970 0.00060000
vn -0.00030000 0.99999924 -0.00120000
vn 0.00020000 0.99999958 0.00090000
vn -0.00010000 0.99930410 -0.03730015
vn 0.00000000 0.99985208 0.01719918
vn 0.00010000 0.99930410 -0.03730015
vn 0.00000000 0.99985208 0.01719918
vn 0.00010000 0.99930410 0.03730015
vn 0.00229999 0.22869872 0.97349453
vn -0.00219999 0.22869877 0.97349475
vn -0.26820143 0.25020133 0.93030494
vn -0.54909479 0.26809746 0.79159249
vn -0.88664688 0.27871474 0.36901951
vn -0.97091042 0.23940257 0.00440005
vn -0.97091042 0.23940257 -0.00440005
vn -0.88666827 0.27869003 -0.36898679
vn -0.54909479 0.26809746 -0.79159249
vn -0.26820143 0.25020133 -0.93030494
vn -0.00229999 0.22869872 -0.97349453
vn -0.00229991 0.01659933 0.99985958
vn -0.00229999 0.22869872 0.97349453
vn 0.00229999 0.22869872 0.97349453
vn 0.00229991 0.01659933 0.99985958
vn -0.27639511 0.02239960 0.96078301
vn -0.26829423 0.25019462 0.93027999
vn -0.56858947 0.02679950 0.82218477
vn -0.54909479 0.26809746 0.79159249
vn -0.56858947 0.02679950 0.82218477
vn -0.92398865 0.02509969 0.38159531
vn -0.88664688 0.27871474 0.36901951
vn -0.54909479 0.26809746 0.79159249
vn -0.99975487 0.02169902 0.00439980
vn -0.97091042 0.23940257 0.00440005
vn -0.99975442 0.02169901 -0.00449979
vn -0.97093366 0.23930830 -0.00440015
vn -0.92401691 0.02540046 -0.38150698
vn -0.88666827 0.27869003 -0.36898679
vn -0.56851874 0.02700089 -0.82222710
vn -0.54909479 0.26809746 -0.79159249
vn -0.56851874 0.02700089 -0.82222710
vn -0.27639135 0.02299928 -0.96076993
vn -0.26820143 0.25020133 -0.93030494
vn -0.54909479 0.26809746 -0.79159249
vn -0.00230010 0.01760075 -0.99984245
vn -0.00219999 0.22869877 -0.97349475
vn 0.00229999 0.22869872 -0.97349453
vn 0.00230010 0.01760075 -0.99984245
vn -0.00010000 0.99999987 0.00050000
vn 0.00000000 0.99996128 0.00879966
vn -0.01199983 0.99968596 0.02199969
vn -0.00010000 0.99999999 0.00010000
vn -0.00479994 0.99998848 0.00000000
vn -0.00489994 0.99998800 0.00000000
vn -0.01199986 0.99968815 -0.02189974
vn -0.00030000 0.99999994 -0.00020000
vn -0.00010000 0.99999999 -0.00010000
vn 0.00000000 0.99996128 -0.00879966
vn 0.00000000 0.99996128 -0.00879966
vn 0.01199986 0.99968815 -0.02189974
vn -0.99880947 -0.04860046 0.00420004
vn -0.99880988 -0.04860048 -0.00410004
vn -0.99959630 0.02809990 -0.00419998
vn -0.99959348 0.02819982 0.00419997
vn 0.00460017 0.10710401 0.99423718
vn -0.00470017 0.10710396 0.99423672
vn 0.31358738 0.11749527 0.94226207
vn 0.70140706 0.12560126 0.70160706
vn 0.94152036 0.12350267 0.31350678
vn 0.00949957 0.99995487 0.00010000
vn 0.00090000 0.99999955 0.00030000
vn 0.00949957 0.99995487 -0.00010000
vn 0.00090000 0.99999955 -0.00030000
vn 0.70140706 0.12560126 -0.70160706
vn 0.94152036 0.12350267 -0.31350678
vn 0.31358738 0.11749527 -0.94226207
vn 0.00460017 0.10710401 -0.99423718
vn -0.00270002 0.70710420 -0.70710420
vn 0.00270002 0.70710420 -0.70710420
vn 0.00250002 0.70670446 0.70750446
vn -0.00250002 0.70670446 0.70750446
vn 0.17709607 0.74598344 0.64198574
vn 0.43849141 0.75868514 0.48179056
vn 0.65213298 0.72863685 0.20931059
vn 0.43851254 0.75872169 0.48171377
vn 0.70829692 0.70589693 0.00499998
vn 0.70610013 0.70810013 -0.00410000
vn 0.59567984 0.77147389 -0.22359243
vn 0.47810724 0.76471159 -0.43200654
vn 0.20740533 0.73301884 -0.64781665
vn 0.47803010 0.76474815 -0.43202720
vn -0.00010000 0.99979998 -0.02000000
vn 0.00270002 0.70710420 -0.70710420
vn -0.00270002 0.70710420 -0.70710420
vn 0.20739013 0.73306510 -0.64776916
vn 0.47803010 0.76474815 -0.43202720
vn 0.59567984 0.77147389 -0.22359243
vn 0.70610013 0.70810013 -0.00410000
vn 0.70829692 0.70589693 0.00499998
vn 0.65213298 0.72863685 0.20931059
vn 0.43849141 0.75868514 0.48179056
vn 0.17709607 0.74598344 0.64198574
vn 0.00250002 0.70670446 0.70750446
vn -0.00250002 0.70670446 0.70750446
vn 0.00000000 -1.00000000 0.00000000
vn 0.00000000 -1.00000000 0.00000000
vn 0.00000000 -1.00000000 0.00000000
vn -0.01199983 0.99968596 -0.02199969
vn -0.01199983 0.99968596 0.02199969
vn 0.01199983 0.99968596 -0.02199969
vn -0.01199983 0.99968596 -0.02199969
vn 0.00000000 0.03809901 -0.99927397
vn 0.00219995 0.03799906 -0.99927535
vn -0.00469995 0.00000000 -0.99998896
vn -0.00460017 0.10710401 -0.99423718
vn -0.31358738 0.11749527 0.94226207
vn -0.31619777 0.00000000 0.94869330
vn -0.70139824 0.12569969 0.70159824
vn -0.70710678 0.00010000 0.70710678
vn -0.94152036 0.12350267 0.31350678
vn -0.94869330 0.00000000 0.31619777
vn -0.70710678 0.00000000 0.70710678
vn -0.70140706 0.12560126 0.70160706
vn -0.99309890 0.11699987 0.00809999
vn -0.99996638 0.00000000 0.00819972
vn -0.99309970 0.11699996 -0.00800000
vn -0.99996720 0.00000000 -0.00809973
vn -0.94149084 0.12349880 -0.31359695
vn -0.94869330 0.00000000 -0.31619777
vn -0.70140706 0.12560126 -0.70160706
vn -0.70710678 0.00000000 -0.70710678
vn -0.31358738 0.11749527 -0.94226207
vn -0.31619777 0.00000000 -0.94869330
vn -0.70710678 0.00000000 -0.70710678
vn -0.70139824 0.12569969 -0.70159824
vn -0.00010000 0.99986552 -0.01639943
vn -0.00010000 0.99983976 -0.01790071
vn -0.00020000 0.99999966 0.00080000
vn -0.00030000 0.99999955 0.00090000
vn -0.00050000 0.99999975 0.00050000
vn -0.00060000 0.99999964 0.00060000
vn -0.00080000 0.99999966 0.00020000
vn -0.00090000 0.99999955 0.00030000
vn -0.01020049 0.99994797 0.00010000
vn -0.00949957 0.99995488 0.00000000
vn -0.01020049 0.99994797 -0.00010000
vn -0.00949957 0.99995487 -0.00010000
vn -0.00080000 0.99999966 -0.00020000
vn -0.00090000 0.99999955 -0.00030000
vn -0.00050000 0.99999975 -0.00050000
vn -0.00060000 0.99999964 -0.00060000
vn -0.00030000 0.99999964 -0.00080000
vn -0.00030000 0.99999955 -0.00090000
vn -0.27920688 0.26190646 0.92382278
vn -0.28650080 0.28630080 0.91430255
vn -0.67367247 0.26658910 0.68927183
vn -0.67329633 0.30749832 0.67239634
vn -0.67367247 0.26658910 0.68927183
vn -0.92657636 0.23889391 0.29049259
vn -0.91046789 0.30018941 0.28448997
vn -0.67329633 0.30749832 0.67239634
vn -0.97406000 0.22619071 0.00669972
vn -0.95923975 0.28251171 0.00680028
vn -0.97373002 0.22760702 -0.00670021
vn -0.95923975 0.28251171 -0.00680028
vn -0.92279738 0.26779924 -0.27699921
vn -0.91046789 0.30018941 -0.28448997
vn -0.68907309 0.27208937 -0.67167377
vn -0.67331703 0.30740778 -0.67241701
vn -0.68907309 0.27208937 -0.67167377
vn -0.29010393 0.24230328 -0.92581253
vn -0.28650080 0.28630080 -0.91430255
vn -0.67331703 0.30740778 -0.67241701
vn -0.00030000 0.99999955 -0.00090000
vn 0.00030000 0.99999924 0.00120000
vn -0.00060000 0.99999970 -0.00050000
vn 0.00050000 0.99999956 0.00080000
vn -0.00090000 0.99999958 -0.00020000
vn 0.00090000 0.99999952 0.00040000
vn -0.01020049 0.99994797 0.00000000
vn 0.02109952 0.99977738 0.00010000
vn -0.01030048 0.99994694 0.00010000
vn 0.02109952 0.99977738 -0.00010000
vn -0.00090000 0.99999955 0.00030000
vn 0.00090000 0.99999952 -0.00040000
vn -0.00050000 0.99999970 0.00060000
vn 0.00050000 0.99999956 -0.00080000
vn -0.00020000 0.99999966 0.00080000
vn 0.00030000 0.99999924 -0.00120000
vn 0.26820143 0.25020133 0.93030494
vn 0.54909479 0.26809746 0.79159249
vn 0.88664688 0.27871474 0.36901951
vn 0.97093366 0.23930830 0.00440015
vn 0.97091042 0.23940257 -0.00440005
vn 0.88666827 0.27869003 -0.36898679
vn 0.54909479 0.26809746 -0.79159249
vn 0.26820143 0.25020133 -0.93030494
vn 0.00229999 0.22869872 -0.97349453
vn 0.26820143 0.25020133 0.93030494
vn 0.27639511 0.02239960 0.96078301
vn 0.54909479 0.26809746 0.79159249
vn 0.56858947 0.02679950 0.82218477
vn 0.56858947 0.02679950 0.82218477
vn 0.54909479 0.26809746 0.79159249
vn 0.88664688 0.27871474 0.36901951
vn 0.92398865 0.02509969 0.38159531
vn 0.97091042 0.23940257 0.00440005
vn 0.99975442 0.02169901 0.00449979
vn 0.97091042 0.23940257 -0.00440005
vn 0.99975442 0.02169901 -0.00449979
vn 0.88664688 0.27871474 -0.36901951
vn 0.92401691 0.02540046 -0.38150698
vn 0.92401691 0.02540046 -0.38150698
vn 0.88664688 0.27871474 -0.36901951
vn 0.54913826 0.26811868 -0.79155515
vn 0.56858641 0.02699935 -0.82218035
vn 0.26820143 0.25020133 -0.93030494
vn 0.27639135 0.02299928 -0.96076993
vn 0.00000000 0.99996128 0.00879966
vn 0.01199983 0.99968596 0.02199969
vn 0.00010000 0.99999992 0.00040000
vn 0.00010000 0.99999999 0.00010000
vn 0.00040000 0.99999992 0.00010000
vn 0.00489994 0.99998800 0.00000000
vn 0.00479994 0.99998848 0.00000000
vn 0.00030000 0.99999995 -0.00010000
vn 0.00010000 0.99999999 -0.00010000
vn 0.00010000 0.99999987 -0.00050000
vn 0.00000000 -0.04089850 0.99916331
vn -0.00219996 0.03509935 0.99938141
vn 0.00000000 0.03509943 0.99938383
vn 0.00219991 -0.04089840 0.99916089
vn 0.99880947 -0.04860046 0.00420004
vn 0.99959671 0.02809991 0.00409999
vn 0.99959348 0.02819982 -0.00419997
vn 0.99880988 -0.04860048 -0.00410004
vn 0.00000000 -0.02670116 -0.99964346
vn -0.00220009 -0.02670110 -0.99964104
vn -0.00460017 0.10710401 -0.99423718
vn -0.31358738 0.11749527 0.94226207
vn -0.70139824 0.12569969 0.70159824
vn -0.94152036 0.12350267 0.31350678
vn -0.99309970 0.11699996 0.00800000
vn -0.99309890 0.11699987 -0.00809999
vn -0.94150873 0.12360115 -0.31350291
vn -0.70140706 0.12560126 -0.70160706
vn -0.31358738 0.11749527 -0.94226207
vn -0.17709607 0.74598344 0.64198574
vn -0.43849141 0.75868514 0.48179056
vn -0.65217680 0.72857408 0.20939255
vn -0.43849141 0.75868514 0.48179056
vn -0.70829656 0.70589657 0.00509998
vn -0.70690081 0.70730081 -0.00410000
vn -0.63558908 0.75248707 -0.17259703
vn -0.47810724 0.76471159 -0.43200654
vn -0.20740533 0.73301884 -0.64781665
vn -0.47800944 0.76471510 -0.43210853
vn -0.20740533 0.73301884 -0.64781665
vn -0.47810724 0.76471159 -0.43200654
vn -0.63558908 0.75248707 -0.17259703
vn -0.70690081 0.70730081 -0.00410000
vn -0.70829620 0.70589621 0.00519997
vn -0.65211933 0.72862159 0.20940621
vn -0.43849141 0.75868514 0.48179056
vn -0.17709607 0.74598344 0.64198574
vn 0.00000000 -1.00000000 0.00000000
vn 0.00130000 -0.99999674 0.00219999
vn -0.00130000 -0.99999674 0.00219999
vn -0.00120000 -0.99999686 -0.00219999
vn 0.00120000 -0.99999664 -0.00229999
vn -0.01199983 0.99968596 0.02199969
vn 0.01199983 0.99968596 0.02199969
vn 0.01199983 0.99968596 0.02199969
vn 0.01199986 0.99968815 -0.02189974
vn -0.00219996 0.03509935 0.99938141
vn -0.00219990 -0.04099823 0.99915680
vn -0.00219994 0.03809892 -0.99927155
vn -0.00220008 -0.02680103 -0.99963837
vn 0.00219991 -0.04089840 0.99916089
vn 0.00219996 0.03509935 0.99938141
vn 0.00220008 -0.02680103 -0.99963837
vn 0.00219994 0.03809892 -0.99927155
vn -0.01439995 0.99989632 0.00000000
vn -0.01439995 0.99989632 0.00000000
vn 0.00000000 1.00000000 0.00000000
vn 0.00000000 1.00000000 0.00000000
vn -0.90669087 0.42179575 0.00000000
vn -0.90669087 0.42179575 0.00000000
vn -0.90669087 0.42179575 0.00000000
vn -0.90669087 0.42179575 0.00000000
vn 0.00000000 1.00000000 0.00000000
vn 0.00070000 0.99999976 0.00000000
vn -0.00070000 0.99999976 0.00000000
vn 0.00000000 1.00000000 0.00000000
vn 0.00000000 1.00000000 0.00000000
vn -0.00070000 0.99999976 0.00000000
vn -0.90669087 0.42179575 0.00000000
vn -0.90672912 0.42171354 0.00000000
vn -0.90672912 0.42171354 0.00000000
vn -0.90669087 0.42179575 0.00000000
vn 0.00070000 0.99999975 0.00010000
vn 0.00000000 1.00000000 0.00000000
vn 0.01439995 0.99989631 0.00010000
vn 0.00000000 1.00000000 0.00000000
vn 0.00000000 1.00000000 0.00000000
vn 0.01439995 0.99989632 0.00000000
vn 0.90669087 0.42179575 0.00000000
vn 0.90669087 0.42179575 0.00000000
vn 0.90669087 0.42179575 0.00000000
vn 0.90669087 0.42179575 0.00000000
vn 0.90669087 0.42179575 0.00000000
vn 0.90669087 0.42179575 0.00000000
vn 0.90669087 0.42179575 0.00000000
vn 0.90672912 0.42171354 0.00000000
vn 0.00010000 0.99983976 0.01790071
vn -0.00010000 0.99983976 0.01790071
vn 0.00030000 0.99999964 0.00080000
vn 0.67329633 0.30749832 0.67239634
vn 0.28650080 0.28630080 0.91430255
vn 0.91046789 0.30018941 0.28448997
vn 0.01040048 0.99994591 0.00010000
vn 0.00080000 0.99999964 0.00030000
vn 0.01010049 0.99994898 -0.00010000
vn 0.87269650 0.30359878 -0.38239847
vn 0.95918553 0.28269574 -0.00679990
vn 0.67331703 0.30740778 -0.67241701
vn 0.28650080 0.28630080 -0.91430255
vn 0.00010000 0.99983976 -0.01790071
vn 0.00020000 0.99999966 -0.00080000
vn -0.00010000 0.99983976 -0.01790071
vn -0.00030000 0.99999964 0.00080000
vn -0.28650080 0.28630080 0.91430255
vn -0.67329633 0.30749832 0.67239634
vn -0.91046789 0.30018941 0.28448997
vn -0.00080000 0.99999964 0.00030000
vn -0.01020049 0.99994797 0.00010000
vn -0.01020049 0.99994797 -0.00010000
vn -0.00080000 0.99999964 -0.00030000
vn -0.91046789 0.30018941 -0.28448997
vn -0.67331703 0.30740778 -0.67241701
vn -0.28650900 0.28620899 -0.91432872
vn -0.00020000 0.99999966 -0.00080000
vn -0.00010000 0.99999987 -0.00050000
vn -0.00040000 0.99999992 0.00010000
vn 0.00000000 0.99996128 0.00879966
vn 0.00000000 0.99996128 0.00879966
vn -0.00010000 0.99999987 0.00050000
vn -0.27639511 0.02239960 0.96078301
vn -0.56852179 0.02680103 0.82223152
vn -0.92398865 0.02509969 0.38159531
vn -0.00030000 0.99999995 0.00010000
vn -0.00489994 0.99998800 0.00000000
vn -0.00489994 0.99998800 0.00000000
vn -0.00040000 0.99999990 -0.00020000
vn -0.92401691 0.02540046 -0.38150698
vn -0.56858641 0.02699935 -0.82218035
vn -0.27639135 0.02299928 -0.96076993
vn -0.00010000 0.99999987 -0.00050000
vn 0.00000000 0.99996128 -0.00879966
vn 0.00000000 0.99996128 -0.00879966
vn 0.00010000 0.99999987 0.00050000
vn 0.56852179 0.02680103 0.82223152
vn 0.27639449 0.02249955 0.96078086
vn 0.92398865 0.02509969 0.38159531
vn 0.00479994 0.99998848 0.00000000
vn 0.00040000 0.99999992 0.00010000
vn 0.00479994 0.99998848 0.00000000
vn 0.00040000 0.99999990 -0.00020000
vn 0.56858641 0.02699935 -0.82218035
vn 0.92401691 0.02540046 -0.38150698
vn 0.27639135 0.02299928 -0.96076993
vn 0.00010000 0.99999992 -0.00040000
vn -0.01689928 0.00000000 -0.99985720
vn 0.01699924 0.00000000 -0.99985550
vn 0.99985720 0.00000000 -0.01689928
vn 0.99985548 0.00019999 0.01699924
vn 0.01689928 0.00000000 0.99985720
vn -0.01689928 0.00019999 0.99985718
vn -0.99985550 0.00000000 0.01699924
vn -0.99985550 0.00010000 -0.01699924
vn -0.02559929 0.00000000 -0.99967228
vn 0.02559929 0.00000000 -0.99967228
vn 0.99985720 0.00000000 -0.01689928
vn 0.99985550 0.00000000 0.01699924
vn 0.02559929 0.00000000 0.99967228
vn -0.02569922 -0.00010000 0.99966972
vn -0.99985720 0.00000000 0.01689928
vn -0.99985550 0.00000000 -0.01699924
vn -0.02559929 0.00000000 -0.99967228
vn 0.02559929 0.00000000 -0.99967228
vn 0.99985720 0.00000000 -0.01689928
vn 0.99985550 0.00000000 0.01699924
vn 0.02569922 0.00000000 0.99966972
vn -0.02559929 -0.00010000 0.99967228
vn -0.99985550 0.00000000 0.01699924
vn -0.99985719 -0.00010000 -0.01689928
vn -0.24310029 -0.97000116 0.00000000
vn -0.26870619 -0.96322219 0.00000000
vn -0.26990293 -0.96031044 -0.07040077
vn -0.24329661 -0.96738651 -0.07049902
vn -0.18930359 -0.98191861 0.00000000
vn -0.18869440 -0.97937094 -0.07229785
vn -0.15219244 -0.98835088 0.00000000
vn -0.15240177 -0.98561147 -0.07310085
vn -0.10979495 -0.99395426 0.00000000
vn -0.11120309 -0.99112751 -0.07280202
vn -0.07820294 -0.99693746 0.00000000
vn -0.07739976 -0.99439696 -0.07199978
vn -0.04580013 -0.99640284 -0.07130020
vn -0.04289912 -0.99907941 0.00000000
vn -0.01719918 -0.99985208 0.00000000
vn -0.01479951 -0.99736669 -0.07099763
vn 0.15569810 0.44599455 -0.88138923
vn 0.08159692 0.23459115 -0.96866348
vn -0.02000053 0.14570384 -0.98912606
vn 0.04139948 0.37329532 -0.92678837
vn -0.29510066 -0.95280212 -0.07130016
vn -0.12719969 -0.22119946 -0.96689764
vn -0.05429989 -0.16379968 -0.98499806
vn 0.19229128 0.84436173 -0.50007733
vn 0.12370264 0.52411120 -0.84261801
vn 0.13569840 0.36569568 -0.92078913
vn 0.27118913 0.72037113 -0.63837441
vn 0.13800186 0.85201150 -0.50500682
vn 0.09670007 0.58410044 -0.80590060
vn 0.08610114 0.85291125 -0.51490679
vn 0.06190252 0.59742431 -0.79953253
vn 0.05760068 0.85651010 -0.51290605
vn 0.03810037 0.56660545 -0.82310791
vn 0.03199921 0.86497853 -0.50078757
vn 0.01880082 0.52992324 -0.84783718
vn 0.01310004 0.86970293 -0.49340166
vn 0.00739961 0.51467282 -0.85735473
vn -0.00750024 0.51471657 -0.85732759
vn -0.01319968 0.86987918 -0.49308820
vn -0.29130885 -0.95662906 0.00000000
vn -0.01300014 -0.07350077 -0.99721043
vn 0.00799966 0.01489936 -0.99985700
vn 0.00860027 0.04540145 -0.99893180
vn 0.01710063 -0.99733665 -0.07090261
vn -0.00030000 0.00399997 -0.99999196
vn 0.00020000 0.00339998 -0.99999420
vn -0.00050000 0.01410001 -0.99990046
vn 0.00140004 0.03660106 -0.99932898
vn 0.00519982 0.05329814 -0.99856511
vn -0.40378154 0.14269348 -0.90365869
vn -0.27520788 0.33230951 -0.90212583
vn -0.95879651 0.26099905 -0.11219959
vn -0.98602811 0.12570358 -0.10930312
vn 0.03809982 0.99909519 0.01889991
vn 0.01549984 0.99968971 0.01949980
vn 0.06760226 0.99753331 0.01890063
vn 0.09909627 0.99486254 0.02069922
vn 0.15739415 0.98726333 0.02319914
vn 0.21649528 0.97597872 0.02439947
vn 0.35039588 0.93628900 0.02419972
vn -0.12719969 -0.22119946 -0.96689764
vn -0.49861841 -0.11370420 -0.85933174
vn -0.27520788 0.33230951 -0.90212583
vn -0.95879651 0.26099905 -0.11219959
vn -0.96381245 0.25760333 -0.06860089
vn -0.16030057 0.36800131 -0.91590325
vn -0.97620681 0.20820145 -0.06060042
vn -0.17800142 0.29710237 -0.93810750
vn 0.46620386 0.44740370 -0.76320632
vn 0.46538762 0.39858940 -0.79027897
vn 0.99963712 0.02690100 -0.00140005
vn 0.97599044 0.21779787 0.00259997
vn 0.27118913 0.72037113 -0.63837441
vn 0.35039588 0.93628900 0.02419972
vn 0.19750325 0.51920853 -0.83151366
vn 0.19729046 0.50667551 -0.83925944
vn 0.15569115 0.44607465 -0.88134991
vn 0.04139948 0.37329532 -0.92678837
vn 0.11170174 0.48020746 -0.87001352
vn 0.11509828 0.44959330 -0.88578680
vn -0.67688745 -0.73608636 0.00049999
vn -0.97089653 0.23949914 -0.00030000
vn -0.97985477 0.19971116 -0.00030002
vn -0.97180103 0.23580025 0.00100000
vn -0.99819639 -0.05999978 0.00199999
vn -0.99338698 0.11479850 0.00189998
vn -0.97180103 0.23580025 0.00100000
vn -0.24271015 -0.96774048 0.06760283
vn -0.26869598 -0.96138563 0.05949911
vn -0.18859881 -0.97919383 0.07489953
vn -0.15189844 -0.98528986 0.07829919
vn -0.10949678 -0.99077082 0.07989765
vn -0.07800143 -0.99381817 0.07900144
vn -0.04290000 -0.99609999 0.07710000
vn -0.01719917 -0.99695212 0.07609635
vn 0.01709921 -0.99695383 0.07609648
vn 0.01719918 -0.99985208 0.00000000
vn 0.16849932 0.44269822 0.88069646
vn 0.12590475 0.33731273 0.93293521
vn 0.04579841 0.15169474 0.98736579
vn 0.10940252 0.28580657 0.95202190
vn -0.00989978 -0.07959823 0.99677787
vn -0.09359673 -0.21159260 0.97286598
vn -0.29321462 -0.95464760 0.05170258
vn 0.19179230 0.81346734 0.54907795
vn 0.25880003 0.69550008 0.67030007
vn 0.14569762 0.41019331 0.90028532
vn 0.13940326 0.57341342 0.80731889
vn 0.13319482 0.81566830 0.56297812
vn 0.10659610 0.64457643 0.75707232
vn 0.08069552 0.81545475 0.57316820
vn 0.06719974 0.65949743 0.74869709
vn 0.05380181 0.82352768 0.56471898
vn 0.04110136 0.62352059 0.78072578
vn 0.02030010 0.57980279 0.81450392
vn 0.03030115 0.83683185 0.54662080
vn 0.01249998 0.84329898 0.53729935
vn 0.00809982 0.56128735 0.82758135
vn -0.00809982 0.56128735 0.82758135
vn -0.01249931 0.84325366 0.53737047
vn 0.03079881 0.05589784 0.99796135
vn 0.04030139 0.24480847 0.96873351
vn 0.04539949 0.18919786 0.98088891
vn -0.00280001 0.18780061 0.98220318
vn 0.00280001 0.18780061 0.98220318
vn -0.00280001 0.18780061 0.98220318
vn 0.00280006 0.18770413 0.98222162
vn 0.00730007 0.20320200 0.97910962
vn 0.01659958 0.23819404 0.97107572
vn 0.02780011 0.26260107 0.96450393
vn -0.25889706 0.29269667 0.92048953
vn -0.40188948 0.11229706 0.90877622
vn -0.96201361 0.24910352 0.11170158
vn -0.98790922 0.11830110 0.10020093
vn -0.52049250 -0.14369793 0.84168787
vn -0.09359673 -0.21159260 0.97286598
vn -0.25889706 0.29269667 0.92048953
vn -0.14229426 0.34658602 0.92716259
vn -0.96260120 0.25930032 0.07850010
vn -0.96201361 0.24910352 0.11170158
vn -0.97477149 0.21319377 0.06609807
vn -0.16009414 0.30448885 0.93896561
vn 0.97599044 0.21779787 0.00259997
vn 0.99963726 0.02690100 -0.00130005
vn 0.44629224 0.27899515 0.85028521
vn 0.43962184 0.33951686 0.83154130
vn 0.25880003 0.69550008 0.67030007
vn 0.35039588 0.93628900 0.02419972
vn 0.20860102 0.37050181 0.90510443
vn 0.21049714 0.35079524 0.91248762
vn 0.16849932 0.44269822 0.88069646
vn 0.12590475 0.33731273 0.93293521
vn 0.16480303 0.33960625 0.92601704
vn 0.16289640 0.31419307 0.93527936
vn -0.05429989 -0.16379968 -0.98499806
vn -0.01300014 -0.07350077 -0.99721043
vn 0.00860027 0.04540145 -0.99893180
vn 0.00799967 0.01479939 -0.99985848
vn -0.00030000 0.00399997 -0.99999196
vn -0.00040000 0.01410001 -0.99990051
vn 0.00140004 0.03660106 -0.99932898
vn 0.00519982 0.05329814 -0.99856511
vn -0.00989978 -0.07959823 0.99677787
vn 0.03089871 0.05589766 0.99795828
vn 0.04030139 0.24480847 0.96873351
vn 0.04539949 0.18919786 0.98088891
vn 0.00730007 0.20320200 0.97910962
vn 0.01659958 0.23819404 0.97107572
vn 0.02780011 0.26260107 0.96450393
vn 0.00030000 0.00339998 -0.99999418
vn -0.01549984 0.99968971 0.01949980
vn 0.24319438 -0.96997757 0.00000000
vn 0.24339068 -0.96736297 -0.07049730
vn 0.26990293 -0.96031044 -0.07040077
vn 0.26870619 -0.96322219 0.00000000
vn 0.18930359 -0.98191861 0.00000000
vn 0.18869304 -0.97936386 -0.07239733
vn 0.15279353 -0.98825813 0.00000000
vn 0.15199604 -0.98567432 -0.07309810
vn 0.10979495 -0.99395426 0.00000000
vn 0.10960067 -0.99130610 -0.07280045
vn 0.07830233 -0.99692966 0.00000000
vn 0.07800388 -0.99434948 -0.07200358
vn 0.04290137 -0.99653172 -0.07130227
vn 0.04299893 -0.99907512 0.00000000
vn -0.15300062 0.45470185 -0.87740358
vn -0.04140103 0.37320925 -0.92682297
vn 0.02000053 0.14570384 -0.98912606
vn -0.07709923 0.23599763 -0.96869026
vn 0.29510066 -0.95280212 -0.07130016
vn 0.05770259 -0.16830756 -0.98404419
vn 0.12719969 -0.22119946 -0.96689764
vn -0.19350670 0.84322920 -0.50151737
vn -0.27200035 0.72610092 -0.63150080
vn -0.13569840 0.36569568 -0.92078913
vn -0.12660279 0.52261152 -0.84311858
vn -0.13789634 0.84917746 -0.50978647
vn -0.09740483 0.58392897 -0.80593998
vn -0.08549908 0.85049086 -0.51899442
vn -0.06119781 0.59757865 -0.79947144
vn -0.05730070 0.85581038 -0.51410624
vn -0.03750217 0.56673283 -0.82304768
vn -0.03200008 0.86520208 -0.50040120
vn -0.01869986 0.52999615 -0.84779384
vn 0.29130885 -0.95662906 0.00000000
vn 0.01450051 -0.08190286 -0.99653482
vn -0.01039964 0.05439810 -0.99846517
vn -0.01010021 0.01600034 -0.99982097
vn 0.00060001 0.01340013 -0.99991003
vn -0.00130003 0.03930105 -0.99922657
vn -0.00559981 0.06189794 -0.99806677
vn 0.27520788 0.33230951 -0.90212583
vn 0.40378154 0.14269348 -0.90365869
vn 0.95879651 0.26099905 -0.11219959
vn 0.98602811 0.12570358 -0.10930312
vn -0.03809982 0.99909519 0.01889991
vn -0.06760226 0.99753331 0.01890063
vn -0.09909627 0.99486254 0.02069922
vn -0.15739415 0.98726333 0.02319914
vn -0.21649528 0.97597872 0.02439947
vn -0.35039588 0.93628900 0.02419972
vn 0.49861841 -0.11370420 -0.85933174
vn 0.12719969 -0.22119946 -0.96689764
vn 0.27520788 0.33230951 -0.90212583
vn 0.16020314 0.36800720 -0.91591793
vn 0.96381245 0.25760333 -0.06860089
vn 0.95879651 0.26099905 -0.11219959
vn 0.97620681 0.20820145 -0.06060042
vn 0.17809825 0.29709708 -0.93809079
vn -0.46620386 0.44740370 -0.76320632
vn -0.97599018 0.21779781 0.00269997
vn -0.99963712 0.02690100 -0.00140005
vn -0.46538762 0.39858940 -0.79027897
vn -0.27200035 0.72610092 -0.63150080
vn -0.35039588 0.93628900 0.02419972
vn -0.19750325 0.51920853 -0.83151366
vn -0.19729046 0.50667551 -0.83925944
vn -0.15300062 0.45470185 -0.87740358
vn -0.04139948 0.37329532 -0.92678837
vn -0.11170174 0.48020746 -0.87001352
vn -0.11509828 0.44959330 -0.88578680
vn 0.67683308 -0.73613598 -0.00090004
vn 0.97985875 0.19969159 -0.00029999
vn 0.97089653 0.23949914 -0.00030000
vn 0.97180103 0.23580025 0.00100000
vn 0.99819639 -0.05999978 0.00199999
vn 0.99338698 0.11479850 0.00189998
vn 0.97180103 0.23580025 0.00100000
vn 0.26869598 -0.96138563 0.05949911
vn 0.24259256 -0.96777031 0.06759793
vn 0.18859881 -0.97919383 0.07489953
vn 0.15290525 -0.98513384 0.07830269
vn 0.11150610 -0.99055421 0.07980437
vn 0.07770385 -0.99384923 0.07890391
vn 0.04290000 -0.99609999 0.07710000
vn -0.16849932 0.44269822 0.88069646
vn -0.10940252 0.28580657 0.95202190
vn -0.04579841 0.15169474 0.98736579
vn -0.12590475 0.33731273 0.93293521
vn 0.00989978 -0.07959823 0.99677787
vn 0.29318663 -0.95465646 0.05169764
vn 0.09359673 -0.21159260 0.97286598
vn -0.19179230 0.81346734 0.54907795
vn -0.13940326 0.57341342 0.80731889
vn -0.14579550 0.41018733 0.90027220
vn -0.25880003 0.69550008 0.67030007
vn -0.13319482 0.81566830 0.56297812
vn -0.10659610 0.64457643 0.75707232
vn -0.08070210 0.81542125 0.57321494
vn -0.06719974 0.65949743 0.74869709
vn -0.05380181 0.82352768 0.56471898
vn -0.04110136 0.62352059 0.78072578
vn -0.03030115 0.83683185 0.54662080
vn -0.02030010 0.57980279 0.81450392
vn -0.03089871 0.05589766 0.99795828
vn -0.04030139 0.24480847 0.96873351
vn -0.04539949 0.18919786 0.98088891
vn -0.00730007 0.20320200 0.97910962
vn -0.01659958 0.23819404 0.97107572
vn -0.02780011 0.26260107 0.96450393
vn 0.40189399 0.11219832 0.90878642
vn 0.25889706 0.29269667 0.92048953
vn 0.96200286 0.24910074 0.11180033
vn 0.98792090 0.11820250 0.10020212
vn 0.09359673 -0.21159260 0.97286598
vn 0.52049250 -0.14369793 0.84168787
vn 0.25889706 0.29269667 0.92048953
vn 0.96201361 0.24910352 0.11170158
vn 0.96260875 0.25930236 0.07840071
vn 0.14229426 0.34658602 0.92716259
vn 0.97477149 0.21319377 0.06609807
vn 0.16009414 0.30448885 0.93896561
vn -0.97599044 0.21779787 0.00259997
vn -0.43962184 0.33951686 0.83154130
vn -0.44629224 0.27899515 0.85028521
vn -0.99963726 0.02690100 -0.00130005
vn -0.35048360 0.93625619 0.02419887
vn -0.25880068 0.69540182 0.67040176
vn -0.20860102 0.37050181 0.90510443
vn -0.21049714 0.35079524 0.91248762
vn -0.16859648 0.44269076 0.88068162
vn -0.12590475 0.33731273 0.93293521
vn -0.16490032 0.33960065 0.92600177
vn -0.16290152 0.31410294 0.93530874
vn 0.05770259 -0.16830756 -0.98404419
vn 0.01450051 -0.08190286 -0.99653482
vn -0.01010021 0.01600034 -0.99982097
vn -0.01039964 0.05439810 -0.99846517
vn 0.00050001 0.01340014 -0.99991009
vn -0.00130003 0.03930105 -0.99922657
vn -0.00559981 0.06189794 -0.99806677
vn 0.00989978 -0.07959823 0.99677787
vn -0.03089871 0.05589766 0.99795828
vn -0.04030139 0.24480847 0.96873351
vn -0.04539949 0.18919786 0.98088891
vn -0.00730007 0.20320200 0.97910962
vn -0.01659958 0.23819404 0.97107572
vn -0.02780011 0.26260107 0.96450393
vn -0.99515137 -0.05899712 -0.07869615
vn -0.99819639 -0.05999978 0.00199999
vn -0.99636215 -0.05499791 0.06509753
vn 0.99819639 -0.05999978 0.00199999
vn 0.99515920 -0.05899758 -0.07859678
vn 0.99636215 -0.05499791 0.06509753
vn -0.99904024 -0.04380176 0.00000000
vn -0.99904024 0.04380176 0.00000000
vn -0.99903586 0.04390158 0.00000000
vn -0.99904024 -0.04380176 0.00000000
vn 0.00000000 -0.99998488 0.00549992
vn -0.00189999 -0.99999428 0.00279998
vn 0.00000000 -0.99999960 -0.00090000
vn 0.00000000 -0.99999838 -0.00180000
vn 0.00000000 -0.99999940 0.00110000
vn 0.00000000 -0.99999872 -0.00160000
vn 0.00000000 -0.99999780 0.00210000
vn 0.00269998 -0.42349696 0.90589350
vn 0.00000000 -0.42208059 0.90655831
vn 0.00000000 -0.30949984 0.95089950
vn 0.00279992 -0.31079150 0.95047399
vn 0.00000000 -0.41789735 -0.90849425
vn 0.00159993 -0.42078169 -0.90716052
vn 0.00159998 -0.31379635 -0.94948896
vn 0.00000000 -0.31091260 -0.95043851
vn 0.33139023 -0.57468306 0.74827795
vn 0.35971341 -0.45441694 0.81493037
vn 0.51301302 -0.60831544 0.60561537
vn 0.45589908 -0.70909857 0.53789892
vn 0.01310004 -0.46540145 0.88500276
vn 0.00000000 -0.46409293 0.88578651
vn 0.00000000 -0.35679360 0.93418324
vn 0.01380041 -0.35641051 0.93422754
vn 0.00000000 -0.43871324 -0.89862712
vn 0.00100000 -0.44019968 -0.89789935
vn 0.00099999 -0.33479643 -0.94228995
vn 0.00000000 -0.33351575 -0.94274453
vn 0.47009123 -0.50769053 0.72198654
vn 0.50991338 -0.34770912 0.78682064
vn 0.00000000 -0.43469034 -0.90057998
vn 0.00100000 -0.43609908 -0.89989810
vn 0.00100001 -0.32990478 -0.94401368
vn 0.00000000 -0.32859044 -0.94447251
vn 0.47238401 -0.50728283 0.72077561
vn 0.09199713 -0.46678544 0.87957256
vn 0.09669824 -0.34749367 0.93268301
vn 0.51251242 -0.34750842 0.78521903
vn -0.00010000 -0.45849772 0.88869558
vn -0.00010000 -0.34951191 0.93693192
vn 0.00160000 -0.42069939 -0.90719869
vn 0.45597829 -0.70906624 0.53787439
vn 0.51298181 -0.60837843 0.60557853
vn 0.00159998 -0.31379635 -0.94948896
vn 0.01310004 -0.46540145 0.88500276
vn 0.00000000 -0.46409293 0.88578651
vn 0.00000000 -0.43879399 -0.89858769
vn 0.00000000 -0.99999856 -0.00170000
vn 0.00000000 -0.43469034 -0.90057998
vn 0.09199713 -0.46678544 0.87957256
vn 0.00000000 -0.99999960 0.00090000
vn -0.00010000 -0.45849772 0.88869558
vn 0.00000000 -0.99999976 0.00070000
vn 0.00080000 -0.99999870 -0.00140000
vn 0.00259998 -0.42349707 0.90589374
vn 0.00000000 -0.99999780 0.00210000
vn 0.00000000 -0.42208059 0.90655831
vn 0.00000000 -0.41789735 -0.90849425
vn 0.00000000 -1.00000000 0.00000000
vn 0.00000000 -1.00000000 0.00000000
vn 0.33139023 -0.57468306 0.74827795
vn -0.00389997 -0.99999240 0.00000000
vn 0.51251242 -0.34750842 0.78521903
vn 0.00100001 -0.32990478 -0.94401368
vn 0.50991338 -0.34770912 0.78682064
vn 0.00099999 -0.33479643 -0.94228995
vn -0.99903736 -0.04380164 0.00240009
vn -0.70755559 -0.70665564 0.00169989
vn -0.57731693 -0.57731693 0.57741694
vn -0.70679275 -0.02979969 0.70679275
vn -0.04160104 0.94372366 0.32810823
vn -0.88826755 0.45928322 0.00629977
vn -0.69657987 0.04479871 0.71607930
vn -0.70679275 -0.02979969 0.70679275
vn -0.57738360 -0.57728360 0.57738360
vn -0.00120001 -0.70710627 0.70710627
vn -0.76153203 0.64812726 -0.00010000
vn -0.87110243 0.49110137 -0.00010000
vn -0.70750667 -0.70670666 0.00000000
vn -0.70750667 -0.70670666 0.00000000
vn 0.17210758 0.97734303 -0.12320542
vn 0.34360519 0.93911418 -0.00020000
vn -0.76153204 0.64812727 0.00000000
vn -0.87110243 0.49110137 -0.00010000
vn 0.00000000 -0.70710678 0.70710678
vn -0.00120001 -0.70710627 0.70710627
vn -0.70750577 -0.70670576 0.00160001
vn -0.70750667 -0.70670666 0.00000000
vn 0.00000000 -0.70710678 0.70710678
vn 0.00000000 -0.02459994 0.99969738
vn 0.00000000 0.00000000 1.00000000
vn 0.00000000 0.05220191 0.99863655
vn -0.00189998 0.05309933 0.99858743
vn -0.57731693 -0.57731693 0.57741694
vn -0.70755661 -0.70665667 0.00000000
vn 0.00000000 0.94247044 -0.33428951
vn -0.00119996 0.94246976 -0.33428927
vn 0.00000000 0.99561911 0.09350179
vn -0.88826755 0.45928322 0.00629977
vn -0.04160104 0.94372366 0.32810823
vn -0.02879865 0.95945498 -0.28038684
vn -0.02769914 0.94417082 0.32828985
vn -0.86477474 0.43928717 -0.24329289
vn -0.86672363 0.43631190 -0.24170659
vn -0.88900075 0.44040037 0.12540011
vn -0.88856659 0.44368332 0.11659562
vn 0.77641978 0.63021606 -0.00020001
vn 0.34369338 0.93908190 -0.00020000
vn 0.17210758 0.97734303 -0.12320542
vn 0.63400081 0.72720093 -0.26310034
vn -0.00080002 0.61321322 -0.78991703
vn -0.00129996 0.94246964 -0.33428923
vn 0.00000000 0.94247044 -0.33428951
vn 0.00000000 0.61338663 -0.78978278
vn 0.63400081 0.72720093 -0.26310034
vn -0.01369992 0.65269634 -0.75749575
vn -0.66113324 0.32951657 -0.67403388
vn -0.65778278 0.33079134 -0.67668228
vn 0.00000000 0.05220191 0.99863655
vn -0.00070000 0.00100000 0.99999926
vn -0.00179997 0.05319906 0.99858231
vn -0.86477474 0.43928717 -0.24329289
vn -0.86477474 0.43928717 -0.24329289
vn -0.65778278 0.33079134 -0.67668228
vn -0.86674458 0.43632244 -0.24161243
vn -0.88901189 0.44040589 0.12530168
vn -0.02879865 0.95945498 -0.28038684
vn -0.86672363 0.43631190 -0.24170659
vn -0.66113324 0.32951657 -0.67403388
vn -0.01370007 0.65280317 -0.75740368
vn 0.00000000 -0.45849772 0.88869558
vn 0.00000000 -0.34930358 0.93700961
vn 0.00000000 -0.99999856 0.00170000
vn 0.00000000 -0.45849772 0.88869558
vn 0.00000000 -0.99999118 -0.00419996
vn 0.00000000 0.00000000 -1.00000000
vn 0.00000000 -0.04390158 -0.99903586
vn 0.49380836 -0.05030085 -0.86811470
vn 0.49429630 0.00000000 -0.86929349
vn 0.00000000 -0.70780644 -0.70640643
vn 0.30120065 -0.79430171 -0.52760114
vn 0.00000000 -0.70780644 -0.70640643
vn 0.30110972 -0.79432563 -0.52761703
vn -0.99902947 0.04400130 -0.00200006
vn -0.99903386 -0.04390149 -0.00200007
vn -0.00200000 -0.99999800 0.00000000
vn 0.00120000 -0.99999928 0.00000000
vn -0.70680602 -0.70740603 -0.00140001
vn -0.68918482 0.72458404 -0.00149997
vn 0.34390192 0.93900523 0.00080000
vn -0.68913231 0.72463398 -0.00150007
vn -0.70680602 -0.70740603 -0.00140001
vn 0.77416971 0.63297524 0.00189993
vn 0.34390189 0.93900516 0.00090000
vn 0.49429630 0.00000000 -0.86929349
vn 0.49380836 -0.05030085 -0.86811470
vn 0.99969160 -0.02459979 0.00339997
vn 0.99999422 0.00000000 0.00339998
vn 0.74888923 -0.66269047 0.00249996
vn 0.30109383 -0.79428372 -0.52768919
vn 0.74888923 -0.66269047 0.00249996
vn -0.00150005 -0.04390153 -0.99903474
vn -0.00150005 0.04390153 -0.99903474
vn 0.00000000 0.04380176 -0.99904024
vn 0.00000000 -0.04380176 -0.99904024
vn 0.00000000 -0.99999780 0.00210000
vn 0.00000000 -0.99999636 -0.00269999
vn 0.00000000 -0.99998542 -0.00539992
vn 0.00000000 -0.99999160 0.00409997
vn -0.00100001 -0.70700642 -0.70720642
vn 0.00000000 -0.70650652 -0.70770653
vn -0.00099997 0.74757443 -0.66417729
vn 0.00000000 0.74710579 -0.66470515
vn -0.00099997 0.74757443 -0.66417729
vn 0.00049999 0.93908181 0.34369334
vn 0.00000000 0.93889678 0.34419882
vn 0.00000000 0.74705613 -0.66476096
vn -0.00100001 -0.70700642 -0.70720642
vn 0.00000000 -0.70650652 -0.70770653
vn 0.00049999 0.93908181 0.34369334
vn 0.00109998 0.63258918 0.77448675
vn 0.00000000 0.63203350 0.77494107
vn 0.00000000 0.93889678 0.34419882
vn 0.00200000 0.00000000 0.99999800
vn 0.00199999 -0.02459989 0.99969538
vn 0.00000000 -0.02459994 0.99969738
vn 0.00000000 0.00000000 1.00000000
vn 0.00150002 -0.66130994 0.75011127
vn 0.00000000 -0.66056928 0.75076509
vn 0.00150002 -0.66130994 0.75011127
vn 0.00000000 -0.66061888 0.75072145
vn -0.70579643 0.06199969 -0.70569643
vn -0.70569643 -0.06199969 -0.70579643
vn 0.00000000 -1.00000000 0.00000000
vn 0.00000000 -1.00000000 0.00000000
vn -0.40819829 -0.81649658 -0.40829829
vn -0.37601571 0.84693539 -0.37591571
vn 0.17859911 0.96759518 0.17849911
vn -0.37600158 0.84690355 -0.37600158
vn -0.40819829 -0.81649658 -0.40829829
vn 0.77416971 0.63297524 0.00189993
vn 0.46319077 0.75558495 0.46319077
vn 0.70668341 -0.03459919 0.70668341
vn 0.70710678 0.00000000 0.70710678
vn 0.44370946 -0.77861661 0.44370946
vn 0.44370946 -0.77861661 0.44370946
vn -0.70569643 0.06199969 -0.70579643
vn -0.70569643 -0.06199969 -0.70579643
vn -0.40829829 -0.81649658 -0.40819829
vn -0.37591571 0.84693539 -0.37601571
vn 0.00119998 0.63258910 0.77448666
vn 0.70668341 -0.03459919 0.70668341
vn 0.70710678 0.00000000 0.70710678
vn 0.44370946 -0.77861661 0.44370946
vn 0.99904024 -0.04380176 0.00000000
vn 0.99904024 -0.04380176 0.00000000
vn 0.99903586 0.04390158 0.00000000
vn 0.99904024 0.04380176 0.00000000
vn 0.00000000 -0.99999960 -0.00090000
vn 0.00199999 -0.99999408 0.00279998
vn 0.00000000 -0.99999940 0.00110000
vn -0.00259998 -0.42349707 0.90589374
vn -0.00279992 -0.31079150 0.95047399
vn -0.00159998 -0.31379635 -0.94948896
vn -0.00160000 -0.42069939 -0.90719869
vn -0.33140928 -0.57461609 0.74832095
vn -0.45597829 -0.70906624 0.53787439
vn -0.51298181 -0.60837843 0.60557853
vn -0.35971341 -0.45441694 0.81493037
vn -0.01310004 -0.46540145 0.88500276
vn -0.01380041 -0.35641051 0.93422754
vn -0.00099999 -0.33479643 -0.94228995
vn -0.00100000 -0.44019968 -0.89789935
vn -0.47009123 -0.50769053 0.72198654
vn -0.50991338 -0.34770912 0.78682064
vn -0.00100001 -0.32990478 -0.94401368
vn -0.00100000 -0.43609908 -0.89989810
vn -0.47238401 -0.50728283 0.72077561
vn -0.51251242 -0.34750842 0.78521903
vn -0.09669824 -0.34749367 0.93268301
vn -0.09199713 -0.46678544 0.87957256
vn 0.00010000 -0.34951191 0.93693192
vn 0.00010000 -0.45849772 0.88869558
vn -0.00160000 -0.42069939 -0.90719869
vn -0.00159998 -0.31379635 -0.94948896
vn -0.51298181 -0.60837843 0.60557853
vn -0.45589908 -0.70909857 0.53789892
vn -0.01310004 -0.46540145 0.88500276
vn -0.09199713 -0.46678544 0.87957256
vn 0.00010000 -0.45849772 0.88869558
vn 0.00000000 -0.99999960 0.00090000
vn 0.00000000 -0.99999976 0.00070000
vn -0.00080000 -0.99999870 -0.00140000
vn -0.00259998 -0.42349707 0.90589374
vn -0.33139023 -0.57468306 0.74827795
vn 0.00000000 -1.00000000 0.00000000
vn 0.00000000 -1.00000000 0.00000000
vn 0.00389997 -0.99999240 0.00000000
vn -0.00100001 -0.32990478 -0.94401368
vn -0.51251242 -0.34750842 0.78521903
vn -0.00099999 -0.33479643 -0.94228995
vn -0.50991338 -0.34770912 0.78682064
vn 0.99903736 -0.04380164 0.00240009
vn 0.70679275 -0.02979969 0.70679275
vn 0.57731693 -0.57731693 0.57741694
vn 0.70755559 -0.70665564 0.00169989
vn 0.69657987 0.04479871 0.71607930
vn 0.88826755 0.45928322 0.00629977
vn 0.04160104 0.94372366 0.32810823
vn 0.00120001 -0.70710627 0.70710627
vn 0.57738360 -0.57728360 0.57738360
vn 0.70679485 -0.02969978 0.70679485
vn 0.76153203 0.64812726 -0.00010000
vn 0.87110243 0.49110137 -0.00010000
vn 0.70750667 -0.70670666 0.00000000
vn 0.70750667 -0.70670666 0.00000000
vn -0.17210758 0.97734303 -0.12320542
vn 0.87110243 0.49110137 -0.00010000
vn 0.76153204 0.64812727 0.00000000
vn -0.34360519 0.93911418 -0.00020000
vn 0.00120001 -0.70710627 0.70710627
vn 0.70750667 -0.70670666 0.00000000
vn 0.70750577 -0.70670576 0.00160001
vn 0.00189998 0.05309933 0.99858743
vn 0.57731693 -0.57731693 0.57741694
vn 0.70755661 -0.70665667 0.00000000
vn 0.00119996 0.94246976 -0.33428927
vn 0.04160104 0.94372366 0.32810823
vn 0.88826755 0.45928322 0.00629977
vn 0.02879865 0.95945498 -0.28038684
vn 0.02769914 0.94417082 0.32828985
vn 0.86477474 0.43928717 -0.24329289
vn 0.88856659 0.44368332 0.11659562
vn 0.88900075 0.44040037 0.12540011
vn 0.86672363 0.43631190 -0.24170659
vn -0.77641978 0.63021606 -0.00020001
vn -0.63400081 0.72720093 -0.26310034
vn -0.17210758 0.97734303 -0.12320542
vn -0.34369338 0.93908190 -0.00020000
vn 0.00080002 0.61321322 -0.78991703
vn 0.00129996 0.94246964 -0.33428923
vn -0.63400081 0.72720093 -0.26310034
vn 0.01369992 0.65269634 -0.75749575
vn 0.66113324 0.32951657 -0.67403388
vn 0.65778278 0.33079134 -0.67668228
vn 0.00179997 0.05319906 0.99858231
vn 0.00070000 0.00100000 0.99999926
vn 0.86477474 0.43928717 -0.24329289
vn 0.86477474 0.43928717 -0.24329289
vn 0.65778278 0.33079134 -0.67668228
vn 0.86674458 0.43632244 -0.24161243
vn 0.88901189 0.44040589 0.12530168
vn 0.02879865 0.95945498 -0.28038684
vn 0.01370007 0.65280317 -0.75740368
vn 0.66113324 0.32951657 -0.67403388
vn 0.86672363 0.43631190 -0.24170659
vn -0.49380836 -0.05030085 -0.86811470
vn -0.49429630 0.00000000 -0.86929349
vn -0.30120065 -0.79430171 -0.52760114
vn -0.30110972 -0.79432563 -0.52761703
vn 0.99903386 -0.04390149 -0.00200007
vn 0.99902947 0.04400130 -0.00200006
vn -0.00120000 -0.99999928 0.00000000
vn 0.00200000 -0.99999800 0.00000000
vn 0.70680602 -0.70740603 -0.00140001
vn 0.68918482 0.72458404 -0.00149997
vn 0.68913231 0.72463398 -0.00150007
vn -0.34390192 0.93900523 0.00080000
vn 0.70680602 -0.70740603 -0.00140001
vn -0.34390189 0.93900516 0.00090000
vn -0.77416971 0.63297524 0.00189993
vn -0.49429630 0.00000000 -0.86929349
vn -0.99999422 0.00000000 0.00339998
vn -0.99969160 -0.02459979 0.00339997
vn -0.49380836 -0.05030085 -0.86811470
vn -0.74888923 -0.66269047 0.00249996
vn -0.74888923 -0.66269047 0.00249996
vn -0.30109383 -0.79428372 -0.52768919
vn 0.00150005 -0.04390153 -0.99903474
vn 0.00150005 0.04390153 -0.99903474
vn 0.00000000 -0.99999780 0.00210000
vn 0.00000000 -0.99999636 -0.00269999
vn 0.00100001 -0.70700642 -0.70720642
vn 0.00099997 0.74757443 -0.66417729
vn 0.00099997 0.74757443 -0.66417729
vn -0.00049999 0.93908181 0.34369334
vn 0.00100001 -0.70700642 -0.70720642
vn -0.00049999 0.93908181 0.34369334
vn -0.00119998 0.63258910 0.77448666
vn -0.00200000 0.00000000 0.99999800
vn -0.00199999 -0.02459989 0.99969538
vn -0.00150002 -0.66130994 0.75011127
vn -0.00150002 -0.66130994 0.75011127
vn 0.70569643 -0.06199969 -0.70579643
vn 0.70579643 0.06199969 -0.70569643
vn 0.00000000 -1.00000000 0.00000000
vn 0.00000000 -1.00000000 0.00000000
vn 0.40819829 -0.81649658 -0.40829829
vn 0.37601571 0.84693539 -0.37591571
vn 0.37600158 0.84690355 -0.37600158
vn -0.17859911 0.96759518 0.17849911
vn 0.40819829 -0.81649658 -0.40829829
vn -0.77416971 0.63297524 0.00189993
vn -0.46319077 0.75558495 0.46319077
vn -0.70710678 0.00000000 0.70710678
vn -0.70668341 -0.03459919 0.70668341
vn -0.44370946 -0.77861661 0.44370946
vn -0.44370946 -0.77861661 0.44370946
vn 0.70569643 0.06199969 -0.70579643
vn 0.70569643 -0.06199969 -0.70579643
vn 0.40829829 -0.81649658 -0.40819829
vn 0.37591571 0.84693539 -0.37601571
vn -0.00119998 0.63258910 0.77448666
vn -0.70668341 -0.03459919 0.70668341
vn -0.70710678 0.00000000 0.70710678
vn -0.44370946 -0.77861661 0.44370946
vt 0.72074600 0.09383700
vt 0.71976500 0.09358700
vt 0.71979600 0.09523500
vt 0.72130400 0.10402500
vt 0.72131000 0.10503700
vt 0.72293500 0.10439200
vt 0.72293500 0.09358700
vt 0.72124500 0.09359300
vt 0.72259400 0.09454000
vt 0.23821000 0.09385700
vt 0.23919600 0.09208800
vt 0.23751100 0.09312500
vt 0.06760700 0.09312500
vt 0.06626600 0.09182600
vt 0.06690800 0.09385700
vt 0.68364600 0.09504300
vt 0.68463400 0.09525900
vt 0.68461400 0.09358700
vt 0.23821000 0.40591200
vt 0.23751100 0.40664400
vt 0.23919600 0.40768100
vt 0.06690800 0.40591200
vt 0.06626600 0.40794300
vt 0.06760700 0.40664400
vt 0.49999400 0.58313400
vt 0.50036200 0.58104700
vt 0.49830800 0.58145900
vt 0.57762500 0.57898500
vt 0.57554500 0.57861000
vt 0.57596700 0.58065800
vt 0.49742600 0.50545000
vt 0.49950600 0.50582500
vt 0.49908400 0.50377700
vt 0.57505600 0.50130100
vt 0.57468900 0.50338800
vt 0.57674200 0.50297600
vt 0.39366400 0.49086100
vt 0.39399400 0.48874600
vt 0.39192300 0.48919600
vt 0.44590500 0.48702300
vt 0.44379100 0.48663800
vt 0.44420400 0.48870900
vt 0.39035200 0.41279700
vt 0.39246500 0.41318200
vt 0.39205300 0.41111100
vt 0.44259300 0.40895900
vt 0.44226300 0.41107400
vt 0.44433300 0.41062400
vt 0.51053100 0.46392100
vt 0.51086200 0.46180700
vt 0.50879100 0.46225700
vt 0.56277200 0.46008400
vt 0.56065900 0.45969900
vt 0.56107100 0.46177000
vt 0.50721900 0.38585800
vt 0.50933300 0.38624300
vt 0.50892000 0.38417200
vt 0.55946000 0.38202000
vt 0.55913000 0.38413500
vt 0.56120100 0.38368400
vt 0.06577600 0.75571100
vt 0.06641500 0.75420800
vt 0.06482600 0.75449700
vt 0.06478000 0.73629700
vt 0.06636800 0.73648100
vt 0.06599900 0.73546300
vt 0.48083900 0.75570300
vt 0.48178800 0.75448900
vt 0.48020000 0.75420000
vt 0.48183400 0.73628900
vt 0.48061500 0.73545500
vt 0.48024600 0.73647300
vt 0.51500000 0.70560300
vt 0.56795100 0.68832100
vt 0.55254700 0.67833300
vt 0.55649800 0.67911500
vt 0.55630600 0.67976900
vt 0.55629700 0.66823000
vt 0.55648700 0.66757200
vt 0.55253500 0.66678800
vt 0.00217800 0.01857000
vt 0.01979200 0.03715300
vt 0.01968100 0.01857000
vt 0.55908500 0.01539400
vt 0.55908500 0.01371700
vt 0.55740700 0.01481600
vt 0.03807500 0.93900800
vt 0.03613300 0.93875300
vt 0.03613300 0.93968300
vt 0.02269900 0.03751100
vt 0.02220100 0.03667300
vt 0.98529800 0.70561100
vt 0.94773000 0.67836600
vt 0.93233600 0.68835900
vt 0.94377900 0.67914800
vt 0.94397400 0.67980200
vt 0.94396400 0.66825500
vt 0.94772500 0.66681200
vt 0.94377100 0.66759800
vt 0.00217800 0.49108700
vt 0.01968100 0.49108700
vt 0.01979200 0.47250400
vt 0.58417100 0.35562300
vt 0.58249300 0.35620100
vt 0.58417100 0.35730100
vt 0.03807500 0.51827200
vt 0.03613300 0.51759600
vt 0.03613300 0.51852700
vt 0.02270000 0.47214600
vt 0.02220100 0.47298300
vt 0.64153100 0.36869100
vt 0.64153100 0.37736900
vt 0.96673600 0.37736900
vt 0.96673600 0.36869000
vt 0.97776200 0.36869000
vt 0.97776200 0.37736900
vt 0.98563700 0.36869000
vt 0.98563700 0.37736900
vt 0.93605100 0.09609600
vt 0.94392600 0.09609600
vt 0.94392600 0.08741700
vt 0.93605100 0.08741700
vt 0.92502500 0.09609600
vt 0.92502500 0.08741700
vt 0.74233500 0.09609600
vt 0.74233500 0.08741800
vt 0.73131000 0.09609600
vt 0.73131000 0.08741800
vt 0.72343400 0.09609600
vt 0.72343400 0.08741800
vt 0.97776200 0.36733500
vt 0.98563700 0.36733500
vt 0.98563700 0.35865600
vt 0.97776200 0.35865600
vt 0.96673600 0.36733500
vt 0.96673600 0.35865600
vt 0.63846100 0.61210600
vt 0.96233800 0.61210600
vt 0.95590000 0.60172300
vt 0.64489900 0.60172300
vt 0.96491300 0.60036200
vt 0.97323400 0.61062300
vt 0.97026100 0.59708700
vt 0.98093800 0.60606600
vt 0.97350500 0.59171100
vt 0.98552600 0.59839000
vt 0.97484400 0.58268000
vt 0.98703200 0.58751200
vt 0.97484400 0.40652800
vt 0.98703200 0.40575000
vt 0.97350500 0.40155100
vt 0.98552600 0.39487200
vt 0.97026100 0.39617500
vt 0.98093800 0.38719600
vt 0.96491300 0.39290000
vt 0.97323400 0.38263900
vt 0.95590000 0.39153900
vt 0.96233800 0.38115600
vt 0.99789400 0.98042200
vt 0.99789500 0.67074900
vt 0.99534200 0.67074900
vt 0.99534200 0.98042200
vt 0.06975000 0.54396100
vt 0.06975000 0.54651400
vt 0.37942300 0.54651300
vt 0.37942300 0.54396100
vt 0.38830600 0.54651300
vt 0.38830600 0.54396100
vt 0.39348400 0.54651300
vt 0.39348400 0.54396100
vt 0.52598400 0.32969000
vt 0.52853700 0.32969000
vt 0.52853700 0.32451200
vt 0.52598400 0.32451200
vt 0.52853700 0.31562900
vt 0.52598400 0.31562900
vt 0.52853700 0.14040600
vt 0.52598400 0.14040600
vt 0.52853700 0.13557600
vt 0.52598400 0.13557600
vt 0.52853700 0.13039900
vt 0.52598400 0.13039900
vt 0.99789500 0.65668800
vt 0.99534200 0.65668800
vt 0.99534200 0.66186600
vt 0.99789500 0.66186600
vt 0.54011000 0.33675500
vt 0.53930600 0.34246500
vt 0.55005500 0.34766100
vt 0.55120100 0.33889300
vt 0.53719300 0.34658600
vt 0.54659600 0.35258900
vt 0.53442600 0.34930800
vt 0.54022800 0.35500200
vt 0.52901300 0.35025100
vt 0.53474400 0.35573400
vt 0.36341300 0.35025100
vt 0.36475700 0.35573400
vt 0.35800000 0.34930700
vt 0.35618200 0.35457500
vt 0.35523300 0.34658600
vt 0.35138800 0.35120200
vt 0.35312000 0.34246500
vt 0.34898500 0.34514100
vt 0.35231600 0.33675500
vt 0.34819900 0.33618500
vt 0.35231600 0.03320700
vt 0.34819900 0.03377700
vt 0.54011000 0.03320700
vt 0.53731500 0.03342100
vt 0.53731500 0.33654100
vt 0.53661200 0.34153200
vt 0.53494600 0.34478100
vt 0.53313000 0.34656700
vt 0.52878200 0.34732500
vt 0.36364400 0.34732400
vt 0.35929600 0.34656700
vt 0.35748000 0.34478100
vt 0.35581400 0.34153200
vt 0.35511100 0.33654000
vt 0.94402500 0.06103500
vt 0.94402500 0.05095700
vt 0.64090500 0.05095800
vt 0.64090500 0.06103500
vt 0.94901600 0.06103500
vt 0.94901600 0.05095700
vt 0.95226500 0.06103500
vt 0.95226500 0.05095700
vt 0.51363900 0.15222400
vt 0.51363900 0.15404000
vt 0.52371600 0.15404000
vt 0.52371600 0.15222400
vt 0.51363900 0.15838800
vt 0.52371600 0.15838800
vt 0.51363900 0.32352600
vt 0.52371600 0.32352600
vt 0.51363900 0.32787400
vt 0.52371600 0.32787400
vt 0.51363900 0.32969000
vt 0.52371600 0.32969000
vt 0.95405100 0.06626100
vt 0.95080200 0.06626100
vt 0.95080200 0.07633900
vt 0.95405100 0.07633900
vt 0.94581000 0.06626100
vt 0.94581000 0.07633900
vt 0.64269100 0.07633800
vt 0.64269100 0.06626100
vt 0.95124800 0.08092500
vt 0.94658100 0.08012400
vt 0.95223200 0.08429500
vt 0.95437100 0.08250600
vt 0.95690500 0.25379700
vt 0.95691600 0.08829900
vt 0.95221500 0.25736200
vt 0.95610200 0.25784200
vt 0.95439100 0.25958300
vt 0.64300900 0.26197400
vt 0.94657200 0.26197400
vt 0.63736600 0.25736200
vt 0.78551600 0.47496300
vt 0.95542000 0.47496300
vt 0.95542000 0.45199900
vt 0.78551600 0.45199900
vt 0.96300200 0.61317700
vt 0.63779700 0.61317700
vt 0.97402700 0.61160200
vt 0.98190300 0.60687700
vt 0.98662800 0.59900200
vt 0.92456100 0.09735600
vt 0.93543900 0.09735600
vt 0.74279900 0.09735600
vt 0.73192200 0.09735600
vt 0.98190300 0.38638500
vt 0.98662800 0.39426000
vt 0.97402700 0.38166000
vt 0.96300200 0.38008500
vt 0.99947600 0.98007100
vt 0.99947700 0.67110000
vt 0.37797300 0.54225600
vt 0.07120000 0.54225600
vt 0.38689200 0.54228000
vt 0.39245200 0.54235900
vt 0.52440800 0.32415300
vt 0.52438200 0.32917600
vt 0.52440700 0.31538700
vt 0.52421500 0.14225700
vt 0.52428000 0.13714900
vt 0.52437900 0.13146100
vt 0.99947200 0.66225900
vt 0.99950000 0.65718600
vt 0.55120100 0.03106900
vt 0.55276300 0.33946600
vt 0.55276300 0.03049600
vt 0.55154500 0.34830700
vt 0.54828300 0.35338000
vt 0.54259500 0.35619300
vt 0.53748700 0.35723800
vt 0.36435800 0.35730100
vt 0.35559100 0.35607400
vt 0.35056900 0.35284600
vt 0.34775800 0.34728600
vt 0.34668500 0.33836700
vt 0.34668500 0.03159500
vt 0.34235500 0.01523000
vt 0.04063700 0.01523000
vt 0.04063700 0.48774700
vt 0.95703700 0.45073900
vt 0.78397000 0.45073900
vt 0.95640300 0.39877300
vt 0.64155400 0.39877200
vt 0.64295100 0.40003200
vt 0.95500600 0.40003300
vt 0.64153100 0.35865600
vt 0.64153100 0.36733500
vt 0.63050600 0.36869100
vt 0.63050600 0.37736900
vt 0.62263000 0.36869100
vt 0.62263000 0.37737000
vt 0.93605100 0.09785600
vt 0.93605100 0.10653400
vt 0.94392600 0.10653400
vt 0.94392600 0.09785600
vt 0.92502500 0.09785600
vt 0.92502500 0.10653400
vt 0.74233500 0.09785600
vt 0.74233500 0.10653400
vt 0.73131000 0.09785600
vt 0.73131000 0.10653400
vt 0.72343400 0.09785600
vt 0.72343400 0.10653400
vt 0.63050600 0.36733500
vt 0.63050600 0.35865600
vt 0.62263000 0.35865600
vt 0.62263000 0.36733400
vt 0.63846100 0.38115600
vt 0.64489900 0.39153900
vt 0.63588600 0.60036200
vt 0.62756500 0.61062300
vt 0.63053800 0.59708700
vt 0.61986100 0.60606600
vt 0.62729400 0.59171100
vt 0.61527300 0.59839000
vt 0.62595500 0.58268000
vt 0.61376700 0.58751200
vt 0.62595500 0.41058200
vt 0.61376700 0.40575000
vt 0.62729400 0.40155100
vt 0.61527300 0.39487200
vt 0.63053800 0.39617500
vt 0.61986100 0.38719600
vt 0.63588600 0.39290000
vt 0.62756500 0.38263900
vt 0.06086700 0.54396100
vt 0.06086600 0.54651400
vt 0.05568900 0.54396100
vt 0.05568900 0.54651400
vt 0.53446800 0.32969000
vt 0.53446800 0.32451200
vt 0.53191600 0.32451200
vt 0.53191600 0.32969000
vt 0.53446800 0.31562900
vt 0.53191600 0.31562900
vt 0.53446800 0.14445900
vt 0.53191600 0.14445900
vt 0.53446800 0.13557600
vt 0.53191600 0.13557600
vt 0.53446800 0.13039900
vt 0.53191600 0.13039900
vt 0.99789400 0.99448300
vt 0.99789400 0.98930500
vt 0.99534200 0.98930500
vt 0.99534200 0.99448300
vt 0.55005500 0.02230100
vt 0.53930600 0.02749700
vt 0.54659600 0.01737300
vt 0.53719300 0.02337600
vt 0.54022800 0.01496000
vt 0.53442600 0.02065400
vt 0.53069100 0.01422800
vt 0.52901300 0.01971100
vt 0.36475700 0.01422800
vt 0.36341300 0.01971100
vt 0.35618200 0.01538700
vt 0.35800000 0.02065400
vt 0.35138800 0.01876000
vt 0.35523300 0.02337600
vt 0.34898500 0.02482100
vt 0.35312000 0.02749700
vt 0.53661100 0.02843000
vt 0.53494600 0.02518100
vt 0.53313000 0.02339500
vt 0.52878200 0.02263700
vt 0.36364400 0.02263700
vt 0.35929600 0.02339500
vt 0.35748000 0.02518100
vt 0.35581400 0.02843000
vt 0.35511100 0.03342200
vt 0.63591400 0.05095800
vt 0.63591400 0.06103500
vt 0.63266500 0.05095800
vt 0.63266500 0.06103500
vt 0.51263500 0.15404000
vt 0.50255800 0.15404000
vt 0.50255800 0.15585600
vt 0.51263500 0.15585600
vt 0.50255800 0.16020400
vt 0.51263500 0.16020400
vt 0.50255800 0.32534200
vt 0.51263500 0.32534200
vt 0.50255800 0.32969000
vt 0.51263500 0.32969000
vt 0.63266500 0.06626100
vt 0.63266500 0.07633800
vt 0.63445100 0.07633800
vt 0.63445100 0.06626100
vt 0.63770000 0.07633800
vt 0.63770000 0.06626100
vt 0.64299900 0.08012400
vt 0.63734900 0.08429500
vt 0.63833200 0.08092500
vt 0.63521000 0.08250600
vt 0.63347800 0.08426700
vt 0.63266500 0.08829900
vt 0.63267600 0.25379700
vt 0.63347900 0.25784200
vt 0.63519000 0.25958300
vt 0.63833300 0.26118300
vt 0.64321300 0.42601600
vt 0.64321300 0.44898000
vt 0.95526800 0.44897900
vt 0.95526800 0.42601600
vt 0.78551600 0.47546200
vt 0.78551600 0.49842600
vt 0.95542000 0.49842600
vt 0.95542000 0.47546200
vt 0.95500600 0.42299600
vt 0.64295100 0.42299600
vt 0.63779700 0.38008500
vt 0.62677200 0.61160200
vt 0.61889600 0.60687700
vt 0.61417100 0.59900200
vt 0.61259600 0.58797600
vt 0.61259600 0.40528600
vt 0.61417100 0.39426000
vt 0.61889600 0.38638500
vt 0.62677200 0.38166000
vt 0.06228100 0.54228000
vt 0.05672100 0.54235900
vt 0.53604500 0.32415300
vt 0.53607100 0.32917600
vt 0.53604500 0.31538700
vt 0.53623700 0.14631000
vt 0.53617300 0.13714900
vt 0.53607400 0.13146100
vt 0.99947200 0.98891200
vt 0.99949900 0.99398500
vt 0.55154500 0.02165500
vt 0.54828300 0.01658200
vt 0.54259500 0.01376900
vt 0.53343400 0.01272400
vt 0.36435800 0.01266100
vt 0.35559100 0.01388800
vt 0.35056900 0.01711600
vt 0.34775800 0.02267600
vt 0.34235500 0.48774700
vt 0.95703700 0.42475600
vt 0.64144400 0.42475600
vt 0.64092000 0.42425600
vt 0.95703700 0.42425600
vt 0.64179900 0.45024000
vt 0.95668200 0.45023900
vt 0.78397000 0.49968600
vt 0.95703700 0.49968600
vt 0.78481700 0.45199900
vt 0.78481700 0.47496300
vt 0.95611900 0.45199900
vt 0.95611900 0.47496300
vt 0.78481700 0.47546200
vt 0.78481700 0.49842600
vt 0.95611900 0.47546200
vt 0.95611900 0.49842600
vt 0.96826200 0.31320200
vt 0.63266500 0.31320200
vt 0.63266500 0.33221500
vt 0.96826200 0.33221500
vt 0.60757900 0.01167000
vt 0.60757900 0.34726600
vt 0.62164700 0.34726600
vt 0.62164700 0.01167000
vt 0.64437600 0.83452500
vt 0.63255600 0.86219400
vt 0.77333100 0.86219400
vt 0.76043600 0.83452500
vt 0.76043600 0.76318500
vt 0.77333100 0.74977000
vt 0.96826200 0.31274300
vt 0.63266500 0.31274300
vt 0.77348500 0.74977000
vt 0.77348500 0.86219400
vt 0.63255600 0.74977000
vt 0.64437600 0.76318500
vt 0.63266500 0.28811600
vt 0.63266500 0.30712900
vt 0.96826200 0.30712900
vt 0.96826200 0.28811600
vt 0.63266500 0.26797500
vt 0.63266500 0.28204300
vt 0.96826200 0.28204300
vt 0.96826200 0.26797500
vt 0.96826200 0.28765700
vt 0.63266500 0.28765700
vt 0.63240200 0.74977000
vt 0.63240200 0.86219400
vt 0.38008700 0.54795300
vt 0.06908600 0.54795400
vt 0.38910000 0.54795300
vt 0.96929700 0.59627600
vt 0.96411900 0.59938300
vt 0.97240300 0.59109900
vt 0.52997700 0.31609400
vt 0.52997700 0.32512400
vt 0.52997700 0.13994200
vt 0.97240300 0.40216300
vt 0.97367200 0.40699300
vt 0.96929700 0.39698600
vt 0.96411900 0.39387900
vt 0.99390200 0.67008500
vt 0.99390200 0.66107200
vt 0.99390200 0.98108600
vt 0.06007300 0.54795400
vt 0.63668000 0.59938300
vt 0.63150200 0.59627600
vt 0.62839600 0.59109900
vt 0.53047600 0.32512400
vt 0.53047600 0.31609400
vt 0.53047600 0.14399500
vt 0.53047600 0.13496400
vt 0.62839600 0.40216300
vt 0.63150200 0.39698600
vt 0.63668000 0.39387900
vt 0.99390200 0.99009900
vt 0.95124800 0.26118300
vt 0.95610200 0.08426700
vt 0.64067400 0.06128700
vt 0.94425600 0.06128700
vt 0.94892300 0.06128700
vt 0.95134200 0.08065600
vt 0.95459100 0.08232200
vt 0.95637600 0.08413700
vt 0.51338700 0.15417000
vt 0.51338700 0.15820200
vt 0.51338700 0.32370000
vt 0.51338700 0.32774400
vt 0.95637600 0.25797100
vt 0.95459000 0.25978700
vt 0.95134100 0.26145300
vt 0.95070800 0.06600900
vt 0.94603200 0.06600900
vt 0.64246900 0.06600900
vt 0.63600700 0.06128700
vt 0.63499000 0.08232200
vt 0.63823900 0.08065600
vt 0.63320400 0.08413700
vt 0.51288700 0.16001800
vt 0.51288700 0.15598600
vt 0.51288700 0.32551600
vt 0.51288700 0.32956000
vt 0.63499000 0.25978700
vt 0.63320500 0.25797100
vt 0.63823900 0.26145300
vt 0.63779300 0.06600900
vt 0.48652300 0.59649900
vt 0.58827600 0.59462100
vt 0.59080800 0.59223700
vt 0.59094800 0.49051800
vt 0.58852800 0.48793600
vt 0.48677500 0.48981400
vt 0.48424300 0.49219800
vt 0.48410200 0.59391700
vt 0.38022500 0.50494600
vt 0.45670100 0.50369200
vt 0.45942400 0.50124400
vt 0.45859100 0.39746600
vt 0.45603100 0.39487500
vt 0.37955600 0.39612800
vt 0.37683300 0.39857600
vt 0.37766600 0.50235400
vt 0.49709300 0.47800600
vt 0.57356800 0.47675300
vt 0.57629100 0.47430500
vt 0.57545800 0.37052700
vt 0.57289900 0.36793500
vt 0.49642300 0.36918900
vt 0.49370100 0.37163700
vt 0.49453300 0.47541400
vt 0.08392200 0.74535400
vt 0.07432200 0.74535200
vt 0.07430300 0.75478000
vt 0.08391800 0.75500900
vt 0.09435700 0.74535400
vt 0.09435500 0.75500700
vt 0.12155900 0.74535500
vt 0.12155700 0.75500600
vt 0.14957000 0.74535500
vt 0.14956800 0.75500600
vt 0.18280900 0.74535400
vt 0.18280800 0.75500500
vt 0.21337700 0.75500500
vt 0.21337700 0.74535400
vt 0.25733100 0.74535400
vt 0.25733100 0.75500400
vt 0.47141000 0.69273800
vt 0.47195900 0.69602400
vt 0.47920500 0.69494600
vt 0.47853000 0.69224600
vt 0.06766700 0.75451900
vt 0.06734000 0.75616100
vt 0.07422500 0.75642800
vt 0.45082700 0.69088300
vt 0.45190000 0.69548400
vt 0.46172500 0.69562100
vt 0.46040500 0.69079000
vt 0.42425400 0.69078600
vt 0.42507700 0.69512600
vt 0.39679000 0.69082600
vt 0.39745800 0.69519100
vt 0.36416700 0.69090400
vt 0.36467500 0.69546100
vt 0.33415000 0.69095600
vt 0.33450600 0.69546700
vt 0.29099900 0.69160700
vt 0.29110100 0.69629100
vt 0.25953100 0.69629200
vt 0.25963300 0.69160600
vt 0.06767600 0.74534900
vt 0.08389600 0.75674000
vt 0.09432300 0.75679200
vt 0.12155700 0.75683700
vt 0.28928100 0.75500300
vt 0.25733300 0.75677300
vt 0.28927900 0.75677200
vt 0.21339900 0.75678500
vt 0.18283000 0.75680300
vt 0.14958900 0.75683100
vt 0.48003400 0.69422100
vt 0.47882300 0.69190800
vt 0.47891600 0.69185700
vt 0.48096600 0.69302900
vt 0.33372300 0.68435600
vt 0.29089200 0.68484200
vt 0.36351800 0.68425900
vt 0.39589100 0.68419800
vt 0.42317200 0.68415400
vt 0.44957600 0.68412500
vt 0.45643500 0.68417100
vt 0.48017400 0.69738200
vt 0.48194200 0.69590200
vt 0.25174900 0.79680600
vt 0.24854700 0.79662900
vt 0.24807200 0.79808500
vt 0.25115700 0.79823700
vt 0.24692800 0.80323700
vt 0.24936300 0.80348100
vt 0.31899800 0.80387400
vt 0.32050300 0.81966000
vt 0.33403900 0.82728000
vt 0.34000000 0.81554200
vt 0.32028100 0.79997800
vt 0.34295900 0.81318700
vt 0.28148000 0.79762800
vt 0.27859000 0.80959500
vt 0.28189000 0.79574000
vt 0.25580700 0.79595400
vt 0.25576400 0.79790400
vt 0.25487600 0.80466900
vt 0.06628500 0.74535500
vt 0.21963700 0.79831400
vt 0.21963600 0.80323400
vt 0.21963800 0.79726400
vt 0.06451700 0.74536800
vt 0.48259800 0.68424100
vt 0.48011900 0.68431700
vt 0.08392400 0.73570000
vt 0.07431300 0.73593700
vt 0.09435800 0.73570200
vt 0.12155900 0.73570400
vt 0.14956900 0.73570400
vt 0.18280900 0.73570400
vt 0.21337700 0.73570400
vt 0.25733100 0.73570300
vt 0.28928100 0.73570300
vt 0.28928100 0.74535300
vt 0.47196900 0.67517600
vt 0.47829300 0.67612300
vt 0.47903200 0.67339900
vt 0.47220200 0.67203000
vt 0.07443800 0.73461800
vt 0.06750800 0.73493900
vt 0.06766200 0.73617100
vt 0.44991700 0.67806000
vt 0.46014300 0.67790300
vt 0.46087300 0.67322900
vt 0.45079400 0.67357400
vt 0.42350500 0.67850600
vt 0.42415900 0.67419700
vt 0.39619200 0.67857600
vt 0.39671500 0.67426100
vt 0.36372900 0.67853200
vt 0.36412500 0.67409600
vt 0.33413300 0.67410300
vt 0.33386200 0.67851700
vt 0.29091800 0.67889500
vt 0.29098900 0.67445400
vt 0.25964200 0.67445400
vt 0.25971300 0.67889500
vt 0.08467300 0.73422900
vt 0.12202900 0.73404500
vt 0.09488600 0.73415000
vt 0.25954900 0.67034100
vt 0.29108200 0.67034100
vt 0.28923100 0.73413500
vt 0.25738200 0.73413600
vt 0.21358100 0.73410800
vt 0.18310600 0.73406600
vt 0.14997000 0.73403300
vt 0.47872300 0.67638100
vt 0.48001300 0.67402600
vt 0.47846700 0.67688600
vt 0.48041500 0.67555700
vt 0.48193400 0.67245000
vt 0.48002000 0.67103400
vt 0.18728000 0.79456400
vt 0.18783300 0.79673400
vt 0.19117400 0.79809900
vt 0.19073700 0.79666500
vt 0.19234700 0.80319900
vt 0.18993800 0.80338100
vt 0.10000400 0.81712700
vt 0.10570400 0.82899500
vt 0.11938600 0.82183900
vt 0.11954300 0.80628300
vt 0.11799000 0.80218100
vt 0.09687000 0.81499700
vt 0.15944000 0.79826900
vt 0.16103000 0.81077400
vt 0.15926700 0.79526700
vt 0.18299300 0.79456900
vt 0.18312500 0.79629800
vt 0.18452300 0.80477800
vt 0.47291700 0.69923900
vt 0.46297900 0.69977100
vt 0.42570300 0.69895100
vt 0.45261700 0.69953900
vt 0.29118500 0.70037200
vt 0.33481600 0.69949600
vt 0.36508800 0.69930100
vt 0.39801500 0.69902600
vt 0.47265700 0.66922800
vt 0.46211400 0.66910300
vt 0.42517900 0.67032600
vt 0.45198300 0.66954500
vt 0.33455400 0.67003800
vt 0.36475500 0.67018800
vt 0.39758200 0.67036100
vt 0.25944600 0.70038200
vt 0.25973900 0.68484200
vt 0.46269200 0.74534700
vt 0.46269600 0.75500100
vt 0.47231100 0.75477200
vt 0.47229200 0.74534500
vt 0.45225700 0.74534800
vt 0.45225900 0.75500000
vt 0.42505400 0.74534900
vt 0.42505600 0.75500000
vt 0.39704300 0.74535000
vt 0.39704400 0.75500100
vt 0.36380300 0.74535100
vt 0.36380400 0.75500200
vt 0.33323600 0.75500300
vt 0.33323500 0.74535200
vt 0.07922300 0.69276100
vt 0.07210500 0.69225600
vt 0.07142600 0.69495400
vt 0.07867200 0.69604300
vt 0.47894700 0.75451100
vt 0.47238900 0.75642100
vt 0.47927400 0.75615300
vt 0.09980100 0.69087700
vt 0.09022100 0.69077900
vt 0.08877700 0.69559200
vt 0.09872500 0.69548300
vt 0.12637500 0.69078700
vt 0.12554500 0.69511200
vt 0.15384000 0.69082800
vt 0.15316600 0.69518100
vt 0.18646500 0.69090300
vt 0.18595400 0.69546200
vt 0.21648200 0.69095600
vt 0.21612400 0.69546700
vt 0.47893800 0.74534100
vt 0.46271800 0.75673200
vt 0.42505600 0.75683100
vt 0.45229100 0.75678600
vt 0.33321300 0.75678300
vt 0.36378300 0.75680000
vt 0.39702400 0.75682700
vt 0.07181100 0.69191700
vt 0.07059800 0.69422900
vt 0.07171700 0.69186400
vt 0.06966700 0.69303500
vt 0.21690900 0.68435600
vt 0.18711300 0.68425900
vt 0.15474000 0.68419900
vt 0.12745800 0.68415400
vt 0.10105400 0.68411900
vt 0.09419500 0.68416300
vt 0.06868800 0.69590700
vt 0.07045300 0.69738900
vt 0.37594200 0.87759300
vt 0.37541600 0.87613400
vt 0.37230600 0.87612600
vt 0.37270800 0.87764100
vt 0.37153000 0.87087600
vt 0.37390500 0.87079800
vt 0.44343600 0.87287900
vt 0.46482700 0.86193200
vt 0.45926900 0.84999700
vt 0.44548100 0.85715200
vt 0.44458400 0.87681700
vt 0.46770300 0.86438700
vt 0.40572200 0.87784500
vt 0.40325400 0.86578400
vt 0.40606200 0.87974600
vt 0.37998400 0.87861100
vt 0.38002000 0.87666000
vt 0.37941100 0.86986400
vt 0.48032900 0.74534700
vt 0.34425000 0.86836700
vt 0.34404700 0.87325700
vt 0.34401900 0.87428500
vt 0.48209700 0.74536100
vt 0.06803700 0.68424700
vt 0.07051700 0.68432300
vt 0.47230100 0.73592900
vt 0.46269000 0.73569300
vt 0.45225600 0.73569500
vt 0.42505400 0.73569800
vt 0.39704400 0.73569900
vt 0.36380400 0.73570100
vt 0.33323600 0.73570200
vt 0.07866400 0.67517400
vt 0.07842800 0.67202800
vt 0.07160000 0.67340300
vt 0.07234100 0.67612600
vt 0.47217600 0.73461100
vt 0.47895200 0.73616300
vt 0.47910600 0.73493100
vt 0.10071400 0.67805300
vt 0.09983800 0.67356700
vt 0.08975800 0.67322200
vt 0.09048900 0.67789600
vt 0.12712600 0.67850600
vt 0.12647200 0.67419700
vt 0.15443900 0.67857800
vt 0.15391600 0.67426300
vt 0.18690200 0.67853100
vt 0.18650600 0.67409500
vt 0.21677000 0.67851600
vt 0.21649800 0.67410300
vt 0.46194100 0.73422100
vt 0.42458400 0.73403900
vt 0.45172700 0.73414300
vt 0.33303200 0.73410600
vt 0.36350600 0.73406300
vt 0.39664300 0.73402800
vt 0.07061900 0.67403000
vt 0.07191000 0.67638500
vt 0.07216600 0.67689000
vt 0.07021900 0.67556200
vt 0.07061100 0.67103800
vt 0.06869700 0.67245500
vt 0.31191700 0.87717200
vt 0.31521100 0.87490000
vt 0.31563200 0.87347900
vt 0.31236800 0.87497400
vt 0.31676200 0.86838300
vt 0.31424600 0.86825500
vt 0.22350600 0.85974100
vt 0.24366100 0.86939900
vt 0.24257800 0.85387700
vt 0.22848900 0.84755200
vt 0.22050400 0.86205500
vt 0.24235200 0.87358700
vt 0.28396700 0.87501200
vt 0.28483400 0.86243300
vt 0.28396300 0.87801900
vt 0.30766500 0.87736500
vt 0.30771100 0.87563100
vt 0.30868800 0.86709300
vt 0.07770500 0.69926000
vt 0.08765000 0.69981600
vt 0.09801700 0.69953900
vt 0.12492700 0.69890700
vt 0.21581500 0.69949300
vt 0.18554200 0.69930400
vt 0.15261400 0.69898700
vt 0.07797300 0.66922700
vt 0.08851600 0.66909700
vt 0.12545200 0.67032600
vt 0.09864900 0.66953800
vt 0.21607700 0.67003800
vt 0.18587600 0.67018700
vt 0.15304900 0.67036300
vt 0.48318900 0.69397600
vt 0.48508300 0.68416600
vt 0.48263500 0.67453100
vt 0.06555200 0.68417100
vt 0.06744300 0.69398100
vt 0.06799700 0.67453600
vt 0.57658800 0.02082300
vt 0.55908500 0.02021600
vt 0.55908500 0.06807000
vt 0.57658800 0.06807000
vt 0.75014300 0.65274300
vt 0.51495300 0.65318000
vt 0.52112200 0.65434000
vt 0.75014100 0.65392400
vt 0.56793600 0.67680500
vt 0.75013800 0.67812500
vt 0.75013600 0.67661100
vt 0.97179900 0.63724800
vt 0.75689100 0.63742500
vt 0.75689100 0.64328000
vt 0.96879400 0.64328000
vt 0.75655500 0.62739100
vt 0.52730400 0.62706000
vt 0.53671700 0.63324600
vt 0.75655500 0.63324600
vt 0.97815300 0.63718400
vt 0.97382200 0.64328000
vt 0.97702300 0.64328000
vt 0.98647900 0.63709400
vt 0.04541200 0.52974200
vt 0.04545700 0.71228900
vt 0.05131200 0.71228900
vt 0.05131200 0.53077100
vt 0.79204600 0.61735700
vt 0.59754500 0.61707500
vt 0.60380400 0.62321100
vt 0.79204600 0.62321200
vt 0.04519300 0.51759600
vt 0.05131200 0.52385300
vt 0.25019000 0.59784400
vt 0.44469200 0.59812500
vt 0.43843200 0.59198900
vt 0.25019000 0.59198900
vt 0.03857400 0.51759600
vt 0.03879300 0.52974200
vt 0.04469300 0.53077100
vt 0.04469300 0.52385300
vt 0.03880400 0.57374900
vt 0.04469300 0.57453000
vt 0.52218400 0.65507400
vt 0.52210900 0.65614100
vt 0.52889400 0.65809700
vt 0.52903500 0.65721600
vt 0.56841400 0.67571400
vt 0.75013600 0.67545200
vt 0.75012900 0.66767400
vt 0.75013000 0.66651800
vt 0.75013800 0.67928000
vt 0.56842100 0.68723200
vt 0.61183800 0.68799800
vt 0.61221300 0.68687900
vt 0.53022100 0.66395800
vt 0.56972400 0.70561300
vt 0.53078700 0.66301400
vt 0.75013100 0.66357900
vt 0.75013100 0.66242100
vt 0.75014000 0.65507800
vt 0.52095100 0.65628600
vt 0.52087300 0.66371200
vt 0.52204800 0.66292000
vt 0.51492200 0.65856200
vt 0.56477200 0.68268200
vt 0.56496500 0.68217600
vt 0.56477300 0.67112800
vt 0.56496300 0.67063200
vt 0.57658800 0.01539400
vt 0.57826600 0.01539400
vt 0.57792000 0.01406200
vt 0.57658800 0.01371700
vt 0.02206000 0.01857000
vt 0.02135900 0.01689200
vt 0.01968100 0.01689200
vt 0.00217800 0.01689200
vt 0.00084600 0.01723800
vt 0.00050000 0.01857000
vt 0.55740700 0.06807000
vt 0.55740700 0.02021600
vt 0.57826600 0.06807000
vt 0.57826600 0.02082300
vt 0.33775700 0.97273600
vt 0.28958900 0.97273600
vt 0.28958900 0.97441400
vt 0.33744200 0.97441400
vt 0.75014300 0.65087300
vt 0.51486700 0.65134300
vt 0.51312300 0.65307300
vt 0.51304800 0.65854700
vt 0.00050000 0.25482800
vt 0.00217800 0.25482800
vt 0.01968100 0.25482800
vt 0.03619900 0.25482800
vt 0.03619900 0.04446000
vt 0.51343300 0.65164100
vt 0.51313000 0.70561000
vt 0.03136200 0.72864000
vt 0.03136200 0.93875300
vt 0.03613300 0.72864000
vt 0.34284300 0.97441400
vt 0.34284300 0.97273600
vt 0.33807200 0.95463300
vt 0.34284300 0.95463300
vt 0.81425400 0.77296900
vt 0.81425400 0.75939300
vt 0.80948300 0.75939300
vt 0.80948300 0.77296900
vt 0.04852000 0.00609800
vt 0.04866900 0.00441200
vt 0.00050000 0.00427000
vt 0.00200100 0.00607400
vt 0.01655200 0.52622500
vt 0.01421400 0.52563900
vt 0.01421400 0.73575200
vt 0.01655200 0.73575200
vt 0.33625600 0.97136100
vt 0.33625600 0.95368400
vt 0.81607000 0.75737300
vt 0.81607000 0.77062700
vt 0.03807500 0.72864000
vt 0.80754100 0.75648600
vt 0.80754100 0.77289200
vt 0.03136200 0.93968300
vt 0.01476800 0.52470800
vt 0.01711000 0.52530100
vt 0.33807200 0.95379500
vt 0.34284300 0.95379500
vt 0.02884200 0.51759600
vt 0.02834300 0.51843400
vt 0.03036400 0.51937700
vt 0.03086300 0.51854500
vt 0.03883900 0.71228900
vt 0.04469300 0.71228900
vt 0.75014800 0.68496000
vt 0.75014700 0.68380900
vt 0.75014700 0.70209000
vt 0.80721800 0.35730100
vt 0.80721800 0.33979700
vt 0.62811800 0.33979700
vt 0.62811800 0.35730100
vt 0.75014800 0.70396400
vt 0.57152700 0.70734600
vt 0.80721800 0.33812000
vt 0.62764800 0.33812000
vt 0.55908500 0.35519900
vt 0.57658800 0.35519900
vt 0.51498600 0.98896200
vt 0.56966900 0.91312800
vt 0.57826600 0.35435700
vt 0.55740700 0.35435700
vt 0.00498000 0.97273600
vt 0.00330200 0.97441400
vt 0.51315600 0.99066500
vt 0.33190200 0.00609800
vt 0.33327800 0.00441200
vt 0.94308400 0.12621500
vt 0.94308400 0.10871100
vt 0.73938300 0.10871100
vt 0.73938200 0.12621500
vt 0.57154800 0.91136500
vt 0.94392600 0.10703400
vt 0.73891200 0.10703400
vt 0.00761900 0.98031900
vt 0.00761900 0.99782200
vt 0.24359500 0.99782200
vt 0.24359500 0.98031900
vt 0.57248100 0.91593200
vt 0.51777000 0.99174500
vt 0.75019700 0.99175100
vt 0.75019700 0.91591200
vt 0.00846100 0.97864100
vt 0.24359500 0.97864100
vt 0.00846100 0.99950000
vt 0.24359500 0.99950000
vt 0.00050000 0.97161200
vt 0.00217800 0.96993500
vt 0.00217800 0.73647800
vt 0.00050000 0.73647800
vt 0.51606600 0.99357500
vt 0.75019800 0.99362000
vt 0.98418300 0.64829700
vt 0.98280800 0.64661100
vt 0.75072600 0.64661100
vt 0.75072600 0.64829700
vt 0.41085800 0.57805700
vt 0.41085800 0.56055300
vt 0.23455900 0.56055300
vt 0.23455900 0.57805700
vt 0.57425000 0.91405200
vt 0.75019600 0.91398600
vt 0.41132800 0.55887600
vt 0.23455900 0.55887600
vt 0.55908500 0.35730100
vt 0.57658800 0.35730100
vt 0.51568500 0.99104800
vt 0.57038700 0.91521700
vt 0.57826600 0.35645800
vt 0.55740700 0.35645800
vt 0.00287800 0.97203600
vt 0.00120100 0.97371400
vt 0.51391800 0.99281400
vt 0.00635500 0.97136100
vt 0.00425400 0.97066000
vt 0.73728100 0.10871100
vt 0.73728100 0.12621500
vt 0.57221900 0.91338500
vt 0.73681100 0.10703400
vt 0.00551700 0.99782200
vt 0.00551700 0.98031900
vt 0.00636000 0.97864100
vt 0.00636000 0.99950000
vt 0.00355300 0.96855900
vt 0.41295900 0.56055300
vt 0.41295900 0.57805700
vt 0.41342900 0.55887600
vt 0.60167400 0.35019400
vt 0.60167400 0.30294700
vt 0.58417100 0.30294700
vt 0.58417100 0.35080100
vt 0.97859700 0.65434700
vt 0.98533200 0.65318900
vt 0.93233700 0.67684500
vt 0.54198300 0.63724800
vt 0.54498800 0.64328000
vt 0.97639200 0.63324600
vt 0.98580500 0.62706000
vt 0.53563000 0.63718400
vt 0.52730400 0.63709400
vt 0.53675900 0.64328000
vt 0.53996000 0.64328000
vt 0.04541200 0.89483700
vt 0.05131200 0.89380800
vt 0.98028800 0.62321100
vt 0.98654700 0.61707500
vt 0.04519300 0.90698200
vt 0.05131200 0.90072600
vt 0.06194800 0.59198900
vt 0.05568900 0.59812600
vt 0.03857400 0.90698200
vt 0.04469300 0.90072600
vt 0.04469300 0.89380800
vt 0.03879300 0.89483700
vt 0.04469300 0.85004900
vt 0.03880400 0.85083000
vt 0.97753000 0.65508400
vt 0.96983600 0.65721600
vt 0.97001700 0.65808800
vt 0.97755900 0.65614900
vt 0.93185800 0.67575500
vt 0.93186600 0.68727200
vt 0.88807900 0.68692200
vt 0.88845300 0.68804100
vt 0.97323600 0.66390400
vt 0.93057000 0.70564800
vt 0.97373500 0.66303400
vt 0.97784400 0.66294400
vt 0.97899500 0.66384600
vt 0.97876300 0.65629500
vt 0.98535500 0.65857000
vt 0.93531600 0.68221700
vt 0.93551000 0.68272300
vt 0.93530900 0.67069900
vt 0.93550100 0.67119400
vt 0.60167400 0.35562300
vt 0.60167400 0.35730100
vt 0.60300600 0.35695500
vt 0.60335200 0.35562300
vt 0.01968100 0.49276500
vt 0.02135900 0.49276500
vt 0.02206000 0.49108700
vt 0.00050000 0.49108700
vt 0.00084600 0.49241900
vt 0.00217800 0.49276500
vt 0.58249300 0.30294700
vt 0.58249300 0.35080100
vt 0.60335200 0.35019400
vt 0.60335200 0.30294700
vt 0.33775700 0.50021900
vt 0.33744200 0.49854200
vt 0.28958800 0.49854200
vt 0.28958800 0.50021900
vt 0.98542000 0.65135100
vt 0.98723000 0.65855700
vt 0.98716200 0.65308400
vt 0.03619900 0.46519600
vt 0.98685400 0.65165200
vt 0.98716800 0.70561900
vt 0.03136200 0.51852700
vt 0.34284300 0.50021900
vt 0.34284300 0.49854200
vt 0.33807200 0.51832200
vt 0.34284300 0.51832300
vt 0.82042300 0.78218600
vt 0.81565300 0.78218600
vt 0.81565300 0.79576200
vt 0.82042300 0.79576200
vt 0.28525800 0.01111500
vt 0.33177700 0.01109100
vt 0.33327800 0.00928700
vt 0.28510900 0.00942900
vt 0.01655300 0.94527800
vt 0.01421400 0.94586400
vt 0.33625600 0.50159500
vt 0.33625600 0.51927100
vt 0.82224000 0.79778200
vt 0.82224000 0.78452800
vt 0.81371100 0.78226200
vt 0.81371100 0.79866900
vt 0.03136200 0.51759600
vt 0.01476800 0.94679500
vt 0.01711000 0.94620200
vt 0.33807200 0.51916000
vt 0.34284300 0.51916000
vt 0.02884200 0.95390700
vt 0.03086300 0.95295800
vt 0.03036400 0.95212700
vt 0.02834300 0.95306900
vt 0.98631900 0.33979700
vt 0.98631900 0.35730100
vt 0.92876700 0.70737900
vt 0.98678900 0.33812000
vt 0.60167400 0.01581800
vt 0.58417100 0.01581800
vt 0.93071700 0.91315800
vt 0.98542100 0.98897300
vt 0.60335200 0.01666100
vt 0.58249300 0.01666000
vt 0.00330200 0.49854200
vt 0.00498000 0.50021900
vt 0.98724900 0.99067700
vt 0.00050000 0.00942900
vt 0.00187600 0.01111500
vt 0.94308400 0.12671400
vt 0.73938200 0.12671400
vt 0.73938300 0.14421800
vt 0.94308400 0.14421800
vt 0.92884000 0.91139400
vt 0.73891200 0.14589500
vt 0.94392600 0.14589500
vt 0.47957200 0.98031900
vt 0.47957200 0.99782200
vt 0.92791100 0.91595300
vt 0.98262700 0.99176100
vt 0.47873000 0.97864100
vt 0.47873000 0.99950000
vt 0.00050000 0.50134300
vt 0.00217800 0.50302100
vt 0.98433200 0.99359100
vt 0.51727000 0.64829700
vt 0.51864500 0.64661100
vt 0.05826100 0.57805700
vt 0.05826100 0.56055300
vt 0.92614200 0.91407400
vt 0.05779000 0.55887600
vt 0.60167400 0.01371700
vt 0.58417100 0.01371700
vt 0.93000100 0.91524200
vt 0.98471800 0.99106200
vt 0.60335200 0.01455900
vt 0.58249300 0.01455900
vt 0.00120000 0.49924200
vt 0.00287800 0.50092000
vt 0.98648400 0.99282800
vt 0.00635500 0.50159500
vt 0.00425400 0.50229500
vt 0.73728100 0.12671400
vt 0.73728100 0.14421800
vt 0.92817000 0.91341000
vt 0.73681100 0.14589500
vt 0.48167400 0.99782200
vt 0.48167400 0.98031900
vt 0.48083100 0.97864100
vt 0.48083100 0.99950000
vt 0.00355300 0.50439700
vt 0.05615900 0.56055300
vt 0.05615900 0.57805700
vt 0.05568900 0.55887600
f 1/1/1 2/2/2 3/3/3
f 4/4/4 5/5/5 6/6/6
f 7/7/7 8/8/8 9/9/9
f 10/10/10 11/11/11 12/12/12
f 13/13/13 14/14/14 15/15/15
f 16/16/16 17/17/17 18/18/18
f 19/19/19 20/20/20 21/21/21
f 22/22/22 23/23/23 24/24/24
f 25/25/25 26/26/26 27/27/27
f 28/28/28 29/29/29 30/30/30
f 31/31/31 32/32/32 33/33/33
f 34/34/34 35/35/35 36/36/36
f 37/37/37 38/38/38 39/39/39
f 40/40/40 41/41/41 42/42/42
f 43/43/43 44/44/44 45/45/45
f 46/46/46 47/47/47 48/48/48
f 49/49/49 50/50/50 51/51/51
f 52/52/52 53/53/53 54/54/54
f 55/55/55 56/56/56 57/57/57
f 58/58/58 59/59/59 60/60/60
f 61/61/61 62/62/62 63/63/63
f 64/64/64 65/65/65 66/66/66
f 67/67/67 68/68/68 69/69/69
f 70/70/70 71/71/71 72/72/72
f 73/73/73 74/74/74 75/75/75
f 76/76/76 75/75/75 77/77/77
f 78/78/78 79/79/79 80/80/80
f 81/81/81 82/82/82 83/83/83
f 84/84/84 85/85/85 86/86/86
f 87/87/87 88/88/88 89/89/89
f 90/90/90 91/91/91 82/82/82
f 92/92/92 93/93/93 94/94/94
f 95/95/95 96/96/96 93/93/93
f 97/97/97 98/98/98 99/99/99
f 100/100/100 101/101/101 102/102/102
f 103/103/103 104/104/104 105/105/105
f 106/106/106 107/107/107 108/108/108
f 109/109/109 102/102/102 110/110/110
f 111/111/111 112/112/112 113/113/113
f 111/111/111 113/113/113 114/114/114
f 115/115/115 114/114/114 113/113/113
f 115/115/115 113/113/113 116/116/116
f 117/117/117 115/115/115 116/116/116
f 117/117/117 116/116/116 118/118/118
f 119/119/119 120/120/120 121/121/121
f 119/119/119 121/121/121 122/122/122
f 123/123/123 119/119/119 122/122/122
f 123/123/123 122/122/122 124/124/124
f 125/125/125 123/123/123 124/124/124
f 125/125/125 124/124/124 126/126/126
f 127/127/127 125/125/125 126/126/126
f 127/127/127 126/126/126 128/128/128
f 129/129/129 127/127/127 128/128/128
f 129/129/129 128/128/128 130/130/130
f 131/131/131 132/132/132 133/133/133
f 131/131/131 133/133/133 134/134/134
f 135/135/135 131/131/131 134/134/134
f 135/135/135 134/134/134 136/136/136
f 137/137/137 138/138/138 139/139/139
f 137/137/137 139/139/139 140/140/140
f 141/141/141 139/139/139 138/138/138
f 141/141/141 138/138/138 142/142/142
f 143/143/143 141/141/141 142/142/142
f 143/143/143 142/142/142 144/144/144
f 145/145/145 143/143/143 144/144/144
f 145/145/145 144/144/144 146/146/146
f 147/147/147 145/145/145 146/146/146
f 147/147/147 146/146/146 148/148/148
f 149/149/149 147/147/147 148/148/148
f 149/149/149 148/148/148 150/150/150
f 151/151/151 149/149/149 150/150/150
f 151/151/151 150/150/150 152/152/152
f 153/153/153 151/151/151 152/152/152
f 153/153/153 152/152/152 154/154/154
f 155/155/155 153/153/153 154/154/154
f 155/155/155 154/154/154 156/156/156
f 157/157/157 155/155/155 156/156/156
f 157/157/157 156/156/156 158/158/158
f 159/159/159 160/160/160 161/161/161
f 159/159/159 161/161/161 162/162/162
f 163/163/163 164/164/164 165/165/165
f 163/163/163 165/165/165 166/166/166
f 166/166/166 165/165/165 167/167/167
f 166/166/166 167/167/167 168/168/168
f 168/168/168 167/167/167 169/169/169
f 168/168/168 169/169/169 170/170/170
f 171/171/171 172/172/172 173/173/173
f 171/171/171 173/173/173 174/174/174
f 174/174/174 173/173/173 175/175/175
f 174/174/174 175/175/175 176/176/176
f 176/176/176 175/175/175 177/177/177
f 176/176/176 177/177/177 178/178/178
f 178/178/178 177/177/177 179/179/179
f 178/178/178 179/179/179 180/180/180
f 180/180/180 179/179/179 181/181/181
f 180/180/180 181/181/181 182/182/182
f 183/183/183 184/184/184 185/185/185
f 183/183/183 185/185/185 186/186/186
f 186/186/186 185/185/185 161/161/161
f 186/186/186 161/161/161 160/160/160
f 187/187/187 188/188/188 189/189/189
f 187/187/187 189/189/189 190/190/190
f 188/188/188 191/191/191 192/192/192
f 188/188/188 192/192/192 189/189/189
f 191/191/191 193/193/193 194/194/194
f 191/191/191 194/194/194 192/192/192
f 193/193/193 195/195/195 196/196/196
f 193/193/193 196/196/196 194/194/194
f 195/195/195 197/197/197 198/198/198
f 195/195/195 198/198/198 196/196/196
f 198/198/198 197/197/197 199/199/199
f 198/198/198 199/199/199 200/200/200
f 199/199/199 201/201/201 202/202/202
f 199/199/199 202/202/202 200/200/200
f 201/201/201 203/203/203 204/204/204
f 201/201/201 204/204/204 202/202/202
f 203/203/203 205/205/205 206/206/206
f 203/203/203 206/206/206 204/204/204
f 207/207/207 208/208/208 206/206/206
f 207/207/207 206/206/206 205/205/205
f 187/187/187 209/209/209 210/210/210
f 187/187/187 210/210/210 211/211/211
f 212/212/212 188/188/188 187/187/187
f 212/212/212 187/187/187 211/211/211
f 213/213/213 191/191/191 188/188/188
f 213/213/213 188/188/188 212/212/212
f 214/214/214 193/193/193 191/191/191
f 214/214/214 191/191/191 213/213/213
f 215/215/215 195/195/195 193/193/193
f 215/215/215 193/193/193 214/214/214
f 216/216/216 197/197/197 195/195/195
f 216/216/216 195/195/195 215/215/215
f 217/217/217 199/199/199 197/197/197
f 217/217/217 197/197/197 216/216/216
f 218/218/218 201/201/201 199/199/199
f 218/218/218 199/199/199 217/217/217
f 219/219/219 203/203/203 201/201/201
f 219/219/219 201/201/201 218/218/218
f 220/220/220 205/205/205 203/203/203
f 220/220/220 203/203/203 219/219/219
f 221/221/221 222/222/222 223/223/223
f 221/221/221 223/223/223 224/224/224
f 221/221/221 225/225/225 226/226/226
f 221/221/221 226/226/226 222/222/222
f 225/225/225 227/227/227 228/228/228
f 225/225/225 228/228/228 226/226/226
f 229/229/229 230/230/230 231/231/231
f 229/229/229 231/231/231 232/232/232
f 230/230/230 233/233/233 234/234/234
f 230/230/230 234/234/234 231/231/231
f 233/233/233 235/235/235 236/236/236
f 233/233/233 236/236/236 234/234/234
f 235/235/235 237/237/237 238/238/238
f 235/235/235 238/238/238 236/236/236
f 237/237/237 239/239/239 240/240/240
f 237/237/237 240/240/240 238/238/238
f 241/241/241 242/242/242 243/243/243
f 241/241/241 243/243/243 244/244/244
f 242/242/242 245/245/245 246/246/246
f 242/242/242 246/246/246 243/243/243
f 247/247/247 246/246/246 245/245/245
f 247/247/247 245/245/245 248/248/248
f 249/249/249 250/250/250 251/251/251
f 249/249/249 251/251/251 252/252/252
f 253/253/253 254/254/254 251/251/251
f 253/253/253 251/251/251 255/255/255
f 256/256/256 253/253/253 255/255/255
f 256/256/256 255/255/255 257/257/257
f 258/258/258 259/259/259 255/255/255
f 258/258/258 255/255/255 260/260/260
f 261/261/261 262/262/262 263/263/263
f 261/261/261 263/263/263 264/264/264
f 265/265/265 138/138/138 137/137/137
f 265/265/265 137/137/137 266/266/266
f 267/267/267 142/142/142 138/138/138
f 267/267/267 138/138/138 265/265/265
f 268/268/268 144/144/144 142/142/142
f 268/268/268 142/142/142 267/267/267
f 269/269/269 146/146/146 144/144/144
f 269/269/269 144/144/144 268/268/268
f 123/123/123 270/270/270 271/271/271
f 123/123/123 271/271/271 119/119/119
f 125/125/125 272/272/272 270/270/270
f 125/125/125 270/270/270 123/123/123
f 127/127/127 273/273/273 272/272/272
f 127/127/127 272/272/272 125/125/125
f 274/274/274 154/154/154 152/152/152
f 274/274/274 152/152/152 275/275/275
f 276/276/276 156/156/156 154/154/154
f 276/276/276 154/154/154 274/274/274
f 277/277/277 158/158/158 156/156/156
f 277/277/277 156/156/156 276/276/276
f 278/278/278 279/279/279 160/160/160
f 278/278/278 160/160/160 159/159/159
f 163/163/163 166/166/166 280/280/280
f 163/163/163 280/280/280 281/281/281
f 282/282/282 280/280/280 166/166/166
f 282/282/282 166/166/166 168/168/168
f 283/283/283 282/282/282 168/168/168
f 283/283/283 168/168/168 170/170/170
f 284/284/284 285/285/285 171/171/171
f 284/284/284 171/171/171 174/174/174
f 286/286/286 284/284/284 174/174/174
f 286/286/286 174/174/174 176/176/176
f 287/287/287 286/286/286 176/176/176
f 287/287/287 176/176/176 178/178/178
f 288/288/288 287/287/287 178/178/178
f 288/288/288 178/178/178 180/180/180
f 289/289/289 288/288/288 180/180/180
f 289/289/289 180/180/180 182/182/182
f 290/290/290 291/291/291 183/183/183
f 290/290/290 183/183/183 186/186/186
f 279/279/279 290/290/290 186/186/186
f 279/279/279 186/186/186 160/160/160
f 292/292/292 190/190/190 293/293/293
f 292/292/292 293/293/293 294/294/294
f 295/295/295 293/293/293 190/190/190
f 295/295/295 190/190/190 189/189/189
f 296/296/296 295/295/295 189/189/189
f 296/296/296 189/189/189 192/192/192
f 297/297/297 296/296/296 192/192/192
f 297/297/297 192/192/192 194/194/194
f 298/298/298 297/297/297 194/194/194
f 298/298/298 194/194/194 196/196/196
f 299/299/299 298/298/298 196/196/196
f 299/299/299 196/196/196 198/198/198
f 300/300/300 299/299/299 198/198/198
f 300/300/300 198/198/198 200/200/200
f 301/301/301 300/300/300 200/200/200
f 301/301/301 200/200/200 202/202/202
f 302/302/302 301/301/301 202/202/202
f 302/302/302 202/202/202 204/204/204
f 303/303/303 302/302/302 204/204/204
f 303/303/303 204/204/204 206/206/206
f 304/304/304 303/303/303 206/206/206
f 304/304/304 206/206/206 208/208/208
f 14/14/14 11/11/11 305/305/305
f 14/14/14 305/305/305 306/306/306
f 307/307/307 23/23/23 14/14/14
f 307/307/307 14/14/14 306/306/306
f 11/11/11 14/14/14 13/13/13
f 11/11/11 13/13/13 12/12/12
f 308/308/308 309/309/309 264/264/264
f 308/308/308 264/264/264 263/263/263
f 310/310/310 311/311/311 312/312/312
f 310/310/310 312/312/312 313/313/313
f 135/135/135 136/136/136 314/314/314
f 135/135/135 314/314/314 315/315/315
f 316/316/316 317/317/317 112/112/112
f 316/316/316 112/112/112 111/111/111
f 318/318/318 319/319/319 317/317/317
f 318/318/318 317/317/317 316/316/316
f 320/320/320 321/321/321 322/322/322
f 320/320/320 322/322/322 323/323/323
f 324/324/324 325/325/325 321/321/321
f 324/324/324 321/321/321 320/320/320
f 326/326/326 327/327/327 325/325/325
f 326/326/326 325/325/325 324/324/324
f 328/328/328 329/329/329 327/327/327
f 328/328/328 327/327/327 326/326/326
f 330/330/330 331/331/331 329/329/329
f 330/330/330 329/329/329 328/328/328
f 332/332/332 333/333/333 334/334/334
f 332/332/332 334/334/334 335/335/335
f 315/315/315 314/314/314 333/333/333
f 315/315/315 333/333/333 332/332/332
f 157/157/157 158/158/158 336/336/336
f 157/157/157 336/336/336 337/337/337
f 338/338/338 339/339/339 137/137/137
f 338/338/338 137/137/137 140/140/140
f 340/340/340 341/341/341 339/339/339
f 340/340/340 339/339/339 338/338/338
f 342/342/342 343/343/343 341/341/341
f 342/342/342 341/341/341 340/340/340
f 344/344/344 345/345/345 343/343/343
f 344/344/344 343/343/343 342/342/342
f 346/346/346 347/347/347 345/345/345
f 346/346/346 345/345/345 344/344/344
f 348/348/348 349/349/349 347/347/347
f 348/348/348 347/347/347 346/346/346
f 350/350/350 351/351/351 349/349/349
f 350/350/350 349/349/349 348/348/348
f 352/352/352 353/353/353 351/351/351
f 352/352/352 351/351/351 350/350/350
f 337/337/337 336/336/336 353/353/353
f 337/337/337 353/353/353 352/352/352
f 163/163/163 354/354/354 355/355/355
f 163/163/163 355/355/355 164/164/164
f 354/354/354 356/356/356 357/357/357
f 354/354/354 357/357/357 355/355/355
f 358/358/358 359/359/359 360/360/360
f 358/358/358 360/360/360 361/361/361
f 359/359/359 362/362/362 363/363/363
f 359/359/359 363/363/363 360/360/360
f 362/362/362 364/364/364 365/365/365
f 362/362/362 365/365/365 363/363/363
f 364/364/364 366/366/366 367/367/367
f 364/364/364 367/367/367 365/365/365
f 366/366/366 368/368/368 369/369/369
f 366/366/366 369/369/369 367/367/367
f 370/370/370 371/371/371 372/372/372
f 370/370/370 372/372/372 373/373/373
f 371/371/371 159/159/159 162/162/162
f 371/371/371 162/162/162 372/372/372
f 209/209/209 187/187/187 190/190/190
f 209/209/209 190/190/190 292/292/292
f 292/292/292 374/374/374 375/375/375
f 292/292/292 375/375/375 209/209/209
f 375/375/375 374/374/374 376/376/376
f 375/375/375 376/376/376 377/377/377
f 377/377/377 376/376/376 378/378/378
f 377/377/377 378/378/378 379/379/379
f 379/379/379 378/378/378 380/380/380
f 379/379/379 380/380/380 381/381/381
f 381/381/381 380/380/380 382/382/382
f 381/381/381 382/382/382 383/383/383
f 382/382/382 384/384/384 385/385/385
f 382/382/382 385/385/385 383/383/383
f 385/385/385 384/384/384 386/386/386
f 385/385/385 386/386/386 387/387/387
f 387/387/387 386/386/386 388/388/388
f 387/387/387 388/388/388 389/389/389
f 389/389/389 388/388/388 208/208/208
f 389/389/389 208/208/208 207/207/207
f 390/390/390 210/210/210 209/209/209
f 390/390/390 209/209/209 375/375/375
f 391/391/391 390/390/390 375/375/375
f 391/391/391 375/375/375 377/377/377
f 392/392/392 391/391/391 377/377/377
f 392/392/392 377/377/377 379/379/379
f 393/393/393 392/392/392 379/379/379
f 393/393/393 379/379/379 381/381/381
f 394/394/394 393/393/393 381/381/381
f 394/394/394 381/381/381 383/383/383
f 395/395/395 394/394/394 383/383/383
f 395/395/395 383/383/383 385/385/385
f 396/396/396 395/395/395 385/385/385
f 396/396/396 385/385/385 387/387/387
f 397/397/397 396/396/396 387/387/387
f 397/397/397 387/387/387 389/389/389
f 398/398/398 397/397/397 389/389/389
f 398/398/398 389/389/389 207/207/207
f 398/398/398 207/207/207 205/205/205
f 398/398/398 205/205/205 220/220/220
f 224/224/224 223/223/223 399/399/399
f 224/224/224 399/399/399 400/400/400
f 400/400/400 399/399/399 401/401/401
f 400/400/400 401/401/401 402/402/402
f 403/403/403 404/404/404 405/405/405
f 403/403/403 405/405/405 406/406/406
f 406/406/406 405/405/405 407/407/407
f 406/406/406 407/407/407 408/408/408
f 408/408/408 407/407/407 409/409/409
f 408/408/408 409/409/409 410/410/410
f 410/410/410 409/409/409 411/411/411
f 410/410/410 411/411/411 412/412/412
f 413/413/413 414/414/414 415/415/415
f 413/413/413 415/415/415 416/416/416
f 416/416/416 415/415/415 417/417/417
f 416/416/416 417/417/417 418/418/418
f 418/418/418 417/417/417 247/247/247
f 418/418/418 247/247/247 248/248/248
f 251/251/251 250/250/250 419/419/419
f 251/251/251 419/419/419 420/420/420
f 420/420/420 419/419/419 421/421/421
f 420/420/420 421/421/421 422/422/422
f 420/420/420 422/422/422 423/423/423
f 420/420/420 423/423/423 424/424/424
f 425/425/425 260/260/260 420/420/420
f 425/425/425 420/420/420 424/424/424
f 260/260/260 425/425/425 426/426/426
f 260/260/260 426/426/426 427/427/427
f 260/260/260 427/427/427 428/428/428
f 260/260/260 428/428/428 258/258/258
f 429/429/429 430/430/430 431/431/431
f 429/429/429 431/431/431 432/432/432
f 433/433/433 434/434/434 435/435/435
f 433/433/433 435/435/435 436/436/436
f 437/437/437 313/313/313 312/312/312
f 437/437/437 312/312/312 438/438/438
f 277/277/277 439/439/439 336/336/336
f 277/277/277 336/336/336 158/158/158
f 440/440/440 266/266/266 137/137/137
f 440/440/440 137/137/137 339/339/339
f 441/441/441 440/440/440 339/339/339
f 441/441/441 339/339/339 341/341/341
f 442/442/442 441/441/441 341/341/341
f 442/442/442 341/341/341 343/343/343
f 443/443/443 442/442/442 343/343/343
f 443/443/443 343/343/343 345/345/345
f 444/444/444 443/443/443 345/345/345
f 444/444/444 345/345/345 347/347/347
f 445/445/445 444/444/444 347/347/347
f 445/445/445 347/347/347 349/349/349
f 446/446/446 445/445/445 349/349/349
f 446/446/446 349/349/349 351/351/351
f 447/447/447 446/446/446 351/351/351
f 447/447/447 351/351/351 353/353/353
f 439/439/439 447/447/447 353/353/353
f 439/439/439 353/353/353 336/336/336
f 448/448/448 354/354/354 163/163/163
f 448/448/448 163/163/163 281/281/281
f 449/449/449 356/356/356 354/354/354
f 449/449/449 354/354/354 448/448/448
f 450/450/450 359/359/359 358/358/358
f 450/450/450 358/358/358 451/451/451
f 452/452/452 362/362/362 359/359/359
f 452/452/452 359/359/359 450/450/450
f 453/453/453 364/364/364 362/362/362
f 453/453/453 362/362/362 452/452/452
f 454/454/454 366/366/366 364/364/364
f 454/454/454 364/364/364 453/453/453
f 455/455/455 368/368/368 366/366/366
f 455/455/455 366/366/366 454/454/454
f 456/456/456 371/371/371 370/370/370
f 456/456/456 370/370/370 457/457/457
f 278/278/278 159/159/159 371/371/371
f 278/278/278 371/371/371 456/456/456
f 458/458/458 374/374/374 292/292/292
f 458/458/458 292/292/292 294/294/294
f 459/459/459 376/376/376 374/374/374
f 459/459/459 374/374/374 458/458/458
f 460/460/460 378/378/378 376/376/376
f 460/460/460 376/376/376 459/459/459
f 461/461/461 380/380/380 378/378/378
f 461/461/461 378/378/378 460/460/460
f 462/462/462 382/382/382 380/380/380
f 462/462/462 380/380/380 461/461/461
f 463/463/463 384/384/384 382/382/382
f 463/463/463 382/382/382 462/462/462
f 464/464/464 386/386/386 384/384/384
f 464/464/464 384/384/384 463/463/463
f 465/465/465 388/388/388 386/386/386
f 465/465/465 386/386/386 464/464/464
f 304/304/304 208/208/208 388/388/388
f 304/304/304 388/388/388 465/465/465
f 23/23/23 307/307/307 466/466/466
f 23/23/23 466/466/466 21/21/21
f 21/21/21 466/466/466 305/305/305
f 21/21/21 305/305/305 11/11/11
f 429/429/429 432/432/432 467/467/467
f 429/429/429 467/467/467 468/468/468
f 23/23/23 21/21/21 20/20/20
f 23/23/23 20/20/20 24/24/24
f 469/469/469 470/470/470 437/437/437
f 469/469/469 437/437/437 438/438/438
f 471/471/471 472/472/472 431/431/431
f 471/471/471 431/431/431 430/430/430
f 435/435/435 434/434/434 473/473/473
f 435/435/435 473/473/473 474/474/474
f 264/264/264 475/475/475 476/476/476
f 264/264/264 476/476/476 261/261/261
f 477/477/477 263/263/263 262/262/262
f 477/477/477 262/262/262 478/478/478
f 433/433/433 479/479/479 480/480/480
f 433/433/433 480/480/480 434/434/434
f 481/481/481 436/436/436 435/435/435
f 481/481/481 435/435/435 482/482/482
f 483/483/483 484/484/484 485/485/485
f 483/483/483 485/485/485 486/486/486
f 487/487/487 488/488/488 489/489/489
f 487/487/487 489/489/489 490/490/490
f 491/491/491 492/492/492 493/493/493
f 491/491/491 493/493/493 494/494/494
f 495/495/495 494/494/494 493/493/493
f 495/495/495 493/493/493 496/496/496
f 483/483/483 497/497/497 498/498/498
f 483/483/483 498/498/498 484/484/484
f 499/499/499 496/496/496 493/493/493
f 499/499/499 493/493/493 500/500/500
f 495/495/495 496/496/496 501/501/501
f 495/495/495 501/501/501 502/502/502
f 503/503/503 504/504/504 505/505/505
f 503/503/503 505/505/505 506/506/506
f 507/507/507 508/508/508 509/509/509
f 507/507/507 509/509/509 510/510/510
f 502/502/502 501/501/501 492/492/492
f 502/502/502 492/492/492 491/491/491
f 503/503/503 506/506/506 511/511/511
f 503/503/503 511/511/511 512/512/512
f 513/513/513 514/514/514 492/492/492
f 513/513/513 492/492/492 501/501/501
f 515/515/515 165/165/165 164/164/164
f 515/515/515 164/164/164 516/516/516
f 517/517/517 167/167/167 165/165/165
f 517/517/517 165/165/165 515/515/515
f 143/143/143 518/518/518 519/519/519
f 143/143/143 519/519/519 141/141/141
f 145/145/145 520/520/520 518/518/518
f 145/145/145 518/518/518 143/143/143
f 521/521/521 175/175/175 173/173/173
f 521/521/521 173/173/173 522/522/522
f 523/523/523 177/177/177 175/175/175
f 523/523/523 175/175/175 521/521/521
f 151/151/151 524/524/524 525/525/525
f 151/151/151 525/525/525 149/149/149
f 153/153/153 526/526/526 524/524/524
f 153/153/153 524/524/524 151/151/151
f 155/155/155 527/527/527 526/526/526
f 155/155/155 526/526/526 153/153/153
f 528/528/528 161/161/161 185/185/185
f 528/528/528 185/185/185 529/529/529
f 161/161/161 528/528/528 530/530/530
f 161/161/161 530/530/530 162/162/162
f 516/516/516 164/164/164 355/355/355
f 516/516/516 355/355/355 531/531/531
f 338/338/338 532/532/532 533/533/533
f 338/338/338 533/533/533 340/340/340
f 340/340/340 533/533/533 534/534/534
f 340/340/340 534/534/534 342/342/342
f 535/535/535 360/360/360 363/363/363
f 535/535/535 363/363/363 536/536/536
f 536/536/536 363/363/363 365/365/365
f 536/536/536 365/365/365 537/537/537
f 537/537/537 365/365/365 367/367/367
f 537/537/537 367/367/367 538/538/538
f 348/348/348 539/539/539 540/540/540
f 348/348/348 540/540/540 350/350/350
f 350/350/350 540/540/540 541/541/541
f 350/350/350 541/541/541 352/352/352
f 542/542/542 372/372/372 162/162/162
f 542/542/542 162/162/162 530/530/530
f 543/543/543 257/257/257 255/255/255
f 543/543/543 255/255/255 259/259/259
f 544/544/544 252/252/252 251/251/251
f 544/544/544 251/251/251 254/254/254
f 224/224/224 545/545/545 546/546/546
f 224/224/224 546/546/546 221/221/221
f 221/221/221 546/546/546 547/547/547
f 221/221/221 547/547/547 225/225/225
f 548/548/548 249/249/249 252/252/252
f 548/548/548 252/252/252 549/549/549
f 549/549/549 252/252/252 544/544/544
f 549/549/549 544/544/544 550/550/550
f 230/230/230 551/551/551 552/552/552
f 230/230/230 552/552/552 233/233/233
f 233/233/233 552/552/552 553/553/553
f 233/233/233 553/553/553 235/235/235
f 235/235/235 553/553/553 554/554/554
f 235/235/235 554/554/554 237/237/237
f 555/555/555 256/256/256 257/257/257
f 555/555/555 257/257/257 556/556/556
f 556/556/556 257/257/257 543/543/543
f 556/556/556 543/543/543 557/557/557
f 242/242/242 558/558/558 559/559/559
f 242/242/242 559/559/559 245/245/245
f 245/245/245 559/559/559 560/560/560
f 245/245/245 560/560/560 248/248/248
f 400/400/400 561/561/561 545/545/545
f 400/400/400 545/545/545 224/224/224
f 562/562/562 422/422/422 421/421/421
f 562/562/562 421/421/421 563/563/563
f 564/564/564 423/423/423 422/422/422
f 564/564/564 422/422/422 562/562/562
f 408/408/408 565/565/565 566/566/566
f 408/408/408 566/566/566 406/406/406
f 410/410/410 567/567/567 565/565/565
f 410/410/410 565/565/565 408/408/408
f 412/412/412 568/568/568 567/567/567
f 412/412/412 567/567/567 410/410/410
f 569/569/569 427/427/427 426/426/426
f 569/569/569 426/426/426 570/570/570
f 571/571/571 428/428/428 427/427/427
f 571/571/571 427/427/427 569/569/569
f 248/248/248 560/560/560 572/572/572
f 248/248/248 572/572/572 418/418/418
f 26/26/26 29/29/29 35/35/35
f 26/26/26 35/35/35 32/32/32
f 573/573/573 574/574/574 30/30/30
f 573/573/573 30/30/30 25/25/25
f 575/575/575 576/576/576 36/36/36
f 575/575/575 36/36/36 28/28/28
f 577/577/577 578/578/578 33/33/33
f 577/577/577 33/33/33 34/34/34
f 579/579/579 580/580/580 27/27/27
f 579/579/579 27/27/27 31/31/31
f 38/38/38 41/41/41 47/47/47
f 38/38/38 47/47/47 44/44/44
f 581/581/581 582/582/582 42/42/42
f 581/581/581 42/42/42 37/37/37
f 583/583/583 584/584/584 48/48/48
f 583/583/583 48/48/48 40/40/40
f 585/585/585 586/586/586 45/45/45
f 585/585/585 45/45/45 46/46/46
f 587/587/587 588/588/588 39/39/39
f 587/587/587 39/39/39 43/43/43
f 50/50/50 53/53/53 59/59/59
f 50/50/50 59/59/59 56/56/56
f 589/589/589 590/590/590 54/54/54
f 589/589/589 54/54/54 49/49/49
f 591/591/591 592/592/592 60/60/60
f 591/591/591 60/60/60 52/52/52
f 593/593/593 594/594/594 57/57/57
f 593/593/593 57/57/57 58/58/58
f 595/595/595 596/596/596 51/51/51
f 595/595/595 51/51/51 55/55/55
f 26/26/26 25/25/25 30/30/30
f 26/26/26 30/30/30 29/29/29
f 29/29/29 28/28/28 36/36/36
f 29/29/29 36/36/36 35/35/35
f 35/35/35 34/34/34 33/33/33
f 35/35/35 33/33/33 32/32/32
f 32/32/32 31/31/31 27/27/27
f 32/32/32 27/27/27 26/26/26
f 574/574/574 575/575/575 28/28/28
f 574/574/574 28/28/28 30/30/30
f 25/25/25 27/27/27 580/580/580
f 25/25/25 580/580/580 573/573/573
f 576/576/576 577/577/577 34/34/34
f 576/576/576 34/34/34 36/36/36
f 578/578/578 579/579/579 31/31/31
f 578/578/578 31/31/31 33/33/33
f 38/38/38 37/37/37 42/42/42
f 38/38/38 42/42/42 41/41/41
f 41/41/41 40/40/40 48/48/48
f 41/41/41 48/48/48 47/47/47
f 47/47/47 46/46/46 45/45/45
f 47/47/47 45/45/45 44/44/44
f 44/44/44 43/43/43 39/39/39
f 44/44/44 39/39/39 38/38/38
f 582/582/582 583/583/583 40/40/40
f 582/582/582 40/40/40 42/42/42
f 37/37/37 39/39/39 588/588/588
f 37/37/37 588/588/588 581/581/581
f 584/584/584 585/585/585 46/46/46
f 584/584/584 46/46/46 48/48/48
f 586/586/586 587/587/587 43/43/43
f 586/586/586 43/43/43 45/45/45
f 50/50/50 49/49/49 54/54/54
f 50/50/50 54/54/54 53/53/53
f 53/53/53 52/52/52 60/60/60
f 53/53/53 60/60/60 59/59/59
f 59/59/59 58/58/58 57/57/57
f 59/59/59 57/57/57 56/56/56
f 56/56/56 55/55/55 51/51/51
f 56/56/56 51/51/51 50/50/50
f 590/590/590 591/591/591 52/52/52
f 590/590/590 52/52/52 54/54/54
f 49/49/49 51/51/51 596/596/596
f 49/49/49 596/596/596 589/589/589
f 592/592/592 593/593/593 58/58/58
f 592/592/592 58/58/58 60/60/60
f 594/594/594 595/595/595 55/55/55
f 594/594/594 55/55/55 57/57/57
f 597/597/597 598/598/598 599/599/599
f 597/597/597 599/599/599 600/600/600
f 601/601/601 597/597/597 600/600/600
f 601/601/601 600/600/600 602/602/602
f 603/603/603 601/601/601 602/602/602
f 603/603/603 602/602/602 604/604/604
f 605/605/605 603/603/603 604/604/604
f 605/605/605 604/604/604 606/606/606
f 607/607/607 605/605/605 606/606/606
f 607/607/607 606/606/606 608/608/608
f 609/609/609 610/610/610 607/607/607
f 609/609/609 607/607/607 608/608/608
f 611/611/611 610/610/610 609/609/609
f 611/611/611 609/609/609 612/612/612
f 613/613/613 614/614/614 615/615/615
f 613/613/613 615/615/615 616/616/616
f 617/617/617 618/618/618 619/619/619
f 617/617/617 619/619/619 599/599/599
f 620/620/620 621/621/621 622/622/622
f 620/620/620 622/622/622 623/623/623
f 624/624/624 625/625/625 621/621/621
f 624/624/624 621/621/621 620/620/620
f 626/626/626 627/627/627 625/625/625
f 626/626/626 625/625/625 624/624/624
f 628/628/628 629/629/629 627/627/627
f 628/628/628 627/627/627 626/626/626
f 630/630/630 631/631/631 629/629/629
f 630/630/630 629/629/629 628/628/628
f 632/632/632 633/633/633 631/631/631
f 632/632/632 631/631/631 630/630/630
f 634/634/634 633/633/633 632/632/632
f 634/634/634 632/632/632 635/635/635
f 598/598/598 636/636/636 617/617/617
f 598/598/598 617/617/617 599/599/599
f 599/599/599 619/619/619 637/637/637
f 599/599/599 637/637/637 600/600/600
f 602/602/602 638/638/638 639/639/639
f 602/602/602 639/639/639 604/604/604
f 640/640/640 612/612/612 641/641/641
f 640/640/640 641/641/641 642/642/642
f 609/609/609 643/643/643 641/641/641
f 609/609/609 641/641/641 612/612/612
f 608/608/608 644/644/644 643/643/643
f 608/608/608 643/643/643 609/609/609
f 606/606/606 645/645/645 644/644/644
f 606/606/606 644/644/644 608/608/608
f 604/604/604 639/639/639 645/645/645
f 604/604/604 645/645/645 606/606/606
f 600/600/600 637/637/637 638/638/638
f 600/600/600 638/638/638 602/602/602
f 616/616/616 615/615/615 646/646/646
f 616/616/616 646/646/646 647/647/647
f 648/648/648 647/647/647 646/646/646
f 648/648/648 646/646/646 649/649/649
f 630/630/630 650/650/650 651/651/651
f 630/630/630 651/651/651 632/632/632
f 628/628/628 652/652/652 650/650/650
f 628/628/628 650/650/650 630/630/630
f 626/626/626 653/653/653 652/652/652
f 626/626/626 652/652/652 628/628/628
f 624/624/624 654/654/654 653/653/653
f 624/624/624 653/653/653 626/626/626
f 620/620/620 655/655/655 654/654/654
f 620/620/620 654/654/654 624/624/624
f 622/622/622 614/614/614 613/613/613
f 622/622/622 613/613/613 623/623/623
f 623/623/623 656/656/656 655/655/655
f 623/623/623 655/655/655 620/620/620
f 615/615/615 657/657/657 658/658/658
f 615/615/615 658/658/658 646/646/646
f 659/659/659 660/660/660 661/661/661
f 659/659/659 661/661/661 662/662/662
f 663/663/663 664/664/664 662/662/662
f 663/663/663 662/662/662 661/661/661
f 665/665/665 666/666/666 667/667/667
f 665/665/665 667/667/667 668/668/668
f 669/669/669 665/665/665 668/668/668
f 669/669/669 668/668/668 670/670/670
f 671/671/671 672/672/672 666/666/666
f 671/671/671 666/666/666 665/665/665
f 673/673/673 671/671/671 665/665/665
f 673/673/673 665/665/665 669/669/669
f 674/674/674 675/675/675 671/671/671
f 674/674/674 671/671/671 673/673/673
f 675/675/675 676/676/676 672/672/672
f 675/675/675 672/672/672 671/671/671
f 676/676/676 675/675/675 662/662/662
f 676/676/676 662/662/662 664/664/664
f 675/675/675 674/674/674 659/659/659
f 675/675/675 659/659/659 662/662/662
f 62/62/62 617/617/617 636/636/636
f 62/62/62 636/636/636 677/677/677
f 663/663/663 661/661/661 678/678/678
f 663/663/663 678/678/678 679/679/679
f 661/661/661 660/660/660 680/680/680
f 661/661/661 680/680/680 678/678/678
f 681/681/681 63/63/63 62/62/62
f 681/681/681 62/62/62 677/677/677
f 648/648/648 649/649/649 682/682/682
f 648/648/648 682/682/682 683/683/683
f 597/597/597 684/684/684 685/685/685
f 597/597/597 685/685/685 598/598/598
f 601/601/601 686/686/686 684/684/684
f 601/601/601 684/684/684 597/597/597
f 603/603/603 687/687/687 686/686/686
f 603/603/603 686/686/686 601/601/601
f 605/605/605 688/688/688 687/687/687
f 605/605/605 687/687/687 603/603/603
f 607/607/607 689/689/689 688/688/688
f 607/607/607 688/688/688 605/605/605
f 607/607/607 610/610/610 690/690/690
f 607/607/607 690/690/690 689/689/689
f 611/611/611 691/691/691 690/690/690
f 611/611/611 690/690/690 610/610/610
f 692/692/692 691/691/691 611/611/611
f 692/692/692 611/611/611 693/693/693
f 694/694/694 695/695/695 696/696/696
f 694/694/694 696/696/696 697/697/697
f 698/698/698 699/699/699 700/700/700
f 698/698/698 700/700/700 685/685/685
f 701/701/701 702/702/702 703/703/703
f 701/701/701 703/703/703 704/704/704
f 705/705/705 701/701/701 704/704/704
f 705/705/705 704/704/704 706/706/706
f 707/707/707 705/705/705 706/706/706
f 707/707/707 706/706/706 708/708/708
f 709/709/709 707/707/707 708/708/708
f 709/709/709 708/708/708 710/710/710
f 710/710/710 711/711/711 712/712/712
f 710/710/710 712/712/712 709/709/709
f 713/713/713 712/712/712 711/711/711
f 713/713/713 711/711/711 714/714/714
f 715/715/715 716/716/716 713/713/713
f 715/715/715 713/713/713 714/714/714
f 598/598/598 685/685/685 700/700/700
f 598/598/598 700/700/700 636/636/636
f 717/717/717 698/698/698 685/685/685
f 717/717/717 685/685/685 684/684/684
f 718/718/718 719/719/719 686/686/686
f 718/718/718 686/686/686 687/687/687
f 720/720/720 715/715/715 714/714/714
f 720/720/720 714/714/714 721/721/721
f 692/692/692 722/722/722 723/723/723
f 692/692/692 723/723/723 691/691/691
f 723/723/723 724/724/724 690/690/690
f 723/723/723 690/690/690 691/691/691
f 725/725/725 689/689/689 690/690/690
f 725/725/725 690/690/690 724/724/724
f 725/725/725 726/726/726 688/688/688
f 725/725/725 688/688/688 689/689/689
f 726/726/726 718/718/718 687/687/687
f 726/726/726 687/687/687 688/688/688
f 719/719/719 717/717/717 684/684/684
f 719/719/719 684/684/684 686/686/686
f 695/695/695 727/727/727 728/728/728
f 695/695/695 728/728/728 696/696/696
f 728/728/728 727/727/727 729/729/729
f 728/728/728 729/729/729 730/730/730
f 651/651/651 650/650/650 712/712/712
f 651/651/651 712/712/712 713/713/713
f 650/650/650 652/652/652 709/709/709
f 650/650/650 709/709/709 712/712/712
f 652/652/652 653/653/653 707/707/707
f 652/652/652 707/707/707 709/709/709
f 653/653/653 654/654/654 705/705/705
f 653/653/653 705/705/705 707/707/707
f 654/654/654 655/655/655 701/701/701
f 654/654/654 701/701/701 705/705/705
f 703/703/703 702/702/702 694/694/694
f 703/703/703 694/694/694 697/697/697
f 655/655/655 656/656/656 702/702/702
f 655/655/655 702/702/702 701/701/701
f 728/728/728 731/731/731 732/732/732
f 728/728/728 732/732/732 696/696/696
f 733/733/733 734/734/734 735/735/735
f 733/733/733 735/735/735 736/736/736
f 737/737/737 735/735/735 734/734/734
f 737/737/737 734/734/734 738/738/738
f 739/739/739 740/740/740 741/741/741
f 739/739/739 741/741/741 742/742/742
f 739/739/739 742/742/742 743/743/743
f 739/739/739 743/743/743 744/744/744
f 745/745/745 742/742/742 741/741/741
f 745/745/745 741/741/741 746/746/746
f 747/747/747 743/743/743 742/742/742
f 747/747/747 742/742/742 745/745/745
f 748/748/748 747/747/747 745/745/745
f 748/748/748 745/745/745 749/749/749
f 749/749/749 745/745/745 746/746/746
f 749/749/749 746/746/746 750/750/750
f 750/750/750 738/738/738 734/734/734
f 750/750/750 734/734/734 749/749/749
f 749/749/749 734/734/734 733/733/733
f 749/749/749 733/733/733 748/748/748
f 65/65/65 677/677/677 636/636/636
f 65/65/65 636/636/636 700/700/700
f 737/737/737 679/679/679 678/678/678
f 737/737/737 678/678/678 735/735/735
f 735/735/735 678/678/678 680/680/680
f 735/735/735 680/680/680 736/736/736
f 677/677/677 65/65/65 64/64/64
f 677/677/677 64/64/64 681/681/681
f 682/682/682 730/730/730 729/729/729
f 682/682/682 729/729/729 683/683/683
f 615/615/615 614/614/614 751/751/751
f 615/615/615 751/751/751 657/657/657
f 614/614/614 622/622/622 752/752/752
f 614/614/614 752/752/752 751/751/751
f 621/621/621 625/625/625 753/753/753
f 621/621/621 753/753/753 754/754/754
f 631/631/631 633/633/633 755/755/755
f 631/631/631 755/755/755 756/756/756
f 629/629/629 631/631/631 756/756/756
f 629/629/629 756/756/756 757/757/757
f 627/627/627 629/629/629 757/757/757
f 627/627/627 757/757/757 758/758/758
f 625/625/625 627/627/627 758/758/758
f 625/625/625 758/758/758 753/753/753
f 622/622/622 621/621/621 754/754/754
f 622/622/622 754/754/754 752/752/752
f 617/617/617 62/62/62 61/61/61
f 617/617/617 61/61/61 618/618/618
f 759/759/759 697/697/697 696/696/696
f 759/759/759 696/696/696 732/732/732
f 760/760/760 703/703/703 697/697/697
f 760/760/760 697/697/697 759/759/759
f 761/761/761 706/706/706 704/704/704
f 761/761/761 704/704/704 762/762/762
f 721/721/721 714/714/714 711/711/711
f 721/721/721 711/711/711 763/763/763
f 711/711/711 710/710/710 764/764/764
f 711/711/711 764/764/764 763/763/763
f 764/764/764 710/710/710 708/708/708
f 764/764/764 708/708/708 765/765/765
f 765/765/765 708/708/708 706/706/706
f 765/765/765 706/706/706 761/761/761
f 762/762/762 704/704/704 703/703/703
f 762/762/762 703/703/703 760/760/760
f 66/66/66 65/65/65 700/700/700
f 66/66/66 700/700/700 699/699/699
f 640/640/640 693/693/693 611/611/611
f 640/640/640 611/611/611 612/612/612
f 766/766/766 755/755/755 633/633/633
f 766/766/766 633/633/633 634/634/634
f 635/635/635 632/632/632 651/651/651
f 635/635/635 651/651/651 767/767/767
f 716/716/716 767/767/767 651/651/651
f 716/716/716 651/651/651 713/713/713
f 768/768/768 769/769/769 770/770/770
f 768/768/768 770/770/770 771/771/771
f 772/772/772 773/773/773 769/769/769
f 772/772/772 769/769/769 768/768/768
f 774/774/774 775/775/775 773/773/773
f 774/774/774 773/773/773 772/772/772
f 776/776/776 777/777/777 775/775/775
f 776/776/776 775/775/775 774/774/774
f 778/778/778 779/779/779 777/777/777
f 778/778/778 777/777/777 776/776/776
f 780/780/780 779/779/779 778/778/778
f 780/780/780 778/778/778 781/781/781
f 693/693/693 640/640/640 780/780/780
f 693/693/693 780/780/780 781/781/781
f 782/782/782 783/783/783 784/784/784
f 782/782/782 784/784/784 785/785/785
f 786/786/786 770/770/770 787/787/787
f 786/786/786 787/787/787 788/788/788
f 789/789/789 790/790/790 791/791/791
f 789/789/789 791/791/791 792/792/792
f 793/793/793 789/789/789 792/792/792
f 793/793/793 792/792/792 794/794/794
f 795/795/795 793/793/793 794/794/794
f 795/795/795 794/794/794 796/796/796
f 797/797/797 795/795/795 796/796/796
f 797/797/797 796/796/796 798/798/798
f 799/799/799 797/797/797 798/798/798
f 799/799/799 798/798/798 800/800/800
f 635/635/635 799/799/799 800/800/800
f 635/635/635 800/800/800 634/634/634
f 771/771/771 770/770/770 786/786/786
f 771/771/771 786/786/786 801/801/801
f 770/770/770 769/769/769 802/802/802
f 770/770/770 802/802/802 787/787/787
f 773/773/773 775/775/775 803/803/803
f 773/773/773 803/803/803 804/804/804
f 780/780/780 640/640/640 642/642/642
f 780/780/780 642/642/642 805/805/805
f 779/779/779 780/780/780 805/805/805
f 779/779/779 805/805/805 806/806/806
f 777/777/777 779/779/779 806/806/806
f 777/777/777 806/806/806 807/807/807
f 775/775/775 777/777/777 807/807/807
f 775/775/775 807/807/807 803/803/803
f 769/769/769 773/773/773 804/804/804
f 769/769/769 804/804/804 802/802/802
f 783/783/783 808/808/808 809/809/809
f 783/783/783 809/809/809 784/784/784
f 809/809/809 808/808/808 810/810/810
f 809/809/809 810/810/810 811/811/811
f 799/799/799 635/635/635 767/767/767
f 799/799/799 767/767/767 812/812/812
f 797/797/797 799/799/799 812/812/812
f 797/797/797 812/812/812 813/813/813
f 795/795/795 797/797/797 813/813/813
f 795/795/795 813/813/813 814/814/814
f 793/793/793 795/795/795 814/814/814
f 793/793/793 814/814/814 815/815/815
f 789/789/789 793/793/793 815/815/815
f 789/789/789 815/815/815 816/816/816
f 791/791/791 790/790/790 782/782/782
f 791/791/791 782/782/782 785/785/785
f 790/790/790 789/789/789 816/816/816
f 790/790/790 816/816/816 817/817/817
f 784/784/784 809/809/809 818/818/818
f 784/784/784 818/818/818 819/819/819
f 820/820/820 821/821/821 822/822/822
f 820/820/820 822/822/822 823/823/823
f 824/824/824 822/822/822 821/821/821
f 824/824/824 821/821/821 825/825/825
f 826/826/826 827/827/827 828/828/828
f 826/826/826 828/828/828 829/829/829
f 830/830/830 831/831/831 827/827/827
f 830/830/830 827/827/827 826/826/826
f 832/832/832 826/826/826 829/829/829
f 832/832/832 829/829/829 833/833/833
f 834/834/834 830/830/830 826/826/826
f 834/834/834 826/826/826 832/832/832
f 835/835/835 834/834/834 832/832/832
f 835/835/835 832/832/832 836/836/836
f 836/836/836 832/832/832 833/833/833
f 836/836/836 833/833/833 837/837/837
f 837/837/837 825/825/825 821/821/821
f 837/837/837 821/821/821 836/836/836
f 836/836/836 821/821/821 820/820/820
f 836/836/836 820/820/820 835/835/835
f 69/69/69 838/838/838 801/801/801
f 69/69/69 801/801/801 786/786/786
f 824/824/824 839/839/839 840/840/840
f 824/824/824 840/840/840 822/822/822
f 822/822/822 840/840/840 841/841/841
f 822/822/822 841/841/841 823/823/823
f 842/842/842 838/838/838 69/69/69
f 842/842/842 69/69/69 68/68/68
f 843/843/843 811/811/811 810/810/810
f 843/843/843 810/810/810 844/844/844
f 768/768/768 771/771/771 845/845/845
f 768/768/768 845/845/845 846/846/846
f 772/772/772 768/768/768 846/846/846
f 772/772/772 846/846/846 847/847/847
f 774/774/774 772/772/772 847/847/847
f 774/774/774 847/847/847 848/848/848
f 776/776/776 774/774/774 848/848/848
f 776/776/776 848/848/848 849/849/849
f 778/778/778 776/776/776 849/849/849
f 778/778/778 849/849/849 850/850/850
f 778/778/778 850/850/850 851/851/851
f 778/778/778 851/851/851 781/781/781
f 693/693/693 781/781/781 851/851/851
f 693/693/693 851/851/851 692/692/692
f 852/852/852 853/853/853 854/854/854
f 852/852/852 854/854/854 855/855/855
f 856/856/856 845/845/845 857/857/857
f 856/856/856 857/857/857 858/858/858
f 859/859/859 860/860/860 861/861/861
f 859/859/859 861/861/861 862/862/862
f 863/863/863 864/864/864 860/860/860
f 863/863/863 860/860/860 859/859/859
f 865/865/865 866/866/866 864/864/864
f 865/865/865 864/864/864 863/863/863
f 867/867/867 868/868/868 866/866/866
f 867/867/867 866/866/866 865/865/865
f 868/868/868 867/867/867 869/869/869
f 868/868/868 869/869/869 870/870/870
f 716/716/716 715/715/715 870/870/870
f 716/716/716 870/870/870 869/869/869
f 771/771/771 801/801/801 857/857/857
f 771/771/771 857/857/857 845/845/845
f 871/871/871 846/846/846 845/845/845
f 871/871/871 845/845/845 856/856/856
f 872/872/872 848/848/848 847/847/847
f 872/872/872 847/847/847 873/873/873
f 722/722/722 692/692/692 851/851/851
f 722/722/722 851/851/851 874/874/874
f 875/875/875 874/874/874 851/851/851
f 875/875/875 851/851/851 850/850/850
f 875/875/875 850/850/850 849/849/849
f 875/875/875 849/849/849 876/876/876
f 876/876/876 849/849/849 848/848/848
f 876/876/876 848/848/848 872/872/872
f 873/873/873 847/847/847 846/846/846
f 873/873/873 846/846/846 871/871/871
f 855/855/855 854/854/854 877/877/877
f 855/855/855 877/877/877 878/878/878
f 879/879/879 878/878/878 877/877/877
f 879/879/879 877/877/877 880/880/880
f 767/767/767 716/716/716 869/869/869
f 767/767/767 869/869/869 812/812/812
f 812/812/812 869/869/869 867/867/867
f 812/812/812 867/867/867 813/813/813
f 813/813/813 867/867/867 865/865/865
f 813/813/813 865/865/865 814/814/814
f 814/814/814 865/865/865 863/863/863
f 814/814/814 863/863/863 815/815/815
f 815/815/815 863/863/863 859/859/859
f 815/815/815 859/859/859 816/816/816
f 861/861/861 853/853/853 852/852/852
f 861/861/861 852/852/852 862/862/862
f 816/816/816 859/859/859 862/862/862
f 816/816/816 862/862/862 817/817/817
f 877/877/877 854/854/854 881/881/881
f 877/877/877 881/881/881 882/882/882
f 883/883/883 884/884/884 885/885/885
f 883/883/883 885/885/885 886/886/886
f 887/887/887 888/888/888 886/886/886
f 887/887/887 886/886/886 885/885/885
f 889/889/889 890/890/890 891/891/891
f 889/889/889 891/891/891 892/892/892
f 889/889/889 893/893/893 894/894/894
f 889/889/889 894/894/894 890/890/890
f 895/895/895 896/896/896 891/891/891
f 895/895/895 891/891/891 890/890/890
f 897/897/897 895/895/895 890/890/890
f 897/897/897 890/890/890 894/894/894
f 898/898/898 899/899/899 895/895/895
f 898/898/898 895/895/895 897/897/897
f 899/899/899 900/900/900 896/896/896
f 899/899/899 896/896/896 895/895/895
f 900/900/900 899/899/899 886/886/886
f 900/900/900 886/886/886 888/888/888
f 899/899/899 898/898/898 883/883/883
f 899/899/899 883/883/883 886/886/886
f 72/72/72 857/857/857 801/801/801
f 72/72/72 801/801/801 838/838/838
f 887/887/887 885/885/885 840/840/840
f 887/887/887 840/840/840 839/839/839
f 885/885/885 884/884/884 841/841/841
f 885/885/885 841/841/841 840/840/840
f 838/838/838 842/842/842 70/70/70
f 838/838/838 70/70/70 72/72/72
f 879/879/879 880/880/880 843/843/843
f 879/879/879 843/843/843 844/844/844
f 784/784/784 819/819/819 901/901/901
f 784/784/784 901/901/901 785/785/785
f 785/785/785 901/901/901 902/902/902
f 785/785/785 902/902/902 791/791/791
f 792/792/792 903/903/903 904/904/904
f 792/792/792 904/904/904 794/794/794
f 800/800/800 905/905/905 766/766/766
f 800/800/800 766/766/766 634/634/634
f 798/798/798 906/906/906 905/905/905
f 798/798/798 905/905/905 800/800/800
f 796/796/796 907/907/907 906/906/906
f 796/796/796 906/906/906 798/798/798
f 794/794/794 904/904/904 907/907/907
f 794/794/794 907/907/907 796/796/796
f 791/791/791 902/902/902 903/903/903
f 791/791/791 903/903/903 792/792/792
f 786/786/786 788/788/788 67/67/67
f 786/786/786 67/67/67 69/69/69
f 908/908/908 881/881/881 854/854/854
f 908/908/908 854/854/854 853/853/853
f 909/909/909 908/908/908 853/853/853
f 909/909/909 853/853/853 861/861/861
f 910/910/910 911/911/911 860/860/860
f 910/910/910 860/860/860 864/864/864
f 720/720/720 912/912/912 870/870/870
f 720/720/720 870/870/870 715/715/715
f 870/870/870 912/912/912 913/913/913
f 870/870/870 913/913/913 868/868/868
f 913/913/913 914/914/914 866/866/866
f 913/913/913 866/866/866 868/868/868
f 914/914/914 910/910/910 864/864/864
f 914/914/914 864/864/864 866/866/866
f 911/911/911 909/909/909 861/861/861
f 911/911/911 861/861/861 860/860/860
f 71/71/71 858/858/858 857/857/857
f 71/71/71 857/857/857 72/72/72
f 649/649/649 915/915/915 916/916/916
f 649/649/649 916/916/916 682/682/682
f 916/916/916 917/917/917 730/730/730
f 916/916/916 730/730/730 682/682/682
f 646/646/646 658/658/658 915/915/915
f 646/646/646 915/915/915 649/649/649
f 917/917/917 731/731/731 728/728/728
f 917/917/917 728/728/728 730/730/730
f 918/918/918 919/919/919 811/811/811
f 918/918/918 811/811/811 843/843/843
f 880/880/880 920/920/920 918/918/918
f 880/880/880 918/918/918 843/843/843
f 877/877/877 882/882/882 920/920/920
f 877/877/877 920/920/920 880/880/880
f 919/919/919 818/818/818 809/809/809
f 919/919/919 809/809/809 811/811/811
f 921/921/921 922/922/922 923/923/923
f 921/921/921 923/923/923 924/924/924
f 925/925/925 926/926/926 927/927/927
f 925/925/925 927/927/927 928/928/928
f 929/929/929 75/75/75 930/930/930
f 929/929/929 930/930/930 931/931/931
f 932/932/932 933/933/933 934/934/934
f 932/932/932 934/934/934 935/935/935
f 936/936/936 937/937/937 938/938/938
f 936/936/936 938/938/938 939/939/939
f 940/940/940 941/941/941 942/942/942
f 940/940/940 942/942/942 943/943/943
f 944/944/944 945/945/945 946/946/946
f 944/944/944 946/946/946 947/947/947
f 948/948/948 949/949/949 950/950/950
f 948/948/948 950/950/950 951/951/951
f 952/952/952 944/944/944 947/947/947
f 952/952/952 947/947/947 953/953/953
f 954/954/954 955/955/955 956/956/956
f 954/954/954 956/956/956 957/957/957
f 958/958/958 959/959/959 960/960/960
f 958/958/958 960/960/960 961/961/961
f 962/962/962 963/963/963 960/960/960
f 962/962/962 960/960/960 959/959/959
f 940/940/940 932/932/932 935/935/935
f 940/940/940 935/935/935 941/941/941
f 964/964/964 965/965/965 966/966/966
f 964/964/964 966/966/966 967/967/967
f 968/968/968 929/929/929 931/931/931
f 968/968/968 931/931/931 969/969/969
f 970/970/970 971/971/971 80/80/80
f 970/970/970 80/80/80 79/79/79
f 80/80/80 929/929/929 968/968/968
f 80/80/80 968/968/968 78/78/78
f 972/972/972 930/930/930 75/75/75
f 972/972/972 75/75/75 76/76/76
f 75/75/75 74/74/74 973/973/973
f 75/75/75 973/973/973 77/77/77
f 973/973/973 74/74/74 974/974/974
f 973/973/973 974/974/974 975/975/975
f 80/80/80 976/976/976 75/75/75
f 80/80/80 75/75/75 929/929/929
f 74/74/74 73/73/73 977/977/977
f 74/74/74 977/977/977 974/974/974
f 978/978/978 976/976/976 979/979/979
f 978/978/978 979/979/979 980/980/980
f 981/981/981 928/928/928 927/927/927
f 981/981/981 927/927/927 964/964/964
f 965/965/965 982/982/982 983/983/983
f 965/965/965 983/983/983 984/984/984
f 984/984/984 983/983/983 976/976/976
f 984/984/984 976/976/976 978/978/978
f 964/964/964 927/927/927 982/982/982
f 964/964/964 982/982/982 965/965/965
f 982/982/982 927/927/927 926/926/926
f 982/982/982 926/926/926 985/985/985
f 80/80/80 971/971/971 979/979/979
f 80/80/80 979/979/979 976/976/976
f 75/75/75 976/976/976 983/983/983
f 75/75/75 983/983/983 73/73/73
f 76/76/76 77/77/77 986/986/986
f 76/76/76 986/986/986 987/987/987
f 79/79/79 78/78/78 988/988/988
f 79/79/79 988/988/988 989/989/989
f 990/990/990 991/991/991 992/992/992
f 990/990/990 992/992/992 993/993/993
f 83/83/83 994/994/994 995/995/995
f 83/83/83 995/995/995 996/996/996
f 81/81/81 997/997/997 998/998/998
f 81/81/81 998/998/998 999/999/999
f 1000/1000/1000 923/923/923 922/922/922
f 1000/1000/1000 922/922/922 1001/1001/1001
f 990/990/990 993/993/993 85/85/85
f 990/990/990 85/85/85 84/84/84
f 921/921/921 924/924/924 1002/1002/1002
f 921/921/921 1002/1002/1002 1003/1003/1003
f 91/91/91 994/994/994 83/83/83
f 91/91/91 83/83/83 82/82/82
f 1004/1004/1004 1005/1005/1005 1006/1006/1006
f 1004/1004/1004 1006/1006/1006 1007/1007/1007
f 925/925/925 1008/1008/1008 1009/1009/1009
f 925/925/925 1009/1009/1009 926/926/926
f 985/985/985 926/926/926 1010/1010/1010
f 985/985/985 1010/1010/1010 1011/1011/1011
f 81/81/81 999/999/999 1012/1012/1012
f 81/81/81 1012/1012/1012 1013/1013/1013
f 83/83/83 996/996/996 997/997/997
f 83/83/83 997/997/997 81/81/81
f 82/82/82 1014/1014/1014 1015/1015/1015
f 82/82/82 1015/1015/1015 1016/1016/1016
f 926/926/926 1009/1009/1009 1017/1017/1017
f 926/926/926 1017/1017/1017 1010/1010/1010
f 990/990/990 921/921/921 1003/1003/1003
f 990/990/990 1003/1003/1003 991/991/991
f 73/73/73 985/985/985 1011/1011/1011
f 73/73/73 1011/1011/1011 1018/1018/1018
f 983/983/983 982/982/982 985/985/985
f 983/983/983 985/985/985 73/73/73
f 1019/1019/1019 1020/1020/1020 88/88/88
f 1019/1019/1019 88/88/88 1021/1021/1021
f 1001/1001/1001 922/922/922 84/84/84
f 1001/1001/1001 84/84/84 86/86/86
f 1004/1004/1004 1007/1007/1007 1022/1022/1022
f 1004/1004/1004 1022/1022/1022 1023/1023/1023
f 1024/1024/1024 1004/1004/1004 1023/1023/1023
f 1024/1024/1024 1023/1023/1023 1025/1025/1025
f 1026/1026/1026 1027/1027/1027 1028/1028/1028
f 1026/1026/1026 1028/1028/1028 1029/1029/1029
f 1030/1030/1030 1031/1031/1031 1032/1032/1032
f 1030/1030/1030 1032/1032/1032 1033/1033/1033
f 1034/1034/1034 1035/1035/1035 1036/1036/1036
f 1034/1034/1034 1036/1036/1036 1037/1037/1037
f 1038/1038/1038 1004/1004/1004 1024/1024/1024
f 1038/1038/1038 1024/1024/1024 1039/1039/1039
f 1040/1040/1040 1027/1027/1027 1026/1026/1026
f 1040/1040/1040 1026/1026/1026 1041/1041/1041
f 84/84/84 922/922/922 921/921/921
f 84/84/84 921/921/921 990/990/990
f 1014/1014/1014 82/82/82 81/81/81
f 1014/1014/1014 81/81/81 1013/1013/1013
f 88/88/88 87/87/87 1042/1042/1042
f 88/88/88 1042/1042/1042 1021/1021/1021
f 1028/1028/1028 1043/1043/1043 1044/1044/1044
f 1028/1028/1028 1044/1044/1044 1029/1029/1029
f 89/89/89 88/88/88 1020/1020/1020
f 89/89/89 1020/1020/1020 1045/1045/1045
f 1046/1046/1046 1035/1035/1035 1034/1034/1034
f 1046/1046/1046 1034/1034/1034 1047/1047/1047
f 1048/1048/1048 1024/1024/1024 1025/1025/1025
f 1048/1048/1048 1025/1025/1025 1049/1049/1049
f 1050/1050/1050 1051/1051/1051 1052/1052/1052
f 1050/1050/1050 1052/1052/1052 1053/1053/1053
f 1054/1054/1054 1055/1055/1055 963/963/963
f 1054/1054/1054 963/963/963 962/962/962
f 1056/1056/1056 1057/1057/1057 975/975/975
f 1056/1056/1056 975/975/975 974/974/974
f 1058/1058/1058 1056/1056/1056 974/974/974
f 1058/1058/1058 974/974/974 977/977/977
f 1059/1059/1059 1060/1060/1060 1061/1061/1061
f 1059/1059/1059 1061/1061/1061 1062/1062/1062
f 1063/1063/1063 1058/1058/1058 977/977/977
f 1063/1063/1063 977/977/977 1064/1064/1064
f 1060/1060/1060 1065/1065/1065 1066/1066/1066
f 1060/1060/1060 1066/1066/1066 1061/1061/1061
f 924/924/924 923/923/923 1067/1067/1067
f 924/924/924 1067/1067/1067 1068/1068/1068
f 977/977/977 73/73/73 1069/1069/1069
f 977/977/977 1069/1069/1069 1070/1070/1070
f 1002/1002/1002 924/924/924 1068/1068/1068
f 1002/1002/1002 1068/1068/1068 1071/1071/1071
f 923/923/923 1000/1000/1000 1072/1072/1072
f 923/923/923 1072/1072/1072 1067/1067/1067
f 1006/1006/1006 1005/1005/1005 1073/1073/1073
f 1006/1006/1006 1073/1073/1073 1074/1074/1074
f 73/73/73 1018/1018/1018 1075/1075/1075
f 73/73/73 1075/1075/1075 1069/1069/1069
f 1031/1031/1031 1030/1030/1030 1076/1076/1076
f 1031/1031/1031 1076/1076/1076 1077/1077/1077
f 1078/1078/1078 1079/1079/1079 1080/1080/1080
f 1078/1078/1078 1080/1080/1080 1081/1081/1081
f 1064/1064/1064 977/977/977 1070/1070/1070
f 1064/1064/1064 1070/1070/1070 1082/1082/1082
f 1079/1079/1079 1083/1083/1083 1084/1084/1084
f 1079/1079/1079 1084/1084/1084 1080/1080/1080
f 1085/1085/1085 1086/1086/1086 1087/1087/1087
f 1085/1085/1085 1087/1087/1087 1088/1088/1088
f 1089/1089/1089 1090/1090/1090 1091/1091/1091
f 1089/1089/1089 1091/1091/1091 1092/1092/1092
f 1093/1093/1093 1085/1085/1085 1088/1088/1088
f 1093/1093/1093 1088/1088/1088 1094/1094/1094
f 1086/1086/1086 1095/1095/1095 1096/1096/1096
f 1086/1086/1086 1096/1096/1096 1087/1087/1087
f 1097/1097/1097 1098/1098/1098 1099/1099/1099
f 1097/1097/1097 1099/1099/1099 1100/1100/1100
f 1090/1090/1090 1101/1101/1101 1102/1102/1102
f 1090/1090/1090 1102/1102/1102 1091/1091/1091
f 1103/1103/1103 1104/1104/1104 1105/1105/1105
f 1103/1103/1103 1105/1105/1105 1106/1106/1106
f 1107/1107/1107 1108/1108/1108 1109/1109/1109
f 1107/1107/1107 1109/1109/1109 1110/1110/1110
f 1111/1111/1111 1089/1089/1089 1092/1092/1092
f 1111/1111/1111 1092/1092/1092 1112/1112/1112
f 1108/1108/1108 1113/1113/1113 1114/1114/1114
f 1108/1108/1108 1114/1114/1114 1109/1109/1109
f 1067/1067/1067 1115/1115/1115 1116/1116/1116
f 1067/1067/1067 1116/1116/1116 1068/1068/1068
f 1069/1069/1069 1117/1117/1117 1118/1118/1118
f 1069/1069/1069 1118/1118/1118 1070/1070/1070
f 1068/1068/1068 1116/1116/1116 1119/1119/1119
f 1068/1068/1068 1119/1119/1119 1071/1071/1071
f 1072/1072/1072 1120/1120/1120 1115/1115/1115
f 1072/1072/1072 1115/1115/1115 1067/1067/1067
f 1073/1073/1073 1121/1121/1121 1122/1122/1122
f 1073/1073/1073 1122/1122/1122 1074/1074/1074
f 1075/1075/1075 1123/1123/1123 1117/1117/1117
f 1075/1075/1075 1117/1117/1117 1069/1069/1069
f 1124/1124/1124 1125/1125/1125 1121/1121/1121
f 1124/1124/1124 1121/1121/1121 1073/1073/1073
f 1080/1080/1080 1126/1126/1126 1127/1127/1127
f 1080/1080/1080 1127/1127/1127 1081/1081/1081
f 1070/1070/1070 1118/1118/1118 1128/1128/1128
f 1070/1070/1070 1128/1128/1128 1082/1082/1082
f 1084/1084/1084 1129/1129/1129 1126/1126/1126
f 1084/1084/1084 1126/1126/1126 1080/1080/1080
f 1130/1130/1130 1086/1086/1086 1085/1085/1085
f 1130/1130/1130 1085/1085/1085 1131/1131/1131
f 1117/1117/1117 1090/1090/1090 1089/1089/1089
f 1117/1117/1117 1089/1089/1089 1118/1118/1118
f 1131/1131/1131 1085/1085/1085 1093/1093/1093
f 1131/1131/1131 1093/1093/1093 1132/1132/1132
f 1133/1133/1133 1095/1095/1095 1086/1086/1086
f 1133/1133/1133 1086/1086/1086 1130/1130/1130
f 1121/1121/1121 1098/1098/1098 1097/1097/1097
f 1121/1121/1121 1097/1097/1097 1122/1122/1122
f 1123/1123/1123 1101/1101/1101 1090/1090/1090
f 1123/1123/1123 1090/1090/1090 1117/1117/1117
f 1125/1125/1125 1134/1134/1134 1098/1098/1098
f 1125/1125/1125 1098/1098/1098 1121/1121/1121
f 1135/1135/1135 1108/1108/1108 1107/1107/1107
f 1135/1135/1135 1107/1107/1107 1136/1136/1136
f 1118/1118/1118 1089/1089/1089 1111/1111/1111
f 1118/1118/1118 1111/1111/1111 1128/1128/1128
f 1137/1137/1137 1113/1113/1113 1108/1108/1108
f 1137/1137/1137 1108/1108/1108 1135/1135/1135
f 1138/1138/1138 1139/1139/1139 1140/1140/1140
f 1138/1138/1138 1140/1140/1140 1141/1141/1141
f 925/925/925 928/928/928 1142/1142/1142
f 925/925/925 1142/1142/1142 1143/1143/1143
f 1144/1144/1144 931/931/931 930/930/930
f 1144/1144/1144 930/930/930 93/93/93
f 1145/1145/1145 1146/1146/1146 934/934/934
f 1145/1145/1145 934/934/934 933/933/933
f 936/936/936 939/939/939 1147/1147/1147
f 936/936/936 1147/1147/1147 1148/1148/1148
f 1149/1149/1149 1150/1150/1150 1151/1151/1151
f 1149/1149/1149 1151/1151/1151 1152/1152/1152
f 1153/1153/1153 1154/1154/1154 946/946/946
f 1153/1153/1153 946/946/946 945/945/945
f 948/948/948 951/951/951 1155/1155/1155
f 948/948/948 1155/1155/1155 1156/1156/1156
f 1157/1157/1157 1158/1158/1158 1154/1154/1154
f 1157/1157/1157 1154/1154/1154 1153/1153/1153
f 954/954/954 957/957/957 1159/1159/1159
f 954/954/954 1159/1159/1159 1160/1160/1160
f 1161/1161/1161 1162/1162/1162 1163/1163/1163
f 1161/1161/1161 1163/1163/1163 1164/1164/1164
f 1163/1163/1163 1165/1165/1165 1166/1166/1166
f 1163/1163/1163 1166/1166/1166 1164/1164/1164
f 1149/1149/1149 1152/1152/1152 1146/1146/1146
f 1149/1149/1149 1146/1146/1146 1145/1145/1145
f 1167/1167/1167 1168/1168/1168 1169/1169/1169
f 1167/1167/1167 1169/1169/1169 1170/1170/1170
f 1171/1171/1171 969/969/969 931/931/931
f 1171/1171/1171 931/931/931 1144/1144/1144
f 970/970/970 99/99/99 98/98/98
f 970/970/970 98/98/98 971/971/971
f 98/98/98 97/97/97 1171/1171/1171
f 98/98/98 1171/1171/1171 1144/1144/1144
f 972/972/972 95/95/95 93/93/93
f 972/972/972 93/93/93 930/930/930
f 93/93/93 96/96/96 1172/1172/1172
f 93/93/93 1172/1172/1172 94/94/94
f 1172/1172/1172 1173/1173/1173 1174/1174/1174
f 1172/1172/1172 1174/1174/1174 94/94/94
f 98/98/98 1144/1144/1144 93/93/93
f 98/98/98 93/93/93 1175/1175/1175
f 94/94/94 1174/1174/1174 1176/1176/1176
f 94/94/94 1176/1176/1176 92/92/92
f 1177/1177/1177 980/980/980 979/979/979
f 1177/1177/1177 979/979/979 1175/1175/1175
f 981/981/981 1167/1167/1167 1142/1142/1142
f 981/981/981 1142/1142/1142 928/928/928
f 1170/1170/1170 1178/1178/1178 1179/1179/1179
f 1170/1170/1170 1179/1179/1179 1180/1180/1180
f 1178/1178/1178 1177/1177/1177 1175/1175/1175
f 1178/1178/1178 1175/1175/1175 1179/1179/1179
f 1167/1167/1167 1170/1170/1170 1180/1180/1180
f 1167/1167/1167 1180/1180/1180 1142/1142/1142
f 1180/1180/1180 1181/1181/1181 1143/1143/1143
f 1180/1180/1180 1143/1143/1143 1142/1142/1142
f 98/98/98 1175/1175/1175 979/979/979
f 98/98/98 979/979/979 971/971/971
f 93/93/93 92/92/92 1179/1179/1179
f 93/93/93 1179/1179/1179 1175/1175/1175
f 95/95/95 1182/1182/1182 1183/1183/1183
f 95/95/95 1183/1183/1183 96/96/96
f 99/99/99 1184/1184/1184 1185/1185/1185
f 99/99/99 1185/1185/1185 97/97/97
f 1186/1186/1186 1187/1187/1187 1188/1188/1188
f 1186/1186/1186 1188/1188/1188 1189/1189/1189
f 101/101/101 1190/1190/1190 1191/1191/1191
f 101/101/101 1191/1191/1191 1192/1192/1192
f 100/100/100 1193/1193/1193 1194/1194/1194
f 100/100/100 1194/1194/1194 1195/1195/1195
f 1196/1196/1196 1197/1197/1197 1141/1141/1141
f 1196/1196/1196 1141/1141/1141 1140/1140/1140
f 1186/1186/1186 103/103/103 105/105/105
f 1186/1186/1186 105/105/105 1187/1187/1187
f 1138/1138/1138 1198/1198/1198 1199/1199/1199
f 1138/1138/1138 1199/1199/1199 1139/1139/1139
f 110/110/110 102/102/102 101/101/101
f 110/110/110 101/101/101 1192/1192/1192
f 1200/1200/1200 1201/1201/1201 1202/1202/1202
f 1200/1200/1200 1202/1202/1202 1203/1203/1203
f 925/925/925 1143/1143/1143 1204/1204/1204
f 925/925/925 1204/1204/1204 1008/1008/1008
f 1181/1181/1181 1205/1205/1205 1206/1206/1206
f 1181/1181/1181 1206/1206/1206 1143/1143/1143
f 100/100/100 1013/1013/1013 1012/1012/1012
f 100/100/100 1012/1012/1012 1193/1193/1193
f 101/101/101 100/100/100 1195/1195/1195
f 101/101/101 1195/1195/1195 1190/1190/1190
f 102/102/102 1207/1207/1207 1015/1015/1015
f 102/102/102 1015/1015/1015 1014/1014/1014
f 1143/1143/1143 1206/1206/1206 1208/1208/1208
f 1143/1143/1143 1208/1208/1208 1204/1204/1204
f 1186/1186/1186 1189/1189/1189 1198/1198/1198
f 1186/1186/1186 1198/1198/1198 1138/1138/1138
f 92/92/92 1209/1209/1209 1205/1205/1205
f 92/92/92 1205/1205/1205 1181/1181/1181
f 1179/1179/1179 92/92/92 1181/1181/1181
f 1179/1179/1179 1181/1181/1181 1180/1180/1180
f 1019/1019/1019 1021/1021/1021 108/108/108
f 1019/1019/1019 108/108/108 1210/1210/1210
f 1197/1197/1197 104/104/104 103/103/103
f 1197/1197/1197 103/103/103 1141/1141/1141
f 1200/1200/1200 1211/1211/1211 1212/1212/1212
f 1200/1200/1200 1212/1212/1212 1201/1201/1201
f 1213/1213/1213 1214/1214/1214 1211/1211/1211
f 1213/1213/1213 1211/1211/1211 1200/1200/1200
f 1215/1215/1215 1216/1216/1216 1217/1217/1217
f 1215/1215/1215 1217/1217/1217 1218/1218/1218
f 1219/1219/1219 1220/1220/1220 1221/1221/1221
f 1219/1219/1219 1221/1221/1221 1222/1222/1222
f 1223/1223/1223 1037/1037/1037 1036/1036/1036
f 1223/1223/1223 1036/1036/1036 1224/1224/1224
f 1225/1225/1225 1226/1226/1226 1213/1213/1213
f 1225/1225/1225 1213/1213/1213 1200/1200/1200
f 1227/1227/1227 1228/1228/1228 1215/1215/1215
f 1227/1227/1227 1215/1215/1215 1218/1218/1218
f 103/103/103 1186/1186/1186 1138/1138/1138
f 103/103/103 1138/1138/1138 1141/1141/1141
f 1014/1014/1014 1013/1013/1013 100/100/100
f 1014/1014/1014 100/100/100 102/102/102
f 108/108/108 1021/1021/1021 1042/1042/1042
f 108/108/108 1042/1042/1042 106/106/106
f 1217/1217/1217 1216/1216/1216 1229/1229/1229
f 1217/1217/1217 1229/1229/1229 1230/1230/1230
f 107/107/107 1231/1231/1231 1210/1210/1210
f 107/107/107 1210/1210/1210 108/108/108
f 1232/1232/1232 1233/1233/1233 1223/1223/1223
f 1232/1232/1232 1223/1223/1223 1224/1224/1224
f 1234/1234/1234 1235/1235/1235 1214/1214/1214
f 1234/1234/1234 1214/1214/1214 1213/1213/1213
f 1236/1236/1236 1237/1237/1237 1238/1238/1238
f 1236/1236/1236 1238/1238/1238 1239/1239/1239
f 1165/1165/1165 1055/1055/1055 1054/1054/1054
f 1165/1165/1165 1054/1054/1054 1166/1166/1166
f 1173/1173/1173 1057/1057/1057 1056/1056/1056
f 1173/1173/1173 1056/1056/1056 1174/1174/1174
f 1174/1174/1174 1056/1056/1056 1058/1058/1058
f 1174/1174/1174 1058/1058/1058 1176/1176/1176
f 1240/1240/1240 1060/1060/1060 1059/1059/1059
f 1240/1240/1240 1059/1059/1059 1241/1241/1241
f 1176/1176/1176 1058/1058/1058 1063/1063/1063
f 1176/1176/1176 1063/1063/1063 1242/1242/1242
f 1243/1243/1243 1065/1065/1065 1060/1060/1060
f 1243/1243/1243 1060/1060/1060 1240/1240/1240
f 1139/1139/1139 1244/1244/1244 1245/1245/1245
f 1139/1139/1139 1245/1245/1245 1140/1140/1140
f 1176/1176/1176 1246/1246/1246 1247/1247/1247
f 1176/1176/1176 1247/1247/1247 92/92/92
f 1199/1199/1199 1248/1248/1248 1244/1244/1244
f 1199/1199/1199 1244/1244/1244 1139/1139/1139
f 1140/1140/1140 1245/1245/1245 1249/1249/1249
f 1140/1140/1140 1249/1249/1249 1196/1196/1196
f 1202/1202/1202 1250/1250/1250 1251/1251/1251
f 1202/1202/1202 1251/1251/1251 1203/1203/1203
f 92/92/92 1247/1247/1247 1252/1252/1252
f 92/92/92 1252/1252/1252 1209/1209/1209
f 1222/1222/1222 1253/1253/1253 1254/1254/1254
f 1222/1222/1222 1254/1254/1254 1219/1219/1219
f 1255/1255/1255 1256/1256/1256 1257/1257/1257
f 1255/1255/1255 1257/1257/1257 1258/1258/1258
f 1242/1242/1242 1259/1259/1259 1246/1246/1246
f 1242/1242/1242 1246/1246/1246 1176/1176/1176
f 1258/1258/1258 1257/1257/1257 1260/1260/1260
f 1258/1258/1258 1260/1260/1260 1261/1261/1261
f 1262/1262/1262 1088/1088/1088 1087/1087/1087
f 1262/1262/1262 1087/1087/1087 1263/1263/1263
f 1264/1264/1264 1092/1092/1092 1091/1091/1091
f 1264/1264/1264 1091/1091/1091 1265/1265/1265
f 1266/1266/1266 1094/1094/1094 1088/1088/1088
f 1266/1266/1266 1088/1088/1088 1262/1262/1262
f 1263/1263/1263 1087/1087/1087 1096/1096/1096
f 1263/1263/1263 1096/1096/1096 1267/1267/1267
f 1268/1268/1268 1100/1100/1100 1099/1099/1099
f 1268/1268/1268 1099/1099/1099 1269/1269/1269
f 1265/1265/1265 1091/1091/1091 1102/1102/1102
f 1265/1265/1265 1102/1102/1102 1270/1270/1270
f 1271/1271/1271 1106/1106/1106 1105/1105/1105
f 1271/1271/1271 1105/1105/1105 1272/1272/1272
f 1273/1273/1273 1110/1110/1110 1109/1109/1109
f 1273/1273/1273 1109/1109/1109 1274/1274/1274
f 1275/1275/1275 1112/1112/1112 1092/1092/1092
f 1275/1275/1275 1092/1092/1092 1264/1264/1264
f 1274/1274/1274 1109/1109/1109 1114/1114/1114
f 1274/1274/1274 1114/1114/1114 1276/1276/1276
f 1245/1245/1245 1244/1244/1244 1277/1277/1277
f 1245/1245/1245 1277/1277/1277 1278/1278/1278
f 1247/1247/1247 1246/1246/1246 1279/1279/1279
f 1247/1247/1247 1279/1279/1279 1280/1280/1280
f 1244/1244/1244 1248/1248/1248 1281/1281/1281
f 1244/1244/1244 1281/1281/1281 1277/1277/1277
f 1249/1249/1249 1245/1245/1245 1278/1278/1278
f 1249/1249/1249 1278/1278/1278 1282/1282/1282
f 1251/1251/1251 1250/1250/1250 1283/1283/1283
f 1251/1251/1251 1283/1283/1283 1284/1284/1284
f 1252/1252/1252 1247/1247/1247 1280/1280/1280
f 1252/1252/1252 1280/1280/1280 1285/1285/1285
f 1286/1286/1286 1251/1251/1251 1284/1284/1284
f 1286/1286/1286 1284/1284/1284 1287/1287/1287
f 1257/1257/1257 1256/1256/1256 1288/1288/1288
f 1257/1257/1257 1288/1288/1288 1289/1289/1289
f 1246/1246/1246 1259/1259/1259 1290/1290/1290
f 1246/1246/1246 1290/1290/1290 1279/1279/1279
f 1260/1260/1260 1257/1257/1257 1289/1289/1289
f 1260/1260/1260 1289/1289/1289 1291/1291/1291
f 1292/1292/1292 1293/1293/1293 1262/1262/1262
f 1292/1292/1292 1262/1262/1262 1263/1263/1263
f 1280/1280/1280 1279/1279/1279 1264/1264/1264
f 1280/1280/1280 1264/1264/1264 1265/1265/1265
f 1293/1293/1293 1294/1294/1294 1266/1266/1266
f 1293/1293/1293 1266/1266/1266 1262/1262/1262
f 1295/1295/1295 1292/1292/1292 1263/1263/1263
f 1295/1295/1295 1263/1263/1263 1267/1267/1267
f 1284/1284/1284 1283/1283/1283 1268/1268/1268
f 1284/1284/1284 1268/1268/1268 1269/1269/1269
f 1285/1285/1285 1280/1280/1280 1265/1265/1265
f 1285/1285/1285 1265/1265/1265 1270/1270/1270
f 1287/1287/1287 1284/1284/1284 1269/1269/1269
f 1287/1287/1287 1269/1269/1269 1296/1296/1296
f 1297/1297/1297 1298/1298/1298 1273/1273/1273
f 1297/1297/1297 1273/1273/1273 1274/1274/1274
f 1279/1279/1279 1290/1290/1290 1275/1275/1275
f 1279/1279/1279 1275/1275/1275 1264/1264/1264
f 1299/1299/1299 1297/1297/1297 1274/1274/1274
f 1299/1299/1299 1274/1274/1274 1276/1276/1276