# https://github.com/mikedh/trimesh
mtllib material.mtl
usemtl material_0
v 0.00000000 0.29938589 -0.33516546
v 0.00000000 0.29938589 0.17860833
v -0.00978756 0.29986764 0.17860833
v -0.00978756 0.29986764 -0.33516546
v -0.01948104 0.30130479 0.17860833
v -0.01948104 0.30130479 -0.33516546
v -0.02898635 0.30368599 0.17860833
v -0.02898635 0.30368599 -0.33516546
v -0.03821268 0.30698690 0.17860833
v -0.03821268 0.30698690 -0.33516546
v -0.04707241 0.31117670 0.17860833
v -0.04707241 0.31117670 -0.33516546
v -0.05547634 0.31621484 0.17860833
v -0.05547634 0.31621484 -0.33516546
v -0.06334824 0.32205266 0.17860833
v -0.06334824 0.32205266 -0.33516546
v -0.07060862 0.32863339 0.17860833
v -0.07060862 0.32863339 -0.33516546
v -0.07718935 0.33589377 0.17860833
v -0.07718935 0.33589377 -0.33516546
v -0.08302717 0.34376566 0.17860833
v -0.08302717 0.34376566 -0.33516546
v -0.08806531 0.35217122 0.17860833
v -0.08806531 0.35217122 -0.33516546
v -0.09225511 0.36102933 0.17860833
v -0.09225511 0.36102933 -0.33516546
v -0.09555602 0.37025565 0.17860833
v -0.09555602 0.37025565 -0.33516546
v -0.09793722 0.37976097 0.17860833
v -0.09793722 0.37976097 -0.33516546
v -0.09937599 0.38945445 0.17860833
v -0.09937599 0.38945445 -0.33516546
v -0.09937599 0.38945445 -0.33516546
v -0.09937599 0.38945445 0.17860833
v -0.09985612 0.39924201 0.17860833
v -0.09985612 0.39924201 -0.33516546
v -0.09937599 0.40902957 0.17860833
v -0.09937599 0.40902957 -0.33516546
v -0.09793722 0.41872304 0.17860833
v -0.09793722 0.41872304 -0.33516546
v -0.09555602 0.42822998 0.17860833
v -0.09555602 0.42822998 -0.33516546
v -0.09225511 0.43745631 0.17860833
v -0.09225511 0.43745631 -0.33516546
v -0.08806531 0.44631442 0.17860833
v -0.08806531 0.44631442 -0.33516546
v -0.08302717 0.45471997 0.17860833
v -0.08302717 0.45471997 -0.33516546
v -0.07718935 0.46259025 0.17860833
v -0.07718935 0.46259025 -0.33516546
v -0.07060862 0.46985225 0.17860833
v -0.07060862 0.46985225 -0.33516546
v -0.06334824 0.47643298 0.17860833
v -0.06334824 0.47643298 -0.33516546
v -0.05547634 0.48226918 0.17860833
v -0.05547634 0.48226918 -0.33516546
v -0.04707241 0.48730732 0.17860833
v -0.04707241 0.48730732 -0.33516546
v -0.03821268 0.49149712 0.17860833
v -0.03821268 0.49149712 -0.33516546
v -0.02898635 0.49479965 0.17860833
v -0.02898635 0.49479965 -0.33516546
v -0.01948104 0.49717922 0.17860833
v -0.01948104 0.49717922 -0.33516546
v -0.00978756 0.49861800 0.17860833
v -0.00978756 0.49861800 -0.33516546
v -0.00978756 0.49861800 -0.33516546
v -0.00978756 0.49861800 0.17860833
v 0.00000000 0.49909813 0.17860833
v 0.00000000 0.49909813 -0.33516546
v 0.00978756 0.49861800 0.17860833
v 0.00978756 0.49861800 -0.33516546
v 0.01948104 0.49717922 0.17860833
v 0.01948104 0.49717922 -0.33516546
v 0.02898635 0.49479965 0.17860833
v 0.02898635 0.49479965 -0.33516546
v 0.03821268 0.49149712 0.17860833
v 0.03821268 0.49149712 -0.33516546
v 0.04707241 0.48730732 0.17860833
v 0.04707241 0.48730732 -0.33516546
v 0.05547634 0.48226918 0.17860833
v 0.05547634 0.48226918 -0.33516546
v 0.06334824 0.47643298 0.17860833
v 0.06334824 0.47643298 -0.33516546
v 0.07060862 0.46985062 0.17860833
v 0.07060862 0.46985062 -0.33516546
v 0.07718935 0.46259025 0.17860833
v 0.07718935 0.46259025 -0.33516546
v 0.08302717 0.45471997 0.17860833
v 0.08302717 0.45471997 -0.33516546
v 0.08806531 0.44631442 0.17860833
v 0.08806531 0.44631442 -0.33516546
v 0.09225511 0.43745631 0.17860833
v 0.09225511 0.43745631 -0.33516546
v 0.09555602 0.42822998 0.17860833
v 0.09555602 0.42822998 -0.33516546
v 0.09793722 0.41872304 0.17860833
v 0.09793722 0.41872304 -0.33516546
v 0.09937599 0.40902957 0.17860833
v 0.09937599 0.40902957 -0.33516546
v 0.09937599 0.40902957 -0.33516546
v 0.09937599 0.40902957 0.17860833
v 0.09985612 0.39924201 0.17860833
v 0.09985612 0.39924201 -0.33516546
v 0.09937599 0.38945445 0.17860833
v 0.09937599 0.38945445 -0.33516546
v 0.09793722 0.37976097 0.17860833
v 0.09793722 0.37976097 -0.33516546
v 0.09555602 0.37025565 0.17860833
v 0.09555602 0.37025565 -0.33516546
v 0.09225511 0.36102933 0.17860833
v 0.09225511 0.36102933 -0.33516546
v 0.08806531 0.35217122 0.17860833
v 0.08806531 0.35217122 -0.33516546
v 0.08302717 0.34376566 0.17860833
v 0.08302717 0.34376566 -0.33516546
v 0.07718935 0.33589539 0.17860833
v 0.07718935 0.33589539 -0.33516546
v 0.07060862 0.32863339 0.17860833
v 0.07060862 0.32863339 -0.33516546
v 0.06334824 0.32205266 0.17860833
v 0.06334824 0.32205266 -0.33516546
v 0.05547797 0.31621484 0.17860833
v 0.05547797 0.31621484 -0.33516546
v 0.04707241 0.31117670 0.17860833
v 0.04707241 0.31117670 -0.33516546
v 0.03821430 0.30698690 0.17860833
v 0.03821430 0.30698690 -0.33516546
v 0.02898635 0.30368599 0.17860833
v 0.02898635 0.30368599 -0.33516546
v 0.01948104 0.30130479 0.17860833
v 0.01948104 0.30130479 -0.33516546
v -0.08012204 0.36605450 0.17868781
v -0.07648375 0.35836103 0.17868781
v -0.07641075 0.35839996 0.17084349
v -0.08004581 0.36608694 0.17084349
v 0.00978756 0.29986764 0.17860833
v 0.00978756 0.29986764 -0.33516546
v 0.00000000 0.29938589 0.17860833
v 0.00000000 0.29938589 -0.33516546
v -0.08894772 0.40800280 -0.33524494
v -0.08765979 0.41667924 -0.33524494
v -0.08757869 0.41666302 -0.31160817
v -0.08886337 0.40799469 -0.31160817
v 0.00000000 0.31251815 0.17868781
v 0.00000000 0.31251815 0.17868781
v -0.00850126 0.31293664 0.17868781
v -0.00850126 0.31293664 0.17868781
v -0.00850126 0.31293664 0.17868781
v -0.00978756 0.29986764 0.17860833
v -0.00978756 0.29986764 0.17860833
v 0.00000000 0.29938589 0.17860833
v 0.00000000 0.29938589 0.17860833
v -0.01691979 0.31418401 0.17868781
v -0.01691979 0.31418401 0.17868781
v -0.01948104 0.30130479 0.17860833
v -0.01948104 0.30130479 0.17860833
v -0.02517449 0.31625215 0.17868781
v -0.02517449 0.31625215 0.17868781
v -0.02517449 0.31625215 0.17868781
v -0.02898635 0.30368599 0.17860833
v -0.02898635 0.30368599 0.17860833
v -0.02898635 0.30368599 0.17860833
v -0.03318751 0.31911996 0.17868781
v -0.03318751 0.31911996 0.17868781
v -0.03318751 0.31911996 0.17868781
v -0.03821268 0.30698690 0.17860833
v -0.03821268 0.30698690 0.17860833
v -0.04088098 0.32275826 0.17868781
v -0.04088098 0.32275826 0.17868781
v -0.04707241 0.31117670 0.17860833
v -0.04707241 0.31117670 0.17860833
v -0.04707241 0.31117670 0.17860833
v -0.04818191 0.32713460 0.17868781
v -0.04818191 0.32713460 0.17868781
v -0.05547634 0.31621484 0.17860833
v -0.05547634 0.31621484 0.17860833
v -0.05501730 0.33220356 0.17868781
v -0.05501730 0.33220356 0.17868781
v -0.06334824 0.32205266 0.17860833
v -0.06334824 0.32205266 0.17860833
v -0.06334824 0.32205266 0.17860833
v -0.06132390 0.33791973 0.17868781
v -0.06132390 0.33791973 0.17868781
v -0.07060862 0.32863339 0.17860833
v -0.07060862 0.32863339 0.17860833
v -0.06703844 0.34422471 0.17868781
v -0.06703844 0.34422471 0.17868781
v -0.06703844 0.34422471 0.17868781
v -0.07718935 0.33589377 0.17860833
v -0.07718935 0.33589377 0.17860833
v -0.07718935 0.33589377 0.17860833
v -0.07210903 0.35106172 0.17868781
v -0.07210903 0.35106172 0.17868781
v -0.08302717 0.34376566 0.17860833
v -0.08302717 0.34376566 0.17860833
v -0.07648375 0.35836103 0.17868781
v -0.07648375 0.35836103 0.17868781
v -0.07648375 0.35836103 0.17868781
v -0.08806531 0.35217122 0.17860833
v -0.08806531 0.35217122 0.17860833
v -0.08012204 0.36605450 0.17868781
v -0.08012204 0.36605450 0.17868781
v -0.09225511 0.36102933 0.17860833
v -0.09225511 0.36102933 0.17860833
v -0.09225511 0.36102933 0.17860833
v -0.08298986 0.37406751 0.17868781
v -0.08298986 0.37406751 0.17868781
v -0.08298986 0.37406751 0.17868781
v -0.09555602 0.37025565 0.17860833
v -0.09555602 0.37025565 0.17860833
v -0.08505800 0.38232384 0.17868781
v -0.08505800 0.38232384 0.17868781
v -0.08505800 0.38232384 0.17868781
v -0.09793722 0.37976097 0.17860833
v -0.09793722 0.37976097 0.17860833
v -0.08630699 0.39074237 0.17868781
v -0.08630699 0.39074237 0.17868781
v -0.09937599 0.38945445 0.17860833
v -0.09937599 0.38945445 0.17860833
v -0.09937599 0.38945445 0.17860833
v -0.08672386 0.39924201 0.17868781
v -0.08672386 0.39924201 0.17868781
v -0.09985612 0.39924201 0.17860833
v -0.09985612 0.39924201 0.17860833
v -0.08630699 0.40774327 0.17868781
v -0.08630699 0.40774327 0.17868781
v -0.08630699 0.40774327 0.17868781
v -0.09937599 0.40902957 0.17860833
v -0.09937599 0.40902957 0.17860833
v -0.09937599 0.40902957 0.17860833
v -0.08505800 0.41616180 0.17868781
v -0.08505800 0.41616180 0.17868781
v -0.08505800 0.41616180 0.17868781
v -0.09793722 0.41872304 0.17860833
v -0.09793722 0.41872304 0.17860833
v -0.09793722 0.41872304 0.17860833
v -0.08298986 0.42441650 0.17868781
v -0.08298986 0.42441650 0.17868781
v -0.09555602 0.42822998 0.17860833
v -0.09555602 0.42822998 0.17860833
v -0.09555602 0.42822998 0.17860833
v -0.08012204 0.43243114 0.17868781
v -0.08012204 0.43243114 0.17868781
v -0.09225511 0.43745631 0.17860833
v -0.09225511 0.43745631 0.17860833
v -0.07648375 0.44012461 0.17868781
v -0.07648375 0.44012461 0.17868781
v -0.08806531 0.44631442 0.17860833
v -0.08806531 0.44631442 0.17860833
v -0.08806531 0.44631442 0.17860833
v -0.07210903 0.44742391 0.17868781
v -0.07210903 0.44742391 0.17868781
v -0.08302717 0.45471997 0.17860833
v -0.08302717 0.45471997 0.17860833
v -0.06703844 0.45425931 0.17868781
v -0.06703844 0.45425931 0.17868781
v -0.07718935 0.46259025 0.17860833
v -0.07718935 0.46259025 0.17860833
v -0.06132390 0.46056591 0.17868781
v -0.06132390 0.46056591 0.17868781
v -0.07060862 0.46985225 0.17860833
v -0.07060862 0.46985225 0.17860833
v -0.05501730 0.46628207 0.17868781
v -0.05501730 0.46628207 0.17868781
v -0.05501730 0.46628207 0.17868781
v -0.06334824 0.47643298 0.17860833
v -0.06334824 0.47643298 0.17860833
v -0.04818191 0.47135104 0.17868781
v -0.04818191 0.47135104 0.17868781
v -0.05547634 0.48226918 0.17860833
v -0.05547634 0.48226918 0.17860833
v -0.04088098 0.47572575 0.17868781
v -0.04088098 0.47572575 0.17868781
v -0.04088098 0.47572575 0.17868781
v -0.04707241 0.48730732 0.17860833
v -0.04707241 0.48730732 0.17860833
v -0.03318751 0.47936567 0.17868781
v -0.03318751 0.47936567 0.17868781
v -0.03318751 0.47936567 0.17868781
v -0.03821268 0.49149712 0.17860833
v -0.03821268 0.49149712 0.17860833
v -0.02517449 0.48223187 0.17868781
v -0.02517449 0.48223187 0.17868781
v -0.02517449 0.48223187 0.17868781
v -0.02898635 0.49479965 0.17860833
v -0.02898635 0.49479965 0.17860833
v -0.02898635 0.49479965 0.17860833
v -0.01691979 0.48430000 0.17868781
v -0.01691979 0.48430000 0.17868781
v -0.01691979 0.48430000 0.17868781
v -0.01948104 0.49717922 0.17860833
v -0.01948104 0.49717922 0.17860833
v -0.00850126 0.48554900 0.17868781
v -0.00850126 0.48554900 0.17868781
v -0.00850126 0.48554900 0.17868781
v -0.00978756 0.49861800 0.17860833
v -0.00978756 0.49861800 0.17860833
v -0.00978756 0.49861800 0.17860833
v 0.00000000 0.48596749 0.17868781
v 0.00000000 0.48596749 0.17868781
v 0.00000000 0.49909813 0.17860833
v 0.00000000 0.49909813 0.17860833
v 0.00850126 0.48554900 0.17868781
v 0.00850126 0.48554900 0.17868781
v 0.00850126 0.48554900 0.17868781
v 0.00978756 0.49861800 0.17860833
v 0.00978756 0.49861800 0.17860833
v 0.01691979 0.48430000 0.17868781
v 0.01691979 0.48430000 0.17868781
v 0.01948104 0.49717922 0.17860833
v 0.01948104 0.49717922 0.17860833
v 0.02517449 0.48223187 0.17868781
v 0.02517449 0.48223187 0.17868781
v 0.02517449 0.48223187 0.17868781
v 0.02898635 0.49479965 0.17860833
v 0.02898635 0.49479965 0.17860833
v 0.02898635 0.49479965 0.17860833
v 0.03318751 0.47936567 0.17868781
v 0.03318751 0.47936567 0.17868781
v 0.03821268 0.49149712 0.17860833
v 0.03821268 0.49149712 0.17860833
v 0.04088098 0.47572575 0.17868781
v 0.04088098 0.47572575 0.17868781
v 0.04707241 0.48730732 0.17860833
v 0.04707241 0.48730732 0.17860833
v 0.04818191 0.47135104 0.17868781
v 0.04818191 0.47135104 0.17868781
v 0.05547634 0.48226918 0.17860833
v 0.05547634 0.48226918 0.17860833
v 0.05501730 0.46628045 0.17868781
v 0.05501730 0.46628045 0.17868781
v 0.06334824 0.47643298 0.17860833
v 0.06334824 0.47643298 0.17860833
v 0.06334824 0.47643298 0.17860833
v 0.06132390 0.46056591 0.17868781
v 0.06132390 0.46056591 0.17868781
v 0.07060862 0.46985062 0.17860833
v 0.07060862 0.46985062 0.17860833
v 0.06703844 0.45425931 0.17868781
v 0.06703844 0.45425931 0.17868781
v 0.06703844 0.45425931 0.17868781
v 0.07718935 0.46259025 0.17860833
v 0.07718935 0.46259025 0.17860833
v 0.07210903 0.44742391 0.17868781
v 0.07210903 0.44742391 0.17868781
v 0.08302717 0.45471997 0.17860833
v 0.08302717 0.45471997 0.17860833
v 0.08302717 0.45471997 0.17860833
v 0.07648375 0.44012461 0.17868781
v 0.07648375 0.44012461 0.17868781
v 0.07648375 0.44012461 0.17868781
v 0.08806531 0.44631442 0.17860833
v 0.08806531 0.44631442 0.17860833
v 0.08012204 0.43243114 0.17868781
v 0.08012204 0.43243114 0.17868781
v 0.09225511 0.43745631 0.17860833
v 0.09225511 0.43745631 0.17860833
v 0.08298986 0.42441650 0.17868781
v 0.08298986 0.42441650 0.17868781
v 0.08298986 0.42441650 0.17868781
v 0.09555602 0.42822998 0.17860833
v 0.09555602 0.42822998 0.17860833
v 0.09555602 0.42822998 0.17860833
v 0.08505800 0.41616180 0.17868781
v 0.08505800 0.41616180 0.17868781
v 0.09793722 0.41872304 0.17860833
v 0.09793722 0.41872304 0.17860833
v 0.09793722 0.41872304 0.17860833
v 0.08630699 0.40774327 0.17868781
v 0.08630699 0.40774327 0.17868781
v 0.09937599 0.40902957 0.17860833
v 0.09937599 0.40902957 0.17860833
v 0.09937599 0.40902957 0.17860833
v 0.08672386 0.39924201 0.17868781
v 0.08672386 0.39924201 0.17868781
v 0.09985612 0.39924201 0.17860833
v 0.09985612 0.39924201 0.17860833
v 0.08630699 0.39074237 0.17868781
v 0.08630699 0.39074237 0.17868781
v 0.08630699 0.39074237 0.17868781
v 0.09937599 0.38945445 0.17860833
v 0.09937599 0.38945445 0.17860833
v 0.08505800 0.38232384 0.17868781
v 0.08505800 0.38232384 0.17868781
v 0.08505800 0.38232384 0.17868781
v 0.09793722 0.37976097 0.17860833
v 0.09793722 0.37976097 0.17860833
v 0.09793722 0.37976097 0.17860833
v 0.08298986 0.37406751 0.17868781
v 0.08298986 0.37406751 0.17868781
v 0.08298986 0.37406751 0.17868781
v 0.09555602 0.37025565 0.17860833
v 0.09555602 0.37025565 0.17860833
v 0.09555602 0.37025565 0.17860833
v 0.08012204 0.36605450 0.17868781
v 0.08012204 0.36605450 0.17868781
v 0.09225511 0.36102933 0.17860833
v 0.09225511 0.36102933 0.17860833
v 0.07648375 0.35836103 0.17868781
v 0.07648375 0.35836103 0.17868781
v 0.08806531 0.35217122 0.17860833
v 0.08806531 0.35217122 0.17860833
v 0.08806531 0.35217122 0.17860833
v 0.07210903 0.35106172 0.17868781
v 0.07210903 0.35106172 0.17868781
v 0.08302717 0.34376566 0.17860833
v 0.08302717 0.34376566 0.17860833
v 0.06703844 0.34422471 0.17868781
v 0.06703844 0.34422471 0.17868781
v 0.07718935 0.33589539 0.17860833
v 0.07718935 0.33589539 0.17860833
v 0.07718935 0.33589539 0.17860833
v 0.06132390 0.33791973 0.17868781
v 0.06132390 0.33791973 0.17868781
v 0.07060862 0.32863339 0.17860833
v 0.07060862 0.32863339 0.17860833
v 0.05501730 0.33220356 0.17868781
v 0.05501730 0.33220356 0.17868781
v 0.05501730 0.33220356 0.17868781
v 0.06334824 0.32205266 0.17860833
v 0.06334824 0.32205266 0.17860833
v 0.04818191 0.32713460 0.17868781
v 0.04818191 0.32713460 0.17868781
v 0.04818191 0.32713460 0.17868781
v 0.05547797 0.31621484 0.17860833
v 0.05547797 0.31621484 0.17860833
v 0.04088098 0.32275826 0.17868781
v 0.04088098 0.32275826 0.17868781
v 0.04707241 0.31117670 0.17860833
v 0.04707241 0.31117670 0.17860833
v 0.04707241 0.31117670 0.17860833
v 0.03318751 0.31911996 0.17868781
v 0.03318751 0.31911996 0.17868781
v 0.03821430 0.30698690 0.17860833
v 0.03821430 0.30698690 0.17860833
v 0.02517449 0.31625215 0.17868781
v 0.02517449 0.31625215 0.17868781
v 0.02517449 0.31625215 0.17868781
v 0.02898635 0.30368599 0.17860833
v 0.02898635 0.30368599 0.17860833
v 0.01691979 0.31418401 0.17868781
v 0.01691979 0.31418401 0.17868781
v 0.01948104 0.30130479 0.17860833
v 0.01948104 0.30130479 0.17860833
v 0.00850126 0.31293664 0.17868781
v 0.00850126 0.31293664 0.17868781
v 0.00978756 0.29986764 0.17860833
v 0.00978756 0.29986764 0.17860833
v 0.00978756 0.29986764 0.17860833
v 0.05501730 0.46628045 0.17868781
v 0.04818191 0.47135104 0.17868781
v 0.04813487 0.47128129 0.17084349
v 0.05496377 0.46621719 0.17084349
v -0.08298986 0.37406751 0.17868781
v -0.08291038 0.37409184 0.17084349
v 0.06132390 0.46056591 0.17868781
v 0.06126388 0.46050589 0.17084349
v -0.08505800 0.38232384 0.17868781
v -0.08497527 0.38234006 0.17084349
v 0.06703844 0.45425931 0.17868781
v 0.06697356 0.45420740 0.17084349
v -0.08630699 0.39074237 0.17868781
v -0.08622264 0.39075048 0.17084349
v 0.07210903 0.44742391 0.17868781
v 0.07203928 0.44737687 0.17084349
v -0.08672386 0.39924201 0.17868781
v -0.08664114 0.39924201 0.17084349
v 0.07648375 0.44012461 0.17868781
v 0.07641075 0.44008406 0.17084349
v -0.08630699 0.40774327 0.17868781
v -0.08672386 0.39924201 0.17868781
v -0.08664114 0.39924201 0.17084349
v -0.08622264 0.40773516 0.17084349
v 0.08012204 0.43243114 0.17868781
v 0.08004581 0.43239870 0.17084349
v -0.08505800 0.41616180 0.17868781
v -0.08497527 0.41614558 0.17084349
v 0.08298986 0.42441650 0.17868781
v 0.08291038 0.42439217 0.17084349
v -0.08298986 0.42441650 0.17868781
v -0.08291038 0.42439379 0.17084349
v 0.08505800 0.41616180 0.17868781
v 0.08497527 0.41614558 0.17084349
v -0.08012204 0.43243114 0.17868781
v -0.08004581 0.43239870 0.17084349
v 0.08630699 0.40774327 0.17868781
v 0.08622264 0.40773516 0.17084349
v -0.07648375 0.44012461 0.17868781
v -0.07641075 0.44008406 0.17084349
v 0.08672386 0.39924201 0.17868781
v 0.08664114 0.39924201 0.17084349
v -0.07210903 0.44742391 0.17868781
v -0.07203928 0.44737687 0.17084349
v 0.08630699 0.39074237 0.17868781
v 0.08672386 0.39924201 0.17868781
v 0.08664114 0.39924201 0.17084349
v 0.08622264 0.39075048 0.17084349
v -0.06703844 0.45425931 0.17868781
v -0.06697356 0.45420740 0.17084349
v 0.08505800 0.38232384 0.17868781
v 0.08497527 0.38234006 0.17084349
v -0.06132390 0.46056591 0.17868781
v -0.06126388 0.46050589 0.17084349
v 0.08298986 0.37406751 0.17868781
v 0.08291038 0.37409184 0.17084349
v -0.05501730 0.46628207 0.17868781
v -0.05496377 0.46621719 0.17084349
v 0.08012204 0.36605450 0.17868781
v 0.08004581 0.36608694 0.17084349
v -0.04818191 0.47135104 0.17868781
v -0.04813487 0.47128129 0.17084349
v 0.07648375 0.35836103 0.17868781
v 0.07641075 0.35839996 0.17084349
v -0.04088098 0.47572575 0.17868781
v -0.04084205 0.47565276 0.17084349
v -0.00850126 0.31293664 0.17868781
v 0.00000000 0.31251815 0.17868781
v 0.00000000 0.31260249 0.17084349
v -0.00849153 0.31301937 0.17084349
v 0.07210903 0.35106172 0.17868781
v 0.07203928 0.35110714 0.17084349
v -0.03318751 0.47936567 0.17868781
v -0.03315507 0.47928781 0.17084349
v -0.01691979 0.31418401 0.17868781
v -0.01690357 0.31426674 0.17084349
v 0.06703844 0.34422471 0.17868781
v 0.06697356 0.34427824 0.17084349
v -0.02517449 0.48223187 0.17868781
v -0.02515016 0.48215239 0.17084349
v -0.02517449 0.31625215 0.17868781
v -0.02515016 0.31633325 0.17084349
v 0.06132390 0.33791973 0.17868781
v 0.06126388 0.33797812 0.17084349
v -0.01691979 0.48430000 0.17868781
v -0.01690357 0.48421890 0.17084349
v -0.03318751 0.31911996 0.17868781
v -0.03315669 0.31919782 0.17084349
v 0.05501730 0.33220356 0.17868781
v 0.05496377 0.33226845 0.17084349
v -0.00850126 0.48554900 0.17868781
v -0.00849153 0.48546627 0.17084349
v -0.04088098 0.32275826 0.17868781
v -0.04084205 0.32283288 0.17084349
v 0.04818191 0.32713460 0.17868781
v 0.04813487 0.32720435 0.17084349
v 0.00000000 0.48596749 0.17868781
v 0.00000000 0.48588314 0.17084349
v -0.04818191 0.32713460 0.17868781
v -0.04813487 0.32720435 0.17084349
v 0.04088098 0.32275826 0.17868781
v 0.04084205 0.32283288 0.17084349
v 0.00850126 0.48554900 0.17868781
v 0.00000000 0.48596749 0.17868781
v 0.00000000 0.48588314 0.17084349
v 0.00849153 0.48546627 0.17084349
v -0.05501730 0.33220356 0.17868781
v -0.05496377 0.33226845 0.17084349
v 0.03318751 0.31911996 0.17868781
v 0.03315669 0.31919782 0.17084349
v 0.01691979 0.48430000 0.17868781
v 0.01690357 0.48421890 0.17084349
v -0.06132390 0.33791973 0.17868781
v -0.06126388 0.33797812 0.17084349
v 0.02517449 0.31625215 0.17868781
v 0.02515016 0.31633325 0.17084349
v 0.02517449 0.48223187 0.17868781
v 0.02515016 0.48215239 0.17084349
v -0.06703844 0.34422471 0.17868781
v -0.06697356 0.34427824 0.17084349
v 0.01691979 0.31418401 0.17868781
v 0.01690357 0.31426674 0.17084349
v 0.03318751 0.47936567 0.17868781
v 0.03315507 0.47928781 0.17084349
v -0.07210903 0.35106172 0.17868781
v -0.07203928 0.35110714 0.17084349
v 0.00850126 0.31293664 0.17868781
v 0.00849315 0.31301937 0.17084349
v 0.04088098 0.47572575 0.17868781
v 0.04084205 0.47565276 0.17084349
v 0.00000000 0.31251815 0.17868781
v 0.00000000 0.31260249 0.17084349
v -0.00876079 0.31029591 -0.33524494
v -0.00876079 0.31029591 -0.33524494
v -0.00876079 0.31029591 -0.33524494
v 0.00000000 0.30986444 -0.33524494
v 0.00000000 0.30986444 -0.33524494
v 0.00000000 0.29938589 -0.33516546
v 0.00000000 0.29938589 -0.33516546
v 0.00000000 0.29938589 -0.33516546
v -0.00978756 0.29986764 -0.33516546
v -0.00978756 0.29986764 -0.33516546
v -0.01743723 0.31158221 -0.33524494
v -0.01743723 0.31158221 -0.33524494
v -0.01948104 0.30130479 -0.33516546
v -0.01948104 0.30130479 -0.33516546
v -0.02594498 0.31371361 -0.33524494
v -0.02594498 0.31371361 -0.33524494
v -0.02898635 0.30368599 -0.33516546
v -0.02898635 0.30368599 -0.33516546
v -0.03420292 0.31666902 -0.33524494
v -0.03420292 0.31666902 -0.33524494
v -0.03420292 0.31666902 -0.33524494
v -0.03821268 0.30698690 -0.33516546
v -0.03821268 0.30698690 -0.33516546
v -0.03821268 0.30698690 -0.33516546
v -0.04213159 0.32041924 -0.33524494
v -0.04213159 0.32041924 -0.33524494
v -0.04707241 0.31117670 -0.33516546
v -0.04707241 0.31117670 -0.33516546
v -0.04965474 0.32492859 -0.33524494
v -0.04965474 0.32492859 -0.33524494
v -0.05547634 0.31621484 -0.33516546
v -0.05547634 0.31621484 -0.33516546
v -0.05547634 0.31621484 -0.33516546
v -0.05670101 0.33015327 -0.33524494
v -0.05670101 0.33015327 -0.33524494
v -0.06334824 0.32205266 -0.33516546
v -0.06334824 0.32205266 -0.33516546
v -0.06319901 0.33604300 -0.33524494
v -0.06319901 0.33604300 -0.33524494
v -0.07060862 0.32863339 -0.33516546
v -0.07060862 0.32863339 -0.33516546
v -0.07060862 0.32863339 -0.33516546
v -0.06909036 0.34254262 -0.33524494
v -0.06909036 0.34254262 -0.33524494
v -0.06909036 0.34254262 -0.33524494
v -0.07718935 0.33589377 -0.33516546
v -0.07718935 0.33589377 -0.33516546
v -0.07718935 0.33589377 -0.33516546
v -0.07431504 0.34958726 -0.33524494
v -0.07431504 0.34958726 -0.33524494
v -0.08302717 0.34376566 -0.33516546
v -0.08302717 0.34376566 -0.33516546
v -0.07882439 0.35711042 -0.33524494
v -0.07882439 0.35711042 -0.33524494
v -0.07882439 0.35711042 -0.33524494
v -0.08806531 0.35217122 -0.33516546
v -0.08806531 0.35217122 -0.33516546
v -0.08257461 0.36503908 -0.33524494
v -0.08257461 0.36503908 -0.33524494
v -0.09225511 0.36102933 -0.33516546
v -0.09225511 0.36102933 -0.33516546
v -0.09225511 0.36102933 -0.33516546
v -0.08552840 0.37329703 -0.33524494
v -0.08552840 0.37329703 -0.33524494
v -0.08552840 0.37329703 -0.33524494
v -0.09555602 0.37025565 -0.33516546
v -0.09555602 0.37025565 -0.33516546
v -0.09555602 0.37025565 -0.33516546
v -0.08765979 0.38180640 -0.33524494
v -0.08765979 0.38180640 -0.33524494
v -0.09793722 0.37976097 -0.33516546
v -0.09793722 0.37976097 -0.33516546
v -0.09793722 0.37976097 -0.33516546
v -0.08894772 0.39048122 -0.33524494
v -0.08894772 0.39048122 -0.33524494
v -0.08894772 0.39048122 -0.33524494
v -0.09937599 0.38945445 -0.33516546
v -0.09937599 0.38945445 -0.33516546
v -0.08937756 0.39924201 -0.33524494
v -0.09985612 0.39924201 -0.33516546
v -0.09985612 0.39924201 -0.33516546
v -0.09985612 0.39924201 -0.33516546
v -0.08894772 0.40800280 -0.33524494
v -0.08894772 0.40800280 -0.33524494
v -0.08894772 0.40800280 -0.33524494
v -0.09937599 0.40902957 -0.33516546
v -0.09937599 0.40902957 -0.33516546
v -0.08765979 0.41667924 -0.33524494
v -0.08765979 0.41667924 -0.33524494
v -0.09793722 0.41872304 -0.33516546
v -0.09793722 0.41872304 -0.33516546
v -0.09793722 0.41872304 -0.33516546
v -0.08552840 0.42518698 -0.33524494
v -0.08552840 0.42518698 -0.33524494
v -0.08552840 0.42518698 -0.33524494
v -0.09555602 0.42822998 -0.33516546
v -0.09555602 0.42822998 -0.33516546
v -0.08257461 0.43344655 -0.33524494
v -0.08257461 0.43344655 -0.33524494
v -0.08257461 0.43344655 -0.33524494
v -0.09225511 0.43745631 -0.33516546
v -0.09225511 0.43745631 -0.33516546
v -0.09225511 0.43745631 -0.33516546
v -0.07882439 0.44137522 -0.33524494
v -0.07882439 0.44137522 -0.33524494
v -0.07882439 0.44137522 -0.33524494
v -0.08806531 0.44631442 -0.33516546
v -0.08806531 0.44631442 -0.33516546
v -0.07431504 0.44889837 -0.33524494
v -0.07431504 0.44889837 -0.33524494
v -0.07431504 0.44889837 -0.33524494
v -0.08302717 0.45471997 -0.33516546
v -0.08302717 0.45471997 -0.33516546
v -0.06909036 0.45594301 -0.33524494
v -0.06909036 0.45594301 -0.33524494
v -0.07718935 0.46259025 -0.33516546
v -0.07718935 0.46259025 -0.33516546
v -0.07718935 0.46259025 -0.33516546
v -0.06319901 0.46244264 -0.33524494
v -0.06319901 0.46244264 -0.33524494
v -0.06319901 0.46244264 -0.33524494
v -0.07060862 0.46985225 -0.33516546
v -0.07060862 0.46985225 -0.33516546
v -0.07060862 0.46985225 -0.33516546
v -0.05670101 0.46833237 -0.33524494
v -0.05670101 0.46833237 -0.33524494
v -0.05670101 0.46833237 -0.33524494
v -0.06334824 0.47643298 -0.33516546
v -0.06334824 0.47643298 -0.33516546
v -0.06334824 0.47643298 -0.33516546
v -0.04965474 0.47355705 -0.33524494
v -0.04965474 0.47355705 -0.33524494
v -0.04965474 0.47355705 -0.33524494
v -0.05547634 0.48226918 -0.33516546
v -0.05547634 0.48226918 -0.33516546
v -0.04213159 0.47806640 -0.33524494
v -0.04213159 0.47806640 -0.33524494
v -0.04213159 0.47806640 -0.33524494
v -0.04707241 0.48730732 -0.33516546
v -0.04707241 0.48730732 -0.33516546
v -0.03420292 0.48181662 -0.33524494
v -0.03420292 0.48181662 -0.33524494
v -0.03821268 0.49149712 -0.33516546
v -0.03821268 0.49149712 -0.33516546
v -0.03821268 0.49149712 -0.33516546
v -0.02594498 0.48477203 -0.33524494
v -0.02594498 0.48477203 -0.33524494
v -0.02594498 0.48477203 -0.33524494
v -0.02898635 0.49479965 -0.33516546
v -0.02898635 0.49479965 -0.33516546
v -0.01743723 0.48690180 -0.33524494
v -0.01743723 0.48690180 -0.33524494
v -0.01948104 0.49717922 -0.33516546
v -0.01948104 0.49717922 -0.33516546
v -0.01948104 0.49717922 -0.33516546
v -0.00876079 0.48818972 -0.33524494
v -0.00876079 0.48818972 -0.33524494
v -0.00876079 0.48818972 -0.33524494
v -0.00978756 0.49861800 -0.33516546
v -0.00978756 0.49861800 -0.33516546
v -0.00978756 0.49861800 -0.33516546
v 0.00000000 0.48861957 -0.33524494
v 0.00000000 0.48861957 -0.33524494
v 0.00000000 0.48861957 -0.33524494
v 0.00000000 0.49909813 -0.33516546
v 0.00000000 0.49909813 -0.33516546
v 0.00000000 0.49909813 -0.33516546
v 0.00876079 0.48818972 -0.33524494
v 0.00876079 0.48818972 -0.33524494
v 0.00876079 0.48818972 -0.33524494
v 0.00978756 0.49861800 -0.33516546
v 0.00978756 0.49861800 -0.33516546
v 0.01743723 0.48690180 -0.33524494
v 0.01743723 0.48690180 -0.33524494
v 0.01948104 0.49717922 -0.33516546
v 0.01948104 0.49717922 -0.33516546
v 0.02594498 0.48477203 -0.33524494
v 0.02594498 0.48477203 -0.33524494
v 0.02898635 0.49479965 -0.33516546
v 0.02898635 0.49479965 -0.33516546
v 0.03420292 0.48181662 -0.33524494
v 0.03420292 0.48181662 -0.33524494
v 0.03821268 0.49149712 -0.33516546
v 0.03821268 0.49149712 -0.33516546
v 0.04213159 0.47806640 -0.33524494
v 0.04707241 0.48730732 -0.33516546
v 0.04707241 0.48730732 -0.33516546
v 0.04965474 0.47355705 -0.33524494
v 0.04965474 0.47355705 -0.33524494
v 0.05547634 0.48226918 -0.33516546
v 0.05547634 0.48226918 -0.33516546
v 0.05547634 0.48226918 -0.33516546
v 0.05670101 0.46833237 -0.33524494
v 0.05670101 0.46833237 -0.33524494
v 0.05670101 0.46833237 -0.33524494
v 0.06334824 0.47643298 -0.33516546
v 0.06334824 0.47643298 -0.33516546
v 0.06319901 0.46244102 -0.33524494
v 0.07060862 0.46985062 -0.33516546
v 0.07060862 0.46985062 -0.33516546
v 0.06909036 0.45594301 -0.33524494
v 0.06909036 0.45594301 -0.33524494
v 0.06909036 0.45594301 -0.33524494
v 0.07718935 0.46259025 -0.33516546
v 0.07718935 0.46259025 -0.33516546
v 0.07718935 0.46259025 -0.33516546
v 0.07431504 0.44889837 -0.33524494
v 0.07431504 0.44889837 -0.33524494
v 0.08302717 0.45471997 -0.33516546
v 0.08302717 0.45471997 -0.33516546
v 0.07882439 0.44137522 -0.33524494
v 0.07882439 0.44137522 -0.33524494
v 0.07882439 0.44137522 -0.33524494
v 0.08806531 0.44631442 -0.33516546
v 0.08806531 0.44631442 -0.33516546
v 0.08257461 0.43344655 -0.33524494
v 0.08257461 0.43344655 -0.33524494
v 0.09225511 0.43745631 -0.33516546
v 0.09225511 0.43745631 -0.33516546
v 0.09225511 0.43745631 -0.33516546
v 0.08552840 0.42518698 -0.33524494
v 0.08552840 0.42518698 -0.33524494
v 0.08552840 0.42518698 -0.33524494
v 0.09555602 0.42822998 -0.33516546
v 0.09555602 0.42822998 -0.33516546
v 0.08765979 0.41667924 -0.33524494
v 0.08765979 0.41667924 -0.33524494
v 0.09793722 0.41872304 -0.33516546
v 0.09793722 0.41872304 -0.33516546
v 0.09793722 0.41872304 -0.33516546
v 0.08894772 0.40800280 -0.33524494
v 0.08894772 0.40800280 -0.33524494
v 0.09937599 0.40902957 -0.33516546
v 0.09937599 0.40902957 -0.33516546
v 0.09937599 0.40902957 -0.33516546
v 0.08937756 0.39924201 -0.33524494
v 0.08937756 0.39924201 -0.33524494
v 0.08937756 0.39924201 -0.33524494
v 0.09985612 0.39924201 -0.33516546
v 0.09985612 0.39924201 -0.33516546
v 0.08894772 0.39048284 -0.33524494
v 0.08894772 0.39048284 -0.33524494
v 0.09937599 0.38945445 -0.33516546
v 0.09937599 0.38945445 -0.33516546
v 0.08765979 0.38180640 -0.33524494
v 0.08765979 0.38180640 -0.33524494
v 0.08765979 0.38180640 -0.33524494
v 0.09793722 0.37976097 -0.33516546
v 0.09793722 0.37976097 -0.33516546
v 0.09793722 0.37976097 -0.33516546
v 0.08552840 0.37329703 -0.33524494
v 0.08552840 0.37329703 -0.33524494
v 0.08552840 0.37329703 -0.33524494
v 0.09555602 0.37025565 -0.33516546
v 0.09555602 0.37025565 -0.33516546
v 0.08257461 0.36503908 -0.33524494
v 0.08257461 0.36503908 -0.33524494
v 0.09225511 0.36102933 -0.33516546
v 0.09225511 0.36102933 -0.33516546
v 0.07882439 0.35711042 -0.33524494
v 0.07882439 0.35711042 -0.33524494
v 0.08806531 0.35217122 -0.33516546
v 0.07431504 0.34958726 -0.33524494
v 0.07431504 0.34958726 -0.33524494
v 0.08302717 0.34376566 -0.33516546
v 0.08302717 0.34376566 -0.33516546
v 0.06909036 0.34254262 -0.33524494
v 0.06909036 0.34254262 -0.33524494
v 0.07718935 0.33589539 -0.33516546
v 0.07718935 0.33589539 -0.33516546
v 0.07718935 0.33589539 -0.33516546
v 0.06319901 0.33604300 -0.33524494
v 0.06319901 0.33604300 -0.33524494
v 0.06319901 0.33604300 -0.33524494
v 0.07060862 0.32863339 -0.33516546
v 0.07060862 0.32863339 -0.33516546
v 0.05670101 0.33015327 -0.33524494
v 0.05670101 0.33015327 -0.33524494
v 0.06334824 0.32205266 -0.33516546
v 0.06334824 0.32205266 -0.33516546
v 0.06334824 0.32205266 -0.33516546
v 0.04965474 0.32492859 -0.33524494
v 0.04965474 0.32492859 -0.33524494
v 0.05547797 0.31621484 -0.33516546
v 0.05547797 0.31621484 -0.33516546
v 0.05547797 0.31621484 -0.33516546
v 0.04213159 0.32041924 -0.33524494
v 0.04213159 0.32041924 -0.33524494
v 0.04213159 0.32041924 -0.33524494
v 0.04707241 0.31117670 -0.33516546
v 0.04707241 0.31117670 -0.33516546
v 0.04707241 0.31117670 -0.33516546
v 0.03420292 0.31666902 -0.33524494
v 0.03420292 0.31666902 -0.33524494
v 0.03821430 0.30698690 -0.33516546
v 0.03821430 0.30698690 -0.33516546
v 0.02594498 0.31371361 -0.33524494
v 0.02594498 0.31371361 -0.33524494
v 0.02898635 0.30368599 -0.33516546
v 0.02898635 0.30368599 -0.33516546
v 0.01743723 0.31158221 -0.33524494
v 0.01743723 0.31158221 -0.33524494
v 0.01948104 0.30130479 -0.33516546
v 0.01948104 0.30130479 -0.33516546
v 0.01948104 0.30130479 -0.33516546
v 0.00876079 0.31029591 -0.33524494
v 0.00876079 0.31029591 -0.33524494
v 0.00876079 0.31029591 -0.33524494
v 0.00978756 0.29986764 -0.33516546
v 0.00978756 0.29986764 -0.33516546
v 0.08257461 0.43344655 -0.33524494
v 0.08552840 0.42518698 -0.33524494
v 0.08544892 0.42516265 -0.31160817
v 0.08249675 0.43341411 -0.31160817
v -0.08552840 0.42518698 -0.33524494
v -0.08544892 0.42516265 -0.31160817
v 0.08765979 0.41667924 -0.33524494
v 0.08757707 0.41666302 -0.31160817
v -0.08257461 0.43344655 -0.33524494
v -0.08249675 0.43341411 -0.31160817
v 0.08894772 0.40800280 -0.33524494
v 0.08886337 0.40799469 -0.31160817
v -0.07882439 0.44137522 -0.33524494
v -0.07874977 0.44133467 -0.31160817
v 0.08937756 0.39924201 -0.33524494
v 0.08929322 0.39924201 -0.31160817
v -0.07431504 0.44889837 -0.33524494
v -0.07424529 0.44885133 -0.31160817
v 0.08937756 0.39924201 -0.33524494
v 0.08894772 0.39048284 -0.33524494
v 0.08886337 0.39049095 -0.31160817
v 0.08929322 0.39924201 -0.31160817
v -0.06909036 0.45594301 -0.33524494
v -0.06902548 0.45588949 -0.31160817
v 0.08765979 0.38180640 -0.33524494
v 0.08757707 0.38182262 -0.31160817
v -0.06319901 0.46244264 -0.33524494
v -0.06314062 0.46238262 -0.31160817
v 0.08552840 0.37329703 -0.33524494
v 0.08544892 0.37332136 -0.31160817
v -0.05670101 0.46833237 -0.33524494
v -0.05664748 0.46826749 -0.31160817
v 0.08257461 0.36503908 -0.33524494
v 0.08249675 0.36507153 -0.31160817
v -0.04965474 0.47355705 -0.33524494
v -0.04960932 0.47348730 -0.31160817
v 0.07882439 0.35711042 -0.33524494
v 0.07874977 0.35714935 -0.31160817
v -0.04213159 0.47806640 -0.33524494
v -0.04209266 0.47799178 -0.31160817
v 0.00000000 0.30986444 -0.33524494
v -0.00876079 0.31029591 -0.33524494
v -0.00875268 0.31037864 -0.31160817
v 0.00000000 0.30994879 -0.31160817
v 0.07431504 0.34958726 -0.33524494
v 0.07424529 0.34963430 -0.31160817
v -0.03420292 0.48181662 -0.33524494
v -0.03417048 0.48173876 -0.31160817
v -0.01743723 0.31158221 -0.33524494
v -0.01742101 0.31166494 -0.31160817
v 0.06909036 0.34254262 -0.33524494
v 0.06902548 0.34259615 -0.31160817
v -0.02594498 0.48477203 -0.33524494
v -0.02592065 0.48469092 -0.31160817
v -0.02594498 0.31371361 -0.33524494
v -0.02592065 0.31379471 -0.31160817
v 0.06319901 0.33604300 -0.33524494
v 0.06314062 0.33610301 -0.31160817
v -0.01743723 0.48690180 -0.33524494
v -0.01742101 0.48682070 -0.31160817
v -0.03420292 0.31666902 -0.33524494
v -0.03417048 0.31674526 -0.31160817
v 0.05670101 0.33015327 -0.33524494
v 0.05664748 0.33021815 -0.31160817
v -0.00876079 0.48818972 -0.33524494
v -0.00875268 0.48810538 -0.31160817
v -0.04213159 0.32041924 -0.33524494
v -0.04209266 0.32049223 -0.31160817
v 0.04965474 0.32492859 -0.33524494
v 0.04960932 0.32499834 -0.31160817
v -0.00876079 0.48818972 -0.33524494
v 0.00000000 0.48861957 -0.33524494
v 0.00000000 0.48853685 -0.31160817
v -0.00875268 0.48810538 -0.31160817
v -0.04965474 0.32492859 -0.33524494
v -0.04960932 0.32499834 -0.31160817
v 0.04213159 0.32041924 -0.33524494
v 0.04209266 0.32049223 -0.31160817
v 0.00876079 0.48818972 -0.33524494
v 0.00875268 0.48810538 -0.31160817
v -0.05670101 0.33015327 -0.33524494
v -0.05664748 0.33021815 -0.31160817
v 0.03420292 0.31666902 -0.33524494
v 0.03417210 0.31674688 -0.31160817
v 0.01743723 0.48690180 -0.33524494
v 0.01742101 0.48682070 -0.31160817
v -0.06319901 0.33604300 -0.33524494
v -0.06314062 0.33610301 -0.31160817
v 0.02594498 0.31371361 -0.33524494
v 0.02592065 0.31379471 -0.31160817
v 0.02594498 0.48477203 -0.33524494
v 0.02592065 0.48469092 -0.31160817
v -0.06909036 0.34254262 -0.33524494
v -0.06902548 0.34259453 -0.31160817
v 0.01743723 0.31158221 -0.33524494
v 0.01742101 0.31166494 -0.31160817
v 0.03420292 0.48181662 -0.33524494
v 0.03417048 0.48173876 -0.31160817
v -0.07431504 0.34958726 -0.33524494
v -0.07424529 0.34963430 -0.31160817
v 0.00876079 0.31029591 -0.33524494
v 0.00875268 0.31037864 -0.31160817
v 0.04213159 0.47806640 -0.33524494
v 0.04209266 0.47799178 -0.31160817
v -0.07882439 0.35711042 -0.33524494
v -0.07874977 0.35714935 -0.31160817
v 0.00876079 0.31029591 -0.33524494
v 0.00875268 0.31037864 -0.31160817
v 0.04965474 0.47355705 -0.33524494
v 0.04960932 0.47348730 -0.31160817
v -0.08257461 0.36503908 -0.33524494
v -0.08249675 0.36507153 -0.31160817
v 0.05670101 0.46833237 -0.33524494
v 0.05664748 0.46826749 -0.31160817
v -0.08552840 0.37329703 -0.33524494
v -0.08544892 0.37332136 -0.31160817
v 0.06319901 0.46244102 -0.33524494
v 0.06314062 0.46238262 -0.31160817
v -0.08765979 0.38180640 -0.33524494
v -0.08757869 0.38182262 -0.31160817
v 0.06909036 0.45594301 -0.33524494
v 0.06902548 0.45588949 -0.31160817
v -0.08894772 0.39048122 -0.33524494
v -0.08886337 0.39049095 -0.31160817
v 0.07431504 0.44889837 -0.33524494
v 0.07424529 0.44885133 -0.31160817
v -0.08937756 0.39924201 -0.33524494
v -0.08929322 0.39924201 -0.31160817
v 0.07882439 0.44137522 -0.33524494
v 0.07874977 0.44133467 -0.31160817
v -0.08937756 0.39924201 -0.33524494
v -0.08929322 0.39924201 -0.31160817
v 0.00000000 0.30210609 -0.33263666
v 0.00000000 0.30210609 0.17607953
v -0.00952154 0.30257325 0.17607953
v -0.00952154 0.30257325 -0.33263666
v -0.01895062 0.30397147 0.17607953
v -0.01895062 0.30397147 -0.33263666
v -0.02819803 0.30628778 0.17607953
v -0.02819803 0.30628778 -0.33263666
v -0.03717293 0.30949948 0.17607953
v -0.03717293 0.30949948 -0.33263666
v -0.04578936 0.31357574 0.17607953
v -0.04578936 0.31357574 -0.33263666
v -0.05396620 0.31847600 0.17607953
v -0.05396620 0.31847600 -0.33263666
v -0.06162236 0.32415486 0.17607953
v -0.06162236 0.32415486 -0.33263666
v -0.06868647 0.33055716 0.17607953
v -0.06868647 0.33055716 -0.33263666
v -0.07508715 0.33761965 0.17607953
v -0.07508715 0.33761965 -0.33263666
v -0.08076601 0.34527581 0.17607953
v -0.08076601 0.34527581 -0.33263666
v -0.08566789 0.35345265 0.17607953
v -0.08566789 0.35345265 -0.33263666
v -0.08974253 0.36206908 0.17607953
v -0.08974253 0.36206908 -0.33263666
v -0.09295422 0.37104560 0.17607953
v -0.09295422 0.37104560 -0.33263666
v -0.09527054 0.38029139 0.17607953
v -0.09527054 0.38029139 -0.33263666
v -0.09666876 0.38972209 0.17607953
v -0.09666876 0.38972209 -0.33263666
v -0.09666876 0.38972209 -0.33263666
v -0.09666876 0.38972209 0.17607953
v -0.09713754 0.39924201 0.17607953
v -0.09713754 0.39924201 -0.33263666
v -0.09666876 0.40876355 0.17607953
v -0.09666876 0.40876355 -0.33263666
v -0.09527054 0.41819263 0.17607953
v -0.09527054 0.41819263 -0.33263666
v -0.09295422 0.42744004 0.17607953
v -0.09295422 0.42744004 -0.33263666
v -0.08974253 0.43641494 0.17607953
v -0.08974253 0.43641494 -0.33263666
v -0.08566789 0.44503298 0.17607953
v -0.08566789 0.44503298 -0.33263666
v -0.08076601 0.45320821 0.17607953
v -0.08076601 0.45320821 -0.33263666
v -0.07508715 0.46086599 0.17607953
v -0.07508715 0.46086599 -0.33263666
v -0.06868647 0.46792847 0.17607953
v -0.06868647 0.46792847 -0.33263666
v -0.06162236 0.47433078 0.17607953
v -0.06162236 0.47433078 -0.33263666
v -0.05396620 0.48000964 0.17607953
v -0.05396620 0.48000964 -0.33263666
v -0.04578936 0.48490990 0.17607953
v -0.04578936 0.48490990 -0.33263666
v -0.03717293 0.48898454 0.17607953
v -0.03717293 0.48898454 -0.33263666
v -0.02819803 0.49219623 0.17607953
v -0.02819803 0.49219623 -0.33263666
v -0.01895062 0.49451254 0.17607953
v -0.01895062 0.49451254 -0.33263666
v -0.00952154 0.49591239 0.17607953
v -0.00952154 0.49591239 -0.33263666
v 0.00000000 0.49637954 0.17607953
v 0.00000000 0.49637954 -0.33263666
v 0.00000000 0.49637954 -0.33263666
v 0.00000000 0.49637954 0.17607953
v 0.00952154 0.49591239 0.17607953
v 0.00952154 0.49591239 -0.33263666
v 0.01895062 0.49451254 0.17607953
v 0.01895062 0.49451254 -0.33263666
v 0.02819803 0.49219623 0.17607953
v 0.02819803 0.49219623 -0.33263666
v 0.03717293 0.48898454 0.17607953
v 0.03717293 0.48898454 -0.33263666
v 0.04578936 0.48490990 0.17607953
v 0.04578936 0.48490990 -0.33263666
v 0.05396620 0.48000964 0.17607953
v 0.05396620 0.48000964 -0.33263666
v 0.06162236 0.47433078 0.17607953
v 0.06162236 0.47433078 -0.33263666
v 0.06868647 0.46792847 0.17607953
v 0.06868647 0.46792847 -0.33263666
v 0.07508715 0.46086599 0.17607953
v 0.07508715 0.46086599 -0.33263666
v 0.08076601 0.45320821 0.17607953
v 0.08076601 0.45320821 -0.33263666
v 0.08566627 0.44503298 0.17607953
v 0.08566627 0.44503298 -0.33263666
v 0.08974253 0.43641494 0.17607953
v 0.08974253 0.43641494 -0.33263666
v 0.09295422 0.42744004 0.17607953
v 0.09295422 0.42744004 -0.33263666
v 0.09527054 0.41819263 0.17607953
v 0.09527054 0.41819263 -0.33263666
v 0.09666876 0.40876355 0.17607953
v 0.09666876 0.40876355 -0.33263666
v 0.09666876 0.40876355 -0.33263666
v 0.09666876 0.40876355 0.17607953
v 0.09713754 0.39924201 0.17607953
v 0.09713754 0.39924201 -0.33263666
v 0.09666876 0.38972209 0.17607953
v 0.09666876 0.38972209 -0.33263666
v 0.09527054 0.38029139 0.17607953
v 0.09527054 0.38029301 -0.33263666
v 0.09295422 0.37104560 0.17607953
v 0.09295422 0.37104560 -0.33263666
v 0.08974253 0.36207070 0.17607953
v 0.08974253 0.36207070 -0.33263666
v 0.08566789 0.35345265 0.17607953
v 0.08566789 0.35345265 -0.33263666
v 0.08076601 0.34527581 0.17607953
v 0.08076601 0.34527581 -0.33263666
v 0.07508715 0.33761965 0.17607953
v 0.07508715 0.33761965 -0.33263666
v 0.06868647 0.33055716 0.17607953
v 0.06868647 0.33055716 -0.33263666
v 0.06162236 0.32415486 0.17607953
v 0.06162236 0.32415486 -0.33263666
v 0.05396620 0.31847600 0.17607953
v 0.05396620 0.31847600 -0.33263666
v 0.04579098 0.31357574 0.17607953
v 0.04579098 0.31357574 -0.33263666
v 0.03717293 0.30949948 0.17607953
v 0.03717293 0.30949948 -0.33263666
v 0.02819803 0.30628778 0.17607953
v 0.02819803 0.30628778 -0.33263666
v 0.01895062 0.30397147 0.17607953
v 0.01895062 0.30397147 -0.33263666
v -0.08255839 0.36504557 0.17607953
v -0.07880817 0.35711853 0.17607953
v -0.07880817 0.35711853 0.16831631
v -0.08255839 0.36504557 0.16831631
v 0.00952154 0.30257325 0.17607953
v 0.00952154 0.30257325 -0.33263666
v 0.00000000 0.30210609 0.17607953
v 0.00000000 0.30210609 -0.33263666
v -0.09157060 0.40826071 -0.33263666
v -0.09024537 0.41719343 -0.33263666
v -0.09024537 0.41719343 -0.30908098
v -0.09157060 0.40826071 -0.30908098
v 0.00000000 0.30988229 0.17607953
v -0.00875917 0.31031376 0.17607953
v -0.00952154 0.30257325 0.17607953
v 0.00000000 0.30210609 0.17607953
v -0.01743399 0.31160006 0.17607953
v -0.01895062 0.30397147 0.17607953
v -0.02594011 0.31372983 0.17607953
v -0.02819803 0.30628778 0.17607953
v -0.03419644 0.31668524 0.17607953
v -0.03717293 0.30949948 0.17607953
v -0.04212348 0.32043384 0.17607953
v -0.04578936 0.31357574 0.17607953
v -0.04964501 0.32494319 0.17607953
v -0.05396620 0.31847600 0.17607953
v -0.05668965 0.33016625 0.17607953
v -0.06162236 0.32415486 0.17607953
v -0.06318766 0.33605597 0.17607953
v -0.06868647 0.33055716 0.17607953
v -0.06907576 0.34255398 0.17607953
v -0.07508715 0.33761965 0.17607953
v -0.07430044 0.34959700 0.17607953
v -0.08076601 0.34527581 0.17607953
v -0.07880817 0.35711853 0.17607953
v -0.08566789 0.35345265 0.17607953
v -0.08255839 0.36504557 0.17607953
v -0.08974253 0.36206908 0.17607953
v -0.08551218 0.37330352 0.17607953
v -0.09295422 0.37104560 0.17607953
v -0.08764195 0.38180964 0.17607953
v -0.09527054 0.38029139 0.17607953
v -0.08892987 0.39048446 0.17607953
v -0.09666876 0.38972209 0.17607953
v -0.08935972 0.39924201 0.17607953
v -0.09713754 0.39924201 0.17607953
v -0.08892987 0.40800117 0.17607953
v -0.09666876 0.40876355 0.17607953
v -0.08764195 0.41667599 0.17607953
v -0.09527054 0.41819263 0.17607953
v -0.08551218 0.42518212 0.17607953
v -0.09295422 0.42744004 0.17607953
v -0.08255839 0.43343844 0.17607953
v -0.08974253 0.43641494 0.17607953
v -0.07880817 0.44136711 0.17607953
v -0.08566789 0.44503298 0.17607953
v -0.07430044 0.44888864 0.17607953
v -0.08076601 0.45320821 0.17607953
v -0.06907576 0.45593166 0.17607953
v -0.07508715 0.46086599 0.17607953
v -0.06318766 0.46242966 0.17607953
v -0.06868647 0.46792847 0.17607953
v -0.05668965 0.46831939 0.17607953
v -0.06162236 0.47433078 0.17607953
v -0.04964501 0.47354245 0.17607953
v -0.05396620 0.48000964 0.17607953
v -0.04212348 0.47805018 0.17607953
v -0.04578936 0.48490990 0.17607953
v -0.03419644 0.48180040 0.17607953
v -0.03717293 0.48898454 0.17607953
v -0.02594011 0.48475418 0.17607953
v -0.02819803 0.49219623 0.17607953
v -0.01743399 0.48688558 0.17607953
v -0.01895062 0.49451254 0.17607953
v -0.00875917 0.48817188 0.17607953
v -0.00952154 0.49591239 0.17607953
v 0.00000000 0.48860173 0.17607953
v 0.00000000 0.49637954 0.17607953
v 0.00875917 0.48817188 0.17607953
v 0.00952154 0.49591239 0.17607953
v 0.01743399 0.48688558 0.17607953
v 0.01895062 0.49451254 0.17607953
v 0.02594011 0.48475418 0.17607953
v 0.02819803 0.49219623 0.17607953
v 0.03419644 0.48180040 0.17607953
v 0.03717293 0.48898454 0.17607953
v 0.04212348 0.47805018 0.17607953
v 0.04578936 0.48490990 0.17607953
v 0.04964501 0.47354245 0.17607953
v 0.05396620 0.48000964 0.17607953
v 0.05668965 0.46831777 0.17607953
v 0.06162236 0.47433078 0.17607953
v 0.06318766 0.46242966 0.17607953
v 0.06868647 0.46792847 0.17607953
v 0.06907576 0.45593166 0.17607953
v 0.07508715 0.46086599 0.17607953
v 0.07430044 0.44888864 0.17607953
v 0.08076601 0.45320821 0.17607953
v 0.07880817 0.44136711 0.17607953
v 0.08566627 0.44503298 0.17607953
v 0.08255839 0.43343844 0.17607953
v 0.08974253 0.43641494 0.17607953
v 0.08551218 0.42518212 0.17607953
v 0.09295422 0.42744004 0.17607953
v 0.08764195 0.41667599 0.17607953
v 0.09527054 0.41819263 0.17607953
v 0.08892987 0.40800117 0.17607953
v 0.09666876 0.40876355 0.17607953
v 0.08935972 0.39924201 0.17607953
v 0.09713754 0.39924201 0.17607953
v 0.08892987 0.39048446 0.17607953
v 0.09666876 0.38972209 0.17607953
v 0.08764195 0.38180964 0.17607953
v 0.09527054 0.38029139 0.17607953
v 0.08551218 0.37330352 0.17607953
v 0.09295422 0.37104560 0.17607953
v 0.08255839 0.36504557 0.17607953
v 0.08974253 0.36207070 0.17607953
v 0.07880817 0.35711853 0.17607953
v 0.08566789 0.35345265 0.17607953
v 0.07430044 0.34959700 0.17607953
v 0.08076601 0.34527581 0.17607953
v 0.06907576 0.34255398 0.17607953
v 0.07508715 0.33761965 0.17607953
v 0.06318766 0.33605597 0.17607953
v 0.06868647 0.33055716 0.17607953
v 0.05668965 0.33016625 0.17607953
v 0.06162236 0.32415486 0.17607953
v 0.04964501 0.32494319 0.17607953
v 0.05396620 0.31847600 0.17607953
v 0.04212348 0.32043384 0.17607953
v 0.04579098 0.31357574 0.17607953
v 0.03419644 0.31668524 0.17607953
v 0.03717293 0.30949948 0.17607953
v 0.02594011 0.31373145 0.17607953
v 0.02819803 0.30628778 0.17607953
v 0.01743399 0.31160006 0.17607953
v 0.01895062 0.30397147 0.17607953
v 0.00875917 0.31031376 0.17607953
v 0.00952154 0.30257325 0.17607953
v 0.05668965 0.46831777 0.17607953
v 0.04964501 0.47354245 0.17607953
v 0.04964501 0.47354245 0.16831631
v 0.05668965 0.46831777 0.16831631
v -0.08551218 0.37330352 0.17607953
v -0.08551218 0.37330352 0.16831631
v 0.06318766 0.46242966 0.17607953
v 0.06318766 0.46242966 0.16831631
v -0.08764195 0.38180964 0.17607953
v -0.08764195 0.38180964 0.16831631
v 0.06907576 0.45593166 0.17607953
v 0.06907576 0.45593166 0.16831631
v -0.08892987 0.39048446 0.17607953
v -0.08892987 0.39048446 0.16831631
v 0.07430044 0.44888864 0.17607953
v 0.07430044 0.44888864 0.16831631
v -0.08935972 0.39924201 0.17607953
v -0.08935972 0.39924201 0.16831631
v 0.07880817 0.44136711 0.17607953
v 0.07880817 0.44136711 0.16831631
v -0.08892987 0.40800117 0.17607953
v -0.08935972 0.39924201 0.17607953
v -0.08935972 0.39924201 0.16831631
v -0.08892987 0.40800117 0.16831631
v 0.08255839 0.43343844 0.17607953
v 0.08255839 0.43343844 0.16831631
v -0.08764195 0.41667599 0.17607953
v -0.08764195 0.41667599 0.16831631
v 0.08551218 0.42518212 0.17607953
v 0.08551218 0.42518212 0.16831631
v -0.08551218 0.42518212 0.17607953
v -0.08551218 0.42518212 0.16831631
v 0.08764195 0.41667599 0.17607953
v 0.08764195 0.41667599 0.16831631
v -0.08255839 0.43343844 0.17607953
v -0.08255839 0.43343844 0.16831631
v 0.08892987 0.40800117 0.17607953
v 0.08892987 0.40800117 0.16831631
v -0.07880817 0.44136711 0.17607953
v -0.07880817 0.44136711 0.16831631
v 0.08935972 0.39924201 0.17607953
v 0.08935972 0.39924201 0.16831631
v -0.07430044 0.44888864 0.17607953
v -0.07430044 0.44888864 0.16831631
v 0.08892987 0.39048446 0.17607953
v 0.08935972 0.39924201 0.17607953
v 0.08935972 0.39924201 0.16831631
v 0.08892987 0.39048446 0.16831631
v -0.06907576 0.45593166 0.17607953
v -0.06907576 0.45593166 0.16831631
v 0.08764195 0.38180964 0.17607953
v 0.08764195 0.38180964 0.16831631
v -0.06318766 0.46242966 0.17607953
v -0.06318766 0.46242966 0.16831631
v 0.08551218 0.37330352 0.17607953
v 0.08551218 0.37330352 0.16831631
v -0.05668965 0.46831939 0.17607953
v -0.05668965 0.46831939 0.16831631
v 0.08255839 0.36504557 0.17607953
v 0.08255839 0.36504557 0.16831631
v -0.04964501 0.47354245 0.17607953
v -0.04964501 0.47354245 0.16831631
v 0.07880817 0.35711853 0.17607953
v 0.07880817 0.35711853 0.16831631
v -0.04212348 0.47805018 0.17607953
v -0.04212348 0.47805018 0.16831631
v -0.00875917 0.31031376 0.17607953
v 0.00000000 0.30988229 0.17607953
v 0.00000000 0.30988229 0.16831631
v -0.00875917 0.31031376 0.16831631
v 0.07430044 0.34959700 0.17607953
v 0.07430044 0.34959700 0.16831631
v -0.03419644 0.48180040 0.17607953
v -0.03419644 0.48180040 0.16831631
v -0.01743399 0.31160006 0.17607953
v -0.01743399 0.31160006 0.16831631
v 0.06907576 0.34255398 0.17607953
v 0.06907576 0.34255398 0.16831631
v -0.02594011 0.48475418 0.17607953
v -0.02594011 0.48475418 0.16831631
v -0.02594011 0.31372983 0.17607953
v -0.02594011 0.31372983 0.16831631
v 0.06318766 0.33605597 0.17607953
v 0.06318766 0.33605597 0.16831631
v -0.01743399 0.48688558 0.17607953
v -0.01743399 0.48688558 0.16831631
v -0.03419644 0.31668524 0.17607953
v -0.03419644 0.31668524 0.16831631
v 0.05668965 0.33016625 0.17607953
v 0.05668965 0.33016625 0.16831631
v -0.00875917 0.48817188 0.17607953
v -0.00875917 0.48817188 0.16831631
v -0.04212348 0.32043384 0.17607953
v -0.04212348 0.32043384 0.16831631
v 0.04964501 0.32494319 0.17607953
v 0.04964501 0.32494319 0.16831631
v 0.00000000 0.48860173 0.17607953
v -0.00875917 0.48817188 0.17607953
v -0.00875917 0.48817188 0.16831631
v 0.00000000 0.48860173 0.16831631
v -0.04964501 0.32494319 0.17607953
v -0.04964501 0.32494319 0.16831631
v 0.04212348 0.32043384 0.17607953
v 0.04212348 0.32043384 0.16831631
v 0.00875917 0.48817188 0.17607953
v 0.00875917 0.48817188 0.16831631
v -0.05668965 0.33016625 0.17607953
v -0.05668965 0.33016625 0.16831631
v 0.03419644 0.31668524 0.17607953
v 0.03419644 0.31668524 0.16831631
v 0.01743399 0.48688558 0.17607953
v 0.01743399 0.48688558 0.16831631
v -0.06318766 0.33605597 0.17607953
v -0.06318766 0.33605597 0.16831631
v 0.02594011 0.31373145 0.17607953
v 0.02594011 0.31373145 0.16831631
v 0.02594011 0.48475418 0.17607953
v 0.02594011 0.48475418 0.16831631
v -0.06907576 0.34255398 0.17607953
v -0.06907576 0.34255398 0.16831631
v 0.01743399 0.31160006 0.17607953
v 0.01743399 0.31160006 0.16831631
v 0.03419644 0.48180040 0.17607953
v 0.03419644 0.48180040 0.16831631
v -0.07430044 0.34959700 0.17607953
v -0.07430044 0.34959700 0.16831631
v 0.00875917 0.31031376 0.17607953
v 0.00875917 0.31031376 0.16831631
v 0.04212348 0.47805018 0.17607953
v 0.04212348 0.47805018 0.16831631
v 0.00000000 0.30988229 0.17607953
v 0.00000000 0.30988229 0.16831631
v -0.00901870 0.30767303 -0.33263666
v 0.00000000 0.30723021 -0.33263666
v 0.00000000 0.30210609 -0.33263666
v -0.00952154 0.30257325 -0.33263666
v -0.01795143 0.30899826 -0.33263666
v -0.01895062 0.30397147 -0.33263666
v -0.02671059 0.31119130 -0.33263666
v -0.02819803 0.30628778 -0.33263666
v -0.03521185 0.31423429 -0.33263666
v -0.03717293 0.30949948 -0.33263666
v -0.04337410 0.31809482 -0.33263666
v -0.04578936 0.31357574 -0.33263666
v -0.05111947 0.32273717 -0.33263666
v -0.05396620 0.31847600 -0.33263666
v -0.05837174 0.32811595 -0.33263666
v -0.06162236 0.32415486 -0.33263666
v -0.06506277 0.33417924 -0.33263666
v -0.06868647 0.33055716 -0.33263666
v -0.07112768 0.34087027 -0.33263666
v -0.07508715 0.33761965 -0.33263666
v -0.07650646 0.34812254 -0.33263666
v -0.08076601 0.34527581 -0.33263666
v -0.08114881 0.35586791 -0.33263666
v -0.08566789 0.35345265 -0.33263666
v -0.08500934 0.36403016 -0.33263666
v -0.08974253 0.36206908 -0.33263666
v -0.08805071 0.37253304 -0.33263666
v -0.09295422 0.37104560 -0.33263666
v -0.09024537 0.38129220 -0.33263666
v -0.09527054 0.38029139 -0.33263666
v -0.09157060 0.39022331 -0.33263666
v -0.09666876 0.38972209 -0.33263666
v -0.09201342 0.39924201 -0.33263666
v -0.09713754 0.39924201 -0.33263666
v -0.09157060 0.40826071 -0.33263666
v -0.09666876 0.40876355 -0.33263666
v -0.09024537 0.41719343 -0.33263666
v -0.09527054 0.41819263 -0.33263666
v -0.08805071 0.42595260 -0.33263666
v -0.09295422 0.42744004 -0.33263666
v -0.08500934 0.43445386 -0.33263666
v -0.08974253 0.43641494 -0.33263666
v -0.08114881 0.44261773 -0.33263666
v -0.08566789 0.44503298 -0.33263666
v -0.07650646 0.45036148 -0.33263666
v -0.08076601 0.45320821 -0.33263666
v -0.07112768 0.45761537 -0.33263666
v -0.07508715 0.46086599 -0.33263666
v -0.06506277 0.46430477 -0.33263666
v -0.06868647 0.46792847 -0.33263666
v -0.05837174 0.47036969 -0.33263666
v -0.06162236 0.47433078 -0.33263666
v -0.05111947 0.47574846 -0.33263666
v -0.05396620 0.48000964 -0.33263666
v -0.04337410 0.48039082 -0.33263666
v -0.04578936 0.48490990 -0.33263666
v -0.03521185 0.48425134 -0.33263666
v -0.03717293 0.48898454 -0.33263666
v -0.02671059 0.48729272 -0.33263666
v -0.02819803 0.49219623 -0.33263666
v -0.01795143 0.48948738 -0.33263666
v -0.01895062 0.49451254 -0.33263666
v -0.00901870 0.49081261 -0.33263666
v -0.00952154 0.49591239 -0.33263666
v 0.00000000 0.49125543 -0.33263666
v 0.00000000 0.49637954 -0.33263666
v 0.00901870 0.49081261 -0.33263666
v 0.00952154 0.49591239 -0.33263666
v 0.01795143 0.48948738 -0.33263666
v 0.01895062 0.49451254 -0.33263666
v 0.02671059 0.48729272 -0.33263666
v 0.02819803 0.49219623 -0.33263666
v 0.03521185 0.48425134 -0.33263666
v 0.03717293 0.48898454 -0.33263666
v 0.04337410 0.48039082 -0.33263666
v 0.04578936 0.48490990 -0.33263666
v 0.05111947 0.47574846 -0.33263666
v 0.05396620 0.48000964 -0.33263666
v 0.05837174 0.47036969 -0.33263666
v 0.06162236 0.47433078 -0.33263666
v 0.06506277 0.46430477 -0.33263666
v 0.06868647 0.46792847 -0.33263666
v 0.07112768 0.45761537 -0.33263666
v 0.07508715 0.46086599 -0.33263666
v 0.07650646 0.45036148 -0.33263666
v 0.08076601 0.45320821 -0.33263666
v 0.08114881 0.44261773 -0.33263666
v 0.08566627 0.44503298 -0.33263666
v 0.08500934 0.43445386 -0.33263666
v 0.08974253 0.43641494 -0.33263666
v 0.08805071 0.42595260 -0.33263666
v 0.09295422 0.42744004 -0.33263666
v 0.09024537 0.41719343 -0.33263666
v 0.09527054 0.41819263 -0.33263666
v 0.09156898 0.40826071 -0.33263666
v 0.09666876 0.40876355 -0.33263666
v 0.09201342 0.39924201 -0.33263666
v 0.09713754 0.39924201 -0.33263666
v 0.09156898 0.39022331 -0.33263666
v 0.09666876 0.38972209 -0.33263666
v 0.09024537 0.38129220 -0.33263666
v 0.09527054 0.38029301 -0.33263666
v 0.08805071 0.37253304 -0.33263666
v 0.09295422 0.37104560 -0.33263666
v 0.08500934 0.36403016 -0.33263666
v 0.08974253 0.36207070 -0.33263666
v 0.08114881 0.35586791 -0.33263666
v 0.08566789 0.35345265 -0.33263666
v 0.07650646 0.34812254 -0.33263666
v 0.08076601 0.34527581 -0.33263666
v 0.07112768 0.34087027 -0.33263666
v 0.07508715 0.33761965 -0.33263666
v 0.06506277 0.33417924 -0.33263666
v 0.06868647 0.33055716 -0.33263666
v 0.05837174 0.32811595 -0.33263666
v 0.06162236 0.32415486 -0.33263666
v 0.05111947 0.32273717 -0.33263666
v 0.05396620 0.31847600 -0.33263666
v 0.04337410 0.31809482 -0.33263666
v 0.04579098 0.31357574 -0.33263666
v 0.03521185 0.31423429 -0.33263666
v 0.03717293 0.30949948 -0.33263666
v 0.02671059 0.31119130 -0.33263666
v 0.02819803 0.30628778 -0.33263666
v 0.01795143 0.30899826 -0.33263666
v 0.01895062 0.30397147 -0.33263666
v 0.00901870 0.30767303 -0.33263666
v 0.00952154 0.30257325 -0.33263666
v 0.08500934 0.43445386 -0.33263666
v 0.08805071 0.42595260 -0.33263666
v 0.08805071 0.42595260 -0.30908098
v 0.08500934 0.43445386 -0.30908098
v -0.08805071 0.42595260 -0.33263666
v -0.08805071 0.42595260 -0.30908098
v 0.09024537 0.41719343 -0.33263666
v 0.09024537 0.41719343 -0.30908098
v -0.08500934 0.43445386 -0.33263666
v -0.08500934 0.43445386 -0.30908098
v 0.09156898 0.40826071 -0.33263666
v 0.09156898 0.40826071 -0.30908098
v -0.08114881 0.44261773 -0.33263666
v -0.08114881 0.44261773 -0.30908098
v 0.09156898 0.40826071 -0.33263666
v 0.09201342 0.39924201 -0.33263666
v 0.09201342 0.39924201 -0.30908098
v 0.09156898 0.40826071 -0.30908098
v -0.07650646 0.45036148 -0.33263666
v -0.07650646 0.45036148 -0.30908098
v 0.09156898 0.39022331 -0.33263666
v 0.09156898 0.39022331 -0.30908098
v -0.07112768 0.45761537 -0.33263666
v -0.07112768 0.45761537 -0.30908098
v 0.09024537 0.38129220 -0.33263666
v 0.09024537 0.38129220 -0.30908098
v -0.06506277 0.46430477 -0.33263666
v -0.06506277 0.46430477 -0.30908098
v 0.08805071 0.37253304 -0.33263666
v 0.08805071 0.37253304 -0.30908098
v -0.05837174 0.47036969 -0.33263666
v -0.05837174 0.47036969 -0.30908098
v 0.08500934 0.36403016 -0.33263666
v 0.08500934 0.36403016 -0.30908098
v -0.05111947 0.47574846 -0.33263666
v -0.05111947 0.47574846 -0.30908098
v 0.08114881 0.35586791 -0.33263666
v 0.08114881 0.35586791 -0.30908098
v -0.04337410 0.48039082 -0.33263666
v -0.04337410 0.48039082 -0.30908098
v 0.00000000 0.30723021 -0.33263666
v -0.00901870 0.30767303 -0.33263666
v -0.00901870 0.30767303 -0.30908098
v 0.00000000 0.30723021 -0.30908098
v 0.07650646 0.34812254 -0.33263666
v 0.07650646 0.34812254 -0.30908098
v -0.03521185 0.48425134 -0.33263666
v -0.03521185 0.48425134 -0.30908098
v -0.01795143 0.30899826 -0.33263666
v -0.01795143 0.30899826 -0.30908098
v 0.07112768 0.34087027 -0.33263666
v 0.07112768 0.34087027 -0.30908098
v -0.02671059 0.48729272 -0.33263666
v -0.02671059 0.48729272 -0.30908098
v -0.02671059 0.31119130 -0.33263666
v -0.02671059 0.31119130 -0.30908098
v 0.06506277 0.33417924 -0.33263666
v 0.06506277 0.33417924 -0.30908098
v -0.01795143 0.48948738 -0.33263666
v -0.01795143 0.48948738 -0.30908098
v -0.03521185 0.31423429 -0.33263666
v -0.03521185 0.31423429 -0.30908098
v 0.05837174 0.32811595 -0.33263666
v 0.05837174 0.32811595 -0.30908098
v -0.00901870 0.49081261 -0.33263666
v -0.00901870 0.49081261 -0.30908098
v -0.04337410 0.31809482 -0.33263666
v -0.04337410 0.31809482 -0.30908098
v 0.05111947 0.32273717 -0.33263666
v 0.05111947 0.32273717 -0.30908098
v 0.00000000 0.49125543 -0.33263666
v 0.00000000 0.49125543 -0.30908098
v -0.05111947 0.32273717 -0.33263666
v -0.05111947 0.32273717 -0.30908098
v 0.04337410 0.31809482 -0.33263666
v 0.04337410 0.31809482 -0.30908098
v 0.00000000 0.49125543 -0.33263666
v 0.00901870 0.49081261 -0.33263666
v 0.00901870 0.49081261 -0.30908098
v 0.00000000 0.49125543 -0.30908098
v -0.05837174 0.32811595 -0.33263666
v -0.05837174 0.32811595 -0.30908098
v 0.03521185 0.31423429 -0.33263666
v 0.03521185 0.31423429 -0.30908098
v 0.01795143 0.48948738 -0.33263666
v 0.01795143 0.48948738 -0.30908098
v -0.06506277 0.33417924 -0.33263666
v -0.06506277 0.33417924 -0.30908098
v 0.02671059 0.31119130 -0.33263666
v 0.02671059 0.31119130 -0.30908098
v 0.02671059 0.48729272 -0.33263666
v 0.02671059 0.48729272 -0.30908098
v -0.07112768 0.34087027 -0.33263666
v -0.07112768 0.34087027 -0.30908098
v 0.01795143 0.30899826 -0.33263666
v 0.01795143 0.30899826 -0.30908098
v 0.03521185 0.48425134 -0.33263666
v 0.03521185 0.48425134 -0.30908098
v -0.07650646 0.34812254 -0.33263666
v -0.07650646 0.34812254 -0.30908098
v 0.00901870 0.30767303 -0.33263666
v 0.00901870 0.30767303 -0.30908098
v 0.04337410 0.48039082 -0.33263666
v 0.04337410 0.48039082 -0.30908098
v -0.08114881 0.35586791 -0.33263666
v -0.08114881 0.35586791 -0.30908098
v 0.00000000 0.30723021 -0.33263666
v 0.00000000 0.30723021 -0.30908098
v 0.05111947 0.47574846 -0.33263666
v 0.05111947 0.47574846 -0.30908098
v -0.08500934 0.36403016 -0.33263666
v -0.08500934 0.36403016 -0.30908098
v 0.05837174 0.47036969 -0.33263666
v 0.05837174 0.47036969 -0.30908098
v -0.08805071 0.37253304 -0.33263666
v -0.08805071 0.37253304 -0.30908098
v 0.06506277 0.46430477 -0.33263666
v 0.06506277 0.46430477 -0.30908098
v -0.09024537 0.38129220 -0.33263666
v -0.09024537 0.38129220 -0.30908098
v 0.07112768 0.45761537 -0.33263666
v 0.07112768 0.45761537 -0.30908098
v -0.09157060 0.39022331 -0.33263666
v -0.09157060 0.39022331 -0.30908098
v 0.07650646 0.45036148 -0.33263666
v 0.07650646 0.45036148 -0.30908098
v -0.09157060 0.39022331 -0.33263666
v -0.09201342 0.39924201 -0.33263666
v -0.09201342 0.39924201 -0.30908098
v -0.09157060 0.39022331 -0.30908098
v 0.08114881 0.44261773 -0.33263666
v 0.08114881 0.44261773 -0.30908098
v -0.00849153 0.31301937 0.17084349
v 0.00000000 0.31260249 0.17084349
v 0.00849315 0.31301937 0.17084349
v 0.01690357 0.31426674 0.17084349
v 0.02515016 0.31633325 0.17084349
v 0.03315669 0.31919782 0.17084349
v 0.04084205 0.32283288 0.17084349
v 0.04813487 0.32720435 0.17084349
v 0.05496377 0.33226845 0.17084349
v 0.06126388 0.33797812 0.17084349
v 0.06697356 0.34427824 0.17084349
v 0.07203928 0.35110714 0.17084349
v 0.07641075 0.35839996 0.17084349
v 0.08004581 0.36608694 0.17084349
v 0.08291038 0.37409184 0.17084349
v 0.08497527 0.38234006 0.17084349
v 0.08622264 0.39075048 0.17084349
v 0.08664114 0.39924201 0.17084349
v 0.08622264 0.40773516 0.17084349
v 0.08497527 0.41614558 0.17084349
v 0.08291038 0.42439217 0.17084349
v 0.08004581 0.43239870 0.17084349
v 0.07641075 0.44008406 0.17084349
v 0.07203928 0.44737687 0.17084349
v 0.06697356 0.45420740 0.17084349
v 0.06126388 0.46050589 0.17084349
v 0.05496377 0.46621719 0.17084349
v 0.04813487 0.47128129 0.17084349
v 0.04084205 0.47565276 0.17084349
v 0.03315507 0.47928781 0.17084349
v 0.02515016 0.48215239 0.17084349
v 0.01690357 0.48421890 0.17084349
v 0.00849153 0.48546627 0.17084349
v 0.00000000 0.48588314 0.17084349
v -0.00849153 0.48546627 0.17084349
v -0.01690357 0.48421890 0.17084349
v -0.02515016 0.48215239 0.17084349
v -0.03315507 0.47928781 0.17084349
v -0.04084205 0.47565276 0.17084349
v -0.04813487 0.47128129 0.17084349
v -0.05496377 0.46621719 0.17084349
v -0.06126388 0.46050589 0.17084349
v -0.06697356 0.45420740 0.17084349
v -0.07203928 0.44737687 0.17084349
v -0.07641075 0.44008406 0.17084349
v -0.08004581 0.43239870 0.17084349
v -0.08291038 0.42439379 0.17084349
v -0.08497527 0.41614558 0.17084349
v -0.08622264 0.40773516 0.17084349
v -0.08664114 0.39924201 0.17084349
v -0.08622264 0.39075048 0.17084349
v -0.08497527 0.38234006 0.17084349
v -0.08291038 0.37409184 0.17084349
v -0.08004581 0.36608694 0.17084349
v -0.07641075 0.35839996 0.17084349
v -0.07203928 0.35110714 0.17084349
v -0.06697356 0.34427824 0.17084349
v -0.06126388 0.33797812 0.17084349
v -0.05496377 0.33226845 0.17084349
v -0.04813487 0.32720435 0.17084349
v -0.04084205 0.32283288 0.17084349
v -0.03315669 0.31919782 0.17084349
v -0.02515016 0.31633325 0.17084349
v -0.01690357 0.31426674 0.17084349
v 0.00000000 0.30994879 -0.31160817
v -0.00875268 0.31037864 -0.31160817
v -0.01742101 0.31166494 -0.31160817
v -0.02592065 0.31379471 -0.31160817
v -0.03417048 0.31674526 -0.31160817
v -0.04209266 0.32049223 -0.31160817
v -0.04960932 0.32499834 -0.31160817
v -0.05664748 0.33021815 -0.31160817
v -0.06314062 0.33610301 -0.31160817
v -0.06902548 0.34259453 -0.31160817
v -0.07424529 0.34963430 -0.31160817
v -0.07874977 0.35714935 -0.31160817
v -0.08249675 0.36507153 -0.31160817
v -0.08544892 0.37332136 -0.31160817
v -0.08757869 0.38182262 -0.31160817
v -0.08886337 0.39049095 -0.31160817
v -0.08929322 0.39924201 -0.31160817
v -0.08886337 0.40799469 -0.31160817
v -0.08757869 0.41666302 -0.31160817
v -0.08544892 0.42516265 -0.31160817
v -0.08249675 0.43341411 -0.31160817
v -0.07874977 0.44133467 -0.31160817
v -0.07424529 0.44885133 -0.31160817
v -0.06902548 0.45588949 -0.31160817
v -0.06314062 0.46238262 -0.31160817
v -0.05664748 0.46826749 -0.31160817
v -0.04960932 0.47348730 -0.31160817
v -0.04209266 0.47799178 -0.31160817
v -0.03417048 0.48173876 -0.31160817
v -0.02592065 0.48469092 -0.31160817
v -0.01742101 0.48682070 -0.31160817
v -0.00875268 0.48810538 -0.31160817
v 0.00000000 0.48853685 -0.31160817
v 0.00875268 0.48810538 -0.31160817
v 0.01742101 0.48682070 -0.31160817
v 0.02592065 0.48469092 -0.31160817
v 0.03417048 0.48173876 -0.31160817
v 0.04209266 0.47799178 -0.31160817
v 0.04960932 0.47348730 -0.31160817
v 0.05664748 0.46826749 -0.31160817
v 0.06314062 0.46238262 -0.31160817
v 0.06902548 0.45588949 -0.31160817
v 0.07424529 0.44885133 -0.31160817
v 0.07874977 0.44133467 -0.31160817
v 0.08249675 0.43341411 -0.31160817
v 0.08544892 0.42516265 -0.31160817
v 0.08757707 0.41666302 -0.31160817
v 0.08886337 0.40799469 -0.31160817
v 0.08929322 0.39924201 -0.31160817
v 0.08886337 0.39049095 -0.31160817
v 0.08757707 0.38182262 -0.31160817
v 0.08544892 0.37332136 -0.31160817
v 0.08249675 0.36507153 -0.31160817
v 0.07874977 0.35714935 -0.31160817
v 0.07424529 0.34963430 -0.31160817
v 0.06902548 0.34259615 -0.31160817
v 0.06314062 0.33610301 -0.31160817
v 0.05664748 0.33021815 -0.31160817
v 0.04960932 0.32499834 -0.31160817
v 0.04209266 0.32049223 -0.31160817
v 0.03417210 0.31674688 -0.31160817
v 0.02592065 0.31379471 -0.31160817
v 0.01742101 0.31166494 -0.31160817
v 0.00875268 0.31037864 -0.31160817
v -0.00875917 0.31031376 0.16831631
v 0.00000000 0.30988229 0.16831631
v 0.00875917 0.31031376 0.16831631
v 0.01743399 0.31160006 0.16831631
v 0.02594011 0.31373145 0.16831631
v 0.03419644 0.31668524 0.16831631
v 0.04212348 0.32043384 0.16831631
v 0.04964501 0.32494319 0.16831631
v 0.05668965 0.33016625 0.16831631
v 0.06318766 0.33605597 0.16831631
v 0.06907576 0.34255398 0.16831631
v 0.07430044 0.34959700 0.16831631
v 0.07880817 0.35711853 0.16831631
v 0.08255839 0.36504557 0.16831631
v 0.08551218 0.37330352 0.16831631
v 0.08764195 0.38180964 0.16831631
v 0.08892987 0.39048446 0.16831631
v 0.08935972 0.39924201 0.16831631
v 0.08892987 0.40800117 0.16831631
v 0.08764195 0.41667599 0.16831631
v 0.08551218 0.42518212 0.16831631
v 0.08255839 0.43343844 0.16831631
v 0.07880817 0.44136711 0.16831631
v 0.07430044 0.44888864 0.16831631
v 0.06907576 0.45593166 0.16831631
v 0.06318766 0.46242966 0.16831631
v 0.05668965 0.46831777 0.16831631
v 0.04964501 0.47354245 0.16831631
v 0.04212348 0.47805018 0.16831631
v 0.03419644 0.48180040 0.16831631
v 0.02594011 0.48475418 0.16831631
v 0.01743399 0.48688558 0.16831631
v 0.00875917 0.48817188 0.16831631
v 0.00000000 0.48860173 0.16831631
v -0.00875917 0.48817188 0.16831631
v -0.01743399 0.48688558 0.16831631
v -0.02594011 0.48475418 0.16831631
v -0.03419644 0.48180040 0.16831631
v -0.04212348 0.47805018 0.16831631
v -0.04964501 0.47354245 0.16831631
v -0.05668965 0.46831939 0.16831631
v -0.06318766 0.46242966 0.16831631
v -0.06907576 0.45593166 0.16831631
v -0.07430044 0.44888864 0.16831631
v -0.07880817 0.44136711 0.16831631
v -0.08255839 0.43343844 0.16831631
v -0.08551218 0.42518212 0.16831631
v -0.08764195 0.41667599 0.16831631
v -0.08892987 0.40800117 0.16831631
v -0.08935972 0.39924201 0.16831631
v -0.08892987 0.39048446 0.16831631
v -0.08764195 0.38180964 0.16831631
v -0.08551218 0.37330352 0.16831631
v -0.08255839 0.36504557 0.16831631
v -0.07880817 0.35711853 0.16831631
v -0.07430044 0.34959700 0.16831631
v -0.06907576 0.34255398 0.16831631
v -0.06318766 0.33605597 0.16831631
v -0.05668965 0.33016625 0.16831631
v -0.04964501 0.32494319 0.16831631
v -0.04212348 0.32043384 0.16831631
v -0.03419644 0.31668524 0.16831631
v -0.02594011 0.31372983 0.16831631
v -0.01743399 0.31160006 0.16831631
v 0.00000000 0.30723021 -0.30908098
v -0.00901870 0.30767303 -0.30908098
v -0.01795143 0.30899826 -0.30908098
v -0.02671059 0.31119130 -0.30908098
v -0.03521185 0.31423429 -0.30908098
v -0.04337410 0.31809482 -0.30908098
v -0.05111947 0.32273717 -0.30908098
v -0.05837174 0.32811595 -0.30908098
v -0.06506277 0.33417924 -0.30908098
v -0.07112768 0.34087027 -0.30908098
v -0.07650646 0.34812254 -0.30908098
v -0.08114881 0.35586791 -0.30908098
v -0.08500934 0.36403016 -0.30908098
v -0.08805071 0.37253304 -0.30908098
v -0.09024537 0.38129220 -0.30908098
v -0.09157060 0.39022331 -0.30908098
v -0.09201342 0.39924201 -0.30908098
v -0.09157060 0.40826071 -0.30908098
v -0.09024537 0.41719343 -0.30908098
v -0.08805071 0.42595260 -0.30908098
v -0.08500934 0.43445386 -0.30908098
v -0.08114881 0.44261773 -0.30908098
v -0.07650646 0.45036148 -0.30908098
v -0.07112768 0.45761537 -0.30908098
v -0.06506277 0.46430477 -0.30908098
v -0.05837174 0.47036969 -0.30908098
v -0.05111947 0.47574846 -0.30908098
v -0.04337410 0.48039082 -0.30908098
v -0.03521185 0.48425134 -0.30908098
v -0.02671059 0.48729272 -0.30908098
v -0.01795143 0.48948738 -0.30908098
v -0.00901870 0.49081261 -0.30908098
v 0.00000000 0.49125543 -0.30908098
v 0.00901870 0.49081261 -0.30908098
v 0.01795143 0.48948738 -0.30908098
v 0.02671059 0.48729272 -0.30908098
v 0.03521185 0.48425134 -0.30908098
v 0.04337410 0.48039082 -0.30908098
v 0.05111947 0.47574846 -0.30908098
v 0.05837174 0.47036969 -0.30908098
v 0.06506277 0.46430477 -0.30908098
v 0.07112768 0.45761537 -0.30908098
v 0.07650646 0.45036148 -0.30908098
v 0.08114881 0.44261773 -0.30908098
v 0.08500934 0.43445386 -0.30908098
v 0.08805071 0.42595260 -0.30908098
v 0.09024537 0.41719343 -0.30908098
v 0.09156898 0.40826071 -0.30908098
v 0.09201342 0.39924201 -0.30908098
v 0.09156898 0.39022331 -0.30908098
v 0.09024537 0.38129220 -0.30908098
v 0.08805071 0.37253304 -0.30908098
v 0.08500934 0.36403016 -0.30908098
v 0.08114881 0.35586791 -0.30908098
v 0.07650646 0.34812254 -0.30908098
v 0.07112768 0.34087027 -0.30908098
v 0.06506277 0.33417924 -0.30908098
v 0.05837174 0.32811595 -0.30908098
v 0.05111947 0.32273717 -0.30908098
v 0.04337410 0.31809482 -0.30908098
v 0.03521185 0.31423429 -0.30908098
v 0.02671059 0.31119130 -0.30908098
v 0.01795143 0.30899826 -0.30908098
v 0.00901870 0.30767303 -0.30908098
vn 0.00000000 -1.00000000 0.00000000
vn 0.00000000 -1.00000000 0.00000000
vn -0.09799868 -0.99518655 0.00000000
vn -0.09799868 -0.99518655 0.00000000
vn -0.19509682 -0.98078399 0.00000000
vn -0.19509682 -0.98078399 0.00000000
vn -0.29030991 -0.95693268 0.00000000
vn -0.29030991 -0.95693268 0.00000000
vn -0.38269034 -0.92387667 0.00000000
vn -0.38269034 -0.92387667 0.00000000
vn -0.47140812 -0.88191518 0.00000000
vn -0.47140812 -0.88191518 0.00000000
vn -0.55557677 -0.83146524 0.00000000
vn -0.55557677 -0.83146524 0.00000000
vn -0.63440242 -0.77300295 0.00000000
vn -0.63440242 -0.77300295 0.00000000
vn -0.70710678 -0.70710678 0.00000000
vn -0.70710678 -0.70710678 0.00000000
vn -0.77300295 -0.63440242 0.00000000
vn -0.77300295 -0.63440242 0.00000000
vn -0.83146524 -0.55557677 0.00000000
vn -0.83146524 -0.55557677 0.00000000
vn -0.88191518 -0.47140812 0.00000000
vn -0.88191518 -0.47140812 0.00000000
vn -0.92387667 -0.38269034 0.00000000
vn -0.92387667 -0.38269034 0.00000000
vn -0.95693268 -0.29030991 0.00000000
vn -0.95693268 -0.29030991 0.00000000
vn -0.98078399 -0.19509682 0.00000000
vn -0.98078399 -0.19509682 0.00000000
vn -0.99518655 -0.09799868 0.00000000
vn -0.99518655 -0.09799868 0.00000000
vn -0.99518655 -0.09799868 0.00000000
vn -0.99518655 -0.09799868 0.00000000
vn -1.00000000 0.00000000 0.00000000
vn -1.00000000 0.00000000 0.00000000
vn -0.99518655 0.09799868 0.00000000
vn -0.99518655 0.09799868 0.00000000
vn -0.98078399 0.19509682 0.00000000
vn -0.98078399 0.19509682 0.00000000
vn -0.95693268 0.29030991 0.00000000
vn -0.95693268 0.29030991 0.00000000
vn -0.92387667 0.38269034 0.00000000
vn -0.92387667 0.38269034 0.00000000
vn -0.88191518 0.47140812 0.00000000
vn -0.88191518 0.47140812 0.00000000
vn -0.83146524 0.55557677 0.00000000
vn -0.83146524 0.55557677 0.00000000
vn -0.77300295 0.63440242 0.00000000
vn -0.77300295 0.63440242 0.00000000
vn -0.70710678 0.70710678 0.00000000
vn -0.70710678 0.70710678 0.00000000
vn -0.63440242 0.77300295 0.00000000
vn -0.63440242 0.77300295 0.00000000
vn -0.55557677 0.83146524 0.00000000
vn -0.55557677 0.83146524 0.00000000
vn -0.47140812 0.88191518 0.00000000
vn -0.47140812 0.88191518 0.00000000
vn -0.38269034 0.92387667 0.00000000
vn -0.38269034 0.92387667 0.00000000
vn -0.29030991 0.95693268 0.00000000
vn -0.29030991 0.95693268 0.00000000
vn -0.19509682 0.98078399 0.00000000
vn -0.19509682 0.98078399 0.00000000
vn -0.09799868 0.99518655 0.00000000
vn -0.09799868 0.99518655 0.00000000
vn -0.09799868 0.99518655 0.00000000
vn -0.09799868 0.99518655 0.00000000
vn 0.00000000 1.00000000 0.00000000
vn 0.00000000 1.00000000 0.00000000
vn 0.09799868 0.99518655 0.00000000
vn 0.09799868 0.99518655 0.00000000
vn 0.19509682 0.98078399 0.00000000
vn 0.19509682 0.98078399 0.00000000
vn 0.29030991 0.95693268 0.00000000
vn 0.29030991 0.95693268 0.00000000
vn 0.38269034 0.92387667 0.00000000
vn 0.38269034 0.92387667 0.00000000
vn 0.47140812 0.88191518 0.00000000
vn 0.47140812 0.88191518 0.00000000
vn 0.55557677 0.83146524 0.00000000
vn 0.55557677 0.83146524 0.00000000
vn 0.63440242 0.77300295 0.00000000
vn 0.63440242 0.77300295 0.00000000
vn 0.70710678 0.70710678 0.00000000
vn 0.70710678 0.70710678 0.00000000
vn 0.77300295 0.63440242 0.00000000
vn 0.77300295 0.63440242 0.00000000
vn 0.83146524 0.55557677 0.00000000
vn 0.83146524 0.55557677 0.00000000
vn 0.88191518 0.47140812 0.00000000
vn 0.88191518 0.47140812 0.00000000
vn 0.92387667 0.38269034 0.00000000
vn 0.92387667 0.38269034 0.00000000
vn 0.95693268 0.29030991 0.00000000
vn 0.95693268 0.29030991 0.00000000
vn 0.98078399 0.19509682 0.00000000
vn 0.98078399 0.19509682 0.00000000
vn 0.99518655 0.09799868 0.00000000
vn 0.99518655 0.09799868 0.00000000
vn 0.99518655 0.09799868 0.00000000
vn 0.99518655 0.09799868 0.00000000
vn 1.00000000 0.00000000 0.00000000
vn 1.00000000 0.00000000 0.00000000
vn 0.99518655 -0.09799868 0.00000000
vn 0.99518655 -0.09799868 0.00000000
vn 0.98078399 -0.19509682 0.00000000
vn 0.98078399 -0.19509682 0.00000000
vn 0.95693268 -0.29030991 0.00000000
vn 0.95693268 -0.29030991 0.00000000
vn 0.92387667 -0.38269034 0.00000000
vn 0.92387667 -0.38269034 0.00000000
vn 0.88191518 -0.47140812 0.00000000
vn 0.88191518 -0.47140812 0.00000000
vn 0.83146524 -0.55557677 0.00000000
vn 0.83146524 -0.55557677 0.00000000
vn 0.77300295 -0.63440242 0.00000000
vn 0.77300295 -0.63440242 0.00000000
vn 0.70710678 -0.70710678 0.00000000
vn 0.70710678 -0.70710678 0.00000000
vn 0.63440242 -0.77300295 0.00000000
vn 0.63440242 -0.77300295 0.00000000
vn 0.55557677 -0.83146524 0.00000000
vn 0.55557677 -0.83146524 0.00000000
vn 0.47140812 -0.88191518 0.00000000
vn 0.47140812 -0.88191518 0.00000000
vn 0.38269034 -0.92387667 0.00000000
vn 0.38269034 -0.92387667 0.00000000
vn 0.29030991 -0.95693268 0.00000000
vn 0.29030991 -0.95693268 0.00000000
vn 0.19509682 -0.98078399 0.00000000
vn 0.19509682 -0.98078399 0.00000000
vn 0.92380914 0.38270378 0.01070011
vn 0.88186470 0.47138113 0.01069957
vn 0.88186470 0.47138113 0.01069957
vn 0.92380914 0.38270378 0.01070011
vn 0.09799868 -0.99518655 0.00000000
vn 0.09799868 -0.99518655 0.00000000
vn 0.00000000 -1.00000000 0.00000000
vn 0.00000000 -1.00000000 0.00000000
vn 0.99518045 -0.09799807 -0.00349993
vn 0.98077798 -0.19509562 -0.00349992
vn 0.98077798 -0.19509562 -0.00349992
vn 0.99518045 -0.09799807 -0.00349993
vn -0.00029999 -0.00609989 0.99998135
vn 0.00029999 -0.00609989 0.99998135
vn -0.00029999 -0.00609989 0.99998135
vn -0.00059999 -0.00609989 0.99998122
vn -0.00039999 -0.00609989 0.99998132
vn -0.00059999 -0.00609989 0.99998122
vn -0.00029999 -0.00609989 0.99998135
vn -0.00029999 -0.00609989 0.99998135
vn 0.00029999 -0.00609989 0.99998135
vn -0.00089998 -0.00609988 0.99998099
vn -0.00149997 -0.00589989 0.99998147
vn -0.00089998 -0.00609988 0.99998099
vn -0.00149997 -0.00589989 0.99998147
vn -0.00169997 -0.00589989 0.99998115
vn -0.00209996 -0.00579989 0.99998098
vn -0.00149997 -0.00589989 0.99998147
vn -0.00149997 -0.00589989 0.99998147
vn -0.00169997 -0.00589989 0.99998115
vn -0.00179997 -0.00579989 0.99998156
vn -0.00209996 -0.00579989 0.99998098
vn -0.00229996 -0.00569989 0.99998111
vn -0.00259995 -0.00549990 0.99998150
vn -0.00259995 -0.00549990 0.99998150
vn -0.00209996 -0.00579989 0.99998098
vn -0.00259995 -0.00549990 0.99998150
vn -0.00309994 -0.00519990 0.99998168
vn -0.00289995 -0.00539990 0.99998122
vn -0.00299994 -0.00529990 0.99998146
vn -0.00309994 -0.00519990 0.99998168
vn -0.00359993 -0.00489991 0.99998152
vn -0.00309994 -0.00519990 0.99998168
vn -0.00309994 -0.00519990 0.99998168
vn -0.00339994 -0.00509990 0.99998122
vn -0.00359993 -0.00489991 0.99998152
vn -0.00409992 -0.00449992 0.99998147
vn -0.00359993 -0.00489991 0.99998152
vn -0.00389993 -0.00469991 0.99998135
vn -0.00409992 -0.00449992 0.99998147
vn -0.00409992 -0.00449992 0.99998147
vn -0.00449992 -0.00409992 0.99998147
vn -0.00449992 -0.00409992 0.99998147
vn -0.00409992 -0.00449992 0.99998147
vn -0.00469991 -0.00379993 0.99998174
vn -0.00469991 -0.00389993 0.99998135
vn -0.00459991 -0.00399993 0.99998142
vn -0.00449992 -0.00409992 0.99998147
vn -0.00469991 -0.00379993 0.99998174
vn -0.00459991 -0.00399993 0.99998142
vn -0.00519990 -0.00309994 0.99998168
vn -0.00489991 -0.00359993 0.99998152
vn -0.00519990 -0.00309994 0.99998168
vn -0.00489991 -0.00359993 0.99998152
vn -0.00549990 -0.00259995 0.99998150
vn -0.00539990 -0.00289995 0.99998122
vn -0.00519990 -0.00309994 0.99998168
vn -0.00539990 -0.00289995 0.99998122
vn -0.00519990 -0.00309994 0.99998168
vn -0.00549990 -0.00259995 0.99998150
vn -0.00579989 -0.00209996 0.99998098
vn -0.00579989 -0.00209996 0.99998098
vn -0.00569989 -0.00229996 0.99998111
vn -0.00549990 -0.00259995 0.99998150
vn -0.00579989 -0.00209996 0.99998098
vn -0.00589989 -0.00149997 0.99998147
vn -0.00579989 -0.00189996 0.99998138
vn -0.00579989 -0.00199996 0.99998118
vn -0.00589989 -0.00169997 0.99998115
vn -0.00589989 -0.00149997 0.99998147
vn -0.00609988 -0.00089998 0.99998099
vn -0.00599989 -0.00139997 0.99998102
vn -0.00589989 -0.00149997 0.99998147
vn -0.00599989 -0.00119998 0.99998128
vn -0.00609988 -0.00089998 0.99998099
vn -0.00609989 -0.00029999 0.99998135
vn -0.00609989 -0.00029999 0.99998135
vn -0.00609988 -0.00089998 0.99998099
vn -0.00609989 -0.00039999 0.99998132
vn -0.00609989 0.00029999 0.99998135
vn -0.00609989 0.00000000 0.99998140
vn -0.00609989 0.00029999 0.99998135
vn -0.00609989 0.00000000 0.99998140
vn -0.00609989 0.00029999 0.99998135
vn -0.00609989 0.00059999 0.99998122
vn -0.00609988 0.00089998 0.99998099
vn -0.00609989 0.00029999 0.99998135
vn -0.00609989 0.00059999 0.99998122
vn -0.00609989 0.00039999 0.99998132
vn -0.00599989 0.00119998 0.99998128
vn -0.00609988 0.00089998 0.99998099
vn -0.00589989 0.00149997 0.99998147
vn -0.00599989 0.00099998 0.99998150
vn -0.00599989 0.00119998 0.99998128
vn -0.00609988 0.00089998 0.99998099
vn -0.00589989 0.00149997 0.99998147
vn -0.00579989 0.00209996 0.99998098
vn -0.00589989 0.00149997 0.99998147
vn -0.00579989 0.00189996 0.99998138
vn -0.00579989 0.00209996 0.99998098
vn -0.00579989 0.00209996 0.99998098
vn -0.00549990 0.00259995 0.99998150
vn -0.00569989 0.00229996 0.99998111
vn -0.00579989 0.00209996 0.99998098
vn -0.00549990 0.00259995 0.99998150
vn -0.00519990 0.00309994 0.99998168
vn -0.00549990 0.00259995 0.99998150
vn -0.00539990 0.00289995 0.99998122
vn -0.00519990 0.00309994 0.99998168
vn -0.00519990 0.00309994 0.99998168
vn -0.00489991 0.00359993 0.99998152
vn -0.00519990 0.00309994 0.99998168
vn -0.00489991 0.00359993 0.99998152
vn -0.00449992 0.00409992 0.99998147
vn -0.00489991 0.00359993 0.99998152
vn -0.00469991 0.00379993 0.99998174
vn -0.00469991 0.00389993 0.99998135
vn -0.00449992 0.00409992 0.99998147
vn -0.00409992 0.00449992 0.99998147
vn -0.00449992 0.00409992 0.99998147
vn -0.00409992 0.00449992 0.99998147
vn -0.00399993 0.00459991 0.99998142
vn -0.00409992 0.00449992 0.99998147
vn -0.00359993 0.00489991 0.99998152
vn -0.00389993 0.00469991 0.99998135
vn -0.00409992 0.00449992 0.99998147
vn -0.00309994 0.00519990 0.99998168
vn -0.00359993 0.00489991 0.99998152
vn -0.00359993 0.00489991 0.99998152
vn -0.00309994 0.00519990 0.99998168
vn -0.00309994 0.00519990 0.99998168
vn -0.00289995 0.00539990 0.99998122
vn -0.00299994 0.00529990 0.99998146
vn -0.00309994 0.00519990 0.99998168
vn -0.00289995 0.00539990 0.99998122
vn -0.00239996 0.00559990 0.99998144
vn -0.00259995 0.00549990 0.99998150
vn -0.00209996 0.00579989 0.99998098
vn -0.00209996 0.00579989 0.99998098
vn -0.00259995 0.00549990 0.99998150
vn -0.00209996 0.00579989 0.99998098
vn -0.00189996 0.00579989 0.99998138
vn -0.00179997 0.00579989 0.99998156
vn -0.00209996 0.00579989 0.99998098
vn -0.00169997 0.00589989 0.99998115
vn -0.00179997 0.00579989 0.99998156
vn -0.00089998 0.00609988 0.99998099
vn -0.00149997 0.00589989 0.99998147
vn -0.00119998 0.00599989 0.99998128
vn -0.00089998 0.00609988 0.99998099
vn -0.00149997 0.00589989 0.99998147
vn -0.00059999 0.00609989 0.99998122
vn -0.00089998 0.00609988 0.99998099
vn -0.00029999 0.00609989 0.99998135
vn -0.00029999 0.00609989 0.99998135
vn -0.00089998 0.00609988 0.99998099
vn -0.00039999 0.00609989 0.99998132
vn 0.00029999 0.00609989 0.99998135
vn 0.00000000 0.00609989 0.99998140
vn 0.00029999 0.00609989 0.99998135
vn -0.00029999 0.00609989 0.99998135
vn 0.00089998 0.00609988 0.99998099
vn 0.00059999 0.00609989 0.99998122
vn 0.00039999 0.00609989 0.99998132
vn 0.00059999 0.00609989 0.99998122
vn 0.00029999 0.00609989 0.99998135
vn 0.00149997 0.00589989 0.99998147
vn 0.00089998 0.00609988 0.99998099
vn 0.00089998 0.00609988 0.99998099
vn 0.00149997 0.00589989 0.99998147
vn 0.00149997 0.00589989 0.99998147
vn 0.00209996 0.00579989 0.99998098
vn 0.00169997 0.00589989 0.99998115
vn 0.00149997 0.00589989 0.99998147
vn 0.00179997 0.00579989 0.99998156
vn 0.00169997 0.00589989 0.99998115
vn 0.00259995 0.00549990 0.99998150
vn 0.00209996 0.00579989 0.99998098
vn 0.00209996 0.00579989 0.99998098
vn 0.00259995 0.00549990 0.99998150
vn 0.00259995 0.00549990 0.99998150
vn 0.00309994 0.00519990 0.99998168
vn 0.00259995 0.00549990 0.99998150
vn 0.00309994 0.00519990 0.99998168
vn 0.00309994 0.00519990 0.99998168
vn 0.00359993 0.00489991 0.99998152
vn 0.00309994 0.00519990 0.99998168
vn 0.00359993 0.00489991 0.99998152
vn 0.00389993 0.00469991 0.99998135
vn 0.00409992 0.00449992 0.99998147
vn 0.00409992 0.00449992 0.99998147
vn 0.00389993 0.00469991 0.99998135
vn 0.00399993 0.00459991 0.99998142
vn 0.00409992 0.00449992 0.99998147
vn 0.00449992 0.00409992 0.99998147
vn 0.00409992 0.00449992 0.99998147
vn 0.00449992 0.00409992 0.99998147
vn 0.00459991 0.00399993 0.99998142
vn 0.00449992 0.00409992 0.99998147
vn 0.00489991 0.00359993 0.99998152
vn 0.00459991 0.00399993 0.99998142
vn 0.00449992 0.00409992 0.99998147
vn 0.00519990 0.00309994 0.99998168
vn 0.00489991 0.00359993 0.99998152
vn 0.00489991 0.00359993 0.99998152
vn 0.00509990 0.00339994 0.99998122
vn 0.00519990 0.00319994 0.99998136
vn 0.00539990 0.00289995 0.99998122
vn 0.00549990 0.00259995 0.99998150
vn 0.00519990 0.00309994 0.99998168
vn 0.00539990 0.00289995 0.99998122
vn 0.00519990 0.00309994 0.99998168
vn 0.00579989 0.00209996 0.99998098
vn 0.00549990 0.00259995 0.99998150
vn 0.00549990 0.00259995 0.99998150
vn 0.00579989 0.00209996 0.99998098
vn 0.00579989 0.00209996 0.99998098
vn 0.00589989 0.00149997 0.99998147
vn 0.00579989 0.00189996 0.99998138
vn 0.00579989 0.00209996 0.99998098
vn 0.00589989 0.00169997 0.99998115
vn 0.00579989 0.00189996 0.99998138
vn 0.00589989 0.00149997 0.99998147
vn 0.00609988 0.00089998 0.99998099
vn 0.00599989 0.00099998 0.99998150
vn 0.00599989 0.00119998 0.99998128
vn 0.00589989 0.00149997 0.99998147
vn 0.00609989 0.00059999 0.99998122
vn 0.00609989 0.00029999 0.99998135
vn 0.00609989 0.00059999 0.99998122
vn 0.00609988 0.00089998 0.99998099
vn 0.00609989 0.00029999 0.99998135
vn 0.00609989 0.00029999 0.99998135
vn 0.00609989 -0.00029999 0.99998135
vn 0.00609989 0.00029999 0.99998135
vn 0.00609989 -0.00029999 0.99998135
vn 0.00609988 -0.00089998 0.99998099
vn 0.00609989 -0.00059999 0.99998122
vn 0.00609989 -0.00029999 0.99998135
vn 0.00609989 -0.00059999 0.99998122
vn 0.00609989 -0.00039999 0.99998132
vn 0.00609988 -0.00089998 0.99998099
vn 0.00599989 -0.00119998 0.99998128
vn 0.00589989 -0.00149997 0.99998147
vn 0.00609988 -0.00089998 0.99998099
vn 0.00599989 -0.00099998 0.99998150
vn 0.00599989 -0.00119998 0.99998128
vn 0.00589989 -0.00169997 0.99998115
vn 0.00579989 -0.00209996 0.99998098
vn 0.00589989 -0.00149997 0.99998147
vn 0.00589989 -0.00169997 0.99998115
vn 0.00589989 -0.00149997 0.99998147
vn 0.00579989 -0.00189996 0.99998138
vn 0.00579989 -0.00209996 0.99998098
vn 0.00549990 -0.00259995 0.99998150
vn 0.00549990 -0.00259995 0.99998150
vn 0.00579989 -0.00209996 0.99998098
vn 0.00519990 -0.00309994 0.99998168
vn 0.00549990 -0.00259995 0.99998150
vn 0.00549990 -0.00259995 0.99998150
vn 0.00539990 -0.00289995 0.99998122
vn 0.00519990 -0.00309994 0.99998168
vn 0.00489991 -0.00359993 0.99998152
vn 0.00509990 -0.00339994 0.99998122
vn 0.00489991 -0.00359993 0.99998152
vn 0.00519990 -0.00309994 0.99998168
vn 0.00449992 -0.00409992 0.99998147
vn 0.00489991 -0.00359993 0.99998152
vn 0.00449992 -0.00409992 0.99998147
vn 0.00489991 -0.00359993 0.99998152
vn 0.00469991 -0.00389993 0.99998135
vn 0.00409992 -0.00449992 0.99998147
vn 0.00449992 -0.00409992 0.99998147
vn 0.00449992 -0.00409992 0.99998147
vn 0.00409992 -0.00449992 0.99998147
vn 0.00389993 -0.00469991 0.99998135
vn 0.00409992 -0.00449992 0.99998147
vn 0.00359993 -0.00489991 0.99998152
vn 0.00409992 -0.00449992 0.99998147
vn 0.00389993 -0.00469991 0.99998135
vn 0.00359993 -0.00489991 0.99998152
vn 0.00309994 -0.00519990 0.99998168
vn 0.00339994 -0.00509990 0.99998122
vn 0.00359993 -0.00489991 0.99998152
vn 0.00309994 -0.00519990 0.99998168
vn 0.00259995 -0.00549990 0.99998150
vn 0.00309994 -0.00519990 0.99998168
vn 0.00259995 -0.00549990 0.99998150
vn 0.00279995 -0.00539990 0.99998150
vn 0.00309994 -0.00519990 0.99998168
vn 0.00259995 -0.00549990 0.99998150
vn 0.00209996 -0.00579989 0.99998098
vn 0.00259995 -0.00549990 0.99998150
vn 0.00209996 -0.00579989 0.99998098
vn 0.00169997 -0.00589989 0.99998115
vn 0.00189996 -0.00579989 0.99998138
vn 0.00179997 -0.00579989 0.99998156
vn 0.00189996 -0.00579989 0.99998138
vn 0.00169997 -0.00589989 0.99998115
vn 0.00089998 -0.00609988 0.99998099
vn 0.00149997 -0.00589989 0.99998147
vn 0.00089998 -0.00609988 0.99998099
vn 0.00149997 -0.00589989 0.99998147
vn 0.00059999 -0.00609989 0.99998122
vn 0.00029999 -0.00609989 0.99998135
vn 0.00089998 -0.00609988 0.99998099
vn 0.00059999 -0.00609989 0.99998122
vn 0.00029999 -0.00609989 0.99998135
vn -0.63436611 -0.77295871 0.01069943
vn -0.55552203 -0.83143297 0.01070042
vn -0.55552203 -0.83143297 0.01070042
vn -0.63436611 -0.77295871 0.01069943
vn 0.95687790 0.29029330 0.01069975
vn 0.95687790 0.29029330 0.01069975
vn -0.70706631 -0.70706631 0.01069949
vn -0.70706631 -0.70706631 0.01069949
vn 0.98072403 0.19510478 0.01070026
vn 0.98072403 0.19510478 0.01070026
vn -0.77295871 -0.63436611 0.01069943
vn -0.77295871 -0.63436611 0.01069943
vn 0.99512861 0.09800282 0.01070031
vn 0.99512861 0.09800282 0.01070031
vn -0.83143297 -0.55552203 0.01070042
vn -0.83143297 -0.55552203 0.01070042
vn 0.99994381 0.00000000 0.01060046
vn 0.99994275 0.00000000 0.01070046
vn -0.88186470 -0.47138113 0.01069957
vn -0.88186470 -0.47138113 0.01069957
vn 0.99512861 -0.09800282 0.01070031
vn 0.99994275 0.00000000 0.01070046
vn 0.99994381 0.00000000 0.01060046
vn 0.99512861 -0.09800282 0.01070031
vn -0.92380914 -0.38270378 0.01070011
vn -0.92380914 -0.38270378 0.01070011
vn 0.98072403 -0.19510478 0.01070026
vn 0.98072403 -0.19510478 0.01070026
vn -0.95687790 -0.29029330 0.01069975
vn -0.95687790 -0.29029330 0.01069975
vn 0.95687790 -0.29029330 0.01069975
vn 0.95687790 -0.29029330 0.01069975
vn -0.98072403 -0.19510478 0.01070026
vn -0.98072403 -0.19510478 0.01070026
vn 0.92380914 -0.38270378 0.01070011
vn 0.92380914 -0.38270378 0.01070011
vn -0.99512861 -0.09800282 0.01070031
vn -0.99512861 -0.09800282 0.01070031
vn 0.88186470 -0.47138113 0.01069957
vn 0.88186470 -0.47138113 0.01069957
vn -0.99994381 0.00000000 0.01060046
vn -0.99994275 0.00000000 0.01070046
vn 0.83143297 -0.55552203 0.01070042
vn 0.83143297 -0.55552203 0.01070042
vn -0.99512861 0.09800282 0.01070031
vn -0.99994275 0.00000000 0.01070046
vn -0.99994381 0.00000000 0.01060046
vn -0.99512861 0.09800282 0.01070031
vn 0.77295871 -0.63436611 0.01069943
vn 0.77295871 -0.63436611 0.01069943
vn -0.98072403 0.19510478 0.01070026
vn -0.98072403 0.19510478 0.01070026
vn 0.70706631 -0.70706631 0.01069949
vn 0.70706631 -0.70706631 0.01069949
vn -0.95687790 0.29029330 0.01069975
vn -0.95687790 0.29029330 0.01069975
vn 0.63436611 -0.77295871 0.01069943
vn 0.63436611 -0.77295871 0.01069943
vn -0.92380914 0.38270378 0.01070011
vn -0.92380914 0.38270378 0.01070011
vn 0.55552203 -0.83143297 0.01070042
vn 0.55552203 -0.83143297 0.01070042
vn -0.88186470 0.47138113 0.01069957
vn -0.88186470 0.47138113 0.01069957
vn 0.47138113 -0.88186470 0.01069957
vn 0.47138113 -0.88186470 0.01069957
vn 0.09800282 0.99512861 0.01070031
vn 0.00000000 0.99994275 0.01070046
vn 0.00000000 0.99994381 0.01060046
vn 0.09800282 0.99512861 0.01070031
vn -0.83143297 0.55552203 0.01070042
vn -0.83143297 0.55552203 0.01070042
vn 0.38270378 -0.92380914 0.01070011
vn 0.38270378 -0.92380914 0.01070011
vn 0.19510478 0.98072403 0.01070026
vn 0.19510478 0.98072403 0.01070026
vn -0.77295871 0.63436611 0.01069943
vn -0.77295871 0.63436611 0.01069943
vn 0.29029330 -0.95687790 0.01069975
vn 0.29029330 -0.95687790 0.01069975
vn 0.29029330 0.95687790 0.01069975
vn 0.29029330 0.95687790 0.01069975
vn -0.70706631 0.70706631 0.01069949
vn -0.70706631 0.70706631 0.01069949
vn 0.19510478 -0.98072403 0.01070026
vn 0.19510478 -0.98072403 0.01070026
vn 0.38270378 0.92380914 0.01070011
vn 0.38270378 0.92380914 0.01070011
vn -0.63436611 0.77295871 0.01069943
vn -0.63436611 0.77295871 0.01069943
vn 0.09800282 -0.99512861 0.01070031
vn 0.09800282 -0.99512861 0.01070031
vn 0.47138113 0.88186470 0.01069957
vn 0.47138113 0.88186470 0.01069957
vn -0.55552203 0.83143297 0.01070042
vn -0.55552203 0.83143297 0.01070042
vn 0.00000000 -0.99994275 0.01070046
vn 0.00000000 -0.99994275 0.01070046
vn 0.55552203 0.83143297 0.01070042
vn 0.55552203 0.83143297 0.01070042
vn -0.47138113 0.88186470 0.01069957
vn -0.47138113 0.88186470 0.01069957
vn -0.09800282 -0.99512861 0.01070031
vn 0.00000000 -0.99994275 0.01070046
vn 0.00000000 -0.99994275 0.01070046
vn -0.09800282 -0.99512861 0.01070031
vn 0.63436611 0.77295871 0.01069943
vn 0.63436611 0.77295871 0.01069943
vn -0.38270378 0.92380914 0.01070011
vn -0.38270378 0.92380914 0.01070011
vn -0.19510478 -0.98072403 0.01070026
vn -0.19510478 -0.98072403 0.01070026
vn 0.70706631 0.70706631 0.01069949
vn 0.70706631 0.70706631 0.01069949
vn -0.29029330 0.95687790 0.01069975
vn -0.29029330 0.95687790 0.01069975
vn -0.29029330 -0.95687790 0.01069975
vn -0.29029330 -0.95687790 0.01069975
vn 0.77295871 0.63436611 0.01069943
vn 0.77295871 0.63436611 0.01069943
vn -0.19510478 0.98072403 0.01070026
vn -0.19510478 0.98072403 0.01070026
vn -0.38270378 -0.92380914 0.01070011
vn -0.38270378 -0.92380914 0.01070011
vn 0.83143297 0.55552203 0.01070042
vn 0.83143297 0.55552203 0.01070042
vn -0.09800282 0.99512861 0.01070031
vn -0.09800282 0.99512861 0.01070031
vn -0.47138113 -0.88186470 0.01069957
vn -0.47138113 -0.88186470 0.01069957
vn 0.00000000 0.99994381 0.01060046
vn 0.00000000 0.99994275 0.01070046
vn -0.00089997 -0.00759978 -0.99997072
vn -0.00069998 -0.00759978 -0.99997088
vn -0.00109997 -0.00759978 -0.99997052
vn 0.00000000 -0.00769977 -0.99997036
vn 0.00039999 -0.00769977 -0.99997028
vn 0.00039999 -0.00769977 -0.99997028
vn 0.00000000 -0.00769977 -0.99997036
vn -0.00039999 -0.00769977 -0.99997028
vn -0.00039999 -0.00769977 -0.99997028
vn -0.00109997 -0.00759978 -0.99997052
vn -0.00109997 -0.00759978 -0.99997052
vn -0.00189994 -0.00739978 -0.99997082
vn -0.00189994 -0.00739978 -0.99997082
vn -0.00109997 -0.00759978 -0.99997052
vn -0.00189994 -0.00739978 -0.99997082
vn -0.00259992 -0.00719979 -0.99997070
vn -0.00219994 -0.00729979 -0.99997094
vn -0.00229993 -0.00729979 -0.99997071
vn -0.00289991 -0.00709979 -0.99997059
vn -0.00259992 -0.00719979 -0.99997070
vn -0.00279992 -0.00709979 -0.99997088
vn -0.00259992 -0.00719979 -0.99997070
vn -0.00299991 -0.00709979 -0.99997030
vn -0.00329990 -0.00689980 -0.99997075
vn -0.00359989 -0.00679980 -0.99997040
vn -0.00389989 -0.00659981 -0.99997062
vn -0.00359989 -0.00679980 -0.99997040
vn -0.00389989 -0.00659981 -0.99997062
vn -0.00389989 -0.00659981 -0.99997062
vn -0.00459986 -0.00619982 -0.99997020
vn -0.00419988 -0.00639981 -0.99997070
vn -0.00459986 -0.00619982 -0.99997020
vn -0.00429987 -0.00629982 -0.99997091
vn -0.00459986 -0.00619982 -0.99997020
vn -0.00509985 -0.00569983 -0.99997075
vn -0.00479986 -0.00589983 -0.99997108
vn -0.00489986 -0.00589983 -0.99997059
vn -0.00539984 -0.00539984 -0.99997084
vn -0.00569983 -0.00509985 -0.99997075
vn -0.00539984 -0.00539984 -0.99997084
vn -0.00569983 -0.00509985 -0.99997075
vn -0.00529984 -0.00559983 -0.99997028
vn -0.00619982 -0.00459986 -0.99997020
vn -0.00569983 -0.00509985 -0.99997075
vn -0.00589983 -0.00489986 -0.99997059
vn -0.00619982 -0.00459986 -0.99997020
vn -0.00589983 -0.00479986 -0.99997108
vn -0.00589983 -0.00489986 -0.99997059
vn -0.00619982 -0.00459986 -0.99997020
vn -0.00639981 -0.00419988 -0.99997070
vn -0.00629982 -0.00429987 -0.99997091
vn -0.00659981 -0.00389989 -0.99997062
vn -0.00679980 -0.00359989 -0.99997040
vn -0.00669981 -0.00359990 -0.99997108
vn -0.00659981 -0.00389989 -0.99997062
vn -0.00679980 -0.00359989 -0.99997040
vn -0.00659981 -0.00389989 -0.99997062
vn -0.00709979 -0.00279992 -0.99997088
vn -0.00719979 -0.00259992 -0.99997070
vn -0.00709979 -0.00289991 -0.99997059
vn -0.00709979 -0.00299991 -0.99997030
vn -0.00719979 -0.00259992 -0.99997070
vn -0.00719979 -0.00259992 -0.99997070
vn -0.00729979 -0.00229993 -0.99997071
vn -0.00729979 -0.00219994 -0.99997094
vn -0.00729979 -0.00229993 -0.99997071
vn -0.00739978 -0.00209994 -0.99997042
vn -0.00729979 -0.00219994 -0.99997094
vn -0.00739978 -0.00189994 -0.99997082
vn -0.00749978 -0.00159995 -0.99997060
vn -0.00749978 -0.00169995 -0.99997043
vn -0.00739978 -0.00189994 -0.99997082
vn -0.00749978 -0.00149996 -0.99997075
vn -0.00759978 -0.00069998 -0.99997088
vn -0.00759978 -0.00109997 -0.99997052
vn -0.00759978 -0.00059998 -0.99997094
vn -0.00759978 -0.00069998 -0.99997088
vn -0.00759978 -0.00109997 -0.99997052
vn -0.00769977 0.00000000 -0.99997036
vn -0.00769977 0.00000000 -0.99997036
vn -0.00769977 -0.00039999 -0.99997028
vn -0.00769977 0.00039999 -0.99997028
vn -0.00759978 0.00069998 -0.99997088
vn -0.00759978 0.00089997 -0.99997072
vn -0.00759978 0.00109997 -0.99997052
vn -0.00759978 0.00089997 -0.99997072
vn -0.00759978 0.00109997 -0.99997052
vn -0.00759978 0.00109997 -0.99997052
vn -0.00749978 0.00129996 -0.99997103
vn -0.00749978 0.00149996 -0.99997075
vn -0.00759978 0.00109997 -0.99997052
vn -0.00749978 0.00129996 -0.99997103
vn -0.00739978 0.00189994 -0.99997082
vn -0.00729979 0.00229993 -0.99997071
vn -0.00719979 0.00259992 -0.99997070
vn -0.00739978 0.00189994 -0.99997082
vn -0.00719979 0.00259992 -0.99997070
vn -0.00719979 0.00259992 -0.99997070
vn -0.00709979 0.00289991 -0.99997059
vn -0.00709979 0.00299991 -0.99997030
vn -0.00699980 0.00299991 -0.99997100
vn -0.00709979 0.00279992 -0.99997088
vn -0.00709979 0.00299991 -0.99997030
vn -0.00679980 0.00359989 -0.99997040
vn -0.00679980 0.00349990 -0.99997076
vn -0.00669980 0.00369989 -0.99997071
vn -0.00689980 0.00329990 -0.99997075
vn -0.00669981 0.00359990 -0.99997108
vn -0.00659981 0.00389989 -0.99997062
vn -0.00639981 0.00419988 -0.99997070
vn -0.00619982 0.00459986 -0.99997020
vn -0.00619982 0.00459986 -0.99997020
vn -0.00629982 0.00429987 -0.99997091
vn -0.00619982 0.00459986 -0.99997020
vn -0.00569983 0.00509985 -0.99997075
vn -0.00569983 0.00509985 -0.99997075
vn -0.00589983 0.00489986 -0.99997059
vn -0.00619982 0.00459986 -0.99997020
vn -0.00569983 0.00509985 -0.99997075
vn -0.00539984 0.00539984 -0.99997084
vn -0.00549984 0.00529985 -0.99997083
vn -0.00569983 0.00509985 -0.99997075
vn -0.00539984 0.00539984 -0.99997084
vn -0.00509985 0.00569983 -0.99997075
vn -0.00509985 0.00569983 -0.99997075
vn -0.00459987 0.00609982 -0.99997082
vn -0.00489986 0.00589983 -0.99997059
vn -0.00509985 0.00569983 -0.99997075
vn -0.00459987 0.00609982 -0.99997082
vn -0.00459986 0.00619982 -0.99997020
vn -0.00459987 0.00609982 -0.99997082
vn -0.00459986 0.00619982 -0.99997020
vn -0.00389989 0.00659981 -0.99997062
vn -0.00389989 0.00659981 -0.99997062
vn -0.00459986 0.00619982 -0.99997020
vn -0.00389989 0.00659981 -0.99997062
vn -0.00359990 0.00669981 -0.99997108
vn -0.00329990 0.00689980 -0.99997075
vn -0.00359990 0.00669981 -0.99997108
vn -0.00329990 0.00689980 -0.99997075
vn -0.00259992 0.00719979 -0.99997070
vn -0.00329990 0.00689980 -0.99997075
vn -0.00329990 0.00689980 -0.99997075
vn -0.00259992 0.00719979 -0.99997070
vn -0.00289991 0.00709979 -0.99997059
vn -0.00189994 0.00739978 -0.99997082
vn -0.00229993 0.00729979 -0.99997071
vn -0.00209994 0.00739978 -0.99997042
vn -0.00189994 0.00739978 -0.99997082
vn -0.00229993 0.00729979 -0.99997071
vn -0.00189994 0.00739978 -0.99997082
vn -0.00149996 0.00749978 -0.99997075
vn -0.00189994 0.00739978 -0.99997082
vn -0.00149996 0.00749978 -0.99997075
vn -0.00109997 0.00759978 -0.99997052
vn -0.00079998 0.00759978 -0.99997080
vn -0.00109997 0.00759978 -0.99997052
vn -0.00039999 0.00759978 -0.99997104
vn -0.00069998 0.00759978 -0.99997088
vn -0.00039999 0.00759978 -0.99997104
vn -0.00109997 0.00759978 -0.99997052
vn -0.00039999 0.00759978 -0.99997104
vn 0.00039999 0.00759978 -0.99997104
vn -0.00039999 0.00769977 -0.99997028
vn -0.00039999 0.00769977 -0.99997028
vn 0.00039999 0.00759978 -0.99997104
vn 0.00000000 0.00769977 -0.99997036
vn 0.00109997 0.00759978 -0.99997052
vn 0.00039999 0.00759978 -0.99997104
vn 0.00089997 0.00759978 -0.99997072
vn 0.00109997 0.00759978 -0.99997052
vn 0.00069998 0.00759978 -0.99997088
vn 0.00109997 0.00759978 -0.99997052
vn 0.00149996 0.00749978 -0.99997075
vn 0.00109997 0.00759978 -0.99997052
vn 0.00189994 0.00739978 -0.99997082
vn 0.00229993 0.00729979 -0.99997071
vn 0.00219994 0.00729979 -0.99997094
vn 0.00189994 0.00739978 -0.99997082
vn 0.00259992 0.00719979 -0.99997070
vn 0.00259992 0.00719979 -0.99997070
vn 0.00299991 0.00709979 -0.99997030
vn 0.00299991 0.00709979 -0.99997030
vn 0.00289991 0.00709979 -0.99997059
vn 0.00359990 0.00669981 -0.99997108
vn 0.00349990 0.00679980 -0.99997076
vn 0.00389989 0.00659981 -0.99997062
vn 0.00389989 0.00659981 -0.99997062
vn 0.00459987 0.00609982 -0.99997082
vn 0.00389989 0.00659981 -0.99997062
vn 0.00459987 0.00609982 -0.99997082
vn 0.00429987 0.00629982 -0.99997091
vn 0.00459987 0.00609982 -0.99997082
vn 0.00479986 0.00589983 -0.99997108
vn 0.00509985 0.00569983 -0.99997075
vn 0.00479986 0.00589983 -0.99997108
vn 0.00509985 0.00569983 -0.99997075
vn 0.00539984 0.00539984 -0.99997084
vn 0.00529984 0.00559983 -0.99997028
vn 0.00539984 0.00539984 -0.99997084
vn 0.00619982 0.00459986 -0.99997020
vn 0.00569983 0.00509985 -0.99997075
vn 0.00599982 0.00479986 -0.99997048
vn 0.00589983 0.00489986 -0.99997059
vn 0.00619982 0.00459986 -0.99997020
vn 0.00589983 0.00479986 -0.99997108
vn 0.00629982 0.00429987 -0.99997091
vn 0.00619982 0.00459986 -0.99997020
vn 0.00639981 0.00419988 -0.99997070
vn 0.00629982 0.00429987 -0.99997091
vn 0.00679980 0.00339990 -0.99997110
vn 0.00669981 0.00359990 -0.99997108
vn 0.00679980 0.00359989 -0.99997040
vn 0.00669981 0.00359990 -0.99997108
vn 0.00679980 0.00359989 -0.99997040
vn 0.00709979 0.00299991 -0.99997030
vn 0.00699980 0.00299991 -0.99997100
vn 0.00689980 0.00329990 -0.99997075
vn 0.00709979 0.00289991 -0.99997059
vn 0.00719979 0.00259992 -0.99997070
vn 0.00729979 0.00229993 -0.99997071
vn 0.00719979 0.00259992 -0.99997070
vn 0.00739978 0.00189994 -0.99997082
vn 0.00739978 0.00189994 -0.99997082
vn 0.00719979 0.00259992 -0.99997070
vn 0.00749978 0.00149996 -0.99997075
vn 0.00739978 0.00189994 -0.99997082
vn 0.00739978 0.00189994 -0.99997082
vn 0.00749978 0.00149996 -0.99997075
vn 0.00759978 0.00109997 -0.99997052
vn 0.00759978 0.00079998 -0.99997080
vn 0.00759978 0.00069998 -0.99997088
vn 0.00759978 0.00109997 -0.99997052
vn 0.00769977 0.00039999 -0.99997028
vn 0.00759978 0.00069998 -0.99997088
vn 0.00769977 -0.00039999 -0.99997028
vn 0.00769977 0.00000000 -0.99997036
vn 0.00769977 0.00039999 -0.99997028
vn 0.00769977 -0.00039999 -0.99997028
vn 0.00769977 0.00000000 -0.99997036
vn 0.00769977 -0.00039999 -0.99997028
vn 0.00759978 -0.00109997 -0.99997052
vn 0.00769977 -0.00039999 -0.99997028
vn 0.00759978 -0.00109997 -0.99997052
vn 0.00749978 -0.00139996 -0.99997090
vn 0.00759978 -0.00109997 -0.99997052
vn 0.00749978 -0.00149996 -0.99997075
vn 0.00759978 -0.00109997 -0.99997052
vn 0.00749978 -0.00139996 -0.99997090
vn 0.00739978 -0.00189994 -0.99997082
vn 0.00729979 -0.00229993 -0.99997071
vn 0.00739978 -0.00189994 -0.99997082
vn 0.00719979 -0.00259992 -0.99997070
vn 0.00719979 -0.00259992 -0.99997070
vn 0.00739978 -0.00189994 -0.99997082
vn 0.00719979 -0.00259992 -0.99997070
vn 0.00689980 -0.00329990 -0.99997075
vn 0.00689980 -0.00329990 -0.99997075
vn 0.00719979 -0.00259992 -0.99997070
vn 0.00689980 -0.00329990 -0.99997075
vn 0.00669980 -0.00369989 -0.99997071
vn 0.00679980 -0.00349990 -0.99997076
vn 0.00629982 -0.00429987 -0.99997091
vn 0.00619982 -0.00459986 -0.99997020
vn 0.00639981 -0.00419988 -0.99997070
vn 0.00619982 -0.00459986 -0.99997020
vn 0.00569983 -0.00509985 -0.99997075
vn 0.00619982 -0.00459986 -0.99997020
vn 0.00599982 -0.00479986 -0.99997048
vn 0.00589983 -0.00479986 -0.99997108
vn 0.00569983 -0.00509985 -0.99997075
vn 0.00569983 -0.00509985 -0.99997075
vn 0.00539984 -0.00539984 -0.99997084
vn 0.00529985 -0.00549984 -0.99997083
vn 0.00529985 -0.00549984 -0.99997083
vn 0.00539984 -0.00539984 -0.99997084
vn 0.00489986 -0.00589983 -0.99997059
vn 0.00479986 -0.00589983 -0.99997108
vn 0.00509985 -0.00569983 -0.99997075
vn 0.00459987 -0.00609982 -0.99997082
vn 0.00459986 -0.00619982 -0.99997020
vn 0.00459986 -0.00619982 -0.99997020
vn 0.00429987 -0.00629982 -0.99997091
vn 0.00419988 -0.00639981 -0.99997070
vn 0.00429987 -0.00629982 -0.99997091
vn 0.00459986 -0.00619982 -0.99997020
vn 0.00389989 -0.00659981 -0.99997062
vn 0.00359989 -0.00679980 -0.99997040
vn 0.00349990 -0.00679980 -0.99997076
vn 0.00359990 -0.00669981 -0.99997108
vn 0.00369989 -0.00669980 -0.99997071
vn 0.00359989 -0.00679980 -0.99997040
vn 0.00329990 -0.00689980 -0.99997075
vn 0.00259992 -0.00719979 -0.99997070
vn 0.00329990 -0.00689980 -0.99997075
vn 0.00259992 -0.00719979 -0.99997070
vn 0.00259992 -0.00719979 -0.99997070
vn 0.00189994 -0.00739978 -0.99997082
vn 0.00259992 -0.00719979 -0.99997070
vn 0.00219994 -0.00729979 -0.99997094
vn 0.00149996 -0.00749978 -0.99997075
vn 0.00189994 -0.00739978 -0.99997082
vn 0.00109997 -0.00759978 -0.99997052
vn 0.00149996 -0.00749978 -0.99997075
vn 0.00189994 -0.00739978 -0.99997082
vn 0.00079998 -0.00759978 -0.99997080
vn 0.00039999 -0.00769977 -0.99997028
vn 0.00059998 -0.00759978 -0.99997094
vn 0.00039999 -0.00769977 -0.99997028
vn 0.00109997 -0.00759978 -0.99997052
vn -0.92387101 -0.38268799 -0.00349989
vn -0.95692682 -0.29030814 -0.00350010
vn -0.95692682 -0.29030814 -0.00350010
vn -0.92387101 -0.38268799 -0.00349989
vn 0.95692682 -0.29030814 -0.00350010
vn 0.95692682 -0.29030814 -0.00350010
vn -0.98077798 -0.19509562 -0.00349992
vn -0.98077798 -0.19509562 -0.00349992
vn 0.92387101 -0.38268799 -0.00349989
vn 0.92387101 -0.38268799 -0.00349989
vn -0.99518045 -0.09799807 -0.00349993
vn -0.99518045 -0.09799807 -0.00349993
vn 0.88190978 -0.47140523 -0.00350004
vn 0.88190978 -0.47140523 -0.00350004
vn -0.99999388 0.00000000 -0.00349998
vn -0.99999388 0.00000000 -0.00349998
vn 0.83146015 -0.55557337 -0.00349983
vn 0.83146015 -0.55557337 -0.00349983
vn -0.99999388 0.00000000 -0.00349998
vn -0.99518045 0.09799807 -0.00349993
vn -0.99518045 0.09799807 -0.00349993
vn -0.99999388 0.00000000 -0.00349998
vn 0.77299822 -0.63439854 -0.00349999
vn 0.77299822 -0.63439854 -0.00349999
vn -0.98077798 0.19509562 -0.00349992
vn -0.98077798 0.19509562 -0.00349992
vn 0.70710245 -0.70710245 -0.00350001
vn 0.70710245 -0.70710245 -0.00350001
vn -0.95692682 0.29030814 -0.00350010
vn -0.95692682 0.29030814 -0.00350010
vn 0.63439854 -0.77299822 -0.00349999
vn 0.63439854 -0.77299822 -0.00349999
vn -0.92387101 0.38268799 -0.00349989
vn -0.92387101 0.38268799 -0.00349989
vn 0.55557337 -0.83146015 -0.00349983
vn 0.55557337 -0.83146015 -0.00349983
vn -0.88190978 0.47140523 -0.00350004
vn -0.88190978 0.47140523 -0.00350004
vn 0.47140523 -0.88190978 -0.00350004
vn 0.47140523 -0.88190978 -0.00350004
vn 0.00000000 0.99999388 -0.00349998
vn 0.09799807 0.99518045 -0.00349993
vn 0.09799807 0.99518045 -0.00349993
vn 0.00000000 0.99999388 -0.00349998
vn -0.83146015 0.55557337 -0.00349983
vn -0.83146015 0.55557337 -0.00349983
vn 0.38268799 -0.92387101 -0.00349989
vn 0.38268799 -0.92387101 -0.00349989
vn 0.19509562 0.98077798 -0.00349992
vn 0.19509562 0.98077798 -0.00349992
vn -0.77299822 0.63439854 -0.00349999
vn -0.77299822 0.63439854 -0.00349999
vn 0.29030814 -0.95692682 -0.00350010
vn 0.29030814 -0.95692682 -0.00350010
vn 0.29030814 0.95692682 -0.00350010
vn 0.29030814 0.95692682 -0.00350010
vn -0.70710245 0.70710245 -0.00350001
vn -0.70710245 0.70710245 -0.00350001
vn 0.19509562 -0.98077798 -0.00349992
vn 0.19509562 -0.98077798 -0.00349992
vn 0.38268799 0.92387101 -0.00349989
vn 0.38268799 0.92387101 -0.00349989
vn -0.63439854 0.77299822 -0.00349999
vn -0.63439854 0.77299822 -0.00349999
vn 0.09799807 -0.99518045 -0.00349993
vn 0.09799807 -0.99518045 -0.00349993
vn 0.47140523 0.88190978 -0.00350004
vn 0.47140523 0.88190978 -0.00350004
vn -0.55557337 0.83146015 -0.00349983
vn -0.55557337 0.83146015 -0.00349983
vn 0.09799807 -0.99518045 -0.00349993
vn 0.00000000 -0.99999388 -0.00349998
vn 0.00000000 -0.99999388 -0.00349998
vn 0.09799807 -0.99518045 -0.00349993
vn 0.55557337 0.83146015 -0.00349983
vn 0.55557337 0.83146015 -0.00349983
vn -0.47140523 0.88190978 -0.00350004
vn -0.47140523 0.88190978 -0.00350004
vn -0.09799807 -0.99518045 -0.00349993
vn -0.09799807 -0.99518045 -0.00349993
vn 0.63439854 0.77299822 -0.00349999
vn 0.63439854 0.77299822 -0.00349999
vn -0.38268799 0.92387101 -0.00349989
vn -0.38268799 0.92387101 -0.00349989
vn -0.19509562 -0.98077798 -0.00349992
vn -0.19509562 -0.98077798 -0.00349992
vn 0.70710245 0.70710245 -0.00350001
vn 0.70710245 0.70710245 -0.00350001
vn -0.29030814 0.95692682 -0.00350010
vn -0.29030814 0.95692682 -0.00350010
vn -0.29030814 -0.95692682 -0.00350010
vn -0.29030814 -0.95692682 -0.00350010
vn 0.77299822 0.63439854 -0.00349999
vn 0.77299822 0.63439854 -0.00349999
vn -0.19509562 0.98077798 -0.00349992
vn -0.19509562 0.98077798 -0.00349992
vn -0.38268799 -0.92387101 -0.00349989
vn -0.38268799 -0.92387101 -0.00349989
vn 0.83146015 0.55557337 -0.00349983
vn 0.83146015 0.55557337 -0.00349983
vn -0.09799807 0.99518045 -0.00349993
vn -0.09799807 0.99518045 -0.00349993
vn -0.47140523 -0.88190978 -0.00350004
vn -0.47140523 -0.88190978 -0.00350004
vn 0.88190978 0.47140523 -0.00350004
vn 0.88190978 0.47140523 -0.00350004
vn -0.09799807 0.99518045 -0.00349993
vn -0.09799807 0.99518045 -0.00349993
vn -0.55557337 -0.83146015 -0.00349983
vn -0.55557337 -0.83146015 -0.00349983
vn 0.92387101 0.38268799 -0.00349989
vn 0.92387101 0.38268799 -0.00349989
vn -0.63439854 -0.77299822 -0.00349999
vn -0.63439854 -0.77299822 -0.00349999
vn 0.95692682 0.29030814 -0.00350010
vn 0.95692682 0.29030814 -0.00350010
vn -0.70710245 -0.70710245 -0.00350001
vn -0.70710245 -0.70710245 -0.00350001
vn 0.98077798 0.19509562 -0.00349992
vn 0.98077798 0.19509562 -0.00349992
vn -0.77299822 -0.63439854 -0.00349999
vn -0.77299822 -0.63439854 -0.00349999
vn 0.99518045 0.09799807 -0.00349993
vn 0.99518045 0.09799807 -0.00349993
vn -0.83146015 -0.55557337 -0.00349983
vn -0.83146015 -0.55557337 -0.00349983
vn 0.99999388 0.00000000 -0.00349998
vn 0.99999388 0.00000000 -0.00349998
vn -0.88190978 -0.47140523 -0.00350004
vn -0.88190978 -0.47140523 -0.00350004
vn 0.99999388 0.00000000 -0.00349998
vn 0.99999388 0.00000000 -0.00349998
vn 0.00000000 -1.00000000 0.00000000
vn 0.00000000 -1.00000000 0.00000000
vn -0.09799868 -0.99518655 0.00000000
vn -0.09799868 -0.99518655 0.00000000
vn -0.19509682 -0.98078399 0.00000000
vn -0.19509682 -0.98078399 0.00000000
vn -0.29030991 -0.95693268 0.00000000
vn -0.29030991 -0.95693268 0.00000000
vn -0.38269034 -0.92387667 0.00000000
vn -0.38269034 -0.92387667 0.00000000
vn -0.47140812 -0.88191518 0.00000000
vn -0.47140812 -0.88191518 0.00000000
vn -0.55557677 -0.83146524 0.00000000
vn -0.55557677 -0.83146524 0.00000000
vn -0.63440242 -0.77300295 0.00000000
vn -0.63440242 -0.77300295 0.00000000
vn -0.70710678 -0.70710678 0.00000000
vn -0.70710678 -0.70710678 0.00000000
vn -0.77300295 -0.63440242 0.00000000
vn -0.77300295 -0.63440242 0.00000000
vn -0.83146524 -0.55557677 0.00000000
vn -0.83146524 -0.55557677 0.00000000
vn -0.88191518 -0.47140812 0.00000000
vn -0.88191518 -0.47140812 0.00000000
vn -0.92387667 -0.38269034 0.00000000
vn -0.92387667 -0.38269034 0.00000000
vn -0.95693268 -0.29030991 0.00000000
vn -0.95693268 -0.29030991 0.00000000
vn -0.98078399 -0.19509682 0.00000000
vn -0.98078399 -0.19509682 0.00000000
vn -0.99518655 -0.09799868 0.00000000
vn -0.99518655 -0.09799868 0.00000000
vn -0.99518655 -0.09799868 0.00000000
vn -0.99518655 -0.09799868 0.00000000
vn -1.00000000 0.00000000 0.00000000
vn -1.00000000 0.00000000 0.00000000
vn -0.99518655 0.09799868 0.00000000
vn -0.99518655 0.09799868 0.00000000
vn -0.98078399 0.19509682 0.00000000
vn -0.98078399 0.19509682 0.00000000
vn -0.95693268 0.29030991 0.00000000
vn -0.95693268 0.29030991 0.00000000
vn -0.92387667 0.38269034 0.00000000
vn -0.92387667 0.38269034 0.00000000
vn -0.88191518 0.47140812 0.00000000
vn -0.88191518 0.47140812 0.00000000
vn -0.83146524 0.55557677 0.00000000
vn -0.83146524 0.55557677 0.00000000
vn -0.77300295 0.63440242 0.00000000
vn -0.77300295 0.63440242 0.00000000
vn -0.70710678 0.70710678 0.00000000
vn -0.70710678 0.70710678 0.00000000
vn -0.63440242 0.77300295 0.00000000
vn -0.63440242 0.77300295 0.00000000
vn -0.55557677 0.83146524 0.00000000
vn -0.55557677 0.83146524 0.00000000
vn -0.47140812 0.88191518 0.00000000
vn -0.47140812 0.88191518 0.00000000
vn -0.38269034 0.92387667 0.00000000
vn -0.38269034 0.92387667 0.00000000
vn -0.29030991 0.95693268 0.00000000
vn -0.29030991 0.95693268 0.00000000
vn -0.19509682 0.98078399 0.00000000
vn -0.19509682 0.98078399 0.00000000
vn -0.09799868 0.99518655 0.00000000
vn -0.09799868 0.99518655 0.00000000
vn 0.00000000 1.00000000 0.00000000
vn 0.00000000 1.00000000 0.00000000
vn 0.00000000 1.00000000 0.00000000
vn 0.00000000 1.00000000 0.00000000
vn 0.09799868 0.99518655 0.00000000
vn 0.09799868 0.99518655 0.00000000
vn 0.19509682 0.98078399 0.00000000
vn 0.19509682 0.98078399 0.00000000
vn 0.29030991 0.95693268 0.00000000
vn 0.29030991 0.95693268 0.00000000
vn 0.38269034 0.92387667 0.00000000
vn 0.38269034 0.92387667 0.00000000
vn 0.47140812 0.88191518 0.00000000
vn 0.47140812 0.88191518 0.00000000
vn 0.55557677 0.83146524 0.00000000
vn 0.55557677 0.83146524 0.00000000
vn 0.63440242 0.77300295 0.00000000
vn 0.63440242 0.77300295 0.00000000
vn 0.70710678 0.70710678 0.00000000
vn 0.70710678 0.70710678 0.00000000
vn 0.77300295 0.63440242 0.00000000
vn 0.77300295 0.63440242 0.00000000
vn 0.83146524 0.55557677 0.00000000
vn 0.83146524 0.55557677 0.00000000
vn 0.88191518 0.47140812 0.00000000
vn 0.88191518 0.47140812 0.00000000
vn 0.92387667 0.38269034 0.00000000
vn 0.92387667 0.38269034 0.00000000
vn 0.95693268 0.29030991 0.00000000
vn 0.95693268 0.29030991 0.00000000
vn 0.98078399 0.19509682 0.00000000
vn 0.98078399 0.19509682 0.00000000
vn 0.99518655 0.09799868 0.00000000
vn 0.99518655 0.09799868 0.00000000
vn 0.99518655 0.09799868 0.00000000
vn 0.99518655 0.09799868 0.00000000
vn 1.00000000 0.00000000 0.00000000
vn 1.00000000 0.00000000 0.00000000
vn 0.99518655 -0.09799868 0.00000000
vn 0.99518655 -0.09799868 0.00000000
vn 0.98078399 -0.19509682 0.00000000
vn 0.98078399 -0.19509682 0.00000000
vn 0.95693268 -0.29030991 0.00000000
vn 0.95693268 -0.29030991 0.00000000
vn 0.92387667 -0.38269034 0.00000000
vn 0.92387667 -0.38269034 0.00000000
vn 0.88191518 -0.47140812 0.00000000
vn 0.88191518 -0.47140812 0.00000000
vn 0.83146524 -0.55557677 0.00000000
vn 0.83146524 -0.55557677 0.00000000
vn 0.77300295 -0.63440242 0.00000000
vn 0.77300295 -0.63440242 0.00000000
vn 0.70710678 -0.70710678 0.00000000
vn 0.70710678 -0.70710678 0.00000000
vn 0.63440242 -0.77300295 0.00000000
vn 0.63440242 -0.77300295 0.00000000
vn 0.55557677 -0.83146524 0.00000000
vn 0.55557677 -0.83146524 0.00000000
vn 0.47140812 -0.88191518 0.00000000
vn 0.47140812 -0.88191518 0.00000000
vn 0.38269034 -0.92387667 0.00000000
vn 0.38269034 -0.92387667 0.00000000
vn 0.29030991 -0.95693268 0.00000000
vn 0.29030991 -0.95693268 0.00000000
vn 0.19509682 -0.98078399 0.00000000
vn 0.19509682 -0.98078399 0.00000000
vn 0.92387667 0.38269034 0.00000000
vn 0.88191518 0.47140812 0.00000000
vn 0.88191518 0.47140812 0.00000000
vn 0.92387667 0.38269034 0.00000000
vn 0.09799868 -0.99518655 0.00000000
vn 0.09799868 -0.99518655 0.00000000
vn 0.00000000 -1.00000000 0.00000000
vn 0.00000000 -1.00000000 0.00000000
vn 0.99518655 -0.09799868 0.00000000
vn 0.98078399 -0.19509682 0.00000000
vn 0.98078399 -0.19509682 0.00000000
vn 0.99518655 -0.09799868 0.00000000
vn 0.00000000 0.00000000 1.00000000
vn 0.00000000 0.00000000 1.00000000
vn 0.00000000 0.00000000 1.00000000
vn 0.00000000 0.00000000 1.00000000
vn 0.00000000 0.00000000 1.00000000
vn 0.00000000 0.00000000 1.00000000
vn 0.00000000 0.00000000 1.00000000
vn 0.00000000 0.00000000 1.00000000
vn 0.00000000 0.00000000 1.00000000
vn 0.00000000 0.00000000 1.00000000
vn 0.00000000 0.00000000 1.00000000
vn 0.00000000 0.00000000 1.00000000
vn 0.00000000 0.00000000 1.00000000
vn 0.00000000 0.00000000 1.00000000
vn 0.00000000 0.00000000 1.00000000
vn 0.00000000 0.00000000 1.00000000
vn 0.00000000 0.00000000 1.00000000
vn 0.00000000 0.00000000 1.00000000
vn 0.00000000 0.00000000 1.00000000
vn 0.00000000 0.00000000 1.00000000
vn 0.00000000 0.00000000 1.00000000
vn 0.00000000 0.00000000 1.00000000
vn 0.00000000 0.00000000 1.00000000
vn 0.00000000 0.00000000 1.00000000
vn 0.00000000 0.00000000 1.00000000
vn 0.00000000 0.00000000 1.00000000
vn 0.00000000 0.00000000 1.00000000
vn 0.00000000 0.00000000 1.00000000
vn 0.00000000 0.00000000 1.00000000
vn 0.00000000 0.00000000 1.00000000
vn 0.00000000 0.00000000 1.00000000
vn 0.00000000 0.00000000 1.00000000
vn 0.00000000 0.00000000 1.00000000
vn 0.00000000 0.00000000 1.00000000
vn 0.00000000 0.00000000 1.00000000
vn 0.00000000 0.00000000 1.00000000
vn 0.00000000 0.00000000 1.00000000
vn 0.00000000 0.00000000 1.00000000
vn 0.00000000 0.00000000 1.00000000
vn 0.00000000 0.00000000 1.00000000
vn 0.00000000 0.00000000 1.00000000
vn 0.00000000 0.00000000 1.00000000
vn 0.00000000 0.00000000 1.00000000
vn 0.00000000 0.00000000 1.00000000
vn 0.00000000 0.00000000 1.00000000
vn 0.00000000 0.00000000 1.00000000
vn 0.00000000 0.00000000 1.00000000
vn 0.00000000 0.00000000 1.00000000
vn 0.00000000 0.00000000 1.00000000
vn 0.00000000 0.00000000 1.00000000
vn 0.00000000 0.00000000 1.00000000
vn 0.00000000 0.00000000 1.00000000
vn 0.00000000 0.00000000 1.00000000
vn 0.00000000 0.00000000 1.00000000
vn 0.00000000 0.00000000 1.00000000
vn 0.00000000 0.00000000 1.00000000
vn 0.00000000 0.00000000 1.00000000
vn 0.00000000 0.00000000 1.00000000
vn 0.00000000 0.00000000 1.00000000
vn 0.00000000 0.00000000 1.00000000
vn 0.00000000 0.00000000 1.00000000
vn 0.00000000 0.00000000 1.00000000
vn 0.00000000 0.00000000 1.00000000
vn 0.00000000 0.00000000 1.00000000
vn 0.00000000 0.00000000 1.00000000
vn 0.00000000 0.00000000 1.00000000
vn 0.00000000 0.00000000 1.00000000
vn 0.00000000 0.00000000 1.00000000
vn 0.00000000 0.00000000 1.00000000
vn 0.00000000 0.00000000 1.00000000
vn 0.00000000 0.00000000 1.00000000
vn 0.00000000 0.00000000 1.00000000
vn 0.00000000 0.00000000 1.00000000
vn 0.00000000 0.00000000 1.00000000
vn 0.00000000 0.00000000 1.00000000
vn 0.00000000 0.00000000 1.00000000
vn 0.00000000 0.00000000 1.00000000
vn 0.00000000 0.00000000 1.00000000
vn 0.00000000 0.00000000 1.00000000
vn 0.00000000 0.00000000 1.00000000
vn 0.00000000 0.00000000 1.00000000
vn 0.00000000 0.00000000 1.00000000
vn 0.00000000 0.00000000 1.00000000
vn 0.00000000 0.00000000 1.00000000
vn 0.00000000 0.00000000 1.00000000
vn 0.00000000 0.00000000 1.00000000
vn 0.00000000 0.00000000 1.00000000
vn 0.00000000 0.00000000 1.00000000
vn 0.00000000 0.00000000 1.00000000
vn 0.00000000 0.00000000 1.00000000
vn 0.00000000 0.00000000 1.00000000
vn 0.00000000 0.00000000 1.00000000
vn 0.00000000 0.00000000 1.00000000
vn 0.00000000 0.00000000 1.00000000
vn 0.00000000 0.00000000 1.00000000
vn 0.00000000 0.00000000 1.00000000
vn 0.00000000 0.00000000 1.00000000
vn 0.00000000 0.00000000 1.00000000
vn 0.00000000 0.00000000 1.00000000
vn 0.00000000 0.00000000 1.00000000
vn 0.00000000 0.00000000 1.00000000
vn 0.00000000 0.00000000 1.00000000
vn 0.00000000 0.00000000 1.00000000
vn 0.00000000 0.00000000 1.00000000
vn 0.00000000 0.00000000 1.00000000
vn 0.00000000 0.00000000 1.00000000
vn 0.00000000 0.00000000 1.00000000
vn 0.00000000 0.00000000 1.00000000
vn 0.00000000 0.00000000 1.00000000
vn 0.00000000 0.00000000 1.00000000
vn 0.00000000 0.00000000 1.00000000
vn 0.00000000 0.00000000 1.00000000
vn 0.00000000 0.00000000 1.00000000
vn 0.00000000 0.00000000 1.00000000
vn 0.00000000 0.00000000 1.00000000
vn 0.00000000 0.00000000 1.00000000
vn 0.00000000 0.00000000 1.00000000
vn 0.00000000 0.00000000 1.00000000
vn 0.00000000 0.00000000 1.00000000
vn 0.00000000 0.00000000 1.00000000
vn 0.00000000 0.00000000 1.00000000
vn 0.00000000 0.00000000 1.00000000
vn 0.00000000 0.00000000 1.00000000
vn 0.00000000 0.00000000 1.00000000
vn 0.00000000 0.00000000 1.00000000
vn 0.00000000 0.00000000 1.00000000
vn 0.00000000 0.00000000 1.00000000
vn 0.00000000 0.00000000 1.00000000
vn -0.63440242 -0.77300295 0.00000000
vn -0.55557677 -0.83146524 0.00000000
vn -0.55557677 -0.83146524 0.00000000
vn -0.63440242 -0.77300295 0.00000000
vn 0.95693268 0.29030991 0.00000000
vn 0.95693268 0.29030991 0.00000000
vn -0.70710678 -0.70710678 0.00000000
vn -0.70710678 -0.70710678 0.00000000
vn 0.98078399 0.19509682 0.00000000
vn 0.98078399 0.19509682 0.00000000
vn -0.77300295 -0.63440242 0.00000000
vn -0.77300295 -0.63440242 0.00000000
vn 0.99518655 0.09799868 0.00000000
vn 0.99518655 0.09799868 0.00000000
vn -0.83146524 -0.55557677 0.00000000
vn -0.83146524 -0.55557677 0.00000000
vn 1.00000000 0.00000000 0.00000000
vn 1.00000000 0.00000000 0.00000000
vn -0.88191518 -0.47140812 0.00000000
vn -0.88191518 -0.47140812 0.00000000
vn 0.99518655 -0.09799868 0.00000000
vn 1.00000000 0.00000000 0.00000000
vn 1.00000000 0.00000000 0.00000000
vn 0.99518655 -0.09799868 0.00000000
vn -0.92387667 -0.38269034 0.00000000
vn -0.92387667 -0.38269034 0.00000000
vn 0.98078399 -0.19509682 0.00000000
vn 0.98078399 -0.19509682 0.00000000
vn -0.95693268 -0.29030991 0.00000000
vn -0.95693268 -0.29030991 0.00000000
vn 0.95693268 -0.29030991 0.00000000
vn 0.95693268 -0.29030991 0.00000000
vn -0.98078399 -0.19509682 0.00000000
vn -0.98078399 -0.19509682 0.00000000
vn 0.92387667 -0.38269034 0.00000000
vn 0.92387667 -0.38269034 0.00000000
vn -0.99518655 -0.09799868 0.00000000
vn -0.99518655 -0.09799868 0.00000000
vn 0.88191518 -0.47140812 0.00000000
vn 0.88191518 -0.47140812 0.00000000
vn -1.00000000 0.00000000 0.00000000
vn -1.00000000 0.00000000 0.00000000
vn 0.83146524 -0.55557677 0.00000000
vn 0.83146524 -0.55557677 0.00000000
vn -0.99518655 0.09799868 0.00000000
vn -1.00000000 0.00000000 0.00000000
vn -1.00000000 0.00000000 0.00000000
vn -0.99518655 0.09799868 0.00000000
vn 0.77300295 -0.63440242 0.00000000
vn 0.77300295 -0.63440242 0.00000000
vn -0.98078399 0.19509682 0.00000000
vn -0.98078399 0.19509682 0.00000000
vn 0.70710678 -0.70710678 0.00000000
vn 0.70710678 -0.70710678 0.00000000
vn -0.95693268 0.29030991 0.00000000
vn -0.95693268 0.29030991 0.00000000
vn 0.63440242 -0.77300295 0.00000000
vn 0.63440242 -0.77300295 0.00000000
vn -0.92387667 0.38269034 0.00000000
vn -0.92387667 0.38269034 0.00000000
vn 0.55557677 -0.83146524 0.00000000
vn 0.55557677 -0.83146524 0.00000000
vn -0.88191518 0.47140812 0.00000000
vn -0.88191518 0.47140812 0.00000000
vn 0.47140812 -0.88191518 0.00000000
vn 0.47140812 -0.88191518 0.00000000
vn 0.09799868 0.99518655 0.00000000
vn 0.00000000 1.00000000 0.00000000
vn 0.00000000 1.00000000 0.00000000
vn 0.09799868 0.99518655 0.00000000
vn -0.83146524 0.55557677 0.00000000
vn -0.83146524 0.55557677 0.00000000
vn 0.38269034 -0.92387667 0.00000000
vn 0.38269034 -0.92387667 0.00000000
vn 0.19509682 0.98078399 0.00000000
vn 0.19509682 0.98078399 0.00000000
vn -0.77300295 0.63440242 0.00000000
vn -0.77300295 0.63440242 0.00000000
vn 0.29030991 -0.95693268 0.00000000
vn 0.29030991 -0.95693268 0.00000000
vn 0.29030991 0.95693268 0.00000000
vn 0.29030991 0.95693268 0.00000000
vn -0.70710678 0.70710678 0.00000000
vn -0.70710678 0.70710678 0.00000000
vn 0.19509682 -0.98078399 0.00000000
vn 0.19509682 -0.98078399 0.00000000
vn 0.38269034 0.92387667 0.00000000
vn 0.38269034 0.92387667 0.00000000
vn -0.63440242 0.77300295 0.00000000
vn -0.63440242 0.77300295 0.00000000
vn 0.09799868 -0.99518655 0.00000000
vn 0.09799868 -0.99518655 0.00000000
vn 0.47140812 0.88191518 0.00000000
vn 0.47140812 0.88191518 0.00000000
vn -0.55557677 0.83146524 0.00000000
vn -0.55557677 0.83146524 0.00000000
vn 0.00000000 -1.00000000 0.00000000
vn 0.09799868 -0.99518655 0.00000000
vn 0.09799868 -0.99518655 0.00000000
vn 0.00000000 -1.00000000 0.00000000
vn 0.55557677 0.83146524 0.00000000
vn 0.55557677 0.83146524 0.00000000
vn -0.47140812 0.88191518 0.00000000
vn -0.47140812 0.88191518 0.00000000
vn -0.09799868 -0.99518655 0.00000000
vn -0.09799868 -0.99518655 0.00000000
vn 0.63440242 0.77300295 0.00000000
vn 0.63440242 0.77300295 0.00000000
vn -0.38269034 0.92387667 0.00000000
vn -0.38269034 0.92387667 0.00000000
vn -0.19509682 -0.98078399 0.00000000
vn -0.19509682 -0.98078399 0.00000000
vn 0.70710678 0.70710678 0.00000000
vn 0.70710678 0.70710678 0.00000000
vn -0.29030991 0.95693268 0.00000000
vn -0.29030991 0.95693268 0.00000000
vn -0.29030991 -0.95693268 0.00000000
vn -0.29030991 -0.95693268 0.00000000
vn 0.77300295 0.63440242 0.00000000
vn 0.77300295 0.63440242 0.00000000
vn -0.19509682 0.98078399 0.00000000
vn -0.19509682 0.98078399 0.00000000
vn -0.38269034 -0.92387667 0.00000000
vn -0.38269034 -0.92387667 0.00000000
vn 0.83146524 0.55557677 0.00000000
vn 0.83146524 0.55557677 0.00000000
vn -0.09799868 0.99518655 0.00000000
vn -0.09799868 0.99518655 0.00000000
vn -0.47140812 -0.88191518 0.00000000
vn -0.47140812 -0.88191518 0.00000000
vn 0.00000000 1.00000000 0.00000000
vn 0.00000000 1.00000000 0.00000000
vn 0.00000000 0.00000000 -1.00000000
vn 0.00000000 0.00000000 -1.00000000
vn 0.00000000 0.00000000 -1.00000000
vn 0.00000000 0.00000000 -1.00000000
vn 0.00000000 0.00000000 -1.00000000
vn 0.00000000 0.00000000 -1.00000000
vn 0.00000000 0.00000000 -1.00000000
vn 0.00000000 0.00000000 -1.00000000
vn 0.00000000 0.00000000 -1.00000000
vn 0.00000000 0.00000000 -1.00000000
vn 0.00000000 0.00000000 -1.00000000
vn 0.00000000 0.00000000 -1.00000000
vn 0.00000000 0.00000000 -1.00000000
vn 0.00000000 0.00000000 -1.00000000
vn 0.00000000 0.00000000 -1.00000000
vn 0.00000000 0.00000000 -1.00000000
vn 0.00000000 0.00000000 -1.00000000
vn 0.00000000 0.00000000 -1.00000000
vn 0.00000000 0.00000000 -1.00000000
vn 0.00000000 0.00000000 -1.00000000
vn 0.00000000 0.00000000 -1.00000000
vn 0.00000000 0.00000000 -1.00000000
vn 0.00000000 0.00000000 -1.00000000
vn 0.00000000 0.00000000 -1.00000000
vn 0.00000000 0.00000000 -1.00000000
vn 0.00000000 0.00000000 -1.00000000
vn 0.00000000 0.00000000 -1.00000000
vn 0.00000000 0.00000000 -1.00000000
vn 0.00000000 0.00000000 -1.00000000
vn 0.00000000 0.00000000 -1.00000000
vn 0.00000000 0.00000000 -1.00000000
vn 0.00000000 0.00000000 -1.00000000
vn 0.00000000 0.00000000 -1.00000000
vn 0.00000000 0.00000000 -1.00000000
vn 0.00000000 0.00000000 -1.00000000
vn 0.00000000 0.00000000 -1.00000000
vn 0.00000000 0.00000000 -1.00000000
vn 0.00000000 0.00000000 -1.00000000
vn 0.00000000 0.00000000 -1.00000000
vn 0.00000000 0.00000000 -1.00000000
vn 0.00000000 0.00000000 -1.00000000
vn 0.00000000 0.00000000 -1.00000000
vn 0.00000000 0.00000000 -1.00000000
vn 0.00000000 0.00000000 -1.00000000
vn 0.00000000 0.00000000 -1.00000000
vn 0.00000000 0.00000000 -1.00000000
vn 0.00000000 0.00000000 -1.00000000
vn 0.00000000 0.00000000 -1.00000000
vn 0.00000000 0.00000000 -1.00000000
vn 0.00000000 0.00000000 -1.00000000
vn 0.00000000 0.00000000 -1.00000000
vn 0.00000000 0.00000000 -1.00000000
vn 0.00000000 0.00000000 -1.00000000
vn 0.00000000 0.00000000 -1.00000000
vn 0.00000000 0.00000000 -1.00000000
vn 0.00000000 0.00000000 -1.00000000
vn 0.00000000 0.00000000 -1.00000000
vn 0.00000000 0.00000000 -1.00000000
vn 0.00000000 0.00000000 -1.00000000
vn 0.00000000 0.00000000 -1.00000000
vn 0.00000000 0.00000000 -1.00000000
vn 0.00000000 0.00000000 -1.00000000
vn 0.00000000 0.00000000 -1.00000000
vn 0.00000000 0.00000000 -1.00000000
vn 0.00000000 0.00000000 -1.00000000
vn 0.00000000 0.00000000 -1.00000000
vn 0.00000000 0.00000000 -1.00000000
vn 0.00000000 0.00000000 -1.00000000
vn 0.00000000 0.00000000 -1.00000000
vn 0.00000000 0.00000000 -1.00000000
vn 0.00000000 0.00000000 -1.00000000
vn 0.00000000 0.00000000 -1.00000000
vn 0.00000000 0.00000000 -1.00000000
vn 0.00000000 0.00000000 -1.00000000
vn 0.00000000 0.00000000 -1.00000000
vn 0.00000000 0.00000000 -1.00000000
vn 0.00000000 0.00000000 -1.00000000
vn 0.00000000 0.00000000 -1.00000000
vn 0.00000000 0.00000000 -1.00000000
vn 0.00000000 0.00000000 -1.00000000
vn 0.00000000 0.00000000 -1.00000000
vn 0.00000000 0.00000000 -1.00000000
vn 0.00000000 0.00000000 -1.00000000
vn 0.00000000 0.00000000 -1.00000000
vn 0.00000000 0.00000000 -1.00000000
vn 0.00000000 0.00000000 -1.00000000
vn 0.00000000 0.00000000 -1.00000000
vn 0.00000000 0.00000000 -1.00000000
vn 0.00000000 0.00000000 -1.00000000
vn 0.00000000 0.00000000 -1.00000000
vn 0.00000000 0.00000000 -1.00000000
vn 0.00000000 0.00000000 -1.00000000
vn 0.00000000 0.00000000 -1.00000000
vn 0.00000000 0.00000000 -1.00000000
vn 0.00000000 0.00000000 -1.00000000
vn 0.00000000 0.00000000 -1.00000000
vn 0.00000000 0.00000000 -1.00000000
vn 0.00000000 0.00000000 -1.00000000
vn 0.00000000 0.00000000 -1.00000000
vn 0.00000000 0.00000000 -1.00000000
vn 0.00000000 0.00000000 -1.00000000
vn 0.00000000 0.00000000 -1.00000000
vn 0.00000000 0.00000000 -1.00000000
vn 0.00000000 0.00000000 -1.00000000
vn 0.00000000 0.00000000 -1.00000000
vn 0.00000000 0.00000000 -1.00000000
vn 0.00000000 0.00000000 -1.00000000
vn 0.00000000 0.00000000 -1.00000000
vn 0.00000000 0.00000000 -1.00000000
vn 0.00000000 0.00000000 -1.00000000
vn 0.00000000 0.00000000 -1.00000000
vn 0.00000000 0.00000000 -1.00000000
vn 0.00000000 0.00000000 -1.00000000
vn 0.00000000 0.00000000 -1.00000000
vn 0.00000000 0.00000000 -1.00000000
vn 0.00000000 0.00000000 -1.00000000
vn 0.00000000 0.00000000 -1.00000000
vn 0.00000000 0.00000000 -1.00000000
vn 0.00000000 0.00000000 -1.00000000
vn 0.00000000 0.00000000 -1.00000000
vn 0.00000000 0.00000000 -1.00000000
vn 0.00000000 0.00000000 -1.00000000
vn 0.00000000 0.00000000 -1.00000000
vn 0.00000000 0.00000000 -1.00000000
vn 0.00000000 0.00000000 -1.00000000
vn 0.00000000 0.00000000 -1.00000000
vn 0.00000000 0.00000000 -1.00000000
vn 0.00000000 0.00000000 -1.00000000
vn -0.92387667 -0.38269034 0.00000000
vn -0.95693268 -0.29030991 0.00000000
vn -0.95693268 -0.29030991 0.00000000
vn -0.92387667 -0.38269034 0.00000000
vn 0.95693268 -0.29030991 0.00000000
vn 0.95693268 -0.29030991 0.00000000
vn -0.98078399 -0.19509682 0.00000000
vn -0.98078399 -0.19509682 0.00000000
vn 0.92387667 -0.38269034 0.00000000
vn 0.92387667 -0.38269034 0.00000000
vn -0.99518655 -0.09799868 0.00000000
vn -0.99518655 -0.09799868 0.00000000
vn 0.88191518 -0.47140812 0.00000000
vn 0.88191518 -0.47140812 0.00000000
vn -0.99518655 -0.09799868 0.00000000
vn -1.00000000 0.00000000 0.00000000
vn -1.00000000 0.00000000 0.00000000
vn -0.99518655 -0.09799868 0.00000000
vn 0.83146524 -0.55557677 0.00000000
vn 0.83146524 -0.55557677 0.00000000
vn -0.99518655 0.09799868 0.00000000
vn -0.99518655 0.09799868 0.00000000
vn 0.77300295 -0.63440242 0.00000000
vn 0.77300295 -0.63440242 0.00000000
vn -0.98078399 0.19509682 0.00000000
vn -0.98078399 0.19509682 0.00000000
vn 0.70710678 -0.70710678 0.00000000
vn 0.70710678 -0.70710678 0.00000000
vn -0.95693268 0.29030991 0.00000000
vn -0.95693268 0.29030991 0.00000000
vn 0.63440242 -0.77300295 0.00000000
vn 0.63440242 -0.77300295 0.00000000
vn -0.92387667 0.38269034 0.00000000
vn -0.92387667 0.38269034 0.00000000
vn 0.55557677 -0.83146524 0.00000000
vn 0.55557677 -0.83146524 0.00000000
vn -0.88191518 0.47140812 0.00000000
vn -0.88191518 0.47140812 0.00000000
vn 0.47140812 -0.88191518 0.00000000
vn 0.47140812 -0.88191518 0.00000000
vn 0.00000000 1.00000000 0.00000000
vn 0.09799868 0.99518655 0.00000000
vn 0.09799868 0.99518655 0.00000000
vn 0.00000000 1.00000000 0.00000000
vn -0.83146524 0.55557677 0.00000000
vn -0.83146524 0.55557677 0.00000000
vn 0.38269034 -0.92387667 0.00000000
vn 0.38269034 -0.92387667 0.00000000
vn 0.19509682 0.98078399 0.00000000
vn 0.19509682 0.98078399 0.00000000
vn -0.77300295 0.63440242 0.00000000
vn -0.77300295 0.63440242 0.00000000
vn 0.29030991 -0.95693268 0.00000000
vn 0.29030991 -0.95693268 0.00000000
vn 0.29030991 0.95693268 0.00000000
vn 0.29030991 0.95693268 0.00000000
vn -0.70710678 0.70710678 0.00000000
vn -0.70710678 0.70710678 0.00000000
vn 0.19509682 -0.98078399 0.00000000
vn 0.19509682 -0.98078399 0.00000000
vn 0.38269034 0.92387667 0.00000000
vn 0.38269034 0.92387667 0.00000000
vn -0.63440242 0.77300295 0.00000000
vn -0.63440242 0.77300295 0.00000000
vn 0.09799868 -0.99518655 0.00000000
vn 0.09799868 -0.99518655 0.00000000
vn 0.47140812 0.88191518 0.00000000
vn 0.47140812 0.88191518 0.00000000
vn -0.55557677 0.83146524 0.00000000
vn -0.55557677 0.83146524 0.00000000
vn 0.00000000 -1.00000000 0.00000000
vn 0.00000000 -1.00000000 0.00000000
vn 0.55557677 0.83146524 0.00000000
vn 0.55557677 0.83146524 0.00000000
vn -0.47140812 0.88191518 0.00000000
vn -0.47140812 0.88191518 0.00000000
vn 0.00000000 -1.00000000 0.00000000
vn -0.09799868 -0.99518655 0.00000000
vn -0.09799868 -0.99518655 0.00000000
vn 0.00000000 -1.00000000 0.00000000
vn 0.63440242 0.77300295 0.00000000
vn 0.63440242 0.77300295 0.00000000
vn -0.38269034 0.92387667 0.00000000
vn -0.38269034 0.92387667 0.00000000
vn -0.19509682 -0.98078399 0.00000000
vn -0.19509682 -0.98078399 0.00000000
vn 0.70710678 0.70710678 0.00000000
vn 0.70710678 0.70710678 0.00000000
vn -0.29030991 0.95693268 0.00000000
vn -0.29030991 0.95693268 0.00000000
vn -0.29030991 -0.95693268 0.00000000
vn -0.29030991 -0.95693268 0.00000000
vn 0.77300295 0.63440242 0.00000000
vn 0.77300295 0.63440242 0.00000000
vn -0.19509682 0.98078399 0.00000000
vn -0.19509682 0.98078399 0.00000000
vn -0.38269034 -0.92387667 0.00000000
vn -0.38269034 -0.92387667 0.00000000
vn 0.83146524 0.55557677 0.00000000
vn 0.83146524 0.55557677 0.00000000
vn -0.09799868 0.99518655 0.00000000
vn -0.09799868 0.99518655 0.00000000
vn -0.47140812 -0.88191518 0.00000000
vn -0.47140812 -0.88191518 0.00000000
vn 0.88191518 0.47140812 0.00000000
vn 0.88191518 0.47140812 0.00000000
vn 0.00000000 1.00000000 0.00000000
vn 0.00000000 1.00000000 0.00000000
vn -0.55557677 -0.83146524 0.00000000
vn -0.55557677 -0.83146524 0.00000000
vn 0.92387667 0.38269034 0.00000000
vn 0.92387667 0.38269034 0.00000000
vn -0.63440242 -0.77300295 0.00000000
vn -0.63440242 -0.77300295 0.00000000
vn 0.95693268 0.29030991 0.00000000
vn 0.95693268 0.29030991 0.00000000
vn -0.70710678 -0.70710678 0.00000000
vn -0.70710678 -0.70710678 0.00000000
vn 0.98078399 0.19509682 0.00000000
vn 0.98078399 0.19509682 0.00000000
vn -0.77300295 -0.63440242 0.00000000
vn -0.77300295 -0.63440242 0.00000000
vn 0.99518655 0.09799868 0.00000000
vn 0.99518655 0.09799868 0.00000000
vn -0.83146524 -0.55557677 0.00000000
vn -0.83146524 -0.55557677 0.00000000
vn 0.99518655 0.09799868 0.00000000
vn 1.00000000 0.00000000 0.00000000
vn 1.00000000 0.00000000 0.00000000
vn 0.99518655 0.09799868 0.00000000
vn -0.88191518 -0.47140812 0.00000000
vn -0.88191518 -0.47140812 0.00000000
vn 0.00000000 0.00000000 1.00000000
vn 0.00000000 0.00000000 1.00000000
vn 0.00000000 0.00000000 1.00000000
vn 0.00000000 0.00000000 1.00000000
vn 0.00000000 0.00000000 1.00000000
vn 0.00000000 0.00000000 1.00000000
vn 0.00000000 0.00000000 1.00000000
vn 0.00000000 0.00000000 1.00000000
vn 0.00000000 0.00000000 1.00000000
vn 0.00000000 0.00000000 1.00000000
vn 0.00000000 0.00000000 1.00000000
vn 0.00000000 0.00000000 1.00000000
vn 0.00000000 0.00000000 1.00000000
vn 0.00000000 0.00000000 1.00000000
vn 0.00000000 0.00000000 1.00000000
vn 0.00000000 0.00000000 1.00000000
vn 0.00000000 0.00000000 1.00000000
vn 0.00000000 0.00000000 1.00000000
vn 0.00000000 0.00000000 1.00000000
vn 0.00000000 0.00000000 1.00000000
vn 0.00000000 0.00000000 1.00000000
vn 0.00000000 0.00000000 1.00000000
vn 0.00000000 0.00000000 1.00000000
vn 0.00000000 0.00000000 1.00000000
vn 0.00000000 0.00000000 1.00000000
vn 0.00000000 0.00000000 1.00000000
vn 0.00000000 0.00000000 1.00000000
vn 0.00000000 0.00000000 1.00000000
vn 0.00000000 0.00000000 1.00000000
vn 0.00000000 0.00000000 1.00000000
vn 0.00000000 0.00000000 1.00000000
vn 0.00000000 0.00000000 1.00000000
vn 0.00000000 0.00000000 1.00000000
vn 0.00000000 0.00000000 1.00000000
vn 0.00000000 0.00000000 1.00000000
vn 0.00000000 0.00000000 1.00000000
vn 0.00000000 0.00000000 1.00000000
vn 0.00000000 0.00000000 1.00000000
vn 0.00000000 0.00000000 1.00000000
vn 0.00000000 0.00000000 1.00000000
vn 0.00000000 0.00000000 1.00000000
vn 0.00000000 0.00000000 1.00000000
vn 0.00000000 0.00000000 1.00000000
vn 0.00000000 0.00000000 1.00000000
vn 0.00000000 0.00000000 1.00000000
vn 0.00000000 0.00000000 1.00000000
vn 0.00000000 0.00000000 1.00000000
vn 0.00000000 0.00000000 1.00000000
vn 0.00000000 0.00000000 1.00000000
vn 0.00000000 0.00000000 1.00000000
vn 0.00000000 0.00000000 1.00000000
vn 0.00000000 0.00000000 1.00000000
vn 0.00000000 0.00000000 1.00000000
vn 0.00000000 0.00000000 1.00000000
vn 0.00000000 0.00000000 1.00000000
vn 0.00000000 0.00000000 1.00000000
vn 0.00000000 0.00000000 1.00000000
vn 0.00000000 0.00000000 1.00000000
vn 0.00000000 0.00000000 1.00000000
vn 0.00000000 0.00000000 1.00000000
vn 0.00000000 0.00000000 1.00000000
vn 0.00000000 0.00000000 1.00000000
vn 0.00000000 0.00000000 1.00000000
vn 0.00000000 0.00000000 1.00000000
vn 0.00000000 0.00000000 -1.00000000
vn 0.00000000 0.00000000 -1.00000000
vn 0.00000000 0.00000000 -1.00000000
vn 0.00000000 0.00000000 -1.00000000
vn 0.00000000 0.00000000 -1.00000000
vn 0.00000000 0.00000000 -1.00000000
vn 0.00000000 0.00000000 -1.00000000
vn 0.00000000 0.00000000 -1.00000000
vn 0.00000000 0.00000000 -1.00000000
vn 0.00000000 0.00000000 -1.00000000
vn 0.00000000 0.00000000 -1.00000000
vn 0.00000000 0.00000000 -1.00000000
vn 0.00000000 0.00000000 -1.00000000
vn 0.00000000 0.00000000 -1.00000000
vn 0.00000000 0.00000000 -1.00000000
vn 0.00000000 0.00000000 -1.00000000
vn 0.00000000 0.00000000 -1.00000000
vn 0.00000000 0.00000000 -1.00000000
vn 0.00000000 0.00000000 -1.00000000
vn 0.00000000 0.00000000 -1.00000000
vn 0.00000000 0.00000000 -1.00000000
vn 0.00000000 0.00000000 -1.00000000
vn 0.00000000 0.00000000 -1.00000000
vn 0.00000000 0.00000000 -1.00000000
vn 0.00000000 0.00000000 -1.00000000
vn 0.00000000 0.00000000 -1.00000000
vn 0.00000000 0.00000000 -1.00000000
vn 0.00000000 0.00000000 -1.00000000
vn 0.00000000 0.00000000 -1.00000000
vn 0.00000000 0.00000000 -1.00000000
vn 0.00000000 0.00000000 -1.00000000
vn 0.00000000 0.00000000 -1.00000000
vn 0.00000000 0.00000000 -1.00000000
vn 0.00000000 0.00000000 -1.00000000
vn 0.00000000 0.00000000 -1.00000000
vn 0.00000000 0.00000000 -1.00000000
vn 0.00000000 0.00000000 -1.00000000
vn 0.00000000 0.00000000 -1.00000000
vn 0.00000000 0.00000000 -1.00000000
vn 0.00000000 0.00000000 -1.00000000
vn 0.00000000 0.00000000 -1.00000000
vn 0.00000000 0.00000000 -1.00000000
vn 0.00000000 0.00000000 -1.00000000
vn 0.00000000 0.00000000 -1.00000000
vn 0.00000000 0.00000000 -1.00000000
vn 0.00000000 0.00000000 -1.00000000
vn 0.00000000 0.00000000 -1.00000000
vn 0.00000000 0.00000000 -1.00000000
vn 0.00000000 0.00000000 -1.00000000
vn 0.00000000 0.00000000 -1.00000000
vn 0.00000000 0.00000000 -1.00000000
vn 0.00000000 0.00000000 -1.00000000
vn 0.00000000 0.00000000 -1.00000000
vn 0.00000000 0.00000000 -1.00000000
vn 0.00000000 0.00000000 -1.00000000
vn 0.00000000 0.00000000 -1.00000000
vn 0.00000000 0.00000000 -1.00000000
vn 0.00000000 0.00000000 -1.00000000
vn 0.00000000 0.00000000 -1.00000000
vn 0.00000000 0.00000000 -1.00000000
vn 0.00000000 0.00000000 -1.00000000
vn 0.00000000 0.00000000 -1.00000000
vn 0.00000000 0.00000000 -1.00000000
vn 0.00000000 0.00000000 -1.00000000
vn 0.00000000 0.00000000 1.00000000
vn 0.00000000 0.00000000 1.00000000
vn 0.00000000 0.00000000 1.00000000
vn 0.00000000 0.00000000 1.00000000
vn 0.00000000 0.00000000 1.00000000
vn 0.00000000 0.00000000 1.00000000
vn 0.00000000 0.00000000 1.00000000
vn 0.00000000 0.00000000 1.00000000
vn 0.00000000 0.00000000 1.00000000
vn 0.00000000 0.00000000 1.00000000
vn 0.00000000 0.00000000 1.00000000
vn 0.00000000 0.00000000 1.00000000
vn 0.00000000 0.00000000 1.00000000
vn 0.00000000 0.00000000 1.00000000
vn 0.00000000 0.00000000 1.00000000
vn 0.00000000 0.00000000 1.00000000
vn 0.00000000 0.00000000 1.00000000
vn 0.00000000 0.00000000 1.00000000
vn 0.00000000 0.00000000 1.00000000
vn 0.00000000 0.00000000 1.00000000
vn 0.00000000 0.00000000 1.00000000
vn 0.00000000 0.00000000 1.00000000
vn 0.00000000 0.00000000 1.00000000
vn 0.00000000 0.00000000 1.00000000
vn 0.00000000 0.00000000 1.00000000
vn 0.00000000 0.00000000 1.00000000
vn 0.00000000 0.00000000 1.00000000
vn 0.00000000 0.00000000 1.00000000
vn 0.00000000 0.00000000 1.00000000
vn 0.00000000 0.00000000 1.00000000
vn 0.00000000 0.00000000 1.00000000
vn 0.00000000 0.00000000 1.00000000
vn 0.00000000 0.00000000 1.00000000
vn 0.00000000 0.00000000 1.00000000
vn 0.00000000 0.00000000 1.00000000
vn 0.00000000 0.00000000 1.00000000
vn 0.00000000 0.00000000 1.00000000
vn 0.00000000 0.00000000 1.00000000
vn 0.00000000 0.00000000 1.00000000
vn 0.00000000 0.00000000 1.00000000
vn 0.00000000 0.00000000 1.00000000
vn 0.00000000 0.00000000 1.00000000
vn 0.00000000 0.00000000 1.00000000
vn 0.00000000 0.00000000 1.00000000
vn 0.00000000 0.00000000 1.00000000
vn 0.00000000 0.00000000 1.00000000
vn 0.00000000 0.00000000 1.00000000
vn 0.00000000 0.00000000 1.00000000
vn 0.00000000 0.00000000 1.00000000
vn 0.00000000 0.00000000 1.00000000
vn 0.00000000 0.00000000 1.00000000
vn 0.00000000 0.00000000 1.00000000
vn 0.00000000 0.00000000 1.00000000
vn 0.00000000 0.00000000 1.00000000
vn 0.00000000 0.00000000 1.00000000
vn 0.00000000 0.00000000 1.00000000
vn 0.00000000 0.00000000 1.00000000
vn 0.00000000 0.00000000 1.00000000
vn 0.00000000 0.00000000 1.00000000
vn 0.00000000 0.00000000 1.00000000
vn 0.00000000 0.00000000 1.00000000
vn 0.00000000 0.00000000 1.00000000
vn 0.00000000 0.00000000 1.00000000
vn 0.00000000 0.00000000 1.00000000
vn 0.00000000 0.00000000 -1.00000000
vn 0.00000000 0.00000000 -1.00000000
vn 0.00000000 0.00000000 -1.00000000
vn 0.00000000 0.00000000 -1.00000000
vn 0.00000000 0.00000000 -1.00000000
vn 0.00000000 0.00000000 -1.00000000
vn 0.00000000 0.00000000 -1.00000000
vn 0.00000000 0.00000000 -1.00000000
vn 0.00000000 0.00000000 -1.00000000
vn 0.00000000 0.00000000 -1.00000000
vn 0.00000000 0.00000000 -1.00000000
vn 0.00000000 0.00000000 -1.00000000
vn 0.00000000 0.00000000 -1.00000000
vn 0.00000000 0.00000000 -1.00000000
vn 0.00000000 0.00000000 -1.00000000
vn 0.00000000 0.00000000 -1.00000000
vn 0.00000000 0.00000000 -1.00000000
vn 0.00000000 0.00000000 -1.00000000
vn 0.00000000 0.00000000 -1.00000000
vn 0.00000000 0.00000000 -1.00000000
vn 0.00000000 0.00000000 -1.00000000
vn 0.00000000 0.00000000 -1.00000000
vn 0.00000000 0.00000000 -1.00000000
vn 0.00000000 0.00000000 -1.00000000
vn 0.00000000 0.00000000 -1.00000000
vn 0.00000000 0.00000000 -1.00000000
vn 0.00000000 0.00000000 -1.00000000
vn 0.00000000 0.00000000 -1.00000000
vn 0.00000000 0.00000000 -1.00000000
vn 0.00000000 0.00000000 -1.00000000
vn 0.00000000 0.00000000 -1.00000000
vn 0.00000000 0.00000000 -1.00000000
vn 0.00000000 0.00000000 -1.00000000
vn 0.00000000 0.00000000 -1.00000000
vn 0.00000000 0.00000000 -1.00000000
vn 0.00000000 0.00000000 -1.00000000
vn 0.00000000 0.00000000 -1.00000000
vn 0.00000000 0.00000000 -1.00000000
vn 0.00000000 0.00000000 -1.00000000
vn 0.00000000 0.00000000 -1.00000000
vn 0.00000000 0.00000000 -1.00000000
vn 0.00000000 0.00000000 -1.00000000
vn 0.00000000 0.00000000 -1.00000000
vn 0.00000000 0.00000000 -1.00000000
vn 0.00000000 0.00000000 -1.00000000
vn 0.00000000 0.00000000 -1.00000000
vn 0.00000000 0.00000000 -1.00000000
vn 0.00000000 0.00000000 -1.00000000
vn 0.00000000 0.00000000 -1.00000000
vn 0.00000000 0.00000000 -1.00000000
vn 0.00000000 0.00000000 -1.00000000
vn 0.00000000 0.00000000 -1.00000000
vn 0.00000000 0.00000000 -1.00000000
vn 0.00000000 0.00000000 -1.00000000
vn 0.00000000 0.00000000 -1.00000000
vn 0.00000000 0.00000000 -1.00000000
vn 0.00000000 0.00000000 -1.00000000
vn 0.00000000 0.00000000 -1.00000000
vn 0.00000000 0.00000000 -1.00000000
vn 0.00000000 0.00000000 -1.00000000
vn 0.00000000 0.00000000 -1.00000000
vn 0.00000000 0.00000000 -1.00000000
vn 0.00000000 0.00000000 -1.00000000
vn 0.00000000 0.00000000 -1.00000000
vt 0.67089700 0.51991100
vt 0.67089700 1.00000000
vt 0.67797500 0.99999300
vt 0.67797500 0.51990400
vt 0.68558900 0.99998600
vt 0.68558900 0.51989800
vt 0.69366500 0.99998100
vt 0.69366500 0.51989200
vt 0.70212500 0.99997700
vt 0.70212500 0.51988800
vt 0.71088700 0.99997300
vt 0.71088700 0.51988500
vt 0.71986800 0.99997100
vt 0.71986800 0.51988200
vt 0.72898100 0.99997000
vt 0.72898100 0.51988100
vt 0.73813800 0.99997000
vt 0.73813800 0.51988100
vt 0.74725100 0.99997100
vt 0.74725100 0.51988200
vt 0.75623200 0.99997300
vt 0.75623200 0.51988500
vt 0.76499500 0.99997700
vt 0.76499500 0.51988800
vt 0.77345500 0.99998100
vt 0.77345500 0.51989200
vt 0.78153000 0.99998600
vt 0.78153000 0.51989800
vt 0.78914400 0.99999300
vt 0.78914400 0.51990400
vt 0.79622300 1.00000000
vt 0.79622300 0.51991100
vt 0.53909600 0.99996200
vt 0.53909600 0.51987300
vt 0.53262100 0.51988100
vt 0.53262100 0.99997000
vt 0.52554300 0.51988800
vt 0.52554300 0.99997700
vt 0.51792900 0.51989500
vt 0.51792900 0.99998400
vt 0.50985300 0.51990000
vt 0.50985400 0.99998900
vt 0.50139300 0.51990400
vt 0.50139300 0.99999300
vt 0.49263100 0.51990800
vt 0.49263100 0.99999700
vt 0.48365000 0.51991000
vt 0.48365000 0.99999900
vt 0.47453700 0.51991100
vt 0.47453700 1.00000000
vt 0.46538000 0.51991100
vt 0.46538000 1.00000000
vt 0.45626700 0.51991000
vt 0.45626700 0.99999900
vt 0.44728600 0.51990800
vt 0.44728600 0.99999700
vt 0.43852300 0.51990400
vt 0.43852400 0.99999300
vt 0.43006400 0.51990000
vt 0.43006400 0.99998900
vt 0.42198800 0.51989500
vt 0.42198800 0.99998400
vt 0.41437400 0.51988800
vt 0.41437400 0.99997700
vt 0.40729600 0.51988100
vt 0.40729600 0.99997000
vt 0.53909600 0.51991100
vt 0.53909600 1.00000000
vt 0.54557100 0.99999200
vt 0.54557100 0.51990300
vt 0.55265000 0.99998500
vt 0.55265000 0.51989600
vt 0.56026300 0.99997800
vt 0.56026300 0.51989000
vt 0.56833900 0.99997300
vt 0.56833900 0.51988400
vt 0.57679900 0.99996900
vt 0.57679900 0.51988000
vt 0.58556200 0.99996500
vt 0.58556200 0.51987600
vt 0.59454300 0.99996300
vt 0.59454300 0.51987400
vt 0.60365600 0.99996200
vt 0.60365600 0.51987300
vt 0.61281300 0.99996200
vt 0.61281300 0.51987300
vt 0.62192500 0.99996300
vt 0.62192500 0.51987400
vt 0.63090600 0.99996500
vt 0.63090600 0.51987600
vt 0.63966900 0.99996900
vt 0.63966900 0.51988000
vt 0.64812900 0.99997300
vt 0.64812900 0.51988400
vt 0.65620500 0.99997800
vt 0.65620500 0.51989000
vt 0.66381800 0.99998500
vt 0.66381800 0.51989600
vt 0.67089700 0.99999200
vt 0.67089700 0.51990300
vt 0.13827600 0.99996200
vt 0.13827600 0.51987300
vt 0.13180100 0.51988100
vt 0.13180100 0.99997000
vt 0.12472200 0.51988800
vt 0.12472200 0.99997700
vt 0.11710800 0.51989500
vt 0.11710800 0.99998400
vt 0.10903300 0.51990000
vt 0.10903300 0.99998900
vt 0.10057300 0.51990500
vt 0.10057300 0.99999300
vt 0.09181000 0.51990800
vt 0.09181000 0.99999700
vt 0.08282900 0.51991000
vt 0.08282900 0.99999900
vt 0.07371600 0.51991100
vt 0.07371600 1.00000000
vt 0.06455900 0.51991100
vt 0.06455900 1.00000000
vt 0.05544700 0.51991000
vt 0.05544700 0.99999900
vt 0.04646600 0.51990800
vt 0.04646600 0.99999700
vt 0.03770300 0.51990500
vt 0.03770300 0.99999300
vt 0.02924300 0.51990000
vt 0.02924300 0.99998900
vt 0.02116700 0.51989500
vt 0.02116700 0.99998400
vt 0.01355400 0.51988800
vt 0.01355400 0.99997700
vt 0.09560700 0.43080300
vt 0.09560400 0.43815000
vt 0.10293400 0.43817600
vt 0.10293700 0.43083600
vt 0.00647500 0.51988100
vt 0.00647500 0.99997000
vt 0.00000000 0.51987300
vt 0.00000000 0.99996200
vt 0.11616800 0.41403500
vt 0.11617400 0.42084900
vt 0.13826100 0.42089000
vt 0.13825500 0.41408100
vt 0.27313500 0.36189200
vt 0.27313500 0.36189200
vt 0.27974700 0.36631000
vt 0.27974700 0.36631000
vt 0.27974700 0.36631000
vt 0.28705700 0.35645400
vt 0.28705700 0.35645400
vt 0.27944300 0.35136700
vt 0.27944300 0.35136700
vt 0.28589500 0.37135600
vt 0.28589500 0.37135600
vt 0.29413500 0.36226300
vt 0.29413500 0.36226300
vt 0.29151800 0.37697900
vt 0.29151800 0.37697900
vt 0.29151800 0.37697900
vt 0.30061000 0.36873800
vt 0.30061000 0.36873800
vt 0.30061000 0.36873800
vt 0.29656300 0.38312700
vt 0.29656300 0.38312700
vt 0.29656300 0.38312700
vt 0.30641900 0.37581700
vt 0.30641900 0.37581700
vt 0.30098200 0.38973900
vt 0.30098200 0.38973900
vt 0.31150700 0.38343100
vt 0.31150700 0.38343100
vt 0.31150700 0.38343100
vt 0.30473100 0.39675300
vt 0.30473100 0.39675300
vt 0.31582300 0.39150600
vt 0.31582300 0.39150600
vt 0.30777400 0.40410000
vt 0.30777400 0.40410000
vt 0.31932800 0.39996600
vt 0.31932800 0.39996600
vt 0.31932800 0.39996600
vt 0.31008200 0.41171100
vt 0.31008200 0.41171100
vt 0.32198600 0.40872900
vt 0.32198600 0.40872900
vt 0.31163400 0.41951000
vt 0.31163400 0.41951000
vt 0.31163400 0.41951000
vt 0.32377200 0.41771000
vt 0.32377200 0.41771000
vt 0.32377200 0.41771000
vt 0.31241300 0.42742500
vt 0.31241300 0.42742500
vt 0.32467000 0.42682300
vt 0.32467000 0.42682300
vt 0.31241300 0.43537800
vt 0.31241300 0.43537800
vt 0.31241300 0.43537800
vt 0.32467000 0.43598000
vt 0.32467000 0.43598000
vt 0.31163400 0.44329200
vt 0.31163400 0.44329200
vt 0.32377200 0.44509200
vt 0.32377200 0.44509200
vt 0.32377200 0.44509200
vt 0.31008200 0.45109200
vt 0.31008200 0.45109200
vt 0.31008200 0.45109200
vt 0.32198600 0.45407400
vt 0.32198600 0.45407400
vt 0.30777400 0.45870200
vt 0.30777400 0.45870200
vt 0.30777400 0.45870200
vt 0.31932700 0.46283600
vt 0.31932700 0.46283600
vt 0.30473000 0.46605000
vt 0.30473000 0.46605000
vt 0.31582300 0.47129600
vt 0.31582300 0.47129600
vt 0.31582300 0.47129600
vt 0.30098200 0.47306300
vt 0.30098200 0.47306300
vt 0.31150700 0.47937200
vt 0.31150700 0.47937200
vt 0.29656300 0.47967600
vt 0.29656300 0.47967600
vt 0.29656300 0.47967600
vt 0.30641900 0.48698600
vt 0.30641900 0.48698600
vt 0.30641900 0.48698600
vt 0.29151800 0.48582300
vt 0.29151800 0.48582300
vt 0.29151800 0.48582300
vt 0.30061000 0.49406400
vt 0.30061000 0.49406400
vt 0.30061000 0.49406400
vt 0.28589500 0.49144700
vt 0.28589500 0.49144700
vt 0.29413500 0.50053900
vt 0.29413500 0.50053900
vt 0.29413500 0.50053900
vt 0.27974700 0.49649200
vt 0.27974700 0.49649200
vt 0.28705700 0.50634800
vt 0.28705700 0.50634800
vt 0.27313500 0.50091000
vt 0.27313500 0.50091000
vt 0.27944300 0.51143500
vt 0.27944300 0.51143500
vt 0.27944300 0.51143500
vt 0.26612100 0.50465900
vt 0.26612100 0.50465900
vt 0.27136700 0.51575200
vt 0.27136700 0.51575200
vt 0.25877400 0.50770300
vt 0.25877400 0.50770300
vt 0.26290800 0.51925600
vt 0.26290800 0.51925600
vt 0.25116300 0.51001100
vt 0.25116300 0.51001100
vt 0.25414500 0.52191400
vt 0.25414500 0.52191400
vt 0.24336300 0.51156300
vt 0.24336300 0.51156300
vt 0.24336300 0.51156300
vt 0.24516400 0.52370100
vt 0.24516400 0.52370100
vt 0.23544900 0.51234200
vt 0.23544900 0.51234200
vt 0.23605100 0.52459800
vt 0.23605100 0.52459800
vt 0.22749600 0.51234200
vt 0.22749600 0.51234200
vt 0.22749600 0.51234200
vt 0.22689400 0.52459800
vt 0.22689400 0.52459800
vt 0.21958200 0.51156200
vt 0.21958200 0.51156200
vt 0.21958200 0.51156200
vt 0.21778100 0.52370100
vt 0.21778100 0.52370100
vt 0.21178200 0.51001100
vt 0.21178200 0.51001100
vt 0.21178200 0.51001100
vt 0.20880000 0.52191400
vt 0.20880000 0.52191400
vt 0.20880000 0.52191400
vt 0.20417100 0.50770200
vt 0.20417100 0.50770200
vt 0.20417100 0.50770200
vt 0.20003700 0.51925600
vt 0.20003700 0.51925600
vt 0.19682400 0.50465900
vt 0.19682400 0.50465900
vt 0.19682400 0.50465900
vt 0.19157800 0.51575200
vt 0.19157800 0.51575200
vt 0.19157800 0.51575200
vt 0.18981000 0.50091000
vt 0.18981000 0.50091000
vt 0.18350200 0.51143500
vt 0.18350200 0.51143500
vt 0.18319800 0.49649200
vt 0.18319800 0.49649200
vt 0.18319800 0.49649200
vt 0.17588800 0.50634800
vt 0.17588800 0.50634800
vt 0.17705000 0.49144700
vt 0.17705000 0.49144700
vt 0.16881000 0.50053900
vt 0.16881000 0.50053900
vt 0.17142700 0.48582300
vt 0.17142700 0.48582300
vt 0.17142700 0.48582300
vt 0.16233500 0.49406400
vt 0.16233500 0.49406400
vt 0.16233500 0.49406400
vt 0.16638200 0.47967600
vt 0.16638200 0.47967600
vt 0.15652600 0.48698600
vt 0.15652600 0.48698600
vt 0.16196400 0.47306300
vt 0.16196400 0.47306300
vt 0.15143800 0.47937200
vt 0.15143800 0.47937200
vt 0.15821500 0.46604900
vt 0.15821500 0.46604900
vt 0.14712200 0.47129600
vt 0.14712200 0.47129600
vt 0.15517100 0.45870200
vt 0.15517100 0.45870200
vt 0.14361800 0.46283600
vt 0.14361800 0.46283600
vt 0.14361800 0.46283600
vt 0.15286300 0.45109200
vt 0.15286300 0.45109200
vt 0.14096000 0.45407300
vt 0.14096000 0.45407300
vt 0.15131100 0.44329200
vt 0.15131100 0.44329200
vt 0.15131100 0.44329200
vt 0.13917300 0.44509200
vt 0.13917300 0.44509200
vt 0.15053200 0.43537700
vt 0.15053200 0.43537700
vt 0.13827600 0.43598000
vt 0.13827600 0.43598000
vt 0.13827600 0.43598000
vt 0.15053200 0.42742500
vt 0.15053200 0.42742500
vt 0.15053200 0.42742500
vt 0.13827600 0.42682300
vt 0.13827600 0.42682300
vt 0.15131100 0.41951000
vt 0.15131100 0.41951000
vt 0.13917300 0.41771000
vt 0.13917300 0.41771000
vt 0.15286300 0.41171000
vt 0.15286300 0.41171000
vt 0.15286300 0.41171000
vt 0.14095900 0.40872900
vt 0.14095900 0.40872900
vt 0.14095900 0.40872900
vt 0.15517100 0.40410000
vt 0.15517100 0.40410000
vt 0.14361800 0.39996600
vt 0.14361800 0.39996600
vt 0.14361800 0.39996600
vt 0.15821500 0.39675300
vt 0.15821500 0.39675300
vt 0.14712200 0.39150600
vt 0.14712200 0.39150600
vt 0.14712200 0.39150600
vt 0.16196400 0.38973900
vt 0.16196400 0.38973900
vt 0.15143800 0.38343100
vt 0.15143800 0.38343100
vt 0.16638200 0.38312700
vt 0.16638200 0.38312700
vt 0.16638200 0.38312700
vt 0.15652600 0.37581700
vt 0.15652600 0.37581700
vt 0.17142700 0.37697900
vt 0.17142700 0.37697900
vt 0.17142700 0.37697900
vt 0.16233500 0.36873800
vt 0.16233500 0.36873800
vt 0.16233500 0.36873800
vt 0.17705000 0.37135600
vt 0.17705000 0.37135600
vt 0.17705000 0.37135600
vt 0.16881000 0.36226300
vt 0.16881000 0.36226300
vt 0.16881000 0.36226300
vt 0.18319800 0.36631000
vt 0.18319800 0.36631000
vt 0.17588800 0.35645400
vt 0.17588800 0.35645400
vt 0.18981000 0.36189200
vt 0.18981000 0.36189200
vt 0.18350200 0.35136700
vt 0.18350200 0.35136700
vt 0.18350200 0.35136700
vt 0.19682400 0.35814300
vt 0.19682400 0.35814300
vt 0.19157800 0.34705100
vt 0.19157800 0.34705100
vt 0.20417100 0.35510000
vt 0.20417100 0.35510000
vt 0.20003700 0.34354600
vt 0.20003700 0.34354600
vt 0.20003700 0.34354600
vt 0.21178200 0.35279100
vt 0.21178200 0.35279100
vt 0.20880000 0.34088800
vt 0.20880000 0.34088800
vt 0.21958200 0.35124000
vt 0.21958200 0.35124000
vt 0.21958200 0.35124000
vt 0.21778100 0.33910200
vt 0.21778100 0.33910200
vt 0.22749600 0.35046000
vt 0.22749600 0.35046000
vt 0.22749600 0.35046000
vt 0.22689400 0.33820400
vt 0.22689400 0.33820400
vt 0.23544900 0.35046000
vt 0.23544900 0.35046000
vt 0.23605100 0.33820400
vt 0.23605100 0.33820400
vt 0.23605100 0.33820400
vt 0.24336300 0.35124000
vt 0.24336300 0.35124000
vt 0.24516400 0.33910200
vt 0.24516400 0.33910200
vt 0.25116300 0.35279100
vt 0.25116300 0.35279100
vt 0.25116300 0.35279100
vt 0.25414500 0.34088800
vt 0.25414500 0.34088800
vt 0.25877300 0.35510000
vt 0.25877300 0.35510000
vt 0.26290700 0.34354600
vt 0.26290700 0.34354600
vt 0.26612100 0.35814300
vt 0.26612100 0.35814300
vt 0.27136700 0.34705000
vt 0.27136700 0.34705000
vt 0.27136700 0.34705000
vt 0.07359600 0.35725300
vt 0.07359700 0.36516800
vt 0.08092700 0.36515600
vt 0.08092600 0.35724900
vt 0.09561200 0.42378900
vt 0.10294100 0.42382900
vt 0.07359600 0.34930100
vt 0.08092500 0.34930400
vt 0.09561700 0.41717600
vt 0.10294700 0.41722300
vt 0.07359600 0.34138600
vt 0.08092600 0.34139700
vt 0.09562300 0.41102900
vt 0.10295200 0.41108100
vt 0.07359700 0.33358600
vt 0.08092700 0.33360500
vt 0.09562900 0.40540600
vt 0.10295900 0.40546300
vt 0.07360000 0.32597600
vt 0.08093000 0.32600200
vt 0.10298200 0.51372600
vt 0.10298900 0.51987300
vt 0.11031900 0.51982000
vt 0.11031200 0.51367800
vt 0.07360300 0.31862900
vt 0.08093300 0.31866200
vt 0.10297600 0.50711300
vt 0.11030600 0.50707200
vt 0.07360700 0.31161500
vt 0.08093700 0.31165500
vt 0.10297100 0.50009900
vt 0.11030100 0.50006500
vt 0.07361300 0.30500300
vt 0.08094200 0.30504900
vt 0.10296700 0.49275200
vt 0.11029700 0.49272500
vt 0.07361800 0.29885500
vt 0.08094800 0.29890700
vt 0.10296300 0.48514200
vt 0.11029300 0.48512200
vt 0.07362500 0.29323200
vt 0.08095500 0.29328900
vt 0.10296100 0.47734200
vt 0.11029100 0.47733000
vt 0.08097800 0.40155200
vt 0.08098500 0.40769900
vt 0.08831400 0.40764600
vt 0.08830800 0.40150500
vt 0.10296000 0.46942700
vt 0.11028900 0.46942300
vt 0.08097200 0.39493900
vt 0.08830200 0.39489900
vt 0.10295900 0.46147500
vt 0.11028900 0.46147800
vt 0.08096700 0.38792600
vt 0.08829700 0.38789200
vt 0.10296000 0.45356000
vt 0.11028900 0.45357100
vt 0.08096300 0.38057800
vt 0.08829200 0.38055100
vt 0.10296100 0.44576000
vt 0.11029100 0.44577900
vt 0.08095900 0.37296800
vt 0.08828900 0.37294800
vt 0.10296300 0.43815000
vt 0.11029300 0.43817600
vt 0.09562300 0.51372600
vt 0.09562900 0.51987300
vt 0.10295900 0.51982000
vt 0.10295200 0.51367800
vt 0.08095700 0.36516800
vt 0.08828700 0.36515600
vt 0.10296700 0.43080300
vt 0.11029700 0.43083600
vt 0.09561700 0.50711300
vt 0.10294700 0.50707200
vt 0.08095500 0.35725400
vt 0.08828500 0.35724900
vt 0.10297100 0.42378900
vt 0.11030100 0.42382900
vt 0.09561200 0.50009900
vt 0.10294100 0.50006500
vt 0.08095500 0.34930100
vt 0.08828500 0.34930400
vt 0.10297600 0.41717600
vt 0.11030600 0.41722300
vt 0.09560700 0.49275200
vt 0.10293700 0.49272500
vt 0.08095500 0.34138600
vt 0.08828500 0.34139700
vt 0.10298200 0.41102900
vt 0.11031200 0.41108100
vt 0.09560400 0.48514200
vt 0.10293400 0.48512200
vt 0.08095700 0.33358700
vt 0.08828700 0.33360500
vt 0.10298900 0.40540500
vt 0.11031900 0.40546300
vt 0.09560200 0.47734200
vt 0.10293100 0.47733000
vt 0.08095900 0.32597600
vt 0.08828900 0.32600200
vt 0.07361800 0.40155200
vt 0.07362500 0.40769900
vt 0.08095500 0.40764600
vt 0.08094800 0.40150500
vt 0.09560000 0.46942700
vt 0.10293000 0.46942300
vt 0.08096300 0.31862900
vt 0.08829200 0.31866200
vt 0.07361300 0.39493900
vt 0.08094200 0.39489800
vt 0.09560000 0.46147500
vt 0.10293000 0.46147800
vt 0.08096700 0.31161500
vt 0.08829700 0.31165500
vt 0.07360700 0.38792600
vt 0.08093700 0.38789200
vt 0.09560000 0.45356000
vt 0.10293000 0.45357100
vt 0.08097200 0.30500300
vt 0.08830200 0.30504900
vt 0.07360300 0.38057800
vt 0.08093300 0.38055100
vt 0.09560200 0.44576000
vt 0.10293100 0.44577900
vt 0.08097800 0.29885500
vt 0.08830800 0.29890700
vt 0.07360000 0.37296800
vt 0.08093000 0.37294800
vt 0.08098500 0.29323200
vt 0.08831400 0.29328900
vt 0.56757500 0.37692500
vt 0.56757500 0.37692500
vt 0.56757500 0.37692500
vt 0.57212800 0.38373900
vt 0.57212800 0.38373900
vt 0.58052700 0.37870500
vt 0.58052700 0.37870500
vt 0.58052700 0.37870500
vt 0.57544000 0.37109200
vt 0.57544000 0.37109200
vt 0.56237500 0.37058900
vt 0.56237500 0.37058900
vt 0.56963100 0.36401300
vt 0.56963100 0.36401300
vt 0.55658000 0.36479300
vt 0.55658000 0.36479300
vt 0.56315600 0.35753800
vt 0.56315600 0.35753800
vt 0.55024400 0.35959400
vt 0.55024400 0.35959400
vt 0.55024400 0.35959400
vt 0.55607700 0.35172900
vt 0.55607700 0.35172900
vt 0.55607700 0.35172900
vt 0.54342900 0.35504100
vt 0.54342900 0.35504100
vt 0.54846300 0.34664200
vt 0.54846300 0.34664200
vt 0.53620100 0.35117700
vt 0.53620100 0.35117700
vt 0.54038800 0.34232500
vt 0.54038800 0.34232500
vt 0.54038800 0.34232500
vt 0.52862900 0.34804000
vt 0.52862900 0.34804000
vt 0.53192800 0.33882100
vt 0.53192800 0.33882100
vt 0.52078600 0.34566100
vt 0.52078600 0.34566100
vt 0.52316500 0.33616300
vt 0.52316500 0.33616300
vt 0.52316500 0.33616300
vt 0.51274700 0.34406200
vt 0.51274700 0.34406200
vt 0.51274700 0.34406200
vt 0.51418400 0.33437700
vt 0.51418400 0.33437700
vt 0.51418400 0.33437700
vt 0.50459100 0.34325900
vt 0.50459100 0.34325900
vt 0.50507100 0.33347900
vt 0.50507100 0.33347900
vt 0.49639500 0.34325900
vt 0.49639500 0.34325900
vt 0.49639500 0.34325900
vt 0.49591400 0.33347900
vt 0.49591400 0.33347900
vt 0.48823800 0.34406200
vt 0.48823800 0.34406200
vt 0.48680100 0.33437700
vt 0.48680100 0.33437700
vt 0.48680100 0.33437700
vt 0.48020000 0.34566100
vt 0.48020000 0.34566100
vt 0.48020000 0.34566100
vt 0.47782000 0.33616300
vt 0.47782000 0.33616300
vt 0.47782000 0.33616300
vt 0.47235600 0.34804000
vt 0.47235600 0.34804000
vt 0.46905800 0.33882100
vt 0.46905800 0.33882100
vt 0.46905800 0.33882100
vt 0.46478400 0.35117700
vt 0.46478400 0.35117700
vt 0.46478400 0.35117700
vt 0.46059800 0.34232500
vt 0.46059800 0.34232500
vt 0.45755600 0.35504100
vt 0.45252200 0.34664200
vt 0.45252200 0.34664200
vt 0.45252200 0.34664200
vt 0.45074100 0.35959400
vt 0.45074100 0.35959400
vt 0.45074100 0.35959400
vt 0.44490800 0.35172900
vt 0.44490800 0.35172900
vt 0.44440600 0.36479400
vt 0.44440600 0.36479400
vt 0.43783000 0.35753800
vt 0.43783000 0.35753800
vt 0.43783000 0.35753800
vt 0.43861000 0.37058900
vt 0.43861000 0.37058900
vt 0.43861000 0.37058900
vt 0.43135500 0.36401300
vt 0.43135500 0.36401300
vt 0.43341100 0.37692500
vt 0.43341100 0.37692500
vt 0.43341100 0.37692500
vt 0.42554600 0.37109200
vt 0.42554600 0.37109200
vt 0.42554600 0.37109200
vt 0.42885700 0.38373900
vt 0.42885700 0.38373900
vt 0.42885700 0.38373900
vt 0.42045800 0.37870500
vt 0.42045800 0.37870500
vt 0.42499400 0.39096800
vt 0.42499400 0.39096800
vt 0.42499400 0.39096800
vt 0.41614200 0.38678100
vt 0.41614200 0.38678100
vt 0.42185700 0.39854000
vt 0.42185700 0.39854000
vt 0.41263800 0.39524100
vt 0.41263800 0.39524100
vt 0.41263800 0.39524100
vt 0.41947800 0.40638300
vt 0.41947800 0.40638300
vt 0.41947800 0.40638300
vt 0.40998000 0.40400400
vt 0.40998000 0.40400400
vt 0.40998000 0.40400400
vt 0.41787900 0.41442100
vt 0.41787900 0.41442100
vt 0.41787900 0.41442100
vt 0.40819300 0.41298500
vt 0.40819300 0.41298500
vt 0.40819300 0.41298500
vt 0.41707600 0.42257800
vt 0.41707600 0.42257800
vt 0.41707600 0.42257800
vt 0.40729600 0.42209800
vt 0.40729600 0.42209800
vt 0.41707600 0.43077400
vt 0.41707600 0.43077400
vt 0.41707600 0.43077400
vt 0.40729600 0.43125500
vt 0.40729600 0.43125500
vt 0.41787900 0.43893100
vt 0.41787900 0.43893100
vt 0.40819300 0.44036700
vt 0.40819300 0.44036700
vt 0.40819300 0.44036700
vt 0.41947800 0.44696900
vt 0.41947800 0.44696900
vt 0.41947800 0.44696900
vt 0.40998000 0.44934900
vt 0.40998000 0.44934900
vt 0.42185700 0.45481200
vt 0.42185700 0.45481200
vt 0.41263800 0.45811100
vt 0.41263800 0.45811100
vt 0.41263800 0.45811100
vt 0.42499400 0.46238400
vt 0.42499400 0.46238400
vt 0.42499400 0.46238400
vt 0.41614200 0.46657100
vt 0.41614200 0.46657100
vt 0.41614200 0.46657100
vt 0.42885700 0.46961300
vt 0.42885700 0.46961300
vt 0.42885700 0.46961300
vt 0.42045900 0.47464700
vt 0.42045900 0.47464700
vt 0.42045900 0.47464700
vt 0.43341100 0.47642800
vt 0.43341100 0.47642800
vt 0.43341100 0.47642800
vt 0.42554600 0.48226000
vt 0.42554600 0.48226000
vt 0.43861000 0.48276300
vt 0.43861000 0.48276300
vt 0.43135500 0.48933900
vt 0.43135500 0.48933900
vt 0.44440600 0.48855900
vt 0.44440600 0.48855900
vt 0.43783000 0.49581400
vt 0.43783000 0.49581400
vt 0.45074100 0.49375800
vt 0.45074100 0.49375800
vt 0.44490800 0.50162300
vt 0.44490800 0.50162300
vt 0.45755600 0.49831200
vt 0.45252200 0.50671000
vt 0.45252200 0.50671000
vt 0.46478400 0.50217500
vt 0.46478400 0.50217500
vt 0.46059800 0.51102700
vt 0.46059800 0.51102700
vt 0.46059800 0.51102700
vt 0.47235700 0.50531200
vt 0.47235700 0.50531200
vt 0.47235700 0.50531200
vt 0.46905800 0.51453100
vt 0.46905800 0.51453100
vt 0.48020000 0.50769100
vt 0.47782000 0.51718900
vt 0.47782000 0.51718900
vt 0.48823800 0.50929000
vt 0.48823800 0.50929000
vt 0.48823800 0.50929000
vt 0.48680100 0.51897600
vt 0.48680100 0.51897600
vt 0.48680100 0.51897600
vt 0.49639500 0.51009300
vt 0.49639500 0.51009300
vt 0.49591400 0.51987300
vt 0.49591400 0.51987300
vt 0.50459100 0.51009300
vt 0.50459100 0.51009300
vt 0.50459100 0.51009300
vt 0.50507100 0.51987300
vt 0.50507100 0.51987300
vt 0.51274700 0.50929000
vt 0.51274700 0.50929000
vt 0.51418400 0.51897600
vt 0.51418400 0.51897600
vt 0.51418400 0.51897600
vt 0.52078600 0.50769100
vt 0.52078600 0.50769100
vt 0.52078600 0.50769100
vt 0.52316500 0.51718900
vt 0.52316500 0.51718900
vt 0.52862900 0.50531200
vt 0.52862900 0.50531200
vt 0.53192800 0.51453100
vt 0.53192800 0.51453100
vt 0.53192800 0.51453100
vt 0.53620100 0.50217500
vt 0.53620100 0.50217500
vt 0.54038800 0.51102700
vt 0.54038800 0.51102700
vt 0.54038800 0.51102700
vt 0.54342900 0.49831200
vt 0.54342900 0.49831200
vt 0.54342900 0.49831200
vt 0.54846300 0.50671000
vt 0.54846300 0.50671000
vt 0.55024400 0.49375800
vt 0.55024400 0.49375800
vt 0.55607700 0.50162300
vt 0.55607700 0.50162300
vt 0.55658000 0.48855900
vt 0.55658000 0.48855900
vt 0.55658000 0.48855900
vt 0.56315500 0.49581400
vt 0.56315500 0.49581400
vt 0.56315500 0.49581400
vt 0.56237500 0.48276300
vt 0.56237500 0.48276300
vt 0.56237500 0.48276300
vt 0.56963000 0.48933900
vt 0.56963000 0.48933900
vt 0.56757500 0.47642700
vt 0.56757500 0.47642700
vt 0.57544000 0.48226000
vt 0.57544000 0.48226000
vt 0.57212800 0.46961300
vt 0.57212800 0.46961300
vt 0.58052700 0.47464700
vt 0.57599200 0.46238400
vt 0.57599200 0.46238400
vt 0.58484300 0.46657100
vt 0.58484300 0.46657100
vt 0.57912800 0.45481200
vt 0.57912800 0.45481200
vt 0.58834800 0.45811100
vt 0.58834800 0.45811100
vt 0.58834800 0.45811100
vt 0.58150700 0.44696900
vt 0.58150700 0.44696900
vt 0.58150700 0.44696900
vt 0.59100600 0.44934900
vt 0.59100600 0.44934900
vt 0.58310700 0.43893100
vt 0.58310700 0.43893100
vt 0.59279200 0.44036800
vt 0.59279200 0.44036800
vt 0.59279200 0.44036800
vt 0.58391000 0.43077400
vt 0.58391000 0.43077400
vt 0.59369000 0.43125500
vt 0.59369000 0.43125500
vt 0.59369000 0.43125500
vt 0.58391000 0.42257800
vt 0.58391000 0.42257800
vt 0.58391000 0.42257800
vt 0.59369000 0.42209800
vt 0.59369000 0.42209800
vt 0.59369000 0.42209800
vt 0.58310700 0.41442200
vt 0.58310700 0.41442200
vt 0.59279200 0.41298500
vt 0.59279200 0.41298500
vt 0.58150800 0.40638300
vt 0.58150800 0.40638300
vt 0.59100600 0.40400400
vt 0.59100600 0.40400400
vt 0.57912800 0.39854000
vt 0.57912800 0.39854000
vt 0.58834800 0.39524100
vt 0.58834800 0.39524100
vt 0.58834800 0.39524100
vt 0.57599200 0.39096800
vt 0.57599200 0.39096800
vt 0.57599200 0.39096800
vt 0.58484400 0.38678100
vt 0.58484400 0.38678100
vt 0.00002400 0.49369900
vt 0.00001900 0.50092700
vt 0.02210600 0.50088700
vt 0.02211100 0.49366600
vt 0.11617900 0.42807800
vt 0.13826600 0.42811100
vt 0.00001400 0.50774200
vt 0.02210100 0.50769500
vt 0.11618300 0.43565000
vt 0.13827000 0.43567600
vt 0.00000700 0.51407800
vt 0.02209400 0.51402500
vt 0.11618600 0.44349300
vt 0.13827300 0.44351200
vt 0.00000000 0.51987300
vt 0.02208700 0.51981500
vt 0.11618800 0.45153200
vt 0.13827500 0.45154300
vt 0.06620100 0.40769900
vt 0.06620700 0.41403500
vt 0.08829400 0.41408200
vt 0.08828800 0.40775200
vt 0.11618900 0.45968800
vt 0.13827600 0.45969200
vt 0.06621300 0.42085000
vt 0.08830000 0.42089000
vt 0.11618900 0.46788400
vt 0.13827600 0.46788000
vt 0.06621800 0.42807800
vt 0.08830500 0.42811100
vt 0.11618800 0.47604100
vt 0.13827500 0.47602900
vt 0.06622100 0.43565000
vt 0.08830800 0.43567600
vt 0.11618600 0.48407900
vt 0.13827300 0.48406000
vt 0.06622400 0.44349300
vt 0.08831100 0.44351200
vt 0.11618300 0.49192200
vt 0.13827000 0.49189600
vt 0.36877100 0.40662900
vt 0.36877800 0.41296400
vt 0.39086500 0.41301100
vt 0.39085800 0.40668100
vt 0.06622600 0.45153200
vt 0.08831300 0.45154300
vt 0.11617900 0.49949400
vt 0.13826600 0.49946100
vt 0.36878300 0.41977900
vt 0.39087000 0.41981900
vt 0.06622700 0.45968800
vt 0.08831400 0.45969200
vt 0.11617400 0.50672300
vt 0.13826100 0.50668200
vt 0.36878800 0.42700700
vt 0.39087500 0.42704100
vt 0.06622700 0.46788400
vt 0.08831400 0.46788000
vt 0.11616800 0.51353700
vt 0.13825500 0.51349100
vt 0.36879200 0.43457900
vt 0.39087900 0.43460600
vt 0.06622600 0.47604100
vt 0.08831300 0.47602900
vt 0.11616200 0.51987300
vt 0.13824900 0.51982100
vt 0.36879500 0.44242300
vt 0.39088200 0.44244200
vt 0.06622400 0.48407900
vt 0.08831100 0.48406000
vt 0.00000000 0.39610800
vt 0.00000700 0.40190400
vt 0.02209400 0.40195600
vt 0.02208700 0.39616600
vt 0.36879700 0.45046100
vt 0.39088400 0.45047300
vt 0.06622100 0.49192200
vt 0.08830800 0.49189600
vt 0.00001400 0.40823900
vt 0.02210100 0.40828600
vt 0.36879800 0.45861800
vt 0.39088500 0.45862100
vt 0.06621800 0.49949400
vt 0.08830500 0.49946100
vt 0.00001900 0.41505400
vt 0.02210600 0.41509400
vt 0.36879800 0.46681400
vt 0.39088500 0.46681000
vt 0.06621300 0.50672300
vt 0.08830000 0.50668200
vt 0.00002400 0.42228200
vt 0.02211100 0.42231600
vt 0.36879700 0.47497000
vt 0.39088400 0.47495900
vt 0.06620700 0.51353800
vt 0.08829400 0.51349100
vt 0.00002800 0.42985500
vt 0.02211500 0.42988100
vt 0.36879500 0.48300900
vt 0.39088200 0.48299000
vt 0.06620100 0.51987300
vt 0.08828800 0.51982100
vt 0.00003100 0.43769800
vt 0.02211800 0.43771700
vt 0.36879200 0.49085200
vt 0.39087900 0.49082600
vt 0.36876400 0.40083300
vt 0.39085100 0.40089100
vt 0.00003300 0.44573600
vt 0.02212000 0.44574800
vt 0.36878800 0.49842400
vt 0.39087500 0.49839100
vt 0.00003400 0.45389300
vt 0.02212100 0.45389700
vt 0.36878300 0.50565200
vt 0.39087000 0.50561200
vt 0.00003400 0.46208900
vt 0.02212100 0.46208500
vt 0.36877800 0.51246700
vt 0.39086500 0.51242000
vt 0.00003300 0.47024500
vt 0.02212000 0.47023400
vt 0.36877100 0.51880300
vt 0.39085800 0.51875000
vt 0.00003100 0.47828400
vt 0.02211800 0.47826500
vt 0.36876400 0.52459800
vt 0.39085100 0.52454000
vt 0.00002800 0.48612700
vt 0.02211500 0.48610100
vt 0.11616200 0.40769900
vt 0.13824900 0.40775200
vt 0.79622300 0.52463500
vt 0.79622300 1.00000000
vt 0.80310800 0.99999300
vt 0.80310800 0.52462800
vt 0.81051500 0.99998700
vt 0.81051500 0.52462200
vt 0.81837000 0.99998200
vt 0.81837000 0.52461700
vt 0.82660000 0.99997700
vt 0.82660000 0.52461300
vt 0.83512400 0.99997400
vt 0.83512400 0.52460900
vt 0.84386000 0.99997200
vt 0.84386100 0.52460700
vt 0.85272500 0.99997100
vt 0.85272500 0.52460600
vt 0.86163300 0.99997100
vt 0.86163300 0.52460600
vt 0.87049700 0.99997200
vt 0.87049700 0.52460700
vt 0.87923400 0.99997400
vt 0.87923400 0.52460900
vt 0.88775800 0.99997700
vt 0.88775800 0.52461300
vt 0.89598700 0.99998200
vt 0.89598700 0.52461700
vt 0.90384300 0.99998700
vt 0.90384300 0.52462200
vt 0.91125000 0.99999300
vt 0.91125000 0.52462800
vt 0.91813500 1.00000000
vt 0.91813500 0.52463500
vt 0.27278600 0.99996300
vt 0.27278600 0.52459800
vt 0.26648700 0.52460600
vt 0.26648700 0.99997100
vt 0.25960100 0.52461300
vt 0.25960100 0.99997800
vt 0.25219500 0.52461900
vt 0.25219500 0.99998400
vt 0.24433900 0.52462400
vt 0.24433900 0.99998900
vt 0.23611000 0.52462900
vt 0.23611000 0.99999400
vt 0.22758500 0.52463200
vt 0.22758600 0.99999700
vt 0.21884900 0.52463400
vt 0.21884900 0.99999900
vt 0.20998400 0.52463500
vt 0.20998400 1.00000000
vt 0.20107700 0.52463500
vt 0.20107700 1.00000000
vt 0.19221200 0.52463400
vt 0.19221200 0.99999900
vt 0.18347600 0.52463200
vt 0.18347600 0.99999700
vt 0.17495200 0.52462900
vt 0.17495200 0.99999400
vt 0.16672200 0.52462400
vt 0.16672200 0.99998900
vt 0.15886600 0.52461900
vt 0.15886600 0.99998400
vt 0.15146000 0.52461300
vt 0.15146000 0.99997800
vt 0.14457400 0.52460600
vt 0.14457400 0.99997100
vt 0.13827600 0.52459800
vt 0.13827600 0.99996300
vt 0.79622300 0.04924100
vt 0.79622300 0.52460600
vt 0.80310800 0.52459900
vt 0.80310800 0.04923400
vt 0.81051500 0.52459300
vt 0.81051500 0.04922800
vt 0.81837000 0.52458800
vt 0.81837000 0.04922300
vt 0.82660000 0.52458300
vt 0.82660000 0.04921900
vt 0.83512400 0.52458000
vt 0.83512400 0.04921500
vt 0.84386000 0.52457800
vt 0.84386000 0.04921300
vt 0.85272500 0.52457700
vt 0.85272500 0.04921200
vt 0.86163300 0.52457700
vt 0.86163300 0.04921200
vt 0.87049700 0.52457800
vt 0.87049700 0.04921300
vt 0.87923400 0.52458000
vt 0.87923400 0.04921500
vt 0.88775800 0.52458300
vt 0.88775800 0.04921900
vt 0.89598700 0.52458800
vt 0.89598700 0.04922300
vt 0.90384300 0.52459300
vt 0.90384300 0.04922800
vt 0.91125000 0.52459900
vt 0.91125000 0.04923400
vt 0.91813500 0.52460600
vt 0.91813500 0.04924100
vt 0.40729600 0.99996300
vt 0.40729600 0.52459800
vt 0.40099700 0.52460600
vt 0.40099700 0.99997100
vt 0.39411100 0.52461300
vt 0.39411100 0.99997800
vt 0.38670500 0.52461900
vt 0.38670500 0.99998400
vt 0.37884900 0.52462400
vt 0.37884900 0.99998900
vt 0.37062000 0.52462900
vt 0.37062000 0.99999400
vt 0.36209600 0.52463200
vt 0.36209600 0.99999700
vt 0.35335900 0.52463400
vt 0.35335900 0.99999900
vt 0.34449500 0.52463500
vt 0.34449500 1.00000000
vt 0.33558700 0.52463500
vt 0.33558700 1.00000000
vt 0.32672200 0.52463400
vt 0.32672200 0.99999900
vt 0.31798600 0.52463200
vt 0.31798600 0.99999700
vt 0.30946200 0.52462900
vt 0.30946200 0.99999400
vt 0.30123200 0.52462500
vt 0.30123200 0.99998900
vt 0.29337700 0.52461900
vt 0.29337700 0.99998400
vt 0.28597000 0.52461300
vt 0.28597000 0.99997800
vt 0.40001800 0.43282100
vt 0.40001500 0.44039200
vt 0.40727000 0.44039100
vt 0.40727300 0.43282000
vt 0.27908500 0.52460600
vt 0.27908500 0.99997100
vt 0.27278600 0.52459800
vt 0.27278600 0.99996300
vt 0.34673100 0.40967200
vt 0.34673700 0.41668800
vt 0.36874900 0.41668800
vt 0.36874300 0.40967200
vt 0.60175200 0.41696200
vt 0.60335000 0.40892500
vt 0.59630100 0.40715900
vt 0.59456300 0.41589600
vt 0.60572900 0.40108300
vt 0.59888600 0.39863500
vt 0.60886500 0.39351300
vt 0.60229500 0.39040600
vt 0.61272800 0.38628600
vt 0.60649400 0.38255000
vt 0.61728000 0.37947200
vt 0.61144300 0.37514300
vt 0.62247900 0.37313800
vt 0.61709400 0.36825800
vt 0.62827300 0.36734400
vt 0.62339300 0.36195900
vt 0.63460700 0.36214500
vt 0.63027800 0.35630800
vt 0.64142100 0.35759300
vt 0.63768500 0.35135900
vt 0.64864800 0.35373000
vt 0.64554000 0.34716000
vt 0.65621800 0.35059400
vt 0.65377000 0.34375100
vt 0.66406000 0.34821500
vt 0.66229400 0.34116600
vt 0.67209700 0.34661700
vt 0.67103000 0.33942800
vt 0.68025200 0.34581300
vt 0.67989500 0.33855500
vt 0.68844600 0.34581300
vt 0.68880300 0.33855500
vt 0.69660100 0.34661700
vt 0.69766700 0.33942800
vt 0.70463800 0.34821500
vt 0.70640400 0.34116600
vt 0.71248000 0.35059400
vt 0.71492800 0.34375100
vt 0.72005000 0.35373000
vt 0.72315700 0.34716000
vt 0.72727700 0.35759300
vt 0.73101300 0.35135900
vt 0.73409000 0.36214500
vt 0.73842000 0.35630800
vt 0.74042500 0.36734400
vt 0.74530500 0.36195900
vt 0.74621900 0.37313800
vt 0.75160400 0.36825800
vt 0.75141800 0.37947200
vt 0.75725500 0.37514300
vt 0.75597000 0.38628600
vt 0.76220400 0.38255000
vt 0.75983300 0.39351300
vt 0.76640300 0.39040500
vt 0.76296900 0.40108300
vt 0.76981200 0.39863500
vt 0.76534800 0.40892500
vt 0.77239700 0.40715900
vt 0.76694600 0.41696200
vt 0.77413500 0.41589500
vt 0.76775000 0.42511700
vt 0.77500800 0.42476000
vt 0.76775000 0.43331100
vt 0.77500800 0.43366800
vt 0.76694600 0.44146600
vt 0.77413500 0.44253200
vt 0.76534800 0.44950300
vt 0.77239700 0.45126900
vt 0.76296900 0.45734500
vt 0.76981100 0.45979300
vt 0.75983300 0.46491500
vt 0.76640300 0.46802200
vt 0.75597000 0.47214200
vt 0.76220400 0.47587800
vt 0.75141800 0.47895600
vt 0.75725500 0.48328500
vt 0.74621900 0.48529000
vt 0.75160400 0.49017000
vt 0.74042500 0.49108400
vt 0.74530500 0.49646900
vt 0.73409100 0.49628300
vt 0.73842000 0.50212000
vt 0.72727700 0.50083500
vt 0.73101300 0.50706900
vt 0.72005000 0.50469800
vt 0.72315800 0.51126800
vt 0.71248000 0.50783400
vt 0.71492800 0.51467600
vt 0.70463800 0.51021300
vt 0.70640400 0.51726200
vt 0.69660100 0.51181100
vt 0.69766700 0.51900000
vt 0.68844600 0.51261500
vt 0.68880300 0.51987300
vt 0.68025200 0.51261500
vt 0.67989500 0.51987300
vt 0.67209700 0.51181100
vt 0.67103100 0.51900000
vt 0.66406000 0.51021300
vt 0.66229400 0.51726200
vt 0.65621800 0.50783400
vt 0.65377000 0.51467700
vt 0.64864800 0.50469800
vt 0.64554100 0.51126800
vt 0.64142100 0.50083500
vt 0.63768500 0.50706900
vt 0.63460700 0.49628300
vt 0.63027800 0.50212000
vt 0.62827300 0.49108400
vt 0.62339300 0.49646900
vt 0.62247900 0.48529000
vt 0.61709400 0.49017000
vt 0.61728000 0.47895600
vt 0.61144300 0.48328500
vt 0.61272800 0.47214200
vt 0.60649400 0.47587800
vt 0.60886500 0.46491600
vt 0.60229500 0.46802300
vt 0.60572900 0.45734500
vt 0.59888600 0.45979300
vt 0.60335000 0.44950300
vt 0.59630100 0.45126900
vt 0.60175200 0.44146600
vt 0.59456300 0.44253300
vt 0.60094800 0.43331200
vt 0.59369000 0.43366800
vt 0.60094800 0.42511700
vt 0.59369000 0.42476100
vt 0.39817400 0.45863100
vt 0.39817300 0.45047600
vt 0.39091800 0.45047600
vt 0.39091900 0.45863100
vt 0.40002300 0.42559400
vt 0.40727700 0.42559400
vt 0.39817400 0.46682500
vt 0.39091900 0.46682500
vt 0.40002800 0.41878100
vt 0.40728300 0.41878000
vt 0.39817300 0.47498000
vt 0.39091800 0.47498000
vt 0.40003400 0.41244600
vt 0.40728900 0.41244600
vt 0.39817100 0.48301700
vt 0.39091600 0.48301700
vt 0.40004100 0.40665200
vt 0.40729600 0.40665100
vt 0.39816800 0.49085900
vt 0.39091300 0.49085900
vt 0.07357500 0.30188200
vt 0.07356900 0.29554700
vt 0.06631400 0.29554700
vt 0.06632000 0.30188200
vt 0.39816400 0.49842900
vt 0.39090900 0.49842900
vt 0.07358100 0.30869500
vt 0.06632600 0.30869500
vt 0.39815900 0.50565600
vt 0.39090400 0.50565600
vt 0.07358600 0.31592200
vt 0.06633100 0.31592200
vt 0.39815300 0.51246900
vt 0.39089900 0.51246900
vt 0.07359000 0.32349200
vt 0.06633500 0.32349200
vt 0.39814700 0.51880400
vt 0.39089200 0.51880400
vt 0.07359300 0.33133400
vt 0.06633800 0.33133400
vt 0.39814000 0.52459800
vt 0.39088500 0.52459800
vt 0.07359500 0.33937100
vt 0.06634000 0.33937100
vt 0.08833800 0.51353900
vt 0.08834500 0.51987300
vt 0.09560000 0.51987300
vt 0.09559300 0.51353800
vt 0.07359600 0.34752600
vt 0.06634100 0.34752600
vt 0.08833200 0.50672500
vt 0.09558700 0.50672500
vt 0.07359600 0.35572000
vt 0.06634100 0.35572000
vt 0.08832700 0.49949900
vt 0.09558100 0.49949800
vt 0.07359500 0.36387500
vt 0.06634000 0.36387500
vt 0.08832200 0.49192800
vt 0.09557700 0.49192800
vt 0.07359300 0.37191200
vt 0.06633800 0.37191200
vt 0.08831900 0.48408600
vt 0.09557400 0.48408600
vt 0.07359000 0.37975400
vt 0.06633500 0.37975400
vt 0.40003400 0.51826400
vt 0.40004100 0.52459800
vt 0.40729600 0.52459800
vt 0.40728900 0.51826300
vt 0.08831600 0.47604900
vt 0.09557100 0.47604900
vt 0.07358600 0.38732500
vt 0.06633100 0.38732500
vt 0.40002800 0.51145000
vt 0.40728300 0.51145000
vt 0.08831500 0.46789400
vt 0.09557000 0.46789400
vt 0.07358100 0.39455100
vt 0.06632600 0.39455100
vt 0.40002300 0.50422400
vt 0.40727700 0.50422300
vt 0.08831400 0.45970000
vt 0.09556900 0.45970000
vt 0.07357500 0.40136500
vt 0.06632000 0.40136500
vt 0.40001800 0.49665300
vt 0.40727300 0.49665200
vt 0.08831500 0.45154500
vt 0.09557000 0.45154500
vt 0.07356900 0.40769900
vt 0.06631400 0.40769900
vt 0.40001500 0.48881100
vt 0.40727000 0.48881100
vt 0.08831600 0.44350800
vt 0.09557100 0.44350800
vt 0.39814700 0.40665200
vt 0.39814000 0.40085800
vt 0.39088500 0.40085800
vt 0.39089200 0.40665200
vt 0.40001200 0.48077400
vt 0.40726700 0.48077400
vt 0.08831900 0.43566700
vt 0.09557400 0.43566600
vt 0.39815300 0.41298600
vt 0.39089900 0.41298600
vt 0.40001100 0.47261900
vt 0.40726600 0.47261900
vt 0.08832200 0.42809600
vt 0.09557700 0.42809600
vt 0.39815900 0.41980000
vt 0.39090400 0.41980000
vt 0.40001000 0.46442500
vt 0.40726500 0.46442500
vt 0.08832700 0.42086900
vt 0.09558100 0.42086900
vt 0.39816400 0.42702700
vt 0.39090900 0.42702700
vt 0.40001100 0.45627000
vt 0.40726600 0.45627000
vt 0.08833200 0.41405600
vt 0.09558700 0.41405500
vt 0.39816800 0.43459700
vt 0.39091300 0.43459700
vt 0.40001200 0.44823300
vt 0.40726700 0.44823300
vt 0.08833800 0.40772100
vt 0.09559300 0.40772100
vt 0.39817100 0.44243900
vt 0.39091600 0.44243900
vt 0.08834500 0.40192700
vt 0.09560000 0.40192600
vt 0.76775300 0.22700400
vt 0.76939900 0.23528000
vt 0.77413500 0.23457700
vt 0.77239700 0.22584100
vt 0.76530300 0.21893000
vt 0.76981100 0.21731700
vt 0.76207400 0.21113400
vt 0.76640300 0.20908700
vt 0.75809700 0.20369300
vt 0.76220400 0.20123100
vt 0.75340900 0.19667700
vt 0.75725500 0.19382500
vt 0.74805600 0.19015500
vt 0.75160400 0.18693900
vt 0.74209000 0.18418800
vt 0.74530500 0.18064100
vt 0.73556700 0.17883600
vt 0.73842000 0.17499000
vt 0.72855200 0.17414800
vt 0.73101300 0.17004100
vt 0.72111000 0.17017000
vt 0.72315700 0.16584200
vt 0.71331500 0.16694100
vt 0.71492800 0.16243300
vt 0.70524000 0.16449200
vt 0.70640400 0.15984700
vt 0.69696500 0.16284600
vt 0.69766700 0.15811000
vt 0.68856800 0.16201900
vt 0.68880300 0.15723700
vt 0.68013000 0.16201900
vt 0.67989500 0.15723700
vt 0.67173300 0.16284600
vt 0.67103000 0.15811000
vt 0.66345700 0.16449200
vt 0.66229400 0.15984700
vt 0.65538300 0.16694100
vt 0.65377000 0.16243300
vt 0.64758800 0.17017000
vt 0.64554000 0.16584200
vt 0.64014600 0.17414800
vt 0.63768500 0.17004100
vt 0.63313000 0.17883600
vt 0.63027800 0.17499000
vt 0.62660800 0.18418800
vt 0.62339300 0.18064100
vt 0.62064200 0.19015500
vt 0.61709400 0.18693900
vt 0.61528900 0.19667700
vt 0.61144300 0.19382500
vt 0.61060100 0.20369300
vt 0.60649400 0.20123100
vt 0.60662400 0.21113400
vt 0.60229500 0.20908700
vt 0.60339500 0.21893000
vt 0.59888600 0.21731700
vt 0.60094500 0.22700400
vt 0.59630100 0.22584100
vt 0.59929900 0.23528000
vt 0.59456300 0.23457700
vt 0.59847200 0.24367700
vt 0.59369000 0.24344200
vt 0.59847200 0.25211500
vt 0.59369000 0.25234900
vt 0.59929900 0.26051200
vt 0.59456300 0.26121400
vt 0.60094500 0.26878700
vt 0.59630100 0.26995100
vt 0.60339500 0.27686200
vt 0.59888600 0.27847500
vt 0.60662400 0.28465700
vt 0.60229500 0.28670400
vt 0.61060100 0.29209800
vt 0.60649400 0.29456000
vt 0.61528900 0.29911400
vt 0.61144300 0.30196600
vt 0.62064200 0.30563700
vt 0.61709400 0.30885200
vt 0.62660800 0.31160300
vt 0.62339300 0.31515100
vt 0.63313100 0.31695600
vt 0.63027800 0.32080200
vt 0.64014600 0.32164400
vt 0.63768500 0.32575000
vt 0.64758800 0.32562100
vt 0.64554000 0.32994900
vt 0.65538300 0.32885000
vt 0.65377000 0.33335800
vt 0.66345800 0.33129900
vt 0.66229400 0.33594400
vt 0.67173300 0.33294500
vt 0.67103000 0.33768200
vt 0.68013000 0.33377200
vt 0.67989500 0.33855500
vt 0.68856800 0.33377200
vt 0.68880300 0.33855500
vt 0.69696500 0.33294500
vt 0.69766700 0.33768200
vt 0.70524000 0.33129900
vt 0.70640400 0.33594400
vt 0.71331500 0.32885000
vt 0.71492800 0.33335800
vt 0.72111000 0.32562100
vt 0.72315700 0.32994900
vt 0.72855200 0.32164400
vt 0.73101300 0.32575000
vt 0.73556700 0.31695600
vt 0.73842000 0.32080200
vt 0.74209000 0.31160300
vt 0.74530500 0.31515100
vt 0.74805600 0.30563700
vt 0.75160400 0.30885200
vt 0.75340900 0.29911400
vt 0.75725500 0.30196600
vt 0.75809700 0.29209900
vt 0.76220400 0.29456000
vt 0.76207400 0.28465700
vt 0.76640200 0.28670400
vt 0.76530300 0.27686200
vt 0.76981100 0.27847500
vt 0.76775300 0.26878700
vt 0.77239700 0.26995100
vt 0.76939900 0.26051200
vt 0.77413500 0.26121400
vt 0.77022600 0.25211500
vt 0.77500800 0.25235000
vt 0.77022600 0.24367700
vt 0.77500800 0.24344200
vt 0.04417800 0.49889400
vt 0.04417300 0.50633500
vt 0.06618500 0.50633500
vt 0.06619000 0.49889400
vt 0.34674200 0.42413000
vt 0.36875400 0.42413000
vt 0.04416700 0.51335100
vt 0.06618000 0.51335100
vt 0.34674600 0.43192500
vt 0.36875800 0.43192500
vt 0.04416100 0.51987300
vt 0.06617300 0.51987300
vt 0.34674900 0.43999900
vt 0.36876100 0.43999900
vt 0.32467000 0.39718400
vt 0.32467700 0.40315000
vt 0.34668900 0.40315000
vt 0.34668200 0.39718400
vt 0.34675100 0.44827500
vt 0.36876300 0.44827500
vt 0.32468400 0.40967200
vt 0.34669600 0.40967200
vt 0.34675200 0.45667200
vt 0.36876400 0.45667200
vt 0.32469000 0.41668800
vt 0.34670200 0.41668800
vt 0.34675200 0.46511000
vt 0.36876400 0.46511000
vt 0.32469400 0.42412900
vt 0.34670700 0.42412900
vt 0.34675100 0.47350700
vt 0.36876300 0.47350700
vt 0.32469900 0.43192500
vt 0.34671100 0.43192500
vt 0.34674900 0.48178200
vt 0.36876100 0.48178200
vt 0.32470200 0.43999900
vt 0.34671400 0.43999900
vt 0.34674600 0.48985700
vt 0.36875800 0.48985700
vt 0.02212100 0.40439100
vt 0.02212800 0.41091400
vt 0.04414000 0.41091400
vt 0.04413300 0.40439100
vt 0.32470400 0.44827500
vt 0.34671600 0.44827500
vt 0.34674200 0.49765200
vt 0.36875400 0.49765200
vt 0.02213400 0.41792900
vt 0.04414600 0.41792900
vt 0.32470500 0.45667200
vt 0.34671700 0.45667200
vt 0.34673700 0.50509400
vt 0.36874900 0.50509400
vt 0.02213900 0.42537100
vt 0.04415100 0.42537100
vt 0.32470500 0.46511000
vt 0.34671700 0.46511000
vt 0.34673100 0.51210900
vt 0.36874300 0.51210900
vt 0.02214300 0.43316600
vt 0.04415500 0.43316600
vt 0.32470400 0.47350700
vt 0.34671600 0.47350700
vt 0.34672400 0.51863200
vt 0.36873600 0.51863200
vt 0.02214600 0.44124100
vt 0.04415800 0.44124100
vt 0.32470200 0.48178200
vt 0.34671400 0.48178200
vt 0.34671700 0.52459800
vt 0.36872900 0.52459800
vt 0.02214800 0.44951600
vt 0.04416000 0.44951600
vt 0.32469900 0.48985700
vt 0.34671100 0.48985700
vt 0.04416100 0.40439100
vt 0.04416700 0.41091400
vt 0.06618000 0.41091400
vt 0.06617300 0.40439100
vt 0.02214900 0.45791300
vt 0.04416100 0.45791300
vt 0.32469400 0.49765200
vt 0.34670700 0.49765200
vt 0.04417300 0.41793000
vt 0.06618500 0.41793000
vt 0.02214900 0.46635100
vt 0.04416100 0.46635100
vt 0.32469000 0.50509300
vt 0.34670200 0.50509300
vt 0.04417800 0.42537100
vt 0.06619000 0.42537100
vt 0.02214800 0.47474800
vt 0.04416000 0.47474800
vt 0.32468400 0.51210900
vt 0.34669600 0.51210900
vt 0.04418200 0.43316600
vt 0.06619400 0.43316600
vt 0.02214600 0.48302400
vt 0.04415800 0.48302400
vt 0.32467700 0.51863200
vt 0.34668900 0.51863200
vt 0.04418500 0.44124100
vt 0.06619800 0.44124100
vt 0.02214300 0.49109800
vt 0.04415500 0.49109800
vt 0.32467000 0.52459800
vt 0.34668200 0.52459800
vt 0.04418700 0.44951600
vt 0.06620000 0.44951600
vt 0.02213900 0.49889300
vt 0.04415100 0.49889300
vt 0.04418800 0.45791300
vt 0.06620100 0.45791300
vt 0.02213400 0.50633500
vt 0.04414600 0.50633500
vt 0.04418800 0.46635100
vt 0.06620100 0.46635100
vt 0.02212800 0.51335100
vt 0.04414000 0.51335100
vt 0.04418700 0.47474800
vt 0.06620000 0.47474800
vt 0.02212100 0.51987300
vt 0.04413300 0.51987300
vt 0.04418500 0.48302400
vt 0.06619800 0.48302400
vt 0.34671700 0.39718400
vt 0.34672400 0.40315000
vt 0.36873600 0.40315000
vt 0.36872900 0.39718400
vt 0.04418200 0.49109800
vt 0.06619400 0.49109800
vt 0.14060400 0.10525900
vt 0.14291000 0.11286200
vt 0.14595100 0.12020300
vt 0.14969600 0.12721000
vt 0.15411000 0.13381600
vt 0.15915100 0.13995700
vt 0.16476900 0.14557500
vt 0.17091000 0.15061600
vt 0.17751600 0.15503000
vt 0.18452300 0.15877500
vt 0.19186300 0.16181500
vt 0.19946600 0.16412200
vt 0.20725900 0.16567200
vt 0.21516500 0.16645000
vt 0.22311000 0.16645000
vt 0.23101700 0.16567200
vt 0.23881000 0.16412200
vt 0.24641300 0.16181600
vt 0.25375300 0.15877500
vt 0.26076000 0.15503000
vt 0.26736600 0.15061600
vt 0.27350700 0.14557600
vt 0.27912600 0.13995800
vt 0.28416600 0.13381600
vt 0.28858000 0.12721000
vt 0.29232500 0.12020300
vt 0.29536600 0.11286300
vt 0.29767200 0.10526000
vt 0.29922200 0.09746700
vt 0.30000100 0.08956100
vt 0.30000100 0.08161600
vt 0.29922200 0.07370900
vt 0.29767200 0.06591600
vt 0.29536600 0.05831300
vt 0.29232500 0.05097300
vt 0.28858000 0.04396600
vt 0.28416600 0.03736000
vt 0.27912600 0.03121900
vt 0.27350800 0.02560000
vt 0.26736600 0.02056000
vt 0.26076000 0.01614600
vt 0.25375300 0.01240100
vt 0.24641300 0.00936000
vt 0.23881000 0.00705400
vt 0.23101800 0.00550400
vt 0.22311100 0.00472500
vt 0.21516600 0.00472500
vt 0.20725900 0.00550400
vt 0.19946700 0.00705400
vt 0.19186400 0.00936000
vt 0.18452300 0.01240100
vt 0.17751600 0.01614600
vt 0.17091000 0.02056000
vt 0.16476900 0.02560000
vt 0.15915100 0.03121800
vt 0.15411000 0.03736000
vt 0.14969600 0.04396600
vt 0.14595100 0.05097300
vt 0.14291100 0.05831300
vt 0.14060400 0.06591600
vt 0.13905400 0.07370800
vt 0.13827600 0.08161500
vt 0.13827600 0.08956000
vt 0.13905400 0.09746700
vt 0.46252500 0.00477700
vt 0.45496000 0.00791100
vt 0.44773800 0.01177000
vt 0.44093000 0.01632000
vt 0.43460000 0.02151400
vt 0.42881000 0.02730400
vt 0.42361500 0.03363400
vt 0.41906600 0.04044200
vt 0.41520600 0.04766400
vt 0.41207300 0.05522900
vt 0.40969600 0.06306500
vt 0.40809800 0.07109600
vt 0.40729600 0.07924500
vt 0.40729600 0.08743300
vt 0.40809800 0.09558200
vt 0.40969600 0.10361300
vt 0.41207300 0.11144900
vt 0.41520600 0.11901400
vt 0.41906600 0.12623500
vt 0.42361500 0.13304400
vt 0.42881000 0.13937300
vt 0.43460000 0.14516300
vt 0.44093000 0.15035800
vt 0.44773800 0.15490700
vt 0.45496000 0.15876700
vt 0.46252500 0.16190100
vt 0.47036000 0.16427800
vt 0.47839100 0.16587500
vt 0.48654000 0.16667800
vt 0.49472900 0.16667800
vt 0.50287800 0.16587500
vt 0.51090900 0.16427800
vt 0.51874400 0.16190100
vt 0.52630900 0.15876700
vt 0.53353100 0.15490700
vt 0.54033900 0.15035800
vt 0.54666900 0.14516400
vt 0.55245900 0.13937300
vt 0.55765400 0.13304400
vt 0.56220300 0.12623500
vt 0.56606300 0.11901400
vt 0.56919600 0.11144900
vt 0.57157300 0.10361300
vt 0.57317100 0.09558200
vt 0.57397300 0.08743300
vt 0.57397300 0.07924500
vt 0.57317100 0.07109600
vt 0.57157300 0.06306500
vt 0.56919700 0.05522900
vt 0.56606300 0.04766400
vt 0.56220300 0.04044300
vt 0.55765400 0.03363400
vt 0.55245900 0.02730500
vt 0.54666900 0.02151500
vt 0.54034000 0.01632000
vt 0.53353100 0.01177100
vt 0.52631000 0.00791100
vt 0.51874500 0.00477700
vt 0.51090900 0.00240000
vt 0.50287800 0.00080300
vt 0.49472900 0.00000000
vt 0.48654100 0.00000000
vt 0.47839200 0.00080200
vt 0.47036100 0.00240000
vt 0.41207600 0.22194800
vt 0.40969800 0.22978900
vt 0.40809900 0.23782600
vt 0.40729600 0.24598100
vt 0.40729600 0.25417600
vt 0.40809900 0.26233100
vt 0.40969800 0.27036800
vt 0.41207600 0.27820900
vt 0.41521200 0.28578000
vt 0.41907500 0.29300700
vt 0.42362700 0.29982000
vt 0.42882600 0.30615400
vt 0.43462000 0.31194900
vt 0.44095500 0.31714700
vt 0.44776800 0.32170000
vt 0.45499500 0.32556300
vt 0.46256500 0.32869800
vt 0.47040700 0.33107700
vt 0.47844400 0.33267600
vt 0.48659900 0.33347900
vt 0.49479300 0.33347900
vt 0.50294800 0.33267600
vt 0.51098500 0.33107700
vt 0.51882700 0.32869900
vt 0.52639700 0.32556300
vt 0.53362400 0.32170000
vt 0.54043800 0.31714700
vt 0.54677200 0.31194900
vt 0.55256600 0.30615400
vt 0.55776500 0.29982000
vt 0.56231700 0.29300700
vt 0.56618000 0.28578000
vt 0.56931600 0.27820900
vt 0.57169500 0.27036800
vt 0.57329400 0.26233100
vt 0.57409700 0.25417600
vt 0.57409700 0.24598100
vt 0.57329400 0.23782600
vt 0.57169500 0.22978900
vt 0.56931600 0.22194800
vt 0.56618000 0.21437700
vt 0.56231800 0.20715000
vt 0.55776500 0.20033700
vt 0.55256700 0.19400300
vt 0.54677200 0.18820800
vt 0.54043800 0.18301000
vt 0.53362500 0.17845700
vt 0.52639800 0.17459400
vt 0.51882700 0.17145800
vt 0.51098500 0.16908000
vt 0.50294900 0.16748100
vt 0.49479400 0.16667800
vt 0.48659900 0.16667800
vt 0.47844400 0.16748100
vt 0.47040700 0.16908000
vt 0.46256600 0.17145800
vt 0.45499500 0.17459400
vt 0.44776800 0.17845700
vt 0.44095500 0.18301000
vt 0.43462000 0.18820800
vt 0.42882600 0.19400200
vt 0.42362700 0.20033700
vt 0.41907500 0.20715000
vt 0.41521200 0.21437700
vt 0.31002900 0.24810800
vt 0.30920200 0.23971100
vt 0.30755600 0.23143600
vt 0.30510700 0.22336100
vt 0.30187800 0.21556600
vt 0.29790000 0.20812400
vt 0.29321200 0.20110900
vt 0.28786000 0.19458600
vt 0.28189300 0.18862000
vt 0.27537100 0.18326700
vt 0.26835500 0.17857900
vt 0.26091400 0.17460200
vt 0.25311800 0.17137300
vt 0.24504400 0.16892400
vt 0.23676800 0.16727700
vt 0.22837100 0.16645000
vt 0.21993300 0.16645000
vt 0.21153600 0.16727700
vt 0.20326100 0.16892400
vt 0.19518600 0.17137300
vt 0.18739100 0.17460200
vt 0.17994900 0.17858000
vt 0.17293400 0.18326700
vt 0.16641100 0.18862000
vt 0.16044500 0.19458600
vt 0.15509200 0.20110900
vt 0.15040400 0.20812500
vt 0.14642700 0.21556600
vt 0.14319800 0.22336100
vt 0.14074900 0.23143600
vt 0.13910200 0.23971100
vt 0.13827600 0.24810900
vt 0.13827600 0.25654600
vt 0.13910300 0.26494300
vt 0.14074900 0.27321900
vt 0.14319800 0.28129300
vt 0.14642700 0.28908900
vt 0.15040500 0.29653000
vt 0.15509200 0.30354600
vt 0.16044500 0.31006800
vt 0.16641200 0.31603500
vt 0.17293400 0.32138700
vt 0.17995000 0.32607500
vt 0.18739100 0.33005300
vt 0.19518700 0.33328200
vt 0.20326100 0.33573100
vt 0.21153700 0.33737700
vt 0.21993400 0.33820400
vt 0.22837100 0.33820400
vt 0.23676800 0.33737700
vt 0.24504400 0.33573100
vt 0.25311800 0.33328200
vt 0.26091400 0.33005300
vt 0.26835500 0.32607500
vt 0.27537100 0.32138700
vt 0.28189300 0.31603500
vt 0.28786000 0.31006800
vt 0.29321200 0.30354600
vt 0.29790000 0.29653000
vt 0.30187800 0.28908900
vt 0.30510700 0.28129300
vt 0.30755600 0.27321900
vt 0.30920200 0.26494300
vt 0.31002900 0.25654600
f 1/1/1 2/2/2 3/3/3
f 1/1/1 3/3/3 4/4/4
f 4/4/4 3/3/3 5/5/5
f 4/4/4 5/5/5 6/6/6
f 6/6/6 5/5/5 7/7/7
f 6/6/6 7/7/7 8/8/8
f 8/8/8 7/7/7 9/9/9
f 8/8/8 9/9/9 10/10/10
f 10/10/10 9/9/9 11/11/11
f 10/10/10 11/11/11 12/12/12
f 12/12/12 11/11/11 13/13/13
f 12/12/12 13/13/13 14/14/14
f 14/14/14 13/13/13 15/15/15
f 14/14/14 15/15/15 16/16/16
f 16/16/16 15/15/15 17/17/17
f 16/16/16 17/17/17 18/18/18
f 18/18/18 17/17/17 19/19/19
f 18/18/18 19/19/19 20/20/20
f 20/20/20 19/19/19 21/21/21
f 20/20/20 21/21/21 22/22/22
f 22/22/22 21/21/21 23/23/23
f 22/22/22 23/23/23 24/24/24
f 24/24/24 23/23/23 25/25/25
f 24/24/24 25/25/25 26/26/26
f 26/26/26 25/25/25 27/27/27
f 26/26/26 27/27/27 28/28/28
f 28/28/28 27/27/27 29/29/29
f 28/28/28 29/29/29 30/30/30
f 30/30/30 29/29/29 31/31/31
f 30/30/30 31/31/31 32/32/32
f 33/33/33 34/34/34 35/35/35
f 33/33/33 35/35/35 36/36/36
f 36/36/36 35/35/35 37/37/37
f 36/36/36 37/37/37 38/38/38
f 38/38/38 37/37/37 39/39/39
f 38/38/38 39/39/39 40/40/40
f 40/40/40 39/39/39 41/41/41
f 40/40/40 41/41/41 42/42/42
f 42/42/42 41/41/41 43/43/43
f 42/42/42 43/43/43 44/44/44
f 44/44/44 43/43/43 45/45/45
f 44/44/44 45/45/45 46/46/46
f 46/46/46 45/45/45 47/47/47
f 46/46/46 47/47/47 48/48/48
f 48/48/48 47/47/47 49/49/49
f 48/48/48 49/49/49 50/50/50
f 50/50/50 49/49/49 51/51/51
f 50/50/50 51/51/51 52/52/52
f 52/52/52 51/51/51 53/53/53
f 52/52/52 53/53/53 54/54/54
f 54/54/54 53/53/53 55/55/55
f 54/54/54 55/55/55 56/56/56
f 56/56/56 55/55/55 57/57/57
f 56/56/56 57/57/57 58/58/58
f 58/58/58 57/57/57 59/59/59
f 58/58/58 59/59/59 60/60/60
f 60/60/60 59/59/59 61/61/61
f 60/60/60 61/61/61 62/62/62
f 62/62/62 61/61/61 63/63/63
f 62/62/62 63/63/63 64/64/64
f 64/64/64 63/63/63 65/65/65
f 64/64/64 65/65/65 66/66/66
f 67/67/67 68/68/68 69/69/69
f 67/67/67 69/69/69 70/70/70
f 70/70/70 69/69/69 71/71/71
f 70/70/70 71/71/71 72/72/72
f 72/72/72 71/71/71 73/73/73
f 72/72/72 73/73/73 74/74/74
f 74/74/74 73/73/73 75/75/75
f 74/74/74 75/75/75 76/76/76
f 76/76/76 75/75/75 77/77/77
f 76/76/76 77/77/77 78/78/78
f 78/78/78 77/77/77 79/79/79
f 78/78/78 79/79/79 80/80/80
f 80/80/80 79/79/79 81/81/81
f 80/80/80 81/81/81 82/82/82
f 82/82/82 81/81/81 83/83/83
f 82/82/82 83/83/83 84/84/84
f 84/84/84 83/83/83 85/85/85
f 84/84/84 85/85/85 86/86/86
f 86/86/86 85/85/85 87/87/87
f 86/86/86 87/87/87 88/88/88
f 88/88/88 87/87/87 89/89/89
f 88/88/88 89/89/89 90/90/90
f 90/90/90 89/89/89 91/91/91
f 90/90/90 91/91/91 92/92/92
f 92/92/92 91/91/91 93/93/93
f 92/92/92 93/93/93 94/94/94
f 94/94/94 93/93/93 95/95/95
f 94/94/94 95/95/95 96/96/96
f 96/96/96 95/95/95 97/97/97
f 96/96/96 97/97/97 98/98/98
f 98/98/98 97/97/97 99/99/99
f 98/98/98 99/99/99 100/100/100
f 101/101/101 102/102/102 103/103/103
f 101/101/101 103/103/103 104/104/104
f 104/104/104 103/103/103 105/105/105
f 104/104/104 105/105/105 106/106/106
f 106/106/106 105/105/105 107/107/107
f 106/106/106 107/107/107 108/108/108
f 108/108/108 107/107/107 109/109/109
f 108/108/108 109/109/109 110/110/110
f 110/110/110 109/109/109 111/111/111
f 110/110/110 111/111/111 112/112/112
f 112/112/112 111/111/111 113/113/113
f 112/112/112 113/113/113 114/114/114
f 114/114/114 113/113/113 115/115/115
f 114/114/114 115/115/115 116/116/116
f 116/116/116 115/115/115 117/117/117
f 116/116/116 117/117/117 118/118/118
f 118/118/118 117/117/117 119/119/119
f 118/118/118 119/119/119 120/120/120
f 120/120/120 119/119/119 121/121/121
f 120/120/120 121/121/121 122/122/122
f 122/122/122 121/121/121 123/123/123
f 122/122/122 123/123/123 124/124/124
f 124/124/124 123/123/123 125/125/125
f 124/124/124 125/125/125 126/126/126
f 126/126/126 125/125/125 127/127/127
f 126/126/126 127/127/127 128/128/128
f 128/128/128 127/127/127 129/129/129
f 128/128/128 129/129/129 130/130/130
f 130/130/130 129/129/129 131/131/131
f 130/130/130 131/131/131 132/132/132
f 133/133/133 134/134/134 135/135/135
f 133/133/133 135/135/135 136/136/136
f 132/132/132 131/131/131 137/137/137
f 132/132/132 137/137/137 138/138/138
f 138/138/138 137/137/137 139/139/139
f 138/138/138 139/139/139 140/140/140
f 141/141/141 142/142/142 143/143/143
f 141/141/141 143/143/143 144/144/144
f 145/145/145 147/147/147 151/151/151
f 145/145/145 151/151/151 152/152/152
f 148/148/148 154/154/154 156/156/156
f 149/149/149 156/156/156 150/150/150
f 155/155/155 160/160/160 161/161/161
f 155/155/155 163/163/163 157/157/157
f 159/159/159 164/164/164 168/168/168
f 158/158/158 168/168/168 162/162/162
f 166/166/166 169/169/169 171/171/171
f 165/165/165 172/172/172 167/167/167
f 170/170/170 175/175/175 176/176/176
f 170/170/170 176/176/176 173/173/173
f 174/174/174 178/178/178 180/180/180
f 174/174/174 181/181/181 177/177/177
f 179/179/179 183/183/183 186/186/186
f 179/179/179 186/186/186 182/182/182
f 184/184/184 187/187/187 191/191/191
f 184/184/184 190/190/190 185/185/185
f 188/188/188 194/194/194 196/196/196
f 189/189/189 196/196/196 192/192/192
f 193/193/193 199/199/199 201/201/201
f 193/193/193 201/201/201 195/195/195
f 197/197/197 202/202/202 206/206/206
f 198/198/198 205/205/205 200/200/200
f 203/203/203 207/207/207 211/211/211
f 203/203/203 211/211/211 204/204/204
f 208/208/208 212/212/212 215/215/215
f 209/209/209 216/216/216 210/210/210
f 213/213/213 217/217/217 220/220/220
f 214/214/214 221/221/221 216/216/216
f 218/218/218 223/223/223 225/225/225
f 218/218/218 225/225/225 219/219/219
f 223/223/223 226/226/226 230/230/230
f 222/222/222 229/229/229 224/224/224
f 228/228/228 233/233/233 237/237/237
f 227/227/227 236/236/236 231/231/231
f 234/234/234 238/238/238 240/240/240
f 232/232/232 241/241/241 235/235/235
f 239/239/239 243/243/243 246/246/246
f 239/239/239 246/246/246 242/242/242
f 244/244/244 247/247/247 249/249/249
f 244/244/244 250/250/250 245/245/245
f 248/248/248 252/252/252 254/254/254
f 248/248/248 254/254/254 251/251/251
f 253/253/253 257/257/257 259/259/259
f 253/253/253 259/259/259 255/255/255
f 256/256/256 260/260/260 262/262/262
f 256/256/256 262/262/262 258/258/258
f 261/261/261 265/265/265 268/268/268
f 261/261/261 268/268/268 263/263/263
f 266/266/266 270/270/270 271/271/271
f 264/264/264 271/271/271 267/267/267
f 269/269/269 273/273/273 276/276/276
f 269/269/269 276/276/276 272/272/272
f 274/274/274 279/279/279 282/282/282
f 275/275/275 282/282/282 277/277/277
f 280/280/280 283/283/283 286/286/286
f 278/278/278 287/287/287 281/281/281
f 285/285/285 290/290/290 293/293/293
f 284/284/284 293/293/293 288/288/288
f 289/289/289 295/295/295 298/298/298
f 291/291/291 299/299/299 292/292/292
f 294/294/294 301/301/301 303/303/303
f 296/296/296 303/303/303 297/297/297
f 301/301/301 305/305/305 308/308/308
f 300/300/300 308/308/308 302/302/302
f 304/304/304 310/310/310 311/311/311
f 306/306/306 311/311/311 307/307/307
f 309/309/309 313/313/313 316/316/316
f 309/309/309 317/317/317 312/312/312
f 314/314/314 320/320/320 321/321/321
f 315/315/315 321/321/321 318/318/318
f 319/319/319 323/323/323 325/325/325
f 319/319/319 325/325/325 322/322/322
f 324/324/324 327/327/327 329/329/329
f 324/324/324 329/329/329 326/326/326
f 328/328/328 331/331/331 334/334/334
f 328/328/328 335/335/335 330/330/330
f 332/332/332 336/336/336 338/338/338
f 332/332/332 338/338/338 333/333/333
f 337/337/337 341/341/341 344/344/344
f 337/337/337 344/344/344 339/339/339
f 342/342/342 346/346/346 347/347/347
f 340/340/340 349/349/349 343/343/343
f 345/345/345 352/352/352 354/354/354
f 345/345/345 354/354/354 348/348/348
f 351/351/351 356/356/356 357/357/357
f 350/350/350 357/357/357 353/353/353
f 355/355/355 359/359/359 362/362/362
f 355/355/355 363/363/363 358/358/358
f 360/360/360 365/365/365 369/369/369
f 361/361/361 367/367/367 364/364/364
f 366/366/366 370/370/370 373/373/373
f 366/366/366 372/372/372 368/368/368
f 370/370/370 375/375/375 377/377/377
f 371/371/371 377/377/377 374/374/374
f 376/376/376 381/381/381 382/382/382
f 376/376/376 382/382/382 378/378/378
f 379/379/379 384/384/384 387/387/387
f 380/380/380 389/389/389 383/383/383
f 386/386/386 392/392/392 394/394/394
f 385/385/385 395/395/395 388/388/388
f 391/391/391 396/396/396 399/399/399
f 390/390/390 399/399/399 393/393/393
f 397/397/397 401/401/401 402/402/402
f 397/397/397 403/403/403 398/398/398
f 400/400/400 406/406/406 408/408/408
f 400/400/400 408/408/408 404/404/404
f 405/405/405 410/410/410 412/412/412
f 406/406/406 413/413/413 407/407/407
f 409/409/409 415/415/415 416/416/416
f 409/409/409 416/416/416 411/411/411
f 414/414/414 419/419/419 421/421/421
f 414/414/414 421/421/421 417/417/417
f 420/420/420 423/423/423 426/426/426
f 418/418/418 426/426/426 422/422/422
f 424/424/424 429/429/429 432/432/432
f 425/425/425 431/431/431 427/427/427
f 428/428/428 433/433/433 435/435/435
f 428/428/428 435/435/435 430/430/430
f 434/434/434 437/437/437 441/441/441
f 434/434/434 441/441/441 436/436/436
f 439/439/439 443/443/443 445/445/445
f 438/438/438 445/445/445 440/440/440
f 442/442/442 446/446/446 448/448/448
f 442/442/442 449/449/449 444/444/444
f 447/447/447 146/146/146 153/153/153
f 447/447/447 153/153/153 450/450/450
f 451/451/451 452/452/452 453/453/453
f 451/451/451 453/453/453 454/454/454
f 455/455/455 133/133/133 136/136/136
f 455/455/455 136/136/136 456/456/456
f 457/457/457 451/451/451 454/454/454
f 457/457/457 454/454/454 458/458/458
f 459/459/459 455/455/455 456/456/456
f 459/459/459 456/456/456 460/460/460
f 461/461/461 457/457/457 458/458/458
f 461/461/461 458/458/458 462/462/462
f 463/463/463 459/459/459 460/460/460
f 463/463/463 460/460/460 464/464/464
f 465/465/465 461/461/461 462/462/462
f 465/465/465 462/462/462 466/466/466
f 467/467/467 463/463/463 464/464/464
f 467/467/467 464/464/464 468/468/468
f 469/469/469 465/465/465 466/466/466
f 469/469/469 466/466/466 470/470/470
f 471/471/471 472/472/472 473/473/473
f 471/471/471 473/473/473 474/474/474
f 475/475/475 469/469/469 470/470/470
f 475/475/475 470/470/470 476/476/476
f 477/477/477 471/471/471 474/474/474
f 477/477/477 474/474/474 478/478/478
f 479/479/479 475/475/475 476/476/476
f 479/479/479 476/476/476 480/480/480
f 481/481/481 477/477/477 478/478/478
f 481/481/481 478/478/478 482/482/482
f 483/483/483 479/479/479 480/480/480
f 483/483/483 480/480/480 484/484/484
f 485/485/485 481/481/481 482/482/482
f 485/485/485 482/482/482 486/486/486
f 487/487/487 483/483/483 484/484/484
f 487/487/487 484/484/484 488/488/488
f 489/489/489 485/485/485 486/486/486
f 489/489/489 486/486/486 490/490/490
f 491/491/491 487/487/487 488/488/488
f 491/491/491 488/488/488 492/492/492
f 493/493/493 489/489/489 490/490/490
f 493/493/493 490/490/490 494/494/494
f 495/495/495 496/496/496 497/497/497
f 495/495/495 497/497/497 498/498/498
f 499/499/499 493/493/493 494/494/494
f 499/499/499 494/494/494 500/500/500
f 501/501/501 495/495/495 498/498/498
f 501/501/501 498/498/498 502/502/502
f 503/503/503 499/499/499 500/500/500
f 503/503/503 500/500/500 504/504/504
f 505/505/505 501/501/501 502/502/502
f 505/505/505 502/502/502 506/506/506
f 507/507/507 503/503/503 504/504/504
f 507/507/507 504/504/504 508/508/508
f 509/509/509 505/505/505 506/506/506
f 509/509/509 506/506/506 510/510/510
f 511/511/511 507/507/507 508/508/508
f 511/511/511 508/508/508 512/512/512
f 513/513/513 509/509/509 510/510/510
f 513/513/513 510/510/510 514/514/514
f 515/515/515 511/511/511 512/512/512
f 515/515/515 512/512/512 516/516/516
f 517/517/517 518/518/518 519/519/519
f 517/517/517 519/519/519 520/520/520
f 521/521/521 513/513/513 514/514/514
f 521/521/521 514/514/514 522/522/522
f 523/523/523 515/515/515 516/516/516
f 523/523/523 516/516/516 524/524/524
f 525/525/525 517/517/517 520/520/520
f 525/525/525 520/520/520 526/526/526
f 527/527/527 521/521/521 522/522/522
f 527/527/527 522/522/522 528/528/528
f 529/529/529 523/523/523 524/524/524
f 529/529/529 524/524/524 530/530/530
f 531/531/531 525/525/525 526/526/526
f 531/531/531 526/526/526 532/532/532
f 533/533/533 527/527/527 528/528/528
f 533/533/533 528/528/528 534/534/534
f 535/535/535 529/529/529 530/530/530
f 535/535/535 530/530/530 536/536/536
f 537/537/537 531/531/531 532/532/532
f 537/537/537 532/532/532 538/538/538
f 539/539/539 533/533/533 534/534/534
f 539/539/539 534/534/534 540/540/540
f 541/541/541 535/535/535 536/536/536
f 541/541/541 536/536/536 542/542/542
f 543/543/543 537/537/537 538/538/538
f 543/543/543 538/538/538 544/544/544
f 545/545/545 539/539/539 540/540/540
f 545/545/545 540/540/540 546/546/546
f 547/547/547 541/541/541 542/542/542
f 547/547/547 542/542/542 548/548/548
f 549/549/549 543/543/543 544/544/544
f 549/549/549 544/544/544 550/550/550
f 551/551/551 545/545/545 546/546/546
f 551/551/551 546/546/546 552/552/552
f 553/553/553 554/554/554 555/555/555
f 553/553/553 555/555/555 556/556/556
f 557/557/557 549/549/549 550/550/550
f 557/557/557 550/550/550 558/558/558
f 559/559/559 551/551/551 552/552/552
f 559/559/559 552/552/552 560/560/560
f 561/561/561 553/553/553 556/556/556
f 561/561/561 556/556/556 562/562/562
f 563/563/563 557/557/557 558/558/558
f 563/563/563 558/558/558 564/564/564
f 565/565/565 559/559/559 560/560/560
f 565/565/565 560/560/560 566/566/566
f 567/567/567 561/561/561 562/562/562
f 567/567/567 562/562/562 568/568/568
f 569/569/569 563/563/563 564/564/564
f 569/569/569 564/564/564 570/570/570
f 571/571/571 565/565/565 566/566/566
f 571/571/571 566/566/566 572/572/572
f 573/573/573 567/567/567 568/568/568
f 573/573/573 568/568/568 574/574/574
f 575/575/575 569/569/569 570/570/570
f 575/575/575 570/570/570 576/576/576
f 577/577/577 571/571/571 572/572/572
f 577/577/577 572/572/572 578/578/578
f 579/579/579 573/573/573 574/574/574
f 579/579/579 574/574/574 580/580/580
f 134/134/134 575/575/575 576/576/576
f 134/134/134 576/576/576 135/135/135
f 581/581/581 577/577/577 578/578/578
f 581/581/581 578/578/578 582/582/582
f 452/452/452 579/579/579 580/580/580
f 452/452/452 580/580/580 453/453/453
f 583/583/583 586/586/586 589/589/589
f 584/584/584 590/590/590 591/591/591
f 593/593/593 585/585/585 592/592/592
f 593/593/593 592/592/592 596/596/596
f 597/597/597 594/594/594 595/595/595
f 597/597/597 595/595/595 599/599/599
f 601/601/601 598/598/598 600/600/600
f 602/602/602 600/600/600 604/604/604
f 607/607/607 603/603/603 605/605/605
f 607/607/607 606/606/606 609/609/609
f 611/611/611 608/608/608 610/610/610
f 611/611/611 610/610/610 613/613/613
f 616/616/616 612/612/612 614/614/614
f 616/616/616 615/615/615 618/618/618
f 620/620/620 617/617/617 619/619/619
f 620/620/620 619/619/619 622/622/622
f 626/626/626 621/621/621 623/623/623
f 627/627/627 624/624/624 630/630/630
f 631/631/631 625/625/625 628/628/628
f 632/632/632 629/629/629 633/633/633
f 636/636/636 632/632/632 634/634/634
f 637/637/637 634/634/634 639/639/639
f 640/640/640 635/635/635 638/638/638
f 640/640/640 638/638/638 643/643/643
f 645/645/645 641/641/641 644/644/644
f 646/646/646 642/642/642 649/649/649
f 651/651/651 647/647/647 648/648/648
f 651/651/651 650/650/650 654/654/654
f 658/658/658 652/652/652 653/653/653
f 657/657/657 655/655/655 660/660/660
f 661/661/661 656/656/656 659/659/659
f 661/661/661 659/659/659 663/663/663
f 665/665/665 661/661/661 664/664/664
f 666/666/666 662/662/662 668/668/668
f 670/670/670 667/667/667 669/669/669
f 670/670/670 669/669/669 673/673/673
f 676/676/676 671/671/671 674/674/674
f 675/675/675 672/672/672 678/678/678
f 680/680/680 677/677/677 679/679/679
f 681/681/681 679/679/679 683/683/683
f 688/688/688 682/682/682 684/684/684
f 686/686/686 685/685/685 689/689/689
f 691/691/691 687/687/687 690/690/690
f 692/692/692 690/690/690 695/695/695
f 696/696/696 693/693/693 694/694/694
f 696/696/696 694/694/694 700/700/700
f 701/701/701 697/697/697 698/698/698
f 702/702/702 699/699/699 704/704/704
f 709/709/709 703/703/703 705/705/705
f 707/707/707 706/706/706 710/710/710
f 713/713/713 708/708/708 711/711/711
f 714/714/714 712/712/712 717/717/717
f 718/718/718 715/715/715 716/716/716
f 719/719/719 716/716/716 721/721/721
f 724/724/724 720/720/720 722/722/722
f 724/724/724 722/722/722 725/725/725
f 729/729/729 723/723/723 726/726/726
f 730/730/730 727/727/727 732/732/732
f 733/733/733 728/728/728 731/731/731
f 733/733/733 731/731/731 735/735/735
f 738/738/738 734/734/734 736/736/736
f 739/739/739 737/737/737 743/743/743
f 744/744/744 740/740/740 742/742/742
f 746/746/746 741/741/741 747/747/747
f 751/751/751 745/745/745 748/748/748
f 752/752/752 749/749/749 754/754/754
f 755/755/755 750/750/750 753/753/753
f 755/755/755 753/753/753 757/757/757
f 759/759/759 756/756/756 758/758/758
f 760/760/760 758/758/758 761/761/761
f 763/763/763 759/759/759 762/762/762
f 763/763/763 762/762/762 766/766/766
f 767/767/767 764/764/764 765/765/765
f 767/767/767 765/765/765 768/768/768
f 770/770/770 767/767/767 768/768/768
f 770/770/770 769/769/769 772/772/772
f 775/775/775 771/771/771 773/773/773
f 776/776/776 774/774/774 778/778/778
f 780/780/780 777/777/777 779/779/779
f 780/780/780 779/779/779 782/782/782
f 784/784/784 780/780/780 782/782/782
f 785/785/785 781/781/781 786/786/786
f 790/790/790 783/783/783 787/787/787
f 789/789/789 788/788/788 792/792/792
f 793/793/793 789/789/789 792/792/792
f 794/794/794 791/791/791 796/796/796
f 798/798/798 795/795/795 797/797/797
f 798/798/798 797/797/797 800/800/800
f 803/803/803 799/799/799 801/801/801
f 804/804/804 802/802/802 807/807/807
f 809/809/809 805/805/805 806/806/806
f 809/809/809 806/806/806 810/810/810
f 813/813/813 808/808/808 811/811/811
f 813/813/813 812/812/812 815/815/815
f 820/820/820 814/814/814 816/816/816
f 819/819/819 817/817/817 822/822/822
f 823/823/823 818/818/818 821/821/821
f 823/823/823 821/821/821 825/825/825
f 829/829/829 824/824/824 826/826/826
f 828/828/828 826/826/826 830/830/830
f 833/833/833 827/827/827 831/831/831
f 834/834/834 832/832/832 837/837/837
f 838/838/838 835/835/835 836/836/836
f 838/838/838 836/836/836 841/841/841
f 842/842/842 839/839/839 840/840/840
f 843/843/843 840/840/840 844/844/844
f 845/845/845 843/843/843 844/844/844
f 845/845/845 844/844/844 847/847/847
f 850/850/850 846/846/846 848/848/848
f 850/850/850 848/848/848 852/852/852
f 854/854/854 849/849/849 853/853/853
f 856/856/856 851/851/851 857/857/857
f 859/859/859 855/855/855 858/858/858
f 859/859/859 858/858/858 861/861/861
f 865/865/865 860/860/860 862/862/862
f 864/864/864 863/863/863 868/868/868
f 871/871/871 865/865/865 867/867/867
f 869/869/869 866/866/866 872/872/872
f 875/875/875 870/870/870 873/873/873
f 875/875/875 874/874/874 877/877/877
f 879/879/879 876/876/876 878/878/878
f 879/879/879 878/878/878 881/881/881
f 884/884/884 880/880/880 882/882/882
f 884/884/884 882/882/882 887/887/887
f 890/890/890 883/883/883 886/886/886
f 888/888/888 885/885/885 892/892/892
f 587/587/587 889/889/889 891/891/891
f 587/587/587 891/891/891 588/588/588
f 893/893/893 894/894/894 895/895/895
f 893/893/893 895/895/895 896/896/896
f 142/142/142 897/897/897 898/898/898
f 142/142/142 898/898/898 143/143/143
f 894/894/894 899/899/899 900/900/900
f 894/894/894 900/900/900 895/895/895
f 897/897/897 901/901/901 902/902/902
f 897/897/897 902/902/902 898/898/898
f 899/899/899 903/903/903 904/904/904
f 899/899/899 904/904/904 900/900/900
f 901/901/901 905/905/905 906/906/906
f 901/901/901 906/906/906 902/902/902
f 903/903/903 907/907/907 908/908/908
f 903/903/903 908/908/908 904/904/904
f 905/905/905 909/909/909 910/910/910
f 905/905/905 910/910/910 906/906/906
f 911/911/911 912/912/912 913/913/913
f 911/911/911 913/913/913 914/914/914
f 909/909/909 915/915/915 916/916/916
f 909/909/909 916/916/916 910/910/910
f 912/912/912 917/917/917 918/918/918
f 912/912/912 918/918/918 913/913/913
f 915/915/915 919/919/919 920/920/920
f 915/915/915 920/920/920 916/916/916
f 917/917/917 921/921/921 922/922/922
f 917/917/917 922/922/922 918/918/918
f 919/919/919 923/923/923 924/924/924
f 919/919/919 924/924/924 920/920/920
f 921/921/921 925/925/925 926/926/926
f 921/921/921 926/926/926 922/922/922
f 923/923/923 927/927/927 928/928/928
f 923/923/923 928/928/928 924/924/924
f 925/925/925 929/929/929 930/930/930
f 925/925/925 930/930/930 926/926/926
f 927/927/927 931/931/931 932/932/932
f 927/927/927 932/932/932 928/928/928
f 933/933/933 934/934/934 935/935/935
f 933/933/933 935/935/935 936/936/936
f 929/929/929 937/937/937 938/938/938
f 929/929/929 938/938/938 930/930/930
f 931/931/931 939/939/939 940/940/940
f 931/931/931 940/940/940 932/932/932
f 934/934/934 941/941/941 942/942/942
f 934/934/934 942/942/942 935/935/935
f 937/937/937 943/943/943 944/944/944
f 937/937/937 944/944/944 938/938/938
f 939/939/939 945/945/945 946/946/946
f 939/939/939 946/946/946 940/940/940
f 941/941/941 947/947/947 948/948/948
f 941/941/941 948/948/948 942/942/942
f 943/943/943 949/949/949 950/950/950
f 943/943/943 950/950/950 944/944/944
f 945/945/945 951/951/951 952/952/952
f 945/945/945 952/952/952 946/946/946
f 947/947/947 953/953/953 954/954/954
f 947/947/947 954/954/954 948/948/948
f 949/949/949 955/955/955 956/956/956
f 949/949/949 956/956/956 950/950/950
f 951/951/951 957/957/957 958/958/958
f 951/951/951 958/958/958 952/952/952
f 953/953/953 959/959/959 960/960/960
f 953/953/953 960/960/960 954/954/954
f 955/955/955 961/961/961 962/962/962
f 955/955/955 962/962/962 956/956/956
f 963/963/963 964/964/964 965/965/965
f 963/963/963 965/965/965 966/966/966
f 959/959/959 967/967/967 968/968/968
f 959/959/959 968/968/968 960/960/960
f 961/961/961 969/969/969 970/970/970
f 961/961/961 970/970/970 962/962/962
f 964/964/964 971/971/971 972/972/972
f 964/964/964 972/972/972 965/965/965
f 967/967/967 973/973/973 974/974/974
f 967/967/967 974/974/974 968/968/968
f 969/969/969 975/975/975 976/976/976
f 969/969/969 976/976/976 970/970/970
f 971/971/971 977/977/977 978/978/978
f 971/971/971 978/978/978 972/972/972
f 973/973/973 979/979/979 980/980/980
f 973/973/973 980/980/980 974/974/974
f 975/975/975 981/981/981 982/982/982
f 975/975/975 982/982/982 976/976/976
f 977/977/977 983/983/983 984/984/984
f 977/977/977 984/984/984 978/978/978
f 979/979/979 985/985/985 986/986/986
f 979/979/979 986/986/986 980/980/980
f 981/981/981 987/987/987 988/988/988
f 981/981/981 988/988/988 982/982/982
f 983/983/983 989/989/989 990/990/990
f 983/983/983 990/990/990 984/984/984
f 985/985/985 991/991/991 992/992/992
f 985/985/985 992/992/992 986/986/986
f 987/987/987 993/993/993 994/994/994
f 987/987/987 994/994/994 988/988/988
f 989/989/989 995/995/995 996/996/996
f 989/989/989 996/996/996 990/990/990
f 991/991/991 997/997/997 998/998/998
f 991/991/991 998/998/998 992/992/992
f 999/999/999 933/933/933 936/936/936
f 999/999/999 936/936/936 1000/1000/1000
f 995/995/995 1001/1001/1001 1002/1002/1002
f 995/995/995 1002/1002/1002 996/996/996
f 997/997/997 1003/1003/1003 1004/1004/1004
f 997/997/997 1004/1004/1004 998/998/998
f 1001/1001/1001 1005/1005/1005 1006/1006/1006
f 1001/1001/1001 1006/1006/1006 1002/1002/1002
f 1003/1003/1003 1007/1007/1007 1008/1008/1008
f 1003/1003/1003 1008/1008/1008 1004/1004/1004
f 1005/1005/1005 1009/1009/1009 1010/1010/1010
f 1005/1005/1005 1010/1010/1010 1006/1006/1006
f 1007/1007/1007 1011/1011/1011 1012/1012/1012
f 1007/1007/1007 1012/1012/1012 1008/1008/1008
f 1009/1009/1009 1013/1013/1013 1014/1014/1014
f 1009/1009/1009 1014/1014/1014 1010/1010/1010
f 1011/1011/1011 1015/1015/1015 1016/1016/1016
f 1011/1011/1011 1016/1016/1016 1012/1012/1012
f 1013/1013/1013 1017/1017/1017 1018/1018/1018
f 1013/1013/1013 1018/1018/1018 1014/1014/1014
f 1015/1015/1015 1019/1019/1019 1020/1020/1020
f 1015/1015/1015 1020/1020/1020 1016/1016/1016
f 1017/1017/1017 1021/1021/1021 1022/1022/1022
f 1017/1017/1017 1022/1022/1022 1018/1018/1018
f 1023/1023/1023 141/141/141 144/144/144
f 1023/1023/1023 144/144/144 1024/1024/1024
f 1021/1021/1021 893/893/893 896/896/896
f 1021/1021/1021 896/896/896 1022/1022/1022
f 1025/1025/1025 1026/1026/1026 1027/1027/1027
f 1025/1025/1025 1027/1027/1027 1028/1028/1028
f 1028/1028/1028 1027/1027/1027 1029/1029/1029
f 1028/1028/1028 1029/1029/1029 1030/1030/1030
f 1030/1030/1030 1029/1029/1029 1031/1031/1031
f 1030/1030/1030 1031/1031/1031 1032/1032/1032
f 1032/1032/1032 1031/1031/1031 1033/1033/1033
f 1032/1032/1032 1033/1033/1033 1034/1034/1034
f 1034/1034/1034 1033/1033/1033 1035/1035/1035
f 1034/1034/1034 1035/1035/1035 1036/1036/1036
f 1036/1036/1036 1035/1035/1035 1037/1037/1037
f 1036/1036/1036 1037/1037/1037 1038/1038/1038
f 1038/1038/1038 1037/1037/1037 1039/1039/1039
f 1038/1038/1038 1039/1039/1039 1040/1040/1040
f 1040/1040/1040 1039/1039/1039 1041/1041/1041
f 1040/1040/1040 1041/1041/1041 1042/1042/1042
f 1042/1042/1042 1041/1041/1041 1043/1043/1043
f 1042/1042/1042 1043/1043/1043 1044/1044/1044
f 1044/1044/1044 1043/1043/1043 1045/1045/1045
f 1044/1044/1044 1045/1045/1045 1046/1046/1046
f 1046/1046/1046 1045/1045/1045 1047/1047/1047
f 1046/1046/1046 1047/1047/1047 1048/1048/1048
f 1048/1048/1048 1047/1047/1047 1049/1049/1049
f 1048/1048/1048 1049/1049/1049 1050/1050/1050
f 1050/1050/1050 1049/1049/1049 1051/1051/1051
f 1050/1050/1050 1051/1051/1051 1052/1052/1052
f 1052/1052/1052 1051/1051/1051 1053/1053/1053
f 1052/1052/1052 1053/1053/1053 1054/1054/1054
f 1054/1054/1054 1053/1053/1053 1055/1055/1055
f 1054/1054/1054 1055/1055/1055 1056/1056/1056
f 1057/1057/1057 1058/1058/1058 1059/1059/1059
f 1057/1057/1057 1059/1059/1059 1060/1060/1060
f 1060/1060/1060 1059/1059/1059 1061/1061/1061
f 1060/1060/1060 1061/1061/1061 1062/1062/1062
f 1062/1062/1062 1061/1061/1061 1063/1063/1063
f 1062/1062/1062 1063/1063/1063 1064/1064/1064
f 1064/1064/1064 1063/1063/1063 1065/1065/1065
f 1064/1064/1064 1065/1065/1065 1066/1066/1066
f 1066/1066/1066 1065/1065/1065 1067/1067/1067
f 1066/1066/1066 1067/1067/1067 1068/1068/1068
f 1068/1068/1068 1067/1067/1067 1069/1069/1069
f 1068/1068/1068 1069/1069/1069 1070/1070/1070
f 1070/1070/1070 1069/1069/1069 1071/1071/1071
f 1070/1070/1070 1071/1071/1071 1072/1072/1072
f 1072/1072/1072 1071/1071/1071 1073/1073/1073
f 1072/1072/1072 1073/1073/1073 1074/1074/1074
f 1074/1074/1074 1073/1073/1073 1075/1075/1075
f 1074/1074/1074 1075/1075/1075 1076/1076/1076
f 1076/1076/1076 1075/1075/1075 1077/1077/1077
f 1076/1076/1076 1077/1077/1077 1078/1078/1078
f 1078/1078/1078 1077/1077/1077 1079/1079/1079
f 1078/1078/1078 1079/1079/1079 1080/1080/1080
f 1080/1080/1080 1079/1079/1079 1081/1081/1081
f 1080/1080/1080 1081/1081/1081 1082/1082/1082
f 1082/1082/1082 1081/1081/1081 1083/1083/1083
f 1082/1082/1082 1083/1083/1083 1084/1084/1084
f 1084/1084/1084 1083/1083/1083 1085/1085/1085
f 1084/1084/1084 1085/1085/1085 1086/1086/1086
f 1086/1086/1086 1085/1085/1085 1087/1087/1087
f 1086/1086/1086 1087/1087/1087 1088/1088/1088
f 1088/1088/1088 1087/1087/1087 1089/1089/1089
f 1088/1088/1088 1089/1089/1089 1090/1090/1090
f 1090/1090/1090 1089/1089/1089 1091/1091/1091
f 1090/1090/1090 1091/1091/1091 1092/1092/1092
f 1093/1093/1093 1094/1094/1094 1095/1095/1095
f 1093/1093/1093 1095/1095/1095 1096/1096/1096
f 1096/1096/1096 1095/1095/1095 1097/1097/1097
f 1096/1096/1096 1097/1097/1097 1098/1098/1098
f 1098/1098/1098 1097/1097/1097 1099/1099/1099
f 1098/1098/1098 1099/1099/1099 1100/1100/1100
f 1100/1100/1100 1099/1099/1099 1101/1101/1101
f 1100/1100/1100 1101/1101/1101 1102/1102/1102
f 1102/1102/1102 1101/1101/1101 1103/1103/1103
f 1102/1102/1102 1103/1103/1103 1104/1104/1104
f 1104/1104/1104 1103/1103/1103 1105/1105/1105
f 1104/1104/1104 1105/1105/1105 1106/1106/1106
f 1106/1106/1106 1105/1105/1105 1107/1107/1107
f 1106/1106/1106 1107/1107/1107 1108/1108/1108
f 1108/1108/1108 1107/1107/1107 1109/1109/1109
f 1108/1108/1108 1109/1109/1109 1110/1110/1110
f 1110/1110/1110 1109/1109/1109 1111/1111/1111
f 1110/1110/1110 1111/1111/1111 1112/1112/1112
f 1112/1112/1112 1111/1111/1111 1113/1113/1113
f 1112/1112/1112 1113/1113/1113 1114/1114/1114
f 1114/1114/1114 1113/1113/1113 1115/1115/1115
f 1114/1114/1114 1115/1115/1115 1116/1116/1116
f 1116/1116/1116 1115/1115/1115 1117/1117/1117
f 1116/1116/1116 1117/1117/1117 1118/1118/1118
f 1118/1118/1118 1117/1117/1117 1119/1119/1119
f 1118/1118/1118 1119/1119/1119 1120/1120/1120
f 1120/1120/1120 1119/1119/1119 1121/1121/1121
f 1120/1120/1120 1121/1121/1121 1122/1122/1122
f 1122/1122/1122 1121/1121/1121 1123/1123/1123
f 1122/1122/1122 1123/1123/1123 1124/1124/1124
f 1125/1125/1125 1126/1126/1126 1127/1127/1127
f 1125/1125/1125 1127/1127/1127 1128/1128/1128
f 1128/1128/1128 1127/1127/1127 1129/1129/1129
f 1128/1128/1128 1129/1129/1129 1130/1130/1130
f 1130/1130/1130 1129/1129/1129 1131/1131/1131
f 1130/1130/1130 1131/1131/1131 1132/1132/1132
f 1132/1132/1132 1131/1131/1131 1133/1133/1133
f 1132/1132/1132 1133/1133/1133 1134/1134/1134
f 1134/1134/1134 1133/1133/1133 1135/1135/1135
f 1134/1134/1134 1135/1135/1135 1136/1136/1136
f 1136/1136/1136 1135/1135/1135 1137/1137/1137
f 1136/1136/1136 1137/1137/1137 1138/1138/1138
f 1138/1138/1138 1137/1137/1137 1139/1139/1139
f 1138/1138/1138 1139/1139/1139 1140/1140/1140
f 1140/1140/1140 1139/1139/1139 1141/1141/1141
f 1140/1140/1140 1141/1141/1141 1142/1142/1142
f 1142/1142/1142 1141/1141/1141 1143/1143/1143
f 1142/1142/1142 1143/1143/1143 1144/1144/1144
f 1144/1144/1144 1143/1143/1143 1145/1145/1145
f 1144/1144/1144 1145/1145/1145 1146/1146/1146
f 1146/1146/1146 1145/1145/1145 1147/1147/1147
f 1146/1146/1146 1147/1147/1147 1148/1148/1148
f 1148/1148/1148 1147/1147/1147 1149/1149/1149
f 1148/1148/1148 1149/1149/1149 1150/1150/1150
f 1150/1150/1150 1149/1149/1149 1151/1151/1151
f 1150/1150/1150 1151/1151/1151 1152/1152/1152
f 1152/1152/1152 1151/1151/1151 1153/1153/1153
f 1152/1152/1152 1153/1153/1153 1154/1154/1154
f 1154/1154/1154 1153/1153/1153 1155/1155/1155
f 1154/1154/1154 1155/1155/1155 1156/1156/1156
f 1157/1157/1157 1158/1158/1158 1159/1159/1159
f 1157/1157/1157 1159/1159/1159 1160/1160/1160
f 1156/1156/1156 1155/1155/1155 1161/1161/1161
f 1156/1156/1156 1161/1161/1161 1162/1162/1162
f 1162/1162/1162 1161/1161/1161 1163/1163/1163
f 1162/1162/1162 1163/1163/1163 1164/1164/1164
f 1165/1165/1165 1166/1166/1166 1167/1167/1167
f 1165/1165/1165 1167/1167/1167 1168/1168/1168
f 1169/1169/1169 1170/1170/1170 1171/1171/1171
f 1169/1169/1169 1171/1171/1171 1172/1172/1172
f 1170/1170/1170 1173/1173/1173 1174/1174/1174
f 1170/1170/1170 1174/1174/1174 1171/1171/1171
f 1173/1173/1173 1175/1175/1175 1176/1176/1176
f 1173/1173/1173 1176/1176/1176 1174/1174/1174
f 1175/1175/1175 1177/1177/1177 1178/1178/1178
f 1175/1175/1175 1178/1178/1178 1176/1176/1176
f 1177/1177/1177 1179/1179/1179 1180/1180/1180
f 1177/1177/1177 1180/1180/1180 1178/1178/1178
f 1179/1179/1179 1181/1181/1181 1182/1182/1182
f 1179/1179/1179 1182/1182/1182 1180/1180/1180
f 1181/1181/1181 1183/1183/1183 1184/1184/1184
f 1181/1181/1181 1184/1184/1184 1182/1182/1182
f 1183/1183/1183 1185/1185/1185 1186/1186/1186
f 1183/1183/1183 1186/1186/1186 1184/1184/1184
f 1185/1185/1185 1187/1187/1187 1188/1188/1188
f 1185/1185/1185 1188/1188/1188 1186/1186/1186
f 1187/1187/1187 1189/1189/1189 1190/1190/1190
f 1187/1187/1187 1190/1190/1190 1188/1188/1188
f 1189/1189/1189 1191/1191/1191 1192/1192/1192
f 1189/1189/1189 1192/1192/1192 1190/1190/1190
f 1191/1191/1191 1193/1193/1193 1194/1194/1194
f 1191/1191/1191 1194/1194/1194 1192/1192/1192
f 1193/1193/1193 1195/1195/1195 1196/1196/1196
f 1193/1193/1193 1196/1196/1196 1194/1194/1194
f 1195/1195/1195 1197/1197/1197 1198/1198/1198
f 1195/1195/1195 1198/1198/1198 1196/1196/1196
f 1197/1197/1197 1199/1199/1199 1200/1200/1200
f 1197/1197/1197 1200/1200/1200 1198/1198/1198
f 1199/1199/1199 1201/1201/1201 1202/1202/1202
f 1199/1199/1199 1202/1202/1202 1200/1200/1200
f 1201/1201/1201 1203/1203/1203 1204/1204/1204
f 1201/1201/1201 1204/1204/1204 1202/1202/1202
f 1203/1203/1203 1205/1205/1205 1206/1206/1206
f 1203/1203/1203 1206/1206/1206 1204/1204/1204
f 1205/1205/1205 1207/1207/1207 1208/1208/1208
f 1205/1205/1205 1208/1208/1208 1206/1206/1206
f 1207/1207/1207 1209/1209/1209 1210/1210/1210
f 1207/1207/1207 1210/1210/1210 1208/1208/1208
f 1209/1209/1209 1211/1211/1211 1212/1212/1212
f 1209/1209/1209 1212/1212/1212 1210/1210/1210
f 1211/1211/1211 1213/1213/1213 1214/1214/1214
f 1211/1211/1211 1214/1214/1214 1212/1212/1212
f 1213/1213/1213 1215/1215/1215 1216/1216/1216
f 1213/1213/1213 1216/1216/1216 1214/1214/1214
f 1215/1215/1215 1217/1217/1217 1218/1218/1218
f 1215/1215/1215 1218/1218/1218 1216/1216/1216
f 1217/1217/1217 1219/1219/1219 1220/1220/1220
f 1217/1217/1217 1220/1220/1220 1218/1218/1218
f 1219/1219/1219 1221/1221/1221 1222/1222/1222
f 1219/1219/1219 1222/1222/1222 1220/1220/1220
f 1221/1221/1221 1223/1223/1223 1224/1224/1224
f 1221/1221/1221 1224/1224/1224 1222/1222/1222
f 1223/1223/1223 1225/1225/1225 1226/1226/1226
f 1223/1223/1223 1226/1226/1226 1224/1224/1224
f 1225/1225/1225 1227/1227/1227 1228/1228/1228
f 1225/1225/1225 1228/1228/1228 1226/1226/1226
f 1227/1227/1227 1229/1229/1229 1230/1230/1230
f 1227/1227/1227 1230/1230/1230 1228/1228/1228
f 1229/1229/1229 1231/1231/1231 1232/1232/1232
f 1229/1229/1229 1232/1232/1232 1230/1230/1230
f 1231/1231/1231 1233/1233/1233 1234/1234/1234
f 1231/1231/1231 1234/1234/1234 1232/1232/1232
f 1233/1233/1233 1235/1235/1235 1236/1236/1236
f 1233/1233/1233 1236/1236/1236 1234/1234/1234
f 1235/1235/1235 1237/1237/1237 1238/1238/1238
f 1235/1235/1235 1238/1238/1238 1236/1236/1236
f 1237/1237/1237 1239/1239/1239 1240/1240/1240
f 1237/1237/1237 1240/1240/1240 1238/1238/1238
f 1239/1239/1239 1241/1241/1241 1242/1242/1242
f 1239/1239/1239 1242/1242/1242 1240/1240/1240
f 1241/1241/1241 1243/1243/1243 1244/1244/1244
f 1241/1241/1241 1244/1244/1244 1242/1242/1242
f 1243/1243/1243 1245/1245/1245 1246/1246/1246
f 1243/1243/1243 1246/1246/1246 1244/1244/1244
f 1245/1245/1245 1247/1247/1247 1248/1248/1248
f 1245/1245/1245 1248/1248/1248 1246/1246/1246
f 1247/1247/1247 1249/1249/1249 1250/1250/1250
f 1247/1247/1247 1250/1250/1250 1248/1248/1248
f 1249/1249/1249 1251/1251/1251 1252/1252/1252
f 1249/1249/1249 1252/1252/1252 1250/1250/1250
f 1251/1251/1251 1253/1253/1253 1254/1254/1254
f 1251/1251/1251 1254/1254/1254 1252/1252/1252
f 1253/1253/1253 1255/1255/1255 1256/1256/1256
f 1253/1253/1253 1256/1256/1256 1254/1254/1254
f 1255/1255/1255 1257/1257/1257 1258/1258/1258
f 1255/1255/1255 1258/1258/1258 1256/1256/1256
f 1257/1257/1257 1259/1259/1259 1260/1260/1260
f 1257/1257/1257 1260/1260/1260 1258/1258/1258
f 1259/1259/1259 1261/1261/1261 1262/1262/1262
f 1259/1259/1259 1262/1262/1262 1260/1260/1260
f 1261/1261/1261 1263/1263/1263 1264/1264/1264
f 1261/1261/1261 1264/1264/1264 1262/1262/1262
f 1263/1263/1263 1265/1265/1265 1266/1266/1266
f 1263/1263/1263 1266/1266/1266 1264/1264/1264
f 1265/1265/1265 1267/1267/1267 1268/1268/1268
f 1265/1265/1265 1268/1268/1268 1266/1266/1266
f 1267/1267/1267 1269/1269/1269 1270/1270/1270
f 1267/1267/1267 1270/1270/1270 1268/1268/1268
f 1269/1269/1269 1271/1271/1271 1272/1272/1272
f 1269/1269/1269 1272/1272/1272 1270/1270/1270
f 1271/1271/1271 1273/1273/1273 1274/1274/1274
f 1271/1271/1271 1274/1274/1274 1272/1272/1272
f 1273/1273/1273 1275/1275/1275 1276/1276/1276
f 1273/1273/1273 1276/1276/1276 1274/1274/1274
f 1275/1275/1275 1277/1277/1277 1278/1278/1278
f 1275/1275/1275 1278/1278/1278 1276/1276/1276
f 1277/1277/1277 1279/1279/1279 1280/1280/1280
f 1277/1277/1277 1280/1280/1280 1278/1278/1278
f 1279/1279/1279 1281/1281/1281 1282/1282/1282
f 1279/1279/1279 1282/1282/1282 1280/1280/1280
f 1281/1281/1281 1283/1283/1283 1284/1284/1284
f 1281/1281/1281 1284/1284/1284 1282/1282/1282
f 1283/1283/1283 1285/1285/1285 1286/1286/1286
f 1283/1283/1283 1286/1286/1286 1284/1284/1284
f 1285/1285/1285 1287/1287/1287 1288/1288/1288
f 1285/1285/1285 1288/1288/1288 1286/1286/1286
f 1287/1287/1287 1289/1289/1289 1290/1290/1290
f 1287/1287/1287 1290/1290/1290 1288/1288/1288
f 1289/1289/1289 1291/1291/1291 1292/1292/1292
f 1289/1289/1289 1292/1292/1292 1290/1290/1290
f 1291/1291/1291 1293/1293/1293 1294/1294/1294
f 1291/1291/1291 1294/1294/1294 1292/1292/1292
f 1293/1293/1293 1295/1295/1295 1296/1296/1296
f 1293/1293/1293 1296/1296/1296 1294/1294/1294
f 1295/1295/1295 1169/1169/1169 1172/1172/1172
f 1295/1295/1295 1172/1172/1172 1296/1296/1296
f 1297/1297/1297 1298/1298/1298 1299/1299/1299
f 1297/1297/1297 1299/1299/1299 1300/1300/1300
f 1301/1301/1301 1157/1157/1157 1160/1160/1160
f 1301/1301/1301 1160/1160/1160 1302/1302/1302
f 1303/1303/1303 1297/1297/1297 1300/1300/1300
f 1303/1303/1303 1300/1300/1300 1304/1304/1304
f 1305/1305/1305 1301/1301/1301 1302/1302/1302
f 1305/1305/1305 1302/1302/1302 1306/1306/1306
f 1307/1307/1307 1303/1303/1303 1304/1304/1304
f 1307/1307/1307 1304/1304/1304 1308/1308/1308
f 1309/1309/1309 1305/1305/1305 1306/1306/1306
f 1309/1309/1309 1306/1306/1306 1310/1310/1310
f 1311/1311/1311 1307/1307/1307 1308/1308/1308
f 1311/1311/1311 1308/1308/1308 1312/1312/1312
f 1313/1313/1313 1309/1309/1309 1310/1310/1310
f 1313/1313/1313 1310/1310/1310 1314/1314/1314
f 1315/1315/1315 1311/1311/1311 1312/1312/1312
f 1315/1315/1315 1312/1312/1312 1316/1316/1316
f 1317/1317/1317 1318/1318/1318 1319/1319/1319
f 1317/1317/1317 1319/1319/1319 1320/1320/1320
f 1321/1321/1321 1315/1315/1315 1316/1316/1316
f 1321/1321/1321 1316/1316/1316 1322/1322/1322
f 1323/1323/1323 1317/1317/1317 1320/1320/1320
f 1323/1323/1323 1320/1320/1320 1324/1324/1324
f 1325/1325/1325 1321/1321/1321 1322/1322/1322
f 1325/1325/1325 1322/1322/1322 1326/1326/1326
f 1327/1327/1327 1323/1323/1323 1324/1324/1324
f 1327/1327/1327 1324/1324/1324 1328/1328/1328
f 1329/1329/1329 1325/1325/1325 1326/1326/1326
f 1329/1329/1329 1326/1326/1326 1330/1330/1330
f 1331/1331/1331 1327/1327/1327 1328/1328/1328
f 1331/1331/1331 1328/1328/1328 1332/1332/1332
f 1333/1333/1333 1329/1329/1329 1330/1330/1330
f 1333/1333/1333 1330/1330/1330 1334/1334/1334
f 1335/1335/1335 1331/1331/1331 1332/1332/1332
f 1335/1335/1335 1332/1332/1332 1336/1336/1336
f 1337/1337/1337 1333/1333/1333 1334/1334/1334
f 1337/1337/1337 1334/1334/1334 1338/1338/1338
f 1339/1339/1339 1335/1335/1335 1336/1336/1336
f 1339/1339/1339 1336/1336/1336 1340/1340/1340
f 1341/1341/1341 1342/1342/1342 1343/1343/1343
f 1341/1341/1341 1343/1343/1343 1344/1344/1344
f 1345/1345/1345 1339/1339/1339 1340/1340/1340
f 1345/1345/1345 1340/1340/1340 1346/1346/1346
f 1347/1347/1347 1341/1341/1341 1344/1344/1344
f 1347/1347/1347 1344/1344/1344 1348/1348/1348
f 1349/1349/1349 1345/1345/1345 1346/1346/1346
f 1349/1349/1349 1346/1346/1346 1350/1350/1350
f 1351/1351/1351 1347/1347/1347 1348/1348/1348
f 1351/1351/1351 1348/1348/1348 1352/1352/1352
f 1353/1353/1353 1349/1349/1349 1350/1350/1350
f 1353/1353/1353 1350/1350/1350 1354/1354/1354
f 1355/1355/1355 1351/1351/1351 1352/1352/1352
f 1355/1355/1355 1352/1352/1352 1356/1356/1356
f 1357/1357/1357 1353/1353/1353 1354/1354/1354
f 1357/1357/1357 1354/1354/1354 1358/1358/1358
f 1359/1359/1359 1355/1355/1355 1356/1356/1356
f 1359/1359/1359 1356/1356/1356 1360/1360/1360
f 1361/1361/1361 1357/1357/1357 1358/1358/1358
f 1361/1361/1361 1358/1358/1358 1362/1362/1362
f 1363/1363/1363 1364/1364/1364 1365/1365/1365
f 1363/1363/1363 1365/1365/1365 1366/1366/1366
f 1367/1367/1367 1359/1359/1359 1360/1360/1360
f 1367/1367/1367 1360/1360/1360 1368/1368/1368
f 1369/1369/1369 1361/1361/1361 1362/1362/1362
f 1369/1369/1369 1362/1362/1362 1370/1370/1370
f 1371/1371/1371 1363/1363/1363 1366/1366/1366
f 1371/1371/1371 1366/1366/1366 1372/1372/1372
f 1373/1373/1373 1367/1367/1367 1368/1368/1368
f 1373/1373/1373 1368/1368/1368 1374/1374/1374
f 1375/1375/1375 1369/1369/1369 1370/1370/1370
f 1375/1375/1375 1370/1370/1370 1376/1376/1376
f 1377/1377/1377 1371/1371/1371 1372/1372/1372
f 1377/1377/1377 1372/1372/1372 1378/1378/1378
f 1379/1379/1379 1373/1373/1373 1374/1374/1374
f 1379/1379/1379 1374/1374/1374 1380/1380/1380
f 1381/1381/1381 1375/1375/1375 1376/1376/1376
f 1381/1381/1381 1376/1376/1376 1382/1382/1382
f 1383/1383/1383 1377/1377/1377 1378/1378/1378
f 1383/1383/1383 1378/1378/1378 1384/1384/1384
f 1385/1385/1385 1379/1379/1379 1380/1380/1380
f 1385/1385/1385 1380/1380/1380 1386/1386/1386
f 1387/1387/1387 1381/1381/1381 1382/1382/1382
f 1387/1387/1387 1382/1382/1382 1388/1388/1388
f 1389/1389/1389 1383/1383/1383 1384/1384/1384
f 1389/1389/1389 1384/1384/1384 1390/1390/1390
f 1391/1391/1391 1385/1385/1385 1386/1386/1386
f 1391/1391/1391 1386/1386/1386 1392/1392/1392
f 1393/1393/1393 1394/1394/1394 1395/1395/1395
f 1393/1393/1393 1395/1395/1395 1396/1396/1396
f 1397/1397/1397 1389/1389/1389 1390/1390/1390
f 1397/1397/1397 1390/1390/1390 1398/1398/1398
f 1399/1399/1399 1391/1391/1391 1392/1392/1392
f 1399/1399/1399 1392/1392/1392 1400/1400/1400
f 1401/1401/1401 1393/1393/1393 1396/1396/1396
f 1401/1401/1401 1396/1396/1396 1402/1402/1402
f 1403/1403/1403 1397/1397/1397 1398/1398/1398
f 1403/1403/1403 1398/1398/1398 1404/1404/1404
f 1405/1405/1405 1399/1399/1399 1400/1400/1400
f 1405/1405/1405 1400/1400/1400 1406/1406/1406
f 1407/1407/1407 1401/1401/1401 1402/1402/1402
f 1407/1407/1407 1402/1402/1402 1408/1408/1408
f 1409/1409/1409 1403/1403/1403 1404/1404/1404
f 1409/1409/1409 1404/1404/1404 1410/1410/1410
f 1411/1411/1411 1405/1405/1405 1406/1406/1406
f 1411/1411/1411 1406/1406/1406 1412/1412/1412
f 1413/1413/1413 1407/1407/1407 1408/1408/1408
f 1413/1413/1413 1408/1408/1408 1414/1414/1414
f 1415/1415/1415 1409/1409/1409 1410/1410/1410
f 1415/1415/1415 1410/1410/1410 1416/1416/1416
f 1417/1417/1417 1411/1411/1411 1412/1412/1412
f 1417/1417/1417 1412/1412/1412 1418/1418/1418
f 1419/1419/1419 1413/1413/1413 1414/1414/1414
f 1419/1419/1419 1414/1414/1414 1420/1420/1420
f 1421/1421/1421 1415/1415/1415 1416/1416/1416
f 1421/1421/1421 1416/1416/1416 1422/1422/1422
f 1423/1423/1423 1417/1417/1417 1418/1418/1418
f 1423/1423/1423 1418/1418/1418 1424/1424/1424
f 1425/1425/1425 1419/1419/1419 1420/1420/1420
f 1425/1425/1425 1420/1420/1420 1426/1426/1426
f 1158/1158/1158 1421/1421/1421 1422/1422/1422
f 1158/1158/1158 1422/1422/1422 1159/1159/1159
f 1427/1427/1427 1423/1423/1423 1424/1424/1424
f 1427/1427/1427 1424/1424/1424 1428/1428/1428
f 1298/1298/1298 1425/1425/1425 1426/1426/1426
f 1298/1298/1298 1426/1426/1426 1299/1299/1299
f 1429/1429/1429 1430/1430/1430 1431/1431/1431
f 1429/1429/1429 1431/1431/1431 1432/1432/1432
f 1433/1433/1433 1429/1429/1429 1432/1432/1432
f 1433/1433/1433 1432/1432/1432 1434/1434/1434
f 1435/1435/1435 1433/1433/1433 1434/1434/1434
f 1435/1435/1435 1434/1434/1434 1436/1436/1436
f 1437/1437/1437 1435/1435/1435 1436/1436/1436
f 1437/1437/1437 1436/1436/1436 1438/1438/1438
f 1439/1439/1439 1437/1437/1437 1438/1438/1438
f 1439/1439/1439 1438/1438/1438 1440/1440/1440
f 1441/1441/1441 1439/1439/1439 1440/1440/1440
f 1441/1441/1441 1440/1440/1440 1442/1442/1442
f 1443/1443/1443 1441/1441/1441 1442/1442/1442
f 1443/1443/1443 1442/1442/1442 1444/1444/1444
f 1445/1445/1445 1443/1443/1443 1444/1444/1444
f 1445/1445/1445 1444/1444/1444 1446/1446/1446
f 1447/1447/1447 1445/1445/1445 1446/1446/1446
f 1447/1447/1447 1446/1446/1446 1448/1448/1448
f 1449/1449/1449 1447/1447/1447 1448/1448/1448
f 1449/1449/1449 1448/1448/1448 1450/1450/1450
f 1451/1451/1451 1449/1449/1449 1450/1450/1450
f 1451/1451/1451 1450/1450/1450 1452/1452/1452
f 1453/1453/1453 1451/1451/1451 1452/1452/1452
f 1453/1453/1453 1452/1452/1452 1454/1454/1454
f 1455/1455/1455 1453/1453/1453 1454/1454/1454
f 1455/1455/1455 1454/1454/1454 1456/1456/1456
f 1457/1457/1457 1455/1455/1455 1456/1456/1456
f 1457/1457/1457 1456/1456/1456 1458/1458/1458
f 1459/1459/1459 1457/1457/1457 1458/1458/1458
f 1459/1459/1459 1458/1458/1458 1460/1460/1460
f 1461/1461/1461 1459/1459/1459 1460/1460/1460
f 1461/1461/1461 1460/1460/1460 1462/1462/1462
f 1463/1463/1463 1461/1461/1461 1462/1462/1462
f 1463/1463/1463 1462/1462/1462 1464/1464/1464
f 1465/1465/1465 1463/1463/1463 1464/1464/1464
f 1465/1465/1465 1464/1464/1464 1466/1466/1466
f 1467/1467/1467 1465/1465/1465 1466/1466/1466
f 1467/1467/1467 1466/1466/1466 1468/1468/1468
f 1469/1469/1469 1467/1467/1467 1468/1468/1468
f 1469/1469/1469 1468/1468/1468 1470/1470/1470
f 1471/1471/1471 1469/1469/1469 1470/1470/1470
f 1471/1471/1471 1470/1470/1470 1472/1472/1472
f 1473/1473/1473 1471/1471/1471 1472/1472/1472
f 1473/1473/1473 1472/1472/1472 1474/1474/1474
f 1475/1475/1475 1473/1473/1473 1474/1474/1474
f 1475/1475/1475 1474/1474/1474 1476/1476/1476
f 1477/1477/1477 1475/1475/1475 1476/1476/1476
f 1477/1477/1477 1476/1476/1476 1478/1478/1478
f 1479/1479/1479 1477/1477/1477 1478/1478/1478
f 1479/1479/1479 1478/1478/1478 1480/1480/1480
f 1481/1481/1481 1479/1479/1479 1480/1480/1480
f 1481/1481/1481 1480/1480/1480 1482/1482/1482
f 1483/1483/1483 1481/1481/1481 1482/1482/1482
f 1483/1483/1483 1482/1482/1482 1484/1484/1484
f 1485/1485/1485 1483/1483/1483 1484/1484/1484
f 1485/1485/1485 1484/1484/1484 1486/1486/1486
f 1487/1487/1487 1485/1485/1485 1486/1486/1486
f 1487/1487/1487 1486/1486/1486 1488/1488/1488
f 1489/1489/1489 1487/1487/1487 1488/1488/1488
f 1489/1489/1489 1488/1488/1488 1490/1490/1490
f 1491/1491/1491 1489/1489/1489 1490/1490/1490
f 1491/1491/1491 1490/1490/1490 1492/1492/1492
f 1493/1493/1493 1491/1491/1491 1492/1492/1492
f 1493/1493/1493 1492/1492/1492 1494/1494/1494
f 1495/1495/1495 1493/1493/1493 1494/1494/1494
f 1495/1495/1495 1494/1494/1494 1496/1496/1496
f 1497/1497/1497 1495/1495/1495 1496/1496/1496
f 1497/1497/1497 1496/1496/1496 1498/1498/1498
f 1499/1499/1499 1497/1497/1497 1498/1498/1498
f 1499/1499/1499 1498/1498/1498 1500/1500/1500
f 1501/1501/1501 1499/1499/1499 1500/1500/1500
f 1501/1501/1501 1500/1500/1500 1502/1502/1502
f 1503/1503/1503 1501/1501/1501 1502/1502/1502
f 1503/1503/1503 1502/1502/1502 1504/1504/1504
f 1505/1505/1505 1503/1503/1503 1504/1504/1504
f 1505/1505/1505 1504/1504/1504 1506/1506/1506
f 1507/1507/1507 1505/1505/1505 1506/1506/1506
f 1507/1507/1507 1506/1506/1506 1508/1508/1508
f 1509/1509/1509 1507/1507/1507 1508/1508/1508
f 1509/1509/1509 1508/1508/1508 1510/1510/1510
f 1511/1511/1511 1509/1509/1509 1510/1510/1510
f 1511/1511/1511 1510/1510/1510 1512/1512/1512
f 1513/1513/1513 1511/1511/1511 1512/1512/1512
f 1513/1513/1513 1512/1512/1512 1514/1514/1514
f 1515/1515/1515 1513/1513/1513 1514/1514/1514
f 1515/1515/1515 1514/1514/1514 1516/1516/1516
f 1517/1517/1517 1515/1515/1515 1516/1516/1516
f 1517/1517/1517 1516/1516/1516 1518/1518/1518
f 1519/1519/1519 1517/1517/1517 1518/1518/1518
f 1519/1519/1519 1518/1518/1518 1520/1520/1520
f 1521/1521/1521 1519/1519/1519 1520/1520/1520
f 1521/1521/1521 1520/1520/1520 1522/1522/1522
f 1523/1523/1523 1521/1521/1521 1522/1522/1522
f 1523/1523/1523 1522/1522/1522 1524/1524/1524
f 1525/1525/1525 1523/1523/1523 1524/1524/1524
f 1525/1525/1525 1524/1524/1524 1526/1526/1526
f 1527/1527/1527 1525/1525/1525 1526/1526/1526
f 1527/1527/1527 1526/1526/1526 1528/1528/1528
f 1529/1529/1529 1527/1527/1527 1528/1528/1528
f 1529/1529/1529 1528/1528/1528 1530/1530/1530
f 1531/1531/1531 1529/1529/1529 1530/1530/1530
f 1531/1531/1531 1530/1530/1530 1532/1532/1532
f 1533/1533/1533 1531/1531/1531 1532/1532/1532
f 1533/1533/1533 1532/1532/1532 1534/1534/1534
f 1535/1535/1535 1533/1533/1533 1534/1534/1534
f 1535/1535/1535 1534/1534/1534 1536/1536/1536
f 1537/1537/1537 1535/1535/1535 1536/1536/1536
f 1537/1537/1537 1536/1536/1536 1538/1538/1538
f 1539/1539/1539 1537/1537/1537 1538/1538/1538
f 1539/1539/1539 1538/1538/1538 1540/1540/1540
f 1541/1541/1541 1539/1539/1539 1540/1540/1540
f 1541/1541/1541 1540/1540/1540 1542/1542/1542
f 1543/1543/1543 1541/1541/1541 1542/1542/1542
f 1543/1543/1543 1542/1542/1542 1544/1544/1544
f 1545/1545/1545 1543/1543/1543 1544/1544/1544
f 1545/1545/1545 1544/1544/1544 1546/1546/1546
f 1547/1547/1547 1545/1545/1545 1546/1546/1546
f 1547/1547/1547 1546/1546/1546 1548/1548/1548
f 1549/1549/1549 1547/1547/1547 1548/1548/1548
f 1549/1549/1549 1548/1548/1548 1550/1550/1550
f 1551/1551/1551 1549/1549/1549 1550/1550/1550
f 1551/1551/1551 1550/1550/1550 1552/1552/1552
f 1553/1553/1553 1551/1551/1551 1552/1552/1552
f 1553/1553/1553 1552/1552/1552 1554/1554/1554
f 1555/1555/1555 1553/1553/1553 1554/1554/1554
f 1555/1555/1555 1554/1554/1554 1556/1556/1556
f 1430/1430/1430 1555/1555/1555 1556/1556/1556
f 1430/1430/1430 1556/1556/1556 1431/1431/1431
f 1557/1557/1557 1558/1558/1558 1559/1559/1559
f 1557/1557/1557 1559/1559/1559 1560/1560/1560
f 1166/1166/1166 1561/1561/1561 1562/1562/1562
f 1166/1166/1166 1562/1562/1562 1167/1167/1167
f 1558/1558/1558 1563/1563/1563 1564/1564/1564
f 1558/1558/1558 1564/1564/1564 1559/1559/1559
f 1561/1561/1561 1565/1565/1565 1566/1566/1566
f 1561/1561/1561 1566/1566/1566 1562/1562/1562
f 1563/1563/1563 1567/1567/1567 1568/1568/1568
f 1563/1563/1563 1568/1568/1568 1564/1564/1564
f 1565/1565/1565 1569/1569/1569 1570/1570/1570
f 1565/1565/1565 1570/1570/1570 1566/1566/1566
f 1571/1571/1571 1572/1572/1572 1573/1573/1573
f 1571/1571/1571 1573/1573/1573 1574/1574/1574
f 1569/1569/1569 1575/1575/1575 1576/1576/1576
f 1569/1569/1569 1576/1576/1576 1570/1570/1570
f 1572/1572/1572 1577/1577/1577 1578/1578/1578
f 1572/1572/1572 1578/1578/1578 1573/1573/1573
f 1575/1575/1575 1579/1579/1579 1580/1580/1580
f 1575/1575/1575 1580/1580/1580 1576/1576/1576
f 1577/1577/1577 1581/1581/1581 1582/1582/1582
f 1577/1577/1577 1582/1582/1582 1578/1578/1578
f 1579/1579/1579 1583/1583/1583 1584/1584/1584
f 1579/1579/1579 1584/1584/1584 1580/1580/1580
f 1581/1581/1581 1585/1585/1585 1586/1586/1586
f 1581/1581/1581 1586/1586/1586 1582/1582/1582
f 1583/1583/1583 1587/1587/1587 1588/1588/1588
f 1583/1583/1583 1588/1588/1588 1584/1584/1584
f 1585/1585/1585 1589/1589/1589 1590/1590/1590
f 1585/1585/1585 1590/1590/1590 1586/1586/1586
f 1587/1587/1587 1591/1591/1591 1592/1592/1592
f 1587/1587/1587 1592/1592/1592 1588/1588/1588
f 1589/1589/1589 1593/1593/1593 1594/1594/1594
f 1589/1589/1589 1594/1594/1594 1590/1590/1590
f 1591/1591/1591 1595/1595/1595 1596/1596/1596
f 1591/1591/1591 1596/1596/1596 1592/1592/1592
f 1597/1597/1597 1598/1598/1598 1599/1599/1599
f 1597/1597/1597 1599/1599/1599 1600/1600/1600
f 1593/1593/1593 1601/1601/1601 1602/1602/1602
f 1593/1593/1593 1602/1602/1602 1594/1594/1594
f 1595/1595/1595 1603/1603/1603 1604/1604/1604
f 1595/1595/1595 1604/1604/1604 1596/1596/1596
f 1598/1598/1598 1605/1605/1605 1606/1606/1606
f 1598/1598/1598 1606/1606/1606 1599/1599/1599
f 1601/1601/1601 1607/1607/1607 1608/1608/1608
f 1601/1601/1601 1608/1608/1608 1602/1602/1602
f 1603/1603/1603 1609/1609/1609 1610/1610/1610
f 1603/1603/1603 1610/1610/1610 1604/1604/1604
f 1605/1605/1605 1611/1611/1611 1612/1612/1612
f 1605/1605/1605 1612/1612/1612 1606/1606/1606
f 1607/1607/1607 1613/1613/1613 1614/1614/1614
f 1607/1607/1607 1614/1614/1614 1608/1608/1608
f 1609/1609/1609 1615/1615/1615 1616/1616/1616
f 1609/1609/1609 1616/1616/1616 1610/1610/1610
f 1611/1611/1611 1617/1617/1617 1618/1618/1618
f 1611/1611/1611 1618/1618/1618 1612/1612/1612
f 1613/1613/1613 1619/1619/1619 1620/1620/1620
f 1613/1613/1613 1620/1620/1620 1614/1614/1614
f 1615/1615/1615 1621/1621/1621 1622/1622/1622
f 1615/1615/1615 1622/1622/1622 1616/1616/1616
f 1617/1617/1617 1623/1623/1623 1624/1624/1624
f 1617/1617/1617 1624/1624/1624 1618/1618/1618
f 1619/1619/1619 1625/1625/1625 1626/1626/1626
f 1619/1619/1619 1626/1626/1626 1620/1620/1620
f 1621/1621/1621 1627/1627/1627 1628/1628/1628
f 1621/1621/1621 1628/1628/1628 1622/1622/1622
f 1623/1623/1623 1629/1629/1629 1630/1630/1630
f 1623/1623/1623 1630/1630/1630 1624/1624/1624
f 1625/1625/1625 1631/1631/1631 1632/1632/1632
f 1625/1625/1625 1632/1632/1632 1626/1626/1626
f 1633/1633/1633 1634/1634/1634 1635/1635/1635
f 1633/1633/1633 1635/1635/1635 1636/1636/1636
f 1629/1629/1629 1637/1637/1637 1638/1638/1638
f 1629/1629/1629 1638/1638/1638 1630/1630/1630
f 1631/1631/1631 1639/1639/1639 1640/1640/1640
f 1631/1631/1631 1640/1640/1640 1632/1632/1632
f 1634/1634/1634 1641/1641/1641 1642/1642/1642
f 1634/1634/1634 1642/1642/1642 1635/1635/1635
f 1637/1637/1637 1643/1643/1643 1644/1644/1644
f 1637/1637/1637 1644/1644/1644 1638/1638/1638
f 1639/1639/1639 1645/1645/1645 1646/1646/1646
f 1639/1639/1639 1646/1646/1646 1640/1640/1640
f 1641/1641/1641 1647/1647/1647 1648/1648/1648
f 1641/1641/1641 1648/1648/1648 1642/1642/1642
f 1643/1643/1643 1649/1649/1649 1650/1650/1650
f 1643/1643/1643 1650/1650/1650 1644/1644/1644
f 1645/1645/1645 1651/1651/1651 1652/1652/1652
f 1645/1645/1645 1652/1652/1652 1646/1646/1646
f 1647/1647/1647 1653/1653/1653 1654/1654/1654
f 1647/1647/1647 1654/1654/1654 1648/1648/1648
f 1649/1649/1649 1655/1655/1655 1656/1656/1656
f 1649/1649/1649 1656/1656/1656 1650/1650/1650
f 1651/1651/1651 1657/1657/1657 1658/1658/1658
f 1651/1651/1651 1658/1658/1658 1652/1652/1652
f 1653/1653/1653 1659/1659/1659 1660/1660/1660
f 1653/1653/1653 1660/1660/1660 1654/1654/1654
f 1655/1655/1655 1661/1661/1661 1662/1662/1662
f 1655/1655/1655 1662/1662/1662 1656/1656/1656
f 1657/1657/1657 1663/1663/1663 1664/1664/1664
f 1657/1657/1657 1664/1664/1664 1658/1658/1658
f 1659/1659/1659 1665/1665/1665 1666/1666/1666
f 1659/1659/1659 1666/1666/1666 1660/1660/1660
f 1661/1661/1661 1667/1667/1667 1668/1668/1668
f 1661/1661/1661 1668/1668/1668 1662/1662/1662
f 1665/1665/1665 1669/1669/1669 1670/1670/1670
f 1665/1665/1665 1670/1670/1670 1666/1666/1666
f 1667/1667/1667 1671/1671/1671 1672/1672/1672
f 1667/1667/1667 1672/1672/1672 1668/1668/1668
f 1669/1669/1669 1673/1673/1673 1674/1674/1674
f 1669/1669/1669 1674/1674/1674 1670/1670/1670
f 1671/1671/1671 1675/1675/1675 1676/1676/1676
f 1671/1671/1671 1676/1676/1676 1672/1672/1672
f 1673/1673/1673 1677/1677/1677 1678/1678/1678
f 1673/1673/1673 1678/1678/1678 1674/1674/1674
f 1675/1675/1675 1679/1679/1679 1680/1680/1680
f 1675/1675/1675 1680/1680/1680 1676/1676/1676
f 1677/1677/1677 1681/1681/1681 1682/1682/1682
f 1677/1677/1677 1682/1682/1682 1678/1678/1678
f 1683/1683/1683 1684/1684/1684 1685/1685/1685
f 1683/1683/1683 1685/1685/1685 1686/1686/1686
f 1681/1681/1681 1687/1687/1687 1688/1688/1688
f 1681/1681/1681 1688/1688/1688 1682/1682/1682
f 1684/1684/1684 1165/1165/1165 1168/1168/1168
f 1684/1684/1684 1168/1168/1168 1685/1685/1685
f 1687/1687/1687 1557/1557/1557 1560/1560/1560
f 1687/1687/1687 1560/1560/1560 1688/1688/1688
f 1707/1707/1707 1705/1705/1705 1706/1706/1706
f 1705/1705/1705 1707/1707/1707 1704/1704/1704
f 1704/1704/1704 1707/1707/1707 1708/1708/1708
f 1704/1704/1704 1708/1708/1708 1703/1703/1703
f 1703/1703/1703 1708/1708/1708 1709/1709/1709
f 1703/1703/1703 1709/1709/1709 1702/1702/1702
f 1702/1702/1702 1709/1709/1709 1710/1710/1710
f 1702/1702/1702 1710/1710/1710 1701/1701/1701
f 1701/1701/1701 1710/1710/1710 1711/1711/1711
f 1701/1701/1701 1711/1711/1711 1700/1700/1700
f 1700/1700/1700 1711/1711/1711 1712/1712/1712
f 1700/1700/1700 1712/1712/1712 1699/1699/1699
f 1699/1699/1699 1712/1712/1712 1713/1713/1713
f 1699/1699/1699 1713/1713/1713 1698/1698/1698
f 1698/1698/1698 1713/1713/1713 1714/1714/1714
f 1698/1698/1698 1714/1714/1714 1697/1697/1697
f 1697/1697/1697 1714/1714/1714 1715/1715/1715
f 1697/1697/1697 1715/1715/1715 1696/1696/1696
f 1696/1696/1696 1715/1715/1715 1716/1716/1716
f 1696/1696/1696 1716/1716/1716 1695/1695/1695
f 1695/1695/1695 1716/1716/1716 1717/1717/1717
f 1695/1695/1695 1717/1717/1717 1694/1694/1694
f 1694/1694/1694 1717/1717/1717 1718/1718/1718
f 1694/1694/1694 1718/1718/1718 1693/1693/1693
f 1693/1693/1693 1718/1718/1718 1719/1719/1719
f 1693/1693/1693 1719/1719/1719 1692/1692/1692
f 1692/1692/1692 1719/1719/1719 1720/1720/1720
f 1692/1692/1692 1720/1720/1720 1691/1691/1691
f 1691/1691/1691 1720/1720/1720 1721/1721/1721
f 1691/1691/1691 1721/1721/1721 1690/1690/1690
f 1690/1690/1690 1721/1721/1721 1722/1722/1722
f 1690/1690/1690 1722/1722/1722 1723/1723/1723
f 1690/1690/1690 1723/1723/1723 1689/1689/1689
f 1689/1689/1689 1723/1723/1723 1724/1724/1724
f 1689/1689/1689 1724/1724/1724 1752/1752/1752
f 1752/1752/1752 1724/1724/1724 1725/1725/1725
f 1752/1752/1752 1725/1725/1725 1751/1751/1751
f 1751/1751/1751 1725/1725/1725 1726/1726/1726
f 1751/1751/1751 1726/1726/1726 1750/1750/1750
f 1750/1750/1750 1726/1726/1726 1727/1727/1727
f 1750/1750/1750 1727/1727/1727 1749/1749/1749
f 1749/1749/1749 1727/1727/1727 1728/1728/1728
f 1749/1749/1749 1728/1728/1728 1748/1748/1748
f 1748/1748/1748 1728/1728/1728 1729/1729/1729
f 1748/1748/1748 1729/1729/1729 1747/1747/1747
f 1747/1747/1747 1729/1729/1729 1730/1730/1730
f 1747/1747/1747 1730/1730/1730 1746/1746/1746
f 1746/1746/1746 1730/1730/1730 1731/1731/1731
f 1746/1746/1746 1731/1731/1731 1745/1745/1745
f 1745/1745/1745 1731/1731/1731 1732/1732/1732
f 1745/1745/1745 1732/1732/1732 1744/1744/1744
f 1744/1744/1744 1732/1732/1732 1733/1733/1733
f 1744/1744/1744 1733/1733/1733 1743/1743/1743
f 1743/1743/1743 1733/1733/1733 1734/1734/1734
f 1743/1743/1743 1734/1734/1734 1742/1742/1742
f 1742/1742/1742 1734/1734/1734 1735/1735/1735
f 1742/1742/1742 1735/1735/1735 1741/1741/1741
f 1741/1741/1741 1735/1735/1735 1736/1736/1736
f 1741/1741/1741 1736/1736/1736 1740/1740/1740
f 1740/1740/1740 1736/1736/1736 1737/1737/1737
f 1740/1740/1740 1737/1737/1737 1739/1739/1739
f 1739/1739/1739 1737/1737/1737 1738/1738/1738
f 1802/1802/1802 1800/1800/1800 1801/1801/1801
f 1800/1800/1800 1802/1802/1802 1803/1803/1803
f 1800/1800/1800 1803/1803/1803 1799/1799/1799
f 1799/1799/1799 1803/1803/1803 1804/1804/1804
f 1799/1799/1799 1804/1804/1804 1798/1798/1798
f 1798/1798/1798 1804/1804/1804 1805/1805/1805
f 1798/1798/1798 1805/1805/1805 1797/1797/1797
f 1797/1797/1797 1805/1805/1805 1806/1806/1806
f 1797/1797/1797 1806/1806/1806 1796/1796/1796
f 1796/1796/1796 1806/1806/1806 1807/1807/1807
f 1796/1796/1796 1807/1807/1807 1795/1795/1795
f 1795/1795/1795 1807/1807/1807 1808/1808/1808
f 1795/1795/1795 1808/1808/1808 1794/1794/1794
f 1794/1794/1794 1808/1808/1808 1809/1809/1809
f 1794/1794/1794 1809/1809/1809 1793/1793/1793
f 1793/1793/1793 1809/1809/1809 1810/1810/1810
f 1793/1793/1793 1810/1810/1810 1792/1792/1792
f 1792/1792/1792 1810/1810/1810 1811/1811/1811
f 1792/1792/1792 1811/1811/1811 1791/1791/1791
f 1791/1791/1791 1811/1811/1811 1812/1812/1812
f 1791/1791/1791 1812/1812/1812 1790/1790/1790
f 1790/1790/1790 1812/1812/1812 1813/1813/1813
f 1790/1790/1790 1813/1813/1813 1789/1789/1789
f 1789/1789/1789 1813/1813/1813 1814/1814/1814
f 1789/1789/1789 1814/1814/1814 1788/1788/1788
f 1788/1788/1788 1814/1814/1814 1815/1815/1815
f 1788/1788/1788 1815/1815/1815 1787/1787/1787
f 1787/1787/1787 1815/1815/1815 1816/1816/1816
f 1787/1787/1787 1816/1816/1816 1786/1786/1786
f 1786/1786/1786 1816/1816/1816 1753/1753/1753
f 1786/1786/1786 1753/1753/1753 1785/1785/1785
f 1785/1785/1785 1753/1753/1753 1784/1784/1784
f 1784/1784/1784 1753/1753/1753 1754/1754/1754
f 1784/1784/1784 1754/1754/1754 1783/1783/1783
f 1783/1783/1783 1754/1754/1754 1755/1755/1755
f 1783/1783/1783 1755/1755/1755 1782/1782/1782
f 1782/1782/1782 1755/1755/1755 1756/1756/1756
f 1782/1782/1782 1756/1756/1756 1781/1781/1781
f 1781/1781/1781 1756/1756/1756 1757/1757/1757
f 1781/1781/1781 1757/1757/1757 1780/1780/1780
f 1780/1780/1780 1757/1757/1757 1758/1758/1758
f 1780/1780/1780 1758/1758/1758 1779/1779/1779
f 1779/1779/1779 1758/1758/1758 1759/1759/1759
f 1779/1779/1779 1759/1759/1759 1778/1778/1778
f 1778/1778/1778 1759/1759/1759 1760/1760/1760
f 1778/1778/1778 1760/1760/1760 1777/1777/1777
f 1777/1777/1777 1760/1760/1760 1761/1761/1761
f 1777/1777/1777 1761/1761/1761 1776/1776/1776
f 1776/1776/1776 1761/1761/1761 1762/1762/1762
f 1776/1776/1776 1762/1762/1762 1775/1775/1775
f 1775/1775/1775 1762/1762/1762 1763/1763/1763
f 1775/1775/1775 1763/1763/1763 1774/1774/1774
f 1774/1774/1774 1763/1763/1763 1764/1764/1764
f 1774/1774/1774 1764/1764/1764 1773/1773/1773
f 1773/1773/1773 1764/1764/1764 1765/1765/1765
f 1773/1773/1773 1765/1765/1765 1772/1772/1772
f 1772/1772/1772 1765/1765/1765 1766/1766/1766
f 1772/1772/1772 1766/1766/1766 1771/1771/1771
f 1771/1771/1771 1766/1766/1766 1767/1767/1767
f 1771/1771/1771 1767/1767/1767 1770/1770/1770
f 1770/1770/1770 1767/1767/1767 1768/1768/1768
f 1770/1770/1770 1768/1768/1768 1769/1769/1769
f 1835/1835/1835 1833/1833/1833 1834/1834/1834
f 1833/1833/1833 1835/1835/1835 1832/1832/1832
f 1832/1832/1832 1835/1835/1835 1836/1836/1836
f 1832/1832/1832 1836/1836/1836 1831/1831/1831
f 1831/1831/1831 1836/1836/1836 1837/1837/1837
f 1831/1831/1831 1837/1837/1837 1830/1830/1830
f 1830/1830/1830 1837/1837/1837 1838/1838/1838
f 1830/1830/1830 1838/1838/1838 1829/1829/1829
f 1829/1829/1829 1838/1838/1838 1839/1839/1839
f 1829/1829/1829 1839/1839/1839 1828/1828/1828
f 1828/1828/1828 1839/1839/1839 1840/1840/1840
f 1828/1828/1828 1840/1840/1840 1827/1827/1827
f 1827/1827/1827 1840/1840/1840 1841/1841/1841
f 1827/1827/1827 1841/1841/1841 1826/1826/1826
f 1826/1826/1826 1841/1841/1841 1842/1842/1842
f 1826/1826/1826 1842/1842/1842 1825/1825/1825
f 1825/1825/1825 1842/1842/1842 1843/1843/1843
f 1825/1825/1825 1843/1843/1843 1824/1824/1824
f 1824/1824/1824 1843/1843/1843 1844/1844/1844
f 1824/1824/1824 1844/1844/1844 1823/1823/1823
f 1823/1823/1823 1844/1844/1844 1845/1845/1845
f 1823/1823/1823 1845/1845/1845 1822/1822/1822
f 1822/1822/1822 1845/1845/1845 1846/1846/1846
f 1822/1822/1822 1846/1846/1846 1821/1821/1821
f 1821/1821/1821 1846/1846/1846 1847/1847/1847
f 1821/1821/1821 1847/1847/1847 1820/1820/1820
f 1820/1820/1820 1847/1847/1847 1848/1848/1848
f 1820/1820/1820 1848/1848/1848 1819/1819/1819
f 1819/1819/1819 1848/1848/1848 1849/1849/1849
f 1819/1819/1819 1849/1849/1849 1818/1818/1818
f 1818/1818/1818 1849/1849/1849 1850/1850/1850
f 1818/1818/1818 1850/1850/1850 1851/1851/1851
f 1818/1818/1818 1851/1851/1851 1817/1817/1817
f 1817/1817/1817 1851/1851/1851 1852/1852/1852
f 1817/1817/1817 1852/1852/1852 1880/1880/1880
f 1880/1880/1880 1852/1852/1852 1853/1853/1853
f 1880/1880/1880 1853/1853/1853 1879/1879/1879
f 1879/1879/1879 1853/1853/1853 1854/1854/1854
f 1879/1879/1879 1854/1854/1854 1878/1878/1878
f 1878/1878/1878 1854/1854/1854 1855/1855/1855
f 1878/1878/1878 1855/1855/1855 1877/1877/1877
f 1877/1877/1877 1855/1855/1855 1856/1856/1856
f 1877/1877/1877 1856/1856/1856 1876/1876/1876
f 1876/1876/1876 1856/1856/1856 1857/1857/1857
f 1876/1876/1876 1857/1857/1857 1875/1875/1875
f 1875/1875/1875 1857/1857/1857 1858/1858/1858
f 1875/1875/1875 1858/1858/1858 1874/1874/1874
f 1874/1874/1874 1858/1858/1858 1859/1859/1859
f 1874/1874/1874 1859/1859/1859 1873/1873/1873
f 1873/1873/1873 1859/1859/1859 1860/1860/1860
f 1873/1873/1873 1860/1860/1860 1872/1872/1872
f 1872/1872/1872 1860/1860/1860 1861/1861/1861
f 1872/1872/1872 1861/1861/1861 1871/1871/1871
f 1871/1871/1871 1861/1861/1861 1862/1862/1862
f 1871/1871/1871 1862/1862/1862 1870/1870/1870
f 1870/1870/1870 1862/1862/1862 1863/1863/1863
f 1870/1870/1870 1863/1863/1863 1869/1869/1869
f 1869/1869/1869 1863/1863/1863 1864/1864/1864
f 1869/1869/1869 1864/1864/1864 1868/1868/1868
f 1868/1868/1868 1864/1864/1864 1865/1865/1865
f 1868/1868/1868 1865/1865/1865 1867/1867/1867
f 1867/1867/1867 1865/1865/1865 1866/1866/1866
f 1930/1930/1930 1928/1928/1928 1929/1929/1929
f 1928/1928/1928 1930/1930/1930 1931/1931/1931
f 1928/1928/1928 1931/1931/1931 1927/1927/1927
f 1927/1927/1927 1931/1931/1931 1932/1932/1932
f 1927/1927/1927 1932/1932/1932 1926/1926/1926
f 1926/1926/1926 1932/1932/1932 1933/1933/1933
f 1926/1926/1926 1933/1933/1933 1925/1925/1925
f 1925/1925/1925 1933/1933/1933 1934/1934/1934
f 1925/1925/1925 1934/1934/1934 1924/1924/1924
f 1924/1924/1924 1934/1934/1934 1935/1935/1935
f 1924/1924/1924 1935/1935/1935 1923/1923/1923
f 1923/1923/1923 1935/1935/1935 1936/1936/1936
f 1923/1923/1923 1936/1936/1936 1922/1922/1922
f 1922/1922/1922 1936/1936/1936 1937/1937/1937
f 1922/1922/1922 1937/1937/1937 1921/1921/1921
f 1921/1921/1921 1937/1937/1937 1938/1938/1938
f 1921/1921/1921 1938/1938/1938 1920/1920/1920
f 1920/1920/1920 1938/1938/1938 1939/1939/1939
f 1920/1920/1920 1939/1939/1939 1919/1919/1919
f 1919/1919/1919 1939/1939/1939 1940/1940/1940
f 1919/1919/1919 1940/1940/1940 1918/1918/1918
f 1918/1918/1918 1940/1940/1940 1941/1941/1941
f 1918/1918/1918 1941/1941/1941 1917/1917/1917
f 1917/1917/1917 1941/1941/1941 1942/1942/1942
f 1917/1917/1917 1942/1942/1942 1916/1916/1916
f 1916/1916/1916 1942/1942/1942 1943/1943/1943
f 1916/1916/1916 1943/1943/1943 1915/1915/1915
f 1915/1915/1915 1943/1943/1943 1944/1944/1944
f 1915/1915/1915 1944/1944/1944 1914/1914/1914
f 1914/1914/1914 1944/1944/1944 1881/1881/1881
f 1914/1914/1914 1881/1881/1881 1913/1913/1913
f 1913/1913/1913 1881/1881/1881 1912/1912/1912
f 1912/1912/1912 1881/1881/1881 1882/1882/1882
f 1912/1912/1912 1882/1882/1882 1911/1911/1911
f 1911/1911/1911 1882/1882/1882 1883/1883/1883
f 1911/1911/1911 1883/1883/1883 1910/1910/1910
f 1910/1910/1910 1883/1883/1883 1884/1884/1884
f 1910/1910/1910 1884/1884/1884 1909/1909/1909
f 1909/1909/1909 1884/1884/1884 1885/1885/1885
f 1909/1909/1909 1885/1885/1885 1908/1908/1908
f 1908/1908/1908 1885/1885/1885 1886/1886/1886
f 1908/1908/1908 1886/1886/1886 1907/1907/1907
f 1907/1907/1907 1886/1886/1886 1887/1887/1887
f 1907/1907/1907 1887/1887/1887 1906/1906/1906
f 1906/1906/1906 1887/1887/1887 1888/1888/1888
f 1906/1906/1906 1888/1888/1888 1905/1905/1905
f 1905/1905/1905 1888/1888/1888 1889/1889/1889
f 1905/1905/1905 1889/1889/1889 1904/1904/1904
f 1904/1904/1904 1889/1889/1889 1890/1890/1890
f 1904/1904/1904 1890/1890/1890 1903/1903/1903
f 1903/1903/1903 1890/1890/1890 1891/1891/1891
f 1903/1903/1903 1891/1891/1891 1902/1902/1902
f 1902/1902/1902 1891/1891/1891 1892/1892/1892
f 1902/1902/1902 1892/1892/1892 1901/1901/1901
f 1901/1901/1901 1892/1892/1892 1893/1893/1893
f 1901/1901/1901 1893/1893/1893 1900/1900/1900
f 1900/1900/1900 1893/1893/1893 1894/1894/1894
f 1900/1900/1900 1894/1894/1894 1895/1895/1895
f 1900/1900/1900 1895/1895/1895 1899/1899/1899
f 1899/1899/1899 1895/1895/1895 1898/1898/1898
f 1898/1898/1898 1895/1895/1895 1896/1896/1896
f 1898/1898/1898 1896/1896/1896 1897/1897/1897