# https://github.com/mikedh/trimesh
mtllib material.mtl
usemtl material_0
v 0.00000000 -0.31261547 -0.32998133
v -0.01323607 -0.31193258 -0.32998133
v -0.01323607 -0.31193258 -0.36529213
v 0.00000000 -0.31261547 -0.36529213
v -0.02011851 -0.31091230 -0.32998133
v -0.02700256 -0.30989040 -0.32998133
v -0.02700256 -0.30989040 -0.36529213
v -0.02011851 -0.31091230 -0.36529213
v -0.03375199 -0.30820020 -0.32998133
v -0.04050141 -0.30651001 -0.32998133
v -0.04050141 -0.30651001 -0.36529213
v -0.03375199 -0.30820020 -0.36529213
v -0.05360286 -0.30182061 -0.32998133
v -0.05360286 -0.30182061 -0.36529213
v -0.06618361 -0.29587086 -0.32998133
v -0.06618361 -0.29587086 -0.36529213
v -0.07811879 -0.28871754 -0.32998133
v -0.07811879 -0.28871754 -0.36529213
v -0.08929646 -0.28042716 -0.32998133
v -0.08929646 -0.28042716 -0.36529213
v -0.09960795 -0.27108242 -0.32998133
v -0.09960795 -0.27108242 -0.36529213
v -0.09960795 -0.27108242 -0.32998133
v -0.10895268 -0.26077094 -0.32998133
v -0.10895268 -0.26077094 -0.36529213
v -0.09960795 -0.27108242 -0.36529213
v -0.11724307 -0.24959327 -0.32998133
v -0.11724307 -0.24959327 -0.36529213
v -0.12439639 -0.23765809 -0.32998133
v -0.12439639 -0.23765809 -0.36529213
v -0.13034613 -0.22507733 -0.32998133
v -0.13034613 -0.22507733 -0.36529213
v -0.13503391 -0.21197589 -0.32998133
v -0.13503391 -0.21197589 -0.36529213
v -0.13841592 -0.19847704 -0.32998133
v -0.13841592 -0.19847704 -0.36529213
v -0.14045810 -0.18471217 -0.32998133
v -0.14045810 -0.18471217 -0.36529213
v -0.14045810 0.23382677 -0.32998133
v -0.14045810 0.23382677 -0.36529213
v -0.06372618 0.32453443 -0.36529213
v -0.07572948 0.32341844 -0.36529213
v -0.07572948 0.32341844 -0.32998133
v -0.06372618 0.32453443 -0.32998133
v -0.08743757 0.32009483 -0.36529213
v -0.08743757 0.32009483 -0.32998133
v -0.09856171 0.31464792 -0.36529213
v -0.09856171 0.31464792 -0.32998133
v -0.10882778 0.30721074 -0.36529213
v -0.10882778 0.30721074 -0.32998133
v -0.10882778 0.30721074 -0.36529213
v -0.11798273 0.29796658 -0.36529213
v -0.11798273 0.29796658 -0.32998133
v -0.10882778 0.30721074 -0.32998133
v -0.12580272 0.28714414 -0.36529213
v -0.12580272 0.28714414 -0.32998133
v -0.13209472 0.27500783 -0.36529213
v -0.13209472 0.27500783 -0.32998133
v -0.13670140 0.26185772 -0.36529213
v -0.13670140 0.26185772 -0.32998133
v -0.13951244 0.24801662 -0.36529213
v -0.13951244 0.24801662 -0.32998133
v -0.04262794 -0.18471217 -0.32998133
v 0.00000000 -0.18471217 -0.32998133
v 0.00000000 0.23382677 -0.32998133
v -0.04262794 0.23382677 -0.32998133
v -0.04233759 0.24801662 -0.32998133
v 0.00000000 0.24801662 -0.32998133
v 0.00000000 0.26185772 -0.32998133
v -0.04147628 0.26185772 -0.32998133
v -0.03813319 0.28714414 -0.32998133
v 0.00000000 0.28714414 -0.32998133
v 0.00000000 0.29796658 -0.32998133
v -0.03573416 0.29796658 -0.32998133
v -0.04006183 0.27500783 -0.32998133
v 0.00000000 0.27500783 -0.32998133
v -0.13951244 0.24801662 -0.32998133
v -0.14045810 0.23382677 -0.32998133
v -0.10165013 0.23382677 -0.32998133
v -0.10096399 0.24801662 -0.32998133
v -0.13209472 0.27500783 -0.32998133
v -0.13670140 0.26185772 -0.32998133
v -0.09892668 0.26185772 -0.32998133
v -0.09558684 0.27500783 -0.32998133
v -0.09102558 0.28714414 -0.32998133
v -0.12580272 0.28714414 -0.32998133
v -0.08535646 0.29796658 -0.32998133
v -0.11798273 0.29796658 -0.32998133
v -0.14045810 -0.18471217 -0.32998133
v -0.10165013 -0.18471217 -0.32998133
v -0.09856171 0.31464792 -0.32998133
v -0.10882778 0.30721074 -0.32998133
v -0.07423556 0.23382677 -0.32998133
v -0.07373434 0.24801662 -0.32998133
v -0.07224204 0.26185772 -0.32998133
v -0.06979596 0.27500783 -0.32998133
v -0.06645774 0.28714414 -0.32998133
v -0.06230687 0.29796658 -0.32998133
v -0.07423556 -0.18471217 -0.32998133
v -0.08743757 0.32009483 -0.32998133
v -0.05617708 0.23382677 -0.32998133
v -0.05579589 0.24801662 -0.32998133
v -0.05466369 0.26185772 -0.32998133
v -0.05280804 0.27500783 -0.32998133
v -0.05027437 0.28714414 -0.32998133
v -0.04712432 0.29796658 -0.32998133
v -0.05617708 -0.18471217 -0.32998133
v -0.07572948 0.32341844 -0.32998133
v -0.06372618 0.32453443 -0.32998133
v -0.03326212 -0.21197589 -0.32998133
v 0.00000000 -0.21197589 -0.32998133
v 0.00000000 -0.19847704 -0.32998133
v -0.03410722 -0.19847704 -0.32998133
v -0.03060193 -0.23765809 -0.32998133
v 0.00000000 -0.23765809 -0.32998133
v 0.00000000 -0.22507733 -0.32998133
v -0.03208937 -0.22507733 -0.32998133
v -0.02674141 -0.26077094 -0.32998133
v 0.00000000 -0.26077094 -0.32998133
v 0.00000000 -0.24959327 -0.32998133
v -0.02881441 -0.24959327 -0.32998133
v -0.02182655 -0.28042716 -0.32998133
v 0.00000000 -0.28042716 -0.32998133
v 0.00000000 -0.27108242 -0.32998133
v -0.02440563 -0.27108242 -0.32998133
v -0.01290355 -0.30182061 -0.32998133
v 0.00000000 -0.30182061 -0.32998133
v 0.00000000 -0.29587086 -0.32998133
v -0.01604874 -0.29587086 -0.32998133
v -0.01903334 -0.28871754 -0.32998133
v 0.00000000 -0.28871754 -0.32998133
v -0.05842364 -0.28871754 -0.32998133
v -0.03872849 -0.28871754 -0.32998133
v -0.04431652 -0.28042716 -0.32998133
v -0.06680649 -0.28042716 -0.32998133
v -0.04947145 -0.29587086 -0.32998133
v -0.03276091 -0.29587086 -0.32998133
v -0.07454051 -0.27108242 -0.32998133
v -0.04947307 -0.27108242 -0.32998133
v -0.05414463 -0.26077094 -0.32998133
v -0.08154946 -0.26077094 -0.32998133
v -0.08776685 -0.24959327 -0.32998133
v -0.05829063 -0.24959327 -0.32998133
v -0.06186729 -0.23765809 -0.32998133
v -0.09313103 -0.23765809 -0.32998133
v -0.09759334 -0.22507733 -0.32998133
v -0.06484216 -0.22507733 -0.32998133
v -0.06718605 -0.21197589 -0.32998133
v -0.10110998 -0.21197589 -0.32998133
v -0.04003588 -0.30182061 -0.32998133
v -0.02647053 -0.30182061 -0.32998133
v -0.06887625 -0.19847704 -0.32998133
v -0.10364690 -0.19847704 -0.32998133
v -0.03375199 -0.30820020 -0.32998133
v -0.02700256 -0.30989040 -0.32998133
v -0.02888092 -0.28871754 -0.32998133
v -0.03307234 -0.28042716 -0.32998133
v -0.02440401 -0.29587086 -0.32998133
v -0.03693935 -0.27108242 -0.32998133
v -0.04044302 -0.26077094 -0.32998133
v -0.04355252 -0.24959327 -0.32998133
v -0.04623380 -0.23765809 -0.32998133
v -0.04846577 -0.22507733 -0.32998133
v -0.05022409 -0.21197589 -0.32998133
v -0.01968704 -0.30182061 -0.32998133
v -0.05149255 -0.19847704 -0.32998133
v -0.02011851 -0.31091230 -0.32998133
v -0.01323607 -0.31193258 -0.32998133
v 0.00000000 -0.31261547 -0.32998133
v -0.04050141 -0.30651001 -0.32998133
v -0.05360286 -0.30182061 -0.32998133
v -0.13503391 -0.21197589 -0.32998133
v -0.13841592 -0.19847704 -0.32998133
v -0.12439639 -0.23765809 -0.32998133
v -0.13034613 -0.22507733 -0.32998133
v -0.10895268 -0.26077094 -0.32998133
v -0.11724307 -0.24959327 -0.32998133
v -0.08929646 -0.28042716 -0.32998133
v -0.09960795 -0.27108242 -0.32998133
v -0.06618361 -0.29587086 -0.32998133
v -0.07811879 -0.28871754 -0.32998133
v -0.06372618 0.32453443 -0.36529213
v -0.06372618 0.32453443 -0.32998133
v 0.00000000 0.32453443 -0.32998133
v 0.00000000 0.32453443 -0.35404633
v 0.00000000 0.32453443 -0.32998133
v 0.01323607 -0.31193258 -0.36529213
v 0.01323607 -0.31193258 -0.32998133
v 0.02011851 -0.31091230 -0.32998133
v 0.02011851 -0.31091230 -0.36529213
v 0.02700256 -0.30989040 -0.36529213
v 0.02700256 -0.30989040 -0.32998133
v 0.03375199 -0.30820020 -0.32998133
v 0.03375199 -0.30820020 -0.36529213
v 0.04050141 -0.30651001 -0.36529213
v 0.04050141 -0.30651001 -0.32998133
v 0.05360286 -0.30182061 -0.36529213
v 0.05360286 -0.30182061 -0.32998133
v 0.06618361 -0.29587086 -0.36529213
v 0.06618361 -0.29587086 -0.32998133
v 0.07811879 -0.28871754 -0.36529213
v 0.07811879 -0.28871754 -0.32998133
v 0.08929646 -0.28042716 -0.36529213
v 0.08929646 -0.28042716 -0.32998133
v 0.09960795 -0.27108242 -0.36529213
v 0.09960795 -0.27108242 -0.32998133
v 0.09960795 -0.27108242 -0.32998133
v 0.09960795 -0.27108242 -0.36529213
v 0.10895268 -0.26077094 -0.36529213
v 0.10895268 -0.26077094 -0.32998133
v 0.11724307 -0.24959327 -0.36529213
v 0.11724307 -0.24959327 -0.32998133
v 0.12439639 -0.23765809 -0.36529213
v 0.12439639 -0.23765809 -0.32998133
v 0.13034613 -0.22507733 -0.36529213
v 0.13034613 -0.22507733 -0.32998133
v 0.13503391 -0.21197589 -0.36529213
v 0.13503391 -0.21197589 -0.32998133
v 0.13841592 -0.19847704 -0.36529213
v 0.13841592 -0.19847704 -0.32998133
v 0.14045810 -0.18471217 -0.36529213
v 0.14045810 -0.18471217 -0.32998133
v 0.14045810 0.23382677 -0.36529213
v 0.14045810 0.23382677 -0.32998133
v 0.06372456 0.32453443 -0.36529213
v 0.06372456 0.32453443 -0.32998133
v 0.07572948 0.32341844 -0.32998133
v 0.07572948 0.32341844 -0.36529213
v 0.08743757 0.32009483 -0.32998133
v 0.08743757 0.32009483 -0.36529213
v 0.09856171 0.31464792 -0.32998133
v 0.09856171 0.31464792 -0.36529213
v 0.10882778 0.30721074 -0.32998133
v 0.10882778 0.30721074 -0.36529213
v 0.11798273 0.29796658 -0.32998133
v 0.11798273 0.29796658 -0.36529213
v 0.11798273 0.29796658 -0.36529213
v 0.11798273 0.29796658 -0.32998133
v 0.12580272 0.28714414 -0.32998133
v 0.12580272 0.28714414 -0.36529213
v 0.13209472 0.27500783 -0.32998133
v 0.13209472 0.27500783 -0.36529213
v 0.13670140 0.26185772 -0.32998133
v 0.13670140 0.26185772 -0.36529213
v 0.13951244 0.24801662 -0.32998133
v 0.13951244 0.24801662 -0.36529213
v 0.04262794 -0.18471217 -0.32998133
v 0.04262794 0.23382677 -0.32998133
v 0.04233759 0.24801662 -0.32998133
v 0.04147628 0.26185772 -0.32998133
v 0.03813157 0.28714414 -0.32998133
v 0.03573416 0.29796658 -0.32998133
v 0.04006183 0.27500783 -0.32998133
v 0.13951244 0.24801662 -0.32998133
v 0.10096399 0.24801662 -0.32998133
v 0.10165013 0.23382677 -0.32998133
v 0.14045810 0.23382677 -0.32998133
v 0.13209472 0.27500783 -0.32998133
v 0.09558684 0.27500783 -0.32998133
v 0.09892668 0.26185772 -0.32998133
v 0.13670140 0.26185772 -0.32998133
v 0.12580272 0.28714414 -0.32998133
v 0.09102558 0.28714414 -0.32998133
v 0.11798273 0.29796658 -0.32998133
v 0.08535484 0.29796658 -0.32998133
v 0.14045810 -0.18471217 -0.32998133
v 0.10165013 -0.18471217 -0.32998133
v 0.09856171 0.31464792 -0.32998133
v 0.10882778 0.30721074 -0.32998133
v 0.07373434 0.24801662 -0.32998133
v 0.07423556 0.23382677 -0.32998133
v 0.06979596 0.27500783 -0.32998133
v 0.07224204 0.26185772 -0.32998133
v 0.06645774 0.28714414 -0.32998133
v 0.06230687 0.29796658 -0.32998133
v 0.07423556 -0.18471217 -0.32998133
v 0.08743757 0.32009483 -0.32998133
v 0.05579589 0.24801662 -0.32998133
v 0.05617708 0.23382677 -0.32998133
v 0.05280804 0.27500783 -0.32998133
v 0.05466369 0.26185772 -0.32998133
v 0.05027437 0.28714414 -0.32998133
v 0.04712432 0.29796658 -0.32998133
v 0.05617708 -0.18471217 -0.32998133
v 0.07572948 0.32341844 -0.32998133
v 0.06372456 0.32453443 -0.32998133
v 0.03326212 -0.21197589 -0.32998133
v 0.03410722 -0.19847704 -0.32998133
v 0.03060193 -0.23765809 -0.32998133
v 0.03208937 -0.22507733 -0.32998133
v 0.02674141 -0.26077094 -0.32998133
v 0.02881441 -0.24959327 -0.32998133
v 0.02182655 -0.28042716 -0.32998133
v 0.02440563 -0.27108242 -0.32998133
v 0.01290355 -0.30182061 -0.32998133
v 0.01604874 -0.29587086 -0.32998133
v 0.01903334 -0.28871754 -0.32998133
v 0.05842364 -0.28871754 -0.32998133
v 0.06680649 -0.28042716 -0.32998133
v 0.04431652 -0.28042716 -0.32998133
v 0.03872849 -0.28871754 -0.32998133
v 0.03276091 -0.29587086 -0.32998133
v 0.04947145 -0.29587086 -0.32998133
v 0.07454051 -0.27108242 -0.32998133
v 0.08154946 -0.26077094 -0.32998133
v 0.05414463 -0.26077094 -0.32998133
v 0.04947307 -0.27108242 -0.32998133
v 0.08776685 -0.24959327 -0.32998133
v 0.09313103 -0.23765809 -0.32998133
v 0.06186729 -0.23765809 -0.32998133
v 0.05829063 -0.24959327 -0.32998133
v 0.09759334 -0.22507733 -0.32998133
v 0.10110998 -0.21197589 -0.32998133
v 0.06718605 -0.21197589 -0.32998133
v 0.06484216 -0.22507733 -0.32998133
v 0.04003588 -0.30182061 -0.32998133
v 0.02647053 -0.30182061 -0.32998133
v 0.10364690 -0.19847704 -0.32998133
v 0.06887625 -0.19847704 -0.32998133
v 0.03375199 -0.30820020 -0.32998133
v 0.02700256 -0.30989040 -0.32998133
v 0.02888092 -0.28871754 -0.32998133
v 0.03307234 -0.28042716 -0.32998133
v 0.02440401 -0.29587086 -0.32998133
v 0.03693935 -0.27108242 -0.32998133
v 0.04044302 -0.26077094 -0.32998133
v 0.04355252 -0.24959327 -0.32998133
v 0.04623380 -0.23765809 -0.32998133
v 0.04846577 -0.22507733 -0.32998133
v 0.05022409 -0.21197589 -0.32998133
v 0.01968704 -0.30182061 -0.32998133
v 0.05149255 -0.19847704 -0.32998133
v 0.02011851 -0.31091230 -0.32998133
v 0.01323607 -0.31193258 -0.32998133
v 0.04050141 -0.30651001 -0.32998133
v 0.05360286 -0.30182061 -0.32998133
v 0.13503391 -0.21197589 -0.32998133
v 0.13841592 -0.19847704 -0.32998133
v 0.12439639 -0.23765809 -0.32998133
v 0.13034613 -0.22507733 -0.32998133
v 0.10895268 -0.26077094 -0.32998133
v 0.11724307 -0.24959327 -0.32998133
v 0.08929646 -0.28042716 -0.32998133
v 0.09960795 -0.27108242 -0.32998133
v 0.06618361 -0.29587086 -0.32998133
v 0.07811879 -0.28871754 -0.32998133
v 0.06372456 0.32453443 -0.36529213
v 0.06372456 0.32453443 -0.32998133
v 0.00914684 -0.25716995 -0.21473503
v 0.00914684 -0.25716995 -0.18649807
v 0.00914684 -0.31796505 -0.18649807
v 0.00914684 -0.31796505 -0.21473503
v 0.00914684 -0.31796505 -0.21473503
v 0.00914684 -0.31796505 -0.18649807
v -0.00914522 -0.31796505 -0.18649807
v -0.00914522 -0.31796505 -0.21473503
v -0.00914522 -0.31796505 -0.21473503
v -0.00914522 -0.31796505 -0.18649807
v -0.00914522 -0.25716995 -0.18649807
v -0.00914522 -0.25716995 -0.21473503
v -0.00914522 -0.25716995 -0.21473503
v -0.00914522 -0.25716995 -0.18649807
v 0.00914684 -0.25716995 -0.18649807
v 0.00914684 -0.25716995 -0.21473503
v 0.00914684 -0.31796505 -0.21473503
v -0.00914522 -0.31796505 -0.21473503
v -0.00914522 -0.25716995 -0.21473503
v 0.00914684 -0.25716995 -0.21473503
v -0.00914522 -0.31796505 -0.18649807
v 0.00914684 -0.31796505 -0.18649807
v 0.00914684 -0.25716995 -0.18649807
v -0.00914522 -0.25716995 -0.18649807
v -0.10840929 -0.38038871 -0.18186382
v -0.10893321 -0.39106679 -0.18186382
v -0.10595996 -0.39106679 -0.18186382
v -0.10544901 -0.38068068 -0.18186382
v -0.01048342 -0.49750688 -0.21853553
v -0.00517764 -0.44364287 -0.24486007
v 0.00000000 -0.44389754 -0.24486007
v 0.00000000 -0.49802108 -0.21853553
v 0.01048342 -0.49750688 -0.21853553
v 0.02086628 -0.49596592 -0.21853553
v 0.02125233 -0.49790753 -0.18186382
v 0.01067807 -0.49947607 -0.18186382
v 0.09344733 -0.34111683 -0.18186382
v 0.08810262 -0.33219870 -0.18186382
v 0.08810262 -0.33219870 -0.18606984
v 0.09344733 -0.34111683 -0.18606984
v 0.10064120 -0.43275393 -0.18186382
v 0.10424382 -0.42268738 -0.18186382
v 0.10139709 -0.42182444 -0.18186382
v 0.09789342 -0.43161524 -0.18186382
v -0.06052098 -0.30049051 -0.18186382
v -0.06910658 -0.30685875 -0.18186382
v -0.06722012 -0.30915884 -0.18186382
v -0.05886809 -0.30296417 -0.18186382
v 0.03162221 -0.49530898 -0.18186382
v 0.04168715 -0.49170799 -0.18186382
v 0.04055008 -0.48896021 -0.18186382
v 0.03075927 -0.49246387 -0.18186382
v 0.03162221 -0.28682297 -0.18186382
v 0.02125233 -0.28422604 -0.18186382
v 0.02067163 -0.28714252 -0.18186382
v 0.03075927 -0.28966970 -0.18186382
v -0.08420641 -0.46017337 -0.18186382
v -0.07702714 -0.46809392 -0.18186382
v -0.07492494 -0.46599172 -0.18186382
v -0.08190794 -0.45828690 -0.18186382
v 0.10064120 -0.34937964 -0.18186382
v 0.09607184 -0.33971536 -0.18186382
v 0.09344733 -0.34111683 -0.18186382
v 0.09789342 -0.35051671 -0.18186382
v -0.10684075 -0.36981445 -0.18186382
v -0.10392427 -0.37039515 -0.18186382
v 0.09607184 -0.44241659 -0.18186382
v 0.09344895 -0.44101512 -0.18186382
v -0.01067807 -0.49947607 -0.18186382
v 0.00000000 -0.50000000 -0.18186382
v 0.00000000 -0.49702513 -0.18186382
v -0.01038610 -0.49651580 -0.18186382
v -0.05135143 -0.29499495 -0.18186382
v -0.04994834 -0.29761783 -0.18186382
v 0.02125233 -0.49790753 -0.18186382
v 0.02067163 -0.49498943 -0.18186382
v 0.04168715 -0.29042396 -0.18186382
v 0.04054845 -0.29317174 -0.18186382
v -0.09057465 -0.45158614 -0.18186382
v -0.08810262 -0.44993487 -0.18186382
v 0.10424382 -0.35944457 -0.18186382
v 0.10139709 -0.36030751 -0.18186382
v -0.10424382 -0.35944457 -0.18186382
v -0.10139709 -0.36030751 -0.18186382
v 0.09057465 -0.45158614 -0.18186382
v 0.08810262 -0.44993325 -0.18186382
v -0.04168715 -0.29042396 -0.18186382
v -0.04054845 -0.29317174 -0.18186382
v 0.01067807 -0.49947607 -0.18186382
v 0.01038610 -0.49651580 -0.18186382
v -0.02125233 -0.49790753 -0.18186382
v -0.02067163 -0.49498943 -0.18186382
v 0.05135143 -0.29499495 -0.18186382
v 0.04994834 -0.29761783 -0.18186382
v -0.09607184 -0.44241659 -0.18186382
v -0.09344733 -0.44101512 -0.18186382
v 0.10684075 -0.36981445 -0.18186382
v 0.10392427 -0.37039515 -0.18186382
v -0.10064120 -0.34937964 -0.18186382
v -0.09789342 -0.35051671 -0.18186382
v 0.08420803 -0.46017337 -0.18186382
v 0.08190794 -0.45828690 -0.18186382
v -0.03162221 -0.28682297 -0.18186382
v -0.03075765 -0.28966970 -0.18186382
v -0.03162221 -0.49530898 -0.18186382
v -0.03075765 -0.49246387 -0.18186382
v 0.06052098 -0.30049051 -0.18186382
v 0.05886809 -0.30296417 -0.18186382
v -0.10064120 -0.43275393 -0.18186382
v -0.09789342 -0.43161524 -0.18186382
v 0.10840929 -0.38038871 -0.18186382
v 0.10544901 -0.38068068 -0.18186382
v -0.09607184 -0.33971536 -0.18186382
v -0.09344733 -0.34111683 -0.18186382
v 0.07702876 -0.46809392 -0.18186382
v 0.07492494 -0.46599010 -0.18186382
v -0.02125233 -0.28422604 -0.18186382
v -0.02067163 -0.28714252 -0.18186382
v -0.04168715 -0.49170799 -0.18186382
v -0.04054845 -0.48896021 -0.18186382
v 0.06910658 -0.30685875 -0.18186382
v 0.06722012 -0.30915884 -0.18186382
v -0.10424382 -0.42268738 -0.18186382
v -0.10139709 -0.42182444 -0.18186382
v 0.10893321 -0.39106679 -0.18186382
v 0.10595996 -0.39106679 -0.18186382
v -0.09057465 -0.33054581 -0.18186382
v -0.08810262 -0.33219870 -0.18186382
v 0.06910658 -0.47527320 -0.18186382
v 0.06722012 -0.47297310 -0.18186382
v -0.01067807 -0.28265750 -0.18186382
v -0.01038610 -0.28561615 -0.18186382
v -0.05135143 -0.48713700 -0.18186382
v -0.04994834 -0.48451412 -0.18186382
v 0.07702876 -0.31403802 -0.18186382
v 0.07492494 -0.31614185 -0.18186382
v -0.10684075 -0.41231750 -0.18186382
v -0.10392427 -0.41173842 -0.18186382
v 0.10840929 -0.40174324 -0.18186382
v 0.10544901 -0.40145126 -0.18186382
v -0.08420641 -0.32195858 -0.18186382
v -0.08190794 -0.32384667 -0.18186382
v 0.06052098 -0.48164144 -0.18186382
v 0.05886809 -0.47916778 -0.18186382
v 0.00000000 -0.28213195 -0.18186382
v 0.00000000 -0.28510682 -0.18186382
v -0.06052098 -0.48164144 -0.18186382
v -0.05886809 -0.47916778 -0.18186382
v 0.08420641 -0.32195858 -0.18186382
v 0.08190794 -0.32384667 -0.18186382
v -0.10840929 -0.40174324 -0.18186382
v -0.10544901 -0.40145126 -0.18186382
v 0.10684075 -0.41231750 -0.18186382
v 0.10392427 -0.41173842 -0.18186382
v -0.07702714 -0.31403802 -0.18186382
v -0.07492494 -0.31614185 -0.18186382
v 0.05135143 -0.48713700 -0.18186382
v 0.04994996 -0.48451412 -0.18186382
v 0.01067807 -0.28265750 -0.18186382
v 0.01038610 -0.28561615 -0.18186382
v -0.06910658 -0.47527320 -0.18186382
v -0.06722012 -0.47297473 -0.18186382
v 0.09057465 -0.33054581 -0.18186382
v 0.08810262 -0.33219870 -0.18186382
v -0.10544901 -0.38068068 -0.18186382
v -0.10595996 -0.39106679 -0.18186382
v -0.10595996 -0.39106679 -0.18606984
v -0.10544901 -0.38068068 -0.18606984
v 0.09789342 -0.35051671 -0.18186382
v 0.09789342 -0.35051671 -0.18606984
v -0.10392427 -0.37039515 -0.18186382
v -0.10392427 -0.37039515 -0.18606984
v 0.10139709 -0.36030751 -0.18186382
v 0.10139709 -0.36030751 -0.18606984
v -0.10139709 -0.36030751 -0.18186382
v -0.10139709 -0.36030751 -0.18606984
v 0.10392427 -0.37039515 -0.18186382
v 0.10392427 -0.37039515 -0.18606984
v -0.09789342 -0.35051671 -0.18186382
v -0.09789342 -0.35051671 -0.18606984
v 0.10544901 -0.38068068 -0.18186382
v 0.10544901 -0.38068068 -0.18606984
v -0.09344733 -0.34111683 -0.18186382
v -0.09344733 -0.34111683 -0.18606984
v 0.10595996 -0.39106679 -0.18186382
v 0.10595996 -0.39106679 -0.18606984
v -0.08810262 -0.33219870 -0.18186382
v -0.08810262 -0.33219870 -0.18606984
v 0.10544901 -0.40145126 -0.18186382
v 0.10544901 -0.40145126 -0.18606984
v -0.08190794 -0.32384667 -0.18186382
v -0.08190794 -0.32384667 -0.18606984
v 0.10392427 -0.41173842 -0.18186382
v 0.10392427 -0.41173842 -0.18606984
v -0.07492494 -0.31614185 -0.18186382
v -0.07492494 -0.31614185 -0.18606984
v 0.10139709 -0.42182444 -0.18186382
v 0.10139709 -0.42182444 -0.18606984
v -0.06722012 -0.30915884 -0.18186382
v -0.07492494 -0.31614185 -0.18186382
v -0.07492494 -0.31614185 -0.18606984
v -0.06722012 -0.30915884 -0.18606984
v 0.09789342 -0.43161524 -0.18186382
v 0.09789342 -0.43161524 -0.18606984
v -0.05886809 -0.30296417 -0.18186382
v -0.05886809 -0.30296417 -0.18606984
v 0.09344895 -0.44101512 -0.18186382
v 0.09344895 -0.44101512 -0.18606984
v -0.04994834 -0.29761783 -0.18186382
v -0.04994834 -0.29761783 -0.18606984
v -0.01038610 -0.49651580 -0.18186382
v 0.00000000 -0.49702513 -0.18186382
v 0.00000000 -0.49702513 -0.18606984
v -0.01038610 -0.49651580 -0.18606984
v 0.08810262 -0.44993325 -0.18186382
v 0.08810262 -0.44993325 -0.18606984
v -0.04054845 -0.29317174 -0.18186382
v -0.04054845 -0.29317174 -0.18606984
v -0.02067163 -0.49498943 -0.18186382
v -0.02067163 -0.49498943 -0.18606984
v 0.08190794 -0.45828690 -0.18186382
v 0.08190794 -0.45828690 -0.18606984
v -0.03075765 -0.28966970 -0.18186382
v -0.03075765 -0.28966970 -0.18606984
v -0.03075765 -0.49246387 -0.18186382
v -0.03075765 -0.49246387 -0.18606984
v 0.07492494 -0.46599010 -0.18186382
v 0.07492494 -0.46599010 -0.18606984
v -0.02067163 -0.28714252 -0.18186382
v -0.02067163 -0.28714252 -0.18606984
v -0.04054845 -0.48896021 -0.18186382
v -0.04054845 -0.48896021 -0.18606984
v 0.06722012 -0.47297310 -0.18186382
v 0.07492494 -0.46599010 -0.18186382
v 0.07492494 -0.46599010 -0.18606984
v 0.06722012 -0.47297310 -0.18606984
v -0.01038610 -0.28561615 -0.18186382
v -0.01038610 -0.28561615 -0.18606984
v -0.04994834 -0.48451412 -0.18186382
v -0.04994834 -0.48451412 -0.18606984
v 0.05886809 -0.47916778 -0.18186382
v 0.05886809 -0.47916778 -0.18606984
v 0.00000000 -0.28510682 -0.18186382
v 0.00000000 -0.28510682 -0.18606984
v -0.05886809 -0.47916778 -0.18186382
v -0.05886809 -0.47916778 -0.18606984
v 0.04994996 -0.48451412 -0.18186382
v 0.04994996 -0.48451412 -0.18606984
v 0.01038610 -0.28561615 -0.18186382
v 0.01038610 -0.28561615 -0.18606984
v -0.06722012 -0.47297473 -0.18186382
v -0.06722012 -0.47297473 -0.18606984
v 0.04055008 -0.48896021 -0.18186382
v 0.04055008 -0.48896021 -0.18606984
v 0.02067163 -0.28714252 -0.18186382
v 0.02067163 -0.28714252 -0.18606984
v -0.07492494 -0.46599172 -0.18186382
v -0.07492494 -0.46599172 -0.18606984
v 0.03075927 -0.49246387 -0.18186382
v 0.03075927 -0.49246387 -0.18606984
v 0.03075927 -0.28966970 -0.18186382
v 0.03075927 -0.28966970 -0.18606984
v -0.08190794 -0.45828690 -0.18186382
v -0.07492494 -0.46599172 -0.18186382
v -0.07492494 -0.46599172 -0.18606984
v -0.08190794 -0.45828690 -0.18606984
v 0.02067163 -0.49498943 -0.18186382
v 0.02067163 -0.49498943 -0.18606984
v 0.04054845 -0.29317174 -0.18186382
v 0.04054845 -0.29317174 -0.18606984
v -0.08810262 -0.44993487 -0.18186382
v -0.08810262 -0.44993487 -0.18606984
v 0.01038610 -0.49651580 -0.18186382
v 0.01038610 -0.49651580 -0.18606984
v 0.04994834 -0.29761783 -0.18186382
v 0.04994834 -0.29761783 -0.18606984
v -0.09344733 -0.44101512 -0.18186382
v -0.09344733 -0.44101512 -0.18606984
v 0.05886809 -0.30296417 -0.18186382
v 0.05886809 -0.30296417 -0.18606984
v -0.09789342 -0.43161524 -0.18186382
v -0.09789342 -0.43161524 -0.18606984
v 0.06722012 -0.30915884 -0.18186382
v 0.06722012 -0.30915884 -0.18606984
v -0.10139709 -0.42182444 -0.18186382
v -0.10139709 -0.42182444 -0.18606984
v 0.07492494 -0.31614185 -0.18186382
v 0.07492494 -0.31614185 -0.18606984
v -0.10392427 -0.41173842 -0.18186382
v -0.10392427 -0.41173842 -0.18606984
v 0.08190794 -0.32384667 -0.18186382
v 0.07492494 -0.31614185 -0.18186382
v 0.07492494 -0.31614185 -0.18606984
v 0.08190794 -0.32384667 -0.18606984
v -0.10544901 -0.40145126 -0.18186382
v -0.10544901 -0.40145126 -0.18606984
v 0.05041874 -0.29674029 -0.21853553
v 0.04092964 -0.29225203 -0.21853553
v 0.04168715 -0.29042396 -0.18186382
v 0.05135143 -0.29499495 -0.18186382
v -0.09432649 -0.44148390 -0.21853553
v -0.08892987 -0.45048800 -0.21853553
v -0.09057465 -0.45158614 -0.18186382
v -0.09607184 -0.44241659 -0.18186382
v 0.10490075 -0.37020050 -0.21853553
v 0.10235086 -0.36001878 -0.21853553
v 0.10424382 -0.35944457 -0.18186382
v 0.10684075 -0.36981445 -0.18186382
v -0.09881475 -0.35013552 -0.21853553
v -0.10235086 -0.36001878 -0.21853553
v -0.10424382 -0.35944457 -0.18186382
v -0.10064120 -0.34937964 -0.18186382
v 0.08267842 -0.45891789 -0.21853553
v 0.08892987 -0.45048800 -0.21853553
v 0.09057465 -0.45158614 -0.18186382
v 0.08420803 -0.46017337 -0.18186382
v -0.02086628 -0.49596592 -0.21853553
v -0.01048342 -0.49750688 -0.21853553
v -0.01067807 -0.49947607 -0.18186382
v -0.02125233 -0.49790753 -0.18186382
v -0.03104800 -0.28871592 -0.21853553
v -0.04092964 -0.29225203 -0.21853553
v -0.04168715 -0.29042396 -0.18186382
v -0.03162221 -0.28682297 -0.18186382
v 0.00000000 -0.49802108 -0.21853553
v 0.00000000 -0.50000000 -0.18186382
v 0.05942121 -0.30213529 -0.21853553
v 0.06052098 -0.30049051 -0.18186382
v -0.09881475 -0.43199642 -0.21853553
v -0.10064120 -0.43275393 -0.18186382
v 0.10644010 -0.38058336 -0.21853553
v 0.10840929 -0.38038871 -0.18186382
v -0.09432649 -0.34064805 -0.21853553
v -0.09607184 -0.33971536 -0.18186382
v 0.07562892 -0.46669570 -0.21853553
v 0.07702876 -0.46809392 -0.18186382
v -0.02086628 -0.28616603 -0.21853553
v -0.02125233 -0.28422604 -0.18186382
v -0.04092964 -0.48987992 -0.21853553
v -0.03104800 -0.49341603 -0.21853553
v -0.03162221 -0.49530898 -0.18186382
v -0.04168715 -0.49170799 -0.18186382
v 0.06785272 -0.30838836 -0.21853553
v 0.06910658 -0.30685875 -0.18186382
v -0.10235086 -0.42211317 -0.21853553
v -0.10424382 -0.42268738 -0.18186382
v 0.10695591 -0.39106679 -0.21853553
v 0.10893321 -0.39106679 -0.18186382
v -0.08892987 -0.33164557 -0.21853553
v -0.09057465 -0.33054581 -0.18186382
v 0.06785272 -0.47374359 -0.21853553
v 0.07562892 -0.46669570 -0.21853553
v 0.07702876 -0.46809392 -0.18186382
v 0.06910658 -0.47527320 -0.18186382
v -0.01048342 -0.28462507 -0.21853553
v -0.01067807 -0.28265750 -0.18186382
v -0.05041874 -0.48539328 -0.21853553
v -0.05135143 -0.48713700 -0.18186382
v 0.07562892 -0.31543787 -0.21853553
v 0.07702876 -0.31403802 -0.18186382
v -0.10490075 -0.41193144 -0.21853553
v -0.10684075 -0.41231750 -0.18186382
v 0.10644010 -0.40155021 -0.21853553
v 0.10840929 -0.40174324 -0.18186382
v -0.08267842 -0.32321406 -0.21853553
v -0.08420641 -0.32195858 -0.18186382
v 0.05942121 -0.47999666 -0.21853553
v 0.06052098 -0.48164144 -0.18186382
v 0.00000000 -0.28411087 -0.21853553
v 0.00000000 -0.28213195 -0.18186382
v -0.05942121 -0.47999666 -0.21853553
v -0.06052098 -0.48164144 -0.18186382
v 0.08267842 -0.32321406 -0.21853553
v 0.07562892 -0.31543787 -0.21853553
v 0.07702876 -0.31403802 -0.18186382
v 0.08420641 -0.32195858 -0.18186382
v -0.10644010 -0.40155021 -0.21853553
v -0.10840929 -0.40174324 -0.18186382
v 0.10490075 -0.41193144 -0.21853553
v 0.10684075 -0.41231750 -0.18186382
v -0.07562892 -0.31543787 -0.21853553
v -0.07702714 -0.31403802 -0.18186382
v 0.05041874 -0.48539166 -0.21853553
v 0.05135143 -0.48713700 -0.18186382
v 0.01048342 -0.28462507 -0.21853553
v 0.01067807 -0.28265750 -0.18186382
v -0.06785110 -0.47374359 -0.21853553
v -0.06910658 -0.47527320 -0.18186382
v 0.08892987 -0.33164557 -0.21853553
v 0.09057465 -0.33054581 -0.18186382
v -0.10695591 -0.39106679 -0.21853553
v -0.10893321 -0.39106679 -0.18186382
v 0.10235086 -0.42211317 -0.21853553
v 0.10424382 -0.42268738 -0.18186382
v -0.06785110 -0.30838836 -0.21853553
v -0.07562892 -0.31543787 -0.21853553
v -0.07702714 -0.31403802 -0.18186382
v -0.06910658 -0.30685875 -0.18186382
v 0.04092964 -0.48987992 -0.21853553
v 0.04168715 -0.49170799 -0.18186382
v 0.02086628 -0.28616603 -0.21853553
v 0.02125233 -0.28422604 -0.18186382
v -0.07562892 -0.46669570 -0.21853553
v -0.07702714 -0.46809392 -0.18186382
v 0.09432649 -0.34064805 -0.21853553
v 0.09607184 -0.33971536 -0.18186382
v -0.10644010 -0.38058336 -0.21853553
v -0.10840929 -0.38038871 -0.18186382
v 0.09881475 -0.43199642 -0.21853553
v 0.10064120 -0.43275393 -0.18186382
v -0.05942121 -0.30213529 -0.21853553
v -0.06052098 -0.30049051 -0.18186382
v 0.03104800 -0.49341603 -0.21853553
v 0.03162221 -0.49530898 -0.18186382
v 0.03104800 -0.28871592 -0.21853553
v 0.03162221 -0.28682297 -0.18186382
v -0.08267842 -0.45891789 -0.21853553
v -0.07562892 -0.46669570 -0.21853553
v -0.07702714 -0.46809392 -0.18186382
v -0.08420641 -0.46017337 -0.18186382
v 0.09881475 -0.35013552 -0.21853553
v 0.10064120 -0.34937964 -0.18186382
v -0.10490075 -0.37020050 -0.21853553
v -0.10684075 -0.36981445 -0.18186382
v 0.09432649 -0.44148390 -0.21853553
v 0.09607184 -0.44241659 -0.18186382
v -0.05041874 -0.29674029 -0.21853553
v -0.05135143 -0.29499495 -0.18186382
v -0.02086628 -0.49596592 -0.21853553
v -0.01030662 -0.44288212 -0.24486007
v -0.03104800 -0.49341603 -0.21853553
v -0.01533665 -0.44162178 -0.24486007
v -0.04092964 -0.48987992 -0.21853553
v -0.02021745 -0.43987481 -0.24486007
v -0.05041874 -0.48539328 -0.21853553
v -0.02490361 -0.43765906 -0.24486007
v -0.05942121 -0.47999666 -0.21853553
v -0.02935132 -0.43499238 -0.24486007
v -0.06785110 -0.47374359 -0.21853553
v -0.03351517 -0.43190397 -0.24486007
v -0.07562892 -0.46669570 -0.21853553
v -0.03735622 -0.42842301 -0.24486007
v -0.08267842 -0.45891789 -0.21853553
v -0.04083880 -0.42458195 -0.24486007
v -0.08892987 -0.45048800 -0.21853553
v -0.04392722 -0.42041648 -0.24486007
v -0.09432649 -0.44148390 -0.21853553
v -0.04659228 -0.41597039 -0.24486007
v -0.09881475 -0.43199642 -0.21853553
v -0.04880965 -0.41128424 -0.24486007
v -0.10235086 -0.42211317 -0.21853553
v -0.05055499 -0.40640182 -0.24486007
v -0.10490075 -0.41193144 -0.21853553
v -0.05181534 -0.40137340 -0.24486007
v -0.10644010 -0.40155021 -0.21853553
v -0.05257609 -0.39624443 -0.24486007
v -0.10695591 -0.39106679 -0.21853553
v -0.05283075 -0.39106679 -0.24486007
v -0.10644010 -0.38058336 -0.21853553
v -0.05257609 -0.38588752 -0.24486007
v -0.10490075 -0.37020050 -0.21853553
v -0.05181534 -0.38076017 -0.24486007
v -0.10235086 -0.36001878 -0.21853553
v -0.05055499 -0.37573013 -0.24486007
v -0.09881475 -0.35013552 -0.21853553
v -0.04880965 -0.37084933 -0.24486007
v -0.09432649 -0.34064805 -0.21853553
v -0.04659228 -0.36616155 -0.24486007
v -0.08892987 -0.33164557 -0.21853553
v -0.04392722 -0.36171547 -0.24486007
v -0.08267842 -0.32321406 -0.21853553
v -0.04083880 -0.35755162 -0.24486007
v -0.07562892 -0.31543787 -0.21853553
v -0.03735622 -0.35370894 -0.24486007
v -0.06785110 -0.30838836 -0.21853553
v -0.03351517 -0.35022798 -0.24486007
v -0.05942121 -0.30213529 -0.21853553
v -0.02935132 -0.34713956 -0.24486007
v -0.05041874 -0.29674029 -0.21853553
v -0.02490361 -0.34447451 -0.24486007
v -0.04092964 -0.29225203 -0.21853553
v -0.02021745 -0.34225714 -0.24486007
v -0.03104800 -0.28871592 -0.21853553
v -0.01533503 -0.34051017 -0.24486007
v -0.02086628 -0.28616603 -0.21853553
v -0.01030662 -0.33925145 -0.24486007
v -0.01048342 -0.28462507 -0.21853553
v -0.00517764 -0.33849070 -0.24486007
v 0.00000000 -0.28411087 -0.21853553
v 0.00000000 -0.33823603 -0.24486007
v 0.01048342 -0.28462507 -0.21853553
v 0.00517764 -0.33849070 -0.24486007
v 0.02086628 -0.28616603 -0.21853553
v 0.01030662 -0.33925145 -0.24486007
v 0.03104800 -0.28871592 -0.21853553
v 0.01533665 -0.34051017 -0.24486007
v 0.04092964 -0.29225203 -0.21853553
v 0.02021745 -0.34225714 -0.24486007
v 0.05041874 -0.29674029 -0.21853553
v 0.02490361 -0.34447451 -0.24486007
v 0.05942121 -0.30213529 -0.21853553
v 0.02935132 -0.34713956 -0.24486007
v 0.06785272 -0.30838836 -0.21853553
v 0.03351517 -0.35022798 -0.24486007
v 0.07562892 -0.31543787 -0.21853553
v 0.03735622 -0.35370894 -0.24486007
v 0.08267842 -0.32321406 -0.21853553
v 0.04083880 -0.35755162 -0.24486007
v 0.08892987 -0.33164557 -0.21853553
v 0.04392722 -0.36171547 -0.24486007
v 0.09432649 -0.34064805 -0.21853553
v 0.04659228 -0.36616155 -0.24486007
v 0.09881475 -0.35013552 -0.21853553
v 0.04880965 -0.37084933 -0.24486007
v 0.10235086 -0.36001878 -0.21853553
v 0.05055499 -0.37573013 -0.24486007
v 0.10490075 -0.37020050 -0.21853553
v 0.05181534 -0.38076017 -0.24486007
v 0.10644010 -0.38058336 -0.21853553
v 0.05257609 -0.38588752 -0.24486007
v 0.10695591 -0.39106679 -0.21853553
v 0.05283075 -0.39106679 -0.24486007
v 0.10644010 -0.40155021 -0.21853553
v 0.05257609 -0.39624443 -0.24486007
v 0.10490075 -0.41193144 -0.21853553
v 0.05181534 -0.40137340 -0.24486007
v 0.10235086 -0.42211317 -0.21853553
v 0.05055499 -0.40640182 -0.24486007
v 0.09881475 -0.43199642 -0.21853553
v 0.04880965 -0.41128424 -0.24486007
v 0.09432649 -0.44148390 -0.21853553
v 0.04659228 -0.41597039 -0.24486007
v 0.08892987 -0.45048800 -0.21853553
v 0.04392722 -0.42041648 -0.24486007
v 0.08267842 -0.45891789 -0.21853553
v 0.04083880 -0.42458195 -0.24486007
v 0.07562892 -0.46669570 -0.21853553
v 0.03735622 -0.42842301 -0.24486007
v 0.06785272 -0.47374359 -0.21853553
v 0.03351517 -0.43190397 -0.24486007
v 0.05942121 -0.47999666 -0.21853553
v 0.02935132 -0.43499238 -0.24486007
v 0.05041874 -0.48539166 -0.21853553
v 0.02490361 -0.43765906 -0.24486007
v 0.04092964 -0.48987992 -0.21853553
v 0.02021745 -0.43987481 -0.24486007
v 0.03104800 -0.49341603 -0.21853553
v 0.01533665 -0.44162178 -0.24486007
v 0.02086628 -0.49596592 -0.21853553
v 0.01030662 -0.44288212 -0.24486007
v 0.01048342 -0.49750688 -0.21853553
v 0.00517926 -0.44364287 -0.24486007
v -0.00310139 -0.42256086 -0.25046756
v 0.00000000 -0.42271333 -0.25046756
v -0.00617359 -0.42210505 -0.25046756
v -0.00918577 -0.42135079 -0.25046756
v -0.01211036 -0.42030456 -0.25046756
v -0.01491816 -0.41897609 -0.25046756
v -0.01758159 -0.41737997 -0.25046756
v -0.02007633 -0.41552919 -0.25046756
v -0.02237805 -0.41344321 -0.25046756
v -0.02446241 -0.41114312 -0.25046756
v -0.02631319 -0.40864838 -0.25046756
v -0.02790930 -0.40598494 -0.25046756
v -0.02923777 -0.40317714 -0.25046756
v -0.03028401 -0.40025256 -0.25046756
v -0.03103827 -0.39724038 -0.25046756
v -0.03149407 -0.39416818 -0.25046756
v -0.03164654 -0.39106679 -0.25046756
v -0.03149407 -0.38796377 -0.25046756
v -0.03103827 -0.38489157 -0.25046756
v -0.03028401 -0.38187939 -0.25046756
v -0.02923777 -0.37895480 -0.25046756
v -0.02790930 -0.37614863 -0.25046756
v -0.02631319 -0.37348357 -0.25046756
v -0.02446241 -0.37099045 -0.25046756
v -0.02237805 -0.36868874 -0.25046756
v -0.02007633 -0.36660276 -0.25046756
v -0.01758159 -0.36475360 -0.25046756
v -0.01491816 -0.36315586 -0.25046756
v -0.01211036 -0.36182901 -0.25046756
v -0.00918577 -0.36078278 -0.25046756
v -0.00617359 -0.36002689 -0.25046756
v -0.00310139 -0.35957271 -0.25046756
v 0.00000000 -0.35942024 -0.25046756
v 0.00310139 -0.35957271 -0.25046756
v 0.00617359 -0.36002689 -0.25046756
v 0.00918739 -0.36078278 -0.25046756
v 0.01211036 -0.36182901 -0.25046756
v 0.01491816 -0.36315586 -0.25046756
v 0.01758159 -0.36475360 -0.25046756
v 0.02007633 -0.36660276 -0.25046756
v 0.02237805 -0.36868874 -0.25046756
v 0.02446403 -0.37099045 -0.25046756
v 0.02631319 -0.37348357 -0.25046756
v 0.02790930 -0.37614863 -0.25046756
v 0.02923777 -0.37895480 -0.25046756
v 0.03028401 -0.38187939 -0.25046756
v 0.03103827 -0.38489157 -0.25046756
v 0.03149407 -0.38796377 -0.25046756
v 0.03164654 -0.39106679 -0.25046756
v 0.03149407 -0.39416818 -0.25046756
v 0.03103827 -0.39724038 -0.25046756
v 0.03028401 -0.40025256 -0.25046756
v 0.02923777 -0.40317714 -0.25046756
v 0.02790930 -0.40598494 -0.25046756
v 0.02631319 -0.40864838 -0.25046756
v 0.02446403 -0.41114312 -0.25046756
v 0.02237805 -0.41344321 -0.25046756
v 0.02007633 -0.41552919 -0.25046756
v 0.01758159 -0.41737997 -0.25046756
v 0.01491816 -0.41897609 -0.25046756
v 0.01211036 -0.42030456 -0.25046756
v 0.00918739 -0.42135079 -0.25046756
v 0.00617359 -0.42210505 -0.25046756
v 0.00310139 -0.42256086 -0.25046756
v -0.00185565 -0.40991035 -0.25221291
v 0.00000000 -0.41000118 -0.25221291
v -0.00369345 -0.40963784 -0.25221291
v -0.00549719 -0.40918528 -0.25221291
v -0.00724578 -0.40855917 -0.25221291
v -0.00892624 -0.40776597 -0.25221291
v -0.01051911 -0.40681058 -0.25221291
v -0.01201141 -0.40570270 -0.25221291
v -0.01338855 -0.40445533 -0.25221291
v -0.01463754 -0.40307820 -0.25221291
v -0.01574379 -0.40158590 -0.25221291
v -0.01669919 -0.39999140 -0.25221291
v -0.01749400 -0.39831256 -0.25221291
v -0.01812012 -0.39656235 -0.25221291
v -0.01857106 -0.39476023 -0.25221291
v -0.01884356 -0.39292243 -0.25221291
v -0.01893440 -0.39106679 -0.25221291
v -0.01884356 -0.38920952 -0.25221291
v -0.01857106 -0.38737171 -0.25221291
v -0.01812012 -0.38556960 -0.25221291
v -0.01749400 -0.38381939 -0.25221291
v -0.01669919 -0.38214055 -0.25221291
v -0.01574379 -0.38054605 -0.25221291
v -0.01463754 -0.37905375 -0.25221291
v -0.01338855 -0.37767661 -0.25221291
v -0.01201141 -0.37642924 -0.25221291
v -0.01051911 -0.37532299 -0.25221291
v -0.00892624 -0.37436760 -0.25221291
v -0.00724578 -0.37357278 -0.25221291
v -0.00549719 -0.37294666 -0.25221291
v -0.00369345 -0.37249573 -0.25221291
v -0.00185565 -0.37222322 -0.25221291
v 0.00000000 -0.37213076 -0.25221291
v 0.00185565 -0.37222322 -0.25221291
v 0.00369345 -0.37249573 -0.25221291
v 0.00549719 -0.37294666 -0.25221291
v 0.00724578 -0.37357278 -0.25221291
v 0.00892624 -0.37436760 -0.25221291
v 0.01051911 -0.37532299 -0.25221291
v 0.01201141 -0.37642924 -0.25221291
v 0.01338855 -0.37767661 -0.25221291
v 0.01463754 -0.37905375 -0.25221291
v 0.01574379 -0.38054605 -0.25221291
v 0.01669919 -0.38214055 -0.25221291
v 0.01749400 -0.38381939 -0.25221291
v 0.01812012 -0.38556960 -0.25221291
v 0.01857106 -0.38737171 -0.25221291
v 0.01884356 -0.38920952 -0.25221291
v 0.01893440 -0.39106679 -0.25221291
v 0.01884356 -0.39292243 -0.25221291
v 0.01857106 -0.39476023 -0.25221291
v 0.01812012 -0.39656235 -0.25221291
v 0.01749400 -0.39831256 -0.25221291
v 0.01669919 -0.39999140 -0.25221291
v 0.01574379 -0.40158590 -0.25221291
v 0.01463754 -0.40307820 -0.25221291
v 0.01338855 -0.40445533 -0.25221291
v 0.01201141 -0.40570270 -0.25221291
v 0.01051911 -0.40681058 -0.25221291
v 0.00892624 -0.40776435 -0.25221291
v 0.00724578 -0.40855917 -0.25221291
v 0.00549719 -0.40918528 -0.25221291
v 0.00369345 -0.40963784 -0.25221291
v 0.00185565 -0.40991035 -0.25221291
v -0.00082563 -0.39944801 -0.25317155
v 0.00000000 -0.39948856 -0.25317155
v -0.00164315 -0.39932636 -0.25317155
v -0.00244446 -0.39912522 -0.25317155
v -0.00322305 -0.39884785 -0.25317155
v -0.00397082 -0.39849423 -0.25317155
v -0.00467967 -0.39806925 -0.25317155
v -0.00534309 -0.39757614 -0.25317155
v -0.00595461 -0.39702140 -0.25317155
v -0.00651098 -0.39640988 -0.25317155
v -0.00700247 -0.39574483 -0.25317155
v -0.00742745 -0.39503599 -0.25317155
v -0.00778106 -0.39428983 -0.25317155
v -0.00806006 -0.39351124 -0.25317155
v -0.00825957 -0.39270994 -0.25317155
v -0.00838122 -0.39189242 -0.25317155
v -0.00842178 -0.39106679 -0.25317155
v -0.00838122 -0.39024115 -0.25317155
v -0.00825957 -0.38942363 -0.25317155
v -0.00806006 -0.38862071 -0.25317155
v -0.00778106 -0.38784374 -0.25317155
v -0.00742745 -0.38709596 -0.25317155
v -0.00700247 -0.38638712 -0.25317155
v -0.00651098 -0.38572369 -0.25317155
v -0.00595461 -0.38511055 -0.25317155
v -0.00534309 -0.38455580 -0.25317155
v -0.00467967 -0.38406270 -0.25317155
v -0.00397082 -0.38363771 -0.25317155
v -0.00322305 -0.38328573 -0.25317155
v -0.00244446 -0.38300673 -0.25317155
v -0.00164315 -0.38280559 -0.25317155
v -0.00082563 -0.38268394 -0.25317155
v 0.00000000 -0.38264339 -0.25317155
v 0.00082563 -0.38268394 -0.25317155
v 0.00164315 -0.38280559 -0.25317155
v 0.00244446 -0.38300673 -0.25317155
v 0.00322305 -0.38328573 -0.25317155
v 0.00397082 -0.38363771 -0.25317155
v 0.00467967 -0.38406270 -0.25317155
v 0.00534309 -0.38455580 -0.25317155
v 0.00595623 -0.38511055 -0.25317155
v 0.00651098 -0.38572369 -0.25317155
v 0.00700247 -0.38638712 -0.25317155
v 0.00742745 -0.38709596 -0.25317155
v 0.00778106 -0.38784374 -0.25317155
v 0.00806006 -0.38862071 -0.25317155
v 0.00826119 -0.38942363 -0.25317155
v 0.00838122 -0.39024115 -0.25317155
v 0.00842178 -0.39106679 -0.25317155
v 0.00838122 -0.39189242 -0.25317155
v 0.00826119 -0.39270994 -0.25317155
v 0.00806006 -0.39351124 -0.25317155
v 0.00778106 -0.39428983 -0.25317155
v 0.00742745 -0.39503599 -0.25317155
v 0.00700247 -0.39574483 -0.25317155
v 0.00651098 -0.39640988 -0.25317155
v 0.00595623 -0.39702140 -0.25317155
v 0.00534309 -0.39757614 -0.25317155
v 0.00467967 -0.39806925 -0.25317155
v 0.00397082 -0.39849423 -0.25317155
v 0.00322305 -0.39884785 -0.25317155
v 0.00244446 -0.39912522 -0.25317155
v 0.00164315 -0.39932636 -0.25317155
v 0.00082563 -0.39944801 -0.25317155
v -0.00033901 -0.39450233 -0.25330294
v 0.00000000 -0.39451855 -0.25330294
v -0.00067316 -0.39445204 -0.25330294
v -0.00100244 -0.39436932 -0.25330294
v -0.00132036 -0.39425577 -0.25330294
v -0.00162693 -0.39411141 -0.25330294
v -0.00191728 -0.39393622 -0.25330294
v -0.00218979 -0.39373509 -0.25330294
v -0.00244121 -0.39350800 -0.25330294
v -0.00266830 -0.39325658 -0.25330294
v -0.00287106 -0.39298407 -0.25330294
v -0.00304462 -0.39269372 -0.25330294
v -0.00318899 -0.39238715 -0.25330294
v -0.00330415 -0.39206760 -0.25330294
v -0.00338526 -0.39173994 -0.25330294
v -0.00343554 -0.39140418 -0.25330294
v -0.00345176 -0.39106679 -0.25330294
v -0.00343554 -0.39072777 -0.25330294
v -0.00338526 -0.39039201 -0.25330294
v -0.00330415 -0.39006435 -0.25330294
v -0.00318899 -0.38974480 -0.25330294
v -0.00304462 -0.38943823 -0.25330294
v -0.00287106 -0.38914788 -0.25330294
v -0.00266830 -0.38887537 -0.25330294
v -0.00244121 -0.38862557 -0.25330294
v -0.00218979 -0.38839686 -0.25330294
v -0.00191728 -0.38819573 -0.25330294
v -0.00162693 -0.38802216 -0.25330294
v -0.00132036 -0.38787618 -0.25330294
v -0.00100244 -0.38776263 -0.25330294
v -0.00067316 -0.38767991 -0.25330294
v -0.00033901 -0.38763125 -0.25330294
v 0.00000000 -0.38761340 -0.25330294
v 0.00033901 -0.38763125 -0.25330294
v 0.00067316 -0.38767991 -0.25330294
v 0.00100244 -0.38776263 -0.25330294
v 0.00132199 -0.38787618 -0.25330294
v 0.00162693 -0.38802216 -0.25330294
v 0.00191728 -0.38819573 -0.25330294
v 0.00218979 -0.38839686 -0.25330294
v 0.00244121 -0.38862557 -0.25330294
v 0.00266830 -0.38887537 -0.25330294
v 0.00287106 -0.38914788 -0.25330294
v 0.00304462 -0.38943823 -0.25330294
v 0.00318899 -0.38974480 -0.25330294
v 0.00330415 -0.39006435 -0.25330294
v 0.00338526 -0.39039201 -0.25330294
v 0.00343554 -0.39072777 -0.25330294
v 0.00345176 -0.39106679 -0.25330294
v 0.00343554 -0.39140418 -0.25330294
v 0.00338526 -0.39173994 -0.25330294
v 0.00330415 -0.39206760 -0.25330294
v 0.00318899 -0.39238715 -0.25330294
v 0.00304462 -0.39269372 -0.25330294
v 0.00287106 -0.39298407 -0.25330294
v 0.00266830 -0.39325658 -0.25330294
v 0.00244121 -0.39350800 -0.25330294
v 0.00218979 -0.39373509 -0.25330294
v 0.00191728 -0.39393622 -0.25330294
v 0.00162693 -0.39411141 -0.25330294
v 0.00132199 -0.39425577 -0.25330294
v 0.00100244 -0.39436932 -0.25330294
v 0.00067316 -0.39445204 -0.25330294
v 0.00033901 -0.39450233 -0.25330294
v 0.06135472 0.27230708 0.31754169
v 0.06599383 0.26396479 0.31754169
v 0.08450163 0.26396479 0.31754169
v 0.07818854 0.27230708 0.31754169
v -0.03042026 0.30344917 0.31754169
v -0.04181529 0.29935993 0.31754169
v -0.04409429 0.29316201 0.31754169
v -0.02939511 0.29316201 0.31754169
v 0.06999872 0.25505801 0.31754169
v 0.08995178 0.25505801 0.31754169
v -0.01959296 0.30616937 0.31754169
v -0.01469756 0.29316201 0.31754169
v 0.07332882 0.24566948 0.31754169
v 0.09448221 0.24566948 0.31754169
v -0.00987028 0.30761464 0.31754169
v -0.00734797 0.29316201 0.31754169
v -0.10062174 0.22581700 0.31754169
v -0.10217568 0.21554444 0.31754169
v -0.07898660 0.21554444 0.31754169
v -0.07784304 0.22581700 0.31754169
v 0.07595333 0.23589166 0.31754169
v 0.09805076 0.23589166 0.31754169
v 0.00000162 0.30809963 0.31754169
v 0.00000162 0.29316201 0.31754169
v -0.09804752 0.23589166 0.31754169
v -0.07595171 0.23589166 0.31754169
v 0.07784628 0.22581700 0.31754169
v 0.10062336 0.22581700 0.31754169
v 0.00987191 0.30761464 0.31754169
v 0.00734959 0.29316201 0.31754169
v -0.09447897 0.24566948 0.31754169
v -0.07332720 0.24566948 0.31754169
v 0.07898822 0.21554444 0.31754169
v 0.10217730 0.21554444 0.31754169
v 0.01959458 0.30616937 0.31754169
v 0.01469918 0.29316201 0.31754169
v -0.08994853 0.25505801 0.31754169
v -0.06999710 0.25505801 0.31754169
v 0.07937103 -0.09588287 0.31754169
v 0.10269636 -0.09588287 0.31754169
v 0.03042351 0.30344917 0.31754169
v 0.02939836 0.29316201 0.31754169
v -0.08450001 0.26396479 0.31754169
v -0.06599221 0.26396479 0.31754169
v 0.04181691 0.29935993 0.31754169
v 0.04409592 0.29316201 0.31754169
v -0.07818692 0.27230708 0.31754169
v -0.06135310 0.27230708 0.31754169
v 0.05399215 0.29359186 0.31754169
v 0.05477075 0.29316201 0.31754169
v -0.07107253 0.28000217 0.31754169
v -0.05612193 0.28000217 0.31754169
v 0.05879510 0.29316201 0.17390920
v 0.04988670 0.29850186 0.17390920
v 0.04988670 0.29850186 0.31466090
v 0.05879510 0.29316201 0.31466090
v -0.06323470 0.28697544 0.31754169
v -0.05035061 0.28697544 0.31754169
v 0.05035223 0.28697544 0.31754169
v 0.06323632 0.28697544 0.31754169
v -0.05476750 0.29316201 0.31754169
v 0.05612355 0.28000217 0.31754169
v 0.07107415 0.28000217 0.31754169
v -0.05399053 0.29359186 0.31754169
v -0.04049655 0.30294146 0.17390920
v -0.04988508 0.29850186 0.17390920
v -0.04988508 0.29850186 0.31466090
v -0.04049655 0.30294146 0.31466090
v -0.10379126 0.22581700 0.17390920
v -0.10126894 0.23589166 0.17390920
v -0.07633127 0.17493272 0.17390920
v -0.07823234 0.16733982 0.17390920
v 0.10127057 0.23589166 0.17390920
v 0.10379450 0.22581700 0.17390920
v 0.07823558 0.16733982 0.17390920
v 0.07633289 0.17493272 0.17390920
v 0.00000162 0.31099665 0.17390920
v 0.01037312 0.31048732 0.17390920
v 0.00781999 0.23116009 0.17390920
v 0.00000162 0.23154452 0.17390920
v -0.09777014 0.24566948 0.17390920
v -0.07369379 0.18230340 0.17390920
v 0.10531763 0.21554444 0.17390920
v 0.07938400 0.15959607 0.17390920
v 0.02064730 0.30896420 0.17390920
v 0.01556212 0.23001166 0.17390920
v -0.09332892 0.25505801 0.17390920
v -0.07034746 0.18937886 0.17390920
v 0.10582695 -0.09588287 0.17390920
v 0.07976843 -0.07742536 0.17390920
v 0.03072034 0.30644026 0.17390920
v 0.02315664 0.22810898 0.17390920
v -0.08799070 0.26396479 0.17390920
v -0.06632311 0.19609422 0.17390920
v 0.04049979 0.30294146 0.17390920
v 0.03052570 0.22547312 0.17390920
v -0.08180413 0.27230708 0.17390920
v -0.06165967 0.20238136 0.17390920
v 0.04988670 0.29850186 0.17390920
v 0.03760278 0.22212517 0.17390920
v -0.07482924 0.28000217 0.17390920
v -0.05640255 0.20818187 0.17390920
v 0.05879510 0.29316201 0.17390920
v 0.04431652 0.21810082 0.17390920
v -0.06713415 0.28697544 0.17390920
v -0.05060203 0.21343737 0.17390920
v 0.06713739 0.28697544 0.17390920
v 0.05060527 0.21343737 0.17390920
v -0.05879347 0.29316201 0.17390920
v -0.04431490 0.21810082 0.17390920
v 0.07483086 0.28000217 0.17390920
v 0.05640417 0.20818187 0.17390920
v -0.04988508 0.29850186 0.17390920
v -0.03760116 0.22212517 0.17390920
v 0.08180575 0.27230708 0.17390920
v 0.06166129 0.20238136 0.17390920
v -0.04049655 0.30294146 0.17390920
v -0.03052407 0.22547312 0.17390920
v 0.08799232 0.26396479 0.17390920
v 0.06632473 0.19609422 0.17390920
v -0.03071872 0.30644026 0.17390920
v -0.02315340 0.22810898 0.17390920
v 0.09333217 0.25505801 0.17390920
v 0.07034909 0.18937886 0.17390920
v -0.02064406 0.30896420 0.17390920
v -0.01556050 0.23001166 0.17390920
v -0.10582533 -0.09588287 0.17390920
v -0.10531600 0.21554444 0.17390920
v -0.07938238 0.15959607 0.17390920
v -0.07976519 -0.07742536 0.17390920
v 0.09777177 0.24566948 0.17390920
v 0.07369541 0.18230340 0.17390920
v -0.01037150 0.31048732 0.17390920
v -0.00781675 0.23116009 0.17390920
v 0.10582695 -0.09588287 0.17390920
v 0.10531763 0.21554444 0.17390920
v 0.10531763 0.21554444 0.31466090
v 0.10582695 -0.09588287 0.31466090
v 0.10379450 0.22581700 0.17390920
v 0.10379450 0.22581700 0.31466090
v 0.10127057 0.23589166 0.17390920
v 0.10127057 0.23589166 0.31466090
v 0.09777177 0.24566948 0.17390920
v 0.09777177 0.24566948 0.31466090
v 0.09333217 0.25505801 0.17390920
v 0.09333217 0.25505801 0.31466090
v 0.08799232 0.26396479 0.17390920
v 0.08799232 0.26396479 0.31466090
v 0.08180575 0.27230708 0.17390920
v 0.08180575 0.27230708 0.31466090
v 0.07483086 0.28000217 0.17390920
v 0.07483086 0.28000217 0.31466090
v 0.07483086 0.28000217 0.17390920
v 0.06713739 0.28697544 0.17390920
v 0.06713739 0.28697544 0.31466090
v 0.07483086 0.28000217 0.31466090
v -0.00839096 0.28697544 0.31754169
v 0.00000162 0.28697544 0.31754169
v -0.00935284 0.28000217 0.31754169
v 0.00000162 0.28000217 0.31754169
v -0.01022389 0.27230708 0.31754169
v 0.00000162 0.27230708 0.31754169
v -0.01099762 0.26396479 0.31754169
v 0.00000162 0.26396479 0.31754169
v -0.01166591 0.25505801 0.31754169
v 0.00000162 0.25505801 0.31754169
v -0.01222066 0.24566948 0.31754169
v 0.00000162 0.24566948 0.31754169
v -0.01265700 0.23589166 0.31754169
v 0.00000162 0.23589166 0.31754169
v -0.01297330 0.22581700 0.31754169
v 0.00000162 0.22581700 0.31754169
v -0.01316308 0.21554444 0.31754169
v 0.00000162 0.21554444 0.31754169
v -0.01322796 -0.09588287 0.31754169
v 0.00000162 -0.09588287 0.31754169
v -0.07936940 -0.09588287 0.31754169
v -0.05291186 -0.09588287 0.31754169
v -0.05265719 0.21554444 0.31754169
v -0.05189482 0.22581700 0.31754169
v -0.05063447 0.23589166 0.31754169
v -0.04888426 0.24566948 0.31754169
v -0.04666365 0.25505801 0.31754169
v -0.04399535 0.26396479 0.31754169
v -0.04090206 0.27230708 0.31754169
v -0.03741462 0.28000217 0.31754169
v -0.03356707 0.28697544 0.31754169
v -0.05879347 0.29316201 0.17390920
v -0.06713415 0.28697544 0.17390920
v -0.06713415 0.28697544 0.31466090
v -0.05879347 0.29316201 0.31466090
v -0.07482924 0.28000217 0.17390920
v -0.07482924 0.28000217 0.31466090
v -0.07482924 0.28000217 0.17390920
v -0.08180413 0.27230708 0.17390920
v -0.08180413 0.27230708 0.31466090
v -0.07482924 0.28000217 0.31466090
v -0.08799070 0.26396479 0.17390920
v -0.08799070 0.26396479 0.31466090
v -0.09332892 0.25505801 0.17390920
v -0.09332892 0.25505801 0.31466090
v -0.09777014 0.24566948 0.17390920
v -0.09777014 0.24566948 0.31466090
v -0.10126894 0.23589166 0.17390920
v -0.10126894 0.23589166 0.31466090
v -0.10379126 0.22581700 0.17390920
v -0.10379126 0.22581700 0.31466090
v -0.10531600 0.21554444 0.17390920
v -0.10531600 0.21554444 0.31466090
v -0.10582533 -0.09588287 0.17390920
v -0.10582533 -0.09588287 0.31466090
v 0.01678516 0.28697544 0.31754169
v 0.03356870 0.28697544 0.31754169
v 0.01870893 0.28000217 0.31754169
v 0.03741624 0.28000217 0.31754169
v 0.02045265 0.27230708 0.31754169
v 0.04090369 0.27230708 0.31754169
v 0.02199848 0.26396479 0.31754169
v 0.04399697 0.26396479 0.31754169
v 0.02333345 0.25505801 0.31754169
v 0.04666689 0.25505801 0.31754169
v 0.02444294 0.24566948 0.31754169
v 0.04888588 0.24566948 0.31754169
v 0.02531886 0.23589166 0.31754169
v 0.05063609 0.23589166 0.31754169
v 0.02594984 0.22581700 0.31754169
v 0.05189806 0.22581700 0.31754169
v 0.02632941 0.21554444 0.31754169
v 0.05265881 0.21554444 0.31754169
v 0.02645755 -0.09588287 0.31754169
v 0.05291348 -0.09588287 0.31754169
v 0.04049979 0.30294146 0.17390920
v 0.04049979 0.30294146 0.31466090
v 0.03072034 0.30644026 0.17390920
v 0.03072034 0.30644026 0.31466090
v -0.03071872 0.30644026 0.17390920
v -0.03071872 0.30644026 0.31466090
v -0.02645593 -0.09588287 0.31754169
v -0.02632778 0.21554444 0.31754169
v -0.02594660 0.22581700 0.31754169
v -0.02531561 0.23589166 0.31754169
v -0.02444132 0.24566948 0.31754169
v -0.02333182 0.25505801 0.31754169
v -0.02199686 0.26396479 0.31754169
v -0.02044941 0.27230708 0.31754169
v -0.01870731 0.28000217 0.31754169
v -0.01678354 0.28697544 0.31754169
v -0.02064406 0.30896420 0.17390920
v -0.02064406 0.30896420 0.31466090
v 0.01316633 0.21554444 0.31754169
v 0.01322959 -0.09588287 0.31754169
v 0.01297492 0.22581700 0.31754169
v 0.01266024 0.23589166 0.31754169
v 0.01222228 0.24566948 0.31754169
v 0.01166753 0.25505801 0.31754169
v 0.01099924 0.26396479 0.31754169
v 0.01022714 0.27230708 0.31754169
v 0.00935447 0.28000217 0.31754169
v 0.00839258 0.28697544 0.31754169
v 0.02064730 0.30896420 0.17390920
v 0.02064730 0.30896420 0.31466090
v 0.01037312 0.31048732 0.17390920
v 0.01037312 0.31048732 0.31466090
v 0.00000162 0.31099665 0.17390920
v 0.00000162 0.31099665 0.31466090
v -0.01037150 0.31048732 0.17390920
v -0.01037150 0.31048732 0.31466090
v -0.10558689 -0.09588287 0.31576228
v -0.10507594 0.21554444 0.31576228
v -0.10490886 -0.09588287 0.31669822
v -0.10439629 0.21554444 0.31669822
v -0.10439629 0.21554444 0.31669822
v -0.10490886 -0.09588287 0.31669822
v -0.10389345 -0.09588287 0.31732109
v -0.10337763 0.21554444 0.31732109
v -0.10269474 -0.09588287 0.31754169
v -0.10355119 0.22581700 0.31576228
v -0.10286344 0.22581700 0.31669822
v -0.10286344 0.22581700 0.31669822
v -0.10183505 0.22581700 0.31732109
v -0.10102401 0.23589166 0.31576228
v -0.10032490 0.23589166 0.31669822
v -0.10032490 0.23589166 0.31669822
v -0.09928029 0.23589166 0.31732109
v -0.09751872 0.24566948 0.31576228
v -0.09680663 0.24566948 0.31669822
v -0.09680663 0.24566948 0.31669822
v -0.09573931 0.24566948 0.31732109
v -0.09307263 0.25505801 0.31576228
v -0.09233946 0.25505801 0.31669822
v -0.09233946 0.25505801 0.31669822
v -0.09124294 0.25505801 0.31732109
v -0.08772468 0.26396479 0.31576228
v -0.08696879 0.26396479 0.31669822
v -0.08696879 0.26396479 0.31669822
v -0.08583659 0.26396479 0.31732109
v -0.08152838 0.27230708 0.31576228
v -0.08074492 0.27230708 0.31669822
v -0.08074492 0.27230708 0.31669822
v -0.07957054 0.27230708 0.31732109
v -0.07454375 0.28000217 0.31576228
v -0.07372947 0.28000217 0.31669822
v -0.07372947 0.28000217 0.31669822
v -0.07250968 0.28000217 0.31732271
v -0.07454375 0.28000217 0.31576228
v -0.06683731 0.28697544 0.31576228
v -0.07372947 0.28000217 0.31669822
v -0.06599221 0.28697544 0.31669822
v -0.06599221 0.28697544 0.31669822
v -0.06472700 0.28697544 0.31732271
v -0.05848690 0.29316201 0.31576228
v -0.05761423 0.29316201 0.31669822
v -0.05761423 0.29316201 0.31669822
v -0.05630847 0.29316201 0.31732271
v -0.05019814 0.29812878 0.31576228
v -0.05108703 0.29706308 0.31669822
v -0.05108703 0.29706308 0.31669822
v -0.05241875 0.29547021 0.31732271
v -0.04059712 0.30266895 0.31576228
v -0.04088260 0.30189198 0.31669822
v -0.04088260 0.30189198 0.31669822
v -0.04131083 0.30073058 0.31732271
v -0.03069601 0.30621317 0.31576228
v -0.03063113 0.30556434 0.31669822
v -0.03063113 0.30556434 0.31669822
v -0.03053543 0.30459435 0.31732271
v -0.02056458 0.30875171 0.31576228
v -0.02033587 0.30814505 0.31669822
v -0.02033587 0.30814505 0.31669822
v -0.01999523 0.30723832 0.31732271
v -0.01033419 0.31026834 0.31576228
v -0.01022552 0.30964709 0.31669822
v -0.01022552 0.30964709 0.31669822
v -0.01006169 0.30871440 0.31732271
v 0.00000162 0.31077767 0.31576228
v 0.00000162 0.31014831 0.31669822
v 0.00000162 0.31014831 0.31669822
v 0.00000162 0.30920913 0.31732271
v 0.01033582 0.31026834 0.31576228
v 0.01022714 0.30964709 0.31669822
v 0.01022714 0.30964709 0.31669822
v 0.01006493 0.30871440 0.31732271
v 0.02056620 0.30875171 0.31576228
v 0.02033911 0.30814505 0.31669822
v 0.02033911 0.30814505 0.31669822
v 0.01999685 0.30723832 0.31732271
v 0.03069764 0.30621317 0.31576228
v 0.03063437 0.30556434 0.31669822
v 0.03063437 0.30556434 0.31669822
v 0.03053705 0.30459435 0.31732271
v 0.04059874 0.30266895 0.31576228
v 0.04088584 0.30189198 0.31669822
v 0.04088584 0.30189198 0.31669822
v 0.04131245 0.30073058 0.31732271
v 0.05019976 0.29812716 0.31576228
v 0.05109027 0.29706308 0.31669822
v 0.05109027 0.29706308 0.31669822
v 0.05242199 0.29547021 0.31732271
v 0.05848852 0.29316201 0.31576228
v 0.05761585 0.29316201 0.31669822
v 0.05761585 0.29316201 0.31669822
v 0.05631009 0.29316201 0.31732271
v 0.06683893 0.28697544 0.31576228
v 0.06599383 0.28697544 0.31669822
v 0.06599383 0.28697544 0.31669822
v 0.06472862 0.28697544 0.31732271
v 0.07454537 0.28000217 0.31576228
v 0.07373110 0.28000217 0.31669822
v 0.07373110 0.28000217 0.31669822
v 0.07251130 0.28000217 0.31732271
v 0.07454537 0.28000217 0.31576228
v 0.08153000 0.27230708 0.31576228
v 0.07373110 0.28000217 0.31669822
v 0.08074654 0.27230708 0.31669822
v 0.08074654 0.27230708 0.31669822
v 0.07957216 0.27230708 0.31732109
v 0.08772630 0.26396479 0.31576228
v 0.08697042 0.26396479 0.31669822
v 0.08697042 0.26396479 0.31669822
v 0.08583821 0.26396479 0.31732109
v 0.09307426 0.25505801 0.31576228
v 0.09234108 0.25505801 0.31669822
v 0.09234108 0.25505801 0.31669822
v 0.09124456 0.25505801 0.31732109
v 0.09752197 0.24566948 0.31576228
v 0.09680826 0.24566948 0.31669822
v 0.09680826 0.24566948 0.31669822
v 0.09574094 0.24566948 0.31732109
v 0.10102563 0.23589166 0.31576228
v 0.10032652 0.23589166 0.31669822
v 0.10032652 0.23589166 0.31669822
v 0.09928191 0.23589166 0.31732109
v 0.10355282 0.22581700 0.31576228
v 0.10286506 0.22581700 0.31669822
v 0.10286506 0.22581700 0.31669822
v 0.10183667 0.22581700 0.31732109
v 0.10507918 0.21554444 0.31576228
v 0.10439791 0.21554444 0.31669822
v 0.10439791 0.21554444 0.31669822
v 0.10337925 0.21554444 0.31732109
v 0.10558851 -0.09588287 0.31576228
v 0.10491049 -0.09588287 0.31669822
v 0.10491049 -0.09588287 0.31669822
v 0.10389507 -0.09588287 0.31732109
v -0.07788521 0.46316284 -0.32954499
v -0.07124609 0.47048972 -0.32954499
v -0.07124609 0.47048972 -0.36557274
v -0.07788521 0.46316284 -0.36557274
v 0.09882287 0.37958579 -0.32954499
v 0.09642058 0.36999450 -0.32954499
v 0.09642058 0.36999450 -0.36557274
v 0.09882287 0.37958579 -0.36557274
v -0.07124609 0.47048972 -0.32954499
v -0.06391921 0.47712884 -0.32954499
v -0.06391921 0.47712884 -0.36557274
v -0.07124609 0.47048972 -0.36557274
v 0.09308886 0.36068545 -0.32954499
v 0.09308886 0.36068545 -0.36557274
v -0.05597756 0.48302019 -0.32954499
v -0.05597756 0.48302019 -0.36557274
v 0.08886175 0.35174624 -0.32954499
v 0.08886175 0.35174624 -0.36557274
v -0.04749577 0.48810375 -0.32954499
v -0.04749577 0.48810375 -0.36557274
v 0.00000162 0.29848564 -0.32954499
v -0.00987515 0.29897064 -0.32954499
v -0.00987515 0.29897064 -0.36557274
v 0.00000162 0.29848564 -0.36557274
v 0.08377819 0.34326444 -0.32954499
v 0.08377819 0.34326444 -0.36557274
v -0.03855655 0.49233086 -0.32954499
v -0.03855655 0.49233086 -0.36557274
v -0.01965622 0.30042076 -0.32954499
v -0.01965622 0.30042076 -0.36557274
v 0.07788846 0.33532280 -0.32954499
v 0.07788846 0.33532280 -0.36557274
v -0.02924751 0.49566259 -0.32954499
v -0.02924751 0.49566259 -0.36557274
v -0.02924751 0.30282467 -0.32954499
v -0.02924751 0.30282467 -0.36557274
v 0.07124771 0.32799592 -0.32954499
v 0.07124771 0.32799754 -0.36557274
v -0.01965622 0.49806487 -0.32954499
v -0.01965622 0.49806487 -0.36557274
v -0.03855655 0.30615477 -0.32954499
v -0.03855655 0.30615477 -0.36557274
v 0.07124771 0.32799592 -0.32954499
v 0.06392083 0.32135679 -0.32954499
v 0.06392083 0.32135679 -0.36557274
v 0.07124771 0.32799754 -0.36557274
v -0.00987515 0.49951500 -0.32954499
v -0.00987515 0.49951500 -0.36557274
v -0.04749577 0.31038188 -0.32954499
v -0.04749577 0.31038188 -0.36557274
v 0.05597919 0.31546544 -0.32954499
v 0.05597919 0.31546544 -0.36557274
v 0.00000162 0.50000000 -0.32954499
v 0.00000162 0.50000000 -0.36557274
v -0.04749577 0.31038188 -0.32954499
v -0.05597756 0.31546544 -0.32954499
v -0.05597756 0.31546544 -0.36557274
v -0.04749577 0.31038188 -0.36557274
v 0.04749739 0.31038351 -0.32954499
v 0.04749739 0.31038351 -0.36557274
v 0.00987677 0.49951500 -0.32954499
v 0.00987677 0.49951500 -0.36557274
v -0.06391921 0.32135679 -0.32954499
v -0.06391921 0.32135679 -0.36557274
v 0.03855980 0.30615477 -0.32954499
v 0.03855980 0.30615477 -0.36557274
v 0.01965784 0.49806487 -0.32954499
v 0.01965784 0.49806487 -0.36557274
v -0.07124609 0.32799592 -0.32954499
v -0.07124609 0.32799592 -0.36557274
v 0.02924913 0.30282467 -0.32954499
v 0.02924913 0.30282467 -0.36557274
v 0.02924913 0.49566259 -0.32954499
v 0.02924913 0.49566259 -0.36557274
v -0.07124609 0.32799592 -0.32954499
v -0.07788521 0.33532280 -0.32954499
v -0.07788521 0.33532280 -0.36557274
v -0.07124609 0.32799592 -0.36557274
v 0.01965784 0.30042076 -0.32954499
v 0.01965784 0.30042076 -0.36557274
v 0.03855980 0.49233086 -0.32954499
v 0.03855980 0.49233086 -0.36557274
v -0.08377656 0.34326444 -0.32954499
v -0.08377656 0.34326444 -0.36557274
v 0.00987677 0.29897064 -0.32954499
v 0.00987677 0.29897064 -0.36557274
v 0.04749739 0.48810375 -0.32954499
v 0.04749739 0.48810375 -0.36557274
v -0.08885850 0.35174624 -0.32954499
v -0.08885850 0.35174624 -0.36557274
v 0.05597919 0.48302019 -0.32954499
v 0.05597919 0.48302019 -0.36557274
v -0.09308723 0.36068383 -0.32954499
v -0.09308723 0.36068383 -0.36557274
v 0.06392083 0.47712884 -0.32954499
v 0.06392083 0.47712884 -0.36557274
v -0.09641734 0.36999450 -0.32954499
v -0.09641734 0.36999450 -0.36557274
v 0.07124771 0.47048972 -0.32954499
v 0.07124771 0.47048972 -0.36557274
v -0.09882124 0.37958579 -0.32954499
v -0.09882124 0.37958579 -0.36557274
v 0.07124771 0.47048972 -0.32954499
v 0.07788683 0.46316284 -0.32954499
v 0.07788683 0.46316284 -0.36557274
v 0.07124771 0.47048972 -0.36557274
v -0.10027137 0.38936686 -0.32954499
v -0.10027137 0.38936686 -0.36557274
v 0.08377819 0.45522119 -0.32954499
v 0.08377819 0.45522119 -0.36557274
v -0.10075637 0.39924363 -0.32954499
v -0.10075637 0.39924363 -0.36557274
v 0.08886175 0.44673940 -0.32954499
v 0.08886175 0.44673940 -0.36557274
v -0.10027137 0.40911878 -0.32954499
v -0.10027137 0.40911878 -0.36557274
v 0.09308886 0.43780181 -0.32954499
v 0.09308886 0.43780181 -0.36557274
v -0.09882124 0.41889985 -0.32954499
v -0.09882124 0.41889985 -0.36557274
v 0.09642058 0.42849114 -0.32954499
v 0.09642058 0.42849114 -0.36557274
v -0.09641734 0.42849114 -0.32954499
v -0.09641734 0.42849114 -0.36557274
v 0.09882287 0.41889985 -0.32954499
v 0.09882287 0.41889985 -0.36557274
v -0.09308723 0.43780181 -0.32954499
v -0.09308723 0.43780181 -0.36557274
v 0.10027299 0.40911878 -0.32954499
v 0.10027299 0.40911878 -0.36557274
v -0.08885850 0.44673940 -0.32954499
v -0.08885850 0.44673940 -0.36557274
v 0.10075799 0.39924363 -0.32954499
v 0.10075799 0.39924363 -0.36557274
v -0.08377656 0.45522119 -0.32954499
v -0.08377656 0.45522119 -0.36557274
v 0.10027299 0.38936686 -0.32954499
v 0.10027299 0.38936686 -0.36557274
v 0.05597919 0.48302019 -0.36557274
v 0.06392083 0.47712884 -0.36557274
v 0.05569695 0.46710933 -0.36557274
v 0.04877720 0.47224155 -0.36557274
v -0.09308723 0.36068383 -0.36557274
v -0.09641734 0.36999450 -0.36557274
v -0.08401339 0.37375770 -0.36557274
v -0.08111151 0.36564574 -0.36557274
v 0.07124771 0.47048972 -0.36557274
v 0.06208141 0.46132341 -0.36557274
v -0.09882124 0.37958579 -0.36557274
v -0.08610747 0.38211459 -0.36557274
v 0.07788683 0.46316284 -0.36557274
v 0.06786732 0.45493895 -0.36557274
v -0.10027137 0.38936686 -0.36557274
v -0.08737107 0.39063694 -0.36557274
v 0.08377819 0.45522119 -0.36557274
v 0.07299954 0.44801921 -0.36557274
v -0.10075637 0.39924363 -0.36557274
v -0.08779443 0.39924363 -0.36557274
v 0.08886175 0.44673940 -0.36557274
v 0.07742941 0.44062907 -0.36557274
v -0.10027137 0.40911878 -0.36557274
v -0.08737107 0.40784870 -0.36557274
v 0.09308886 0.43780181 -0.36557274
v 0.08111313 0.43283990 -0.36557274
v -0.09882124 0.41889985 -0.36557274
v -0.08610747 0.41637104 -0.36557274
v 0.09642058 0.42849114 -0.36557274
v 0.08401501 0.42472794 -0.36557274
v -0.09641734 0.42849114 -0.36557274
v -0.08401339 0.42472794 -0.36557274
v 0.09882287 0.41889985 -0.36557274
v 0.08610910 0.41637104 -0.36557274
v -0.09308723 0.43780181 -0.36557274
v -0.08111151 0.43283990 -0.36557274
v 0.10027299 0.40911878 -0.36557274
v 0.08737269 0.40784870 -0.36557274
v -0.08885850 0.44673940 -0.36557274
v -0.07742779 0.44062907 -0.36557274
v 0.10075799 0.39924363 -0.36557274
v 0.08779605 0.39924363 -0.36557274
v -0.08377656 0.45522119 -0.36557274
v -0.07299792 0.44801921 -0.36557274
v 0.10027299 0.38936686 -0.36557274
v 0.08737269 0.39063694 -0.36557274
v -0.07788521 0.46316284 -0.36557274
v -0.06786570 0.45493895 -0.36557274
v 0.09882287 0.37958579 -0.36557274
v 0.08610910 0.38211459 -0.36557274
v -0.07124609 0.47048972 -0.36557274
v -0.06207978 0.46132341 -0.36557274
v 0.09642058 0.36999450 -0.36557274
v 0.08401501 0.37375770 -0.36557274
v -0.06391921 0.47712884 -0.36557274
v -0.05569532 0.46710933 -0.36557274
v 0.09308886 0.36068545 -0.36557274
v 0.08111313 0.36564574 -0.36557274
v -0.05597756 0.48302019 -0.36557274
v -0.04877558 0.47224155 -0.36557274
v 0.08886175 0.35174624 -0.36557274
v 0.07742941 0.35785657 -0.36557274
v -0.04749577 0.48810375 -0.36557274
v -0.04138544 0.47667142 -0.36557274
v 0.00000162 0.29848564 -0.36557274
v -0.00987515 0.29897064 -0.36557274
v -0.00860507 0.31187094 -0.36557274
v 0.00000162 0.31144758 -0.36557274
v 0.08377819 0.34326444 -0.36557274
v 0.07299954 0.35046643 -0.36557274
v -0.03855655 0.49233086 -0.36557274
v -0.03359627 0.48035514 -0.36557274
v -0.01965622 0.30042076 -0.36557274
v -0.01712742 0.31313453 -0.36557274
v 0.07788846 0.33532280 -0.36557274
v 0.06786732 0.34354668 -0.36557274
v -0.02924751 0.49566259 -0.36557274
v -0.02548431 0.48325702 -0.36557274
v -0.02924751 0.30282467 -0.36557274
v -0.02548431 0.31522862 -0.36557274
v 0.07124771 0.32799754 -0.36557274
v 0.06208141 0.33716222 -0.36557274
v -0.01965622 0.49806487 -0.36557274
v -0.01712742 0.48535110 -0.36557274
v -0.03855655 0.30615477 -0.36557274
v -0.03359627 0.31813050 -0.36557274
v 0.06392083 0.32135679 -0.36557274
v 0.05569857 0.33137631 -0.36557274
v -0.00987515 0.49951500 -0.36557274
v -0.00860507 0.48661470 -0.36557274
v -0.04749577 0.31038188 -0.36557274
v -0.04138544 0.32181422 -0.36557274
v 0.05597919 0.31546544 -0.36557274
v 0.04877720 0.32624409 -0.36557274
v 0.00000162 0.50000000 -0.36557274
v 0.00000162 0.48703806 -0.36557274
v -0.04749577 0.31038188 -0.36557274
v -0.05597756 0.31546544 -0.36557274
v -0.04877558 0.32624409 -0.36557274
v -0.04138544 0.32181422 -0.36557274
v 0.04749739 0.31038351 -0.36557274
v 0.04138706 0.32181422 -0.36557274
v 0.00987677 0.49951500 -0.36557274
v 0.00860669 0.48661470 -0.36557274
v -0.06391921 0.32135679 -0.36557274
v -0.05569532 0.33137631 -0.36557274
v 0.03855980 0.30615477 -0.36557274
v 0.03359951 0.31813050 -0.36557274
v 0.01965784 0.49806487 -0.36557274
v 0.01712904 0.48535110 -0.36557274
v -0.07124609 0.32799592 -0.36557274
v -0.06207978 0.33716222 -0.36557274
v 0.02924913 0.30282467 -0.36557274
v 0.02548755 0.31522862 -0.36557274
v 0.02924913 0.49566259 -0.36557274
v 0.02548593 0.48325702 -0.36557274
v -0.07788521 0.33532280 -0.36557274
v -0.06786570 0.34354668 -0.36557274
v 0.01965784 0.30042076 -0.36557274
v 0.01712904 0.31313453 -0.36557274
v 0.03855980 0.49233086 -0.36557274
v 0.03359951 0.48035514 -0.36557274
v -0.08377656 0.34326444 -0.36557274
v -0.07299792 0.35046643 -0.36557274
v 0.00987677 0.29897064 -0.36557274
v 0.00860669 0.31187094 -0.36557274
v 0.04749739 0.48810375 -0.36557274
v 0.04138706 0.47667142 -0.36557274
v -0.08885850 0.35174624 -0.36557274
v -0.07742779 0.35785657 -0.36557274
v 0.04263930 0.42773201 -0.36557274
v 0.03964172 0.43177420 -0.36557274
v -0.05128005 0.39924363 -0.36557274
v -0.05103188 0.39421684 -0.36557274
v 0.04522650 0.42341569 -0.36557274
v -0.05103188 0.40426880 -0.36557274
v 0.04737736 0.41886741 -0.36557274
v -0.05029384 0.40924692 -0.36557274
v -0.05029384 0.40924692 -0.36557274
v 0.04907404 0.41412935 -0.36557274
v -0.04907080 0.41412935 -0.36557274
v 0.05029546 0.40924692 -0.36557274
v -0.04737574 0.41886741 -0.36557274
v -0.04737574 0.41886741 -0.36557274
v 0.05103512 0.40426880 -0.36557274
v -0.04522488 0.42341569 -0.36557274
v 0.05128168 0.39924363 -0.36557274
v -0.04263768 0.42773363 -0.36557274
v 0.05103512 0.39421684 -0.36557274
v 0.05103512 0.39421684 -0.36557274
v -0.03963847 0.43177420 -0.36557274
v 0.05029546 0.38923871 -0.36557274
v 0.05029546 0.38923871 -0.36557274
v -0.03625971 0.43550334 -0.36557274
v -0.03625971 0.43550334 -0.36557274
v 0.04907404 0.38435791 -0.36557274
v 0.04907404 0.38435791 -0.36557274
v -0.03253057 0.43888373 -0.36557274
v 0.04737736 0.37961823 -0.36557274
v -0.02848838 0.44188131 -0.36557274
v 0.04522650 0.37506995 -0.36557274
v -0.02417206 0.44446851 -0.36557274
v -0.00502517 0.34821013 -0.36557274
v 0.00000162 0.34796195 -0.36557274
v 0.04263930 0.37075363 -0.36557274
v -0.01962378 0.44661937 -0.36557274
v -0.01000329 0.34894817 -0.36557274
v 0.03964172 0.36671144 -0.36557274
v -0.01488410 0.44831605 -0.36557274
v -0.01488410 0.35017121 -0.36557274
v 0.03626133 0.36298230 -0.36557274
v -0.01000329 0.44953747 -0.36557274
v -0.01962378 0.35186627 -0.36557274
v 0.03253219 0.35960353 -0.36557274
v -0.00502517 0.45027713 -0.36557274
v -0.02417206 0.35401713 -0.36557274
v 0.02849162 0.35660433 -0.36557274
v 0.00000162 0.45052368 -0.36557274
v -0.02848838 0.35660433 -0.36557274
v 0.02417530 0.35401713 -0.36557274
v 0.00502679 0.45027713 -0.36557274
v -0.03253057 0.35960353 -0.36557274
v 0.01962540 0.35186627 -0.36557274
v 0.01000491 0.44953747 -0.36557274
v -0.03625971 0.36298230 -0.36557274
v 0.01488734 0.35017121 -0.36557274
v 0.01488734 0.44831443 -0.36557274
v -0.03963847 0.36671144 -0.36557274
v -0.03963847 0.36671144 -0.36557274
v 0.01000491 0.34894817 -0.36557274
v 0.01962540 0.44661937 -0.36557274
v -0.04263768 0.37075363 -0.36557274
v 0.00502679 0.34821013 -0.36557274
v 0.02417368 0.44446851 -0.36557274
v -0.04522488 0.37506995 -0.36557274
v 0.02849162 0.44188131 -0.36557274
v -0.04737574 0.37961823 -0.36557274
v 0.03253219 0.43888373 -0.36557274
v -0.04907080 0.38435791 -0.36557274
v 0.03626133 0.43550334 -0.36557274
v 0.03626133 0.43550334 -0.36557274
v -0.05029384 0.38923871 -0.36557274
v 0.01224661 0.39417142 -0.36557274
v 0.01224661 0.39417142 -0.36557274
v 0.01268457 0.39539608 -0.36557274
v 0.01268457 0.39539608 -0.36557274
v 0.00385079 0.38656068 -0.36557274
v 0.00507545 0.38699864 -0.36557274
v -0.00840393 0.40948699 -0.36557274
v -0.00840393 0.40948699 -0.36557274
v -0.00936744 0.40861432 -0.36557274
v -0.00936744 0.40861432 -0.36557274
v -0.00936744 0.38987132 -0.36557274
v -0.00840393 0.38899865 -0.36557274
v 0.01300087 0.39665805 -0.36557274
v 0.01300087 0.39665805 -0.36557274
v 0.01300087 0.39665805 -0.36557274
v 0.00258882 0.41224126 -0.36557274
v 0.00130252 0.41243104 -0.36557274
v -0.01024174 0.40765081 -0.36557274
v 0.00624983 0.38755501 -0.36557274
v 0.01319228 0.39794435 -0.36557274
v 0.01319228 0.39794435 -0.36557274
v -0.00735932 0.38822330 -0.36557274
v -0.01101546 0.40660620 -0.36557274
v 0.00000324 0.41249592 -0.36557274
v 0.01325554 0.39924201 -0.36557274
v 0.00736581 0.38822330 -0.36557274
v -0.01168538 0.40549021 -0.36557274
v -0.01168538 0.40549021 -0.36557274
v -0.00624334 0.38755501 -0.36557274
v 0.01319228 0.40054128 -0.36557274
v -0.00129603 0.41243104 -0.36557274
v -0.01224012 0.40431421 -0.36557274
v -0.01224012 0.40431421 -0.36557274
v 0.00841042 0.38899865 -0.36557274
v 0.01102195 0.40660620 -0.36557274
v 0.01024823 0.40765081 -0.36557274
v 0.01024823 0.40765081 -0.36557274
v 0.01300087 0.40182758 -0.36557274
v -0.00506896 0.38699864 -0.36557274
v -0.01318579 0.39794435 -0.36557274
v -0.01299439 0.39665805 -0.36557274
v -0.01267808 0.40308955 -0.36557274
v -0.01267808 0.40308955 -0.36557274
v -0.00258233 0.41224126 -0.36557274
v 0.00937393 0.40861432 -0.36557274
v 0.00937393 0.40861432 -0.36557274
v 0.01268457 0.40308955 -0.36557274
v 0.00937393 0.38987132 -0.36557274
v -0.01267808 0.39539608 -0.36557274
v -0.01299439 0.40182758 -0.36557274
v -0.01299439 0.40182758 -0.36557274
v -0.00384430 0.38656068 -0.36557274
v 0.00841042 0.40948699 -0.36557274
v 0.01224661 0.40431421 -0.36557274
v -0.00384430 0.41192496 -0.36557274
v 0.00736581 0.41026234 -0.36557274
v -0.01318579 0.40054128 -0.36557274
v 0.01024823 0.39083483 -0.36557274
v -0.01224012 0.39417142 -0.36557274
v -0.01168538 0.39299542 -0.36557274
v 0.01169024 0.40549021 -0.36557274
v -0.00258233 0.38624438 -0.36557274
v 0.00624983 0.41093063 -0.36557274
v -0.01324905 0.39924201 -0.36557274
v -0.00506896 0.41148700 -0.36557274
v 0.00000324 0.38598971 -0.36557274
v 0.00130252 0.38605460 -0.36557274
v 0.01102195 0.39187944 -0.36557274
v -0.01101546 0.39187944 -0.36557274
v -0.01101546 0.39187944 -0.36557274
v -0.00129603 0.38605460 -0.36557274
v 0.00507545 0.41148700 -0.36557274
v -0.00624334 0.41093063 -0.36557274
v 0.00258882 0.38624438 -0.36557274
v 0.01169024 0.39299542 -0.36557274
v -0.01024174 0.39083483 -0.36557274
v -0.01024174 0.39083483 -0.36557274
v 0.00385079 0.41192496 -0.36557274
v -0.00735932 0.41026234 -0.36557274
v -0.04138544 0.32181422 -0.36557274
v -0.03547138 0.33287997 -0.35031071
v -0.03179415 0.33975753 -0.35031071
v -0.02417206 0.35401713 -0.36557274
v -0.04749577 0.31038188 -0.36557274
v -0.03677552 0.33043875 -0.35031071
v -0.04749577 0.31038188 -0.32954499
v -0.03677552 0.33043875 -0.34504710
v -0.15474203 -0.16256608 0.09829813
v -0.14939732 -0.14762359 0.09829813
v -0.14939732 -0.14762359 0.09574824
v -0.15474203 -0.16256608 0.09574824
v -0.13445321 -0.29934533 0.09829813
v -0.14261059 -0.28573456 0.09829813
v -0.14261059 -0.28573456 0.09574824
v -0.13445321 -0.29934533 0.09574824
v -0.14939732 -0.27138899 0.09829813
v -0.14939732 -0.27138899 0.09574824
v -0.03154598 -0.36810641 0.09829813
v -0.04693940 -0.36424914 0.09829813
v -0.04693940 -0.36424914 0.09574824
v -0.03154598 -0.36810641 0.09574824
v -0.06188189 -0.35890442 0.09829813
v -0.06188189 -0.35890442 0.09574824
v -0.14261059 -0.13327802 0.09829813
v -0.14261059 -0.13327802 0.09574824
v -0.13445321 -0.11966725 0.09829813
v -0.13445321 -0.11966725 0.09574824
v -0.15474203 -0.25644650 0.09829813
v -0.15474203 -0.25644650 0.09574824
v -0.15859931 -0.24105308 0.09829813
v -0.15859931 -0.24105308 0.09574824
v -0.07622746 -0.35211931 0.09829813
v -0.07622746 -0.35211931 0.09574824
v -0.08983823 -0.34396031 0.09829813
v -0.08983823 -0.34396031 0.09574824
v -0.12499980 -0.10692104 0.09829813
v -0.12499980 -0.10692104 0.09574824
v -0.12499980 -0.10692104 0.09829813
v -0.10687643 -0.09550979 0.09829813
v -0.10687643 -0.09550979 0.09574824
v -0.12499980 -0.10692104 0.09574824
v -0.16092698 -0.22535633 0.09829813
v -0.16092698 -0.22535633 0.09574824
v -0.16170557 -0.20950710 0.09829813
v -0.16170557 -0.20950710 0.09574824
v -0.10258444 -0.33450690 0.09829813
v -0.10258444 -0.33450690 0.09574824
v -0.11434281 -0.32384991 0.09829813
v -0.11434281 -0.32384991 0.09574824
v -0.16092698 -0.19365625 0.09829813
v -0.16092698 -0.19365625 0.09574824
v -0.15859931 -0.17795950 0.09829813
v -0.15859931 -0.17795950 0.09574824
v -0.11434281 -0.32384991 0.09829813
v -0.12499980 -0.31209154 0.09829813
v -0.12499980 -0.31209154 0.09574824
v -0.11434281 -0.32384991 0.09574824
v 0.00000000 -0.37121267 0.09829813
v -0.01584923 -0.37043408 0.09829813
v -0.01584923 -0.37043408 0.09574824
v 0.00000000 -0.37121267 0.09574824
v -0.11956911 -0.13719045 0.04322405
v -0.11666237 -0.12558617 0.04322405
v -0.11666237 -0.12558617 -0.33384996
v -0.11956911 -0.13719045 -0.33384996
v -0.11263153 -0.11432091 0.04322405
v -0.11263153 -0.11432091 -0.33384996
v -0.10716354 -0.10350659 0.04322405
v -0.10716354 -0.10350659 -0.33384996
v -0.02378276 -0.28054557 0.04322405
v -0.03538866 -0.27763720 0.04322405
v -0.03538866 -0.27763720 -0.33384996
v -0.02378276 -0.28054557 -0.33384996
v -0.04665230 -0.27360798 0.04322405
v -0.04665230 -0.27360798 -0.33384996
v -0.05746824 -0.26849198 0.04322405
v -0.05746824 -0.26849198 -0.33384996
v -0.06772945 -0.26234110 0.04322405
v -0.06772945 -0.26234110 -0.33384996
v -0.07733858 -0.25521535 0.04322405
v -0.07733858 -0.25521535 -0.33384996
v -0.08620480 -0.24718125 0.04322405
v -0.08620480 -0.24718125 -0.33384996
v -0.08620480 -0.24718125 0.04322405
v -0.09423890 -0.23831503 0.04322405
v -0.09423890 -0.23831503 -0.33384996
v -0.08620480 -0.24718125 -0.33384996
v -0.10136627 -0.22870590 0.04322405
v -0.10136627 -0.22870590 -0.33384996
v -0.10751553 -0.21844470 0.04322405
v -0.10751553 -0.21844470 -0.33384996
v -0.11263153 -0.20762875 0.04322405
v -0.11263153 -0.20762875 -0.33384996
v 0.00000000 -0.37121267 0.09574824
v -0.01584923 -0.37043408 0.09574824
v -0.01276567 -0.30075653 0.06904251
v 0.00000000 -0.30134697 0.06902791
v -0.11666237 -0.19636511 0.04322405
v -0.11666237 -0.19636511 -0.33384996
v -0.11956911 -0.18475921 0.04322405
v -0.11956911 -0.18475921 -0.33384996
v -0.12132419 -0.17292460 0.04322405
v -0.12132419 -0.17292460 -0.33384996
v -0.12191138 -0.16097483 0.04322405
v -0.12191138 -0.16097483 -0.33384996
v -0.12132419 -0.14902506 0.04322405
v -0.12132419 -0.14902506 -0.33384996
v -0.12331447 -0.11690811 0.07717394
v -0.12839316 -0.12859835 0.07645049
v -0.03154598 -0.36810641 0.09574824
v -0.02541780 -0.29899172 0.06908468
v -0.04693940 -0.36424914 0.09574824
v -0.03784609 -0.29607038 0.06915768
v -0.06188189 -0.35890442 0.09574824
v -0.04994023 -0.29201845 0.06925987
v -0.07622746 -0.35211931 0.09574824
v -0.06159154 -0.28687325 0.06939288
v -0.08983823 -0.34396031 0.09574824
v -0.07269784 -0.28068506 0.06955995
v -0.10258444 -0.33450690 0.09574824
v -0.08316342 -0.27350741 0.06976109
v -0.11434281 -0.32384991 0.09574824
v -0.09289421 -0.26540843 0.06999953
v -0.12499980 -0.31209154 0.09574824
v -0.10180423 -0.25646272 0.07027690
v -0.13445321 -0.29934533 0.09574824
v -0.10981886 -0.24675303 0.07059807
v -0.14261059 -0.28573456 0.09574824
v -0.11686188 -0.23636368 0.07096466
v -0.01194815 -0.28230064 0.04322405
v -0.01194815 -0.28230064 -0.33384996
v -0.14939732 -0.27138899 0.09574824
v -0.12287327 -0.22539201 0.07137829
v -0.15474203 -0.25644650 0.09574824
v -0.12779624 -0.21393210 0.07184544
v -0.15859931 -0.24105308 0.09574824
v -0.13158215 -0.20208452 0.07236450
v -0.16092698 -0.22535633 0.09574824
v -0.13418557 -0.18995307 0.07293872
v -0.16170557 -0.20950710 0.09574824
v -0.13557568 -0.17763996 0.07356808
v -0.16092698 -0.19365625 0.09574824
v -0.13571680 -0.16524574 0.07424448
v -0.15859931 -0.17795950 0.09574824
v -0.13458135 -0.15287260 0.07496144
v -0.15859931 -0.17795950 0.09574824
v -0.15474203 -0.16256608 0.09574824
v -0.13214663 -0.14062274 0.07570434
v -0.13458135 -0.15287260 0.07496144
v -0.01245262 -0.29369405 0.06490786
v 0.00000000 -0.29428286 0.06489975
v -0.01218822 -0.28770537 0.05854935
v 0.00000000 -0.28829418 0.05854611
v 0.00000000 -0.28829418 0.05854611
v -0.01218822 -0.28770537 0.05854935
v -0.01200979 -0.28370535 0.05093537
v 0.00000000 -0.28429254 0.05093537
v 0.00000000 -0.28288783 0.04322405
v -0.02479331 -0.29193248 0.06493381
v -0.02426127 -0.28594867 0.05856233
v -0.02426127 -0.28594867 0.05856233
v -0.02390766 -0.28195028 0.05093861
v -0.03690529 -0.28901600 0.06497923
v -0.03610885 -0.28303706 0.05858342
v -0.03610885 -0.28303706 0.05858342
v -0.03557519 -0.27904029 0.05094510
v -0.04868150 -0.28497381 0.06504249
v -0.04761580 -0.27899974 0.05861423
v -0.04761580 -0.27899974 0.05861423
v -0.04690372 -0.27500945 0.05095321
v -0.06001327 -0.27983997 0.06512522
v -0.05867506 -0.27387562 0.05865316
v -0.05867506 -0.27387562 0.05865316
v -0.05778130 -0.26989182 0.05096294
v -0.07079678 -0.27366475 0.06522741
v -0.06918444 -0.26771501 0.05870183
v -0.06918444 -0.26771501 0.05870183
v -0.06810739 -0.26373770 0.05097592
v -0.08093470 -0.26650657 0.06535231
v -0.07904499 -0.26057304 0.05876022
v -0.07904499 -0.26057304 0.05876022
v -0.07778302 -0.25660709 0.05099052
v -0.09033458 -0.25843354 0.06549991
v -0.08816426 -0.25251948 0.05882997
v -0.08816426 -0.25251948 0.05882997
v -0.08671413 -0.24856812 0.05100836
v -0.09890883 -0.24951865 0.06567023
v -0.09645465 -0.24363054 0.05891270
v -0.08816426 -0.25251948 0.05882997
v -0.09645465 -0.24363054 0.05891270
v -0.09481474 -0.23969703 0.05102945
v -0.08671413 -0.24856812 0.05100836
v -0.10658446 -0.23984626 0.06586812
v -0.10384154 -0.23399222 0.05900515
v -0.10384154 -0.23399222 0.05900515
v -0.10200861 -0.23007979 0.05105378
v -0.11328522 -0.22950558 0.06609521
v -0.11025358 -0.22369209 0.05911383
v -0.11025358 -0.22369209 0.05911383
v -0.10822762 -0.21980886 0.05108297
v -0.11895435 -0.21859393 0.06634988
v -0.11328522 -0.22950558 0.06609521
v -0.11895435 -0.21859393 0.06634988
v -0.11563073 -0.21283234 0.05923386
v -0.11341174 -0.20898155 0.05111379
v -0.12353507 -0.20720863 0.06663860
v -0.12353507 -0.20720863 0.06663860
v -0.11992272 -0.20151031 0.05937174
v -0.11750909 -0.19770169 0.05114948
v -0.12698521 -0.19545513 0.06695977
v -0.12698521 -0.19545513 0.06695977
v -0.12308738 -0.18983466 0.05952259
v -0.12048396 -0.18607795 0.05118841
v -0.12926421 -0.18343723 0.06731339
v -0.12926421 -0.18343723 0.06731339
v -0.12509063 -0.17791246 0.05969129
v -0.12230392 -0.17422064 0.05123220
v -0.13034613 -0.17126199 0.06770106
v -0.13034613 -0.17126199 0.06770106
v -0.12591302 -0.16585563 0.05987620
v -0.12295113 -0.16224329 0.05128087
v -0.13557568 -0.17763996 0.07356808
v -0.13571680 -0.16524574 0.07424448
v -0.13020826 -0.15903808 0.06811955
v -0.12553995 -0.15377609 0.06007410
v -0.12241909 -0.15026107 0.05133115
v -0.12883599 -0.14687095 0.06856238
v -0.12396654 -0.14178414 0.06028334
v -0.12071267 -0.13838429 0.05138630
v -0.12622121 -0.13486927 0.06902142
v -0.12119767 -0.12999009 0.06050070
v -0.11783999 -0.12673135 0.05144307
v -0.12236231 -0.12313523 0.06948209
v -0.11724793 -0.11850260 0.06071968
v -0.11383186 -0.11540770 0.05149985
v -0.11726902 -0.11177913 0.06992816
v -0.11214329 -0.10743199 0.06093217
v -0.10716354 -0.10452687 0.05155500
v 0.00000000 -0.28288783 -0.33384996
v -0.11726902 -0.11177913 0.06992816
v -0.12331447 -0.11690811 0.07717394
v -0.10687643 -0.09550979 0.04342519
v -0.10687643 -0.09550979 -0.33384996
v -0.10687643 -0.09550979 0.05137657
v -0.10687643 -0.09550979 0.09574824
v -0.10687643 -0.09550979 0.07356321
v -0.10687643 -0.09550979 0.05137657
v -0.10687643 -0.09550979 0.07356321
v -0.10243521 -0.09550979 0.07356321
v -0.10243521 -0.09550979 0.05137657
v -0.10687643 -0.09550979 0.09574824
v -0.10243521 -0.09550979 0.09574824
v -0.10687643 -0.09550979 -0.33384996
v -0.10687643 -0.09550979 0.04342519
v -0.10243521 -0.09550979 0.04342519
v -0.10243521 -0.09550979 -0.33384996
v -0.10687643 -0.09550979 0.09829813
v -0.10243521 -0.09550979 0.09829813
v -0.10582533 0.12067780 -0.33334388
v -0.10582533 0.12067780 0.17307546
v -0.10531600 0.21554444 0.17307546
v -0.10531600 0.21554444 -0.33334388
v -0.10379126 0.22581700 0.17307546
v -0.10379126 0.22581700 -0.33334388
v -0.10126894 0.23589166 0.17307546
v -0.10126894 0.23589166 -0.33334388
v -0.09777014 0.24566948 0.17307546
v -0.09777014 0.24566948 -0.33334388
v -0.09332892 0.25505801 0.17307546
v -0.09332892 0.25505801 -0.33334388
v -0.08799070 0.26396479 0.17307546
v -0.08799070 0.26396479 -0.33334388
v -0.08180413 0.27230708 0.17307546
v -0.08180413 0.27230708 -0.33334388
v -0.07482924 0.28000217 0.17307546
v -0.07482924 0.28000217 -0.33334388
v -0.07482924 0.28000217 -0.33334388
v -0.07482924 0.28000217 0.17307546
v -0.06713415 0.28697544 0.17307546
v -0.06713415 0.28697544 -0.33334388
v -0.05879347 0.29316201 0.17307546
v -0.05879347 0.29316201 -0.33334388
v -0.04988508 0.29850186 0.17307546
v -0.04988508 0.29850186 -0.33334388
v -0.04049655 0.30294146 0.17307546
v -0.04049655 0.30294146 -0.33334388
v -0.03071872 0.30644026 0.17307546
v -0.03071872 0.30644026 -0.33334388
v -0.02064406 0.30896420 0.17307546
v -0.02064406 0.30896420 -0.33334388
v -0.01037150 0.31048732 0.17307546
v -0.01037150 0.31048732 -0.33334388
v 0.00000000 0.31099665 0.17307546
v 0.00000000 0.31099665 -0.33334388
v -0.10546848 -0.03546733 0.16829522
v -0.10546848 -0.03546733 0.17325226
v -0.09823568 -0.03546733 0.17325226
v -0.09823568 -0.03546733 0.16829522
v -0.09823568 0.05481697 0.16536252
v -0.10546848 0.05481697 0.16536252
v -0.10546848 0.05315435 0.16287589
v -0.09823568 0.05315435 0.16287589
v -0.10546848 0.05539930 0.17325226
v -0.10546848 0.05539930 0.16829522
v -0.09823568 0.05539930 0.16829522
v -0.09823568 0.05539930 0.17325226
v -0.10546848 -0.03322238 0.16287589
v -0.09823568 -0.03322238 0.16287589
v -0.09823568 -0.03073575 0.16121327
v -0.10546848 -0.03073575 0.16121327
v -0.10546848 -0.03488338 0.16536252
v -0.09823568 -0.03488338 0.16536252
v -0.09823568 -0.03322238 0.16287589
v -0.10546848 -0.03322238 0.16287589
v -0.09823568 0.05066772 0.16121327
v -0.10546848 0.05066772 0.16121327
v -0.10546848 0.04773503 0.16063095
v -0.09823568 0.04773503 0.16063095
v -0.09823568 0.05315435 0.16287589
v -0.10546848 0.05315435 0.16287589
v -0.09823568 -0.02780143 0.16063095
v -0.10546848 -0.02780143 0.16063095
v -0.09173443 -0.02896446 0.16893594
v -0.09173443 -0.02875845 0.16789944
v -0.09222916 -0.03110234 0.16692782
v -0.09222916 -0.03145271 0.16869101
v -0.09363874 -0.03308937 0.16610543
v -0.09363874 -0.03356302 0.16848338
v -0.09363874 -0.03356302 0.16848338
v -0.09363874 -0.03308937 0.16610543
v -0.09574742 -0.03441785 0.16555555
v -0.09574742 -0.03497260 0.16834388
v -0.09173443 -0.02853461 0.16756367
v -0.09222916 -0.03032861 0.16576966
v -0.09363874 -0.03184849 0.16424816
v -0.09363874 -0.03184849 0.16424816
v -0.09574742 -0.03286553 0.16323275
v -0.09173443 -0.02819884 0.16733820
v -0.09222916 -0.02916884 0.16499431
v -0.09363874 -0.02999285 0.16300728
v -0.09363874 -0.03184849 0.16424816
v -0.09363874 -0.02999285 0.16300728
v -0.09574742 -0.03054273 0.16168043
v -0.09574742 -0.03286553 0.16323275
v -0.09173443 -0.02716234 0.16713220
v -0.09222916 -0.02740727 0.16464395
v -0.09363874 -0.02761490 0.16253526
v -0.09363874 -0.02761490 0.16253526
v -0.09574742 -0.02775277 0.16112568
v -0.09173443 0.04869205 0.16789944
v -0.09173443 0.04889805 0.16893594
v -0.09222916 0.05138630 0.16869101
v -0.09222916 0.05103593 0.16692782
v -0.09363874 0.05349499 0.16848338
v -0.09363874 0.05302297 0.16610543
v -0.09363874 0.05302297 0.16610543
v -0.09363874 0.05349499 0.16848338
v -0.09574742 0.05490457 0.16834388
v -0.09574742 0.05434982 0.16555555
v -0.09173443 0.04846658 0.16756367
v -0.09222916 0.05026059 0.16576966
v -0.09363874 0.05178208 0.16424816
v -0.09363874 0.05178208 0.16424816
v -0.09574742 0.05279750 0.16323275
v -0.09173443 0.04813081 0.16733820
v -0.09222916 0.04910243 0.16499431
v -0.09363874 0.04992482 0.16300728
v -0.09363874 0.04992482 0.16300728
v -0.09363874 0.05178208 0.16424816
v -0.09574742 0.05279750 0.16323275
v -0.09574742 0.05047470 0.16168043
v -0.09173443 0.04709431 0.16713220
v -0.09222916 0.04733924 0.16464395
v -0.09363874 0.04754687 0.16253526
v -0.09363874 0.04754687 0.16253526
v -0.09574742 0.04768636 0.16112568
v -0.09173443 0.04889805 0.17325226
v -0.09222916 0.05138630 0.17325226
v -0.09363874 0.05349499 0.17325226
v -0.09363874 0.05349499 0.17325226
v -0.09574742 0.05490457 0.17325226
v -0.09173443 -0.02896446 0.17325226
v -0.09222916 -0.03145271 0.17325226
v -0.09363874 -0.03356302 0.17325226
v -0.09363874 -0.03356302 0.17325226
v -0.09574742 -0.03497260 0.17325226
v -0.09823568 0.05539930 0.17325226
v -0.09574742 0.05490457 0.17325226
v -0.09574742 0.11973051 0.17325226
v -0.09823730 0.11973051 0.17325226
v -0.09363874 0.05349499 0.17325226
v -0.09363874 0.11973051 0.17325226
v -0.09222916 0.05138630 0.17325226
v -0.09222916 0.11973051 0.17325226
v -0.10546848 0.05539930 0.17325226
v -0.10546848 0.11973051 0.17325226
v -0.09574742 -0.03497260 0.17325226
v -0.09823568 -0.03546733 0.17325226
v -0.09823568 -0.09549357 0.17325226
v -0.09574742 -0.09549357 0.17325226
v -0.09363874 -0.03356302 0.17325226
v -0.09363874 -0.09549357 0.17325226
v -0.09222916 -0.03145271 0.17325226
v -0.09222916 -0.09549357 0.17325226
v -0.10546848 -0.09550979 0.17325226
v -0.10546848 -0.03546733 0.17325226
v -0.09173443 -0.02896446 0.17325226
v -0.08414802 -0.03145271 0.17325226
v -0.08414802 -0.02896446 0.17325226
v -0.09173443 0.04889805 0.17325226
v -0.08414802 0.04889805 0.17325226
v -0.08414802 0.05138630 0.17325226
v -0.08414802 -0.09549357 0.17325226
v -0.08414802 0.11973051 0.17325226
v -0.07724450 0.30088954 -0.34249883
v -0.06764672 0.30800718 -0.34249883
v -0.06764672 0.30800718 -0.36557274
v -0.07724450 0.30088954 -0.36557274
v -0.12069645 -0.09084797 -0.34306331
v -0.12069645 -0.02176734 -0.34249883
v -0.12069645 -0.02176734 -0.36557274
v -0.12069645 -0.09084797 -0.36557274
v -0.02736753 -0.30372978 -0.34306331
v -0.04072039 -0.30038508 -0.34306331
v -0.04072039 -0.30038508 -0.36557274
v -0.02736753 -0.30372978 -0.36557274
v -0.05739850 0.31414995 -0.34249883
v -0.05739850 0.31414995 -0.36557274
v -0.04659714 0.31925946 -0.34249883
v -0.04659714 0.31925946 -0.36557274
v -0.03534810 0.32328381 -0.34249883
v -0.03534810 0.32328381 -0.36557274
v -0.02375681 0.32618731 -0.34249883
v -0.02375681 0.32618731 -0.36557274
v -0.01242342 -0.28846450 -0.34127254
v -0.02472843 -0.28665752 -0.34127254
v -0.02709016 -0.30193415 -0.34129039
v -0.01361239 -0.30393741 -0.34129039
v -0.01193842 0.32794077 -0.34249883
v -0.01193842 0.32794077 -0.36557274
v -0.05368072 -0.29574921 -0.34306331
v -0.06612198 -0.28986272 -0.34306331
v -0.06612198 -0.28986272 -0.36557274
v -0.05368072 -0.29574921 -0.36557274
v 0.00000000 0.32852634 -0.34249883
v 0.00000000 0.32852634 -0.36557274
v -0.03679985 -0.28366318 -0.34127254
v -0.04852578 -0.27951069 -0.34127254
v -0.05312921 -0.29401360 -0.34129039
v -0.04030514 -0.29861378 -0.34129039
v -0.07792901 -0.28278726 -0.34306331
v -0.08898502 -0.27458771 -0.34306331
v -0.08898502 -0.27458771 -0.36557274
v -0.07792901 -0.28278726 -0.36557274
v -0.05979429 -0.27423897 -0.34127254
v -0.07049994 -0.26789506 -0.34127254
v -0.07711473 -0.28115546 -0.34129039
v -0.06543909 -0.28817415 -0.34129039
v -0.09918296 -0.26534355 -0.34306331
v -0.10842713 -0.25514560 -0.34306331
v -0.10842713 -0.25514560 -0.36557274
v -0.09918296 -0.26534355 -0.36557274
v -0.08054054 -0.26054060 -0.34127254
v -0.08982039 -0.25224210 -0.34127254
v -0.09812051 -0.26385611 -0.34129039
v -0.08804422 -0.27302242 -0.34129039
v -0.11662668 -0.24408959 -0.34306331
v -0.12370214 -0.23228256 -0.34306331
v -0.12370214 -0.23228256 -0.36557274
v -0.11662668 -0.24408959 -0.36557274
v -0.09825190 -0.24307742 -0.34127254
v -0.10575558 -0.23313090 -0.34127254
v -0.11533714 -0.24278869 -0.34128877
v -0.10724626 -0.25374576 -0.34129039
v -0.12958863 -0.21983967 -0.34306331
v -0.13422450 -0.20688097 -0.34306331
v -0.13422450 -0.20688097 -0.36557274
v -0.12958863 -0.21983967 -0.36557274
v -0.11225683 -0.22249662 -0.34127254
v -0.11769400 -0.21127516 -0.34127254
v -0.12809957 -0.21876911 -0.34128877
v -0.12230879 -0.23109196 -0.34128877
v -0.13757082 -0.19352811 -0.34306331
v -0.13958868 -0.17991247 -0.34306331
v -0.13958868 -0.17991247 -0.36557274
v -0.13757082 -0.19352811 -0.36557274
v -0.12201195 -0.19956869 -0.34127254
v -0.12516849 -0.18748753 -0.34127254
v -0.13592442 -0.19272681 -0.34128877
v -0.13265271 -0.20593855 -0.34128877
v -0.14026508 -0.16616545 -0.34306331
v -0.13958868 -0.15241680 -0.34306331
v -0.13958868 -0.15241680 -0.36557274
v -0.14026508 -0.16616545 -0.36557274
v -0.12712957 -0.17514684 -0.34127417
v -0.12787410 -0.16266178 -0.34127417
v -0.13851162 -0.16566909 -0.34128877
v -0.13788226 -0.17926040 -0.34128877
v -0.11941826 0.23052586 -0.34249883
v -0.11651476 0.24211716 -0.34249883
v -0.11651476 0.24211716 -0.36557274
v -0.11941826 0.23052586 -0.36557274
v -0.13757082 -0.13880116 -0.34306331
v -0.13422450 -0.12544992 -0.34306331
v -0.13422450 -0.12544992 -0.36557274
v -0.13757082 -0.13880116 -0.36557274
v -0.11249041 0.25336620 -0.34249883
v -0.11249041 0.25336620 -0.36557274
v -0.12738586 -0.15015077 -0.34127417
v -0.12566809 -0.13773709 -0.34127417
v -0.13577682 -0.13864058 -0.34128877
v -0.13780602 -0.15208590 -0.34128877
v -0.10738090 0.26416755 -0.34249883
v -0.10738090 0.26416755 -0.36557274
v -0.12958863 -0.11248960 -0.34306331
v -0.12329825 -0.10004672 -0.34306331
v -0.12329825 -0.10004672 -0.36557274
v -0.12958863 -0.11248960 -0.36557274
v -0.10123812 0.27441577 -0.34249883
v -0.10123812 0.27441577 -0.36557274
v -0.12272890 -0.12553913 -0.34127417
v -0.11858938 -0.11367695 -0.34127417
v -0.12783517 -0.11267938 -0.34128877
v -0.13244022 -0.12546290 -0.34128877
v -0.09412049 0.28401355 -0.34249883
v -0.09412049 0.28401355 -0.36557274
v -0.08609774 0.29286679 -0.34249883
v -0.08609774 0.29286679 -0.36557274
v -0.08609774 0.29286679 -0.34249883
v -0.08609774 0.29286679 -0.36557274
v -0.09332892 0.25505801 -0.33473074
v -0.09777014 0.24566948 -0.33473074
v -0.10716354 -0.10350659 -0.33523683
v -0.11263153 -0.11432091 -0.33523683
v -0.08799070 0.26396479 -0.33473074
v -0.10243521 -0.09550979 -0.33384996
v -0.10546848 -0.03546733 -0.33334388
v -0.10546848 -0.03546733 -0.33473074
v -0.10243521 -0.09550979 -0.33523683
v -0.08180413 0.27230708 -0.33473074
v -0.10546848 0.05539930 -0.33334388
v -0.10582533 0.12067780 -0.33473074
v -0.10546848 0.05539930 -0.33473074
v -0.07482924 0.28000217 -0.33473074
v -0.06713415 0.28697544 -0.33473074
v -0.07482924 0.28000217 -0.33473074
v -0.10243521 -0.09550979 -0.33384996
v -0.10243521 -0.09550979 -0.33523683
v -0.05879347 0.29316201 -0.33473074
v -0.04988508 0.29850186 -0.33473074
v -0.01194815 -0.28230064 -0.33523683
v 0.00000000 -0.28288783 -0.33523683
v -0.04049655 0.30294146 -0.33473074
v -0.02378276 -0.28054557 -0.33523683
v -0.03071872 0.30644026 -0.33473074
v -0.03538866 -0.27763720 -0.33523683
v -0.02064406 0.30896420 -0.33473074
v -0.04665230 -0.27360798 -0.33523683
v -0.01037150 0.31048732 -0.33473074
v -0.05746824 -0.26849198 -0.33523683
v 0.00000000 0.31099665 -0.33473074
v -0.06772945 -0.26234110 -0.33523683
v -0.07733858 -0.25521535 -0.33523683
v -0.08620480 -0.24718125 -0.33523683
v -0.09423890 -0.23831503 -0.33523683
v -0.08620480 -0.24718125 -0.33523683
v -0.10136627 -0.22870590 -0.33523683
v -0.10751553 -0.21844470 -0.33523683
v -0.11263153 -0.20762875 -0.33523683
v -0.11666237 -0.19636511 -0.33523683
v -0.12069645 0.15787668 -0.34249883
v -0.12069645 0.21870747 -0.34249883
v -0.12069645 0.21870747 -0.36557274
v -0.12069645 0.15787668 -0.36557274
v -0.11956911 -0.18475921 -0.33523683
v -0.12132419 -0.17292460 -0.33523683
v -0.12191138 -0.16097483 -0.33523683
v -0.10531600 0.21554444 -0.33473074
v -0.12132419 -0.14902506 -0.33523683
v -0.10379126 0.22581700 -0.33473074
v -0.11956911 -0.13719045 -0.33523683
v -0.10126894 0.23589166 -0.33473074
v -0.11666237 -0.12558617 -0.33523683
v -0.11169397 0.13535751 -0.34074537
v -0.11122033 0.21675775 -0.34074699
v -0.11898679 0.21835548 -0.34073077
v -0.11898517 0.15359442 -0.34073077
v -0.10957718 0.22756072 -0.34074699
v -0.11773293 0.23001815 -0.34073077
v -0.10687319 0.23818040 -0.34074699
v -0.11487809 0.24144886 -0.34073077
v -0.10314405 0.24847891 -0.34074699
v -0.11091863 0.25254543 -0.34073077
v -0.11291053 -0.10227381 -0.34127417
v -0.12160643 -0.10041006 -0.34128877
v -0.09842384 0.25836054 -0.34074699
v -0.10588859 0.26320079 -0.34073077
v 0.00000000 -0.30642566 -0.34306331
v -0.01375189 -0.30574926 -0.34306331
v -0.01375189 -0.30574926 -0.36557274
v 0.00000000 -0.30642566 -0.36557274
v -0.09276120 0.26772961 -0.34074699
v -0.09983990 0.27331277 -0.34073077
v -0.10810920 -0.09406128 -0.34127254
v -0.11135010 -0.03017614 -0.34074699
v -0.11899490 -0.02329857 -0.34073077
v -0.11900788 -0.09127944 -0.34128877
v -0.08621291 0.27649688 -0.34074699
v -0.09282770 0.28278402 -0.34073077
v -0.12069645 0.08277494 -0.34249883
v -0.12069645 0.08277494 -0.36557274
v -0.07883899 0.28457965 -0.34074699
v -0.08492012 0.29152210 -0.34073077
v -0.11134036 0.06595409 -0.34074699
v -0.11898679 0.07970112 -0.34073077
v -0.07071243 0.29190166 -0.34074699
v -0.07619340 0.29944428 -0.34073077
v -0.06191271 0.29839318 -0.34074699
v -0.06673025 0.30647108 -0.34073077
v -0.05252094 0.30399256 -0.34074699
v -0.05662477 0.31253761 -0.34073077
v 0.00000000 -0.28906953 -0.34127254
v 0.00000000 -0.30460894 -0.34129039
v -0.04262957 0.30864789 -0.34074699
v -0.04597103 0.31758224 -0.34073077
v -0.03233268 0.31231539 -0.34074699
v -0.03487284 0.32155793 -0.34073077
v -0.02172760 0.31495936 -0.34074699
v -0.02343888 0.32442575 -0.34073077
v -0.01091652 0.31655547 -0.34074699
v -0.01177784 0.32615649 -0.34073077
v 0.00000000 0.31708913 -0.34074699
v 0.00000000 0.32673557 -0.34073077
v -0.09918296 -0.26534355 -0.34306331
v -0.09918296 -0.26534355 -0.36557274
v -0.10554147 0.05553068 -0.33567317
v -0.10554147 -0.03540244 -0.33567317
v -0.10575558 0.05591674 -0.33659288
v -0.10575721 -0.03520780 -0.33659288
v -0.10610919 0.05655096 -0.33746555
v -0.10610919 -0.03488987 -0.33746555
v -0.10659095 0.05741553 -0.33827172
v -0.10659257 -0.03445678 -0.33827172
v -0.10718787 0.05849096 -0.33898867
v -0.10719111 -0.03391825 -0.33898867
v -0.10719111 -0.03391825 -0.33898867
v -0.10718787 0.05849096 -0.33898867
v -0.10788860 0.05975130 -0.33960181
v -0.10789347 -0.03328564 -0.33960181
v -0.10867531 0.06116250 -0.34009492
v -0.10868017 -0.03257842 -0.34009492
v -0.10952527 0.06269211 -0.34045502
v -0.10953176 -0.03181118 -0.34045502
v -0.11042227 0.06430283 -0.34067400
v -0.11043038 -0.03100502 -0.34067400
v -0.01195464 -0.28237688 -0.33617925
v 0.00000000 -0.28296407 -0.33617925
v -0.01197086 -0.28260235 -0.33710059
v 0.00000000 -0.28319116 -0.33710059
v -0.01200006 -0.28297218 -0.33797488
v 0.00000000 -0.28356099 -0.33797488
v -0.01203899 -0.28347827 -0.33878105
v 0.00000000 -0.28406870 -0.33878105
v -0.01208765 -0.28410601 -0.33950125
v 0.00000000 -0.28469806 -0.33950125
v 0.00000000 -0.28469806 -0.33950125
v -0.01208765 -0.28410601 -0.33950125
v -0.01214442 -0.28484080 -0.34011601
v 0.00000000 -0.28543610 -0.34011601
v -0.01220768 -0.28566643 -0.34061236
v 0.00000000 -0.28626336 -0.34061236
v -0.01227581 -0.28656019 -0.34097408
v 0.00000000 -0.28716036 -0.34097408
v -0.01234880 -0.28750099 -0.34119631
v 0.00000000 -0.28810278 -0.34119631
v -0.02379411 -0.28062018 -0.33617925
v -0.02382980 -0.28084403 -0.33710059
v -0.02388657 -0.28121224 -0.33797488
v -0.02396281 -0.28171346 -0.33878105
v -0.02406013 -0.28233633 -0.33950125
v -0.02406013 -0.28233633 -0.33950125
v -0.02417206 -0.28306464 -0.34011601
v -0.02429858 -0.28388216 -0.34061236
v -0.02443645 -0.28476943 -0.34097408
v -0.02458082 -0.28570212 -0.34119631
v -0.03540488 -0.27771181 -0.33617925
v -0.03545678 -0.27793241 -0.33710059
v -0.03554275 -0.27829414 -0.33797488
v -0.03565792 -0.27878887 -0.33878105
v -0.03580228 -0.27940201 -0.33950125
v -0.03580228 -0.27940201 -0.33950125
v -0.03597098 -0.28012221 -0.34011601
v -0.03615914 -0.28092837 -0.34061236
v -0.03636352 -0.28180105 -0.34097571
v -0.03657925 -0.28272076 -0.34119631
v -0.04667663 -0.27368097 -0.33617925
v -0.04674475 -0.27389671 -0.33710059
v -0.04685668 -0.27425194 -0.33797488
v -0.04701077 -0.27473532 -0.33878105
v -0.04720218 -0.27533711 -0.33950125
v -0.04720218 -0.27533711 -0.33950125
v -0.04742602 -0.27604108 -0.34011601
v -0.04767582 -0.27683103 -0.34061236
v -0.04794833 -0.27768748 -0.34097571
v -0.04823381 -0.27858773 -0.34119631
v -0.05749582 -0.26856335 -0.33617925
v -0.05758179 -0.26877260 -0.33710059
v -0.05772129 -0.26911810 -0.33797488
v -0.05791269 -0.26959012 -0.33878105
v -0.05814951 -0.27017569 -0.33950125
v -0.05814951 -0.27017569 -0.33950125
v -0.05842689 -0.27086020 -0.34011601
v -0.05873832 -0.27162906 -0.34061236
v -0.05907571 -0.27246280 -0.34097571
v -0.05943095 -0.27334034 -0.34119631
v -0.06776351 -0.26241085 -0.33617925
v -0.06786570 -0.26261361 -0.33710059
v -0.06803115 -0.26294775 -0.33797488
v -0.06825986 -0.26340193 -0.33878105
v -0.06854210 -0.26396803 -0.33950125
v -0.06854210 -0.26396803 -0.33950125
v -0.06887138 -0.26463146 -0.34011601
v -0.06924283 -0.26537437 -0.34061236
v -0.06964511 -0.26617891 -0.34097571
v -0.07006685 -0.26702725 -0.34119631
v -0.07737913 -0.25528024 -0.33617925
v -0.07749592 -0.25547488 -0.33710059
v -0.07768732 -0.25579443 -0.33797488
v -0.07795010 -0.25623239 -0.33878105
v -0.07827613 -0.25677416 -0.33950125
v -0.07827613 -0.25677416 -0.33950125
v -0.07865894 -0.25741001 -0.34011601
v -0.07908717 -0.25812210 -0.34061236
v -0.07955108 -0.25889420 -0.34097571
v -0.08003932 -0.25970686 -0.34119631
v -0.08624859 -0.24724289 -0.33617925
v -0.08638160 -0.24742781 -0.33710059
v -0.08659896 -0.24773275 -0.33797488
v -0.08689418 -0.24814638 -0.33878105
v -0.07795010 -0.25623239 -0.33878105
v -0.08689418 -0.24814638 -0.33878105
v -0.08726401 -0.24866220 -0.33950125
v -0.08769548 -0.24926723 -0.34011601
v -0.08817886 -0.24994363 -0.34061236
v -0.08870278 -0.25067843 -0.34097571
v -0.08925591 -0.25145053 -0.34119631
v -0.09428756 -0.23837342 -0.33617925
v -0.08624859 -0.24724289 -0.33617925
v -0.09443517 -0.23854861 -0.33710059
v -0.08638160 -0.24742781 -0.33710059
v -0.09467524 -0.23883409 -0.33797488
v -0.08659896 -0.24773275 -0.33797488
v -0.09500452 -0.23922501 -0.33878105
v -0.08689418 -0.24814638 -0.33878105
v -0.09500452 -0.23922501 -0.33878105
v -0.09541328 -0.23971001 -0.33950125
v -0.09589341 -0.24027773 -0.34011763
v -0.09643032 -0.24091520 -0.34061236
v -0.09701264 -0.24160458 -0.34097571
v -0.09762416 -0.24233127 -0.34119793
v -0.10141980 -0.22876105 -0.33617925
v -0.10158038 -0.22892326 -0.33710059
v -0.10184478 -0.22918927 -0.33797488
v -0.10220325 -0.22955100 -0.33878105
v -0.10220325 -0.22955100 -0.33878105
v -0.10265095 -0.23000193 -0.33950125
v -0.10317487 -0.23053072 -0.34011763
v -0.10376206 -0.23112278 -0.34061236
v -0.10439953 -0.23176350 -0.34097571
v -0.10506945 -0.23243828 -0.34119793
v -0.10757392 -0.21849336 -0.33617925
v -0.10774748 -0.21864259 -0.33710059
v -0.10803297 -0.21888590 -0.33797488
v -0.10842064 -0.21921842 -0.33878105
v -0.10890402 -0.21963205 -0.33950125
v -0.10265095 -0.23000193 -0.33950125
v -0.10890402 -0.21963205 -0.33950125
v -0.10947012 -0.22011543 -0.34011763
v -0.11010435 -0.22065720 -0.34061236
v -0.11079210 -0.22124439 -0.34097571
v -0.11151555 -0.22186239 -0.34119793
v -0.11269317 -0.20767417 -0.33617925
v -0.11287971 -0.20780718 -0.33710059
v -0.11318303 -0.20802615 -0.33797488
v -0.11359828 -0.20832461 -0.33878105
v -0.11411410 -0.20869769 -0.33950125
v -0.11411410 -0.20869769 -0.33950125
v -0.11471913 -0.20913240 -0.34011763
v -0.11539553 -0.20961902 -0.34061236
v -0.11613033 -0.21014782 -0.34097571
v -0.11690243 -0.21070419 -0.34119793
v -0.11672725 -0.19640404 -0.33617925
v -0.11692352 -0.19652083 -0.33710059
v -0.11724469 -0.19671385 -0.33797488
v -0.11768427 -0.19697663 -0.33878105
v -0.11822929 -0.19730266 -0.33950125
v -0.11822929 -0.19730266 -0.33950125
v -0.11886676 -0.19768547 -0.34011763
v -0.11958371 -0.19811370 -0.34061236
v -0.12035906 -0.19857761 -0.34097571
v -0.12117496 -0.19906747 -0.34119793
v -0.11963724 -0.18479328 -0.33617925
v -0.11984324 -0.18489222 -0.33710059
v -0.12017901 -0.18505605 -0.33797488
v -0.12063806 -0.18527990 -0.33878105
v -0.12120902 -0.18555889 -0.33950125
v -0.12120902 -0.18555889 -0.33950125
v -0.12187732 -0.18588331 -0.34011763
v -0.12262671 -0.18624827 -0.34061236
v -0.12343937 -0.18664406 -0.34097571
v -0.12429258 -0.18706093 -0.34119793
v -0.12139556 -0.17295218 -0.33617925
v -0.12160805 -0.17303328 -0.33710059
v -0.12195680 -0.17316629 -0.33797488
v -0.12243369 -0.17334959 -0.33878105
v -0.12302412 -0.17357505 -0.33950125
v -0.12302412 -0.17357505 -0.33950125
v -0.12371674 -0.17384107 -0.34011763
v -0.12449371 -0.17413791 -0.34061236
v -0.12533557 -0.17445908 -0.34097571
v -0.12622121 -0.17479809 -0.34119793
v -0.12198437 -0.16099592 -0.33617925
v -0.12220335 -0.16105756 -0.33710059
v -0.12256183 -0.16115975 -0.33797488
v -0.12305007 -0.16129762 -0.33878105
v -0.12365835 -0.16146956 -0.33950125
v -0.12365835 -0.16146956 -0.33950125
v -0.12436881 -0.16167070 -0.34011763
v -0.12516687 -0.16189616 -0.34061236
v -0.12603143 -0.16213948 -0.34097571
v -0.12694141 -0.16239738 -0.34119793
v -0.12139881 -0.14903965 -0.33617925
v -0.12162103 -0.14908021 -0.33710059
v -0.12198437 -0.14914833 -0.33797488
v -0.12248235 -0.14924079 -0.33878105
v -0.12310036 -0.14935596 -0.33950125
v -0.12310036 -0.14935596 -0.33950125
v -0.12382218 -0.14948897 -0.34011763
v -0.12463483 -0.14963982 -0.34061236
v -0.12551237 -0.14980365 -0.34097571
v -0.12643857 -0.14997559 -0.34119793
v -0.11964373 -0.13719856 -0.33617925
v -0.11986757 -0.13721802 -0.33710059
v -0.12023416 -0.13725047 -0.33797488
v -0.12073376 -0.13729588 -0.33878105
v -0.12135501 -0.13735103 -0.33950125
v -0.12135501 -0.13735103 -0.33950125
v -0.12208332 -0.13741592 -0.34011763
v -0.12289922 -0.13748891 -0.34061236
v -0.12378325 -0.13756839 -0.34097571
v -0.12471431 -0.13765112 -0.34119793
v -0.11673698 -0.12558617 -0.33617925
v -0.11695921 -0.12558293 -0.33710059
v -0.11732255 -0.12558131 -0.33797488
v -0.11782052 -0.12557644 -0.33878267
v -0.11843853 -0.12557158 -0.33950287
v -0.11843853 -0.12557158 -0.33950287
v -0.11916197 -0.12556671 -0.34011763
v -0.11997463 -0.12556022 -0.34061236
v -0.12085379 -0.12555373 -0.34097571
v -0.12177999 -0.12554562 -0.34119793
v -0.11270452 -0.11431280 -0.33617925
v -0.11292350 -0.11429009 -0.33710059
v -0.11328036 -0.11425116 -0.33797488
v -0.11377022 -0.11419764 -0.33878267
v -0.11437687 -0.11413275 -0.33950287
v -0.11437687 -0.11413275 -0.33950287
v -0.11508734 -0.11405652 -0.34011763
v -0.11588540 -0.11397055 -0.34061236
v -0.11674834 -0.11387647 -0.34097571
v -0.11765832 -0.11377914 -0.34119955
v -0.10723491 -0.10349037 -0.33617925
v -0.10744578 -0.10344657 -0.33710059
v -0.10778966 -0.10337195 -0.33797488
v -0.10826168 -0.10327139 -0.33878267
v -0.10884724 -0.10314487 -0.33950287
v -0.10884724 -0.10314487 -0.33950287
v -0.10953338 -0.10299888 -0.34011763
v -0.11030224 -0.10283343 -0.34061399
v -0.11113598 -0.10265500 -0.34097733
v -0.11201190 -0.10246684 -0.34119955
v -0.10538900 0.21555904 -0.33567317
v -0.10589670 0.12085785 -0.33567317
v -0.10560473 0.21560283 -0.33659288
v -0.10611244 0.12139637 -0.33659288
v -0.10595996 0.21567583 -0.33746555
v -0.10646443 0.12227716 -0.33746555
v -0.10644334 0.21577639 -0.33827172
v -0.10694618 0.12348073 -0.33827172
v -0.10704513 0.21589967 -0.33898867
v -0.10754472 0.12497790 -0.33898867
v -0.10754472 0.12497790 -0.33898867
v -0.10704513 0.21589967 -0.33898867
v -0.10774911 0.21604404 -0.33960181
v -0.10824384 0.12672973 -0.33960181
v -0.10853905 0.21620786 -0.34009492
v -0.10903054 0.12869243 -0.34009492
v -0.10939550 0.21638305 -0.34045502
v -0.10988050 0.13082221 -0.34045502
v -0.11029737 0.21656796 -0.34067400
v -0.11077588 0.13306229 -0.34067400
v -0.10386263 0.22583808 -0.33567317
v -0.10407512 0.22590296 -0.33659288
v -0.10442224 0.22600678 -0.33746555
v -0.10489751 0.22614952 -0.33827172
v -0.10548632 0.22632795 -0.33898867
v -0.10548632 0.22632795 -0.33898867
v -0.10617732 0.22653557 -0.33960181
v -0.10695105 0.22676915 -0.34009492
v -0.10778966 0.22702219 -0.34045502
v -0.10867206 0.22728821 -0.34067400
v -0.10133707 0.23591923 -0.33567317
v -0.10154307 0.23600358 -0.33659288
v -0.10187884 0.23613984 -0.33746555
v -0.10233951 0.23632800 -0.33827172
v -0.10291048 0.23656157 -0.33898867
v -0.10291048 0.23656157 -0.33898867
v -0.10357877 0.23683408 -0.33960181
v -0.10432816 0.23714065 -0.34009492
v -0.10514082 0.23747318 -0.34045502
v -0.10599727 0.23782192 -0.34067400
v -0.09783665 0.24570355 -0.33567317
v -0.09803292 0.24580736 -0.33659288
v -0.09835571 0.24597606 -0.33746555
v -0.09879529 0.24620639 -0.33827172
v -0.09934355 0.24649187 -0.33898867
v -0.09934355 0.24649187 -0.33898867
v -0.09998427 0.24682764 -0.33960181
v -0.10070446 0.24720396 -0.34009492
v -0.10148306 0.24761110 -0.34045502
v -0.10230220 0.24803933 -0.34067400
v -0.09339218 0.25509856 -0.33567317
v -0.09357872 0.25521860 -0.33659288
v -0.09388529 0.25541811 -0.33746555
v -0.09430216 0.25568900 -0.33827172
v -0.09482122 0.25602477 -0.33898867
v -0.09482122 0.25602477 -0.33898867
v -0.09542950 0.25641893 -0.33960181
v -0.09611077 0.25686013 -0.34009492
v -0.09685043 0.25734026 -0.34045502
v -0.09762740 0.25784310 -0.34067400
v -0.08804909 0.26401183 -0.33567317
v -0.08822427 0.26414970 -0.33659288
v -0.08850976 0.26437517 -0.33746555
v -0.08890230 0.26468336 -0.33827172
v -0.08938730 0.26506779 -0.33898867
v -0.08938730 0.26506779 -0.33898867
v -0.08995664 0.26551711 -0.33960181
v -0.09059574 0.26601995 -0.34009492
v -0.09128674 0.26656659 -0.34045502
v -0.09201505 0.26714080 -0.34067400
v -0.08185766 0.27235899 -0.33567317
v -0.08201986 0.27251146 -0.33659288
v -0.08228426 0.27276288 -0.33746555
v -0.08264598 0.27310676 -0.33827172
v -0.08309529 0.27353337 -0.33898867
v -0.08309529 0.27353337 -0.33898867
v -0.08362084 0.27403459 -0.33960181
v -0.08421128 0.27459420 -0.34009492
v -0.08485037 0.27520247 -0.34045502
v -0.08552353 0.27584157 -0.34067400
v -0.07487952 0.28005732 -0.33567317
v -0.07502551 0.28022602 -0.33659288
v -0.07526720 0.28050015 -0.33746555
v -0.07559485 0.28087647 -0.33827172
v -0.08264598 0.27310676 -0.33827172
v -0.07559485 0.28087647 -0.33827172
v -0.07600361 0.28134200 -0.33898867
v -0.07648212 0.28188864 -0.33960181
v -0.07701903 0.28250178 -0.34009492
v -0.07759973 0.28316521 -0.34045502
v -0.07821125 0.28386270 -0.34067400
v -0.06717794 0.28703708 -0.33567317
v -0.07487952 0.28005732 -0.33567317
v -0.06730933 0.28721713 -0.33659288
v -0.07502551 0.28022602 -0.33659288
v -0.06752507 0.28751235 -0.33746555
v -0.07526720 0.28050015 -0.33746555
v -0.06781866 0.28791624 -0.33827172
v -0.07559485 0.28087647 -0.33827172
v -0.06781866 0.28791624 -0.33827172
v -0.06818200 0.28841908 -0.33898867
v -0.06861023 0.28900627 -0.33960181
v -0.06908874 0.28966483 -0.34009492
v -0.06960780 0.29038016 -0.34045502
v -0.07015282 0.29113118 -0.34067400
v -0.05883078 0.29322689 -0.33567317
v -0.05894595 0.29341830 -0.33659288
v -0.05913249 0.29373298 -0.33746555
v -0.05938877 0.29416120 -0.33827172
v -0.05938877 0.29416120 -0.33827172
v -0.05970670 0.29469486 -0.33898867
v -0.06007815 0.29531936 -0.33960181
v -0.06049664 0.29601847 -0.34009492
v -0.06094920 0.29677598 -0.34045502
v -0.06142447 0.29757404 -0.34067562
v -0.04991752 0.29856998 -0.33567317
v -0.05001484 0.29877112 -0.33659288
v -0.05017218 0.29910040 -0.33746555
v -0.05038792 0.29954971 -0.33827172
v -0.05065718 0.30010933 -0.33898867
v -0.05970670 0.29469486 -0.33898867
v -0.05065718 0.30010933 -0.33898867
v -0.05097186 0.30076464 -0.33960181
v -0.05132385 0.30149944 -0.34009492
v -0.05170666 0.30229587 -0.34045502
v -0.05210893 0.30313448 -0.34067562
v -0.04052250 0.30301283 -0.33567317
v -0.04060198 0.30322208 -0.33659288
v -0.04073013 0.30356433 -0.33746555
v -0.04090369 0.30403149 -0.33827172
v -0.04112104 0.30461381 -0.33899030
v -0.04112104 0.30461381 -0.33899030
v -0.04137571 0.30529346 -0.33960181
v -0.04166119 0.30605745 -0.34009492
v -0.04197101 0.30688471 -0.34045502
v -0.04229704 0.30775576 -0.34067562
v -0.03073819 0.30651325 -0.33567317
v -0.03079820 0.30672899 -0.33659288
v -0.03089391 0.30708098 -0.33746555
v -0.03102691 0.30756273 -0.33827172
v -0.03119074 0.30816127 -0.33898867
v -0.03119074 0.30816127 -0.33898867
v -0.03138377 0.30886201 -0.33960181
v -0.03159950 0.30964871 -0.34009492
v -0.03183470 0.31050029 -0.34045502
v -0.03208126 0.31139568 -0.34067562
v -0.02065866 0.30903719 -0.33567317
v -0.02069759 0.30925779 -0.33659288
v -0.02076247 0.30961789 -0.33746555
v -0.02085168 0.31010938 -0.33827172
v -0.02096198 0.31072090 -0.33899030
v -0.02096198 0.31072090 -0.33899030
v -0.02109175 0.31143623 -0.33960181
v -0.02123611 0.31223753 -0.34009492
v -0.02139345 0.31310696 -0.34045502
v -0.02155890 0.31402180 -0.34067562
v -0.01037799 0.31056193 -0.33567317
v -0.01039908 0.31078416 -0.33659288
v -0.01043152 0.31114912 -0.33746555
v -0.01047531 0.31164710 -0.33827172
v -0.01053046 0.31226510 -0.33899030
v -0.01053046 0.31226510 -0.33899030
v -0.01059697 0.31298855 -0.33960181
v -0.01066834 0.31380120 -0.34009492
v -0.01074782 0.31468036 -0.34045502
v -0.01083055 0.31560656 -0.34067562
v 0.00000000 0.31107288 -0.33567317
v 0.00000000 0.31129511 -0.33659288
v 0.00000000 0.31166170 -0.33746555
v 0.00000000 0.31216129 -0.33827172
v 0.00000000 0.31278254 -0.33899030
v 0.00000000 0.31278254 -0.33899030
v 0.00000000 0.31350923 -0.33960181
v 0.00000000 0.31432351 -0.34009492
v 0.00000000 0.31520754 -0.34045502
v 0.00000000 0.31613698 -0.34067562
v -0.10250496 -0.09549195 -0.33617925
v -0.10271258 -0.09544004 -0.33710059
v -0.10305322 -0.09535245 -0.33797488
v -0.10351875 -0.09523404 -0.33878105
v -0.10409783 -0.09508643 -0.33950125
v -0.10409783 -0.09508643 -0.33950125
v -0.10477423 -0.09491287 -0.34011763
v -0.10553336 -0.09471984 -0.34061236
v -0.10635575 -0.09450898 -0.34097571
v -0.10722193 -0.09428837 -0.34119793
v -0.10250496 -0.09549195 -0.33617925
v -0.10271258 -0.09544004 -0.33710059
v -0.11984162 0.08123884 -0.34096597
v -0.11984487 -0.02253296 -0.34096597
v -0.11984487 -0.02253296 -0.34096597
v -0.11984162 0.08123884 -0.34096597
v -0.12046774 0.08236293 -0.34161318
v -0.12046774 -0.02197334 -0.34161318
v -0.01368214 -0.30484414 -0.34152883
v 0.00000000 -0.30551730 -0.34152883
v 0.00000000 -0.30551730 -0.34152883
v -0.01368214 -0.30484414 -0.34152883
v -0.01373405 -0.30550757 -0.34217766
v 0.00000000 -0.30618235 -0.34217766
v 0.00000000 -0.30618235 -0.34217766
v -0.01373405 -0.30550757 -0.34217766
v -0.02722965 -0.30283278 -0.34152883
v -0.02722965 -0.30283278 -0.34152883
v -0.02733022 -0.30348972 -0.34217766
v -0.02733022 -0.30348972 -0.34217766
v -0.04051277 -0.29949943 -0.34152883
v -0.04051277 -0.29949943 -0.34152883
v -0.04066362 -0.30014826 -0.34217766
v -0.04066362 -0.30014826 -0.34217766
v -0.05340496 -0.29488140 -0.34152883
v -0.05340496 -0.29488140 -0.34152883
v -0.05360610 -0.29551725 -0.34217766
v -0.05360610 -0.29551725 -0.34217766
v -0.06578134 -0.28901925 -0.34152883
v -0.06578134 -0.28901925 -0.34152883
v -0.06603114 -0.28963726 -0.34217766
v -0.06603114 -0.28963726 -0.34217766
v -0.07752187 -0.28197136 -0.34152883
v -0.07782033 -0.28256829 -0.34217766
v -0.06603114 -0.28963726 -0.34217766
v -0.07782033 -0.28256829 -0.34217766
v -0.08851462 -0.27380425 -0.34152883
v -0.08885850 -0.27437846 -0.34217766
v -0.08885850 -0.27437846 -0.34217766
v -0.09865255 -0.26460064 -0.34152883
v -0.09904184 -0.26514565 -0.34217766
v -0.09904184 -0.26514565 -0.34217766
v -0.10783670 -0.25444487 -0.34152883
v -0.10826817 -0.25495745 -0.34217766
v -0.09904184 -0.26514565 -0.34217766
v -0.10826817 -0.25495745 -0.34217766
v -0.11598110 -0.24343914 -0.34152883
v -0.11645474 -0.24391603 -0.34217766
v -0.11645474 -0.24391603 -0.34217766
v -0.12300628 -0.23168726 -0.34152883
v -0.12351561 -0.23212360 -0.34217766
v -0.12351561 -0.23212360 -0.34217766
v -0.12884410 -0.21930439 -0.34152721
v -0.12938911 -0.21969693 -0.34217766
v -0.12938911 -0.21969693 -0.34217766
v -0.13343779 -0.20640895 -0.34152721
v -0.12884410 -0.21930439 -0.34152721
v -0.13343779 -0.20640895 -0.34152721
v -0.13401363 -0.20675445 -0.34217766
v -0.12938911 -0.21969693 -0.34217766
v -0.13674681 -0.19312746 -0.34152721
v -0.13674681 -0.19312746 -0.34152721
v -0.13735022 -0.19342105 -0.34217766
v -0.13873547 -0.17958644 -0.34152721
v -0.13873547 -0.17958644 -0.34152721
v -0.13935996 -0.17982488 -0.34217766
v -0.13938916 -0.16591727 -0.34152721
v -0.13938916 -0.16591727 -0.34152721
v -0.14002988 -0.16609894 -0.34217766
v -0.13869816 -0.15225135 -0.34152721
v -0.13869816 -0.15225135 -0.34152721
v -0.13935023 -0.15237300 -0.34217766
v -0.13667382 -0.13872168 -0.34152721
v -0.13667382 -0.13872168 -0.34152721
v -0.13732914 -0.13878008 -0.34217766
v -0.13333236 -0.12545641 -0.34152721
v -0.13333236 -0.12545641 -0.34152721
v -0.13398605 -0.12545154 -0.34217766
v -0.12871271 -0.11258368 -0.34152721
v -0.12871271 -0.11258368 -0.34152721
v -0.12935343 -0.11251555 -0.34217766
v -0.12245315 -0.10022839 -0.34152721
v -0.12245315 -0.10022839 -0.34152721
v -0.12307116 -0.10009538 -0.34217766
v -0.11984162 0.21853229 -0.34096597
v -0.11984000 0.15573555 -0.34096597
v -0.11984000 0.15573555 -0.34096597
v -0.11984162 0.21853229 -0.34096597
v -0.12046774 0.21866043 -0.34161318
v -0.12046774 0.15730247 -0.34161318
v -0.11857479 0.23027282 -0.34096597
v -0.11857479 0.23027282 -0.34096597
v -0.11919279 0.23045773 -0.34161318
v -0.11569724 0.24178301 -0.34096597
v -0.11569724 0.24178301 -0.34096597
v -0.11629578 0.24202794 -0.34161318
v -0.11170371 0.25295581 -0.34096597
v -0.11170371 0.25295581 -0.34096597
v -0.11227954 0.25325590 -0.34161318
v -0.10663474 0.26368417 -0.34096597
v -0.11170371 0.25295581 -0.34096597
v -0.10663474 0.26368417 -0.34096597
v -0.10718138 0.26403778 -0.34161318
v -0.11227954 0.25325590 -0.34161318
v -0.10718138 0.26403778 -0.34161318
v -0.10053901 0.27386427 -0.34096597
v -0.10053901 0.27386427 -0.34096597
v -0.10105159 0.27426816 -0.34161318
v -0.10105159 0.27426816 -0.34161318
v -0.09347491 0.28339878 -0.34096597
v -0.09394855 0.28384810 -0.34161318
v -0.09394855 0.28384810 -0.34161318
v -0.08550893 0.29219364 -0.34096597
v -0.08593878 0.29268674 -0.34161318
v -0.08593878 0.29268674 -0.34161318
v -0.07671895 0.30016772 -0.34096597
v -0.07710338 0.30069652 -0.34161318
v -0.08593878 0.29268674 -0.34161318
v -0.07710338 0.30069652 -0.34161318
v -0.06718930 0.30723994 -0.34096597
v -0.06752344 0.30780280 -0.34161318
v -0.06752344 0.30780280 -0.34161318
v -0.05701082 0.31334378 -0.34096597
v -0.05729468 0.31393421 -0.34161318
v -0.05729468 0.31393421 -0.34161318
v -0.04628409 0.31842085 -0.34096597
v -0.04651280 0.31903399 -0.34161318
v -0.04651280 0.31903399 -0.34161318
v -0.03510966 0.32242087 -0.34096597
v -0.03528484 0.32305348 -0.34161318
v -0.03528484 0.32305348 -0.34161318
v -0.02359784 0.32530653 -0.34096597
v -0.03510966 0.32242087 -0.34096597
v -0.02359784 0.32530653 -0.34096597
v -0.02371463 0.32595211 -0.34161318
v -0.03528484 0.32305348 -0.34161318
v -0.02371463 0.32595211 -0.34161318
v -0.01185894 0.32704863 -0.34096597
v -0.01185894 0.32704863 -0.34096597
v -0.01191733 0.32770070 -0.34161318
v -0.01191733 0.32770070 -0.34161318
v 0.00000000 0.32763095 -0.34096597
v 0.00000000 0.32763095 -0.34096597
v 0.00000000 0.32828627 -0.34161318
v 0.00000000 0.32828627 -0.34161318
v -0.11985135 -0.09106370 -0.34152721
v -0.11985135 -0.09106370 -0.34152721
v -0.12047098 -0.09090474 -0.34217766
v 0.15474203 -0.16256608 0.09829813
v 0.15474203 -0.16256608 0.09574824
v 0.14939732 -0.14762359 0.09574824
v 0.14939732 -0.14762359 0.09829813
v 0.13445321 -0.29934533 0.09829813
v 0.13445321 -0.29934533 0.09574824
v 0.14261059 -0.28573456 0.09574824
v 0.14261059 -0.28573456 0.09829813
v 0.14939732 -0.27138899 0.09574824
v 0.14939732 -0.27138899 0.09829813
v 0.03154598 -0.36810641 0.09829813
v 0.03154598 -0.36810641 0.09574824
v 0.04693940 -0.36424914 0.09574824
v 0.04693940 -0.36424914 0.09829813
v 0.06188189 -0.35890442 0.09574824
v 0.06188189 -0.35890442 0.09829813
v 0.14261059 -0.13327802 0.09574824
v 0.14261059 -0.13327802 0.09829813
v 0.13445321 -0.11966725 0.09574824
v 0.13445321 -0.11966725 0.09829813
v 0.15474203 -0.25644650 0.09574824
v 0.15474203 -0.25644650 0.09829813
v 0.15859931 -0.24105308 0.09574824
v 0.15859931 -0.24105308 0.09829813
v 0.07622746 -0.35211931 0.09574824
v 0.07622746 -0.35211931 0.09829813
v 0.08983823 -0.34396031 0.09574824
v 0.08983823 -0.34396031 0.09829813
v 0.12499980 -0.10692104 0.09574824
v 0.12499980 -0.10692104 0.09829813
v 0.12499980 -0.10692104 0.09829813
v 0.12499980 -0.10692104 0.09574824
v 0.10687643 -0.09550979 0.09574824
v 0.10687643 -0.09550979 0.09829813
v 0.16092698 -0.22535633 0.09574824
v 0.16092698 -0.22535633 0.09829813
v 0.16170557 -0.20950710 0.09574824
v 0.16170557 -0.20950710 0.09829813
v 0.10258444 -0.33450690 0.09574824
v 0.10258444 -0.33450690 0.09829813
v 0.11434281 -0.32384991 0.09574824
v 0.11434281 -0.32384991 0.09829813
v 0.16092698 -0.19365625 0.09574824
v 0.16092698 -0.19365625 0.09829813
v 0.15859931 -0.17795950 0.09574824
v 0.15859931 -0.17795950 0.09829813
v 0.11434281 -0.32384991 0.09829813
v 0.11434281 -0.32384991 0.09574824
v 0.12499980 -0.31209154 0.09574824
v 0.12499980 -0.31209154 0.09829813
v 0.01584923 -0.37043408 0.09574824
v 0.01584923 -0.37043408 0.09829813
v 0.11956911 -0.13719045 0.04322405
v 0.11956911 -0.13719045 -0.33384996
v 0.11666237 -0.12558617 -0.33384996
v 0.11666237 -0.12558617 0.04322405
v 0.11263153 -0.11432091 -0.33384996
v 0.11263153 -0.11432091 0.04322405
v 0.10716354 -0.10350659 -0.33384996
v 0.10716354 -0.10350659 0.04322405
v 0.02378276 -0.28054557 0.04322405
v 0.02378276 -0.28054557 -0.33384996
v 0.03538866 -0.27763720 -0.33384996
v 0.03538866 -0.27763720 0.04322405
v 0.04665230 -0.27360798 -0.33384996
v 0.04665230 -0.27360798 0.04322405
v 0.05746824 -0.26849198 -0.33384996
v 0.05746824 -0.26849198 0.04322405
v 0.06772945 -0.26234110 -0.33384996
v 0.06772945 -0.26234110 0.04322405
v 0.07733858 -0.25521535 -0.33384996
v 0.07733858 -0.25521535 0.04322405
v 0.08620480 -0.24718125 -0.33384996
v 0.08620480 -0.24718125 0.04322405
v 0.08620480 -0.24718125 0.04322405
v 0.08620480 -0.24718125 -0.33384996
v 0.09423890 -0.23831503 -0.33384996
v 0.09423890 -0.23831503 0.04322405
v 0.10136627 -0.22870590 -0.33384996
v 0.10136627 -0.22870590 0.04322405
v 0.10751553 -0.21844470 -0.33384996
v 0.10751553 -0.21844470 0.04322405
v 0.11263153 -0.20762875 -0.33384996
v 0.11263153 -0.20762875 0.04322405
v 0.01276567 -0.30075653 0.06904251
v 0.01584923 -0.37043408 0.09574824
v 0.11666237 -0.19636511 -0.33384996
v 0.11666237 -0.19636511 0.04322405
v 0.11956911 -0.18475921 -0.33384996
v 0.11956911 -0.18475921 0.04322405
v 0.12132419 -0.17292460 -0.33384996
v 0.12132419 -0.17292460 0.04322405
v 0.12191138 -0.16097483 -0.33384996
v 0.12191138 -0.16097483 0.04322405
v 0.12132419 -0.14902506 -0.33384996
v 0.12132419 -0.14902506 0.04322405
v 0.12839316 -0.12859835 0.07645049
v 0.12331447 -0.11690811 0.07717394
v 0.02541780 -0.29899172 0.06908468
v 0.03154598 -0.36810641 0.09574824
v 0.03784609 -0.29607038 0.06915768
v 0.04693940 -0.36424914 0.09574824
v 0.04994023 -0.29201845 0.06925987
v 0.06188189 -0.35890442 0.09574824
v 0.06159154 -0.28687325 0.06939288
v 0.07622746 -0.35211931 0.09574824
v 0.07269784 -0.28068506 0.06955995
v 0.08983823 -0.34396031 0.09574824
v 0.08316342 -0.27350741 0.06976109
v 0.10258444 -0.33450690 0.09574824
v 0.09289421 -0.26540843 0.06999953
v 0.11434281 -0.32384991 0.09574824
v 0.10180423 -0.25646272 0.07027690
v 0.12499980 -0.31209154 0.09574824
v 0.10981886 -0.24675303 0.07059807
v 0.13445321 -0.29934533 0.09574824
v 0.11686188 -0.23636368 0.07096466
v 0.14261059 -0.28573456 0.09574824
v 0.01194815 -0.28230064 0.04322405
v 0.01194815 -0.28230064 -0.33384996
v 0.12287327 -0.22539201 0.07137829
v 0.14939732 -0.27138899 0.09574824
v 0.12779624 -0.21393210 0.07184544
v 0.15474203 -0.25644650 0.09574824
v 0.13158215 -0.20208452 0.07236450
v 0.15859931 -0.24105308 0.09574824
v 0.13418557 -0.18995307 0.07293872
v 0.16092698 -0.22535633 0.09574824
v 0.13557568 -0.17763996 0.07356808
v 0.16170557 -0.20950710 0.09574824
v 0.13571680 -0.16524574 0.07424448
v 0.16092698 -0.19365625 0.09574824
v 0.16092698 -0.19365625 0.09574824
v 0.13571680 -0.16524574 0.07424448
v 0.13458135 -0.15287260 0.07496144
v 0.15859931 -0.17795950 0.09574824
v 0.13214663 -0.14062274 0.07570434
v 0.15474203 -0.16256608 0.09574824
v 0.01245262 -0.29369405 0.06490786
v 0.01218822 -0.28770537 0.05854935
v 0.01201141 -0.28370535 0.05093537
v 0.01218822 -0.28770537 0.05854935
v 0.02479331 -0.29193248 0.06493381
v 0.02426127 -0.28594867 0.05856233
v 0.02390766 -0.28195028 0.05093861
v 0.02426127 -0.28594867 0.05856233
v 0.03690529 -0.28901600 0.06497923
v 0.03610885 -0.28303706 0.05858342
v 0.03557519 -0.27904029 0.05094510
v 0.03610885 -0.28303706 0.05858342
v 0.04868150 -0.28497381 0.06504249
v 0.04761580 -0.27899974 0.05861423
v 0.04690372 -0.27500945 0.05095321
v 0.04761580 -0.27899974 0.05861423
v 0.06001327 -0.27983997 0.06512522
v 0.05867506 -0.27387562 0.05865316
v 0.05778130 -0.26989182 0.05096294
v 0.05867506 -0.27387562 0.05865316
v 0.07079678 -0.27366475 0.06522741
v 0.06918444 -0.26771501 0.05870183
v 0.06810739 -0.26373770 0.05097592
v 0.06918444 -0.26771501 0.05870183
v 0.08093470 -0.26650657 0.06535231
v 0.07904499 -0.26057304 0.05876022
v 0.07778302 -0.25660709 0.05099052
v 0.07904499 -0.26057304 0.05876022
v 0.09033458 -0.25843354 0.06549991
v 0.08816426 -0.25251948 0.05882997
v 0.08671413 -0.24856812 0.05100836
v 0.08816426 -0.25251948 0.05882997
v 0.09890883 -0.24951865 0.06567023
v 0.09645465 -0.24363054 0.05891270
v 0.08816426 -0.25251948 0.05882997
v 0.08671413 -0.24856812 0.05100836
v 0.09481474 -0.23969703 0.05102945
v 0.09645465 -0.24363054 0.05891270
v 0.10658446 -0.23984626 0.06586812
v 0.10384154 -0.23399222 0.05900515
v 0.10200861 -0.23007979 0.05105378
v 0.10384154 -0.23399222 0.05900515
v 0.11328522 -0.22950558 0.06609521
v 0.11025358 -0.22369209 0.05911383
v 0.10822762 -0.21980886 0.05108297
v 0.11025358 -0.22369209 0.05911383
v 0.11895435 -0.21859393 0.06634988
v 0.11328522 -0.22950558 0.06609521
v 0.11563073 -0.21283234 0.05923386
v 0.11895435 -0.21859393 0.06634988
v 0.11341174 -0.20898155 0.05111379
v 0.12353507 -0.20720863 0.06663860
v 0.11992272 -0.20151031 0.05937174
v 0.12353507 -0.20720863 0.06663860
v 0.11750909 -0.19770169 0.05114948
v 0.12698521 -0.19545513 0.06695977
v 0.12308738 -0.18983466 0.05952259
v 0.12698521 -0.19545513 0.06695977
v 0.12048396 -0.18607795 0.05118841
v 0.12926421 -0.18343723 0.06731339
v 0.12509063 -0.17791246 0.05969129
v 0.12926421 -0.18343723 0.06731339
v 0.12230392 -0.17422064 0.05123220
v 0.13418557 -0.18995307 0.07293872
v 0.13034613 -0.17126199 0.06770106
v 0.13557568 -0.17763996 0.07356808
v 0.12591302 -0.16585563 0.05987620
v 0.12295113 -0.16224329 0.05128087
v 0.13020826 -0.15903808 0.06811955
v 0.12553995 -0.15377609 0.06007410
v 0.12241909 -0.15026107 0.05133115
v 0.12883599 -0.14687095 0.06856238
v 0.12396654 -0.14178414 0.06028334
v 0.12071267 -0.13838429 0.05138630
v 0.12622121 -0.13486927 0.06902142
v 0.12119767 -0.12999009 0.06050070
v 0.11783999 -0.12673135 0.05144307
v 0.12236231 -0.12313523 0.06948209
v 0.11724793 -0.11850260 0.06071968
v 0.11383186 -0.11540770 0.05149985
v 0.11726902 -0.11177913 0.06992816
v 0.11214329 -0.10743199 0.06093217
v 0.10716354 -0.10452687 0.05155500
v 0.12331447 -0.11690811 0.07717394
v 0.11726902 -0.11177913 0.06992816
v 0.10687643 -0.09550979 -0.33384996
v 0.10687643 -0.09550979 0.04342519
v 0.10687643 -0.09550979 0.05137657
v 0.10687643 -0.09550979 0.07356321
v 0.10687643 -0.09550979 0.09574824
v 0.10687643 -0.09550979 0.05137657
v 0.10243521 -0.09550979 0.05137657
v 0.10243521 -0.09550979 0.07356321
v 0.10687643 -0.09550979 0.07356321
v 0.10243521 -0.09550979 0.09574824
v 0.10687643 -0.09550979 0.09574824
v 0.10687643 -0.09550979 -0.33384996
v 0.10243521 -0.09550979 -0.33384996
v 0.10243521 -0.09550979 0.04342519
v 0.10687643 -0.09550979 0.04342519
v 0.10243521 -0.09550979 0.09829813
v 0.10687643 -0.09550979 0.09829813
v 0.10582533 0.12067780 -0.33334388
v 0.10531600 0.21554444 -0.33334388
v 0.10531600 0.21554444 0.17307546
v 0.10582533 0.12067780 0.17307546
v 0.10379126 0.22581700 -0.33334388
v 0.10379126 0.22581700 0.17307546
v 0.10126894 0.23589166 -0.33334388
v 0.10126894 0.23589166 0.17307546
v 0.09777014 0.24566948 -0.33334388
v 0.09777014 0.24566948 0.17307546
v 0.09332892 0.25505801 -0.33334388
v 0.09332892 0.25505801 0.17307546
v 0.08799070 0.26396479 -0.33334388
v 0.08799070 0.26396479 0.17307546
v 0.08180413 0.27230708 -0.33334388
v 0.08180413 0.27230708 0.17307546
v 0.07482924 0.28000217 -0.33334388
v 0.07482924 0.28000217 0.17307546
v 0.07482924 0.28000217 -0.33334388
v 0.06713415 0.28697544 -0.33334388
v 0.06713415 0.28697544 0.17307546
v 0.07482924 0.28000217 0.17307546
v 0.05879347 0.29316201 -0.33334388
v 0.05879347 0.29316201 0.17307546
v 0.04988508 0.29850186 -0.33334388
v 0.04988508 0.29850186 0.17307546
v 0.04049655 0.30294146 -0.33334388
v 0.04049655 0.30294146 0.17307546
v 0.03071872 0.30644026 -0.33334388
v 0.03071872 0.30644026 0.17307546
v 0.02064406 0.30896420 -0.33334388
v 0.02064406 0.30896420 0.17307546
v 0.01037150 0.31048732 -0.33334388
v 0.01037150 0.31048732 0.17307546
v 0.10546848 -0.03546733 0.16829522
v 0.09823568 -0.03546733 0.16829522
v 0.09823568 -0.03546733 0.17325226
v 0.10546848 -0.03546733 0.17325226
v 0.09823568 0.05481697 0.16536252
v 0.09823568 0.05315435 0.16287589
v 0.10546848 0.05315435 0.16287589
v 0.10546848 0.05481697 0.16536252
v 0.10546848 0.05539930 0.17325226
v 0.09823568 0.05539930 0.17325226
v 0.09823568 0.05539930 0.16829522
v 0.10546848 0.05539930 0.16829522
v 0.10546848 -0.03322238 0.16287589
v 0.10546848 -0.03073575 0.16121327
v 0.09823568 -0.03073575 0.16121327
v 0.09823568 -0.03322238 0.16287589
v 0.10546848 -0.03488338 0.16536252
v 0.10546848 -0.03322238 0.16287589
v 0.09823568 -0.03322238 0.16287589
v 0.09823568 -0.03488338 0.16536252
v 0.09823568 0.05066772 0.16121327
v 0.09823568 0.04773503 0.16063095
v 0.10546848 0.04773503 0.16063095
v 0.10546848 0.05066772 0.16121327
v 0.09823568 0.05315435 0.16287589
v 0.10546848 0.05315435 0.16287589
v 0.10546848 -0.02780143 0.16063095
v 0.09823568 -0.02780143 0.16063095
v 0.09173443 -0.02896446 0.16893594
v 0.09222916 -0.03145271 0.16869101
v 0.09222916 -0.03110234 0.16692782
v 0.09173443 -0.02875845 0.16789944
v 0.09363874 -0.03356302 0.16848338
v 0.09363874 -0.03308937 0.16610543
v 0.09363874 -0.03356302 0.16848338
v 0.09574742 -0.03497260 0.16834388
v 0.09574742 -0.03441785 0.16555555
v 0.09363874 -0.03308937 0.16610543
v 0.09222916 -0.03032861 0.16576966
v 0.09173443 -0.02853461 0.16756367
v 0.09363874 -0.03184849 0.16424816
v 0.09574742 -0.03286553 0.16323275
v 0.09363874 -0.03184849 0.16424816
v 0.09222916 -0.02916884 0.16499431
v 0.09173443 -0.02819884 0.16733820
v 0.09363874 -0.02999285 0.16300728
v 0.09363874 -0.03184849 0.16424816
v 0.09574742 -0.03286553 0.16323275
v 0.09574742 -0.03054273 0.16168043
v 0.09363874 -0.02999285 0.16300728
v 0.09222916 -0.02740727 0.16464395
v 0.09173443 -0.02716234 0.16713220
v 0.09363874 -0.02761490 0.16253526
v 0.09574742 -0.02775277 0.16112568
v 0.09363874 -0.02761490 0.16253526
v 0.09173443 0.04869205 0.16789944
v 0.09222916 0.05103593 0.16692782
v 0.09222916 0.05138630 0.16869101
v 0.09173443 0.04889805 0.16893594
v 0.09363874 0.05302297 0.16610543
v 0.09363874 0.05349499 0.16848338
v 0.09363874 0.05302297 0.16610543
v 0.09574742 0.05434982 0.16555555
v 0.09574742 0.05490457 0.16834388
v 0.09363874 0.05349499 0.16848338
v 0.09173443 0.04846658 0.16756367
v 0.09222916 0.05026059 0.16576966
v 0.09363874 0.05178208 0.16424816
v 0.09363874 0.05178208 0.16424816
v 0.09574742 0.05279750 0.16323275
v 0.09173443 0.04813081 0.16733820
v 0.09222916 0.04910243 0.16499431
v 0.09363874 0.04992482 0.16300728
v 0.09363874 0.04992482 0.16300728
v 0.09574742 0.05047470 0.16168043
v 0.09574742 0.05279750 0.16323275
v 0.09363874 0.05178208 0.16424816
v 0.09173443 0.04709431 0.16713220
v 0.09222916 0.04733924 0.16464395
v 0.09363874 0.04754687 0.16253526
v 0.09363874 0.04754687 0.16253526
v 0.09574742 0.04768636 0.16112568
v 0.09222916 0.05138630 0.17325226
v 0.09173443 0.04889805 0.17325226
v 0.09363874 0.05349499 0.17325226
v 0.09574742 0.05490457 0.17325226
v 0.09363874 0.05349499 0.17325226
v 0.09173443 -0.02896446 0.17325226
v 0.09222916 -0.03145271 0.17325226
v 0.09363874 -0.03356302 0.17325226
v 0.09363874 -0.03356302 0.17325226
v 0.09574742 -0.03497260 0.17325226
v 0.09823568 0.05539930 0.17325226
v 0.09823568 0.11973051 0.17325226
v 0.09574742 0.11973051 0.17325226
v 0.09574742 0.05490457 0.17325226
v 0.09363874 0.11973051 0.17325226
v 0.09363874 0.05349499 0.17325226
v 0.09222916 0.11973051 0.17325226
v 0.09222916 0.05138630 0.17325226
v 0.10546848 0.05539930 0.17325226
v 0.10546848 0.11973051 0.17325226
v 0.09574742 -0.03497260 0.17325226
v 0.09574742 -0.09549357 0.17325226
v 0.09823568 -0.09549357 0.17325226
v 0.09823568 -0.03546733 0.17325226
v 0.09363874 -0.03356302 0.17325226
v 0.09363874 -0.09549357 0.17325226
v 0.09222916 -0.03145271 0.17325226
v 0.09222916 -0.09549357 0.17325226
v 0.10546848 -0.09550979 0.17325226
v 0.10546848 -0.03546733 0.17325226
v 0.09173443 -0.02896446 0.17325226
v 0.08414802 -0.02896446 0.17325226
v 0.08414802 -0.03145271 0.17325226
v 0.08414802 0.05138630 0.17325226
v 0.08414802 0.04889805 0.17325226
v 0.09173443 0.04889805 0.17325226
v 0.08414802 -0.09549357 0.17325226
v 0.08414802 0.11973051 0.17325226
v 0.07724450 0.30088954 -0.34249883
v 0.07724450 0.30088954 -0.36557274
v 0.06764672 0.30800718 -0.36557274
v 0.06764672 0.30800718 -0.34249883
v 0.12069645 -0.09084797 -0.34306331
v 0.12069645 -0.09084797 -0.36557274
v 0.12069645 -0.02176734 -0.36557274
v 0.12069645 -0.02176734 -0.34249883
v 0.02736753 -0.30372978 -0.34306331
v 0.02736753 -0.30372978 -0.36557274
v 0.04072039 -0.30038508 -0.36557274
v 0.04072039 -0.30038508 -0.34306331
v 0.05739850 0.31414995 -0.36557274
v 0.05739850 0.31414995 -0.34249883
v 0.04659714 0.31925946 -0.36557274
v 0.04659714 0.31925946 -0.34249883
v 0.03534810 0.32328381 -0.36557274
v 0.03534810 0.32328381 -0.34249883
v 0.02375681 0.32618731 -0.36557274
v 0.02375681 0.32618731 -0.34249883
v 0.01242342 -0.28846450 -0.34127254
v 0.01361239 -0.30393741 -0.34129039
v 0.02709016 -0.30193415 -0.34129039
v 0.02472843 -0.28665752 -0.34127254
v 0.01193842 0.32794077 -0.36557274
v 0.01193842 0.32794077 -0.34249883
v 0.05368072 -0.29574921 -0.34306331
v 0.05368072 -0.29574921 -0.36557274
v 0.06612198 -0.28986272 -0.36557274
v 0.06612198 -0.28986272 -0.34306331
v 0.03679985 -0.28366318 -0.34127254
v 0.04030514 -0.29861378 -0.34129039
v 0.05312921 -0.29401360 -0.34129039
v 0.04852578 -0.27951069 -0.34127254
v 0.07792901 -0.28278726 -0.34306331
v 0.07792901 -0.28278726 -0.36557274
v 0.08898502 -0.27458771 -0.36557274
v 0.08898502 -0.27458771 -0.34306331
v 0.05979429 -0.27423897 -0.34127254
v 0.06543909 -0.28817415 -0.34129039
v 0.07711473 -0.28115546 -0.34129039
v 0.07049994 -0.26789506 -0.34127254
v 0.09918296 -0.26534355 -0.34306331
v 0.09918296 -0.26534355 -0.36557274
v 0.10842713 -0.25514560 -0.36557274
v 0.10842713 -0.25514560 -0.34306331
v 0.08054054 -0.26054060 -0.34127254
v 0.08804422 -0.27302242 -0.34129039
v 0.09812051 -0.26385611 -0.34129039
v 0.08982039 -0.25224210 -0.34127254
v 0.11662668 -0.24408959 -0.34306331
v 0.11662668 -0.24408959 -0.36557274
v 0.12370214 -0.23228256 -0.36557274
v 0.12370214 -0.23228256 -0.34306331
v 0.09825190 -0.24307580 -0.34127254
v 0.10724789 -0.25374576 -0.34129039
v 0.11533714 -0.24278869 -0.34128877
v 0.10575558 -0.23313090 -0.34127254
v 0.12958863 -0.21983967 -0.34306331
v 0.12958863 -0.21983967 -0.36557274
v 0.13422450 -0.20688097 -0.36557274
v 0.13422450 -0.20688097 -0.34306331
v 0.11225683 -0.22249662 -0.34127254
v 0.12230879 -0.23109196 -0.34128877
v 0.12809957 -0.21876911 -0.34128877
v 0.11769400 -0.21127516 -0.34127254
v 0.13757082 -0.19352811 -0.34306331
v 0.13757082 -0.19352811 -0.36557274
v 0.13958868 -0.17991247 -0.36557274
v 0.13958868 -0.17991247 -0.34306331
v 0.12201195 -0.19956869 -0.34127254
v 0.13265271 -0.20593855 -0.34128877
v 0.13592442 -0.19272681 -0.34128877
v 0.12516849 -0.18748753 -0.34127254
v 0.14026508 -0.16616545 -0.34306331
v 0.14026508 -0.16616545 -0.36557274
v 0.13958868 -0.15241680 -0.36557274
v 0.13958868 -0.15241680 -0.34306331
v 0.12712957 -0.17514684 -0.34127417
v 0.13788226 -0.17926040 -0.34128877
v 0.13851162 -0.16566909 -0.34128877
v 0.12787410 -0.16266178 -0.34127417
v 0.11941826 0.23052586 -0.34249883
v 0.11941826 0.23052586 -0.36557274
v 0.11651476 0.24211716 -0.36557274
v 0.11651476 0.24211716 -0.34249883
v 0.13757082 -0.13880116 -0.34306331
v 0.13757082 -0.13880116 -0.36557274
v 0.13422450 -0.12544992 -0.36557274
v 0.13422450 -0.12544992 -0.34306331
v 0.11249041 0.25336620 -0.36557274
v 0.11249041 0.25336620 -0.34249883
v 0.12738586 -0.15015077 -0.34127417
v 0.13780602 -0.15208590 -0.34128877
v 0.13577682 -0.13864058 -0.34128877
v 0.12566809 -0.13773709 -0.34127417
v 0.10738090 0.26416755 -0.36557274
v 0.10738090 0.26416755 -0.34249883
v 0.12958863 -0.11248960 -0.34306331
v 0.12958863 -0.11248960 -0.36557274
v 0.12329825 -0.10004672 -0.36557274
v 0.12329825 -0.10004672 -0.34306331
v 0.10123812 0.27441577 -0.36557274
v 0.10123812 0.27441577 -0.34249883
v 0.12272890 -0.12553913 -0.34127417
v 0.13244022 -0.12546290 -0.34128877
v 0.12783517 -0.11267938 -0.34128877
v 0.11858938 -0.11367695 -0.34127417
v 0.09412049 0.28401355 -0.36557274
v 0.09412049 0.28401355 -0.34249883
v 0.08609774 0.29286679 -0.36557274
v 0.08609774 0.29286679 -0.34249883
v 0.08609774 0.29286679 -0.34249883
v 0.08609774 0.29286679 -0.36557274
v 0.09777014 0.24566948 -0.33473074
v 0.09332892 0.25505801 -0.33473074
v 0.11263153 -0.11432091 -0.33523683
v 0.10716354 -0.10350659 -0.33523683
v 0.08799070 0.26396479 -0.33473074
v 0.10243521 -0.09550979 -0.33384996
v 0.10243521 -0.09550979 -0.33523683
v 0.10546848 -0.03546733 -0.33473074
v 0.10546848 -0.03546733 -0.33334388
v 0.08180413 0.27230708 -0.33473074
v 0.10546848 0.05539930 -0.33334388
v 0.10546848 0.05539930 -0.33473074
v 0.10582533 0.12067780 -0.33473074
v 0.07482924 0.28000217 -0.33473074
v 0.07482924 0.28000217 -0.33473074
v 0.06713415 0.28697544 -0.33473074
v 0.10243521 -0.09550979 -0.33523683
v 0.10243521 -0.09550979 -0.33384996
v 0.05879347 0.29316201 -0.33473074
v 0.04988508 0.29850186 -0.33473074
v 0.01194815 -0.28230064 -0.33523683
v 0.04049655 0.30294146 -0.33473074
v 0.02378276 -0.28054557 -0.33523683
v 0.03071872 0.30644026 -0.33473074
v 0.03538866 -0.27763720 -0.33523683
v 0.02064406 0.30896420 -0.33473074
v 0.04665230 -0.27360798 -0.33523683
v 0.01037150 0.31048732 -0.33473074
v 0.05746824 -0.26849198 -0.33523683
v 0.06772945 -0.26234110 -0.33523683
v 0.07733858 -0.25521535 -0.33523683
v 0.08620480 -0.24718125 -0.33523683
v 0.08620480 -0.24718125 -0.33523683
v 0.09423890 -0.23831503 -0.33523683
v 0.10136627 -0.22870590 -0.33523683
v 0.10751553 -0.21844470 -0.33523683
v 0.11263153 -0.20762875 -0.33523683
v 0.11666237 -0.19636511 -0.33523683
v 0.12069645 0.15787668 -0.34249883
v 0.12069645 0.15787668 -0.36557274
v 0.12069645 0.21870747 -0.36557274
v 0.12069645 0.21870747 -0.34249883
v 0.11956911 -0.18475921 -0.33523683
v 0.12132419 -0.17292460 -0.33523683
v 0.12191138 -0.16097483 -0.33523683
v 0.10531600 0.21554444 -0.33473074
v 0.12132419 -0.14902506 -0.33523683
v 0.10379126 0.22581700 -0.33473074
v 0.11956911 -0.13719045 -0.33523683
v 0.10126894 0.23589166 -0.33473074
v 0.11666237 -0.12558617 -0.33523683
v 0.11169397 0.13535751 -0.34074537
v 0.11898517 0.15359442 -0.34073077
v 0.11898679 0.21835548 -0.34073077
v 0.11122033 0.21675775 -0.34074699
v 0.11773293 0.23001815 -0.34073077
v 0.10957718 0.22756072 -0.34074699
v 0.11487809 0.24144886 -0.34073077
v 0.10687319 0.23818040 -0.34074699
v 0.11091863 0.25254543 -0.34073077
v 0.10314405 0.24847891 -0.34074699
v 0.12160643 -0.10041006 -0.34128877
v 0.11291053 -0.10227381 -0.34127417
v 0.10588859 0.26320079 -0.34073077
v 0.09842384 0.25836054 -0.34074699
v 0.01375189 -0.30574926 -0.36557274
v 0.01375189 -0.30574926 -0.34306331
v 0.09983990 0.27331277 -0.34073077
v 0.09276120 0.26772961 -0.34074699
v 0.10810920 -0.09406128 -0.34127254
v 0.11900788 -0.09127944 -0.34128877
v 0.11899490 -0.02329857 -0.34073077
v 0.11135010 -0.03017614 -0.34074699
v 0.09282770 0.28278402 -0.34073077
v 0.08621291 0.27649688 -0.34074699
v 0.12069645 0.08277494 -0.36557274
v 0.12069645 0.08277494 -0.34249883
v 0.08492012 0.29152210 -0.34073077
v 0.07883899 0.28457965 -0.34074699
v 0.11134036 0.06595409 -0.34074699
v 0.11898679 0.07970112 -0.34073077
v 0.07619340 0.29944428 -0.34073077
v 0.07071243 0.29190166 -0.34074699
v 0.06673025 0.30647108 -0.34073077
v 0.06191271 0.29839318 -0.34074699
v 0.05662477 0.31253761 -0.34073077
v 0.05252094 0.30399256 -0.34074699
v 0.04597103 0.31758224 -0.34073077
v 0.04262957 0.30864789 -0.34074699
v 0.03487284 0.32155793 -0.34073077
v 0.03233268 0.31231539 -0.34074699
v 0.02343888 0.32442575 -0.34073077
v 0.02172760 0.31495936 -0.34074699
v 0.01177784 0.32615649 -0.34073077
v 0.01091652 0.31655547 -0.34074699
v 0.09918296 -0.26534355 -0.36557274
v 0.09918296 -0.26534355 -0.34306331
v 0.10554147 -0.03540244 -0.33567317
v 0.10554147 0.05553068 -0.33567317
v 0.10575721 -0.03520780 -0.33659288
v 0.10575558 0.05591674 -0.33659288
v 0.10610919 -0.03488987 -0.33746555
v 0.10610919 0.05655096 -0.33746555
v 0.10659257 -0.03445678 -0.33827172
v 0.10659095 0.05741553 -0.33827172
v 0.10719111 -0.03391825 -0.33898867
v 0.10718787 0.05849096 -0.33898867
v 0.10719111 -0.03391825 -0.33898867
v 0.10789347 -0.03328564 -0.33960181
v 0.10788860 0.05975130 -0.33960181
v 0.10718787 0.05849096 -0.33898867
v 0.10868017 -0.03257842 -0.34009492
v 0.10867531 0.06116250 -0.34009492
v 0.10953176 -0.03181118 -0.34045502
v 0.10952527 0.06269374 -0.34045502
v 0.11043038 -0.03100502 -0.34067400
v 0.11042227 0.06430283 -0.34067400
v 0.01195464 -0.28237688 -0.33617925
v 0.01197086 -0.28260235 -0.33710059
v 0.01200006 -0.28297218 -0.33797488
v 0.01203899 -0.28347827 -0.33878105
v 0.01208765 -0.28410601 -0.33950125
v 0.01214442 -0.28484080 -0.34011601
v 0.01208765 -0.28410601 -0.33950125
v 0.01220768 -0.28566643 -0.34061236
v 0.01227581 -0.28656019 -0.34097408
v 0.01234880 -0.28750099 -0.34119631
v 0.02379411 -0.28062018 -0.33617925
v 0.02382980 -0.28084403 -0.33710059
v 0.02388657 -0.28121224 -0.33797488
v 0.02396281 -0.28171346 -0.33878105
v 0.02406013 -0.28233633 -0.33950125
v 0.02417206 -0.28306464 -0.34011601
v 0.02406013 -0.28233633 -0.33950125
v 0.02429858 -0.28388216 -0.34061236
v 0.02443645 -0.28476943 -0.34097408
v 0.02458082 -0.28570212 -0.34119631
v 0.03540488 -0.27771181 -0.33617925
v 0.03545678 -0.27793241 -0.33710059
v 0.03554275 -0.27829414 -0.33797488
v 0.03565792 -0.27878887 -0.33878105
v 0.03580228 -0.27940201 -0.33950125
v 0.03597098 -0.28012221 -0.34011601
v 0.03580228 -0.27940201 -0.33950125
v 0.03615914 -0.28092837 -0.34061236
v 0.03636352 -0.28180105 -0.34097571
v 0.03657925 -0.28272076 -0.34119631
v 0.04667663 -0.27368097 -0.33617925
v 0.04674475 -0.27389671 -0.33710059
v 0.04685668 -0.27425194 -0.33797488
v 0.04701077 -0.27473532 -0.33878105
v 0.04720218 -0.27533711 -0.33950125
v 0.04742602 -0.27604108 -0.34011601
v 0.04720218 -0.27533711 -0.33950125
v 0.04767582 -0.27683103 -0.34061236
v 0.04794833 -0.27768748 -0.34097571
v 0.04823381 -0.27858773 -0.34119631
v 0.05749582 -0.26856335 -0.33617925
v 0.05758179 -0.26877260 -0.33710059
v 0.05772129 -0.26911810 -0.33797488
v 0.05791269 -0.26959012 -0.33878105
v 0.05814951 -0.27017569 -0.33950125
v 0.05842689 -0.27086020 -0.34011601
v 0.05814951 -0.27017569 -0.33950125
v 0.05873832 -0.27162906 -0.34061236
v 0.05907571 -0.27246280 -0.34097571
v 0.05943095 -0.27334034 -0.34119631
v 0.06776351 -0.26241085 -0.33617925
v 0.06786570 -0.26261361 -0.33710059
v 0.06803115 -0.26294775 -0.33797488
v 0.06825986 -0.26340193 -0.33878105
v 0.06854210 -0.26396803 -0.33950125
v 0.06887138 -0.26463146 -0.34011601
v 0.06854210 -0.26396803 -0.33950125
v 0.06924283 -0.26537437 -0.34061236
v 0.06964511 -0.26617891 -0.34097571
v 0.07006685 -0.26702725 -0.34119631
v 0.07737913 -0.25528024 -0.33617925
v 0.07749592 -0.25547488 -0.33710059
v 0.07768732 -0.25579443 -0.33797488
v 0.07795010 -0.25623239 -0.33878105
v 0.07827613 -0.25677416 -0.33950125
v 0.07865894 -0.25741001 -0.34011601
v 0.07827613 -0.25677416 -0.33950125
v 0.07908717 -0.25812210 -0.34061236
v 0.07955108 -0.25889420 -0.34097571
v 0.08003932 -0.25970686 -0.34119631
v 0.08624859 -0.24724289 -0.33617925
v 0.08638160 -0.24742781 -0.33710059
v 0.08659896 -0.24773275 -0.33797488
v 0.08689418 -0.24814638 -0.33878105
v 0.07795010 -0.25623239 -0.33878105
v 0.08726401 -0.24866220 -0.33950125
v 0.08689418 -0.24814638 -0.33878105
v 0.08769548 -0.24926723 -0.34011601
v 0.08817886 -0.24994363 -0.34061236
v 0.08870278 -0.25067843 -0.34097571
v 0.08925591 -0.25145053 -0.34119631
v 0.08624859 -0.24724289 -0.33617925
v 0.09428756 -0.23837342 -0.33617925
v 0.08638160 -0.24742781 -0.33710059
v 0.09443517 -0.23854861 -0.33710059
v 0.08659896 -0.24773275 -0.33797488
v 0.09467524 -0.23883409 -0.33797488
v 0.08689418 -0.24814638 -0.33878105
v 0.09500452 -0.23922501 -0.33878105
v 0.09541328 -0.23971001 -0.33950125
v 0.09500452 -0.23922501 -0.33878105
v 0.09589341 -0.24027773 -0.34011763
v 0.09643032 -0.24091520 -0.34061236
v 0.09701264 -0.24160458 -0.34097571
v 0.09762416 -0.24233127 -0.34119793
v 0.10141980 -0.22876105 -0.33617925
v 0.10158038 -0.22892326 -0.33710059
v 0.10184478 -0.22918927 -0.33797488
v 0.10220325 -0.22955100 -0.33878105
v 0.10265095 -0.23000193 -0.33950125
v 0.10220325 -0.22955100 -0.33878105
v 0.10317487 -0.23053072 -0.34011763
v 0.10376206 -0.23112278 -0.34061236
v 0.10439953 -0.23176350 -0.34097571
v 0.10506945 -0.23243828 -0.34119793
v 0.10757392 -0.21849336 -0.33617925
v 0.10774748 -0.21864259 -0.33710059
v 0.10803297 -0.21888590 -0.33797488
v 0.10842064 -0.21921842 -0.33878105
v 0.10265095 -0.23000193 -0.33950125
v 0.10890402 -0.21963205 -0.33950125
v 0.10947012 -0.22011543 -0.34011763
v 0.10890402 -0.21963205 -0.33950125
v 0.11010435 -0.22065720 -0.34061236
v 0.11079210 -0.22124439 -0.34097571
v 0.11151555 -0.22186239 -0.34119793
v 0.11269317 -0.20767417 -0.33617925
v 0.11287971 -0.20780718 -0.33710059
v 0.11318303 -0.20802615 -0.33797488
v 0.11359828 -0.20832461 -0.33878105
v 0.11411410 -0.20869769 -0.33950125
v 0.11471913 -0.20913240 -0.34011763
v 0.11411410 -0.20869769 -0.33950125
v 0.11539553 -0.20961902 -0.34061236
v 0.11613033 -0.21014782 -0.34097571
v 0.11690243 -0.21070419 -0.34119793
v 0.11672725 -0.19640404 -0.33617925
v 0.11692352 -0.19652083 -0.33710059
v 0.11724469 -0.19671385 -0.33797488
v 0.11768427 -0.19697663 -0.33878105
v 0.11822929 -0.19730266 -0.33950125
v 0.11886676 -0.19768547 -0.34011763
v 0.11822929 -0.19730266 -0.33950125
v 0.11958371 -0.19811370 -0.34061236
v 0.12035906 -0.19857761 -0.34097571
v 0.12117496 -0.19906747 -0.34119793
v 0.11963724 -0.18479328 -0.33617925
v 0.11984324 -0.18489222 -0.33710059
v 0.12017901 -0.18505605 -0.33797488
v 0.12063806 -0.18527990 -0.33878105
v 0.12120902 -0.18555889 -0.33950125
v 0.12187732 -0.18588331 -0.34011763
v 0.12120902 -0.18555889 -0.33950125
v 0.12262671 -0.18624827 -0.34061236
v 0.12343937 -0.18664406 -0.34097571
v 0.12429258 -0.18706093 -0.34119793
v 0.12139556 -0.17295218 -0.33617925
v 0.12160805 -0.17303328 -0.33710059
v 0.12195680 -0.17316629 -0.33797488
v 0.12243369 -0.17334959 -0.33878105
v 0.12302412 -0.17357505 -0.33950125
v 0.12371674 -0.17384107 -0.34011763
v 0.12302412 -0.17357505 -0.33950125
v 0.12449371 -0.17413791 -0.34061236
v 0.12533557 -0.17445908 -0.34097571
v 0.12622121 -0.17479809 -0.34119793
v 0.12198437 -0.16099592 -0.33617925
v 0.12220335 -0.16105756 -0.33710059
v 0.12256183 -0.16115975 -0.33797488
v 0.12305007 -0.16129762 -0.33878105
v 0.12365835 -0.16146956 -0.33950125
v 0.12436881 -0.16167070 -0.34011763
v 0.12365835 -0.16146956 -0.33950125
v 0.12516687 -0.16189616 -0.34061236
v 0.12603143 -0.16213948 -0.34097571
v 0.12694141 -0.16239738 -0.34119793
v 0.12139881 -0.14903965 -0.33617925
v 0.12162103 -0.14908021 -0.33710059
v 0.12198437 -0.14914833 -0.33797488
v 0.12248235 -0.14924079 -0.33878105
v 0.12310036 -0.14935596 -0.33950125
v 0.12382218 -0.14948897 -0.34011763
v 0.12310036 -0.14935596 -0.33950125
v 0.12463483 -0.14963982 -0.34061236
v 0.12551237 -0.14980365 -0.34097571
v 0.12643857 -0.14997559 -0.34119793
v 0.11964373 -0.13719856 -0.33617925
v 0.11986757 -0.13721802 -0.33710059
v 0.12023416 -0.13725047 -0.33797488
v 0.12073376 -0.13729588 -0.33878105
v 0.12135501 -0.13735103 -0.33950125
v 0.12208332 -0.13741592 -0.34011763
v 0.12135501 -0.13735103 -0.33950125
v 0.12289922 -0.13748891 -0.34061236
v 0.12378325 -0.13756839 -0.34097571
v 0.12471431 -0.13765112 -0.34119793
v 0.11673698 -0.12558617 -0.33617925
v 0.11695921 -0.12558293 -0.33710059
v 0.11732255 -0.12558131 -0.33797488
v 0.11782052 -0.12557644 -0.33878267
v 0.11843853 -0.12557158 -0.33950287
v 0.11916197 -0.12556671 -0.34011763
v 0.11843853 -0.12557158 -0.33950287
v 0.11997463 -0.12556022 -0.34061236
v 0.12085379 -0.12555373 -0.34097571
v 0.12177999 -0.12554562 -0.34119793
v 0.11270452 -0.11431280 -0.33617925
v 0.11292350 -0.11429009 -0.33710059
v 0.11328036 -0.11425116 -0.33797488
v 0.11377022 -0.11419764 -0.33878267
v 0.11437687 -0.11413275 -0.33950287
v 0.11508734 -0.11405652 -0.34011763
v 0.11437687 -0.11413275 -0.33950287
v 0.11588540 -0.11397055 -0.34061236
v 0.11674834 -0.11387647 -0.34097571
v 0.11765832 -0.11377752 -0.34119955
v 0.10723491 -0.10349037 -0.33617925
v 0.10744578 -0.10344657 -0.33710059
v 0.10778966 -0.10337195 -0.33797488
v 0.10826168 -0.10327139 -0.33878267
v 0.10884724 -0.10314487 -0.33950287
v 0.10953338 -0.10299888 -0.34011763
v 0.10884724 -0.10314487 -0.33950287
v 0.11030224 -0.10283343 -0.34061399
v 0.11113598 -0.10265500 -0.34097733
v 0.11201190 -0.10246684 -0.34119955
v 0.10589670 0.12085785 -0.33567317
v 0.10538900 0.21555904 -0.33567317
v 0.10611244 0.12139637 -0.33659288
v 0.10560473 0.21560283 -0.33659288
v 0.10646443 0.12227716 -0.33746555
v 0.10595996 0.21567583 -0.33746555
v 0.10694618 0.12348073 -0.33827172
v 0.10644334 0.21577639 -0.33827172
v 0.10754472 0.12497790 -0.33898867
v 0.10704513 0.21589967 -0.33898867
v 0.10754472 0.12497790 -0.33898867
v 0.10824384 0.12672973 -0.33960181
v 0.10774911 0.21604404 -0.33960181
v 0.10704513 0.21589967 -0.33898867
v 0.10903054 0.12869243 -0.34009492
v 0.10853905 0.21620786 -0.34009492
v 0.10988050 0.13082221 -0.34045502
v 0.10939550 0.21638305 -0.34045502
v 0.11077588 0.13306229 -0.34067400
v 0.11029737 0.21656796 -0.34067400
v 0.10386263 0.22583808 -0.33567317
v 0.10407512 0.22590296 -0.33659288
v 0.10442224 0.22600678 -0.33746555
v 0.10489589 0.22614952 -0.33827172
v 0.10548632 0.22632795 -0.33898867
v 0.10617570 0.22653557 -0.33960181
v 0.10548632 0.22632795 -0.33898867
v 0.10695105 0.22676915 -0.34009492
v 0.10778966 0.22702219 -0.34045502
v 0.10867206 0.22728821 -0.34067400
v 0.10133707 0.23591923 -0.33567317
v 0.10154307 0.23600358 -0.33659288
v 0.10187884 0.23613984 -0.33746555
v 0.10233951 0.23632800 -0.33827172
v 0.10291048 0.23656157 -0.33898867
v 0.10357877 0.23683408 -0.33960181
v 0.10291048 0.23656157 -0.33898867
v 0.10432816 0.23714065 -0.34009492
v 0.10514082 0.23747318 -0.34045502
v 0.10599727 0.23782192 -0.34067400
v 0.09783503 0.24570355 -0.33567317
v 0.09803292 0.24580736 -0.33659288
v 0.09835571 0.24597606 -0.33746555
v 0.09879529 0.24620639 -0.33827172
v 0.09934355 0.24649187 -0.33898867
v 0.09998427 0.24682764 -0.33960181
v 0.09934355 0.24649187 -0.33898867
v 0.10070446 0.24720396 -0.34009492
v 0.10148306 0.24761110 -0.34045502
v 0.10230220 0.24803933 -0.34067400
v 0.09339218 0.25509856 -0.33567317
v 0.09357872 0.25521860 -0.33659288
v 0.09388529 0.25541811 -0.33746555
v 0.09430216 0.25568900 -0.33827172
v 0.09482122 0.25602477 -0.33898867
v 0.09542950 0.25641893 -0.33960181
v 0.09482122 0.25602477 -0.33898867
v 0.09611077 0.25686013 -0.34009492
v 0.09685043 0.25734026 -0.34045502
v 0.09762740 0.25784310 -0.34067400
v 0.08804909 0.26401183 -0.33567317
v 0.08822427 0.26414970 -0.33659288
v 0.08850976 0.26437517 -0.33746555
v 0.08890230 0.26468336 -0.33827172
v 0.09430216 0.25568900 -0.33827172
v 0.08938730 0.26506779 -0.33898867
v 0.08890230 0.26468336 -0.33827172
v 0.08995664 0.26551711 -0.33960181
v 0.09059574 0.26601995 -0.34009492
v 0.09128674 0.26656659 -0.34045502
v 0.09201505 0.26714080 -0.34067400
v 0.08185766 0.27235899 -0.33567317
v 0.08201986 0.27251146 -0.33659288
v 0.08228426 0.27276288 -0.33746555
v 0.08264598 0.27310676 -0.33827172
v 0.08309529 0.27353337 -0.33898867
v 0.08264598 0.27310676 -0.33827172
v 0.08362084 0.27403459 -0.33960181
v 0.08421128 0.27459420 -0.34009492
v 0.08485037 0.27520247 -0.34045502
v 0.08552191 0.27584157 -0.34067400
v 0.07487952 0.28005732 -0.33567317
v 0.07502551 0.28022602 -0.33659288
v 0.07526557 0.28050015 -0.33746555
v 0.07559485 0.28087647 -0.33827172
v 0.07600361 0.28134200 -0.33898867
v 0.07559485 0.28087647 -0.33827172
v 0.07648212 0.28188864 -0.33960181
v 0.07701903 0.28250178 -0.34009492
v 0.07759973 0.28316521 -0.34045502
v 0.07821125 0.28386270 -0.34067400
v 0.07487952 0.28005732 -0.33567317
v 0.06717794 0.28703708 -0.33567317
v 0.07502551 0.28022602 -0.33659288
v 0.06730933 0.28721713 -0.33659288
v 0.07526557 0.28050015 -0.33746555
v 0.06752507 0.28751235 -0.33746555
v 0.07559485 0.28087647 -0.33827172
v 0.06781704 0.28791624 -0.33827172
v 0.06818200 0.28841908 -0.33898867
v 0.06781704 0.28791624 -0.33827172
v 0.06861023 0.28900627 -0.33960181
v 0.06908874 0.28966483 -0.34009492
v 0.06960780 0.29038016 -0.34045502
v 0.07015282 0.29113118 -0.34067400
v 0.05883078 0.29322689 -0.33567317
v 0.05894595 0.29341830 -0.33659288
v 0.05913249 0.29373298 -0.33746555
v 0.05938877 0.29416120 -0.33827172
v 0.05970670 0.29469486 -0.33898867
v 0.05938877 0.29416120 -0.33827172
v 0.06007815 0.29531936 -0.33960181
v 0.06049664 0.29601847 -0.34009492
v 0.06094758 0.29677598 -0.34045502
v 0.06142447 0.29757404 -0.34067562
v 0.04991752 0.29856998 -0.33567317
v 0.05001484 0.29877112 -0.33659288
v 0.05017218 0.29910040 -0.33746555
v 0.05038792 0.29954971 -0.33827172
v 0.05970670 0.29469486 -0.33898867
v 0.05065718 0.30010933 -0.33898867
v 0.05097186 0.30076464 -0.33960181
v 0.05065718 0.30010933 -0.33898867
v 0.05132385 0.30149944 -0.34009492
v 0.05170666 0.30229587 -0.34045502
v 0.05210893 0.30313448 -0.34067562
v 0.04052250 0.30301283 -0.33567317
v 0.04060198 0.30322208 -0.33659288
v 0.04073013 0.30356433 -0.33746555
v 0.04090369 0.30403149 -0.33827172
v 0.04112104 0.30461381 -0.33899030
v 0.04137571 0.30529346 -0.33960181
v 0.04112104 0.30461381 -0.33899030
v 0.04166119 0.30605745 -0.34009492
v 0.04197101 0.30688471 -0.34045502
v 0.04229704 0.30775576 -0.34067562
v 0.03073819 0.30651325 -0.33567317
v 0.03079820 0.30672899 -0.33659288
v 0.03089391 0.30708098 -0.33746555
v 0.03102691 0.30756273 -0.33827172
v 0.03119074 0.30816127 -0.33898867
v 0.03138377 0.30886201 -0.33960181
v 0.03119074 0.30816127 -0.33898867
v 0.03159950 0.30964871 -0.34009492
v 0.03183470 0.31050029 -0.34045502
v 0.03208126 0.31139568 -0.34067562
v 0.02065866 0.30903719 -0.33567317
v 0.02069759 0.30925779 -0.33659288
v 0.02076247 0.30961789 -0.33746555
v 0.02085168 0.31010938 -0.33827172
v 0.02096198 0.31072090 -0.33899030
v 0.02109175 0.31143623 -0.33960181
v 0.02096198 0.31072090 -0.33899030
v 0.02123611 0.31223753 -0.34009492
v 0.02139345 0.31310696 -0.34045502
v 0.02155890 0.31402180 -0.34067562
v 0.01037799 0.31056193 -0.33567317
v 0.01039908 0.31078416 -0.33659288
v 0.01043152 0.31114912 -0.33746555
v 0.01047531 0.31164710 -0.33827172
v 0.01053046 0.31226510 -0.33899030
v 0.01059535 0.31298855 -0.33960181
v 0.01053046 0.31226510 -0.33899030
v 0.01066834 0.31380120 -0.34009492
v 0.01074782 0.31468036 -0.34045502
v 0.01083055 0.31560656 -0.34067562
v 0.10250496 -0.09549195 -0.33617925
v 0.10271258 -0.09544004 -0.33710059
v 0.10305322 -0.09535245 -0.33797488
v 0.10351875 -0.09523404 -0.33878105
v 0.10409783 -0.09508643 -0.33950125
v 0.10409783 -0.09508643 -0.33950125
v 0.10477423 -0.09491287 -0.34011763
v 0.10553336 -0.09471984 -0.34061236
v 0.10635575 -0.09450898 -0.34097571
v 0.10722193 -0.09428837 -0.34119793
v 0.10250496 -0.09549195 -0.33617925
v 0.10271258 -0.09544004 -0.33710059
v 0.11984487 -0.02253296 -0.34096597
v 0.11984162 0.08123884 -0.34096597
v 0.11984487 -0.02253296 -0.34096597
v 0.12046774 -0.02197334 -0.34161318
v 0.12046774 0.08236293 -0.34161318
v 0.11984162 0.08123884 -0.34096597
v 0.01368214 -0.30484414 -0.34152883
v 0.01373405 -0.30550757 -0.34217766
v 0.01368214 -0.30484414 -0.34152883
v 0.01373405 -0.30550757 -0.34217766
v 0.02722965 -0.30283278 -0.34152883
v 0.02733022 -0.30348972 -0.34217766
v 0.02722965 -0.30283278 -0.34152883
v 0.02733022 -0.30348972 -0.34217766
v 0.04051277 -0.29949943 -0.34152883
v 0.04066362 -0.30014826 -0.34217766
v 0.04051277 -0.29949943 -0.34152883
v 0.04066362 -0.30014826 -0.34217766
v 0.05340496 -0.29488140 -0.34152883
v 0.05360610 -0.29551725 -0.34217766
v 0.05340496 -0.29488140 -0.34152883
v 0.05360610 -0.29551725 -0.34217766
v 0.06578134 -0.28901925 -0.34152883
v 0.05360610 -0.29551725 -0.34217766
v 0.06603114 -0.28963726 -0.34217766
v 0.06603114 -0.28963726 -0.34217766
v 0.07752187 -0.28197136 -0.34152883
v 0.07782033 -0.28256829 -0.34217766
v 0.07782033 -0.28256829 -0.34217766
v 0.08851462 -0.27380425 -0.34152883
v 0.08885850 -0.27437846 -0.34217766
v 0.08885850 -0.27437846 -0.34217766
v 0.09865255 -0.26460064 -0.34152883
v 0.09904184 -0.26514565 -0.34217766
v 0.09904184 -0.26514565 -0.34217766
v 0.10783670 -0.25444487 -0.34152883
v 0.10826817 -0.25495745 -0.34217766
v 0.09904184 -0.26514565 -0.34217766
v 0.10826817 -0.25495745 -0.34217766
v 0.11598110 -0.24343914 -0.34152883
v 0.11645474 -0.24391603 -0.34217766
v 0.11645474 -0.24391603 -0.34217766
v 0.12300628 -0.23168726 -0.34152883
v 0.12351561 -0.23212360 -0.34217766
v 0.12351561 -0.23212360 -0.34217766
v 0.12884410 -0.21930439 -0.34152721
v 0.12938911 -0.21969693 -0.34217766
v 0.12938911 -0.21969693 -0.34217766
v 0.13343779 -0.20640895 -0.34152721
v 0.13401363 -0.20675445 -0.34217766
v 0.13401363 -0.20675445 -0.34217766
v 0.13674681 -0.19312746 -0.34152721
v 0.13735022 -0.19342105 -0.34217766
v 0.13735022 -0.19342105 -0.34217766
v 0.13873547 -0.17958644 -0.34152721
v 0.13674681 -0.19312746 -0.34152721
v 0.13935996 -0.17982488 -0.34217766
v 0.13873547 -0.17958644 -0.34152721
v 0.13938916 -0.16591727 -0.34152721
v 0.14002988 -0.16609894 -0.34217766
v 0.13938916 -0.16591727 -0.34152721
v 0.13869816 -0.15225135 -0.34152721
v 0.13935023 -0.15237300 -0.34217766
v 0.13869816 -0.15225135 -0.34152721
v 0.13667382 -0.13872168 -0.34152721
v 0.13732914 -0.13878008 -0.34217766
v 0.13667382 -0.13872168 -0.34152721
v 0.13333236 -0.12545641 -0.34152721
v 0.13398605 -0.12545154 -0.34217766
v 0.13333236 -0.12545641 -0.34152721
v 0.12871271 -0.11258368 -0.34152721
v 0.13333236 -0.12545641 -0.34152721
v 0.13398605 -0.12545154 -0.34217766
v 0.12935343 -0.11251555 -0.34217766
v 0.12871271 -0.11258368 -0.34152721
v 0.12935343 -0.11251555 -0.34217766
v 0.12245315 -0.10022839 -0.34152721
v 0.12307116 -0.10009538 -0.34217766
v 0.12245315 -0.10022839 -0.34152721
v 0.12307116 -0.10009538 -0.34217766
v 0.11984000 0.15573555 -0.34096597
v 0.11984162 0.21853229 -0.34096597
v 0.11984000 0.15573555 -0.34096597
v 0.12046774 0.15730247 -0.34161318
v 0.12046774 0.21866043 -0.34161318
v 0.11984162 0.21853229 -0.34096597
v 0.11857479 0.23027282 -0.34096597
v 0.11919279 0.23045773 -0.34161318
v 0.11857479 0.23027282 -0.34096597
v 0.11569724 0.24178301 -0.34096597
v 0.11857479 0.23027282 -0.34096597
v 0.11919279 0.23045773 -0.34161318
v 0.11629578 0.24202794 -0.34161318
v 0.11569724 0.24178301 -0.34096597
v 0.11629578 0.24202794 -0.34161318
v 0.11170371 0.25295581 -0.34096597
v 0.11227954 0.25325590 -0.34161318
v 0.11170371 0.25295581 -0.34096597
v 0.11227954 0.25325590 -0.34161318
v 0.10663474 0.26368417 -0.34096597
v 0.10718138 0.26403778 -0.34161318
v 0.10663474 0.26368417 -0.34096597
v 0.10718138 0.26403778 -0.34161318
v 0.10053901 0.27386427 -0.34096597
v 0.10105159 0.27426816 -0.34161318
v 0.10053901 0.27386427 -0.34096597
v 0.10105159 0.27426816 -0.34161318
v 0.09347491 0.28339878 -0.34096597
v 0.09394693 0.28384810 -0.34161318
v 0.09394693 0.28384810 -0.34161318
v 0.08550893 0.29219364 -0.34096597
v 0.08593878 0.29268674 -0.34161318
v 0.08593878 0.29268674 -0.34161318
v 0.07671895 0.30016772 -0.34096597
v 0.07710338 0.30069652 -0.34161318
v 0.08593878 0.29268674 -0.34161318
v 0.07710338 0.30069652 -0.34161318
v 0.06718930 0.30723994 -0.34096597
v 0.06752344 0.30780280 -0.34161318
v 0.06752344 0.30780280 -0.34161318
v 0.05701082 0.31334378 -0.34096597
v 0.05729468 0.31393421 -0.34161318
v 0.05729468 0.31393421 -0.34161318
v 0.04628409 0.31842085 -0.34096597
v 0.04651280 0.31903399 -0.34161318
v 0.04651280 0.31903399 -0.34161318
v 0.03510966 0.32242087 -0.34096597
v 0.03528322 0.32305348 -0.34161318
v 0.03528322 0.32305348 -0.34161318
v 0.02359784 0.32530653 -0.34096597
v 0.03510966 0.32242087 -0.34096597
v 0.03528322 0.32305348 -0.34161318
v 0.02371463 0.32595211 -0.34161318
v 0.02359784 0.32530653 -0.34096597
v 0.02371463 0.32595211 -0.34161318
v 0.01185894 0.32704863 -0.34096597
v 0.01191733 0.32770070 -0.34161318
v 0.01185894 0.32704863 -0.34096597
v 0.01191733 0.32770070 -0.34161318
v 0.11985135 -0.09106370 -0.34152721
v 0.11985135 -0.09106370 -0.34152721
v 0.12047098 -0.09090474 -0.34217766
v 0.12047098 -0.09090474 -0.34217766
v 0.11985135 -0.09106370 -0.34152721
v -0.00636175 -0.34925799 0.07957622
v -0.01255156 -0.34925799 0.07957622
v -0.01261482 -0.34800575 0.07957622
v -0.00639257 -0.34800575 0.07957622
v 0.01278514 -0.34800575 0.10514487
v 0.01272350 -0.34925799 0.10514487
v 0.01272350 -0.34925799 0.07973518
v 0.01278514 -0.34800575 0.07973518
v 0.01255156 -0.34925799 0.07957622
v 0.00636175 -0.34925799 0.07957622
v 0.00639257 -0.34800575 0.07957622
v 0.01261482 -0.34800575 0.07957622
v 0.01236502 -0.35049887 0.07957622
v 0.00626929 -0.35049887 0.07957622
v 0.01205683 -0.35171542 0.07957622
v 0.00611682 -0.35171542 0.07957622
v 0.01162860 -0.35289791 0.07957622
v 0.00590595 -0.35289791 0.07957622
v 0.01108683 -0.35403173 0.07957622
v 0.00563669 -0.35403173 0.07957622
v 0.01043476 -0.35510716 0.07957622
v 0.00531552 -0.35510716 0.07957622
v 0.00967726 -0.35611609 0.07957622
v 0.00494082 -0.35611609 0.07957622
v 0.00882405 -0.35704553 0.07957622
v 0.00452070 -0.35704553 0.07957622
v 0.00788325 -0.35788739 0.07957622
v 0.00405517 -0.35788739 0.07957622
v 0.00686135 -0.35863516 0.07957622
v 0.00355071 -0.35863516 0.07957622
v 0.00576970 -0.35927912 0.07957622
v 0.00301380 -0.35927912 0.07957622
v 0.00462289 -0.35981603 0.07957622
v 0.00244608 -0.35981603 0.07957622
v 0.00430335 -0.35992795 0.07957622
v 0.00185565 -0.36023938 0.07957622
v 0.00234389 -0.36041943 0.07957622
v 0.00147446 -0.36054758 0.07957622
v 0.00125386 -0.36072763 0.10514487
v 0.00000000 -0.36078927 0.10514487
v 0.00000000 -0.36078927 0.07973518
v 0.00125386 -0.36072763 0.07973518
v 0.00000000 -0.36062057 0.07957622
v 0.00000000 -0.36023938 0.07957622
v -0.00147446 -0.36054758 0.07957622
v -0.00185565 -0.36023938 0.07957622
v -0.00234389 -0.36041943 0.07957622
v -0.00430335 -0.35992795 0.07957622
v -0.00371129 -0.36023938 0.10514487
v -0.00489216 -0.35981603 0.10514487
v -0.00489216 -0.35981603 0.07973518
v -0.00371129 -0.36023938 0.07973518
v -0.00462289 -0.35981603 0.07957622
v -0.00244608 -0.35981603 0.07957622
v -0.00576970 -0.35927912 0.07957622
v -0.00301380 -0.35927912 0.07957622
v -0.00686135 -0.35863516 0.07957622
v -0.00355071 -0.35863516 0.07957622
v -0.00788325 -0.35788739 0.07957622
v -0.00405517 -0.35788739 0.07957622
v -0.00882405 -0.35704553 0.07957622
v -0.00452070 -0.35704553 0.07957622
v -0.00967726 -0.35611609 0.07957622
v -0.00494082 -0.35611609 0.07957622
v -0.01043476 -0.35510716 0.07957622
v -0.00531552 -0.35510716 0.07957622
v -0.01108683 -0.35403173 0.07957622
v -0.00563669 -0.35403173 0.07957622
v -0.01162860 -0.35289791 0.07957622
v -0.00590595 -0.35289791 0.07957622
v -0.01205683 -0.35171542 0.07957622
v -0.00611682 -0.35171542 0.07957622
v -0.01236502 -0.35049887 0.07957622
v -0.00626929 -0.35049887 0.07957622
v -0.01278514 -0.34800575 0.10514487
v -0.01278514 -0.32423110 0.10514487
v -0.01278514 -0.32423110 0.07973518
v -0.01278514 -0.34800575 0.07973518
v 0.01278514 -0.32423110 0.07973518
v 0.01278514 -0.32423110 0.10514487
v -0.01261482 -0.32423110 0.07957622
v -0.00639257 -0.32423110 0.07957622
v -0.01253858 -0.35049887 0.10514487
v -0.01272350 -0.34925799 0.10514487
v -0.01272350 -0.34925799 0.07973518
v -0.01253858 -0.35049887 0.07973518
v -0.01223364 -0.35171542 0.10514487
v -0.01223364 -0.35171542 0.07973518
v -0.01181190 -0.35289791 0.10514487
v -0.01181190 -0.35289791 0.07973518
v -0.01127499 -0.35403173 0.10514487
v -0.01127499 -0.35403173 0.07973518
v -0.01062941 -0.35510716 0.10514487
v -0.01062941 -0.35510716 0.07973518
v -0.00988326 -0.35611609 0.10514487
v -0.00988326 -0.35611609 0.07973518
v -0.00903978 -0.35704553 0.10514487
v -0.00903978 -0.35704553 0.07973518
v -0.00811034 -0.35788739 0.10514487
v -0.00903978 -0.35704553 0.10514487
v -0.00903978 -0.35704553 0.07973518
v -0.00811034 -0.35788739 0.07973518
v -0.00710304 -0.35863516 0.10514487
v -0.00710304 -0.35863516 0.07973518
v -0.00602598 -0.35927912 0.10514487
v -0.00602598 -0.35927912 0.07973518
v 0.00000000 -0.35981603 0.07957622
v 0.00000000 -0.35927912 0.07957622
v 0.00000000 -0.35863516 0.07957622
v 0.00000000 -0.35788739 0.07957622
v 0.00000000 -0.35704553 0.07957622
v 0.00000000 -0.35611609 0.07957622
v 0.00000000 -0.35510716 0.07957622
v 0.00000000 -0.35403173 0.07957622
v 0.00000000 -0.35289791 0.07957622
v 0.00000000 -0.35171542 0.07957622
v 0.00000000 -0.35049887 0.07957622
v 0.00000000 -0.34925799 0.07957622
v 0.00000000 -0.34800575 0.07957622
v 0.00000000 -0.32423110 0.07957622
v 0.00639257 -0.32423110 0.07957622
v 0.01261482 -0.32423110 0.07957622
v 0.01253858 -0.35049887 0.10514487
v 0.01253858 -0.35049887 0.07973518
v 0.01223364 -0.35171542 0.10514487
v 0.01223364 -0.35171542 0.07973518
v 0.01181190 -0.35289791 0.10514487
v 0.01181190 -0.35289791 0.07973518
v 0.01127499 -0.35403173 0.10514487
v 0.01127499 -0.35403173 0.07973518
v 0.01062941 -0.35510716 0.10514487
v 0.01062941 -0.35510716 0.07973518
v 0.00988326 -0.35611609 0.10514487
v 0.00988326 -0.35611609 0.07973518
v 0.00903978 -0.35704553 0.10514487
v 0.00903978 -0.35704553 0.07973518
v 0.00903978 -0.35704553 0.10514487
v 0.00811034 -0.35788739 0.10514487
v 0.00811034 -0.35788739 0.07973518
v 0.00903978 -0.35704553 0.07973518
v 0.00710304 -0.35863516 0.10514487
v 0.00710304 -0.35863516 0.07973518
v 0.00602598 -0.35927912 0.10514487
v 0.00602598 -0.35927912 0.07973518
v 0.00489216 -0.35981603 0.10514487
v 0.00489216 -0.35981603 0.07973518
v 0.00371129 -0.36023938 0.10514487
v 0.00371129 -0.36023938 0.07973518
v 0.00249474 -0.36054433 0.10514487
v 0.00249474 -0.36054433 0.07973518
v -0.00249474 -0.36054433 0.10514487
v -0.00249474 -0.36054433 0.07973518
v -0.00125386 -0.36072763 0.10514487
v -0.00125386 -0.36072763 0.07973518
v -0.01269917 -0.34800575 0.07959731
v -0.01269917 -0.32423110 0.07959731
v -0.01276243 -0.34800575 0.07965570
v -0.01276243 -0.32423110 0.07965570
v -0.01276243 -0.34800575 0.07965570
v -0.01276243 -0.32423110 0.07965570
v 0.01269917 -0.32423110 0.07959731
v 0.01269917 -0.34800575 0.07959731
v 0.01276243 -0.32423110 0.07965570
v 0.01276243 -0.34800575 0.07965570
v 0.01276243 -0.32423110 0.07965570
v 0.01276243 -0.34800575 0.07965570
v 0.01269917 -0.34925799 0.07965570
v 0.01269917 -0.34925799 0.07965570
v 0.01263753 -0.34925799 0.07959731
v 0.01251588 -0.35049887 0.07965570
v 0.01251588 -0.35049887 0.07965570
v 0.01245262 -0.35049887 0.07959731
v 0.01221093 -0.35171542 0.07965570
v 0.01221093 -0.35171542 0.07965570
v 0.01214604 -0.35171542 0.07959731
v 0.01178757 -0.35289791 0.07965570
v 0.01178757 -0.35289791 0.07965570
v 0.01171944 -0.35289791 0.07959731
v 0.01124904 -0.35403173 0.07965570
v 0.01124904 -0.35403173 0.07965570
v 0.01118091 -0.35403173 0.07959731
v 0.01060346 -0.35510716 0.07965570
v 0.01060346 -0.35510716 0.07965570
v 0.01053209 -0.35510716 0.07959731
v 0.00985568 -0.35611609 0.07965570
v 0.00985568 -0.35611609 0.07965570
v 0.00977945 -0.35611609 0.07959731
v 0.00901059 -0.35704553 0.07965570
v 0.00901059 -0.35704553 0.07965570
v 0.00893273 -0.35704553 0.07959731
v 0.00893273 -0.35704553 0.07959731
v 0.00807952 -0.35788739 0.07965570
v 0.00901059 -0.35704553 0.07965570
v 0.00807952 -0.35788739 0.07965570
v 0.00799679 -0.35788739 0.07959731
v 0.00799679 -0.35788739 0.07959731
v 0.00707059 -0.35863516 0.07965570
v 0.00707059 -0.35863516 0.07965570
v 0.00698138 -0.35863516 0.07959731
v 0.00698138 -0.35863516 0.07959731
v 0.00599192 -0.35927912 0.07965570
v 0.00599192 -0.35927912 0.07965570
v 0.00589784 -0.35927912 0.07959731
v 0.00589784 -0.35927912 0.07959731
v 0.00485647 -0.35981603 0.07965570
v 0.00475753 -0.35981603 0.07959731
v 0.00589784 -0.35927912 0.07959731
v 0.00475753 -0.35981603 0.07959731
v 0.00379077 -0.36019721 0.07965570
v 0.00400651 -0.36008367 0.07959731
v 0.00400651 -0.36008367 0.07959731
v 0.00247365 -0.36052649 0.07965570
v 0.00247365 -0.36052649 0.07965570
v 0.00241850 -0.36048107 0.07959731
v 0.00379077 -0.36019721 0.07965570
v 0.00128306 -0.36070330 0.07965570
v 0.00128306 -0.36070330 0.07965570
v 0.00136416 -0.36063841 0.07959731
v 0.00000000 -0.36076656 0.07965570
v 0.00000000 -0.36076656 0.07965570
v 0.00000000 -0.36070492 0.07959731
v -0.00128306 -0.36070330 0.07965570
v -0.00128306 -0.36070330 0.07965570
v -0.00136416 -0.36063841 0.07959731
v -0.00247365 -0.36052649 0.07965570
v -0.00247365 -0.36052649 0.07965570
v -0.00241850 -0.36048107 0.07959731
v -0.00379077 -0.36019721 0.07965570
v -0.00379077 -0.36019721 0.07965570
v -0.00400651 -0.36008367 0.07959731
v -0.00485647 -0.35981603 0.07965570
v -0.00475753 -0.35981603 0.07959731
v -0.00400651 -0.36008367 0.07959731
v -0.00475753 -0.35981603 0.07959731
v -0.00599192 -0.35927912 0.07965570
v -0.00589784 -0.35927912 0.07959731
v -0.00589784 -0.35927912 0.07959731
v -0.00707059 -0.35863516 0.07965570
v -0.00707059 -0.35863516 0.07965570
v -0.00698138 -0.35863516 0.07959731
v -0.00589784 -0.35927912 0.07959731
v -0.00599192 -0.35927912 0.07965570
v -0.00698138 -0.35863516 0.07959731
v -0.00807952 -0.35788739 0.07965570
v -0.00807952 -0.35788739 0.07965570
v -0.00799679 -0.35788739 0.07959731
v -0.00799679 -0.35788739 0.07959731
v -0.00901059 -0.35704553 0.07965570
v -0.00901059 -0.35704553 0.07965570
v -0.00893273 -0.35704553 0.07959731
v -0.00893273 -0.35704553 0.07959731
v -0.00985568 -0.35611609 0.07965570
v -0.00901059 -0.35704553 0.07965570
v -0.00985568 -0.35611609 0.07965570
v -0.00977945 -0.35611609 0.07959731
v -0.01060346 -0.35510716 0.07965570
v -0.01060346 -0.35510716 0.07965570
v -0.01053209 -0.35510716 0.07959731
v -0.01124904 -0.35403173 0.07965570
v -0.01124904 -0.35403173 0.07965570
v -0.01118091 -0.35403173 0.07959731
v -0.01178757 -0.35289791 0.07965570
v -0.01178757 -0.35289791 0.07965570
v -0.01171944 -0.35289791 0.07959731
v -0.01221093 -0.35171542 0.07965570
v -0.01221093 -0.35171542 0.07965570
v -0.01214604 -0.35171542 0.07959731
v -0.01251588 -0.35049887 0.07965570
v -0.01251588 -0.35049887 0.07965570
v -0.01245262 -0.35049887 0.07959731
v -0.01269917 -0.34925799 0.07965570
v -0.01269917 -0.34925799 0.07965570
v -0.01263753 -0.34925799 0.07959731
v 0.10544901 -0.38068068 -0.18606984
v 0.10544901 -0.40145126 -0.18606984
v 0.10595996 -0.39106679 -0.18606984
v 0.10392427 -0.41173842 -0.18606984
v 0.10392427 -0.37039515 -0.18606984
v 0.10139709 -0.42182444 -0.18606984
v 0.10139709 -0.36030751 -0.18606984
v 0.09789342 -0.43161524 -0.18606984
v 0.09789342 -0.35051671 -0.18606984
v 0.09344895 -0.44101512 -0.18606984
v 0.09344733 -0.34111683 -0.18606984
v 0.08810262 -0.44993325 -0.18606984
v 0.08810262 -0.33219870 -0.18606984
v 0.08190794 -0.45828690 -0.18606984
v 0.08190794 -0.32384667 -0.18606984
v 0.07492494 -0.46599010 -0.18606984
v 0.07492494 -0.31614185 -0.18606984
v 0.06722012 -0.47297310 -0.18606984
v 0.06722012 -0.30915884 -0.18606984
v 0.05886809 -0.47916778 -0.18606984
v 0.05886809 -0.30296417 -0.18606984
v 0.04994996 -0.48451412 -0.18606984
v 0.04994834 -0.29761783 -0.18606984
v 0.04055008 -0.48896021 -0.18606984
v 0.04054845 -0.29317174 -0.18606984
v 0.03075927 -0.49246387 -0.18606984
v 0.03075927 -0.28966970 -0.18606984
v 0.02067163 -0.49498943 -0.18606984
v 0.02067163 -0.28714252 -0.18606984
v 0.01038610 -0.49651580 -0.18606984
v 0.01038610 -0.28561615 -0.18606984
v 0.00000000 -0.49702513 -0.18606984
v 0.00000000 -0.28510682 -0.18606984
v -0.01038610 -0.28561615 -0.18606984
v -0.01038610 -0.49651580 -0.18606984
v -0.02067163 -0.28714252 -0.18606984
v -0.02067163 -0.49498943 -0.18606984
v -0.03075765 -0.28966970 -0.18606984
v -0.03075765 -0.49246387 -0.18606984
v -0.04054845 -0.29317174 -0.18606984
v -0.04054845 -0.48896021 -0.18606984
v -0.04994834 -0.29761783 -0.18606984
v -0.04994834 -0.48451412 -0.18606984
v -0.05886809 -0.30296417 -0.18606984
v -0.05886809 -0.47916778 -0.18606984
v -0.06722012 -0.30915884 -0.18606984
v -0.06722012 -0.47297473 -0.18606984
v -0.07492494 -0.31614185 -0.18606984
v -0.07492494 -0.46599172 -0.18606984
v -0.08190794 -0.32384667 -0.18606984
v -0.08190794 -0.45828690 -0.18606984
v -0.08810262 -0.33219870 -0.18606984
v -0.08810262 -0.44993487 -0.18606984
v -0.09344733 -0.34111683 -0.18606984
v -0.09344733 -0.44101512 -0.18606984
v -0.09789342 -0.35051671 -0.18606984
v -0.09789342 -0.43161524 -0.18606984
v -0.10139709 -0.36030751 -0.18606984
v -0.10139709 -0.42182444 -0.18606984
v -0.10392427 -0.37039515 -0.18606984
v -0.10392427 -0.41173842 -0.18606984
v -0.10544901 -0.38068068 -0.18606984
v -0.10544901 -0.40145126 -0.18606984
v -0.10595996 -0.39106679 -0.18606984
v -0.02850622 0.34591004 -0.35030909
v -0.10546848 0.05539930 0.15296506
v -0.10546848 0.04773503 0.16063095
v -0.10546848 -0.02780143 0.16063095
v -0.10546848 -0.03546733 0.15296506
v -0.10546848 -0.04313322 0.16063095
v -0.10546848 -0.03546733 0.17325226
v -0.10546848 -0.03546733 0.16829522
v -0.10546848 -0.09550979 0.17325226
v -0.10546848 -0.09550979 0.16063095
v -0.10546848 0.11973051 0.16063095
v -0.10546848 0.11973051 -0.33334388
v -0.10546848 0.06306519 0.16063095
v -0.10546848 0.11973051 0.17325226
v -0.10546848 0.05539930 0.17325226
v -0.10546848 0.05539930 0.16829522
v -0.10546848 -0.09550979 -0.33334388
v -0.10546848 0.05481697 0.16536252
v -0.10546848 0.05315435 0.16287589
v -0.10546848 0.05066772 0.16121327
v -0.10546848 -0.03073575 0.16121327
v -0.10546848 -0.03322238 0.16287589
v -0.10546848 -0.03488338 0.16536252
v 0.10546848 0.05539930 0.15296506
v 0.10546848 0.04773503 0.16063095
v 0.10546848 -0.02780143 0.16063095
v 0.10546848 -0.03546733 0.15296506
v 0.10546848 -0.09550979 0.17325226
v 0.10546848 -0.03546733 0.16829522
v 0.10546848 -0.03546733 0.17325226
v 0.10546848 -0.04313322 0.16063095
v 0.10546848 -0.09550979 0.16063095
v 0.10546848 0.06306519 0.16063095
v 0.10546848 0.11973051 -0.33334388
v 0.10546848 0.11973051 0.16063095
v 0.10546848 0.05539930 0.17325226
v 0.10546848 0.11973051 0.17325226
v 0.10546848 0.05539930 0.16829522
v 0.10546848 -0.09550979 -0.33334388
v 0.10546848 0.05481697 0.16536252
v 0.10546848 0.05315435 0.16287589
v 0.10546848 0.05066772 0.16121327
v 0.10546848 -0.03073575 0.16121327
v 0.10546848 -0.03322238 0.16287589
v 0.10546848 -0.03488338 0.16536252
vn 0.00000000 -1.00000000 0.00000000
vn -0.09919679 -0.99506783 0.00000000
vn -0.09919679 -0.99506783 0.00000000
vn 0.00000000 -1.00000000 0.00000000
vn -0.14669725 -0.98918144 0.00000000
vn -0.19509682 -0.98078399 0.00000000
vn -0.19509682 -0.98078399 0.00000000
vn -0.14669725 -0.98918144 0.00000000
vn -0.24300620 -0.97002474 0.00000000
vn -0.29030991 -0.95693268 0.00000000
vn -0.29030991 -0.95693268 0.00000000
vn -0.24300620 -0.97002474 0.00000000
vn -0.38269034 -0.92387667 0.00000000
vn -0.38269034 -0.92387667 0.00000000
vn -0.47140812 -0.88191518 0.00000000
vn -0.47140812 -0.88191518 0.00000000
vn -0.55557677 -0.83146524 0.00000000
vn -0.55557677 -0.83146524 0.00000000
vn -0.63440242 -0.77300295 0.00000000
vn -0.63440242 -0.77300295 0.00000000
vn -0.70710678 -0.70710678 0.00000000
vn -0.70710678 -0.70710678 0.00000000
vn -0.70710678 -0.70710678 0.00000000
vn -0.77300295 -0.63440242 0.00000000
vn -0.77300295 -0.63440242 0.00000000
vn -0.70710678 -0.70710678 0.00000000
vn -0.83146524 -0.55557677 0.00000000
vn -0.83146524 -0.55557677 0.00000000
vn -0.88191518 -0.47140812 0.00000000
vn -0.88191518 -0.47140812 0.00000000
vn -0.92387667 -0.38269034 0.00000000
vn -0.92387667 -0.38269034 0.00000000
vn -0.95693268 -0.29030991 0.00000000
vn -0.95693268 -0.29030991 0.00000000
vn -0.98078399 -0.19509682 0.00000000
vn -0.98078399 -0.19509682 0.00000000
vn -0.99728791 -0.07359911 0.00000000
vn -0.99728791 -0.07359911 0.00000000
vn -0.99944867 0.03320162 0.00000000
vn -0.99944867 0.03320162 0.00000000
vn -0.09260031 0.99570336 0.00000000
vn -0.18360019 0.98300100 0.00000000
vn -0.18360019 0.98300100 0.00000000
vn -0.09260031 0.99570336 0.00000000
vn -0.35779941 0.93379847 0.00000000
vn -0.35779941 0.93379847 0.00000000
vn -0.51511328 0.85712211 0.00000000
vn -0.51511328 0.85712211 0.00000000
vn -0.65071725 0.75932013 0.00000000
vn -0.65071725 0.75932013 0.00000000
vn -0.65071725 0.75932013 0.00000000
vn -0.76281701 0.64661442 0.00000000
vn -0.76281701 0.64661442 0.00000000
vn -0.65071725 0.75932013 0.00000000
vn -0.85147973 0.52438752 0.00000000
vn -0.85147973 0.52438752 0.00000000
vn -0.91808138 0.39639196 0.00000000
vn -0.91808138 0.39639196 0.00000000
vn -0.96411009 0.26550278 0.00000000
vn -0.96411009 0.26550278 0.00000000
vn -0.99111575 0.13300211 0.00000000
vn -0.99111575 0.13300211 0.00000000
vn 0.00000000 0.00000000 1.00000000
vn 0.00000000 0.00000000 1.00000000
vn 0.00000000 0.00000000 1.00000000
vn 0.00000000 0.00000000 1.00000000
vn 0.00000000 0.00000000 1.00000000
vn 0.00000000 0.00000000 1.00000000
vn 0.00000000 0.00000000 1.00000000
vn 0.00000000 0.00000000 1.00000000
vn 0.00000000 0.00000000 1.00000000
vn 0.00000000 0.00000000 1.00000000
vn 0.00000000 0.00000000 1.00000000
vn 0.00000000 0.00000000 1.00000000
vn 0.00000000 0.00000000 1.00000000
vn 0.00000000 0.00000000 1.00000000
vn 0.00000000 0.00000000 1.00000000
vn 0.00000000 0.00000000 1.00000000
vn 0.00000000 0.00000000 1.00000000
vn 0.00000000 0.00000000 1.00000000
vn 0.00000000 0.00000000 1.00000000
vn 0.00000000 0.00000000 1.00000000
vn 0.00000000 0.00000000 1.00000000
vn 0.00000000 0.00000000 1.00000000
vn 0.00000000 0.00000000 1.00000000
vn 0.00000000 0.00000000 1.00000000
vn 0.00000000 0.00000000 1.00000000
vn 0.00000000 0.00000000 1.00000000
vn 0.00000000 0.00000000 1.00000000
vn 0.00000000 0.00000000 1.00000000
vn 0.00000000 0.00000000 1.00000000
vn 0.00000000 0.00000000 1.00000000
vn 0.00000000 0.00000000 1.00000000
vn 0.00000000 0.00000000 1.00000000
vn 0.00000000 0.00000000 1.00000000
vn 0.00000000 0.00000000 1.00000000
vn 0.00000000 0.00000000 1.00000000
vn 0.00000000 0.00000000 1.00000000
vn 0.00000000 0.00000000 1.00000000
vn 0.00000000 0.00000000 1.00000000
vn 0.00000000 0.00000000 1.00000000
vn 0.00000000 0.00000000 1.00000000
vn 0.00000000 0.00000000 1.00000000
vn 0.00000000 0.00000000 1.00000000
vn 0.00000000 0.00000000 1.00000000
vn 0.00000000 0.00000000 1.00000000
vn 0.00000000 0.00000000 1.00000000
vn 0.00000000 0.00000000 1.00000000
vn 0.00000000 0.00000000 1.00000000
vn 0.00000000 0.00000000 1.00000000
vn 0.00000000 0.00000000 1.00000000
vn 0.00000000 0.00000000 1.00000000
vn 0.00000000 0.00000000 1.00000000
vn 0.00000000 0.00000000 1.00000000
vn 0.00000000 0.00000000 1.00000000
vn 0.00000000 0.00000000 1.00000000
vn 0.00000000 0.00000000 1.00000000
vn 0.00000000 0.00000000 1.00000000
vn 0.00000000 0.00000000 1.00000000
vn 0.00000000 0.00000000 1.00000000
vn 0.00000000 0.00000000 1.00000000
vn 0.00000000 0.00000000 1.00000000
vn 0.00000000 0.00000000 1.00000000
vn 0.00000000 0.00000000 1.00000000
vn 0.00000000 0.00000000 1.00000000
vn 0.00000000 0.00000000 1.00000000
vn 0.00000000 0.00000000 1.00000000
vn 0.00000000 0.00000000 1.00000000
vn 0.00000000 0.00000000 1.00000000
vn 0.00000000 0.00000000 1.00000000
vn 0.00000000 0.00000000 1.00000000
vn 0.00000000 0.00000000 1.00000000
vn 0.00000000 0.00000000 1.00000000
vn 0.00000000 0.00000000 1.00000000
vn 0.00000000 0.00000000 1.00000000
vn 0.00000000 0.00000000 1.00000000
vn 0.00000000 0.00000000 1.00000000
vn 0.00000000 0.00000000 1.00000000
vn 0.00000000 0.00000000 1.00000000
vn 0.00000000 0.00000000 1.00000000
vn 0.00000000 0.00000000 1.00000000
vn 0.00000000 0.00000000 1.00000000
vn 0.00000000 0.00000000 1.00000000
vn 0.00000000 0.00000000 1.00000000
vn 0.00000000 0.00000000 1.00000000
vn 0.00000000 0.00000000 1.00000000
vn 0.00000000 0.00000000 1.00000000
vn 0.00000000 0.00000000 1.00000000
vn 0.00000000 0.00000000 1.00000000
vn 0.00000000 0.00000000 1.00000000
vn 0.00000000 0.00000000 1.00000000
vn 0.00000000 0.00000000 1.00000000
vn 0.00000000 0.00000000 1.00000000
vn 0.00000000 0.00000000 1.00000000
vn 0.00000000 0.00000000 1.00000000
vn 0.00000000 0.00000000 1.00000000
vn 0.00000000 0.00000000 1.00000000
vn 0.00000000 0.00000000 1.00000000
vn 0.00000000 0.00000000 1.00000000
vn 0.00000000 0.00000000 1.00000000
vn 0.00000000 0.00000000 1.00000000
vn 0.00000000 0.00000000 1.00000000
vn 0.00000000 0.00000000 1.00000000
vn 0.00000000 0.00000000 1.00000000
vn 0.00000000 0.00000000 1.00000000
vn 0.00000000 0.00000000 1.00000000
vn 0.00000000 0.00000000 1.00000000
vn 0.00000000 0.00000000 1.00000000
vn 0.00000000 0.00000000 1.00000000
vn 0.00000000 0.00000000 1.00000000
vn 0.00000000 0.00000000 1.00000000
vn 0.00000000 0.00000000 1.00000000
vn 0.00000000 0.00000000 1.00000000
vn 0.00000000 0.00000000 1.00000000
vn 0.00000000 0.00000000 1.00000000
vn 0.00000000 0.00000000 1.00000000
vn 0.00000000 0.00000000 1.00000000
vn 0.00000000 0.00000000 1.00000000
vn 0.00000000 0.00000000 1.00000000
vn 0.00000000 0.00000000 1.00000000
vn 0.00000000 0.00000000 1.00000000
vn 0.00000000 1.00000000 0.00000000
vn 0.00000000 1.00000000 0.00000000
vn 0.00000000 1.00000000 0.00000000
vn 0.00000000 1.00000000 0.00000000
vn 0.00000000 0.00000000 1.00000000
vn 0.09919679 -0.99506783 0.00000000
vn 0.09919679 -0.99506783 0.00000000
vn 0.14669725 -0.98918144 0.00000000
vn 0.14669725 -0.98918144 0.00000000
vn 0.19509682 -0.98078399 0.00000000
vn 0.19509682 -0.98078399 0.00000000
vn 0.24300620 -0.97002474 0.00000000
vn 0.24300620 -0.97002474 0.00000000
vn 0.29030991 -0.95693268 0.00000000
vn 0.29030991 -0.95693268 0.00000000
vn 0.38269034 -0.92387667 0.00000000
vn 0.38269034 -0.92387667 0.00000000
vn 0.47140812 -0.88191518 0.00000000
vn 0.47140812 -0.88191518 0.00000000
vn 0.55557677 -0.83146524 0.00000000
vn 0.55557677 -0.83146524 0.00000000
vn 0.63440242 -0.77300295 0.00000000
vn 0.63440242 -0.77300295 0.00000000
vn 0.70710678 -0.70710678 0.00000000
vn 0.70710678 -0.70710678 0.00000000
vn 0.70710678 -0.70710678 0.00000000
vn 0.70710678 -0.70710678 0.00000000
vn 0.77300295 -0.63440242 0.00000000
vn 0.77300295 -0.63440242 0.00000000
vn 0.83146524 -0.55557677 0.00000000
vn 0.83146524 -0.55557677 0.00000000
vn 0.88191518 -0.47140812 0.00000000
vn 0.88191518 -0.47140812 0.00000000
vn 0.92387667 -0.38269034 0.00000000
vn 0.92387667 -0.38269034 0.00000000
vn 0.95693268 -0.29030991 0.00000000
vn 0.95693268 -0.29030991 0.00000000
vn 0.98078399 -0.19509682 0.00000000
vn 0.98078399 -0.19509682 0.00000000
vn 0.99728791 -0.07359911 0.00000000
vn 0.99728791 -0.07359911 0.00000000
vn 0.99944867 0.03320162 0.00000000
vn 0.99944867 0.03320162 0.00000000
vn 0.09260031 0.99570336 0.00000000
vn 0.09260031 0.99570336 0.00000000
vn 0.18360019 0.98300100 0.00000000
vn 0.18360019 0.98300100 0.00000000
vn 0.35779941 0.93379847 0.00000000
vn 0.35779941 0.93379847 0.00000000
vn 0.51511328 0.85712211 0.00000000
vn 0.51511328 0.85712211 0.00000000
vn 0.65071725 0.75932013 0.00000000
vn 0.65071725 0.75932013 0.00000000
vn 0.76281701 0.64661442 0.00000000
vn 0.76281701 0.64661442 0.00000000
vn 0.76281701 0.64661442 0.00000000
vn 0.76281701 0.64661442 0.00000000
vn 0.85147973 0.52438752 0.00000000
vn 0.85147973 0.52438752 0.00000000
vn 0.91808138 0.39639196 0.00000000
vn 0.91808138 0.39639196 0.00000000
vn 0.96411009 0.26550278 0.00000000
vn 0.96411009 0.26550278 0.00000000
vn 0.99111575 0.13300211 0.00000000
vn 0.99111575 0.13300211 0.00000000
vn 0.00000000 0.00000000 1.00000000
vn 0.00000000 0.00000000 1.00000000
vn 0.00000000 0.00000000 1.00000000
vn 0.00000000 0.00000000 1.00000000
vn 0.00000000 0.00000000 1.00000000
vn 0.00000000 0.00000000 1.00000000
vn 0.00000000 0.00000000 1.00000000
vn 0.00000000 0.00000000 1.00000000
vn 0.00000000 0.00000000 1.00000000
vn 0.00000000 0.00000000 1.00000000
vn 0.00000000 0.00000000 1.00000000
vn 0.00000000 0.00000000 1.00000000
vn 0.00000000 0.00000000 1.00000000
vn 0.00000000 0.00000000 1.00000000
vn 0.00000000 0.00000000 1.00000000
vn 0.00000000 0.00000000 1.00000000
vn 0.00000000 0.00000000 1.00000000
vn 0.00000000 0.00000000 1.00000000
vn 0.00000000 0.00000000 1.00000000
vn 0.00000000 0.00000000 1.00000000
vn 0.00000000 0.00000000 1.00000000
vn 0.00000000 0.00000000 1.00000000
vn 0.00000000 0.00000000 1.00000000
vn 0.00000000 0.00000000 1.00000000
vn 0.00000000 0.00000000 1.00000000
vn 0.00000000 0.00000000 1.00000000
vn 0.00000000 0.00000000 1.00000000
vn 0.00000000 0.00000000 1.00000000
vn 0.00000000 0.00000000 1.00000000
vn 0.00000000 0.00000000 1.00000000
vn 0.00000000 0.00000000 1.00000000
vn 0.00000000 0.00000000 1.00000000
vn 0.00000000 0.00000000 1.00000000
vn 0.00000000 0.00000000 1.00000000
vn 0.00000000 0.00000000 1.00000000
vn 0.00000000 0.00000000 1.00000000
vn 0.00000000 0.00000000 1.00000000
vn 0.00000000 0.00000000 1.00000000
vn 0.00000000 0.00000000 1.00000000
vn 0.00000000 0.00000000 1.00000000
vn 0.00000000 0.00000000 1.00000000
vn 0.00000000 0.00000000 1.00000000
vn 0.00000000 0.00000000 1.00000000
vn 0.00000000 0.00000000 1.00000000
vn 0.00000000 0.00000000 1.00000000
vn 0.00000000 0.00000000 1.00000000
vn 0.00000000 0.00000000 1.00000000
vn 0.00000000 0.00000000 1.00000000
vn 0.00000000 0.00000000 1.00000000
vn 0.00000000 0.00000000 1.00000000
vn 0.00000000 0.00000000 1.00000000
vn 0.00000000 0.00000000 1.00000000
vn 0.00000000 0.00000000 1.00000000
vn 0.00000000 0.00000000 1.00000000
vn 0.00000000 0.00000000 1.00000000
vn 0.00000000 0.00000000 1.00000000
vn 0.00000000 0.00000000 1.00000000
vn 0.00000000 0.00000000 1.00000000
vn 0.00000000 0.00000000 1.00000000
vn 0.00000000 0.00000000 1.00000000
vn 0.00000000 0.00000000 1.00000000
vn 0.00000000 0.00000000 1.00000000
vn 0.00000000 0.00000000 1.00000000
vn 0.00000000 0.00000000 1.00000000
vn 0.00000000 0.00000000 1.00000000
vn 0.00000000 0.00000000 1.00000000
vn 0.00000000 0.00000000 1.00000000
vn 0.00000000 0.00000000 1.00000000
vn 0.00000000 0.00000000 1.00000000
vn 0.00000000 0.00000000 1.00000000
vn 0.00000000 0.00000000 1.00000000
vn 0.00000000 0.00000000 1.00000000
vn 0.00000000 0.00000000 1.00000000
vn 0.00000000 0.00000000 1.00000000
vn 0.00000000 0.00000000 1.00000000
vn 0.00000000 0.00000000 1.00000000
vn 0.00000000 0.00000000 1.00000000
vn 0.00000000 0.00000000 1.00000000
vn 0.00000000 0.00000000 1.00000000
vn 0.00000000 0.00000000 1.00000000
vn 0.00000000 0.00000000 1.00000000
vn 0.00000000 0.00000000 1.00000000
vn 0.00000000 0.00000000 1.00000000
vn 0.00000000 0.00000000 1.00000000
vn 0.00000000 0.00000000 1.00000000
vn 0.00000000 0.00000000 1.00000000
vn 0.00000000 0.00000000 1.00000000
vn 0.00000000 0.00000000 1.00000000
vn 0.00000000 0.00000000 1.00000000
vn 0.00000000 0.00000000 1.00000000
vn 0.00000000 0.00000000 1.00000000
vn 0.00000000 0.00000000 1.00000000
vn 0.00000000 0.00000000 1.00000000
vn 0.00000000 0.00000000 1.00000000
vn 0.00000000 0.00000000 1.00000000
vn 0.00000000 0.00000000 1.00000000
vn 0.00000000 0.00000000 1.00000000
vn 0.00000000 0.00000000 1.00000000
vn 0.00000000 0.00000000 1.00000000
vn 0.00000000 0.00000000 1.00000000
vn 0.00000000 1.00000000 0.00000000
vn 0.00000000 1.00000000 0.00000000
vn 1.00000000 0.00000000 0.00000000
vn 1.00000000 0.00000000 0.00000000
vn 1.00000000 0.00000000 0.00000000
vn 1.00000000 0.00000000 0.00000000
vn 0.00000000 -1.00000000 0.00000000
vn 0.00000000 -1.00000000 0.00000000
vn 0.00000000 -1.00000000 0.00000000
vn 0.00000000 -1.00000000 0.00000000
vn -1.00000000 0.00000000 0.00000000
vn -1.00000000 0.00000000 0.00000000
vn -1.00000000 0.00000000 0.00000000
vn -1.00000000 0.00000000 0.00000000
vn 0.00000000 1.00000000 0.00000000
vn 0.00000000 1.00000000 0.00000000
vn 0.00000000 1.00000000 0.00000000
vn 0.00000000 1.00000000 0.00000000
vn 0.00000000 0.00000000 -1.00000000
vn 0.00000000 0.00000000 -1.00000000
vn 0.00000000 0.00000000 -1.00000000
vn 0.00000000 0.00000000 -1.00000000
vn 0.00000000 0.00000000 1.00000000
vn 0.00000000 0.00000000 1.00000000
vn 0.00000000 0.00000000 1.00000000
vn 0.00000000 0.00000000 1.00000000
vn 0.00000000 0.00000000 1.00000000
vn 0.00000000 0.00000000 1.00000000
vn 0.00000000 0.00000000 1.00000000
vn 0.00000000 0.00000000 1.00000000
vn -0.04289856 -0.43528542 -0.89926988
vn -0.03440053 -0.34920542 -0.93641453
vn 0.00000000 -0.35090425 -0.93641134
vn 0.00000000 -0.43738704 -0.89927336
vn 0.09790346 -0.99373512 -0.05390191
vn 0.19479254 -0.97936249 -0.05389794
vn 0.19479254 -0.97936249 -0.05389794
vn 0.09790346 -0.99373512 -0.05390191
vn -0.88191518 -0.47140812 0.00000000
vn -0.83146524 -0.55557677 0.00000000
vn -0.83146524 -0.55557677 0.00000000
vn -0.88191518 -0.47140812 0.00000000
vn 0.00000000 0.00000000 1.00000000
vn 0.00000000 0.00000000 1.00000000
vn 0.00000000 0.00000000 1.00000000
vn 0.00000000 0.00000000 1.00000000
vn 0.00000000 0.00000000 1.00000000
vn 0.00000000 0.00000000 1.00000000
vn 0.00000000 0.00000000 1.00000000
vn 0.00000000 0.00000000 1.00000000
vn 0.00000000 0.00000000 1.00000000
vn 0.00000000 0.00000000 1.00000000
vn 0.00000000 0.00000000 1.00000000
vn 0.00000000 0.00000000 1.00000000
vn 0.00000000 0.00000000 1.00000000
vn 0.00000000 0.00000000 1.00000000
vn 0.00000000 0.00000000 1.00000000
vn 0.00000000 0.00000000 1.00000000
vn 0.00000000 0.00000000 1.00000000
vn 0.00000000 0.00000000 1.00000000
vn 0.00000000 0.00000000 1.00000000
vn 0.00000000 0.00000000 1.00000000
vn 0.00000000 0.00000000 1.00000000
vn 0.00000000 0.00000000 1.00000000
vn 0.00000000 0.00000000 1.00000000
vn 0.00000000 0.00000000 1.00000000
vn 0.00000000 0.00000000 1.00000000
vn 0.00000000 0.00000000 1.00000000
vn 0.00000000 0.00000000 1.00000000
vn 0.00000000 0.00000000 1.00000000
vn 0.00000000 0.00000000 1.00000000
vn 0.00000000 0.00000000 1.00000000
vn 0.00000000 0.00000000 1.00000000
vn 0.00000000 0.00000000 1.00000000
vn 0.00000000 0.00000000 1.00000000
vn 0.00000000 0.00000000 1.00000000
vn 0.00000000 0.00000000 1.00000000
vn 0.00000000 0.00000000 1.00000000
vn 0.00000000 0.00000000 1.00000000
vn 0.00000000 0.00000000 1.00000000
vn 0.00000000 0.00000000 1.00000000
vn 0.00000000 0.00000000 1.00000000
vn 0.00000000 0.00000000 1.00000000
vn 0.00000000 0.00000000 1.00000000
vn 0.00000000 0.00000000 1.00000000
vn 0.00000000 0.00000000 1.00000000
vn 0.00000000 0.00000000 1.00000000
vn 0.00000000 0.00000000 1.00000000
vn 0.00000000 0.00000000 1.00000000
vn 0.00000000 0.00000000 1.00000000
vn 0.00000000 0.00000000 1.00000000
vn 0.00000000 0.00000000 1.00000000
vn 0.00000000 0.00000000 1.00000000
vn 0.00000000 0.00000000 1.00000000
vn 0.00000000 0.00000000 1.00000000
vn 0.00000000 0.00000000 1.00000000
vn 0.00000000 0.00000000 1.00000000
vn 0.00000000 0.00000000 1.00000000
vn 0.00000000 0.00000000 1.00000000
vn 0.00000000 0.00000000 1.00000000
vn 0.00000000 0.00000000 1.00000000
vn 0.00000000 0.00000000 1.00000000
vn 0.00000000 0.00000000 1.00000000
vn 0.00000000 0.00000000 1.00000000
vn 0.00000000 0.00000000 1.00000000
vn 0.00000000 0.00000000 1.00000000
vn 0.00000000 0.00000000 1.00000000
vn 0.00000000 0.00000000 1.00000000
vn 0.00000000 0.00000000 1.00000000
vn 0.00000000 0.00000000 1.00000000
vn 0.00000000 0.00000000 1.00000000
vn 0.00000000 0.00000000 1.00000000
vn 0.00000000 0.00000000 1.00000000
vn 0.00000000 0.00000000 1.00000000
vn 0.00000000 0.00000000 1.00000000
vn 0.00000000 0.00000000 1.00000000
vn 0.00000000 0.00000000 1.00000000
vn 0.00000000 0.00000000 1.00000000
vn 0.00000000 0.00000000 1.00000000
vn 0.00000000 0.00000000 1.00000000
vn 0.00000000 0.00000000 1.00000000
vn 0.00000000 0.00000000 1.00000000
vn 0.00000000 0.00000000 1.00000000
vn 0.00000000 0.00000000 1.00000000
vn 0.00000000 0.00000000 1.00000000
vn 0.00000000 0.00000000 1.00000000
vn 0.00000000 0.00000000 1.00000000
vn 0.00000000 0.00000000 1.00000000
vn 0.00000000 0.00000000 1.00000000
vn 0.00000000 0.00000000 1.00000000
vn 0.00000000 0.00000000 1.00000000
vn 0.00000000 0.00000000 1.00000000
vn 0.00000000 0.00000000 1.00000000
vn 0.00000000 0.00000000 1.00000000
vn 0.00000000 0.00000000 1.00000000
vn 0.00000000 0.00000000 1.00000000
vn 0.00000000 0.00000000 1.00000000
vn 0.00000000 0.00000000 1.00000000
vn 0.00000000 0.00000000 1.00000000
vn 0.00000000 0.00000000 1.00000000
vn 0.00000000 0.00000000 1.00000000
vn 0.00000000 0.00000000 1.00000000
vn 0.00000000 0.00000000 1.00000000
vn 0.00000000 0.00000000 1.00000000
vn 0.00000000 0.00000000 1.00000000
vn 0.00000000 0.00000000 1.00000000
vn 0.00000000 0.00000000 1.00000000
vn 0.00000000 0.00000000 1.00000000
vn 0.00000000 0.00000000 1.00000000
vn 0.00000000 0.00000000 1.00000000
vn 0.00000000 0.00000000 1.00000000
vn 0.00000000 0.00000000 1.00000000
vn 0.00000000 0.00000000 1.00000000
vn 0.00000000 0.00000000 1.00000000
vn 0.00000000 0.00000000 1.00000000
vn 0.00000000 0.00000000 1.00000000
vn 0.00000000 0.00000000 1.00000000
vn 0.00000000 0.00000000 1.00000000
vn 0.00000000 0.00000000 1.00000000
vn 0.00000000 0.00000000 1.00000000
vn 0.00000000 0.00000000 1.00000000
vn 0.00000000 0.00000000 1.00000000
vn 0.00000000 0.00000000 1.00000000
vn 0.00000000 0.00000000 1.00000000
vn 0.00000000 0.00000000 1.00000000
vn 0.00000000 0.00000000 1.00000000
vn 0.99518655 -0.09799868 0.00000000
vn 1.00000000 0.00000000 0.00000000
vn 1.00000000 0.00000000 0.00000000
vn 0.99518655 -0.09799868 0.00000000
vn -0.92387667 -0.38269034 0.00000000
vn -0.92387667 -0.38269034 0.00000000
vn 0.98078399 -0.19509682 0.00000000
vn 0.98078399 -0.19509682 0.00000000
vn -0.95693268 -0.29030991 0.00000000
vn -0.95693268 -0.29030991 0.00000000
vn 0.95693268 -0.29030991 0.00000000
vn 0.95693268 -0.29030991 0.00000000
vn -0.98078399 -0.19509682 0.00000000
vn -0.98078399 -0.19509682 0.00000000
vn 0.92387667 -0.38269034 0.00000000
vn 0.92387667 -0.38269034 0.00000000
vn -0.99518655 -0.09799868 0.00000000
vn -0.99518655 -0.09799868 0.00000000
vn 0.88191518 -0.47140812 0.00000000
vn 0.88191518 -0.47140812 0.00000000
vn -1.00000000 0.00000000 0.00000000
vn -1.00000000 0.00000000 0.00000000
vn 0.83146524 -0.55557677 0.00000000
vn 0.83146524 -0.55557677 0.00000000
vn -0.99518655 0.09799868 0.00000000
vn -0.99518655 0.09799868 0.00000000
vn 0.77300295 -0.63440242 0.00000000
vn 0.77300295 -0.63440242 0.00000000
vn -0.98078399 0.19509682 0.00000000
vn -0.98078399 0.19509682 0.00000000
vn 0.70710678 -0.70710678 0.00000000
vn 0.70710678 -0.70710678 0.00000000
vn -0.95693268 0.29030991 0.00000000
vn -0.95693268 0.29030991 0.00000000
vn 0.63440242 -0.77300295 0.00000000
vn 0.70710678 -0.70710678 0.00000000
vn 0.70710678 -0.70710678 0.00000000
vn 0.63440242 -0.77300295 0.00000000
vn -0.92387667 0.38269034 0.00000000
vn -0.92387667 0.38269034 0.00000000
vn 0.55557677 -0.83146524 0.00000000
vn 0.55557677 -0.83146524 0.00000000
vn -0.88191518 0.47140812 0.00000000
vn -0.88191518 0.47140812 0.00000000
vn 0.47140812 -0.88191518 0.00000000
vn 0.47140812 -0.88191518 0.00000000
vn 0.09799868 0.99518655 0.00000000
vn 0.00000000 1.00000000 0.00000000
vn 0.00000000 1.00000000 0.00000000
vn 0.09799868 0.99518655 0.00000000
vn -0.83146524 0.55557677 0.00000000
vn -0.83146524 0.55557677 0.00000000
vn 0.38269034 -0.92387667 0.00000000
vn 0.38269034 -0.92387667 0.00000000
vn 0.19509682 0.98078399 0.00000000
vn 0.19509682 0.98078399 0.00000000
vn -0.77300295 0.63440242 0.00000000
vn -0.77300295 0.63440242 0.00000000
vn 0.29030991 -0.95693268 0.00000000
vn 0.29030991 -0.95693268 0.00000000
vn 0.29030991 0.95693268 0.00000000
vn 0.29030991 0.95693268 0.00000000
vn -0.70710678 0.70710678 0.00000000
vn -0.70710678 0.70710678 0.00000000
vn 0.19509682 -0.98078399 0.00000000
vn 0.19509682 -0.98078399 0.00000000
vn 0.38269034 0.92387667 0.00000000
vn 0.38269034 0.92387667 0.00000000
vn -0.63440242 0.77300295 0.00000000
vn -0.70710678 0.70710678 0.00000000
vn -0.70710678 0.70710678 0.00000000
vn -0.63440242 0.77300295 0.00000000
vn 0.09799868 -0.99518655 0.00000000
vn 0.09799868 -0.99518655 0.00000000
vn 0.47140812 0.88191518 0.00000000
vn 0.47140812 0.88191518 0.00000000
vn -0.55557677 0.83146524 0.00000000
vn -0.55557677 0.83146524 0.00000000
vn 0.00000000 -1.00000000 0.00000000
vn 0.00000000 -1.00000000 0.00000000
vn 0.55557677 0.83146524 0.00000000
vn 0.55557677 0.83146524 0.00000000
vn -0.47140812 0.88191518 0.00000000
vn -0.47140812 0.88191518 0.00000000
vn -0.09799868 -0.99518655 0.00000000
vn -0.09799868 -0.99518655 0.00000000
vn 0.63440242 0.77300295 0.00000000
vn 0.63440242 0.77300295 0.00000000
vn -0.38269034 0.92387667 0.00000000
vn -0.38269034 0.92387667 0.00000000
vn -0.19509682 -0.98078399 0.00000000
vn -0.19509682 -0.98078399 0.00000000
vn 0.70710678 0.70710678 0.00000000
vn 0.70710678 0.70710678 0.00000000
vn -0.29030991 0.95693268 0.00000000
vn -0.29030991 0.95693268 0.00000000
vn -0.29030991 -0.95693268 0.00000000
vn -0.29030991 -0.95693268 0.00000000
vn 0.77300295 0.63440242 0.00000000
vn 0.70710678 0.70710678 0.00000000
vn 0.70710678 0.70710678 0.00000000
vn 0.77300295 0.63440242 0.00000000
vn -0.19509682 0.98078399 0.00000000
vn -0.19509682 0.98078399 0.00000000
vn -0.38269034 -0.92387667 0.00000000
vn -0.38269034 -0.92387667 0.00000000
vn 0.83146524 0.55557677 0.00000000
vn 0.83146524 0.55557677 0.00000000
vn -0.09799868 0.99518655 0.00000000
vn -0.09799868 0.99518655 0.00000000
vn -0.47140812 -0.88191518 0.00000000
vn -0.47140812 -0.88191518 0.00000000
vn 0.88191518 0.47140812 0.00000000
vn 0.88191518 0.47140812 0.00000000
vn -0.55557677 -0.83146524 0.00000000
vn -0.55557677 -0.83146524 0.00000000
vn 0.92387667 0.38269034 0.00000000
vn 0.92387667 0.38269034 0.00000000
vn -0.63440242 -0.77300295 0.00000000
vn -0.63440242 -0.77300295 0.00000000
vn 0.95693268 0.29030991 0.00000000
vn 0.95693268 0.29030991 0.00000000
vn -0.70710678 -0.70710678 0.00000000
vn -0.70710678 -0.70710678 0.00000000
vn 0.98078399 0.19509682 0.00000000
vn 0.98078399 0.19509682 0.00000000
vn -0.77300295 -0.63440242 0.00000000
vn -0.70710678 -0.70710678 0.00000000
vn -0.70710678 -0.70710678 0.00000000
vn -0.77300295 -0.63440242 0.00000000
vn 0.99518655 0.09799868 0.00000000
vn 0.99518655 0.09799868 0.00000000
vn 0.47071882 0.88063520 -0.05390215
vn 0.38211684 0.92254065 -0.05390238
vn 0.38211684 0.92254065 -0.05390238
vn 0.47071882 0.88063520 -0.05390215
vn -0.88063520 -0.47071882 -0.05390215
vn -0.83025586 -0.55477050 -0.05389713
vn -0.83025586 -0.55477050 -0.05389713
vn -0.88063520 -0.47071882 -0.05390215
vn 0.97936249 0.19479254 -0.05389794
vn 0.95554335 0.28988281 -0.05389680
vn 0.95554335 0.28988281 -0.05389680
vn 0.97936249 0.19479254 -0.05389794
vn -0.92254065 0.38211684 -0.05390238
vn -0.95554335 0.28988281 -0.05389680
vn -0.95554335 0.28988281 -0.05389680
vn -0.92254065 0.38211684 -0.05390238
vn 0.77187797 -0.63348192 -0.05389846
vn 0.83025586 -0.55477050 -0.05389713
vn 0.83025586 -0.55477050 -0.05389713
vn 0.77187797 -0.63348192 -0.05389846
vn -0.19479254 -0.97936249 -0.05389794
vn -0.09790346 -0.99373512 -0.05390191
vn -0.09790346 -0.99373512 -0.05390191
vn -0.19479254 -0.97936249 -0.05389794
vn -0.28988281 0.95554335 -0.05389680
vn -0.38211684 0.92254065 -0.05390238
vn -0.38211684 0.92254065 -0.05390238
vn -0.28988281 0.95554335 -0.05389680
vn 0.00000000 -0.99854620 -0.05390249
vn 0.00000000 -0.99854620 -0.05390249
vn 0.55477050 0.83025586 -0.05389713
vn 0.55477050 0.83025586 -0.05389713
vn -0.92254065 -0.38211684 -0.05390238
vn -0.92254065 -0.38211684 -0.05390238
vn 0.99373512 0.09790346 -0.05390191
vn 0.99373512 0.09790346 -0.05390191
vn -0.88063520 0.47071882 -0.05390215
vn -0.88063520 0.47071882 -0.05390215
vn 0.70607895 -0.70607895 -0.05389839
vn 0.70607895 -0.70607895 -0.05389839
vn -0.19479254 0.97936249 -0.05389794
vn -0.19479254 0.97936249 -0.05389794
vn -0.38211684 -0.92254065 -0.05390238
vn -0.28988281 -0.95554335 -0.05389680
vn -0.28988281 -0.95554335 -0.05389680
vn -0.38211684 -0.92254065 -0.05390238
vn 0.63348192 0.77187797 -0.05389846
vn 0.63348192 0.77187797 -0.05389846
vn -0.95554335 -0.28988281 -0.05389680
vn -0.95554335 -0.28988281 -0.05389680
vn 0.99854620 0.00000000 -0.05390249
vn 0.99854620 0.00000000 -0.05390249
vn -0.83025586 0.55477050 -0.05389713
vn -0.83025586 0.55477050 -0.05389713
vn 0.63348192 -0.77187797 -0.05389846
vn 0.70607895 -0.70607895 -0.05389839
vn 0.70607895 -0.70607895 -0.05389839
vn 0.63348192 -0.77187797 -0.05389846
vn -0.09790346 0.99373512 -0.05390191
vn -0.09790346 0.99373512 -0.05390191
vn -0.47071882 -0.88063520 -0.05390215
vn -0.47071882 -0.88063520 -0.05390215
vn 0.70607895 0.70607895 -0.05389839
vn 0.70607895 0.70607895 -0.05389839
vn -0.97936249 -0.19479254 -0.05389794
vn -0.97936249 -0.19479254 -0.05389794
vn 0.99373512 -0.09790346 -0.05390191
vn 0.99373512 -0.09790346 -0.05390191
vn -0.77187797 0.63348192 -0.05389846
vn -0.77187797 0.63348192 -0.05389846
vn 0.55477050 -0.83025586 -0.05389713
vn 0.55477050 -0.83025586 -0.05389713
vn 0.00000000 0.99854620 -0.05390249
vn 0.00000000 0.99854620 -0.05390249
vn -0.55477050 -0.83025586 -0.05389713
vn -0.55477050 -0.83025586 -0.05389713
vn 0.77187797 0.63348192 -0.05389846
vn 0.70607895 0.70607895 -0.05389839
vn 0.70607895 0.70607895 -0.05389839
vn 0.77187797 0.63348192 -0.05389846
vn -0.99373512 -0.09790346 -0.05390191
vn -0.99373512 -0.09790346 -0.05390191
vn 0.97936249 -0.19479254 -0.05389794
vn 0.97936249 -0.19479254 -0.05389794
vn -0.70607895 0.70607895 -0.05389839
vn -0.70607895 0.70607895 -0.05389839
vn 0.47071882 -0.88063520 -0.05390215
vn 0.47071882 -0.88063520 -0.05390215
vn 0.09790346 0.99373512 -0.05390191
vn 0.09790346 0.99373512 -0.05390191
vn -0.63348192 -0.77187797 -0.05389846
vn -0.63348192 -0.77187797 -0.05389846
vn 0.83025586 0.55477050 -0.05389713
vn 0.83025586 0.55477050 -0.05389713
vn -0.99854620 0.00000000 -0.05390249
vn -0.99854620 0.00000000 -0.05390249
vn 0.95554335 -0.28988281 -0.05389680
vn 0.95554335 -0.28988281 -0.05389680
vn -0.63348192 0.77187797 -0.05389846
vn -0.70607895 0.70607895 -0.05389839
vn -0.70607895 0.70607895 -0.05389839
vn -0.63348192 0.77187797 -0.05389846
vn 0.38211684 -0.92254065 -0.05390238
vn 0.38211684 -0.92254065 -0.05390238
vn 0.19479254 0.97936249 -0.05389794
vn 0.19479254 0.97936249 -0.05389794
vn -0.70607895 -0.70607895 -0.05389839
vn -0.70607895 -0.70607895 -0.05389839
vn 0.88063520 0.47071882 -0.05390215
vn 0.88063520 0.47071882 -0.05390215
vn -0.99373512 0.09790346 -0.05390191
vn -0.99373512 0.09790346 -0.05390191
vn 0.92254065 -0.38211684 -0.05390238
vn 0.92254065 -0.38211684 -0.05390238
vn -0.55477050 0.83025586 -0.05389713
vn -0.55477050 0.83025586 -0.05389713
vn 0.28991051 -0.95553465 -0.05390195
vn 0.28988281 -0.95554335 -0.05389680
vn 0.28988281 0.95554335 -0.05389680
vn 0.28988281 0.95554335 -0.05389680
vn -0.77187797 -0.63348192 -0.05389846
vn -0.70607895 -0.70607895 -0.05389839
vn -0.70607895 -0.70607895 -0.05389839
vn -0.77187797 -0.63348192 -0.05389846
vn 0.92254065 0.38211684 -0.05390238
vn 0.92254065 0.38211684 -0.05390238
vn -0.97936249 0.19479254 -0.05389794
vn -0.97936249 0.19479254 -0.05389794
vn 0.88063520 -0.47071882 -0.05390215
vn 0.88063520 -0.47071882 -0.05390215
vn -0.47071882 0.88063520 -0.05390215
vn -0.47071882 0.88063520 -0.05390215
vn -0.08529754 -0.42898765 -0.89927411
vn -0.06849963 -0.34419813 -0.93639492
vn -0.12699925 -0.41849754 -0.89929472
vn -0.10190050 -0.33580164 -0.93640458
vn -0.16739497 -0.40408787 -0.89927300
vn -0.13430087 -0.32420209 -0.93640604
vn -0.20619759 -0.38569548 -0.89928947
vn -0.16540063 -0.30950118 -0.93640357
vn -0.24299184 -0.36368778 -0.89926979
vn -0.19499832 -0.29179749 -0.93639195
vn -0.27749190 -0.33809014 -0.89927376
vn -0.22260007 -0.27130008 -0.93640028
vn -0.30928864 -0.30928864 -0.89926697
vn -0.24810593 -0.24810593 -0.93642239
vn -0.33809014 -0.27749190 -0.89927376
vn -0.27130008 -0.22260007 -0.93640028
vn -0.36368778 -0.24299184 -0.89926979
vn -0.29179749 -0.19499832 -0.93639195
vn -0.38569548 -0.20619759 -0.89928947
vn -0.30950118 -0.16540063 -0.93640357
vn -0.40408787 -0.16739497 -0.89927300
vn -0.32420209 -0.13430087 -0.93640604
vn -0.41849754 -0.12699925 -0.89929472
vn -0.33580164 -0.10190050 -0.93640458
vn -0.42898765 -0.08529754 -0.89927411
vn -0.34419813 -0.06849963 -0.93639492
vn -0.43528542 -0.04289856 -0.89926988
vn -0.34920542 -0.03440053 -0.93641453
vn -0.43738704 0.00000000 -0.89927336
vn -0.35090425 0.00000000 -0.93641134
vn -0.43528542 0.04289856 -0.89926988
vn -0.34920542 0.03440053 -0.93641453
vn -0.42898765 0.08529754 -0.89927411
vn -0.34419813 0.06849963 -0.93639492
vn -0.41849754 0.12699925 -0.89929472
vn -0.33580164 0.10190050 -0.93640458
vn -0.40408787 0.16739497 -0.89927300
vn -0.32420209 0.13430087 -0.93640604
vn -0.38569548 0.20619759 -0.89928947
vn -0.30950118 0.16540063 -0.93640357
vn -0.36368778 0.24299184 -0.89926979
vn -0.29179749 0.19499832 -0.93639195
vn -0.33809014 0.27749190 -0.89927376
vn -0.27130008 0.22260007 -0.93640028
vn -0.30928864 0.30928864 -0.89926697
vn -0.24810593 0.24810593 -0.93642239
vn -0.27749190 0.33809014 -0.89927376
vn -0.22260007 0.27130008 -0.93640028
vn -0.24299184 0.36368778 -0.89926979
vn -0.19499832 0.29179749 -0.93639195
vn -0.20619759 0.38569548 -0.89928947
vn -0.16540063 0.30950118 -0.93640357
vn -0.16739497 0.40408787 -0.89927300
vn -0.13430087 0.32420209 -0.93640604
vn -0.12699925 0.41849754 -0.89929472
vn -0.10190050 0.33580164 -0.93640458
vn -0.08529754 0.42898765 -0.89927411
vn -0.06849963 0.34419813 -0.93639492
vn -0.04289856 0.43528542 -0.89926988
vn -0.03440053 0.34920542 -0.93641453
vn 0.00000000 0.43738704 -0.89927336
vn 0.00000000 0.35090425 -0.93641134
vn 0.04289856 0.43528542 -0.89926988
vn 0.03440053 0.34920542 -0.93641453
vn 0.08529754 0.42898765 -0.89927411
vn 0.06849963 0.34419813 -0.93639492
vn 0.12699925 0.41849754 -0.89929472
vn 0.10190050 0.33580164 -0.93640458
vn 0.16739497 0.40408787 -0.89927300
vn 0.13430087 0.32420209 -0.93640604
vn 0.20619759 0.38569548 -0.89928947
vn 0.16540063 0.30950118 -0.93640357
vn 0.24299184 0.36368778 -0.89926979
vn 0.19499832 0.29179749 -0.93639195
vn 0.27749190 0.33809014 -0.89927376
vn 0.22260007 0.27130008 -0.93640028
vn 0.30928864 0.30928864 -0.89926697
vn 0.24810593 0.24810593 -0.93642239
vn 0.33809014 0.27749190 -0.89927376
vn 0.27130008 0.22260007 -0.93640028
vn 0.36368778 0.24299184 -0.89926979
vn 0.29179749 0.19499832 -0.93639195
vn 0.38569548 0.20619759 -0.89928947
vn 0.30950118 0.16540063 -0.93640357
vn 0.40408787 0.16739497 -0.89927300
vn 0.32420209 0.13430087 -0.93640604
vn 0.41849754 0.12699925 -0.89929472
vn 0.33580164 0.10190050 -0.93640458
vn 0.42898765 0.08529754 -0.89927411
vn 0.34419813 0.06849963 -0.93639492
vn 0.43528542 0.04289856 -0.89926988
vn 0.34920542 0.03440053 -0.93641453
vn 0.43738704 0.00000000 -0.89927336
vn 0.35090425 0.00000000 -0.93641134
vn 0.43528542 -0.04289856 -0.89926988
vn 0.34920542 -0.03440053 -0.93641453
vn 0.42898765 -0.08529754 -0.89927411
vn 0.34419813 -0.06849963 -0.93639492
vn 0.41849754 -0.12699925 -0.89929472
vn 0.33580164 -0.10190050 -0.93640458
vn 0.40408787 -0.16739497 -0.89927300
vn 0.32420209 -0.13430087 -0.93640604
vn 0.38569548 -0.20619759 -0.89928947
vn 0.30950118 -0.16540063 -0.93640357
vn 0.36368778 -0.24299184 -0.89926979
vn 0.29179749 -0.19499832 -0.93639195
vn 0.33809014 -0.27749190 -0.89927376
vn 0.27130008 -0.22260007 -0.93640028
vn 0.30928864 -0.30928864 -0.89926697
vn 0.24810593 -0.24810593 -0.93642239
vn 0.27749190 -0.33809014 -0.89927376
vn 0.22260007 -0.27130008 -0.93640028
vn 0.24299184 -0.36368778 -0.89926979
vn 0.19499832 -0.29179749 -0.93639195
vn 0.20619759 -0.38569548 -0.89928947
vn 0.16540063 -0.30950118 -0.93640357
vn 0.16739497 -0.40408787 -0.89927300
vn 0.13430087 -0.32420209 -0.93640604
vn 0.12699925 -0.41849754 -0.89929472
vn 0.10190050 -0.33580164 -0.93640458
vn 0.08529754 -0.42898765 -0.89927411
vn 0.06849963 -0.34419813 -0.93639492
vn 0.04289856 -0.43528542 -0.89926988
vn 0.03440053 -0.34920542 -0.93641453
vn -0.01939945 -0.19719445 -0.98017244
vn 0.00000000 -0.19809647 -0.98018253
vn -0.03869918 -0.19429590 -0.98017931
vn -0.05749866 -0.18959560 -0.98017724
vn -0.07579760 -0.18309421 -0.98016898
vn -0.09339670 -0.17479383 -0.98016538
vn -0.11009598 -0.16479398 -0.98016418
vn -0.12569606 -0.15319519 -0.98016924
vn -0.14009663 -0.14009663 -0.98017645
vn -0.15319519 -0.12569606 -0.98016924
vn -0.16479398 -0.11009598 -0.98016418
vn -0.17479383 -0.09339670 -0.98016538
vn -0.18309421 -0.07579760 -0.98016898
vn -0.18959560 -0.05749866 -0.98017724
vn -0.19429590 -0.03869918 -0.98017931
vn -0.19719445 -0.01939945 -0.98017244
vn -0.19819254 0.00000000 -0.98016311
vn -0.19719445 0.01939945 -0.98017244
vn -0.19429590 0.03869918 -0.98017931
vn -0.18959560 0.05749866 -0.98017724
vn -0.18309421 0.07579760 -0.98016898
vn -0.17479383 0.09339670 -0.98016538
vn -0.16479398 0.11009598 -0.98016418
vn -0.15319519 0.12569606 -0.98016924
vn -0.14009663 0.14009663 -0.98017645
vn -0.12569606 0.15319519 -0.98016924
vn -0.11009598 0.16479398 -0.98016418
vn -0.09339833 0.17469688 -0.98018251
vn -0.07579760 0.18309421 -0.98016898
vn -0.05749866 0.18959560 -0.98017724
vn -0.03869918 0.19429590 -0.98017931
vn -0.01939945 0.19719445 -0.98017244
vn 0.00000000 0.19809647 -0.98018253
vn 0.01939945 0.19719445 -0.98017244
vn 0.03869918 0.19429590 -0.98017931
vn 0.05749866 0.18959560 -0.98017724
vn 0.07579760 0.18309421 -0.98016898
vn 0.09339670 0.17479383 -0.98016538
vn 0.11009598 0.16479398 -0.98016418
vn 0.12569606 0.15319519 -0.98016924
vn 0.14009663 0.14009663 -0.98017645
vn 0.15319519 0.12569606 -0.98016924
vn 0.16479398 0.11009598 -0.98016418
vn 0.17479383 0.09339670 -0.98016538
vn 0.18309421 0.07579760 -0.98016898
vn 0.18959560 0.05749866 -0.98017724
vn 0.19429590 0.03869918 -0.98017931
vn 0.19719445 0.01939945 -0.98017244
vn 0.19819254 0.00000000 -0.98016311
vn 0.19719445 -0.01939945 -0.98017244
vn 0.19429590 -0.03869918 -0.98017931
vn 0.18959560 -0.05749866 -0.98017724
vn 0.18309421 -0.07579760 -0.98016898
vn 0.17479383 -0.09339670 -0.98016538
vn 0.16479398 -0.11009598 -0.98016418
vn 0.15319519 -0.12569606 -0.98016924
vn 0.14009663 -0.14009663 -0.98017645
vn 0.12569606 -0.15319519 -0.98016924
vn 0.11009598 -0.16479398 -0.98016418
vn 0.09339833 -0.17469688 -0.98018251
vn 0.07579760 -0.18309421 -0.98016898
vn 0.05749866 -0.18959560 -0.98017724
vn 0.03869918 -0.19429590 -0.98017931
vn 0.01939945 -0.19719445 -0.98017244
vn -0.01119959 -0.11359587 -0.99346391
vn 0.00000000 -0.11409652 -0.99346967
vn -0.02229932 -0.11189658 -0.99346963
vn -0.03309897 -0.10919659 -0.99346895
vn -0.04369867 -0.10539678 -0.99346965
vn -0.05379847 -0.10059713 -0.99347166
vn -0.06339785 -0.09489678 -0.99346631
vn -0.07239771 -0.08819721 -0.99346858
vn -0.08069729 -0.08069729 -0.99346661
vn -0.08819721 -0.07239771 -0.99346858
vn -0.09489678 -0.06339785 -0.99346631
vn -0.10059713 -0.05379847 -0.99347166
vn -0.10539678 -0.04369867 -0.99346965
vn -0.10919659 -0.03309897 -0.99346895
vn -0.11189658 -0.02229932 -0.99346963
vn -0.11349717 -0.01119972 -0.99347519
vn -0.11409652 0.00000000 -0.99346967
vn -0.11349717 0.01119972 -0.99347519
vn -0.11189658 0.02229932 -0.99346963
vn -0.10919659 0.03309897 -0.99346895
vn -0.10539678 0.04369867 -0.99346965
vn -0.10059713 0.05379847 -0.99347166
vn -0.09489678 0.06339785 -0.99346631
vn -0.08819721 0.07239771 -0.99346858
vn -0.08069729 0.08069729 -0.99346661
vn -0.07239771 0.08819721 -0.99346858
vn -0.06339785 0.09489678 -0.99346631
vn -0.05379847 0.10059713 -0.99347166
vn -0.04369867 0.10539678 -0.99346965
vn -0.03309897 0.10919659 -0.99346895
vn -0.02229932 0.11189658 -0.99346963
vn -0.01119959 0.11359587 -0.99346391
vn 0.00000000 0.11409652 -0.99346967
vn 0.01119959 0.11359587 -0.99346391
vn 0.02229932 0.11189658 -0.99346963
vn 0.03309897 0.10919659 -0.99346895
vn 0.04369867 0.10539678 -0.99346965
vn 0.05379847 0.10059713 -0.99347166
vn 0.06339785 0.09489678 -0.99346631
vn 0.07239771 0.08819721 -0.99346858
vn 0.08069729 0.08069729 -0.99346661
vn 0.08819721 0.07239771 -0.99346858
vn 0.09489678 0.06339785 -0.99346631
vn 0.10059713 0.05379847 -0.99347166
vn 0.10539678 0.04369867 -0.99346965
vn 0.10919659 0.03309897 -0.99346895
vn 0.11189658 0.02229932 -0.99346963
vn 0.11349717 0.01119972 -0.99347519
vn 0.11409652 0.00000000 -0.99346967
vn 0.11349717 -0.01119972 -0.99347519
vn 0.11189658 -0.02229932 -0.99346963
vn 0.10919659 -0.03309897 -0.99346895
vn 0.10539678 -0.04369867 -0.99346965
vn 0.10059713 -0.05379847 -0.99347166
vn 0.09489678 -0.06339785 -0.99346631
vn 0.08819721 -0.07239771 -0.99346858
vn 0.08069729 -0.08069729 -0.99346661
vn 0.07239771 -0.08819721 -0.99346858
vn 0.06339785 -0.09489678 -0.99346631
vn 0.05379847 -0.10059713 -0.99347166
vn 0.04369867 -0.10539678 -0.99346965
vn 0.03309897 -0.10919659 -0.99346895
vn 0.02229932 -0.11189658 -0.99346963
vn 0.01119959 -0.11359587 -0.99346391
vn -0.00590010 -0.05940100 -0.99821677
vn 0.00000000 -0.05970098 -0.99821631
vn -0.01160016 -0.05860083 -0.99821409
vn -0.01730032 -0.05710106 -0.99821850
vn -0.02290029 -0.05520070 -0.99821263
vn -0.02820034 -0.05270064 -0.99821209
vn -0.03320041 -0.04970061 -0.99821219
vn -0.03790049 -0.04620060 -0.99821293
vn -0.04220074 -0.04220074 -0.99821751
vn -0.04620060 -0.03790049 -0.99821293
vn -0.04970061 -0.03320041 -0.99821219
vn -0.05270079 -0.02810042 -0.99821490
vn -0.05520082 -0.02280034 -0.99821491
vn -0.05720073 -0.01730022 -0.99821279
vn -0.05860076 -0.01170015 -0.99821293
vn -0.05940103 -0.00580010 -0.99821735
vn -0.05970098 0.00000000 -0.99821631
vn -0.05940100 0.00590010 -0.99821677
vn -0.05860083 0.01160016 -0.99821409
vn -0.05720073 0.01730022 -0.99821279
vn -0.05520070 0.02290029 -0.99821263
vn -0.05270079 0.02810042 -0.99821490
vn -0.04970061 0.03320041 -0.99821219
vn -0.04620060 0.03790049 -0.99821293
vn -0.04220074 0.04220074 -0.99821751
vn -0.03790049 0.04620060 -0.99821293
vn -0.03320041 0.04970061 -0.99821219
vn -0.02820034 0.05270064 -0.99821209
vn -0.02290029 0.05520070 -0.99821263
vn -0.01730022 0.05720073 -0.99821279
vn -0.01170015 0.05860076 -0.99821293
vn -0.00590010 0.05940100 -0.99821677
vn 0.00000000 0.05970098 -0.99821631
vn 0.00590010 0.05940100 -0.99821677
vn 0.01170015 0.05860076 -0.99821293
vn 0.01730022 0.05720073 -0.99821279
vn 0.02290029 0.05520070 -0.99821263
vn 0.02820034 0.05270064 -0.99821209
vn 0.03320041 0.04970061 -0.99821219
vn 0.03790049 0.04620060 -0.99821293
vn 0.04220074 0.04220074 -0.99821751
vn 0.04620060 0.03790049 -0.99821293
vn 0.04970061 0.03320041 -0.99821219
vn 0.05270064 0.02820034 -0.99821209
vn 0.05520070 0.02290029 -0.99821263
vn 0.05720073 0.01730022 -0.99821279
vn 0.05860083 0.01160016 -0.99821409
vn 0.05940103 0.00580010 -0.99821735
vn 0.05970098 0.00000000 -0.99821631
vn 0.05940100 -0.00590010 -0.99821677
vn 0.05860076 -0.01170015 -0.99821293
vn 0.05720073 -0.01730022 -0.99821279
vn 0.05520070 -0.02290029 -0.99821263
vn 0.05270079 -0.02810042 -0.99821490
vn 0.04970061 -0.03320041 -0.99821219
vn 0.04620060 -0.03790049 -0.99821293
vn 0.04220074 -0.04220074 -0.99821751
vn 0.03790049 -0.04620060 -0.99821293
vn 0.03320057 -0.04960085 -0.99821715
vn 0.02820034 -0.05270064 -0.99821209
vn 0.02290029 -0.05520070 -0.99821263
vn 0.01730032 -0.05710106 -0.99821850
vn 0.01170015 -0.05860076 -0.99821293
vn 0.00590010 -0.05940100 -0.99821677
vn -0.00130001 -0.01370007 -0.99990530
vn 0.00000000 -0.01370008 -0.99990615
vn -0.00270001 -0.01350007 -0.99990522
vn -0.00400002 -0.01310008 -0.99990619
vn -0.00530003 -0.01270007 -0.99990530
vn -0.00650004 -0.01210007 -0.99990566
vn -0.00760005 -0.01140007 -0.99990613
vn -0.00870005 -0.01060006 -0.99990597
vn -0.00970006 -0.00970006 -0.99990590
vn -0.01060006 -0.00870005 -0.99990597
vn -0.01140006 -0.00770004 -0.99990537
vn -0.01210007 -0.00650004 -0.99990566
vn -0.01270007 -0.00530003 -0.99990530
vn -0.01310008 -0.00400002 -0.99990619
vn -0.01350007 -0.00260001 -0.99990549
vn -0.01370007 -0.00140001 -0.99990517
vn -0.01370008 0.00000000 -0.99990615
vn -0.01370007 0.00140001 -0.99990517
vn -0.01350007 0.00270001 -0.99990522
vn -0.01310008 0.00400002 -0.99990619
vn -0.01270007 0.00520003 -0.99990583
vn -0.01210007 0.00650004 -0.99990566
vn -0.01140006 0.00770004 -0.99990537
vn -0.01060006 0.00870005 -0.99990597
vn -0.00970006 0.00970006 -0.99990590
vn -0.00870004 0.01070005 -0.99990490
vn -0.00760005 0.01140007 -0.99990613
vn -0.00650004 0.01210007 -0.99990566
vn -0.00530003 0.01270007 -0.99990530
vn -0.00400002 0.01310008 -0.99990619
vn -0.00270001 0.01350007 -0.99990522
vn -0.00130001 0.01370007 -0.99990530
vn 0.00000000 0.01370008 -0.99990615
vn 0.00130001 0.01370007 -0.99990530
vn 0.00270001 0.01350007 -0.99990522
vn 0.00400002 0.01310008 -0.99990619
vn 0.00530003 0.01270007 -0.99990530
vn 0.00650004 0.01210007 -0.99990566
vn 0.00760005 0.01140007 -0.99990613
vn 0.00870005 0.01060006 -0.99990597
vn 0.00970006 0.00970006 -0.99990590
vn 0.01060006 0.00870005 -0.99990597
vn 0.01140007 0.00760005 -0.99990613
vn 0.01210008 0.00640004 -0.99990631
vn 0.01270007 0.00530003 -0.99990530
vn 0.01310008 0.00400002 -0.99990619
vn 0.01350007 0.00270001 -0.99990522
vn 0.01370007 0.00120001 -0.99990543
vn 0.01370008 0.00000000 -0.99990615
vn 0.01370007 -0.00130001 -0.99990530
vn 0.01350007 -0.00270001 -0.99990522
vn 0.01310008 -0.00400002 -0.99990619
vn 0.01270007 -0.00520003 -0.99990583
vn 0.01210007 -0.00650004 -0.99990566
vn 0.01140006 -0.00770004 -0.99990537
vn 0.01060006 -0.00870005 -0.99990597
vn 0.00970006 -0.00970006 -0.99990590
vn 0.00870005 -0.01060006 -0.99990597
vn 0.00760004 -0.01150006 -0.99990499
vn 0.00650004 -0.01210007 -0.99990566
vn 0.00530003 -0.01270007 -0.99990530
vn 0.00400002 -0.01310008 -0.99990619
vn 0.00270001 -0.01350007 -0.99990522
vn 0.00130001 -0.01370007 -0.99990530
vn 0.00000000 0.00000000 1.00000000
vn 0.00000000 0.00000000 1.00000000
vn 0.08290276 0.05860195 0.99483312
vn 0.07979826 0.06959848 0.99437834
vn -0.02939973 0.09449912 0.99509074
vn -0.04299850 0.09689661 0.99436521
vn 0.00000000 0.00000000 1.00000000
vn 0.00000000 0.00000000 1.00000000
vn 0.00000000 0.00000000 1.00000000
vn 0.08590193 0.04850109 0.99512236
vn -0.01879994 0.09709972 0.99509708
vn 0.00000000 0.00000000 1.00000000
vn 0.00000000 0.00000000 1.00000000
vn 0.08840324 0.03860142 0.99533652
vn -0.00959982 0.09959814 0.99498143
vn 0.00000000 0.00000000 1.00000000
vn -0.09199761 0.01919950 0.99557412
vn -0.09430146 0.00750012 0.99551544
vn 0.00000000 0.00000000 1.00000000
vn 0.00000000 0.00000000 1.00000000
vn 0.00000000 0.00000000 1.00000000
vn 0.09059711 0.02889908 0.99546824
vn 0.00000000 0.10050371 0.99493668
vn 0.00000000 0.00000000 1.00000000
vn -0.09020090 0.02870029 0.99550997
vn 0.00000000 0.00000000 1.00000000
vn 0.00000000 0.00000000 1.00000000
vn 0.09209658 0.01929928 0.99556304
vn 0.00959982 0.09959814 0.99498143
vn 0.00000000 0.00000000 1.00000000
vn -0.08850246 0.03860108 0.99532772
vn 0.00000000 0.00000000 1.00000000
vn 0.00000000 0.00000000 1.00000000
vn 0.09430146 0.00750012 0.99551544
vn 0.01879994 0.09709972 0.99509708
vn 0.00000000 0.00000000 1.00000000
vn -0.08610045 0.04850026 0.99510524
vn 0.00000000 0.00000000 1.00000000
vn 0.00000000 0.00000000 1.00000000
vn 0.09049968 0.00020000 0.99589646
vn 0.02940000 0.09440001 0.99510013
vn 0.00000000 0.00000000 1.00000000
vn -0.08290276 0.05860195 0.99483312
vn 0.00000000 0.00000000 1.00000000
vn 0.04299850 0.09689661 0.99436521
vn 0.00000000 0.00000000 1.00000000
vn -0.07979826 0.06959848 0.99437834
vn 0.00000000 0.00000000 1.00000000
vn 0.06550050 0.11410087 0.99130756
vn 0.07059967 0.11549947 0.99079542
vn -0.07650189 0.08160202 0.99372459
vn 0.00000000 0.00000000 1.00000000
vn 0.55557677 0.83146524 0.00000000
vn 0.47140812 0.88191518 0.00000000
vn 0.46457033 0.88154371 0.08399464
vn 0.55670859 0.82711276 0.07720119
vn -0.07360343 0.09610447 0.99264619
vn 0.00000000 0.00000000 1.00000000
vn 0.00000000 0.00000000 1.00000000
vn 0.07360272 0.09620355 0.99263665
vn -0.07069917 0.11549865 0.99078842
vn 0.00000000 0.00000000 1.00000000
vn 0.07650127 0.08170136 0.99371648
vn -0.06549975 0.11419957 0.99129624
vn -0.38269034 0.92387667 0.00000000
vn -0.47140812 0.88191518 0.00000000
vn -0.46449581 0.88159206 0.08389924
vn -0.37851418 0.92063448 0.09570358
vn 0.00000000 0.00000000 -1.00000000
vn 0.00000000 0.00000000 -1.00000000
vn 0.00000000 0.00000000 -1.00000000
vn 0.00000000 0.00000000 -1.00000000
vn 0.00000000 0.00000000 -1.00000000
vn 0.00000000 0.00000000 -1.00000000
vn 0.00000000 0.00000000 -1.00000000
vn 0.00000000 0.00000000 -1.00000000
vn 0.00000000 0.00000000 -1.00000000
vn 0.00000000 0.00000000 -1.00000000
vn 0.00000000 0.00000000 -1.00000000
vn 0.00000000 0.00000000 -1.00000000
vn 0.00000000 0.00000000 -1.00000000
vn 0.00000000 0.00000000 -1.00000000
vn 0.00000000 0.00000000 -1.00000000
vn 0.00000000 0.00000000 -1.00000000
vn 0.00000000 0.00000000 -1.00000000
vn 0.00000000 0.00000000 -1.00000000
vn 0.00000000 0.00000000 -1.00000000
vn 0.00000000 0.00000000 -1.00000000
vn 0.00000000 0.00000000 -1.00000000
vn 0.00000000 0.00000000 -1.00000000
vn 0.00000000 0.00000000 -1.00000000
vn 0.00000000 0.00000000 -1.00000000
vn 0.00000000 0.00000000 -1.00000000
vn 0.00000000 0.00000000 -1.00000000
vn 0.00000000 0.00000000 -1.00000000
vn 0.00000000 0.00000000 -1.00000000
vn 0.00000000 0.00000000 -1.00000000
vn 0.00000000 0.00000000 -1.00000000
vn 0.00000000 0.00000000 -1.00000000
vn 0.00000000 0.00000000 -1.00000000
vn 0.00000000 0.00000000 -1.00000000
vn 0.00000000 0.00000000 -1.00000000
vn 0.00000000 0.00000000 -1.00000000
vn 0.00000000 0.00000000 -1.00000000
vn 0.00000000 0.00000000 -1.00000000
vn 0.00000000 0.00000000 -1.00000000
vn 0.00000000 0.00000000 -1.00000000
vn 0.00000000 0.00000000 -1.00000000
vn 0.00000000 0.00000000 -1.00000000
vn 0.00000000 0.00000000 -1.00000000
vn 0.00000000 0.00000000 -1.00000000
vn 0.00000000 0.00000000 -1.00000000
vn 0.00000000 0.00000000 -1.00000000
vn 0.00000000 0.00000000 -1.00000000
vn 0.00000000 0.00000000 -1.00000000
vn 0.00000000 0.00000000 -1.00000000
vn 0.00000000 0.00000000 -1.00000000
vn 0.00000000 0.00000000 -1.00000000
vn 0.00000000 0.00000000 -1.00000000
vn 0.00000000 0.00000000 -1.00000000
vn 0.00000000 0.00000000 -1.00000000
vn 0.00000000 0.00000000 -1.00000000
vn 0.00000000 0.00000000 -1.00000000
vn 0.00000000 0.00000000 -1.00000000
vn 0.00000000 0.00000000 -1.00000000
vn 0.00000000 0.00000000 -1.00000000
vn 0.00000000 0.00000000 -1.00000000
vn 0.00000000 0.00000000 -1.00000000
vn 0.00000000 0.00000000 -1.00000000
vn 0.00000000 0.00000000 -1.00000000
vn 0.00000000 0.00000000 -1.00000000
vn 0.00000000 0.00000000 -1.00000000
vn 0.00000000 0.00000000 -1.00000000
vn 0.00000000 0.00000000 -1.00000000
vn 0.99999872 0.00160000 0.00000000
vn 0.99722832 0.07440211 0.00000000
vn 0.99161688 0.07360125 0.10620181
vn 0.99434301 0.00160007 0.10620459
vn 0.98078399 0.19509682 0.00000000
vn 0.97543146 0.19350624 0.10530340
vn 0.95693268 0.29030991 0.00000000
vn 0.95195727 0.28788708 0.10439531
vn 0.92387667 0.38269034 0.00000000
vn 0.91938983 0.37959580 0.10309886
vn 0.88191518 0.47140812 0.00000000
vn 0.87807164 0.46768490 0.10129673
vn 0.83146524 0.55557677 0.00000000
vn 0.82842498 0.55131663 0.09880298
vn 0.77300295 0.63440242 0.00000000
vn 0.77088612 0.62978866 0.09539828
vn 0.70710678 0.70710678 0.00000000
vn 0.70600282 0.70240281 0.09050036
vn 0.70710678 0.70710678 0.00000000
vn 0.63440242 0.77300295 0.00000000
vn 0.63440849 0.76831028 0.08500114
vn 0.70600282 0.70240281 0.09050036
vn 0.00000000 0.00000000 1.00000000
vn 0.00000000 0.00000000 1.00000000
vn 0.00000000 0.00000000 1.00000000
vn 0.00000000 0.00000000 1.00000000
vn 0.00000000 0.00000000 1.00000000
vn 0.00000000 0.00000000 1.00000000
vn 0.00000000 0.00000000 1.00000000
vn 0.00000000 0.00000000 1.00000000
vn 0.00000000 0.00000000 1.00000000
vn 0.00000000 0.00000000 1.00000000
vn 0.00000000 0.00000000 1.00000000
vn 0.00000000 0.00000000 1.00000000
vn 0.00000000 0.00000000 1.00000000
vn 0.00000000 0.00000000 1.00000000
vn 0.00000000 0.00000000 1.00000000
vn 0.00000000 0.00000000 1.00000000
vn 0.00000000 0.00000000 1.00000000
vn 0.00000000 0.00000000 1.00000000
vn 0.00000000 0.00000000 1.00000000
vn 0.00000000 0.00000000 1.00000000
vn 0.00000000 0.00000000 1.00000000
vn 0.00000000 0.00000000 1.00000000
vn 0.00000000 0.00000000 1.00000000
vn 0.00000000 0.00000000 1.00000000
vn 0.00000000 0.00000000 1.00000000
vn 0.00000000 0.00000000 1.00000000
vn 0.00000000 0.00000000 1.00000000
vn 0.00000000 0.00000000 1.00000000
vn 0.00000000 0.00000000 1.00000000
vn 0.00000000 0.00000000 1.00000000
vn 0.00000000 0.00000000 1.00000000
vn -0.55557677 0.83146524 0.00000000
vn -0.63440242 0.77300295 0.00000000
vn -0.63437052 0.76836429 0.08479606
vn -0.55669249 0.82718884 0.07649897
vn -0.70710678 0.70710678 0.00000000
vn -0.70600282 0.70240281 0.09050036
vn -0.70710678 0.70710678 0.00000000
vn -0.77300295 0.63440242 0.00000000
vn -0.77090081 0.62980066 0.09520010
vn -0.70599643 0.70239645 0.09059954
vn -0.83146524 0.55557677 0.00000000
vn -0.82840382 0.55140254 0.09850045
vn -0.88191518 0.47140812 0.00000000
vn -0.87808941 0.46769436 0.10109878
vn -0.92387667 0.38269034 0.00000000
vn -0.91939930 0.37959971 0.10299992
vn -0.95693268 0.29030991 0.00000000
vn -0.95196721 0.28789008 0.10429641
vn -0.98078399 0.19509682 0.00000000
vn -0.97541090 0.19350216 0.10550118
vn -0.99722832 0.07440211 0.00000000
vn -0.99166059 0.07359707 0.10579580
vn -0.99999872 0.00160000 0.00000000
vn -0.99434301 0.00160007 0.10620459
vn 0.00000000 0.00000000 1.00000000
vn 0.00000000 0.00000000 1.00000000
vn 0.00000000 0.00000000 1.00000000
vn 0.00000000 0.00000000 1.00000000
vn 0.00000000 0.00000000 1.00000000
vn 0.00000000 0.00000000 1.00000000
vn 0.00000000 0.00000000 1.00000000
vn 0.00000000 0.00000000 1.00000000
vn 0.00000000 0.00000000 1.00000000
vn 0.00000000 0.00000000 1.00000000
vn 0.00000000 0.00000000 1.00000000
vn 0.00000000 0.00000000 1.00000000
vn 0.00000000 0.00000000 1.00000000
vn 0.00000000 0.00000000 1.00000000
vn 0.00000000 0.00000000 1.00000000
vn 0.00000000 0.00000000 1.00000000
vn 0.00000000 0.00000000 1.00000000
vn 0.00000000 0.00000000 1.00000000
vn 0.00000000 0.00000000 1.00000000
vn 0.00000000 0.00000000 1.00000000
vn 0.38269034 0.92387667 0.00000000
vn 0.37851418 0.92063448 0.09570358
vn 0.29030991 0.95693268 0.00000000
vn 0.28830113 0.95230372 0.10000039
vn -0.29030991 0.95693268 0.00000000
vn -0.28830113 0.95230372 0.10000039
vn 0.00000000 0.00000000 1.00000000
vn 0.00000000 0.00000000 1.00000000
vn 0.00000000 0.00000000 1.00000000
vn 0.00000000 0.00000000 1.00000000
vn 0.00000000 0.00000000 1.00000000
vn 0.00000000 0.00000000 1.00000000
vn 0.00000000 0.00000000 1.00000000
vn 0.00000000 0.00000000 1.00000000
vn 0.00000000 0.00000000 1.00000000
vn 0.00000000 0.00000000 1.00000000
vn -0.19509682 0.98078399 0.00000000
vn -0.19459661 0.97578302 0.09989826
vn 0.00000000 0.00000000 1.00000000
vn 0.00000000 0.00000000 1.00000000
vn 0.00000000 0.00000000 1.00000000
vn 0.00000000 0.00000000 1.00000000
vn 0.00000000 0.00000000 1.00000000
vn 0.00000000 0.00000000 1.00000000
vn 0.00000000 0.00000000 1.00000000
vn 0.00000000 0.00000000 1.00000000
vn 0.00000000 0.00000000 1.00000000
vn 0.00000000 0.00000000 1.00000000
vn 0.19509682 0.98078399 0.00000000
vn 0.19459661 0.97578302 0.09989826
vn 0.09799868 0.99518655 0.00000000
vn 0.09779997 0.99029969 0.09869997
vn 0.00000000 1.00000000 0.00000000
vn 0.00000000 0.99516702 0.09819675
vn -0.09799868 0.99518655 0.00000000
vn -0.09779997 0.99029969 0.09869997
vn -0.91280153 0.00150000 0.40840068
vn -0.91190255 0.06760019 0.40480113
vn -0.67901867 0.00110003 0.73412018
vn -0.68171896 0.05120142 0.72982030
vn -0.68166921 0.05119769 0.72986703
vn -0.67901867 0.00110003 0.73412018
vn -0.35779935 0.00060000 0.93379830
vn -0.36428665 0.02799897 0.93086588
vn -0.09049968 0.00010000 0.99589648
vn -0.89737075 0.17799420 0.40378684
vn -0.67119537 0.13439907 0.72899497
vn -0.67119537 0.13439907 0.72899497
vn -0.35740325 0.07280066 0.93110847
vn -0.87660520 0.26510157 0.40160238
vn -0.65759350 0.20089801 0.72609282
vn -0.65764125 0.20091260 0.72604554
vn -0.35108701 0.10909596 0.92996558
vn -0.84819574 0.35019824 0.39739801
vn -0.63892491 0.26651039 0.72162814
vn -0.63892491 0.26651039 0.72162814
vn -0.34258283 0.14549271 0.92815348
vn -0.81212856 0.43271522 0.39141377
vn -0.61540373 0.33130201 0.71520433
vn -0.61540373 0.33130201 0.71520433
vn -0.33171920 0.18201053 0.92565357
vn -0.76870465 0.51180310 0.38360232
vn -0.58728735 0.39529149 0.70628479
vn -0.58728735 0.39529149 0.70628479
vn -0.31910679 0.21920466 0.92201962
vn -0.71870994 0.58710812 0.37250515
vn -0.55496908 0.45887444 0.69386135
vn -0.55496908 0.45887444 0.69386135
vn -0.30520025 0.25790021 0.91670076
vn -0.66219330 0.65839334 0.35779638
vn -0.51878657 0.52258648 0.67658249
vn -0.51878657 0.52258648 0.67658249
vn -0.28980436 0.29890450 0.90921369
vn -0.66219330 0.65839334 0.35779638
vn -0.59958893 0.72538661 0.33809376
vn -0.51878657 0.52258648 0.67658249
vn -0.47900908 0.58751114 0.65221236
vn -0.47900908 0.58751114 0.65221236
vn -0.27401030 0.34521298 0.89763375
vn -0.53131573 0.78782333 0.31150922
vn -0.43541917 0.65512885 0.61742719
vn -0.43550021 0.65510032 0.61740030
vn -0.25701597 0.39842476 0.88045471
vn -0.43879835 0.83279686 0.33749873
vn -0.36350031 0.67420057 0.64290055
vn -0.36350031 0.67420057 0.64290055
vn -0.22350487 0.40160875 0.88811935
vn -0.35188102 0.85765373 0.37497977
vn -0.27599790 0.66309494 0.69579469
vn -0.27599790 0.66309494 0.69579469
vn -0.15660066 0.36660155 0.91710388
vn -0.26689997 0.88229992 0.38769996
vn -0.20420604 0.67201987 0.71182104
vn -0.20419231 0.67207470 0.71177321
vn -0.11169979 0.36419933 0.92459829
vn -0.18059170 0.90405845 0.38738219
vn -0.13700014 0.68920073 0.71150075
vn -0.13700014 0.68920073 0.71150075
vn -0.07360300 0.37391525 0.92453771
vn -0.09079720 0.91907165 0.38348817
vn -0.06930041 0.70350421 0.70730423
vn -0.06920089 0.70350908 0.70730913
vn -0.03739825 0.38308212 0.92295691
vn 0.00000000 0.92404728 0.38227819
vn 0.00000000 0.70820593 0.70600592
vn 0.00000000 0.70820593 0.70600592
vn 0.00000000 0.38608466 0.92246335
vn 0.09079720 0.91907165 0.38348817
vn 0.06920089 0.70350908 0.70730913
vn 0.06920089 0.70350908 0.70730913
vn 0.03739825 0.38308212 0.92295691
vn 0.18050195 0.90410979 0.38730419
vn 0.13700014 0.68920073 0.71150075
vn 0.13700014 0.68920073 0.71150075
vn 0.07360300 0.37391525 0.92453771
vn 0.26691032 0.88233412 0.38761499
vn 0.20420604 0.67201987 0.71182104
vn 0.20420604 0.67201987 0.71182104
vn 0.11169979 0.36419933 0.92459829
vn 0.35189421 0.85768589 0.37489383
vn 0.27599790 0.66309494 0.69579469
vn 0.27599790 0.66309494 0.69579469
vn 0.15660066 0.36660155 0.91710388
vn 0.43889390 0.83278842 0.33739531
vn 0.36350031 0.67420057 0.64290055
vn 0.36350031 0.67420057 0.64290055
vn 0.22340986 0.40161773 0.88813920
vn 0.53133228 0.78784787 0.31141892
vn 0.43541917 0.65512885 0.61742719
vn 0.43550021 0.65510032 0.61740030
vn 0.25700573 0.39850888 0.88041963
vn 0.59958893 0.72538661 0.33809376
vn 0.47900908 0.58751114 0.65221236
vn 0.47900908 0.58751114 0.65221236
vn 0.27389128 0.34468902 0.89787140
vn 0.66213714 0.65843694 0.35782007
vn 0.51878657 0.52258648 0.67658249
vn 0.51878657 0.52258648 0.67658249
vn 0.28979570 0.29899556 0.90918651
vn 0.66219330 0.65839334 0.35779638
vn 0.71870994 0.58710812 0.37250515
vn 0.51878657 0.52258648 0.67658249
vn 0.55496908 0.45887444 0.69386135
vn 0.55496908 0.45887444 0.69386135
vn 0.30500663 0.25770560 0.91681993
vn 0.76866531 0.51157692 0.38398267
vn 0.58728735 0.39529149 0.70628479
vn 0.58728735 0.39529149 0.70628479
vn 0.31911378 0.21910946 0.92203982
vn 0.81203425 0.43261825 0.39171652
vn 0.61540373 0.33130201 0.71520433
vn 0.61540373 0.33130201 0.71520433
vn 0.33168849 0.18199369 0.92566789
vn 0.84819974 0.35029989 0.39729988
vn 0.63892491 0.26651039 0.72162814
vn 0.63898409 0.26649336 0.72158203
vn 0.34260964 0.14560410 0.92812611
vn 0.87668743 0.26529620 0.40129425
vn 0.65769799 0.20089939 0.72599779
vn 0.65759350 0.20089801 0.72609282
vn 0.35120733 0.10910228 0.92991941
vn 0.89729905 0.17809981 0.40389957
vn 0.67119537 0.13439907 0.72899497
vn 0.67119537 0.13439907 0.72899497
vn 0.35749047 0.07279806 0.93107519
vn 0.91185329 0.06779653 0.40487926
vn 0.68171896 0.05120142 0.72982030
vn 0.68171896 0.05120142 0.72982030
vn 0.36428563 0.02809889 0.93086327
vn 0.91271027 0.00150002 0.40860460
vn 0.67901867 0.00110003 0.73412018
vn 0.67901867 0.00110003 0.73412018
vn 0.35771215 0.00060002 0.93383171
vn -0.77300295 0.63440242 0.00000000
vn -0.70710678 0.70710678 0.00000000
vn -0.70710678 0.70710678 0.00000000
vn -0.77300295 0.63440242 0.00000000
vn 0.98078399 -0.19509682 0.00000000
vn 0.95693268 -0.29030991 0.00000000
vn 0.95693268 -0.29030991 0.00000000
vn 0.98078399 -0.19509682 0.00000000
vn -0.70710678 0.70710678 0.00000000
vn -0.63440242 0.77300295 0.00000000
vn -0.63440242 0.77300295 0.00000000
vn -0.70710678 0.70710678 0.00000000
vn 0.92387667 -0.38269034 0.00000000
vn 0.92387667 -0.38269034 0.00000000
vn -0.55557677 0.83146524 0.00000000
vn -0.55557677 0.83146524 0.00000000
vn 0.88191518 -0.47140812 0.00000000
vn 0.88191518 -0.47140812 0.00000000
vn -0.47140812 0.88191518 0.00000000
vn -0.47140812 0.88191518 0.00000000
vn 0.00000000 -1.00000000 0.00000000
vn -0.09799868 -0.99518655 0.00000000
vn -0.09799868 -0.99518655 0.00000000
vn 0.00000000 -1.00000000 0.00000000
vn 0.83146524 -0.55557677 0.00000000
vn 0.83146524 -0.55557677 0.00000000
vn -0.38269034 0.92387667 0.00000000
vn -0.38269034 0.92387667 0.00000000
vn -0.19509682 -0.98078399 0.00000000
vn -0.19509682 -0.98078399 0.00000000
vn 0.77300295 -0.63440242 0.00000000
vn 0.77300295 -0.63440242 0.00000000
vn -0.29030991 0.95693268 0.00000000
vn -0.29030991 0.95693268 0.00000000
vn -0.29030991 -0.95693268 0.00000000
vn -0.29030991 -0.95693268 0.00000000
vn 0.70710678 -0.70710678 0.00000000
vn 0.70710678 -0.70710678 0.00000000
vn -0.19509682 0.98078399 0.00000000
vn -0.19509682 0.98078399 0.00000000
vn -0.38269034 -0.92387667 0.00000000
vn -0.38269034 -0.92387667 0.00000000
vn 0.70710678 -0.70710678 0.00000000
vn 0.63440242 -0.77300295 0.00000000
vn 0.63440242 -0.77300295 0.00000000
vn 0.70710678 -0.70710678 0.00000000
vn -0.09799868 0.99518655 0.00000000
vn -0.09799868 0.99518655 0.00000000
vn -0.42758765 -0.90397389 0.00000000
vn -0.42758765 -0.90397389 0.00000000
vn 0.55557677 -0.83146524 0.00000000
vn 0.55557677 -0.83146524 0.00000000
vn 0.00000000 1.00000000 0.00000000
vn 0.00000000 1.00000000 0.00000000
vn -0.51411334 -0.85772226 0.00000000
vn -0.55557677 -0.83146524 0.00000000
vn -0.55557677 -0.83146524 0.00000000
vn -0.51411334 -0.85772226 0.00000000
vn 0.47140812 -0.88191518 0.00000000
vn 0.47140812 -0.88191518 0.00000000
vn 0.09799868 0.99518655 0.00000000
vn 0.09799868 0.99518655 0.00000000
vn -0.63440242 -0.77300295 0.00000000
vn -0.63440242 -0.77300295 0.00000000
vn 0.38269034 -0.92387667 0.00000000
vn 0.38269034 -0.92387667 0.00000000
vn 0.19509682 0.98078399 0.00000000
vn 0.19509682 0.98078399 0.00000000
vn -0.70710678 -0.70710678 0.00000000
vn -0.70710678 -0.70710678 0.00000000
vn 0.29030991 -0.95693268 0.00000000
vn 0.29030991 -0.95693268 0.00000000
vn 0.29030991 0.95693268 0.00000000
vn 0.29030991 0.95693268 0.00000000
vn -0.70710678 -0.70710678 0.00000000
vn -0.77300295 -0.63440242 0.00000000
vn -0.77300295 -0.63440242 0.00000000
vn -0.70710678 -0.70710678 0.00000000
vn 0.19509682 -0.98078399 0.00000000
vn 0.19509682 -0.98078399 0.00000000
vn 0.38269034 0.92387667 0.00000000
vn 0.38269034 0.92387667 0.00000000
vn -0.83146524 -0.55557677 0.00000000
vn -0.83146524 -0.55557677 0.00000000
vn 0.09799868 -0.99518655 0.00000000
vn 0.09799868 -0.99518655 0.00000000
vn 0.47140812 0.88191518 0.00000000
vn 0.47140812 0.88191518 0.00000000
vn -0.88191518 -0.47140812 0.00000000
vn -0.88191518 -0.47140812 0.00000000
vn 0.55557677 0.83146524 0.00000000
vn 0.55557677 0.83146524 0.00000000
vn -0.92387667 -0.38269034 0.00000000
vn -0.92387667 -0.38269034 0.00000000
vn 0.63440242 0.77300295 0.00000000
vn 0.63440242 0.77300295 0.00000000
vn -0.95693268 -0.29030991 0.00000000
vn -0.95693268 -0.29030991 0.00000000
vn 0.70710678 0.70710678 0.00000000
vn 0.70710678 0.70710678 0.00000000
vn -0.98078399 -0.19509682 0.00000000
vn -0.98078399 -0.19509682 0.00000000
vn 0.70710678 0.70710678 0.00000000
vn 0.77300295 0.63440242 0.00000000
vn 0.77300295 0.63440242 0.00000000
vn 0.70710678 0.70710678 0.00000000
vn -0.99518655 -0.09799868 0.00000000
vn -0.99518655 -0.09799868 0.00000000
vn 0.83146524 0.55557677 0.00000000
vn 0.83146524 0.55557677 0.00000000
vn -1.00000000 0.00000000 0.00000000
vn -1.00000000 0.00000000 0.00000000
vn 0.88191518 0.47140812 0.00000000
vn 0.88191518 0.47140812 0.00000000
vn -0.99518655 0.09799868 0.00000000
vn -0.99518655 0.09799868 0.00000000
vn 0.92387667 0.38269034 0.00000000
vn 0.92387667 0.38269034 0.00000000
vn -0.98078399 0.19509682 0.00000000
vn -0.98078399 0.19509682 0.00000000
vn 0.95693268 0.29030991 0.00000000
vn 0.95693268 0.29030991 0.00000000
vn -0.95693268 0.29030991 0.00000000
vn -0.95693268 0.29030991 0.00000000
vn 0.98078399 0.19509682 0.00000000
vn 0.98078399 0.19509682 0.00000000
vn -0.92387667 0.38269034 0.00000000
vn -0.92387667 0.38269034 0.00000000
vn 0.99518655 0.09799868 0.00000000
vn 0.99518655 0.09799868 0.00000000
vn -0.88191518 0.47140812 0.00000000
vn -0.88191518 0.47140812 0.00000000
vn 1.00000000 0.00000000 0.00000000
vn 1.00000000 0.00000000 0.00000000
vn -0.83146524 0.55557677 0.00000000
vn -0.83146524 0.55557677 0.00000000
vn 0.99518655 -0.09799868 0.00000000
vn 0.99518655 -0.09799868 0.00000000
vn 0.00000000 0.00000000 -1.00000000
vn 0.00000000 0.00000000 -1.00000000
vn 0.00000000 0.00000000 -1.00000000
vn 0.00000000 0.00000000 -1.00000000
vn 0.00000000 0.00000000 -1.00000000
vn 0.00000000 0.00000000 -1.00000000
vn 0.00000000 0.00000000 -1.00000000
vn 0.00000000 0.00000000 -1.00000000
vn 0.00000000 0.00000000 -1.00000000
vn 0.00000000 0.00000000 -1.00000000
vn 0.00000000 0.00000000 -1.00000000
vn 0.00000000 0.00000000 -1.00000000
vn 0.00000000 0.00000000 -1.00000000
vn 0.00000000 0.00000000 -1.00000000
vn 0.00000000 0.00000000 -1.00000000
vn 0.00000000 0.00000000 -1.00000000
vn 0.00000000 0.00000000 -1.00000000
vn 0.00000000 0.00000000 -1.00000000
vn 0.00000000 0.00000000 -1.00000000
vn 0.00000000 0.00000000 -1.00000000
vn 0.00000000 0.00000000 -1.00000000
vn 0.00000000 0.00000000 -1.00000000
vn 0.00000000 0.00000000 -1.00000000
vn 0.00000000 0.00000000 -1.00000000
vn 0.00000000 0.00000000 -1.00000000
vn 0.00000000 0.00000000 -1.00000000
vn 0.00000000 0.00000000 -1.00000000
vn 0.00000000 0.00000000 -1.00000000
vn 0.00000000 0.00000000 -1.00000000
vn 0.00000000 0.00000000 -1.00000000
vn 0.00000000 0.00000000 -1.00000000
vn 0.00000000 0.00000000 -1.00000000
vn 0.00000000 0.00000000 -1.00000000
vn 0.00000000 0.00000000 -1.00000000
vn 0.00000000 0.00000000 -1.00000000
vn 0.00000000 0.00000000 -1.00000000
vn 0.00000000 0.00000000 -1.00000000
vn 0.00000000 0.00000000 -1.00000000
vn 0.00000000 0.00000000 -1.00000000
vn 0.00000000 0.00000000 -1.00000000
vn 0.00000000 0.00000000 -1.00000000
vn 0.00000000 0.00000000 -1.00000000
vn 0.00000000 0.00000000 -1.00000000
vn 0.00000000 0.00000000 -1.00000000
vn 0.00000000 0.00000000 -1.00000000
vn 0.00000000 0.00000000 -1.00000000
vn 0.00000000 0.00000000 -1.00000000
vn 0.00000000 0.00000000 -1.00000000
vn 0.00000000 0.00000000 -1.00000000
vn 0.00000000 0.00000000 -1.00000000
vn 0.00000000 0.00000000 -1.00000000
vn 0.00000000 0.00000000 -1.00000000
vn 0.00000000 0.00000000 -1.00000000
vn 0.00000000 0.00000000 -1.00000000
vn 0.00000000 0.00000000 -1.00000000
vn 0.00000000 0.00000000 -1.00000000
vn 0.00000000 0.00000000 -1.00000000
vn 0.00000000 0.00000000 -1.00000000
vn 0.00000000 0.00000000 -1.00000000
vn 0.00000000 0.00000000 -1.00000000
vn 0.00000000 0.00000000 -1.00000000
vn 0.00000000 0.00000000 -1.00000000
vn 0.00000000 0.00000000 -1.00000000
vn 0.00000000 0.00000000 -1.00000000
vn 0.00000000 0.00000000 -1.00000000
vn 0.00000000 0.00000000 -1.00000000
vn 0.00000000 0.00000000 -1.00000000
vn 0.00000000 0.00000000 -1.00000000
vn 0.00000000 0.00000000 -1.00000000
vn 0.00000000 0.00000000 -1.00000000
vn 0.00000000 0.00000000 -1.00000000
vn 0.00000000 0.00000000 -1.00000000
vn 0.00000000 0.00000000 -1.00000000
vn 0.00000000 0.00000000 -1.00000000
vn 0.00000000 0.00000000 -1.00000000
vn 0.00000000 0.00000000 -1.00000000
vn 0.00000000 0.00000000 -1.00000000
vn 0.00000000 0.00000000 -1.00000000
vn 0.00000000 0.00000000 -1.00000000
vn 0.00000000 0.00000000 -1.00000000
vn 0.00000000 0.00000000 -1.00000000
vn 0.00000000 0.00000000 -1.00000000
vn 0.00000000 0.00000000 -1.00000000
vn 0.00000000 0.00000000 -1.00000000
vn 0.00000000 0.00000000 -1.00000000
vn 0.00000000 0.00000000 -1.00000000
vn 0.00000000 0.00000000 -1.00000000
vn 0.00000000 0.00000000 -1.00000000
vn 0.00000000 0.00000000 -1.00000000
vn 0.00000000 0.00000000 -1.00000000
vn 0.00000000 0.00000000 -1.00000000
vn 0.00000000 0.00000000 -1.00000000
vn 0.00000000 0.00000000 -1.00000000
vn 0.00000000 0.00000000 -1.00000000
vn 0.00000000 0.00000000 -1.00000000
vn 0.00000000 0.00000000 -1.00000000
vn 0.00000000 0.00000000 -1.00000000
vn 0.00000000 0.00000000 -1.00000000
vn 0.00000000 0.00000000 -1.00000000
vn 0.00000000 0.00000000 -1.00000000
vn 0.00000000 0.00000000 -1.00000000
vn 0.00000000 0.00000000 -1.00000000
vn 0.00000000 0.00000000 -1.00000000
vn 0.00000000 0.00000000 -1.00000000
vn 0.00000000 0.00000000 -1.00000000
vn 0.00000000 0.00000000 -1.00000000
vn 0.00000000 0.00000000 -1.00000000
vn 0.00000000 0.00000000 -1.00000000
vn 0.00000000 0.00000000 -1.00000000
vn 0.00000000 0.00000000 -1.00000000
vn 0.00000000 0.00000000 -1.00000000
vn 0.00000000 0.00000000 -1.00000000
vn 0.00000000 0.00000000 -1.00000000
vn 0.00000000 0.00000000 -1.00000000
vn 0.00000000 0.00000000 -1.00000000
vn 0.00000000 0.00000000 -1.00000000
vn 0.00000000 0.00000000 -1.00000000
vn 0.00000000 0.00000000 -1.00000000
vn 0.00000000 0.00000000 -1.00000000
vn 0.00000000 0.00000000 -1.00000000
vn 0.00000000 0.00000000 -1.00000000
vn 0.00000000 0.00000000 -1.00000000
vn 0.00000000 0.00000000 -1.00000000
vn 0.00000000 0.00000000 -1.00000000
vn 0.00000000 0.00000000 -1.00000000
vn 0.00000000 0.00000000 -1.00000000
vn 0.00000000 0.00000000 -1.00000000
vn 0.00000000 0.00000000 -1.00000000
vn 0.00000000 0.00000000 -1.00000000
vn 0.00000000 0.00000000 -1.00000000
vn 0.00000000 0.00000000 -1.00000000
vn 0.00000000 0.00000000 -1.00000000
vn 0.00000000 0.00000000 -1.00000000
vn 0.00000000 0.00000000 -1.00000000
vn 0.00000000 0.00000000 -1.00000000
vn 0.00000000 0.00000000 -1.00000000
vn 0.00000000 0.00000000 -1.00000000
vn 0.00000000 0.00000000 -1.00000000
vn 0.00000000 0.00010000 -1.00000000
vn 0.00000000 0.00000000 -1.00000000
vn 0.00000000 0.00000000 -1.00000000
vn 0.00000000 0.00000000 -1.00000000
vn 0.00000000 -0.00010000 -1.00000000
vn 0.00000000 0.00000000 -1.00000000
vn 0.00000000 0.00000000 -1.00000000
vn 0.00000000 0.00000000 -1.00000000
vn 0.00000000 0.00000000 -1.00000000
vn 0.00000000 0.00000000 -1.00000000
vn 0.00000000 0.00000000 -1.00000000
vn 0.00000000 0.00010000 -1.00000000
vn 0.00000000 0.00000000 -1.00000000
vn 0.00000000 0.00000000 -1.00000000
vn 0.00000000 -0.00010000 -1.00000000
vn 0.00000000 0.00010000 -1.00000000
vn 0.00000000 0.00000000 -1.00000000
vn 0.00000000 -0.00010000 -1.00000000
vn 0.00000000 0.00000000 -1.00000000
vn 0.00000000 0.00000000 -1.00000000
vn 0.00000000 0.00000000 -1.00000000
vn 0.00000000 0.00000000 -1.00000000
vn 0.00000000 0.00000000 -1.00000000
vn 0.00000000 0.00000000 -1.00000000
vn 0.00000000 0.00000000 -1.00000000
vn 0.00000000 0.00000000 -1.00000000
vn 0.00000000 0.00000000 -1.00000000
vn 0.00000000 0.00000000 -1.00000000
vn 0.00000000 0.00000000 -1.00000000
vn 0.00000000 0.00000000 -1.00000000
vn 0.00000000 0.00000000 -1.00000000
vn 0.00000000 0.00000000 -1.00000000
vn 0.00000000 0.00000000 -1.00000000
vn 0.00000000 0.00000000 -1.00000000
vn 0.00000000 0.00000000 -1.00000000
vn 0.00000000 0.00000000 -1.00000000
vn 0.00000000 0.00000000 -1.00000000
vn 0.00000000 0.00000000 -1.00000000
vn 0.00000000 0.00000000 -1.00000000
vn 0.00000000 0.00000000 -1.00000000
vn 0.00000000 0.00000000 -1.00000000
vn 0.00000000 0.00000000 -1.00000000
vn 0.00000000 0.00000000 -1.00000000
vn 0.00000000 0.00000000 -1.00000000
vn 0.00000000 0.00000000 -1.00000000
vn 0.00000000 0.00000000 -1.00000000
vn 0.00000000 0.00000000 -1.00000000
vn 0.00000000 0.00000000 -1.00000000
vn 0.00000000 0.00000000 -1.00000000
vn 0.00000000 0.00000000 -1.00000000
vn 0.00000000 0.00010000 -1.00000000
vn 0.00000000 0.00000000 -1.00000000
vn 0.00000000 0.00000000 -1.00000000
vn 0.00000000 0.00000000 -1.00000000
vn 0.00000000 0.00000000 -1.00000000
vn 0.00000000 0.00000000 -1.00000000
vn 0.00000000 0.00000000 -1.00000000
vn 0.00000000 0.00000000 -1.00000000
vn 0.00000000 0.00000000 -1.00000000
vn 0.00000000 0.00000000 -1.00000000
vn 0.00000000 0.00000000 -1.00000000
vn 0.00000000 0.00000000 -1.00000000
vn 0.00000000 0.00010000 -1.00000000
vn 0.00000000 0.00000000 -1.00000000
vn 0.00000000 -0.00010000 -1.00000000
vn 0.00000000 0.00000000 -1.00000000
vn 0.00000000 -0.00010000 -1.00000000
vn 0.00000000 0.00000000 -1.00000000
vn 0.00000000 0.00000000 -1.00000000
vn 0.00000000 0.00000000 -1.00000000
vn 0.00000000 0.00010000 -1.00000000
vn 0.00000000 0.00000000 -1.00000000
vn 0.00000000 0.00000000 -1.00000000
vn 0.00000000 0.00010000 -1.00000000
vn 0.00000000 0.00000000 -1.00000000
vn 0.00000000 0.00000000 -1.00000000
vn 0.00000000 0.00000000 -1.00000000
vn 0.00000000 -0.00010000 -1.00000000
vn 0.00000000 0.00010000 -1.00000000
vn 0.00000000 0.00000000 -1.00000000
vn 0.00000000 0.00000000 -1.00000000
vn 0.00000000 0.00000000 -1.00000000
vn 0.00000000 0.00000000 -1.00000000
vn 0.00000000 0.00010000 -1.00000000
vn 0.00000000 0.00000000 -1.00000000
vn 0.00000000 0.00000000 -1.00000000
vn 0.00000000 0.00000000 -1.00000000
vn 0.00000000 0.00000000 -1.00000000
vn 0.00000000 0.00000000 -1.00000000
vn 0.00000000 0.00000000 -1.00000000
vn 0.00000000 0.00000000 -1.00000000
vn 0.00000000 -0.00010000 -1.00000000
vn 0.00000000 0.00000000 -1.00000000
vn 0.00000000 0.00000000 -1.00000000
vn 0.00000000 0.00000000 -1.00000000
vn 0.00000000 0.00000000 -1.00000000
vn 0.00000000 -0.00010000 -1.00000000
vn 0.00000000 0.00000000 -1.00000000
vn 0.00000000 0.00000000 -1.00000000
vn 0.00000000 0.00010000 -1.00000000
vn 0.00000000 0.00000000 -1.00000000
vn 0.00000000 0.00000000 -1.00000000
vn 0.00000000 0.00000000 -1.00000000
vn 0.00000000 0.00000000 -1.00000000
vn 0.00000000 0.00000000 -1.00000000
vn 0.00000000 0.00000000 -1.00000000
vn 0.00000000 0.00010000 -1.00000000
vn 0.00000000 0.00000000 -1.00000000
vn 0.00000000 0.00000000 -1.00000000
vn 0.00000000 0.00010000 -1.00000000
vn 0.00000000 0.00000000 -1.00000000
vn 0.00000000 0.00000000 -1.00000000
vn 0.00000000 0.00000000 -1.00000000
vn 0.00000000 0.00000000 -1.00000000
vn 0.00000000 0.00010000 -1.00000000
vn 0.00000000 0.00000000 -1.00000000
vn 0.00000000 0.00000000 -1.00000000
vn 0.00000000 0.00000000 -1.00000000
vn 0.00000000 0.00000000 -1.00000000
vn 0.00000000 0.00000000 -1.00000000
vn 0.00000000 0.00000000 -1.00000000
vn 0.00000000 0.00000000 -1.00000000
vn 0.00000000 0.00000000 -1.00000000
vn 0.00000000 0.00000000 -1.00000000
vn 0.00000000 0.00000000 -1.00000000
vn 0.00000000 0.00000000 -1.00000000
vn 0.00000000 0.00000000 -1.00000000
vn 0.00000000 0.00000000 -1.00000000
vn 0.00000000 0.00000000 -1.00000000
vn 0.00000000 0.00000000 -1.00000000
vn 0.00000000 0.00000000 -1.00000000
vn 0.00000000 0.00000000 -1.00000000
vn 0.00000000 0.00000000 -1.00000000
vn 0.00000000 0.00010000 -1.00000000
vn 0.00000000 0.00000000 -1.00000000
vn 0.00000000 0.00000000 -1.00000000
vn 0.00000000 0.00000000 -1.00000000
vn 0.00000000 0.00000000 -1.00000000
vn 0.00000000 0.00000000 -1.00000000
vn 0.00000000 0.00000000 -1.00000000
vn 0.00000000 0.00010000 -1.00000000
vn 0.00000000 0.00000000 -1.00000000
vn 0.00000000 0.00000000 -1.00000000
vn -0.88191518 0.47140812 0.00000000
vn -0.88191518 0.47140812 0.00000000
vn -0.88191518 0.47140812 0.00000000
vn -0.88191518 0.47140812 0.00000000
vn -0.88191518 0.47140812 0.00000000
vn -0.88191518 0.47140812 0.00000000
vn -0.88191518 0.47140812 0.00000000
vn -0.88191518 0.47140812 0.00000000
vn -0.95693268 0.29030991 0.00000000
vn -0.92387667 0.38269034 0.00000000
vn -0.88951333 0.35640534 -0.28590429
vn -0.95693268 0.29030991 0.00000000
vn -0.83146524 -0.55557677 0.00000000
vn -0.88191518 -0.47140812 0.00000000
vn -0.88191518 -0.47140812 0.00000000
vn -0.83146524 -0.55557677 0.00000000
vn -0.92387667 -0.38269034 0.00000000
vn -0.92387667 -0.38269034 0.00000000
vn -0.19509682 -0.98078399 0.00000000
vn -0.29030991 -0.95693268 0.00000000
vn -0.29030991 -0.95693268 0.00000000
vn -0.19509682 -0.98078399 0.00000000
vn -0.38269034 -0.92387667 0.00000000
vn -0.38269034 -0.92387667 0.00000000
vn -0.88191518 0.47140812 0.00000000
vn -0.85938454 0.45209187 -0.23889570
vn -0.83146524 0.55557677 0.00000000
vn -0.81588481 0.54508985 -0.19289641
vn -0.95693268 -0.29030991 0.00000000
vn -0.95693268 -0.29030991 0.00000000
vn -0.98078399 -0.19509682 0.00000000
vn -0.98078399 -0.19509682 0.00000000
vn -0.47140812 -0.88191518 0.00000000
vn -0.47140812 -0.88191518 0.00000000
vn -0.55557677 -0.83146524 0.00000000
vn -0.55557677 -0.83146524 0.00000000
vn -0.67959146 0.73359079 0.00000000
vn -0.68850088 0.70420090 -0.17340022
vn -0.67964132 0.73354460 0.00000000
vn -0.53281857 0.84622950 0.00000000
vn -0.62815847 0.76974911 -0.11359249
vn -0.68855347 0.70415241 -0.17338828
vn -0.99518655 -0.09799868 0.00000000
vn -0.99518655 -0.09799868 0.00000000
vn -1.00000000 0.00000000 0.00000000
vn -1.00000000 0.00000000 0.00000000
vn -0.63440242 -0.77300295 0.00000000
vn -0.63440242 -0.77300295 0.00000000
vn -0.70710678 -0.70710678 0.00000000
vn -0.70710678 -0.70710678 0.00000000
vn -0.99518655 0.09799868 0.00000000
vn -0.99518655 0.09799868 0.00000000
vn -0.98078399 0.19509682 0.00000000
vn -0.98078399 0.19509682 0.00000000
vn -0.70710678 -0.70710678 0.00000000
vn -0.77300295 -0.63440242 0.00000000
vn -0.77300295 -0.63440242 0.00000000
vn -0.70710678 -0.70710678 0.00000000
vn 0.00000000 -1.00000000 0.00000000
vn -0.09799868 -0.99518655 0.00000000
vn -0.09799868 -0.99518655 0.00000000
vn 0.00000000 -1.00000000 0.00000000
vn -0.97901505 0.19650302 -0.05400083
vn -0.95524896 0.29191496 -0.04780245
vn -0.95693268 0.29030991 0.00000000
vn -0.98078399 0.19509682 0.00000000
vn -0.91261651 0.40830739 -0.02040037
vn -0.91877222 0.39478806 0.00000000
vn -0.96811551 0.25050401 0.00030000
vn -0.92939109 0.36909646 0.00000000
vn -0.19449509 -0.97677534 -0.08989773
vn -0.28940411 -0.95301353 -0.08950127
vn -0.29030991 -0.95693268 0.00000000
vn -0.19509682 -0.98078399 0.00000000
vn -0.38118593 -0.92016603 -0.08939670
vn -0.38269034 -0.92387667 0.00000000
vn -0.46997882 -0.87826042 -0.08819603
vn -0.47140812 -0.88191518 0.00000000
vn -0.55369319 -0.82808982 -0.08769892
vn -0.55557677 -0.83146524 0.00000000
vn -0.63239872 -0.76979844 -0.08649982
vn -0.63440242 -0.77300295 0.00000000
vn -0.70481729 -0.70421728 -0.08550210
vn -0.70710678 -0.70710678 0.00000000
vn -0.70481729 -0.70421728 -0.08550210
vn -0.77058012 -0.63178370 -0.08399783
vn -0.77300295 -0.63440242 0.00000000
vn -0.70710678 -0.70710678 0.00000000
vn -0.82903422 -0.55312283 -0.08220339
vn -0.83146524 -0.55557677 0.00000000
vn -0.87943296 -0.46921759 -0.08020301
vn -0.88191518 -0.47140812 0.00000000
vn -0.92137466 -0.38078953 -0.07789786
vn -0.92387667 -0.38269034 0.00000000
vn 0.00000000 -0.35720932 -0.93402436
vn -0.03459976 -0.35639754 -0.93369355
vn -0.04179960 -0.42909585 -0.90229127
vn 0.00000000 -0.43037602 -0.90264970
vn -0.95452744 -0.28850829 -0.07510216
vn -0.95693268 -0.29030991 0.00000000
vn -0.97843350 -0.19360663 -0.07200247
vn -0.98078399 -0.19509682 0.00000000
vn -0.99299380 -0.09649940 -0.06819957
vn -0.99518655 -0.09799868 0.00000000
vn -0.99794872 0.00140007 -0.06400312
vn -1.00000000 0.00000000 0.00000000
vn -0.99327927 0.09939793 -0.05929876
vn -0.99518655 0.09799868 0.00000000
vn -0.75088644 0.52959043 -0.39459287
vn -0.80598652 0.33269444 -0.48959181
vn -0.06929924 -0.35369611 -0.93278973
vn -0.08370158 -0.42520804 -0.90121705
vn -0.10419992 -0.34929973 -0.93119927
vn -0.12560570 -0.41881900 -0.89934079
vn -0.13960053 -0.34300131 -0.92890354
vn -0.16800384 -0.40990937 -0.89652050
vn -0.17559268 -0.33458606 -0.92586142
vn -0.21039767 -0.39809559 -0.89289010
vn -0.21229876 -0.32409810 -0.92189460
vn -0.25319936 -0.38339903 -0.88819776
vn -0.24990764 -0.31110952 -0.91692804
vn -0.29628714 -0.36558413 -0.88236170
vn -0.28840110 -0.29540113 -0.91080348
vn -0.33990962 -0.34440975 -0.87512478
vn -0.32810283 -0.27670239 -0.90320779
vn -0.38390018 -0.31960015 -0.86630041
vn -0.36899274 -0.25459499 -0.89388240
vn -0.42848776 -0.29079169 -0.85547556
vn -0.41129801 -0.22849889 -0.88239572
vn -0.47361052 -0.25760572 -0.84221871
vn -0.09770193 -0.99111955 -0.09020178
vn -0.09799868 -0.99518655 0.00000000
vn -0.45478034 -0.19779145 -0.86836247
vn -0.51890000 -0.21940000 -0.82620000
vn -0.49947925 -0.16189328 -0.85106465
vn -0.56441378 -0.17550428 -0.80661969
vn -0.54511742 -0.12000383 -0.82972651
vn -0.60983432 -0.12540706 -0.78254404
vn -0.59119284 -0.07109914 -0.80339028
vn -0.65400247 -0.06830026 -0.75340284
vn -0.63679732 -0.01439994 -0.77089676
vn -0.69642264 -0.00350011 -0.71762333
vn -0.68069940 0.05079996 -0.73079935
vn -0.73510373 0.06930035 -0.67440342
vn -0.72069240 0.12499868 -0.68189281
vn -0.76816041 0.15029225 -0.62236792
vn -0.72074154 0.12500720 -0.68183930
vn -0.75441024 0.20820283 -0.62250845
vn -0.79277201 0.23859158 -0.56088020
vn -0.76816041 0.15029225 -0.62236792
vn -0.05979974 -0.61749729 -0.78429656
vn 0.00000000 -0.61978045 -0.78477525
vn -0.07869973 -0.80879718 -0.58279797
vn 0.00000000 -0.81231887 -0.58321355
vn 0.00000000 -0.81231887 -0.58321355
vn -0.07869973 -0.80879718 -0.58279797
vn -0.09249844 -0.94038415 -0.32729449
vn 0.00000000 -0.94481474 -0.32760511
vn 0.00000000 -0.99591449 -0.09030131
vn -0.11929811 -0.61049031 -0.78298757
vn -0.15680823 -0.79834188 -0.58143050
vn -0.15679911 -0.79829546 -0.58149669
vn -0.18380327 -0.92711650 -0.32660581
vn -0.17830316 -0.59891060 -0.78071382
vn -0.23388801 -0.78085998 -0.57927031
vn -0.23388801 -0.78085998 -0.57927031
vn -0.27360710 -0.90512347 -0.32540844
vn -0.23670983 -0.58272420 -0.77743229
vn -0.30929981 -0.75659952 -0.57609964
vn -0.30929981 -0.75659952 -0.57609964
vn -0.36139294 -0.87468292 -0.32299369
vn -0.29460510 -0.56210972 -0.77281337
vn -0.38250275 -0.72560522 -0.57200412
vn -0.38250275 -0.72560522 -0.57200412
vn -0.44519740 -0.83599512 -0.32079813
vn -0.35080892 -0.53651364 -0.76751952
vn -0.45309015 -0.68808505 -0.56678768
vn -0.45309015 -0.68808505 -0.56678768
vn -0.52540711 -0.78931068 -0.31770430
vn -0.40612629 -0.50643278 -0.76064924
vn -0.52047634 -0.64427072 -0.56037453
vn -0.52047634 -0.64427072 -0.56037453
vn -0.60079613 -0.73519526 -0.31389798
vn -0.46041911 -0.47181958 -0.75193120
vn -0.58421185 -0.59431206 -0.55271121
vn -0.58424414 -0.59434491 -0.55264176
vn -0.67088346 -0.67398339 -0.30929238
vn -0.51279284 -0.43219397 -0.74178964
vn -0.64390620 -0.53860519 -0.54340524
vn -0.58421185 -0.59431206 -0.55271121
vn -0.64390620 -0.53860519 -0.54340524
vn -0.73497855 -0.60628230 -0.30369114
vn -0.67088346 -0.67398339 -0.30929238
vn -0.56351537 -0.38781058 -0.72941990
vn -0.69909409 -0.47719597 -0.53249550
vn -0.69913132 -0.47722138 -0.53242385
vn -0.79248144 -0.53258752 -0.29719304
vn -0.61210702 -0.33840388 -0.71470820
vn -0.74928988 -0.41059445 -0.51959298
vn -0.74932064 -0.41051131 -0.51961432
vn -0.84294879 -0.45347245 -0.28948241
vn -0.65830356 -0.28380154 -0.69720378
vn -0.61210702 -0.33840388 -0.71470820
vn -0.65830356 -0.28380154 -0.69720378
vn -0.79429348 -0.33879722 -0.50429586
vn -0.88577516 -0.36968963 -0.28059213
vn -0.70170481 -0.22380153 -0.67640464
vn -0.70170481 -0.22380153 -0.67640464
vn -0.83317907 -0.26239341 -0.48678777
vn -0.92058432 -0.28189520 -0.27029540
vn -0.74180900 -0.15810192 -0.65170791
vn -0.74190231 -0.15810049 -0.65160203
vn -0.86578966 -0.18159783 -0.46629443
vn -0.94700748 -0.19080151 -0.25840204
vn -0.77797737 -0.08669748 -0.62228190
vn -0.77797737 -0.08669748 -0.62228190
vn -0.89153148 -0.09670341 -0.44251562
vn -0.96474647 -0.09710468 -0.24461178
vn -0.80909801 -0.00939998 -0.58759855
vn -0.80909801 -0.00939998 -0.58759855
vn -0.90978714 -0.00819988 -0.41499413
vn -0.97340133 -0.00170000 -0.22910031
vn -0.69642264 -0.00350011 -0.71762333
vn -0.73510373 0.06930035 -0.67440342
vn -0.83396360 0.07369678 -0.54687613
vn -0.91970183 0.08320017 -0.38370076
vn -0.97282159 0.09470210 -0.21130469
vn -0.85098079 0.16199634 -0.49958872
vn -0.92067611 0.17699541 -0.34789097
vn -0.96274513 0.19100895 -0.19140897
vn -0.85833460 0.25451026 -0.44551796
vn -0.91166626 0.27158995 -0.30838859
vn -0.94302502 0.28630760 -0.16950450
vn -0.85418898 0.34959549 -0.38489503
vn -0.88599378 0.37459737 -0.27329808
vn -0.90071741 0.40980792 -0.14410279
vn -0.80804370 0.53192876 -0.25321369
vn -0.88474986 0.43252437 -0.17360978
vn -0.93997497 0.33149117 -0.08099784
vn 0.00000000 -1.00000000 0.00000000
vn -0.80807840 0.53188578 -0.25319323
vn -0.75088644 0.52959043 -0.39459287
vn -0.99938683 0.03499954 0.00099999
vn -0.99935185 0.03599827 0.00000000
vn -0.98241011 0.17740183 -0.05830060
vn -0.62810506 0.76980620 -0.11350091
vn -0.86713048 0.49221730 -0.07620268
vn 0.00000000 1.00000000 0.00000000
vn 0.00000000 1.00000000 0.00000000
vn 0.00000000 1.00000000 0.00000000
vn 0.00000000 1.00000000 0.00000000
vn 0.00000000 1.00000000 0.00000000
vn 0.00000000 1.00000000 0.00000000
vn 0.00000000 1.00000000 0.00000000
vn 0.00000000 1.00000000 0.00000000
vn 0.00000000 1.00000000 0.00000000
vn 0.00000000 1.00000000 0.00000000
vn 0.00000000 1.00000000 0.00000000
vn 0.00000000 1.00000000 0.00000000
vn -0.99999838 0.00180000 0.00000000
vn -0.99998542 0.00539992 0.00000000
vn -0.99709260 0.07619943 0.00000000
vn -0.99709260 0.07619943 0.00000000
vn -0.98078399 0.19509682 0.00000000
vn -0.98078399 0.19509682 0.00000000
vn -0.95693268 0.29030991 0.00000000
vn -0.95693268 0.29030991 0.00000000
vn -0.92387667 0.38269034 0.00000000
vn -0.92387667 0.38269034 0.00000000
vn -0.88191518 0.47140812 0.00000000
vn -0.88191518 0.47140812 0.00000000
vn -0.83146524 0.55557677 0.00000000
vn -0.83146524 0.55557677 0.00000000
vn -0.77300295 0.63440242 0.00000000
vn -0.77300295 0.63440242 0.00000000
vn -0.70710678 0.70710678 0.00000000
vn -0.70710678 0.70710678 0.00000000
vn -0.70710678 0.70710678 0.00000000
vn -0.70710678 0.70710678 0.00000000
vn -0.63440242 0.77300295 0.00000000
vn -0.63440242 0.77300295 0.00000000
vn -0.55557677 0.83146524 0.00000000
vn -0.55557677 0.83146524 0.00000000
vn -0.47140812 0.88191518 0.00000000
vn -0.47140812 0.88191518 0.00000000
vn -0.38269034 0.92387667 0.00000000
vn -0.38269034 0.92387667 0.00000000
vn -0.29030991 0.95693268 0.00000000
vn -0.29030991 0.95693268 0.00000000
vn -0.19509682 0.98078399 0.00000000
vn -0.19509682 0.98078399 0.00000000
vn -0.09799868 0.99518655 0.00000000
vn -0.09799868 0.99518655 0.00000000
vn 0.00000000 1.00000000 0.00000000
vn 0.00000000 1.00000000 0.00000000
vn 0.00000000 0.99518655 0.09799868
vn 0.00000000 1.00000000 0.00000000
vn -0.09799868 0.99518655 0.00000000
vn -0.09790084 0.99040851 0.09750084
vn -0.09869770 -0.91937854 0.38079111
vn 0.00000000 -0.92387667 0.38269034
vn 0.00000000 -0.70710678 0.70710678
vn -0.09870058 -0.70360410 0.70370410
vn 0.00000000 -1.00000000 0.00000000
vn 0.00000000 -0.99518655 0.09799868
vn -0.09789989 -0.99039885 0.09759989
vn -0.09799868 -0.99518655 0.00000000
vn 0.00000000 0.70710678 0.70710678
vn -0.09870058 0.70360410 0.70370410
vn -0.09869770 0.38079111 0.91937854
vn 0.00000000 0.38269034 0.92387667
vn 0.00000000 0.92387667 0.38269034
vn -0.09869770 0.91937854 0.38079111
vn -0.09869363 0.70365459 0.70365459
vn 0.00000000 0.70710678 0.70710678
vn -0.09869770 -0.38079111 0.91937854
vn 0.00000000 -0.38269034 0.92387667
vn 0.00000000 -0.09799868 0.99518655
vn -0.09789989 -0.09759989 0.99039885
vn -0.09870058 -0.70360410 0.70370410
vn 0.00000000 -0.70710678 0.70710678
vn -0.09789989 0.09759989 0.99039885
vn 0.00000000 0.09799868 0.99518655
vn -0.99461850 0.10310192 0.01020019
vn -0.99414533 0.09980455 0.04140189
vn -0.91776492 0.36688598 0.15199419
vn -0.92018585 0.38959401 0.03839941
vn -0.70146851 0.65847044 0.27268776
vn -0.70268209 0.70808195 0.06969822
vn -0.70263146 0.70813170 0.06970312
vn -0.70146851 0.65847044 0.27268776
vn -0.37998914 0.85457558 0.35398988
vn -0.37988958 0.92057475 0.09069751
vn -0.99414537 0.07640349 0.07640349
vn -0.91777517 0.28079240 0.28079240
vn -0.70152362 0.50391696 0.50391696
vn -0.70145292 0.50396617 0.50396617
vn -0.38000707 0.65411216 0.65401216
vn -0.99414533 0.04140189 0.09980455
vn -0.91776492 0.15199419 0.36688598
vn -0.70151470 0.27270571 0.65841379
vn -0.70145292 0.50396617 0.50396617
vn -0.70151470 0.27270571 0.65841379
vn -0.37998914 0.35398988 0.85457558
vn -0.38000707 0.65411216 0.65401216
vn -0.99461950 0.01010020 0.10310202
vn -0.92018585 0.03839941 0.38959401
vn -0.70263146 0.06970312 0.70813170
vn -0.70268209 0.06969822 0.70808195
vn -0.37988958 0.09069751 0.92057475
vn -0.99414533 -0.09980455 0.04140189
vn -0.99461850 -0.10310192 0.01020019
vn -0.92018585 -0.38959401 0.03839941
vn -0.91776492 -0.36688598 0.15199419
vn -0.70262656 -0.70812676 0.06980264
vn -0.70151470 -0.65841379 0.27270571
vn -0.70146851 -0.65847044 0.27268776
vn -0.70263146 -0.70813170 0.06970312
vn -0.37988958 -0.92057475 0.09069751
vn -0.37998914 -0.85457558 0.35398988
vn -0.99414537 -0.07640349 0.07640349
vn -0.91777517 -0.28079240 0.28079240
vn -0.70148826 -0.50389157 0.50399157
vn -0.70145292 -0.50396617 0.50396617
vn -0.38000707 -0.65401216 0.65411216
vn -0.99414533 -0.04140189 0.09980455
vn -0.91776492 -0.15199419 0.36688598
vn -0.70146851 -0.27268776 0.65847044
vn -0.70146851 -0.27268776 0.65847044
vn -0.70145292 -0.50396617 0.50396617
vn -0.38000707 -0.65401216 0.65411216
vn -0.37998914 -0.35398988 0.85457558
vn -0.99461850 -0.01020019 0.10310192
vn -0.92018585 -0.03839941 0.38959401
vn -0.70263146 -0.06970312 0.70813170
vn -0.70268209 -0.06969822 0.70808195
vn -0.37988958 -0.09069751 0.92057475
vn -0.99518655 -0.09799868 0.00000000
vn -0.92387667 -0.38269034 0.00000000
vn -0.70710678 -0.70710678 0.00000000
vn -0.70710678 -0.70710678 0.00000000
vn -0.38269034 -0.92387667 0.00000000
vn -0.99518655 0.09799868 0.00000000
vn -0.92387667 0.38269034 0.00000000
vn -0.70710678 0.70710678 0.00000000
vn -0.70710678 0.70710678 0.00000000
vn -0.38269034 0.92387667 0.00000000
vn 0.00000000 0.00000000 1.00000000
vn 0.00000000 0.00000000 1.00000000
vn 0.00000000 0.00000000 1.00000000
vn 0.00000000 0.00000000 1.00000000
vn 0.00000000 0.00000000 1.00000000
vn 0.00000000 0.00000000 1.00000000
vn 0.00000000 0.00000000 1.00000000
vn 0.00000000 0.00000000 1.00000000
vn 0.00000000 0.00000000 1.00000000
vn 0.00000000 0.00000000 1.00000000
vn 0.00000000 0.00000000 1.00000000
vn 0.00000000 0.00000000 1.00000000
vn 0.00000000 0.00000000 1.00000000
vn 0.00000000 0.00000000 1.00000000
vn 0.00000000 0.00000000 1.00000000
vn 0.00000000 0.00000000 1.00000000
vn 0.00000000 0.00000000 1.00000000
vn 0.00000000 0.00000000 1.00000000
vn 0.00000000 0.00000000 1.00000000
vn 0.00000000 0.00000000 1.00000000
vn 0.00000000 0.00000000 1.00000000
vn 0.00000000 0.00000000 1.00000000
vn 0.00000000 0.00000000 1.00000000
vn 0.00000000 0.00000000 1.00000000
vn 0.00000000 0.00000000 1.00000000
vn 0.00000000 0.00000000 1.00000000
vn 0.00000000 0.00000000 1.00000000
vn 0.00000000 0.00000000 1.00000000
vn -0.62878538 0.76648218 0.13089696
vn -0.55060470 0.82440704 0.13110112
vn -0.55557677 0.83146524 0.00000000
vn -0.63440242 0.77300295 0.00000000
vn -0.98251956 0.13450268 0.12870256
vn -0.99204218 -0.00040002 0.12590535
vn -1.00000000 0.00000000 0.00000000
vn -0.99051535 0.13740213 0.00000000
vn -0.19320061 -0.97210309 0.13300042
vn -0.28750036 -0.94850119 0.13300017
vn -0.29030991 -0.95693268 0.00000000
vn -0.19509682 -0.98078399 0.00000000
vn -0.46718490 0.87437174 0.13119576
vn -0.47140812 0.88191518 0.00000000
vn -0.37930858 0.91592073 0.13120297
vn -0.38269034 0.92387667 0.00000000
vn -0.28769386 0.94867976 0.13129720
vn -0.29030991 0.95693268 0.00000000
vn -0.19330272 0.97231368 0.13130185
vn -0.19509682 0.98078399 0.00000000
vn -0.00369988 -0.03809875 0.99926713
vn -0.00739977 -0.03749885 0.99926927
vn -0.02609957 -0.12989788 0.99118381
vn -0.01309987 -0.13179866 0.99118994
vn -0.09709641 0.98656353 0.13139514
vn -0.09799868 0.99518655 0.00000000
vn -0.37900132 -0.91580318 0.13290046
vn -0.46689874 -0.87429764 0.13269964
vn -0.47140812 -0.88191518 0.00000000
vn -0.38269034 -0.92387667 0.00000000
vn 0.00000000 0.99132892 0.13140383
vn 0.00000000 1.00000000 0.00000000
vn -0.01089964 -0.03669879 0.99926693
vn -0.01449954 -0.03539887 0.99926807
vn -0.05119731 -0.12249356 0.99114790
vn -0.03879881 -0.12679613 0.99116971
vn -0.55028674 -0.82438013 0.13259680
vn -0.62841930 -0.76652354 0.13240407
vn -0.63440242 -0.77300295 0.00000000
vn -0.55557677 -0.83146524 0.00000000
vn -0.01779935 -0.03399875 0.99926336
vn -0.02109920 -0.03209878 0.99926197
vn -0.07450017 -0.11030025 0.99110221
vn -0.06310232 -0.11690430 0.99113646
vn -0.70050043 -0.70130043 0.13220008
vn -0.76580321 -0.62940264 0.13190055
vn -0.77300295 -0.63440242 0.00000000
vn -0.70710678 -0.70710678 0.00000000
vn -0.02409902 -0.02999878 0.99925938
vn -0.02699877 -0.02759874 0.99925441
vn -0.09469783 -0.09379785 0.99107733
vn -0.08509883 -0.10249859 0.99108639
vn -0.82384256 -0.55132848 0.13160680
vn -0.87391534 -0.46800821 0.13130230
vn -0.88191518 -0.47140812 0.00000000
vn -0.83146524 -0.55557677 0.00000000
vn -0.02949873 -0.02479894 0.99925714
vn -0.03189844 -0.02189893 0.99925118
vn -0.11189891 -0.07359928 0.99099030
vn -0.10409961 -0.08419969 0.99099631
vn -0.91560731 -0.38020303 0.13080104
vn -0.94852544 -0.28860774 0.13040350
vn -0.95693268 -0.29030991 0.00000000
vn -0.92387667 -0.38269034 0.00000000
vn -0.03400153 -0.01880085 0.99924493
vn -0.03580139 -0.01550060 0.99923871
vn -0.12489793 -0.05049917 0.99088362
vn -0.11929946 -0.06239972 0.99089551
vn -0.97230302 -0.19430060 0.12990040
vn -0.98673028 -0.09820301 0.12930397
vn -0.99518655 -0.09799868 0.00000000
vn -0.98078399 -0.19509682 0.00000000
vn -0.03720137 -0.01190044 0.99923693
vn -0.03840107 -0.00830023 0.99922793
vn -0.13389660 -0.02519936 0.99067487
vn -0.13009595 -0.03809881 0.99076916
vn -0.99168335 -0.00099998 0.12869784
vn -0.98712286 0.09620223 0.12780296
vn -0.99518655 0.09799868 0.00000000
vn -1.00000000 0.00000000 0.00000000
vn -0.03930068 -0.00450008 0.99921730
vn -0.03980030 -0.00070001 0.99920741
vn -0.13769630 0.00149996 0.99047336
vn -0.13629932 -0.01199994 0.99059502
vn -0.97620861 0.17480154 0.12830113
vn -0.94880039 0.28820012 0.12930005
vn -0.95693268 0.29030991 0.00000000
vn -0.98444241 0.17570757 0.00000000
vn -0.97305939 0.19249197 0.12689470
vn -0.94963096 0.28700936 0.12580410
vn -0.95693268 0.29030991 0.00000000
vn -0.98078399 0.19509682 0.00000000
vn -0.91596092 0.37972525 0.12970863
vn -0.92387667 0.38269034 0.00000000
vn -0.03989993 0.00329999 0.99919823
vn -0.03969943 0.00719990 0.99918573
vn -0.13669955 0.02869991 0.99019672
vn -0.13769439 0.01509939 0.99035966
vn -0.87426949 0.46768368 0.13009546
vn -0.88191518 0.47140812 0.00000000
vn -0.91223397 0.39051454 0.12380461
vn -0.92367483 0.36159015 0.12679655
vn -0.93167588 0.36329059 0.00000000
vn -0.91877222 0.39478806 0.00000000
vn -0.82419134 0.55109421 0.13039863
vn -0.83146524 0.55557677 0.00000000
vn -0.03919877 0.01119965 0.99916867
vn -0.03799833 0.01559931 0.99915604
vn -0.13180480 0.05870214 0.98953603
vn -0.13440318 0.04230100 0.99002344
vn -0.76619562 0.62919640 0.13059925
vn -0.77300295 0.63440242 0.00000000
vn -0.70088217 0.70118216 0.13079667
vn -0.70710678 0.70710678 0.00000000
vn -0.70088217 0.70118216 0.13079667
vn -0.70710678 0.70710678 0.00000000
vn -0.88126341 0.47098044 0.03939836
vn -0.92319820 0.38229926 0.03939992
vn -0.87639304 0.48019618 0.03669971
vn -0.91796844 0.39488642 0.03739871
vn -0.83086217 0.55507473 0.03949820
vn -0.99872400 -0.05050121 0.00000000
vn -0.99992061 -0.01260026 0.00000000
vn -0.99896848 -0.02589918 0.03729882
vn -0.99805057 -0.05069749 0.03639820
vn -0.77249268 0.63379400 0.03949963
vn -0.99999902 -0.00140000 0.00000000
vn -0.99927008 -0.00039999 0.03819886
vn -0.99927059 -0.00259992 0.03809888
vn -0.70660213 0.70650213 0.03960012
vn -0.63390028 0.77240034 0.03960002
vn -0.70660213 0.70650213 0.03960012
vn -0.86074928 0.50902915 0.00000000
vn -0.86019633 0.50869783 0.03589985
vn -0.55518563 0.83077850 0.03969897
vn -0.47109417 0.88118910 0.03969951
vn -0.09799709 -0.99437044 0.04029880
vn 0.00000000 -0.99918765 0.04029950
vn -0.38241540 0.92313718 0.03970160
vn -0.19499521 -0.97997595 0.04029901
vn -0.29009238 0.95617488 0.03969896
vn -0.29011316 -0.95614336 0.04030183
vn -0.19499989 0.97999947 0.03969998
vn -0.38249313 -0.92308343 0.04019928
vn -0.09799944 0.99439431 0.03969977
vn -0.47108476 -0.88117150 0.04019870
vn 0.00000000 0.99920765 0.03980030
vn -0.55522066 -0.83073092 0.04020150
vn -0.63399642 -0.77229564 0.04009977
vn -0.70669087 -0.70639087 0.03999948
vn -0.77252938 -0.63372410 0.03990152
vn -0.70669087 -0.70639087 0.03999948
vn -0.83094451 -0.55492973 0.03980213
vn -0.88133595 -0.47081921 0.03970162
vn -0.92324097 -0.38217556 0.03959747
vn -0.95627419 -0.28979218 0.03949893
vn -0.99197968 0.00000000 0.12639741
vn -0.99045816 0.05399772 0.12679464
vn -0.99855158 0.05380278 0.00000000
vn -1.00000000 0.00000000 0.00000000
vn -0.98007619 -0.19469527 0.03929905
vn -0.99445783 -0.09759586 0.03909834
vn -0.99924300 0.00030001 0.03890167
vn -0.99634449 0.07600339 0.03900174
vn -0.99440785 0.09830078 0.03860030
vn -0.98006095 0.19479224 0.03919844
vn -0.97999560 0.19529912 0.03829983
vn -0.95621772 0.29000538 0.03930073
vn -0.95615477 0.29038627 0.03799820
vn -0.03759973 0.00020000 0.99929286
vn -0.03559863 0.00299988 0.99936167
vn -0.13640430 0.00660021 0.99063126
vn -0.13290388 0.00000000 0.99112893
vn -0.03540165 0.00730034 0.99934650
vn -0.13409980 0.02309997 0.99069856
vn -0.03450163 0.01070051 0.99934736
vn -0.12800436 0.03830130 0.99103375
vn -0.03330158 0.01400066 0.99934728
vn -0.12319953 0.05049981 0.99109618
vn -0.03759973 0.01999985 0.99909272
vn -0.12000201 0.04580077 0.99171660
vn -0.03169840 0.01719913 0.99934949
vn -0.11740406 0.06220215 0.99113429
vn 0.00000000 -0.99110257 0.13310034
vn -0.09710332 -0.98633368 0.13310454
vn -0.09799868 -0.99518655 0.00000000
vn 0.00000000 -1.00000000 0.00000000
vn -0.02979856 0.02019903 0.99935181
vn -0.11039788 0.07329859 0.99118092
vn -0.04939762 0.00739964 0.99875178
vn -0.04120164 -0.00470019 0.99913980
vn -0.13699498 -0.00399985 0.99056367
vn -0.12309945 0.01399994 0.99229558
vn -0.02769866 0.02299889 0.99935171
vn -0.10250140 0.08360114 0.99121355
vn -0.99200474 0.00000000 0.12620060
vn -1.00000000 0.00000000 0.00000000
vn -0.02529885 0.02549884 0.99935468
vn -0.09370265 0.09320264 0.99122807
vn -0.03859825 -0.00019999 0.99925479
vn -0.13339501 0.00000000 0.99106295
vn -0.02269893 0.02789869 0.99935300
vn -0.08399601 0.10179517 0.99125295
vn -0.01979914 0.02989871 0.99935682
vn -0.07349749 0.10949627 0.99126620
vn -0.01679927 0.03169861 0.99935628
vn -0.06229960 0.11599925 0.99129357
vn 0.00000000 -0.03819886 0.99927016
vn 0.00000000 -0.13249777 0.99118330
vn -0.01359940 0.03319855 0.99935625
vn -0.05060004 0.12150010 0.99130084
vn -0.01039956 0.03429854 0.99935752
vn -0.03830061 0.12580200 0.99131575
vn -0.00689970 0.03519847 0.99935652
vn -0.02580023 0.12900114 0.99130876
vn -0.00349985 0.03569845 0.99935648
vn -0.01290015 0.13090151 0.99131144
vn 0.00000000 0.03589840 0.99935544
vn 0.00000000 0.13150211 0.99131589
vn -0.70050043 -0.70130043 0.13220008
vn -0.70710678 -0.70710678 0.00000000
vn -0.98839287 -0.00249998 0.15189890
vn -0.98847720 -0.02669938 0.14899656
vn -0.95368565 -0.00239996 0.30079547
vn -0.95500806 -0.02640022 0.29540249
vn -0.89631679 -0.00230004 0.44340831
vn -0.89939529 -0.02539987 0.43639771
vn -0.81709612 -0.00219999 0.57649726
vn -0.82212321 -0.02370067 0.56881606
vn -0.71742930 -0.00200008 0.69662845
vn -0.72407994 -0.02149940 0.68938090
vn -0.72407994 -0.02149940 0.68938090
vn -0.71742930 -0.00200008 0.69662845
vn -0.59868636 -0.00169996 0.80098175
vn -0.60630777 -0.01870024 0.79501018
vn -0.46389450 -0.00129998 0.88588950
vn -0.47139451 -0.01529982 0.88178973
vn -0.31658757 -0.00099996 0.94856276
vn -0.32249951 -0.01159998 0.94649855
vn -0.15959711 -0.00049999 0.98718211
vn -0.16359972 -0.00749999 0.98649829
vn -0.09679633 -0.98226273 0.16059391
vn 0.00000000 -0.98701907 0.16060310
vn -0.09299610 -0.94396041 0.31668672
vn 0.00000000 -0.94852317 0.31670774
vn -0.08680151 -0.88151529 0.46410805
vn 0.00000000 -0.88593134 0.46381641
vn -0.07840015 -0.79750158 0.59820118
vn 0.00000000 -0.80128214 0.59828666
vn -0.06810214 -0.69392184 0.71682256
vn 0.00000000 -0.69718834 0.71688801
vn 0.00000000 -0.69723832 0.71683940
vn -0.06820168 -0.69391711 0.71681767
vn -0.05629844 -0.57448406 0.81657734
vn 0.00000000 -0.57713464 0.81664901
vn -0.04330073 -0.44190740 0.89601501
vn 0.00000000 -0.44389059 0.89608099
vn -0.02919930 -0.29909284 0.95377716
vn 0.00000000 -0.30100693 0.95362195
vn -0.01469957 -0.15069557 0.98847092
vn 0.00000000 -0.15149360 0.98845824
vn -0.19260856 -0.96804302 0.16060714
vn -0.18500753 -0.93033784 0.31661288
vn -0.17269966 -0.86899827 0.46369908
vn -0.15609656 -0.78608269 0.59808683
vn -0.13569551 -0.68407736 0.71667628
vn -0.13569551 -0.68407736 0.71667628
vn -0.11209807 -0.56609023 0.81668591
vn -0.08610101 -0.43560510 0.89601050
vn -0.05830134 -0.29530680 0.95362196
vn -0.02929894 -0.14859460 0.98846407
vn -0.28660286 -0.94450942 0.16050160
vn -0.27539243 -0.90777505 0.31639131
vn -0.25709529 -0.84798446 0.46349150
vn -0.23230883 -0.76722917 0.59782273
vn -0.20190412 -0.66771364 0.71651463
vn -0.20190412 -0.66771364 0.71651463
vn -0.16700559 -0.55291850 0.81632731
vn -0.12830142 -0.42530472 0.89590995
vn -0.08679732 -0.28839109 0.95357055
vn -0.04360178 -0.14520591 0.98844025
vn -0.37779573 -0.91188969 0.16039819
vn -0.36299933 -0.87649838 0.31619942
vn -0.33889921 -0.81889809 0.46319892
vn -0.30638656 -0.74096750 0.59757379
vn -0.26631556 -0.64503769 0.71624185
vn -0.26631556 -0.64503769 0.71624185
vn -0.22030871 -0.53422112 0.81613226
vn -0.16919938 -0.41099850 0.89579674
vn -0.11449989 -0.27879973 0.95349908
vn -0.05750216 -0.14030527 0.98843712
vn -0.46539268 -0.87048631 0.16019748
vn -0.44719667 -0.83679377 0.31589765
vn -0.41761228 -0.78192298 0.46281360
vn -0.37760954 -0.70771788 0.59711509
vn -0.32830063 -0.61620119 0.71590138
vn -0.32830063 -0.61620119 0.71590138
vn -0.27159055 -0.51048223 0.81587160
vn -0.20840809 -0.39271525 0.89573478
vn -0.14120485 -0.26650916 0.95343277
vn -0.07090008 -0.13430014 0.98840106
vn -0.54861473 -0.82062203 0.16000429
vn -0.52719971 -0.78899957 0.31549983
vn -0.49230324 -0.73750486 0.46230304
vn -0.44521254 -0.66761880 0.59671680
vn -0.38720396 -0.58160594 0.71540731
vn -0.38720396 -0.58160594 0.71540731
vn -0.32038604 -0.48187901 0.81556447
vn -0.24620042 -0.37100063 0.89540152
vn -0.16670225 -0.25180340 0.95331286
vn -0.08369816 -0.12689722 0.98837833
vn -0.62642211 -0.76292693 0.15980564
vn -0.60210561 -0.73360683 0.31510293
vn -0.56239668 -0.68589595 0.46179727
vn -0.50859673 -0.62109601 0.59629617
vn -0.44252347 -0.54132870 0.71493791
vn -0.44252347 -0.54132870 0.71493791
vn -0.36628930 -0.44868689 0.81517619
vn -0.28151610 -0.34561977 0.89515120
vn -0.19060422 -0.23460519 0.95322109
vn -0.09580434 -0.11830536 0.98834476
vn -0.69819308 -0.69789309 0.15959842
vn -0.67118155 -0.67118155 0.31469135
vn -0.62702070 -0.62772072 0.46131523
vn -0.56730331 -0.56870332 0.59560347
vn -0.50859673 -0.62109601 0.59629617
vn -0.56730331 -0.56870332 0.59560347
vn -0.49369411 -0.49589408 0.71439148
vn -0.40881248 -0.41121255 0.81472486
vn -0.31440943 -0.31690951 0.89482684
vn -0.21289606 -0.21519601 0.95308234
vn -0.10700108 -0.10860109 0.98830996
vn -0.76331040 -0.62610853 0.15920217
vn -0.69820422 -0.69790422 0.15950096
vn -0.73379552 -0.60229632 0.31429808
vn -0.67112660 -0.67122660 0.31471247
vn -0.68591399 -0.56351149 0.46040939
vn -0.62702070 -0.62772072 0.46131523
vn -0.62070864 -0.51080711 0.59480828
vn -0.56730331 -0.56870332 0.59560347
vn -0.62070864 -0.51080711 0.59480828
vn -0.54071499 -0.44571236 0.71341978
vn -0.44769550 -0.36989628 0.81409181
vn -0.34429797 -0.28519832 0.89449473
vn -0.23329481 -0.19389568 0.95287879
vn -0.11719665 -0.09789720 0.98827177
vn -0.82112222 -0.54821483 0.15880430
vn -0.78960521 -0.52760348 0.31330207
vn -0.73819384 -0.49389588 0.45949616
vn -0.66828460 -0.44798967 0.59388631
vn -0.66828460 -0.44798967 0.59388631
vn -0.58217726 -0.39118472 0.71277216
vn -0.48211799 -0.32491212 0.81363036
vn -0.37118984 -0.25069314 0.89407553
vn -0.25159873 -0.17049914 0.95269519
vn -0.12640337 -0.08620230 0.98822637
vn -0.87097841 -0.46508847 0.15839607
vn -0.83773251 -0.44781738 0.31251213
vn -0.78350358 -0.41940192 0.45850210
vn -0.70978516 -0.38069204 0.59268761
vn -0.61851320 -0.33280710 0.71181519
vn -0.58217726 -0.39118472 0.71277216
vn -0.61857494 -0.33278652 0.71177116
vn -0.51249345 -0.27669647 0.81288962
vn -0.39470459 -0.21370249 0.89361039
vn -0.26768798 -0.14549347 0.95245724
vn -0.13459407 -0.07369675 0.98815648
vn -0.91243996 -0.37751653 0.15790691
vn -0.87789652 -0.36359856 0.31159876
vn -0.82134845 -0.34087861 0.45737129
vn -0.74447521 -0.30968969 0.59148031
vn -0.64912580 -0.27111078 0.71072825
vn -0.64912580 -0.27111078 0.71072825
vn -0.53848406 -0.22559332 0.81187596
vn -0.41468881 -0.17449529 0.89307591
vn -0.28139553 -0.11899811 0.95218486
vn -0.14159714 -0.06039878 0.98808008
vn -0.94513545 -0.28631074 0.15730590
vn -0.90961577 -0.27590478 0.31060538
vn -0.85145374 -0.25888593 0.45607522
vn -0.77219297 -0.23559785 0.59009463
vn -0.67377297 -0.20659171 0.70947153
vn -0.67382077 -0.20660637 0.70942186
vn -0.55922341 -0.17220721 0.81093394
vn -0.43100840 -0.13350260 0.89241740
vn -0.29259063 -0.09129708 0.95186951
vn -0.14730042 -0.04640013 0.98800284
vn -0.96874787 -0.19228965 0.15669157
vn -0.93266834 -0.18549370 0.30938950
vn -0.87346560 -0.17439313 0.45458210
vn -0.79245318 -0.15929059 0.58876521
vn -0.69230910 -0.13990184 0.70790931
vn -0.69226009 -0.13989194 0.70795919
vn -0.57498084 -0.11689610 0.80977301
vn -0.44347735 -0.09099535 0.89165446
vn -0.30120302 -0.06250063 0.95150954
vn -0.15170127 -0.03200027 0.98790825
vn -0.98304369 -0.09639448 0.15599106
vn -0.94678008 -0.09319804 0.30809352
vn -0.88726756 -0.08799678 0.45278344
vn -0.80582994 -0.08070300 0.58662180
vn -0.70439142 -0.07159913 0.70619140
vn -0.70434103 -0.07160417 0.70624114
vn -0.58539249 -0.06049922 0.80848963
vn -0.45198510 -0.04729844 0.89077064
vn -0.30719403 -0.03279936 0.95108151
vn -0.15489727 -0.01709970 0.98778259
vn -0.98789868 0.00050000 0.15509979
vn -0.95187341 0.00010000 0.30649144
vn -0.89261974 -0.00060001 0.45080997
vn -0.81139517 -0.00129999 0.58449652
vn -0.70999912 -0.00220000 0.70419913
vn -0.70999912 -0.00220000 0.70419913
vn -0.59069399 -0.00249997 0.80689179
vn -0.45638807 -0.00269993 0.88977674
vn -0.31049117 -0.00249993 0.95057298
vn -0.15659389 -0.00179993 0.98766144
vn -0.98325096 0.09730504 0.15410799
vn -0.94786206 0.09339626 0.30468780
vn -0.88958349 0.08709838 0.44839168
vn -0.80947567 0.07849764 0.58188251
vn -0.70916996 0.06779713 0.70177027
vn -0.70912025 0.06780194 0.70182004
vn -0.59068406 0.05569850 0.80497827
vn -0.45690476 0.04230044 0.88850926
vn -0.31108867 0.02809898 0.94996541
vn -0.15700055 0.01370005 0.98750349
vn -0.96914937 0.19330985 0.15290779
vn -0.93480444 0.18610088 0.30250144
vn -0.87811554 0.17420308 0.44560789
vn -0.79996432 0.15799295 0.57887418
vn -0.70182870 0.13760563 0.69892858
vn -0.70182870 0.13760563 0.69892858
vn -0.58532277 0.11410444 0.80273123
vn -0.45339675 0.08759937 0.88699365
vn -0.30900886 0.05900169 0.94922722
vn -0.15619858 0.02929973 0.98729101
vn -0.94574753 0.28741444 0.15150761
vn -0.91283274 0.27710994 0.29991076
vn -0.85840369 0.26000112 0.44220190
vn -0.78306860 0.23659051 0.57517693
vn -0.68818300 0.20699489 0.69538282
vn -0.68818300 0.20699489 0.69538282
vn -0.57483222 0.17220965 0.79994484
vn -0.44588478 0.13289546 0.88516979
vn -0.30439509 0.08999855 0.94828471
vn -0.15400693 0.04500203 0.98704442
vn -0.90816506 0.39108496 0.14929426
vn -0.87746242 0.37758383 0.29578733
vn -0.82647375 0.35518872 0.43678613
vn -0.75548586 0.32409394 0.56938935
vn -0.66560581 0.28460249 0.68990603
vn -0.66560581 0.28460249 0.68990603
vn -0.55740870 0.23760371 0.79551242
vn -0.43308671 0.18399435 0.88237292
vn -0.29598890 0.12509531 0.94696448
vn -0.14969322 0.06249717 0.98675531
vn -0.86739831 0.47549907 0.14669971
vn -0.83906061 0.45967842 0.29098634
vn -0.79178933 0.43339416 0.43039420
vn -0.72589989 0.39679994 0.56179992
vn -0.64118190 0.34989012 0.68298072
vn -0.64118190 0.34989012 0.68298072
vn -0.53879593 0.29339779 0.78969404
vn -0.42029827 0.22829906 0.87819639
vn -0.28810221 0.15600120 0.94480725
vn -0.14660639 0.07890344 0.98604301
vn -0.98494351 0.07490331 0.15580688
vn -0.98836574 -0.00059998 0.15209473
vn -0.94863166 0.07230241 0.30801028
vn -0.95352665 -0.00040001 0.30130842
vn -0.88897786 0.06789831 0.45288872
vn -0.89582283 -0.00020001 0.44441132
vn -0.80725095 0.06179625 0.58696433
vn -0.81605789 0.00000000 0.57797017
vn -0.70536719 0.05419748 0.70676712
vn -0.71580267 0.00010000 0.69830260
vn -0.71580267 0.00010000 0.69830260
vn -0.70536719 0.05419748 0.70676712
vn -0.58568153 0.04529857 0.80927448
vn -0.59657066 0.00019999 0.80256053
vn -0.45117277 0.03509788 0.89174619
vn -0.46171478 0.00030001 0.88702839
vn -0.30528655 0.02399894 0.95195807
vn -0.31370658 0.00030001 0.94951993
vn -0.15159500 0.01219960 0.98836740
vn -0.15769797 0.00039999 0.98748731
vn -0.96873478 0.19250691 0.15650562
vn -0.93272603 0.18550518 0.30920863
vn -0.87358986 0.17399798 0.45449473
vn -0.79279642 0.15819928 0.58859734
vn -0.69229696 0.13849939 0.70819689
vn -0.69229696 0.13849939 0.70819689
vn -0.57452661 0.11520534 0.81033753
vn -0.44259273 0.08909854 0.89228534
vn -0.29970197 0.06060040 0.95210626
vn -0.14940139 0.03040028 0.98830919
vn -0.94515553 0.28651683 0.15680921
vn -0.90982272 0.27600689 0.30990774
vn -0.85191815 0.25870551 0.45530970
vn -0.77281735 0.23500528 0.58951324
vn -0.67460121 0.20550037 0.70900127
vn -0.67460121 0.20550037 0.70900127
vn -0.55963257 0.17080994 0.81094719
vn -0.43090876 0.13180268 0.89271815
vn -0.29170373 0.08950114 0.95231218
vn -0.14539398 0.04479815 0.98835910
vn -0.91246829 0.37778687 0.15709454
vn -0.87822905 0.36381204 0.31041027
vn -0.82212917 0.34081209 0.45601618
vn -0.74556205 0.30938425 0.59026995
vn -0.65059462 0.27029776 0.70969413
vn -0.65059462 0.27029776 0.70969413
vn -0.53950196 0.22450081 0.81150294
vn -0.41528644 0.17309435 0.89307084
vn -0.28100000 0.11740000 0.95250000
vn -0.14009942 0.05869976 0.98839592
vn -0.87099437 0.46539699 0.15739898
vn -0.83822429 0.44801298 0.31090901
vn -0.78450472 0.41960252 0.45660275
vn -0.71128471 0.38069182 0.59088730
vn -0.62040667 0.33250357 0.71030764
vn -0.62040667 0.33250357 0.71030764
vn -0.51440901 0.27600483 0.81191422
vn -0.39582299 0.21271236 0.89335190
vn -0.26780573 0.14420308 0.95262037
vn -0.13340573 0.07200309 0.98844244
vn -0.82114302 0.54852874 0.15760826
vn -0.79011987 0.52801328 0.31130783
vn -0.73940545 0.49430364 0.45710337
vn -0.67020517 0.44840346 0.59140457
vn -0.58441345 0.39140901 0.71081636
vn -0.58441345 0.39140901 0.71081636
vn -0.48449961 0.32469974 0.81229934
vn -0.37269510 0.25019671 0.89358825
vn -0.25210984 0.16950662 0.95273718
vn -0.12559487 0.08469654 0.98845962
vn -0.76337811 0.62638204 0.15779547
vn -0.73449450 0.60279549 0.31169767
vn -0.68717386 0.56427853 0.45758259
vn -0.62271937 0.51171592 0.59191841
vn -0.54292495 0.44652052 0.71123268
vn -0.54292495 0.44652052 0.71123268
vn -0.44999664 0.37039724 0.81259394
vn -0.34609953 0.28519962 0.89379880
vn -0.23399274 0.19309401 0.95287045
vn -0.11659879 0.09639900 0.98848973
vn -0.69827552 0.69817552 0.15799446
vn -0.67180857 0.67180857 0.31200398
vn -0.62842694 0.62872696 0.45801964
vn -0.56941832 0.57001834 0.59231906
vn -0.62271937 0.51171592 0.59191841
vn -0.56941832 0.57001834 0.59231906
vn -0.49641179 0.49731181 0.71151690
vn -0.41130712 0.41230714 0.81291407
vn -0.31629613 0.31739612 0.89398907
vn -0.21390496 0.21490498 0.95292209
vn -0.10650179 0.10720180 0.98851664
vn -0.62650874 0.76321065 0.15810221
vn -0.69827552 0.69817552 0.15799446
vn -0.60268207 0.73437816 0.31219071
vn -0.67176344 0.67186343 0.31198302
vn -0.56371444 0.68721760 0.45821174
vn -0.62838743 0.62878742 0.45799084
vn -0.51070162 0.62290197 0.59260188
vn -0.56941832 0.57001834 0.59231906
vn -0.51070162 0.62290197 0.59260188
vn -0.44511154 0.54331409 0.71181846
vn -0.36879904 0.45039883 0.81309788
vn -0.28351154 0.34661410 0.89413638
vn -0.19169598 0.23469507 0.95298000
vn -0.09550168 0.11710205 0.98851734
vn -0.54870666 0.82090996 0.15820192
vn -0.52777134 0.78985711 0.31238304
vn -0.49360390 0.73900583 0.45850362
vn -0.44708640 0.66977962 0.59288196
vn -0.44708640 0.66977962 0.59288196
vn -0.38961353 0.58402027 0.71212472
vn -0.32270888 0.48411332 0.81332237
vn -0.24811197 0.37251797 0.89424315
vn -0.16769352 0.25209026 0.95306316
vn -0.08350292 0.12580439 0.98853453
vn -0.46548291 0.87076802 0.15839418
vn -0.44777987 0.83776233 0.31248595
vn -0.41880318 0.78370595 0.45870348
vn -0.37929618 0.71019285 0.59309403
vn -0.33049832 0.61919685 0.71229637
vn -0.38961353 0.58402027 0.71212472
vn -0.33038570 0.61917320 0.71236917
vn -0.27370471 0.51310884 0.81351401
vn -0.21040971 0.39481822 0.89434128
vn -0.14220264 0.26710496 0.95311770
vn -0.07079700 0.13319435 0.98855807
vn -0.37789852 0.91219644 0.15839938
vn -0.36348268 0.87755819 0.31268510
vn -0.33990033 0.82090081 0.45890045
vn -0.30789296 0.74378299 0.59328643
vn -0.26819865 0.64839674 0.71249642
vn -0.26819865 0.64839674 0.71249642
vn -0.22210392 0.53730949 0.81361438
vn -0.17079799 0.41339513 0.89438946
vn -0.11540295 0.27970715 0.95312437
vn -0.05749723 0.13949327 0.98855232
vn -0.28661760 0.94485803 0.15840973
vn -0.27570640 0.90892111 0.31280727
vn -0.25780234 0.85020770 0.45900416
vn -0.23349908 0.77029696 0.59339766
vn -0.20340526 0.67141736 0.71261843
vn -0.20340526 0.67141736 0.71261843
vn -0.16840539 0.55631782 0.81372606
vn -0.12950007 0.42790023 0.89450049
vn -0.08749752 0.28949179 0.95317296
vn -0.04359884 0.14429615 0.98857360
vn -0.19269784 0.96838915 0.15839823
vn -0.18529458 0.93157276 0.31279085
vn -0.17330265 0.87131334 0.45910703
vn -0.15689904 0.78939518 0.59349637
vn -0.13670190 0.68800957 0.71270991
vn -0.13670190 0.68800957 0.71270991
vn -0.11319441 0.57007187 0.81375985
vn -0.08700080 0.43850406 0.89450827
vn -0.05879769 0.29668834 0.95316256
vn -0.02929908 0.14789535 0.98856893
vn -0.09680023 0.98260233 0.15850038
vn -0.09310107 0.94521084 0.31290359
vn -0.08700110 0.88411122 0.45910583
vn -0.07880260 0.80102643 0.59341958
vn -0.06869984 0.69809840 0.71269836
vn -0.06869984 0.69809840 0.71269836
vn -0.05689845 0.57838421 0.81377778
vn -0.04370053 0.44490535 0.89451076
vn -0.02949998 0.30089980 0.95319938
vn -0.01469944 0.15009429 0.98856241
vn 0.00000000 0.98736001 0.15849358
vn 0.00000000 0.94978744 0.31289586
vn 0.00000000 0.88838784 0.45909372
vn 0.00000000 0.80485724 0.59346847
vn 0.00000000 0.70143393 0.71273448
vn 0.00000000 0.70143393 0.71273448
vn 0.00000000 0.58118144 0.81377401
vn 0.00000000 0.44701358 0.89452717
vn 0.00000000 0.30239456 0.95318284
vn 0.00000000 0.15079468 0.98856510
vn -0.98829604 -0.05119979 0.14369942
vn -0.95709180 -0.05079956 0.28529756
vn -0.87352269 0.21340554 0.43751136
vn -0.79898869 0.19429725 0.56909195
vn -0.70488024 0.17029523 0.68858070
vn -0.70488024 0.17029523 0.68858070
vn -0.59270322 0.14200077 0.79280431
vn -0.46470882 0.10990208 0.87861667
vn -0.32378904 0.07479747 0.94316806
vn -0.17330806 0.03770175 0.98414577
vn -0.85176995 0.50368223 0.14419491
vn -0.82516355 0.48767846 0.28508741
vn -0.26580722 0.00000000 0.96402620
vn -0.26870560 -0.00210004 0.96322006
vn -0.72257800 -0.00379988 0.69127895
vn -0.71944799 0.00000000 0.69454632
vn -0.87239686 0.00000000 0.48879824
vn -0.87318286 -0.00149997 0.48739044
vn -0.04900165 -0.49601671 0.86692921
vn 0.00000000 -0.49842039 0.86693547
vn 0.00000000 -0.49837718 0.86696031
vn -0.04900165 -0.49601671 0.86692921
vn -0.06819885 -0.69528833 0.71548799
vn 0.00000000 -0.69860621 0.71550636
vn 0.00000000 -0.96427758 0.26489384
vn -0.09470131 -0.95961331 0.26490367
vn -0.09759685 -0.48888421 0.86687201
vn -0.09759685 -0.48888421 0.86687201
vn -0.13579919 -0.68539590 0.71539572
vn -0.18850002 -0.94570010 0.26480003
vn -0.14520898 -0.47712950 0.86675359
vn -0.14520898 -0.47712950 0.86675359
vn -0.20209492 -0.66908319 0.71518203
vn -0.28050882 -0.92262902 0.26470833
vn -0.19149957 -0.46079897 0.86659807
vn -0.19149957 -0.46079897 0.86659807
vn -0.26660126 -0.64640306 0.71490339
vn -0.36970280 -0.89070676 0.26450201
vn -0.23599611 -0.44009275 0.86638572
vn -0.23599611 -0.44009275 0.86638572
vn -0.32840839 -0.61751578 0.71471826
vn -0.45551096 -0.85012045 0.26420635
vn -0.27848851 -0.41518287 0.86606428
vn -0.38758298 -0.58287441 0.71416865
vn -0.32840839 -0.61751578 0.71471826
vn -0.53678942 -0.80138421 0.26389480
vn -0.31828807 -0.38618552 0.86576755
vn -0.44300061 -0.54270075 0.71360098
vn -0.61297632 -0.74487123 0.26348982
vn -0.35520431 -0.35340428 0.86541049
vn -0.49429783 -0.49729782 0.71299687
vn -0.68319409 -0.68119411 0.26309773
vn -0.38870156 -0.31730127 0.86500347
vn -0.54108406 -0.44708683 0.71227902
vn -0.68324063 -0.68114051 0.26311565
vn -0.74691319 -0.61091079 0.26250464
vn -0.41870964 -0.27800640 0.86451991
vn -0.58292372 -0.39251597 0.71142895
vn -0.80340014 -0.53470009 0.26200005
vn -0.44479132 -0.23599539 0.86398314
vn -0.61928997 -0.33419459 0.71048850
vn -0.85215991 -0.45337867 0.26128771
vn -0.46670490 -0.19160201 0.86340906
vn -0.65002690 -0.27261128 0.70932935
vn -0.89276346 -0.36758496 0.26048934
vn -0.48440540 -0.14520162 0.86270962
vn -0.46662667 -0.19161095 0.86344936
vn -0.48432886 -0.14520865 0.86275141
vn -0.82997446 -0.25229224 0.49748469
vn -0.65008464 -0.27259356 0.70928324
vn -0.49768900 -0.09729785 0.86188096
vn -0.49768900 -0.09729785 0.86188096
vn -0.85141600 -0.16990319 0.49620933
vn -0.25970226 -0.02710024 0.96530840
vn -0.70677435 -0.06469765 0.70447444
vn -0.86482092 -0.08570207 0.49471197
vn -0.26250781 -0.00150004 0.96492870
vn -0.71163352 0.00500024 0.70253309
vn -0.87008922 -0.00059999 0.49289389
vn -0.26320958 0.02420088 0.96443509
vn -0.71009751 0.07499974 0.70009754
vn -0.86712684 0.08480263 0.49081519
vn -0.26128644 0.05029739 0.96394998
vn -0.70210025 0.14480005 0.69720025
vn -0.85602694 0.16960534 0.48831537
vn -0.25761051 0.07620311 0.96323928
vn -0.68790431 0.21410134 0.69350434
vn -0.83692892 0.25320875 0.48521677
vn -0.25150822 0.10510343 0.96213143
vn -0.66441563 0.29280689 0.68761617
vn -0.80693003 0.34541285 0.47911783
vn -0.25039029 0.10099608 0.96286266
vn -0.67273604 0.25801382 0.69343715
vn -0.80941472 0.31780578 0.49380898
vn -0.26290004 0.01540000 0.96470016
vn -0.26540982 0.00000000 0.96413569
vn -0.71880845 0.00000000 0.69520818
vn -0.71509985 0.03589999 0.69809985
vn -0.87142485 0.04760136 0.48821392
vn -0.87211182 0.00000000 0.48930663
vn -0.25589253 0.04679863 0.96557180
vn -0.70070640 0.12220112 0.70290642
vn -0.85730021 0.15350004 0.49140012
vn -0.24729646 0.07559892 0.96598616
vn -0.67888271 0.20419480 0.70528204
vn -0.83146902 0.25249059 0.49488156
vn -0.23790480 0.09910200 0.96621949
vn -0.65422453 0.26931010 0.70672650
vn -0.80212540 0.33251053 0.49601571
vn -0.22649523 0.12169744 0.96637966
vn -0.65428172 0.26929248 0.70668026
vn -0.62390815 0.33170434 0.70760925
vn -0.62250738 0.33390396 0.70780839
vn -0.80208561 0.33249404 0.49609110
vn -0.85218886 0.45469406 0.25889662
vn -0.21310487 0.14290327 0.96652210
vn -0.58758566 0.39089046 0.70848271
vn -0.58608220 0.39278807 0.70867848
vn -0.80338557 0.53599037 0.25939534
vn -0.38959120 0.31899280 0.86398049
vn -0.54430452 0.44790372 0.70930589
vn -0.74682813 0.61212306 0.25990979
vn -0.35610748 0.35540746 0.86421814
vn -0.49740827 0.49860829 0.70991181
vn -0.68311125 0.68231124 0.26040429
vn -0.31919589 0.38829499 0.86448886
vn -0.44599303 0.54459149 0.71028890
vn -0.68311125 0.68231124 0.26040429
vn -0.61287709 0.74597211 0.26059026
vn -0.27938929 0.41748399 0.86466684
vn -0.39038874 0.58538312 0.71057951
vn -0.53671034 0.80241546 0.26090503
vn -0.23700678 0.44261266 0.86482473
vn -0.33109565 0.62049185 0.71089066
vn -0.45537636 0.85115582 0.26108645
vn -0.19229649 0.46349153 0.86498420
vn -0.26859174 0.64968003 0.71117814
vn -0.36969401 0.89168555 0.26119577
vn -0.14579594 0.47998664 0.86507593
vn -0.20370339 0.67271121 0.71131185
vn -0.28041591 0.92365239 0.26121482
vn -0.09799793 0.49178960 0.86518171
vn -0.14579594 0.47998664 0.86507593
vn -0.09789889 0.49179442 0.86519018
vn -0.13690232 0.68931170 0.71141207
vn -0.20370339 0.67271121 0.71131185
vn -0.18849028 0.94665120 0.26138653
vn -0.04920018 0.49900183 0.86520317
vn -0.04920018 0.49900183 0.86520317
vn -0.06879566 0.69935592 0.71145516
vn -0.09470176 0.96051782 0.26160485
vn 0.00000000 0.50140677 0.86521168
vn 0.00000000 0.50140677 0.86521168
vn 0.00000000 0.70274313 0.71144367
vn 0.00000000 0.96520324 0.26150088
vn -0.26520759 0.02990086 0.96372759
vn -0.70867224 0.10029607 0.69837265
vn -0.85768088 0.11529743 0.50108883
vn 0.95693268 0.29030991 0.00000000
vn 0.95693268 0.29030991 0.00000000
vn 0.88951333 0.35640534 -0.28590429
vn 0.92387667 0.38269034 0.00000000
vn 0.83146524 -0.55557677 0.00000000
vn 0.83146524 -0.55557677 0.00000000
vn 0.88191518 -0.47140812 0.00000000
vn 0.88191518 -0.47140812 0.00000000
vn 0.92387667 -0.38269034 0.00000000
vn 0.92387667 -0.38269034 0.00000000
vn 0.19509682 -0.98078399 0.00000000
vn 0.19509682 -0.98078399 0.00000000
vn 0.29030991 -0.95693268 0.00000000
vn 0.29030991 -0.95693268 0.00000000
vn 0.38269034 -0.92387667 0.00000000
vn 0.38269034 -0.92387667 0.00000000
vn 0.85938454 0.45209187 -0.23889570
vn 0.88191518 0.47140812 0.00000000
vn 0.81588481 0.54508985 -0.19289641
vn 0.83146524 0.55557677 0.00000000
vn 0.95693268 -0.29030991 0.00000000
vn 0.95693268 -0.29030991 0.00000000
vn 0.98078399 -0.19509682 0.00000000
vn 0.98078399 -0.19509682 0.00000000
vn 0.47140812 -0.88191518 0.00000000
vn 0.47140812 -0.88191518 0.00000000
vn 0.55557677 -0.83146524 0.00000000
vn 0.55557677 -0.83146524 0.00000000
vn 0.68850088 0.70420090 -0.17340022
vn 0.67959146 0.73359079 0.00000000
vn 0.67964132 0.73354460 0.00000000
vn 0.68850088 0.70420090 -0.17340022
vn 0.62815847 0.76974911 -0.11359249
vn 0.53281857 0.84622950 0.00000000
vn 0.99518655 -0.09799868 0.00000000
vn 0.99518655 -0.09799868 0.00000000
vn 1.00000000 0.00000000 0.00000000
vn 1.00000000 0.00000000 0.00000000
vn 0.63440242 -0.77300295 0.00000000
vn 0.63440242 -0.77300295 0.00000000
vn 0.70710678 -0.70710678 0.00000000
vn 0.70710678 -0.70710678 0.00000000
vn 0.99518655 0.09799868 0.00000000
vn 0.99518655 0.09799868 0.00000000
vn 0.98078399 0.19509682 0.00000000
vn 0.98078399 0.19509682 0.00000000
vn 0.70710678 -0.70710678 0.00000000
vn 0.70710678 -0.70710678 0.00000000
vn 0.77300295 -0.63440242 0.00000000
vn 0.77300295 -0.63440242 0.00000000
vn 0.09799868 -0.99518655 0.00000000
vn 0.09799868 -0.99518655 0.00000000
vn 0.97900636 0.19660128 -0.05380035
vn 0.98078399 0.19509682 0.00000000
vn 0.95693268 0.29030991 0.00000000
vn 0.95524896 0.29191496 -0.04780245
vn 0.91877222 0.39478806 0.00000000
vn 0.91261651 0.40830739 -0.02040037
vn 0.92939109 0.36909646 0.00000000
vn 0.96811551 0.25050401 0.00030000
vn 0.19449509 -0.97677534 -0.08989773
vn 0.19509682 -0.98078399 0.00000000
vn 0.29030991 -0.95693268 0.00000000
vn 0.28940411 -0.95301353 -0.08950127
vn 0.38269034 -0.92387667 0.00000000
vn 0.38149438 -0.92008644 -0.08889869
vn 0.47140812 -0.88191518 0.00000000
vn 0.46997882 -0.87826042 -0.08819603
vn 0.55557677 -0.83146524 0.00000000
vn 0.55389709 -0.82799565 -0.08729954
vn 0.63440242 -0.77300295 0.00000000
vn 0.63227359 -0.76986784 -0.08679637
vn 0.70710678 -0.70710678 0.00000000
vn 0.70481729 -0.70421728 -0.08550210
vn 0.70481729 -0.70421728 -0.08550210
vn 0.70710678 -0.70710678 0.00000000
vn 0.77300295 -0.63440242 0.00000000
vn 0.77058012 -0.63178370 -0.08399783
vn 0.83146524 -0.55557677 0.00000000
vn 0.82907230 -0.55308152 -0.08209726
vn 0.88191518 -0.47140812 0.00000000
vn 0.87939169 -0.46929557 -0.08019924
vn 0.92387667 -0.38269034 0.00000000
vn 0.92141691 -0.38070699 -0.07780143
vn 0.04179960 -0.42909585 -0.90229127
vn 0.03459976 -0.35639754 -0.93369355
vn 0.95693268 -0.29030991 0.00000000
vn 0.95449272 -0.28859780 -0.07519943
vn 0.98078399 -0.19509682 0.00000000
vn 0.97846374 -0.19349283 -0.07189734
vn 0.99518655 -0.09799868 0.00000000
vn 0.99297743 -0.09659780 -0.06829845
vn 1.00000000 0.00000000 0.00000000
vn 0.99794872 0.00140007 -0.06400312
vn 0.99518655 0.09799868 0.00000000
vn 0.99327528 0.09949752 -0.05919853
vn 0.80603861 0.33281594 -0.48942344
vn 0.75088644 0.52959043 -0.39459287
vn 0.08370158 -0.42520804 -0.90121705
vn 0.06929924 -0.35369611 -0.93278973
vn 0.12560570 -0.41881900 -0.89934079
vn 0.10419992 -0.34929973 -0.93119927
vn 0.16769595 -0.40969011 -0.89667836
vn 0.13960053 -0.34300131 -0.92890354
vn 0.21049324 -0.39808721 -0.89287131
vn 0.17559268 -0.33458606 -0.92586142
vn 0.25319936 -0.38339903 -0.88819776
vn 0.21230564 -0.32400860 -0.92192448
vn 0.29628714 -0.36558413 -0.88236170
vn 0.24990764 -0.31110952 -0.91692804
vn 0.33990962 -0.34440975 -0.87512478
vn 0.28840110 -0.29540113 -0.91080348
vn 0.38390018 -0.31960015 -0.86630041
vn 0.32810283 -0.27670239 -0.90320779
vn 0.42848776 -0.29079169 -0.85547556
vn 0.36899274 -0.25459499 -0.89388240
vn 0.47341548 -0.25760842 -0.84232754
vn 0.41129801 -0.22849889 -0.88239572
vn 0.09770193 -0.99111955 -0.09020178
vn 0.09799868 -0.99518655 0.00000000
vn 0.51890000 -0.21940000 -0.82620000
vn 0.45478034 -0.19779145 -0.86836247
vn 0.56448192 -0.17549438 -0.80657417
vn 0.49947925 -0.16189328 -0.85106465
vn 0.60978660 -0.12539724 -0.78258280
vn 0.54511742 -0.12000383 -0.82972651
vn 0.65410896 -0.06830094 -0.75331032
vn 0.59119284 -0.07109914 -0.80339028
vn 0.69642264 -0.00350011 -0.71762333
vn 0.63679732 -0.01439994 -0.77089676
vn 0.73510373 0.06930035 -0.67440342
vn 0.68069940 0.05079996 -0.73079935
vn 0.68069940 0.05079996 -0.73079935
vn 0.73510373 0.06930035 -0.67440342
vn 0.76811941 0.15030380 -0.62241573
vn 0.72074154 0.12500720 -0.68183930
vn 0.79279755 0.23869926 -0.56079827
vn 0.75441024 0.20820283 -0.62250845
vn 0.05979974 -0.61749729 -0.78429656
vn 0.07869973 -0.80879718 -0.58279797
vn 0.09249844 -0.94038415 -0.32729449
vn 0.07869973 -0.80879718 -0.58279797
vn 0.11929811 -0.61049031 -0.78298757
vn 0.15680823 -0.79834188 -0.58143050
vn 0.18400852 -0.92714294 -0.32641512
vn 0.15679911 -0.79829546 -0.58149669
vn 0.17830316 -0.59891060 -0.78071382
vn 0.23388801 -0.78085998 -0.57927031
vn 0.27369264 -0.90517566 -0.32519126
vn 0.23388801 -0.78085998 -0.57927031
vn 0.23670983 -0.58272420 -0.77743229
vn 0.30929981 -0.75659952 -0.57609964
vn 0.36119571 -0.87468960 -0.32319616
vn 0.30929981 -0.75659952 -0.57609964
vn 0.29429592 -0.56189222 -0.77308929
vn 0.38250275 -0.72560522 -0.57200412
vn 0.44519740 -0.83599512 -0.32079813
vn 0.38250275 -0.72560522 -0.57200412
vn 0.35080892 -0.53651364 -0.76751952
vn 0.45309015 -0.68808505 -0.56678768
vn 0.52531801 -0.78932707 -0.31781090
vn 0.45309015 -0.68808505 -0.56678768
vn 0.40612629 -0.50643278 -0.76064924
vn 0.52047634 -0.64427072 -0.56037453
vn 0.60081498 -0.73521834 -0.31380783
vn 0.52047634 -0.64427072 -0.56037453
vn 0.46061132 -0.47181160 -0.75181848
vn 0.58421185 -0.59431206 -0.55271121
vn 0.67088346 -0.67398339 -0.30929238
vn 0.58424414 -0.59434491 -0.55264176
vn 0.51299414 -0.43229506 -0.74159153
vn 0.64390620 -0.53860519 -0.54340524
vn 0.58421185 -0.59431206 -0.55271121
vn 0.67088346 -0.67398339 -0.30929238
vn 0.73497855 -0.60628230 -0.30369114
vn 0.64390620 -0.53860519 -0.54340524
vn 0.56340601 -0.38780414 -0.72950779
vn 0.69909409 -0.47719597 -0.53249550
vn 0.79254719 -0.53253171 -0.29711769
vn 0.69913132 -0.47722138 -0.53242385
vn 0.61210702 -0.33840388 -0.71470820
vn 0.74928988 -0.41059445 -0.51959298
vn 0.84291985 -0.45351068 -0.28950682
vn 0.74932064 -0.41051131 -0.51961432
vn 0.65830356 -0.28380154 -0.69720378
vn 0.61210702 -0.33840388 -0.71470820
vn 0.79421650 -0.33880704 -0.50441048
vn 0.65830356 -0.28380154 -0.69720378
vn 0.88577516 -0.36968963 -0.28059213
vn 0.70170481 -0.22380153 -0.67640464
vn 0.83325020 -0.26238432 -0.48667091
vn 0.70170481 -0.22380153 -0.67640464
vn 0.92058432 -0.28189520 -0.27029540
vn 0.74180900 -0.15810192 -0.65170791
vn 0.86597651 -0.18149508 -0.46598736
vn 0.74190231 -0.15810049 -0.65160203
vn 0.94700748 -0.19080151 -0.25840204
vn 0.77793789 -0.08670422 -0.62233031
vn 0.89160005 -0.09660001 -0.44240003
vn 0.77797737 -0.08669748 -0.62228190
vn 0.96469926 -0.09709993 -0.24479981
vn 0.65410896 -0.06830094 -0.75331032
vn 0.80901592 -0.00940018 -0.58771156
vn 0.69642264 -0.00350011 -0.71762333
vn 0.90982563 -0.00810023 -0.41491169
vn 0.97340133 -0.00170000 -0.22910031
vn 0.83389367 0.07359944 -0.54699585
vn 0.91984301 0.08340390 -0.38331792
vn 0.97281023 0.09460100 -0.21140222
vn 0.85098079 0.16199634 -0.49958872
vn 0.92067611 0.17699541 -0.34789097
vn 0.96272664 0.19090528 -0.19160530
vn 0.85829635 0.25449892 -0.44559811
vn 0.91166626 0.27158995 -0.30838859
vn 0.94303602 0.28621093 -0.16960648
vn 0.85418898 0.34959549 -0.38489503
vn 0.88596956 0.37458713 -0.27339061
vn 0.90071741 0.40980792 -0.14410279
vn 0.80804370 0.53192876 -0.25321369
vn 0.88474986 0.43252437 -0.17360978
vn 0.93997497 0.33149117 -0.08099784
vn 0.75088644 0.52959043 -0.39459287
vn 0.80807840 0.53188578 -0.25319323
vn 0.99935185 0.03599827 0.00000000
vn 0.99938683 0.03499954 0.00099999
vn 0.98241011 0.17740183 -0.05830060
vn 0.86713048 0.49221730 -0.07620268
vn 0.62810506 0.76980620 -0.11350091
vn 0.00000000 1.00000000 0.00000000
vn 0.00000000 1.00000000 0.00000000
vn 0.00000000 1.00000000 0.00000000
vn 0.00000000 1.00000000 0.00000000
vn 0.00000000 1.00000000 0.00000000
vn 0.00000000 1.00000000 0.00000000
vn 0.00000000 1.00000000 0.00000000
vn 0.00000000 1.00000000 0.00000000
vn 0.00000000 1.00000000 0.00000000
vn 0.00000000 1.00000000 0.00000000
vn 0.00000000 1.00000000 0.00000000
vn 0.00000000 1.00000000 0.00000000
vn 0.99999838 0.00180000 0.00000000
vn 0.99709260 0.07619943 0.00000000
vn 0.99709260 0.07619943 0.00000000
vn 0.99998542 0.00539992 0.00000000
vn 0.98078399 0.19509682 0.00000000
vn 0.98078399 0.19509682 0.00000000
vn 0.95693268 0.29030991 0.00000000
vn 0.95693268 0.29030991 0.00000000
vn 0.92387667 0.38269034 0.00000000
vn 0.92387667 0.38269034 0.00000000
vn 0.88191518 0.47140812 0.00000000
vn 0.88191518 0.47140812 0.00000000
vn 0.83146524 0.55557677 0.00000000
vn 0.83146524 0.55557677 0.00000000
vn 0.77300295 0.63440242 0.00000000
vn 0.77300295 0.63440242 0.00000000
vn 0.70710678 0.70710678 0.00000000
vn 0.70710678 0.70710678 0.00000000
vn 0.70710678 0.70710678 0.00000000
vn 0.63440242 0.77300295 0.00000000
vn 0.63440242 0.77300295 0.00000000
vn 0.70710678 0.70710678 0.00000000
vn 0.55557677 0.83146524 0.00000000
vn 0.55557677 0.83146524 0.00000000
vn 0.47140812 0.88191518 0.00000000
vn 0.47140812 0.88191518 0.00000000
vn 0.38269034 0.92387667 0.00000000
vn 0.38269034 0.92387667 0.00000000
vn 0.29030991 0.95693268 0.00000000
vn 0.29030991 0.95693268 0.00000000
vn 0.19509682 0.98078399 0.00000000
vn 0.19509682 0.98078399 0.00000000
vn 0.09799868 0.99518655 0.00000000
vn 0.09799868 0.99518655 0.00000000
vn 0.00000000 0.99518655 0.09799868
vn 0.09790084 0.99040851 0.09750084
vn 0.09799868 0.99518655 0.00000000
vn 0.00000000 1.00000000 0.00000000
vn 0.09869770 -0.91937854 0.38079111
vn 0.09870058 -0.70360410 0.70370410
vn 0.00000000 -0.70710678 0.70710678
vn 0.00000000 -0.92387667 0.38269034
vn 0.00000000 -1.00000000 0.00000000
vn 0.09799868 -0.99518655 0.00000000
vn 0.09789989 -0.99039885 0.09759989
vn 0.00000000 -0.99518655 0.09799868
vn 0.00000000 0.70710678 0.70710678
vn 0.00000000 0.38269034 0.92387667
vn 0.09869770 0.38079111 0.91937854
vn 0.09870058 0.70360410 0.70370410
vn 0.00000000 0.92387667 0.38269034
vn 0.00000000 0.70710678 0.70710678
vn 0.09869363 0.70365459 0.70365459
vn 0.09869770 0.91937854 0.38079111
vn 0.09869770 -0.38079111 0.91937854
vn 0.09789989 -0.09759989 0.99039885
vn 0.00000000 -0.09799868 0.99518655
vn 0.00000000 -0.38269034 0.92387667
vn 0.09870058 -0.70360410 0.70370410
vn 0.00000000 -0.70710678 0.70710678
vn 0.00000000 0.09799868 0.99518655
vn 0.09789989 0.09759989 0.99039885
vn 0.99461850 0.10310192 0.01020019
vn 0.92018585 0.38959401 0.03839941
vn 0.91776492 0.36688598 0.15199419
vn 0.99414533 0.09980455 0.04140189
vn 0.70268209 0.70808195 0.06969822
vn 0.70144938 0.65845248 0.27278031
vn 0.70263146 0.70813170 0.06970312
vn 0.37988958 0.92057475 0.09069751
vn 0.37998914 0.85457558 0.35398988
vn 0.70146851 0.65847044 0.27268776
vn 0.91777517 0.28079240 0.28079240
vn 0.99414537 0.07640349 0.07640349
vn 0.70152362 0.50391696 0.50391696
vn 0.38000707 0.65411216 0.65401216
vn 0.70145292 0.50396617 0.50396617
vn 0.91776492 0.15199419 0.36688598
vn 0.99414533 0.04140189 0.09980455
vn 0.70151470 0.27270571 0.65841379
vn 0.70145292 0.50396617 0.50396617
vn 0.37998221 0.65406938 0.65406938
vn 0.37998914 0.35398988 0.85457558
vn 0.70151470 0.27270571 0.65841379
vn 0.92018585 0.03839941 0.38959401
vn 0.99461950 0.01010020 0.10310202
vn 0.70263146 0.06970312 0.70813170
vn 0.37988958 0.09069751 0.92057475
vn 0.70268209 0.06969822 0.70808195
vn 0.99414944 -0.09980496 0.04130205
vn 0.91776492 -0.36688598 0.15199419
vn 0.92018585 -0.38959401 0.03839941
vn 0.99461850 -0.10310192 0.01020019
vn 0.70151470 -0.65841379 0.27270571
vn 0.70263146 -0.70813170 0.06970312
vn 0.70146851 -0.65847044 0.27268776
vn 0.37998914 -0.85457558 0.35398988
vn 0.37988958 -0.92057475 0.09069751
vn 0.70263146 -0.70813170 0.06970312
vn 0.99414537 -0.07640349 0.07640349
vn 0.91777517 -0.28079240 0.28079240
vn 0.70148826 -0.50399157 0.50389157
vn 0.70145292 -0.50396617 0.50396617
vn 0.38000707 -0.65401216 0.65411216
vn 0.99414533 -0.04140189 0.09980455
vn 0.91776492 -0.15199419 0.36688598
vn 0.70146851 -0.27268776 0.65847044
vn 0.70144938 -0.27278031 0.65845248
vn 0.37998914 -0.35398988 0.85457558
vn 0.38000707 -0.65401216 0.65411216
vn 0.70145292 -0.50396617 0.50396617
vn 0.99461850 -0.01020019 0.10310192
vn 0.92018585 -0.03839941 0.38959401
vn 0.70267718 -0.06979773 0.70807701
vn 0.70263146 -0.06970312 0.70813170
vn 0.37988958 -0.09069751 0.92057475
vn 0.92387667 -0.38269034 0.00000000
vn 0.99518655 -0.09799868 0.00000000
vn 0.70710678 -0.70710678 0.00000000
vn 0.38269034 -0.92387667 0.00000000
vn 0.70710678 -0.70710678 0.00000000
vn 0.99518655 0.09799868 0.00000000
vn 0.92387667 0.38269034 0.00000000
vn 0.70710678 0.70710678 0.00000000
vn 0.70710678 0.70710678 0.00000000
vn 0.38269034 0.92387667 0.00000000
vn 0.00000000 0.00000000 1.00000000
vn 0.00000000 0.00000000 1.00000000
vn 0.00000000 0.00000000 1.00000000
vn 0.00000000 0.00000000 1.00000000
vn 0.00000000 0.00000000 1.00000000
vn 0.00000000 0.00000000 1.00000000
vn 0.00000000 0.00000000 1.00000000
vn 0.00000000 0.00000000 1.00000000
vn 0.00000000 0.00000000 1.00000000
vn 0.00000000 0.00000000 1.00000000
vn 0.00000000 0.00000000 1.00000000
vn 0.00000000 0.00000000 1.00000000
vn 0.00000000 0.00000000 1.00000000
vn 0.00000000 0.00000000 1.00000000
vn 0.00000000 0.00000000 1.00000000
vn 0.00000000 0.00000000 1.00000000
vn 0.00000000 0.00000000 1.00000000
vn 0.00000000 0.00000000 1.00000000
vn 0.00000000 0.00000000 1.00000000
vn 0.00000000 0.00000000 1.00000000
vn 0.00000000 0.00000000 1.00000000
vn 0.00000000 0.00000000 1.00000000
vn 0.00000000 0.00000000 1.00000000
vn 0.00000000 0.00000000 1.00000000
vn 0.00000000 0.00000000 1.00000000
vn 0.00000000 0.00000000 1.00000000
vn 0.00000000 0.00000000 1.00000000
vn 0.00000000 0.00000000 1.00000000
vn 0.62878538 0.76648218 0.13089696
vn 0.63440242 0.77300295 0.00000000
vn 0.55557677 0.83146524 0.00000000
vn 0.55060470 0.82440704 0.13110112
vn 0.98251956 0.13450268 0.12870256
vn 0.99051535 0.13740213 0.00000000
vn 1.00000000 0.00000000 0.00000000
vn 0.99204218 -0.00040002 0.12590535
vn 0.19320061 -0.97210309 0.13300042
vn 0.19509682 -0.98078399 0.00000000
vn 0.29030991 -0.95693268 0.00000000
vn 0.28750036 -0.94850119 0.13300017
vn 0.47140812 0.88191518 0.00000000
vn 0.46718490 0.87437174 0.13119576
vn 0.38269034 0.92387667 0.00000000
vn 0.37930858 0.91592073 0.13120297
vn 0.29030991 0.95693268 0.00000000
vn 0.28769386 0.94867976 0.13129720
vn 0.19509682 0.98078399 0.00000000
vn 0.19330272 0.97231368 0.13130185
vn 0.00369988 -0.03809875 0.99926713
vn 0.01309987 -0.13179866 0.99118994
vn 0.02609957 -0.12989788 0.99118381
vn 0.00739977 -0.03749885 0.99926927
vn 0.09799868 0.99518655 0.00000000
vn 0.09709641 0.98656353 0.13139514
vn 0.37900132 -0.91580318 0.13290046
vn 0.38269034 -0.92387667 0.00000000
vn 0.47140812 -0.88191518 0.00000000
vn 0.46689874 -0.87429764 0.13269964
vn 0.01089964 -0.03669879 0.99926693
vn 0.03879881 -0.12679613 0.99116971
vn 0.05119731 -0.12249356 0.99114790
vn 0.01449954 -0.03539887 0.99926807
vn 0.55028674 -0.82438013 0.13259680
vn 0.55557677 -0.83146524 0.00000000
vn 0.63440242 -0.77300295 0.00000000
vn 0.62841930 -0.76652354 0.13240407
vn 0.01779935 -0.03399875 0.99926336
vn 0.06310232 -0.11690430 0.99113646
vn 0.07450017 -0.11030025 0.99110221
vn 0.02109920 -0.03209878 0.99926197
vn 0.70050043 -0.70130043 0.13220008
vn 0.70710678 -0.70710678 0.00000000
vn 0.77300295 -0.63440242 0.00000000
vn 0.76580321 -0.62940264 0.13190055
vn 0.02409902 -0.02999878 0.99925938
vn 0.08509883 -0.10249859 0.99108639
vn 0.09510364 -0.09380359 0.99103793
vn 0.02699877 -0.02759874 0.99925441
vn 0.82384256 -0.55132848 0.13160680
vn 0.83146524 -0.55557677 0.00000000
vn 0.88191518 -0.47140812 0.00000000
vn 0.87391534 -0.46800821 0.13130230
vn 0.02949873 -0.02479894 0.99925714
vn 0.10409961 -0.08419969 0.99099631
vn 0.11219430 -0.07369626 0.99094970
vn 0.03189844 -0.02189893 0.99925118
vn 0.91559533 -0.38019806 0.13089933
vn 0.92387667 -0.38269034 0.00000000
vn 0.95693268 -0.29030991 0.00000000
vn 0.94852544 -0.28860774 0.13040350
vn 0.03400153 -0.01880085 0.99924493
vn 0.11929946 -0.06239972 0.99089551
vn 0.12520564 -0.05050227 0.99084462
vn 0.03580139 -0.01550060 0.99923871
vn 0.97230302 -0.19430060 0.12990040
vn 0.98078399 -0.19509682 0.00000000
vn 0.99518655 -0.09799868 0.00000000
vn 0.98673028 -0.09820301 0.12930397
vn 0.03720137 -0.01190044 0.99923693
vn 0.13009595 -0.03809881 0.99076916
vn 0.13389660 -0.02519936 0.99067487
vn 0.03840107 -0.00830023 0.99922793
vn 0.99168335 -0.00099998 0.12869784
vn 1.00000000 0.00000000 0.00000000
vn 0.99518655 0.09799868 0.00000000
vn 0.98712286 0.09620223 0.12780296
vn 0.03930068 -0.00450008 0.99921730
vn 0.13579494 -0.01209955 0.99066308
vn 0.13720578 0.00130005 0.99054171
vn 0.03980030 -0.00070001 0.99920741
vn 0.97620861 0.17480154 0.12830113
vn 0.98444241 0.17570757 0.00000000
vn 0.95693268 0.29030991 0.00000000
vn 0.94880039 0.28820012 0.12930005
vn 0.97305939 0.19249197 0.12689470
vn 0.98078399 0.19509682 0.00000000
vn 0.95693268 0.29030991 0.00000000
vn 0.94963096 0.28700936 0.12580410
vn 0.92387667 0.38269034 0.00000000
vn 0.91596092 0.37972525 0.12970863
vn 0.03989993 0.00329999 0.99919823
vn 0.13740049 0.01490005 0.99040350
vn 0.13669955 0.02869991 0.99019672
vn 0.03969943 0.00719990 0.99918573
vn 0.88191518 0.47140812 0.00000000
vn 0.87426949 0.46768368 0.13009546
vn 0.91222267 0.39050970 0.12390308
vn 0.91877222 0.39478806 0.00000000
vn 0.93167588 0.36329059 0.00000000
vn 0.92367483 0.36159015 0.12679655
vn 0.83146524 0.55557677 0.00000000
vn 0.82419134 0.55109421 0.13039863
vn 0.03919877 0.01119965 0.99916867
vn 0.13440318 0.04230100 0.99002344
vn 0.13180480 0.05870214 0.98953603
vn 0.03799833 0.01559931 0.99915604
vn 0.77300295 0.63440242 0.00000000
vn 0.76619562 0.62919640 0.13059925
vn 0.70710678 0.70710678 0.00000000
vn 0.70088217 0.70118216 0.13079667
vn 0.70088217 0.70118216 0.13079667
vn 0.70710678 0.70710678 0.00000000
vn 0.92319820 0.38229926 0.03939992
vn 0.88125993 0.47097859 0.03949820
vn 0.91796844 0.39488642 0.03739871
vn 0.87639304 0.48019618 0.03669971
vn 0.83086217 0.55507473 0.03949820
vn 0.99872400 -0.05050121 0.00000000
vn 0.99805420 -0.05069767 0.03629833
vn 0.99896848 -0.02589918 0.03729882
vn 0.99992061 -0.01260026 0.00000000
vn 0.77248963 0.63379149 0.03959947
vn 0.99999902 -0.00140000 0.00000000
vn 0.99927059 -0.00259992 0.03809888
vn 0.99927008 -0.00039999 0.03819886
vn 0.70660213 0.70650213 0.03960012
vn 0.70660213 0.70650213 0.03960012
vn 0.63390028 0.77240034 0.03960002
vn 0.86018078 0.50868863 0.03639919
vn 0.86074928 0.50902915 0.00000000
vn 0.55518563 0.83077850 0.03969897
vn 0.47109417 0.88118910 0.03969951
vn 0.09799709 -0.99437044 0.04029880
vn 0.38241540 0.92313718 0.03970160
vn 0.19499521 -0.97997595 0.04029901
vn 0.29009238 0.95617488 0.03969896
vn 0.29011316 -0.95614336 0.04030183
vn 0.19499989 0.97999947 0.03969998
vn 0.38249313 -0.92308343 0.04019928
vn 0.09799944 0.99439431 0.03969977
vn 0.47108476 -0.88117150 0.04019870
vn 0.55522066 -0.83073092 0.04020150
vn 0.63399642 -0.77229564 0.04009977
vn 0.70669087 -0.70639087 0.03999948
vn 0.70669087 -0.70639087 0.03999948
vn 0.77252938 -0.63372410 0.03990152
vn 0.83094451 -0.55492973 0.03980213
vn 0.88133595 -0.47081921 0.03970162
vn 0.92324097 -0.38217556 0.03959747
vn 0.95627419 -0.28979218 0.03949893
vn 0.99197968 0.00000000 0.12639741
vn 1.00000000 0.00000000 0.00000000
vn 0.99855158 0.05380278 0.00000000
vn 0.99045816 0.05399772 0.12679464
vn 0.98007619 -0.19469527 0.03929905
vn 0.99445783 -0.09759586 0.03909834
vn 0.99924300 0.00030001 0.03890167
vn 0.99634449 0.07600339 0.03900174
vn 0.99440785 0.09830078 0.03860030
vn 0.98006095 0.19479224 0.03919844
vn 0.97999560 0.19529912 0.03829983
vn 0.95621772 0.29000538 0.03930073
vn 0.95615477 0.29038627 0.03799820
vn 0.03759973 0.00020000 0.99929286
vn 0.13290388 0.00000000 0.99112893
vn 0.13640430 0.00660021 0.99063126
vn 0.03559863 0.00299988 0.99936167
vn 0.13409980 0.02309997 0.99069856
vn 0.03540165 0.00730034 0.99934650
vn 0.12800436 0.03830130 0.99103375
vn 0.03450163 0.01070051 0.99934736
vn 0.12319953 0.05049981 0.99109618
vn 0.03330158 0.01400066 0.99934728
vn 0.12009891 0.04609958 0.99169102
vn 0.03759973 0.01999985 0.99909272
vn 0.11740406 0.06220215 0.99113429
vn 0.03169840 0.01719913 0.99934949
vn 0.09799868 -0.99518655 0.00000000
vn 0.09710332 -0.98633368 0.13310454
vn 0.11039788 0.07329859 0.99118092
vn 0.02979856 0.02019903 0.99935181
vn 0.04950231 0.00740035 0.99874659
vn 0.12309945 0.01399994 0.99229558
vn 0.13699498 -0.00399985 0.99056367
vn 0.04140131 -0.00470015 0.99913154
vn 0.10250140 0.08360114 0.99121355
vn 0.02769866 0.02299889 0.99935171
vn 1.00000000 0.00000000 0.00000000
vn 0.99200474 0.00000000 0.12620060
vn 0.09370265 0.09320264 0.99122807
vn 0.02529885 0.02549884 0.99935468
vn 0.03859825 -0.00019999 0.99925479
vn 0.13370290 0.00000000 0.99102146
vn 0.08399601 0.10179517 0.99125295
vn 0.02269893 0.02789869 0.99935300
vn 0.07349749 0.10949627 0.99126620
vn 0.01979914 0.02989871 0.99935682
vn 0.06229960 0.11599925 0.99129357
vn 0.01679927 0.03169861 0.99935628
vn 0.05060004 0.12150010 0.99130084
vn 0.01359940 0.03319855 0.99935625
vn 0.03830061 0.12580200 0.99131575
vn 0.01039956 0.03429854 0.99935752
vn 0.02580023 0.12900114 0.99130876
vn 0.00689970 0.03519847 0.99935652
vn 0.01290015 0.13090151 0.99131144
vn 0.00349985 0.03569845 0.99935648
vn 0.70710678 -0.70710678 0.00000000
vn 0.70050043 -0.70130043 0.13220008
vn 0.98847720 -0.02669938 0.14899656
vn 0.98839287 -0.00249998 0.15189890
vn 0.95500806 -0.02640022 0.29540249
vn 0.95368565 -0.00239996 0.30079547
vn 0.89955119 -0.02539862 0.43607634
vn 0.89631679 -0.00230004 0.44340831
vn 0.82228152 -0.02369947 0.56858722
vn 0.81709612 -0.00219999 0.57649726
vn 0.72407994 -0.02149940 0.68938090
vn 0.71742930 -0.00200008 0.69662845
vn 0.72407994 -0.02149940 0.68938090
vn 0.60630777 -0.01870024 0.79501018
vn 0.59868636 -0.00169996 0.80098175
vn 0.71747783 -0.00199994 0.69657847
vn 0.47139451 -0.01529982 0.88178973
vn 0.46421211 -0.00130003 0.88572311
vn 0.32249951 -0.01159998 0.94649855
vn 0.31658757 -0.00099996 0.94856276
vn 0.16359972 -0.00749999 0.98649829
vn 0.15990521 -0.00060002 0.98713219
vn 0.09679633 -0.98226273 0.16059391
vn 0.09299610 -0.94396041 0.31668672
vn 0.08679828 -0.88168256 0.46379082
vn 0.07840015 -0.79750158 0.59820118
vn 0.06820168 -0.69391711 0.71681767
vn 0.05629844 -0.57448406 0.81657734
vn 0.06810214 -0.69392184 0.71682256
vn 0.04330073 -0.44190740 0.89601501
vn 0.02930129 -0.29951322 0.95364210
vn 0.01469957 -0.15069557 0.98847092
vn 0.19260856 -0.96804302 0.16060714
vn 0.18500753 -0.93033784 0.31661288
vn 0.17269966 -0.86899827 0.46369908
vn 0.15609656 -0.78608269 0.59808683
vn 0.13569551 -0.68407736 0.71667628
vn 0.11219607 -0.56638016 0.81647140
vn 0.13569551 -0.68407736 0.71667628
vn 0.08610101 -0.43560510 0.89601050
vn 0.05830134 -0.29530680 0.95362196
vn 0.02929894 -0.14859460 0.98846407
vn 0.28660286 -0.94450942 0.16050160
vn 0.27539243 -0.90777505 0.31639131
vn 0.25709529 -0.84798446 0.46349150
vn 0.23230883 -0.76722917 0.59782273
vn 0.20190412 -0.66771364 0.71651463
vn 0.16689957 -0.55269858 0.81649790
vn 0.20190412 -0.66771364 0.71651463
vn 0.12830142 -0.42530472 0.89590995
vn 0.08679732 -0.28839109 0.95357055
vn 0.04360178 -0.14520591 0.98844025
vn 0.37779573 -0.91188969 0.16039819
vn 0.36299933 -0.87649838 0.31619942
vn 0.33889921 -0.81889809 0.46319892
vn 0.30638656 -0.74096750 0.59757379
vn 0.26631556 -0.64503769 0.71624185
vn 0.22030871 -0.53422112 0.81613226
vn 0.26631556 -0.64503769 0.71624185
vn 0.16889851 -0.41069637 0.89599207
vn 0.11449989 -0.27879973 0.95349908
vn 0.05750216 -0.14030527 0.98843712
vn 0.46539268 -0.87048631 0.16019748
vn 0.44719667 -0.83679377 0.31589765
vn 0.41761228 -0.78192298 0.46281360
vn 0.37742382 -0.70754466 0.59743771
vn 0.32830063 -0.61620119 0.71590138
vn 0.27159055 -0.51048223 0.81587160
vn 0.32830063 -0.61620119 0.71590138
vn 0.20860170 -0.39290320 0.89560729
vn 0.14120485 -0.26650916 0.95343277
vn 0.07090008 -0.13430014 0.98840106
vn 0.54861473 -0.82062203 0.16000429
vn 0.52719971 -0.78899957 0.31549983
vn 0.49230324 -0.73750486 0.46230304
vn 0.44521254 -0.66761880 0.59671680
vn 0.38719877 -0.58149816 0.71549773
vn 0.32038604 -0.48187901 0.81556447
vn 0.38720396 -0.58160594 0.71540731
vn 0.24579882 -0.37079821 0.89559568
vn 0.16670225 -0.25180340 0.95331286
vn 0.08369816 -0.12689722 0.98837833
vn 0.62642211 -0.76292693 0.15980564
vn 0.60210561 -0.73360683 0.31510293
vn 0.56239668 -0.68589595 0.46179727
vn 0.50859673 -0.62109601 0.59629617
vn 0.44252347 -0.54132870 0.71493791
vn 0.36628930 -0.44868689 0.81517619
vn 0.44252347 -0.54132870 0.71493791
vn 0.28119919 -0.34549900 0.89529741
vn 0.19060422 -0.23460519 0.95322109
vn 0.09580434 -0.11830536 0.98834476
vn 0.69820422 -0.69790422 0.15950096
vn 0.67118155 -0.67118155 0.31469135
vn 0.62702070 -0.62772072 0.46131523
vn 0.56730331 -0.56870332 0.59560347
vn 0.50859673 -0.62109601 0.59629617
vn 0.49399149 -0.49589146 0.71418770
vn 0.56730331 -0.56870332 0.59560347
vn 0.40881248 -0.41121255 0.81472486
vn 0.31440943 -0.31690951 0.89482684
vn 0.21289606 -0.21519601 0.95308234
vn 0.10700108 -0.10860109 0.98830996
vn 0.69820422 -0.69790422 0.15950096
vn 0.76331040 -0.62610853 0.15920217
vn 0.67112660 -0.67122660 0.31471247
vn 0.73391083 -0.60230888 0.31400463
vn 0.62702070 -0.62772072 0.46131523
vn 0.68562871 -0.56352360 0.46081930
vn 0.56730331 -0.56870332 0.59560347
vn 0.62070864 -0.51080711 0.59480828
vn 0.54038694 -0.44568923 0.71368275
vn 0.62070864 -0.51080711 0.59480828
vn 0.44769550 -0.36989628 0.81409181
vn 0.34429797 -0.28519832 0.89449473
vn 0.23329481 -0.19389568 0.95287879
vn 0.11719665 -0.09789720 0.98827177
vn 0.82112222 -0.54821483 0.15880430
vn 0.78960521 -0.52760348 0.31330207
vn 0.73819384 -0.49389588 0.45949616
vn 0.66828460 -0.44798967 0.59388631
vn 0.58217726 -0.39118472 0.71277216
vn 0.66828460 -0.44798967 0.59388631
vn 0.48240312 -0.32480210 0.81350527
vn 0.37118984 -0.25069314 0.89407553
vn 0.25159873 -0.17049914 0.95269519
vn 0.12640337 -0.08620230 0.98822637
vn 0.87097841 -0.46508847 0.15839607
vn 0.83773251 -0.44781738 0.31251213
vn 0.78350358 -0.41940192 0.45850210
vn 0.70957474 -0.38078644 0.59287889
vn 0.58217726 -0.39118472 0.71277216
vn 0.61851320 -0.33280710 0.71181519
vn 0.51281213 -0.27660654 0.81271923
vn 0.61857494 -0.33278652 0.71177116
vn 0.39470459 -0.21370249 0.89361039
vn 0.26740167 -0.14570091 0.95250595
vn 0.13459407 -0.07369675 0.98815648
vn 0.91243996 -0.37751653 0.15790691
vn 0.87789652 -0.36359856 0.31159876
vn 0.82134845 -0.34087861 0.45737129
vn 0.74447521 -0.30968969 0.59148031
vn 0.64918366 -0.27109318 0.71068211
vn 0.53848406 -0.22559332 0.81187596
vn 0.64912580 -0.27111078 0.71072825
vn 0.41472585 -0.17451088 0.89305567
vn 0.28139553 -0.11899811 0.95218486
vn 0.14159714 -0.06039878 0.98808008
vn 0.94513545 -0.28631074 0.15730590
vn 0.90961577 -0.27590478 0.31060538
vn 0.85145374 -0.25888593 0.45607522
vn 0.77219297 -0.23559785 0.59009463
vn 0.67377297 -0.20659171 0.70947153
vn 0.55922341 -0.17220721 0.81093394
vn 0.67382077 -0.20660637 0.70942186
vn 0.43100840 -0.13350260 0.89241740
vn 0.29240239 -0.09150075 0.95190780
vn 0.14729768 -0.04679926 0.98798442
vn 0.96874787 -0.19228965 0.15669157
vn 0.93266834 -0.18549370 0.30938950
vn 0.87346560 -0.17439313 0.45458210
vn 0.79270533 -0.15900107 0.58850396
vn 0.69230910 -0.13990184 0.70790931
vn 0.57498084 -0.11689610 0.80977301
vn 0.69220801 -0.13990162 0.70800820
vn 0.44347735 -0.09099535 0.89165446
vn 0.30120302 -0.06250063 0.95150954
vn 0.15170127 -0.03200027 0.98790825
vn 0.98304369 -0.09639448 0.15599106
vn 0.94678008 -0.09319804 0.30809352
vn 0.88724628 -0.08800459 0.45282362
vn 0.80582994 -0.08070300 0.58662180
vn 0.70439142 -0.07159913 0.70619140
vn 0.58531966 -0.06070204 0.80852715
vn 0.70439142 -0.07159913 0.70619140
vn 0.45198510 -0.04729844 0.89077064
vn 0.30719403 -0.03279936 0.95108151
vn 0.15489727 -0.01709970 0.98778259
vn 0.98789868 0.00050000 0.15509979
vn 0.95187341 0.00010000 0.30649144
vn 0.89261974 -0.00060001 0.45080997
vn 0.81139517 -0.00129999 0.58449652
vn 0.70999912 -0.00220000 0.70419913
vn 0.59069399 -0.00249997 0.80689179
vn 0.70999912 -0.00220000 0.70419913
vn 0.45650732 -0.00310005 0.88971426
vn 0.31049084 -0.00289991 0.95057195
vn 0.15659389 -0.00179993 0.98766144
vn 0.98325096 0.09730504 0.15410799
vn 0.94786206 0.09339626 0.30468780
vn 0.88958349 0.08709838 0.44839168
vn 0.80947567 0.07849764 0.58188251
vn 0.70916996 0.06779713 0.70177027
vn 0.59068406 0.05569850 0.80497827
vn 0.70912025 0.06780194 0.70182004
vn 0.45690476 0.04230044 0.88850926
vn 0.31121116 0.02780100 0.94993406
vn 0.15700055 0.01370005 0.98750349
vn 0.96914937 0.19330985 0.15290779
vn 0.93480444 0.18610088 0.30250144
vn 0.87811554 0.17420308 0.44560789
vn 0.79996432 0.15799295 0.57887418
vn 0.70182870 0.13760563 0.69892858
vn 0.58538851 0.11409776 0.80268424
vn 0.70182870 0.13760563 0.69892858
vn 0.45339675 0.08759937 0.88699365
vn 0.30900886 0.05900169 0.94922722
vn 0.15619858 0.02929973 0.98729101
vn 0.94574753 0.28741444 0.15150761
vn 0.91297345 0.27699195 0.29959129
vn 0.85840369 0.26000112 0.44220190
vn 0.78306860 0.23659051 0.57517693
vn 0.68818300 0.20699489 0.69538282
vn 0.57478624 0.17219588 0.79998085
vn 0.68818300 0.20699489 0.69538282
vn 0.44588478 0.13289546 0.88516979
vn 0.30439509 0.08999855 0.94828471
vn 0.15400693 0.04500203 0.98704442
vn 0.90827225 0.39098806 0.14889545
vn 0.87759638 0.37749844 0.29549878
vn 0.82647375 0.35518872 0.43678613
vn 0.75548586 0.32409394 0.56938935
vn 0.66560581 0.28460249 0.68990603
vn 0.55716891 0.23768674 0.79565560
vn 0.66560581 0.28460249 0.68990603
vn 0.43308671 0.18399435 0.88237292
vn 0.29598890 0.12509531 0.94696448
vn 0.14969322 0.06249717 0.98675531
vn 0.86739831 0.47549907 0.14669971
vn 0.83906061 0.45967842 0.29098634
vn 0.79178933 0.43339416 0.43039420
vn 0.72584060 0.39672219 0.56193143
vn 0.64118190 0.34989012 0.68298072
vn 0.53840015 0.29330008 0.79000022
vn 0.64118190 0.34989012 0.68298072
vn 0.42038060 0.22828947 0.87815948
vn 0.28840002 0.15610001 0.94470007
vn 0.14660639 0.07890344 0.98604301
vn 0.98836574 -0.00059998 0.15209473
vn 0.98494351 0.07490331 0.15580688
vn 0.95352665 -0.00040001 0.30130842
vn 0.94863166 0.07230241 0.30801028
vn 0.89582283 -0.00020001 0.44441132
vn 0.88897786 0.06789831 0.45288872
vn 0.81605789 0.00000000 0.57797017
vn 0.80725095 0.06179625 0.58696433
vn 0.71580267 0.00010000 0.69830260
vn 0.70536719 0.05419748 0.70676712
vn 0.71580267 0.00010000 0.69830260
vn 0.59679521 0.00020000 0.80239356
vn 0.58568153 0.04529857 0.80927448
vn 0.70536719 0.05419748 0.70676712
vn 0.46147550 0.00029998 0.88715290
vn 0.45117277 0.03509788 0.89174619
vn 0.31370658 0.00030001 0.94951993
vn 0.30528655 0.02399894 0.95195807
vn 0.15740542 0.00040001 0.98753399
vn 0.15159500 0.01219960 0.98836740
vn 0.96873478 0.19250691 0.15650562
vn 0.93272603 0.18550518 0.30920863
vn 0.87358986 0.17399798 0.45449473
vn 0.79279642 0.15819928 0.58859734
vn 0.69229696 0.13849939 0.70819689
vn 0.57452661 0.11520534 0.81033753
vn 0.69229696 0.13849939 0.70819689
vn 0.44259273 0.08909854 0.89228534
vn 0.29970197 0.06060040 0.95210626
vn 0.14940139 0.03040028 0.98830919
vn 0.94515553 0.28651683 0.15680921
vn 0.90982272 0.27600689 0.30990774
vn 0.85191815 0.25870551 0.45530970
vn 0.77281735 0.23500528 0.58951324
vn 0.67460121 0.20550037 0.70900127
vn 0.55963257 0.17080994 0.81094719
vn 0.67460121 0.20550037 0.70900127
vn 0.43090876 0.13180268 0.89271815
vn 0.29170373 0.08950114 0.95231218
vn 0.14539398 0.04479815 0.98835910
vn 0.91246829 0.37778687 0.15709454
vn 0.87822905 0.36381204 0.31041027
vn 0.82212917 0.34081209 0.45601618
vn 0.74556205 0.30938425 0.59026995
vn 0.65059462 0.27029776 0.70969413
vn 0.53950196 0.22450081 0.81150294
vn 0.65059462 0.27029776 0.70969413
vn 0.41528644 0.17309435 0.89307084
vn 0.28100000 0.11740000 0.95250000
vn 0.14009942 0.05869976 0.98839592
vn 0.87099437 0.46539699 0.15739898
vn 0.83822429 0.44801298 0.31090901
vn 0.78450472 0.41960252 0.45660275
vn 0.71120822 0.38080440 0.59090683
vn 0.62040667 0.33250357 0.71030764
vn 0.51440901 0.27600483 0.81191422
vn 0.62040667 0.33250357 0.71030764
vn 0.39582299 0.21271236 0.89335190
vn 0.26780573 0.14420308 0.95262037
vn 0.13340573 0.07200309 0.98844244
vn 0.82114302 0.54852874 0.15760826
vn 0.79011987 0.52801328 0.31130783
vn 0.73940545 0.49430364 0.45710337
vn 0.67016554 0.44837694 0.59146958
vn 0.71120822 0.38080440 0.59090683
vn 0.58447930 0.39138614 0.71077482
vn 0.67020517 0.44840346 0.59140457
vn 0.48449961 0.32469974 0.81229934
vn 0.37269510 0.25019671 0.89358825
vn 0.25210984 0.16950662 0.95273718
vn 0.12559487 0.08469654 0.98845962
vn 0.76337811 0.62638204 0.15779547
vn 0.73449450 0.60279549 0.31169767
vn 0.68717386 0.56427853 0.45758259
vn 0.62278059 0.51168405 0.59188155
vn 0.54299547 0.44649627 0.71119407
vn 0.62271937 0.51171592 0.59191841
vn 0.44999664 0.37039724 0.81259394
vn 0.34609953 0.28519962 0.89379880
vn 0.23399274 0.19309401 0.95287045
vn 0.11659879 0.09639900 0.98848973
vn 0.69827552 0.69817552 0.15799446
vn 0.67180857 0.67180857 0.31200398
vn 0.62842694 0.62872696 0.45801964
vn 0.56941832 0.57001834 0.59231906
vn 0.49641179 0.49731181 0.71151690
vn 0.56941832 0.57001834 0.59231906
vn 0.41130712 0.41230714 0.81291407
vn 0.31629613 0.31739612 0.89398907
vn 0.21390496 0.21490498 0.95292209
vn 0.10650179 0.10720180 0.98851664
vn 0.69827552 0.69817552 0.15799446
vn 0.62650874 0.76321065 0.15810221
vn 0.67176344 0.67186343 0.31198302
vn 0.60268207 0.73437816 0.31219071
vn 0.62838743 0.62878742 0.45799084
vn 0.56371444 0.68721760 0.45821174
vn 0.56941832 0.57001834 0.59231906
vn 0.51070162 0.62290197 0.59260188
vn 0.44511154 0.54331409 0.71181846
vn 0.51070162 0.62290197 0.59260188
vn 0.36879904 0.45039883 0.81309788
vn 0.28351154 0.34661410 0.89413638
vn 0.19169598 0.23469507 0.95298000
vn 0.09550168 0.11710205 0.98851734
vn 0.54863676 0.82095500 0.15821060
vn 0.52777134 0.78985711 0.31238304
vn 0.49360390 0.73900583 0.45850362
vn 0.44708640 0.66977962 0.59288196
vn 0.38961353 0.58402027 0.71212472
vn 0.44708640 0.66977962 0.59288196
vn 0.32270888 0.48411332 0.81332237
vn 0.24811197 0.37251797 0.89424315
vn 0.16769352 0.25209026 0.95306316
vn 0.08350292 0.12580439 0.98853453
vn 0.46548291 0.87076802 0.15839418
vn 0.44781738 0.83773251 0.31251213
vn 0.41880318 0.78370595 0.45870348
vn 0.37929618 0.71019285 0.59309403
vn 0.38961353 0.58402027 0.71212472
vn 0.33049832 0.61919685 0.71229637
vn 0.27370471 0.51310884 0.81351401
vn 0.33047478 0.61915274 0.71234563
vn 0.21040971 0.39481822 0.89434128
vn 0.14220264 0.26710496 0.95311770
vn 0.07079700 0.13319435 0.98855807
vn 0.37789852 0.91219644 0.15839938
vn 0.36348268 0.87755819 0.31268510
vn 0.33990033 0.82090081 0.45890045
vn 0.30789296 0.74378299 0.59328643
vn 0.26819865 0.64839674 0.71249642
vn 0.22210392 0.53730949 0.81361438
vn 0.26819865 0.64839674 0.71249642
vn 0.17079799 0.41339513 0.89438946
vn 0.11540295 0.27970715 0.95312437
vn 0.05749723 0.13949327 0.98855232
vn 0.28661760 0.94485803 0.15840973
vn 0.27570640 0.90892111 0.31280727
vn 0.25780234 0.85020770 0.45900416
vn 0.23349908 0.77029696 0.59339766
vn 0.20340526 0.67141736 0.71261843
vn 0.16840539 0.55631782 0.81372606
vn 0.20340526 0.67141736 0.71261843
vn 0.12950007 0.42790023 0.89450049
vn 0.08749752 0.28949179 0.95317296
vn 0.04359884 0.14429615 0.98857360
vn 0.19269784 0.96838915 0.15839823
vn 0.18529458 0.93157276 0.31279085
vn 0.17330265 0.87131334 0.45910703
vn 0.15689904 0.78939518 0.59349637
vn 0.13669250 0.68806223 0.71266088
vn 0.11319441 0.57007187 0.81375985
vn 0.13670190 0.68800957 0.71270991
vn 0.08700080 0.43850406 0.89450827
vn 0.05879769 0.29668834 0.95316256
vn 0.02929908 0.14789535 0.98856893
vn 0.09680023 0.98260233 0.15850038
vn 0.09310107 0.94521084 0.31290359
vn 0.08700110 0.88411122 0.45910583
vn 0.07880119 0.80081210 0.59370897
vn 0.06869984 0.69809840 0.71269836
vn 0.05689845 0.57838421 0.81377778
vn 0.06869984 0.69809840 0.71269836
vn 0.04370053 0.44490535 0.89451076
vn 0.02949998 0.30089980 0.95319938
vn 0.01469944 0.15009429 0.98856241
vn 0.98822763 -0.05110143 0.14420403
vn 0.95723661 -0.05080194 0.28481089
vn 0.87342253 0.21340550 0.43771129
vn 0.79898869 0.19429725 0.56909195
vn 0.70482992 0.17030723 0.68862924
vn 0.70482992 0.17030723 0.68862924
vn 0.59259136 0.14199793 0.79288844
vn 0.46478722 0.10989698 0.87857584
vn 0.32390909 0.07480210 0.94312647
vn 0.17340506 0.03770110 0.98412871
vn 0.85176995 0.50368223 0.14419491
vn 0.82510811 0.48770479 0.28520280
vn 0.26870560 -0.00210004 0.96322006
vn 0.26580722 0.00000000 0.96402620
vn 0.72257800 -0.00379988 0.69127895
vn 0.87318286 -0.00149997 0.48739044
vn 0.87239686 0.00000000 0.48879824
vn 0.71949622 0.00000000 0.69449635
vn 0.04900165 -0.49601671 0.86692921
vn 0.06819885 -0.69528833 0.71548799
vn 0.04900165 -0.49601671 0.86692921
vn 0.09470131 -0.95961331 0.26490367
vn 0.09759685 -0.48888421 0.86687201
vn 0.13579919 -0.68539590 0.71539572
vn 0.09759685 -0.48888421 0.86687201
vn 0.18850002 -0.94570010 0.26480003
vn 0.14520898 -0.47712950 0.86675359
vn 0.20199713 -0.66889051 0.71538985
vn 0.14520898 -0.47712950 0.86675359
vn 0.28050882 -0.92262902 0.26470833
vn 0.19149957 -0.46079897 0.86659807
vn 0.26648748 -0.64626964 0.71506641
vn 0.19149957 -0.46079897 0.86659807
vn 0.36970280 -0.89070676 0.26450201
vn 0.23611099 -0.44012049 0.86634032
vn 0.26648748 -0.64626964 0.71506641
vn 0.32861029 -0.61751934 0.71462238
vn 0.45551096 -0.85012045 0.26420635
vn 0.27848851 -0.41518287 0.86606428
vn 0.38758298 -0.58287441 0.71416865
vn 0.53678942 -0.80138421 0.26389480
vn 0.31828807 -0.38618552 0.86576755
vn 0.44300061 -0.54270075 0.71360098
vn 0.61297632 -0.74487123 0.26348982
vn 0.35520431 -0.35340428 0.86541049
vn 0.49429783 -0.49729782 0.71299687
vn 0.68319409 -0.68119411 0.26309773
vn 0.38870156 -0.31730127 0.86500347
vn 0.54108406 -0.44708683 0.71227902
vn 0.68324063 -0.68114051 0.26311565
vn 0.74691319 -0.61091079 0.26250464
vn 0.41870964 -0.27800640 0.86451991
vn 0.58292372 -0.39251597 0.71142895
vn 0.80340014 -0.53470009 0.26200005
vn 0.44479132 -0.23599539 0.86398314
vn 0.61928997 -0.33419459 0.71048850
vn 0.85215991 -0.45337867 0.26128771
vn 0.46678311 -0.19159307 0.86336876
vn 0.64999850 -0.27249937 0.70939836
vn 0.89276346 -0.36758496 0.26048934
vn 0.48448897 -0.14509670 0.86268035
vn 0.82995352 -0.25238587 0.49747214
vn 0.82995352 -0.25238587 0.49747214
vn 0.49768900 -0.09729785 0.86188096
vn 0.85147128 -0.16999427 0.49608327
vn 0.85147128 -0.16999427 0.49608327
vn 0.26000639 -0.02720067 0.96522371
vn 0.49769384 -0.09719880 0.86188934
vn 0.86498479 -0.08589849 0.49439131
vn 0.70702835 -0.06460259 0.70422824
vn 0.26250781 -0.00150004 0.96492870
vn 0.87008922 -0.00059999 0.49289389
vn 0.71163352 0.00500024 0.70253309
vn 0.26348941 0.02409903 0.96436122
vn 0.86712684 0.08480263 0.49081519
vn 0.71009218 0.07509917 0.70009229
vn 0.26159244 0.05019855 0.96387214
vn 0.85602694 0.16960534 0.48831537
vn 0.70222850 0.14500588 0.69702829
vn 0.25730558 0.07620165 0.96332089
vn 0.83713180 0.25310961 0.48491842
vn 0.68777093 0.21399096 0.69367068
vn 0.25089773 0.10509905 0.96229129
vn 0.68778565 0.21389554 0.69368552
vn 0.83713180 0.25310961 0.48491842
vn 0.80693003 0.34541285 0.47911783
vn 0.66441563 0.29280689 0.68761617
vn 0.80693003 0.34541285 0.47911783
vn 0.25059425 0.10129768 0.96277791
vn 0.80946343 0.31788564 0.49367770
vn 0.67249194 0.25769691 0.69379168
vn 0.80948916 0.31779574 0.49369339
vn 0.26540982 0.00000000 0.96413569
vn 0.26290004 0.01540000 0.96470016
vn 0.71851347 0.00000000 0.69551304
vn 0.87211182 0.00000000 0.48930663
vn 0.87142485 0.04760136 0.48821392
vn 0.71509985 0.03589999 0.69809985
vn 0.25589253 0.04679863 0.96557180
vn 0.85734234 0.15350758 0.49132426
vn 0.70070640 0.12220112 0.70290642
vn 0.24729646 0.07559892 0.96598616
vn 0.70075729 0.12219255 0.70285717
vn 0.85736884 0.15349442 0.49128214
vn 0.83146902 0.25249059 0.49488156
vn 0.67888271 0.20419480 0.70528204
vn 0.83146902 0.25249059 0.49488156
vn 0.23790480 0.09910200 0.96621949
vn 0.80212540 0.33251053 0.49601571
vn 0.65440276 0.26920114 0.70660298
vn 0.80212540 0.33251053 0.49601571
vn 0.22649523 0.12169744 0.96637966
vn 0.62250738 0.33390396 0.70780839
vn 0.62390815 0.33170434 0.70760925
vn 0.85218886 0.45469406 0.25889662
vn 0.21310487 0.14290327 0.96652210
vn 0.58608220 0.39278807 0.70867848
vn 0.58760862 0.39080574 0.70851040
vn 0.80338557 0.53599037 0.25939534
vn 0.38959120 0.31899280 0.86398049
vn 0.54430452 0.44790372 0.70930589
vn 0.74682813 0.61212306 0.25990979
vn 0.35610748 0.35540746 0.86421814
vn 0.49740827 0.49860829 0.70991181
vn 0.68311125 0.68231124 0.26040429
vn 0.31919589 0.38829499 0.86448886
vn 0.44599303 0.54459149 0.71028890
vn 0.68311125 0.68231124 0.26040429
vn 0.61287709 0.74597211 0.26059026
vn 0.27938929 0.41748399 0.86466684
vn 0.39038874 0.58538312 0.71057951
vn 0.53671034 0.80241546 0.26090503
vn 0.23700678 0.44261266 0.86482473
vn 0.33109565 0.62049185 0.71089066
vn 0.45537636 0.85115582 0.26108645
vn 0.19229649 0.46349153 0.86498420
vn 0.26859174 0.64968003 0.71117814
vn 0.36969401 0.89168555 0.26119577
vn 0.14579594 0.47998664 0.86507593
vn 0.20370339 0.67271121 0.71131185
vn 0.28041591 0.92365239 0.26121482
vn 0.09799793 0.49178960 0.86518171
vn 0.14579594 0.47998664 0.86507593
vn 0.20370339 0.67271121 0.71131185
vn 0.13690232 0.68931170 0.71141207
vn 0.09799793 0.49178960 0.86518171
vn 0.18849028 0.94665120 0.26138653
vn 0.04920018 0.49900183 0.86520317
vn 0.06880056 0.69940568 0.71140578
vn 0.04920018 0.49900183 0.86520317
vn 0.09470176 0.96051782 0.26160485
vn 0.26508986 0.02979886 0.96376314
vn 0.70877150 0.10029597 0.69827192
vn 0.85762134 0.11520287 0.50121247
vn 0.85769076 0.11519876 0.50109460
vn 0.70960029 0.10050004 0.69740029
vn 0.00000000 0.00000000 -1.00000000
vn -0.12460303 -0.01280031 -0.99212410
vn -0.12370178 -0.00320005 -0.99231428
vn 0.00000000 0.00000000 -1.00000000
vn 0.99969983 -0.02450000 0.00000000
vn 0.99518655 -0.09799868 0.00000000
vn 0.98541771 -0.09670174 -0.14000252
vn 0.98992339 -0.02430057 -0.13950330
vn 0.12450458 -0.01280047 -0.99213646
vn 0.00000000 0.00000000 -1.00000000
vn 0.00000000 0.00000000 -1.00000000
vn 0.12370182 -0.00310005 -0.99231459
vn 0.12280077 -0.02540016 -0.99210625
vn 0.00000000 0.00000000 -1.00000000
vn 0.12030120 -0.03800038 -0.99200988
vn 0.00000000 0.00000000 -1.00000000
vn 0.11700488 -0.05060211 -0.99184136
vn 0.00000000 0.00000000 -1.00000000
vn 0.11260531 -0.06290297 -0.99164674
vn 0.00000000 0.00000000 -1.00000000
vn 0.10779936 -0.07559955 -0.99129411
vn 0.00000000 0.00000000 -1.00000000
vn 0.10270415 -0.08880359 -0.99074002
vn 0.00000000 0.00000000 -1.00000000
vn 0.09700488 -0.10290518 -0.98994979
vn 0.00000000 0.00000000 -1.00000000
vn 0.09120189 -0.11880246 -0.98872048
vn 0.00000000 0.00000000 -1.00000000
vn 0.08540249 -0.13810403 -0.98672878
vn 0.00000000 0.00000000 -1.00000000
vn 0.07970016 -0.16360033 -0.98330200
vn 0.00000000 0.00000000 -1.00000000
vn 0.07379777 -0.20069393 -0.97687043
vn 0.00000000 0.00000000 -1.00000000
vn 0.06969690 -0.19979112 -0.97735656
vn 0.00000000 0.00000000 -1.00000000
vn 0.02480100 -0.14000566 -0.98984005
vn 0.01840018 -0.14050135 -0.98990949
vn 0.09799868 -0.99518655 0.00000000
vn 0.00000000 -1.00000000 0.00000000
vn 0.00000000 -0.99041794 -0.13810250
vn 0.09159654 -0.98706272 -0.13159503
vn 0.00000000 -0.12649581 -0.99196714
vn 0.00000000 0.00000000 -1.00000000
vn -0.01840018 -0.14050135 -0.98990949
vn 0.00000000 0.00000000 -1.00000000
vn -0.02470106 -0.14000601 -0.98984250
vn -0.06970232 -0.19990666 -0.97733255
vn -0.29030991 -0.95693268 0.00000000
vn -0.38269034 -0.92387667 0.00000000
vn -0.38670925 -0.91802195 -0.08770210
vn -0.27629998 -0.95379994 -0.11799999
vn -0.07390295 -0.20080802 -0.97683903
vn 0.00000000 0.00000000 -1.00000000
vn -0.07970016 -0.16360033 -0.98330200
vn 0.00000000 0.00000000 -1.00000000
vn -0.08540249 -0.13810403 -0.98672878
vn 0.00000000 0.00000000 -1.00000000
vn -0.09120189 -0.11880246 -0.98872048
vn 0.00000000 0.00000000 -1.00000000
vn -0.09700488 -0.10290518 -0.98994979
vn 0.00000000 0.00000000 -1.00000000
vn -0.10259594 -0.08869649 -0.99076082
vn 0.00000000 0.00000000 -1.00000000
vn -0.10789819 -0.07559874 -0.99128342
vn 0.00000000 0.00000000 -1.00000000
vn -0.11260460 -0.06300257 -0.99164050
vn 0.00000000 0.00000000 -1.00000000
vn -0.11659992 -0.05039997 -0.99189934
vn 0.00000000 0.00000000 -1.00000000
vn -0.12010408 -0.03800129 -0.99203372
vn 0.00000000 0.00000000 -1.00000000
vn -0.12250528 -0.02540109 -0.99214275
vn 0.00000000 0.00000000 -1.00000000
vn -0.99969983 -0.02450000 0.00000000
vn -1.00000000 0.00000000 0.00000000
vn -0.99022164 0.00000000 -0.13950305
vn -0.98992339 -0.02430057 -0.13950330
vn 0.99022164 0.00000000 -0.13950305
vn 1.00000000 0.00000000 0.00000000
vn -0.12210216 0.00000000 -0.99251754
vn 0.00000000 0.00000000 -1.00000000
vn -0.98078399 -0.19509682 0.00000000
vn -0.99518655 -0.09799868 0.00000000
vn -0.98546195 -0.09669627 -0.13969461
vn -0.97130193 -0.19250038 -0.13970028
vn -0.95693268 -0.29030991 0.00000000
vn -0.94793981 -0.28641203 -0.13920585
vn -0.92387667 -0.38269034 0.00000000
vn -0.91559800 -0.37759918 -0.13819970
vn -0.88191518 -0.47140812 0.00000000
vn -0.87460185 -0.46520099 -0.13660029
vn -0.83146524 -0.55557677 0.00000000
vn -0.82530744 -0.54850494 -0.13420121
vn -0.77300295 -0.63440242 0.00000000
vn -0.76823081 -0.62662513 -0.13100525
vn -0.70710678 -0.70710678 0.00000000
vn -0.70395839 -0.69895869 -0.12609255
vn -0.63440242 -0.77300295 0.00000000
vn -0.70710678 -0.70710678 0.00000000
vn -0.70390795 -0.69900789 -0.12610142
vn -0.63299746 -0.76479693 -0.11999952
vn -0.55557677 -0.83146524 0.00000000
vn -0.55591305 -0.82361933 -0.11230264
vn -0.47140812 -0.88191518 0.00000000
vn -0.47362497 -0.87484612 -0.10160536
vn 0.00000000 0.00000000 -1.00000000
vn 0.00000000 0.00000000 -1.00000000
vn 0.00000000 0.00000000 -1.00000000
vn 0.00000000 0.00000000 -1.00000000
vn 0.00000000 0.00000000 -1.00000000
vn 0.00000000 0.00000000 -1.00000000
vn 0.00000000 0.00000000 -1.00000000
vn 0.00000000 0.00000000 -1.00000000
vn 0.00000000 0.00000000 -1.00000000
vn 0.00000000 0.00000000 -1.00000000
vn 0.00000000 0.00000000 -1.00000000
vn 0.00000000 0.00000000 -1.00000000
vn 0.00000000 0.00000000 -1.00000000
vn 0.00000000 0.00000000 -1.00000000
vn 0.00000000 0.00000000 -1.00000000
vn 0.12210216 0.00000000 -0.99251754
vn 0.98078399 -0.19509682 0.00000000
vn 0.97133419 -0.19240677 -0.13960491
vn 0.95693268 -0.29030991 0.00000000
vn 0.94799028 -0.28629707 -0.13909857
vn 0.92387667 -0.38269034 0.00000000
vn 0.91562329 -0.37760961 -0.13800351
vn 0.88191518 -0.47140812 0.00000000
vn 0.87462573 -0.46521369 -0.13640401
vn 0.83146524 -0.55557677 0.00000000
vn 0.82532957 -0.54851965 -0.13400480
vn 0.77300295 -0.63440242 0.00000000
vn 0.76821282 -0.62671046 -0.13070218
vn 0.70710678 -0.70710678 0.00000000
vn 0.70395839 -0.69895869 -0.12609255
vn 0.70710678 -0.70710678 0.00000000
vn 0.63440242 -0.77300295 0.00000000
vn 0.63292992 -0.76483615 -0.12010568
vn 0.70390795 -0.69900789 -0.12610142
vn 0.55557677 -0.83146524 0.00000000
vn 0.55591929 -0.82362858 -0.11220389
vn 0.47140812 -0.88191518 0.00000000
vn 0.47362497 -0.87484612 -0.10160536
vn 0.38269034 -0.92387667 0.00000000
vn 0.38670585 -0.91801389 -0.08780133
vn 0.29030991 -0.95693268 0.00000000
vn 0.27620761 -0.95382629 -0.11800325
vn 0.19509682 -0.98078399 0.00000000
vn 0.19649509 -0.97237569 -0.12599685
vn -0.19509682 -0.98078399 0.00000000
vn -0.19649509 -0.97237569 -0.12599685
vn -0.09799868 -0.99518655 0.00000000
vn -0.09159654 -0.98706272 -0.13159503
vn -0.47940609 -0.01200015 -0.87751114
vn -0.47731695 0.00000000 -0.87873120
vn -0.68042637 -0.01660064 -0.73262840
vn -0.68150903 0.00000000 -0.73180970
vn -0.96063024 -0.02380075 -0.27680871
vn -0.96110017 0.00000000 -0.27620005
vn 0.47700138 0.00000000 -0.87890254
vn 0.47940666 -0.01190017 -0.87751219
vn 0.68119869 0.00000000 -0.73209859
vn 0.68032281 -0.01660056 -0.73272457
vn 0.96095969 0.00000000 -0.27668839
vn 0.96060593 -0.02370015 -0.27690171
vn 0.95589177 -0.09509918 -0.27789761
vn 0.67610524 -0.06530051 -0.73390568
vn 0.47892589 -0.04790259 -0.87654739
vn 0.94185783 -0.18919153 -0.27768757
vn 0.66670930 -0.12990181 -0.73391023
vn 0.47170201 -0.09520041 -0.87660373
vn 0.91882561 -0.28160785 -0.27650771
vn 0.65267942 -0.19399388 -0.73237691
vn 0.46118380 -0.14199501 -0.87586924
vn 0.88706895 -0.37138700 -0.27419040
vn 0.63349287 -0.25679711 -0.72989179
vn 0.44770433 -0.18840182 -0.87410845
vn 0.84683688 -0.45791994 -0.27051178
vn 0.61049882 -0.31839939 -0.72519860
vn 0.43071183 -0.23400643 -0.87162395
vn 0.79831478 -0.54031000 -0.26600492
vn 0.58278657 -0.37909126 -0.71878344
vn 0.41090411 -0.27940279 -0.86780867
vn 0.67137885 -0.54878271 -0.49808431
vn 0.67137885 -0.54878271 -0.49808431
vn 0.38840469 -0.32490392 -0.86231041
vn 0.61939324 -0.61649327 -0.48609470
vn 0.61936313 -0.61646331 -0.48617106
vn 0.50061368 -0.52221427 -0.69041886
vn 0.19180665 -0.18450639 -0.96393340
vn 0.56198745 -0.68078479 -0.46978951
vn 0.61936313 -0.61646331 -0.48617106
vn 0.56191902 -0.68082305 -0.46981591
vn 0.45790143 -0.58580183 -0.66870209
vn 0.18129296 -0.21129180 -0.96046272
vn 0.49938960 -0.74198455 -0.44729069
vn 0.49950171 -0.74190254 -0.44730153
vn 0.41110106 -0.65170167 -0.63740164
vn 0.17059357 -0.24199088 -0.95516399
vn 0.43201659 -0.80013072 -0.41611597
vn 0.43201659 -0.80013072 -0.41611597
vn 0.35990453 -0.72200909 -0.59090744
vn 0.15970630 -0.27961103 -0.94673733
vn 0.35967892 -0.85554986 -0.37237818
vn 0.30261271 -0.79803353 -0.52112190
vn 0.35990453 -0.72200909 -0.59090744
vn 0.14900746 -0.32971650 -0.93224665
vn 0.25809546 -0.85418496 -0.45139205
vn 0.18809949 -0.57629845 -0.79529786
vn 0.18809949 -0.57629845 -0.79529786
vn 0.17289381 -0.85646933 -0.48638258
vn 0.17289381 -0.85646933 -0.48638258
vn 0.09780145 -0.51030758 -0.85441269
vn 0.25809546 -0.85418496 -0.45139205
vn 0.08199674 -0.86156573 -0.50098007
vn 0.08199674 -0.86156573 -0.50098007
vn 0.05669787 -0.50888089 -0.85896775
vn 0.00000000 -0.96150130 -0.27480037
vn 0.00000000 -0.68362837 -0.72983029
vn 0.00000000 -0.48449630 -0.87479331
vn -0.08199674 -0.86156573 -0.50098007
vn -0.08209606 -0.86155866 -0.50097596
vn -0.05669787 -0.50888089 -0.85896775
vn -0.17290222 -0.85651098 -0.48630624
vn -0.17290222 -0.85651098 -0.48630624
vn -0.09780145 -0.51030758 -0.85441269
vn -0.25809546 -0.85418496 -0.45139205
vn -0.25809546 -0.85418496 -0.45139205
vn -0.18809949 -0.57629845 -0.79529786
vn -0.35967892 -0.85554986 -0.37237818
vn -0.30259694 -0.79799194 -0.52119474
vn -0.18819595 -0.57628760 -0.79528289
vn -0.14910032 -0.32980071 -0.93220201
vn -0.43201659 -0.80013072 -0.41611597
vn -0.35988326 -0.72196643 -0.59097252
vn -0.15969564 -0.27949237 -0.94677416
vn -0.49942666 -0.74193960 -0.44732387
vn -0.49942666 -0.74193960 -0.44732387
vn -0.41110106 -0.65170167 -0.63740164
vn -0.35988326 -0.72196643 -0.59097252
vn -0.43201659 -0.80013072 -0.41611597
vn -0.17050061 -0.24190086 -0.95520339
vn -0.56198745 -0.68078479 -0.46978951
vn -0.56198745 -0.68078479 -0.46978951
vn -0.45790143 -0.58580183 -0.66870209
vn -0.18129679 -0.21119626 -0.96048301
vn -0.61939324 -0.61649327 -0.48609470
vn -0.61939324 -0.61649327 -0.48609470
vn -0.50061368 -0.52221427 -0.69041886
vn -0.19180665 -0.18450639 -0.96393340
vn -0.67137885 -0.54878271 -0.49808431
vn -0.61939324 -0.61649327 -0.48609470
vn -0.67137885 -0.54878271 -0.49808431
vn -0.38831977 -0.32491654 -0.86234390
vn -0.79837227 -0.54028124 -0.26589077
vn -0.58278657 -0.37909126 -0.71878344
vn -0.41082099 -0.27941427 -0.86784433
vn -0.84670976 -0.45780528 -0.27110313
vn -0.61049882 -0.31839939 -0.72519860
vn -0.43078320 -0.23409087 -0.87156601
vn -0.88699897 -0.37139957 -0.27439968
vn -0.63379744 -0.25659896 -0.72969705
vn -0.44752212 -0.18820930 -0.87424322
vn -0.91873420 -0.28151048 -0.27691031
vn -0.65261217 -0.19370361 -0.73251366
vn -0.46129637 -0.14209888 -0.87579311
vn -0.94172216 -0.18910445 -0.27820655
vn -0.66679644 -0.13009930 -0.73379608
vn -0.47181661 -0.09530336 -0.87653086
vn -0.95594488 -0.09510446 -0.27771304
vn -0.67589739 -0.06529975 -0.73409717
vn -0.47900066 -0.04800007 -0.87650121
vn 0.00000000 0.00000000 1.00000000
vn 0.00000000 0.00000000 1.00000000
vn 0.00000000 0.00000000 1.00000000
vn 0.00000000 0.00000000 1.00000000
vn 0.00000000 0.00000000 1.00000000
vn 0.00000000 0.00000000 1.00000000
vn 0.00000000 0.00000000 1.00000000
vn 0.00000000 0.00000000 1.00000000
vn 0.00000000 0.00000000 1.00000000
vn 0.00000000 0.00000000 1.00000000
vn 0.00000000 0.00000000 1.00000000
vn 0.00000000 0.00000000 1.00000000
vn 0.00000000 0.00000000 1.00000000
vn 0.00000000 0.00000000 1.00000000
vn 0.00000000 0.00000000 1.00000000
vn 0.00000000 0.00000000 1.00000000
vn 0.00000000 0.00000000 1.00000000
vn 0.00000000 0.00000000 1.00000000
vn 0.00000000 0.00000000 1.00000000
vn 0.00000000 0.00000000 1.00000000
vn 0.00000000 0.00000000 1.00000000
vn 0.00000000 0.00000000 1.00000000
vn 0.00000000 0.00000000 1.00000000
vn 0.00000000 0.00000000 1.00000000
vn 0.00000000 0.00000000 1.00000000
vn 0.00000000 0.00000000 1.00000000
vn 0.00000000 0.00000000 1.00000000
vn 0.00000000 0.00000000 1.00000000
vn 0.00000000 0.00000000 1.00000000
vn 0.00000000 0.00000000 1.00000000
vn 0.00000000 0.00000000 1.00000000
vn 0.00000000 0.00000000 1.00000000
vn 0.00000000 0.00000000 1.00000000
vn 0.00000000 0.00000000 1.00000000
vn 0.00000000 0.00000000 1.00000000
vn 0.00000000 0.00000000 1.00000000
vn 0.00000000 0.00000000 1.00000000
vn 0.00000000 0.00000000 1.00000000
vn 0.00000000 0.00000000 1.00000000
vn 0.00000000 0.00000000 1.00000000
vn 0.00000000 0.00000000 1.00000000
vn 0.00000000 0.00000000 1.00000000
vn 0.00000000 0.00000000 1.00000000
vn 0.00000000 0.00000000 1.00000000
vn 0.00000000 0.00000000 1.00000000
vn 0.00000000 0.00000000 1.00000000
vn 0.00000000 0.00000000 1.00000000
vn 0.00000000 0.00000000 1.00000000
vn 0.00000000 0.00000000 1.00000000
vn 0.00000000 0.00000000 1.00000000
vn 0.00000000 0.00000000 1.00000000
vn 0.00000000 0.00000000 1.00000000
vn 0.00000000 0.00000000 1.00000000
vn 0.00000000 0.00000000 1.00000000
vn 0.00000000 0.00000000 1.00000000
vn 0.00000000 0.00000000 1.00000000
vn 0.00000000 0.00000000 1.00000000
vn 0.00000000 0.00000000 1.00000000
vn 0.00000000 0.00000000 1.00000000
vn 0.00000000 0.00000000 1.00000000
vn 0.00000000 0.00000000 1.00000000
vn 0.00000000 0.00000000 1.00000000
vn 0.00000000 0.00000000 1.00000000
vn 0.00000000 0.00000000 1.00000000
vn -0.88191518 0.47140812 0.00000000
vn -1.00000000 0.00000000 0.00000000
vn -1.00000000 0.00000000 0.00000000
vn -1.00000000 0.00000000 0.00000000
vn -1.00000000 0.00000000 0.00000000
vn -1.00000000 0.00000000 0.00000000
vn -1.00000000 0.00000000 0.00000000
vn -1.00000000 0.00000000 0.00000000
vn -1.00000000 0.00000000 0.00000000
vn -1.00000000 0.00000000 0.00000000
vn -1.00000000 0.00000000 0.00000000
vn -1.00000000 0.00000000 0.00000000
vn -1.00000000 0.00000000 0.00000000
vn -1.00000000 0.00000000 0.00000000
vn -1.00000000 0.00000000 0.00000000
vn -1.00000000 0.00000000 0.00000000
vn -1.00000000 0.00000000 0.00000000
vn -1.00000000 0.00000000 0.00000000
vn -1.00000000 0.00000000 0.00000000
vn -1.00000000 0.00000000 0.00000000
vn -1.00000000 0.00000000 0.00000000
vn -1.00000000 0.00000000 0.00000000
vn -1.00000000 0.00000000 0.00000000
vn 1.00000000 0.00000000 0.00000000
vn 1.00000000 0.00000000 0.00000000
vn 1.00000000 0.00000000 0.00000000
vn 1.00000000 0.00000000 0.00000000
vn 1.00000000 0.00000000 0.00000000
vn 1.00000000 0.00000000 0.00000000
vn 1.00000000 0.00000000 0.00000000
vn 1.00000000 0.00000000 0.00000000
vn 1.00000000 0.00000000 0.00000000
vn 1.00000000 0.00000000 0.00000000
vn 1.00000000 0.00000000 0.00000000
vn 1.00000000 0.00000000 0.00000000
vn 1.00000000 0.00000000 0.00000000
vn 1.00000000 0.00000000 0.00000000
vn 1.00000000 0.00000000 0.00000000
vn 1.00000000 0.00000000 0.00000000
vn 1.00000000 0.00000000 0.00000000
vn 1.00000000 0.00000000 0.00000000
vn 1.00000000 0.00000000 0.00000000
vn 1.00000000 0.00000000 0.00000000
vn 1.00000000 0.00000000 0.00000000
vn 1.00000000 0.00000000 0.00000000
vt 0.86979000 0.51157900
vt 0.86974000 0.52076900
vt 0.89411500 0.52076900
vt 0.89416500 0.51157900
vt 0.86966400 0.52554700
vt 0.86958900 0.53032500
vt 0.89396400 0.53032500
vt 0.89403900 0.52554700
vt 0.86946400 0.53501100
vt 0.86933900 0.53969700
vt 0.89371400 0.53969700
vt 0.89383900 0.53501100
vt 0.86899300 0.54879300
vt 0.89336800 0.54879300
vt 0.86855300 0.55752700
vt 0.89292800 0.55752700
vt 0.86802400 0.56581300
vt 0.89239900 0.56581300
vt 0.86741200 0.57357300
vt 0.89178700 0.57357300
vt 0.86672100 0.58073100
vt 0.89109600 0.58073100
vt 0.35606800 0.57985600
vt 0.35571500 0.57301700
vt 0.33123800 0.57293000
vt 0.33159100 0.57976900
vt 0.35540300 0.56554300
vt 0.33092700 0.56545600
vt 0.35513600 0.55750400
vt 0.33065900 0.55741700
vt 0.35491500 0.54897900
vt 0.33043800 0.54889200
vt 0.35474300 0.54005000
vt 0.33026600 0.53996300
vt 0.35462100 0.53080200
vt 0.33014500 0.53071500
vt 0.35455100 0.52132400
vt 0.33007500 0.52123700
vt 0.35480700 0.23109300
vt 0.33033100 0.23100600
vt 0.09991100 0.26786200
vt 0.09999300 0.27614900
vt 0.12444100 0.27616100
vt 0.12436000 0.26787300
vt 0.10018500 0.28416000
vt 0.12463400 0.28417100
vt 0.10048400 0.29169600
vt 0.12493300 0.29170800
vt 0.10088300 0.29857300
vt 0.12533100 0.29858400
vt 0.33159100 0.17906400
vt 0.33123400 0.18578000
vt 0.35571000 0.18586700
vt 0.35606800 0.17915100
vt 0.33092700 0.19354600
vt 0.35540300 0.19363300
vt 0.33067700 0.20217100
vt 0.35515400 0.20225800
vt 0.33049200 0.21144300
vt 0.35496900 0.21153000
vt 0.33037600 0.22113500
vt 0.35485200 0.22122200
vt 0.42396800 0.49194000
vt 0.45355500 0.49195300
vt 0.45355500 0.20144700
vt 0.42396800 0.20143300
vt 0.42416900 0.19158400
vt 0.45355500 0.19159800
vt 0.45355500 0.18199100
vt 0.42476800 0.18197800
vt 0.42708800 0.16442800
vt 0.45355500 0.16444000
vt 0.45355500 0.15692800
vt 0.42875300 0.15691600
vt 0.42574900 0.17285100
vt 0.45355500 0.17286400
vt 0.35672300 0.19155300
vt 0.35606800 0.20140100
vt 0.38300300 0.20141400
vt 0.38347800 0.19156500
vt 0.36187200 0.17282100
vt 0.35867400 0.18194700
vt 0.38489300 0.18195900
vt 0.38721200 0.17283300
vt 0.39037700 0.16441100
vt 0.36623900 0.16439900
vt 0.39431200 0.15690000
vt 0.37166600 0.15688900
vt 0.35606800 0.49190800
vt 0.38300300 0.49192100
vt 0.38514700 0.14531700
vt 0.37802100 0.15047600
vt 0.40203100 0.20142300
vt 0.40237900 0.19157400
vt 0.40341400 0.18196800
vt 0.40511100 0.17284100
vt 0.40742900 0.16441900
vt 0.41030900 0.15690700
vt 0.40203100 0.49192900
vt 0.39286800 0.14154000
vt 0.41456400 0.20142900
vt 0.41482800 0.19158000
vt 0.41561400 0.18197400
vt 0.41690200 0.17284700
vt 0.41866100 0.16442400
vt 0.42084700 0.15691200
vt 0.41456400 0.49193500
vt 0.40099400 0.13923800
vt 0.40932500 0.13846600
vt 0.43046900 0.51086700
vt 0.45355500 0.51087700
vt 0.45355500 0.50150800
vt 0.42988200 0.50149700
vt 0.43231500 0.52869400
vt 0.45355500 0.52870300
vt 0.45355500 0.51997200
vt 0.43128200 0.51996100
vt 0.43499500 0.54473800
vt 0.45355500 0.54474600
vt 0.45355500 0.53698800
vt 0.43355600 0.53697900
vt 0.43840500 0.55838300
vt 0.45355500 0.55839000
vt 0.45355500 0.55190300
vt 0.43661600 0.55189500
vt 0.44459900 0.57323500
vt 0.45355500 0.57323900
vt 0.45355500 0.56910900
vt 0.44241600 0.56910400
vt 0.44034500 0.56413800
vt 0.45355500 0.56414400
vt 0.41300500 0.56412500
vt 0.42667500 0.56413100
vt 0.42279600 0.55837500
vt 0.40718600 0.55836800
vt 0.41921800 0.56909300
vt 0.43081700 0.56909900
vt 0.40181900 0.55187900
vt 0.41921800 0.55188700
vt 0.41597400 0.54472900
vt 0.39695400 0.54472000
vt 0.39263900 0.53696000
vt 0.41309800 0.53696900
vt 0.41061500 0.52868300
vt 0.38891500 0.52867300
vt 0.38581800 0.51994000
vt 0.40855000 0.51995100
vt 0.40692300 0.51085600
vt 0.38337700 0.51084500
vt 0.42576700 0.57322600
vt 0.43518300 0.57323100
vt 0.40575000 0.50148600
vt 0.38161700 0.50147400
vt 0.43012900 0.57765600
vt 0.43481400 0.57883100
vt 0.43351000 0.56413400
vt 0.43060100 0.55837900
vt 0.43661600 0.56910100
vt 0.42791700 0.55189100
vt 0.42548500 0.54473300
vt 0.42332700 0.53697400
vt 0.42146500 0.52868800
vt 0.41991600 0.51995600
vt 0.41869600 0.51086100
vt 0.43989100 0.57323300
vt 0.41781600 0.50149100
vt 0.43959100 0.57954200
vt 0.44436800 0.58025300
vt 0.45355500 0.58073100
vt 0.42544500 0.57648000
vt 0.41635100 0.57322200
vt 0.35983200 0.51083400
vt 0.35748500 0.50146300
vt 0.36721500 0.52866300
vt 0.36308600 0.51993000
vt 0.37793400 0.54471100
vt 0.37218100 0.53695000
vt 0.39157700 0.55836100
vt 0.38442100 0.55187100
vt 0.40761900 0.56908800
vt 0.39933500 0.56411800
vt 0.09991100 0.26786200
vt 0.12436000 0.26787300
vt 0.12422800 0.22368100
vt 0.10756500 0.22367300
vt 0.45355500 0.13848700
vt 0.89411500 0.50239000
vt 0.86974000 0.50239000
vt 0.86966400 0.49761200
vt 0.89403900 0.49761200
vt 0.89396400 0.49283400
vt 0.86958900 0.49283400
vt 0.86946400 0.48814800
vt 0.89383900 0.48814800
vt 0.89371400 0.48346200
vt 0.86933900 0.48346200
vt 0.89336800 0.47436600
vt 0.86899300 0.47436600
vt 0.89292800 0.46563200
vt 0.86855300 0.46563200
vt 0.89239900 0.45734600
vt 0.86802400 0.45734600
vt 0.89178700 0.44958600
vt 0.86741200 0.44958600
vt 0.89109600 0.44242800
vt 0.86672100 0.44242800
vt 0.33007500 0.18474300
vt 0.30557200 0.18476600
vt 0.30537800 0.19194000
vt 0.32988000 0.19191800
vt 0.30520700 0.19971400
vt 0.32970900 0.19969200
vt 0.30506100 0.20801300
vt 0.32956300 0.20799100
vt 0.30494100 0.21675700
vt 0.32944400 0.21673400
vt 0.30484900 0.22586100
vt 0.32935200 0.22583900
vt 0.30478600 0.23523800
vt 0.32928800 0.23521600
vt 0.30475100 0.24479800
vt 0.32925400 0.24477600
vt 0.30504300 0.53536600
vt 0.32954500 0.53534300
vt 0.09964800 0.17947800
vt 0.12409700 0.17948900
vt 0.12412900 0.17112800
vt 0.09968000 0.17111700
vt 0.12427300 0.16290000
vt 0.09982400 0.16288900
vt 0.12452600 0.15500800
vt 0.10007700 0.15499700
vt 0.12488200 0.14764600
vt 0.10043300 0.14763500
vt 0.12533100 0.14099500
vt 0.10088300 0.14098300
vt 0.30557200 0.57985600
vt 0.33007500 0.57983300
vt 0.32989800 0.57233300
vt 0.30539600 0.57235500
vt 0.32975400 0.56391800
vt 0.30525200 0.56394100
vt 0.32964600 0.55479600
vt 0.30514300 0.55481900
vt 0.32957500 0.54519300
vt 0.30507300 0.54521500
vt 0.48314100 0.49196700
vt 0.48314100 0.20146100
vt 0.48294000 0.19161200
vt 0.48234200 0.18200500
vt 0.48002100 0.16445200
vt 0.47835600 0.15693900
vt 0.48136100 0.17287700
vt 0.55038600 0.19164300
vt 0.52363100 0.19163000
vt 0.52410600 0.20148000
vt 0.55104200 0.20149200
vt 0.54523700 0.17290700
vt 0.51989800 0.17289500
vt 0.52221700 0.18202300
vt 0.54843500 0.18203600
vt 0.54087100 0.16448100
vt 0.51673200 0.16446900
vt 0.53544300 0.15696600
vt 0.51279700 0.15695500
vt 0.55104200 0.49199900
vt 0.52410600 0.49198600
vt 0.52196300 0.14538100
vt 0.52908800 0.15054700
vt 0.50473100 0.19162200
vt 0.50507900 0.20147100
vt 0.50199800 0.17288600
vt 0.50369500 0.18201500
vt 0.49968100 0.16446200
vt 0.49680000 0.15694800
vt 0.50507900 0.49197800
vt 0.51424200 0.14159700
vt 0.49228100 0.19161600
vt 0.49254500 0.20146500
vt 0.49020700 0.17288100
vt 0.49149500 0.18200900
vt 0.48844800 0.16445600
vt 0.48626200 0.15694300
vt 0.49254500 0.49197200
vt 0.50611600 0.13928700
vt 0.49778400 0.13850800
vt 0.47664100 0.51088800
vt 0.47722700 0.50151900
vt 0.47479500 0.52871300
vt 0.47582700 0.51998200
vt 0.47211500 0.54475500
vt 0.47355300 0.53699800
vt 0.46870400 0.55839700
vt 0.47049300 0.55191100
vt 0.46251100 0.57324300
vt 0.46469400 0.56911500
vt 0.46676500 0.56415000
vt 0.49410500 0.56416300
vt 0.49992300 0.55841100
vt 0.48431400 0.55840400
vt 0.48043500 0.56415600
vt 0.47629200 0.56912000
vt 0.48789100 0.56912500
vt 0.50529000 0.55192700
vt 0.51015500 0.54477300
vt 0.49113500 0.54476400
vt 0.48789200 0.55191900
vt 0.51447000 0.53701700
vt 0.51819400 0.52873400
vt 0.49649500 0.52872300
vt 0.49401200 0.53700700
vt 0.52129200 0.52000300
vt 0.52373200 0.51091000
vt 0.50018600 0.51089900
vt 0.49855900 0.51999300
vt 0.48134300 0.57325200
vt 0.47192700 0.57324800
vt 0.52549200 0.50154100
vt 0.50136000 0.50153000
vt 0.47698000 0.57767800
vt 0.47229600 0.57884900
vt 0.47360000 0.56415300
vt 0.47650900 0.55840100
vt 0.47049300 0.56911700
vt 0.47919300 0.55191500
vt 0.48162500 0.54476000
vt 0.48378300 0.53700200
vt 0.48564500 0.52871800
vt 0.48719300 0.51998800
vt 0.48841300 0.51089400
vt 0.46721900 0.57324600
vt 0.48929400 0.50152500
vt 0.46751900 0.57955500
vt 0.46274200 0.58026200
vt 0.48166500 0.57650600
vt 0.49075900 0.57325600
vt 0.54727800 0.51092100
vt 0.54962500 0.50155300
vt 0.53989400 0.52874400
vt 0.54402400 0.52001400
vt 0.52917500 0.54478200
vt 0.53492900 0.53702600
vt 0.51553200 0.55841900
vt 0.52268900 0.55193500
vt 0.49949000 0.56913100
vt 0.50777500 0.56416900
vt 0.09964800 0.17947800
vt 0.12409700 0.17948900
vt 0.71217500 0.64369100
vt 0.73176900 0.64369300
vt 0.73176900 0.60148600
vt 0.71217500 0.60148500
vt 0.73756000 0.60138200
vt 0.73756000 0.58189100
vt 0.72486100 0.58189100
vt 0.72486100 0.60138200
vt 0.73176900 0.64364100
vt 0.75134200 0.64369300
vt 0.75134200 0.60153500
vt 0.73176900 0.60148300
vt 0.72486000 0.60144100
vt 0.72486000 0.58189100
vt 0.71217500 0.58193400
vt 0.71217500 0.60148500
vt 0.78900200 0.63253200
vt 0.80170100 0.63252600
vt 0.80170100 0.59049900
vt 0.78900200 0.59050500
vt 0.78900200 0.59033400
vt 0.77630600 0.59032900
vt 0.77630600 0.63252600
vt 0.78900200 0.63253200
vt 0.27320100 0.27851800
vt 0.27844700 0.27327000
vt 0.27691700 0.27188400
vt 0.27181500 0.27698800
vt 0.96471700 0.66027600
vt 0.92565900 0.66213000
vt 0.92565900 0.66572900
vt 0.96471700 0.66756300
vt 0.86676000 0.39623000
vt 0.86687300 0.40343700
vt 0.89204500 0.40370500
vt 0.89192900 0.39636400
vt 0.89472800 0.57208400
vt 0.89493400 0.57809000
vt 0.89785000 0.57809800
vt 0.89764400 0.57209100
vt 0.19011800 0.15411700
vt 0.18357500 0.15761500
vt 0.18463700 0.15938600
vt 0.19100000 0.15598300
vt 0.21134600 0.29729100
vt 0.21872800 0.29801800
vt 0.21882900 0.29595600
vt 0.21164800 0.29524800
vt 0.25475700 0.15411700
vt 0.24790300 0.15127600
vt 0.24720800 0.15322100
vt 0.25387400 0.15598300
vt 0.15760000 0.26136200
vt 0.16172200 0.26753300
vt 0.16337900 0.26630300
vt 0.15937100 0.26030100
vt 0.29793800 0.22619300
vt 0.29793800 0.21877200
vt 0.29587600 0.21887300
vt 0.29587600 0.22609200
vt 0.15126500 0.19700400
vt 0.14911100 0.20410600
vt 0.15111300 0.20460800
vt 0.15320800 0.19770000
vt 0.26746700 0.28322700
vt 0.26623700 0.28156800
vt 0.19697100 0.15127600
vt 0.19766600 0.15322100
vt 0.27844700 0.17169500
vt 0.27320100 0.16644700
vt 0.27181500 0.16797700
vt 0.27691800 0.17308100
vt 0.20407000 0.29584300
vt 0.20457100 0.29384000
vt 0.26129900 0.15761500
vt 0.26023800 0.15938600
vt 0.15410300 0.25481700
vt 0.15596900 0.25393400
vt 0.29721100 0.23357900
vt 0.29516900 0.23327600
vt 0.15410300 0.19014800
vt 0.15596900 0.19103000
vt 0.26129900 0.28735000
vt 0.26023800 0.28557900
vt 0.20407000 0.14912200
vt 0.20457100 0.15112500
vt 0.19697100 0.29368800
vt 0.19766700 0.29174400
vt 0.26746700 0.16173800
vt 0.26623700 0.16339700
vt 0.28315300 0.17743200
vt 0.28149500 0.17866200
vt 0.15126500 0.24796000
vt 0.15320800 0.24726400
vt 0.29576300 0.24085800
vt 0.29376100 0.24035700
vt 0.15760000 0.18360200
vt 0.15937100 0.18466400
vt 0.25475700 0.29084800
vt 0.25387400 0.28898200
vt 0.21134600 0.14767400
vt 0.21164800 0.14971700
vt 0.19011800 0.29084800
vt 0.19100000 0.28898100
vt 0.28727400 0.18360300
vt 0.28550400 0.18466400
vt 0.14911100 0.24085800
vt 0.15111300 0.24035600
vt 0.29361000 0.24796100
vt 0.29166700 0.24726500
vt 0.16172200 0.17743100
vt 0.16337900 0.17866100
vt 0.24790300 0.29368900
vt 0.24720800 0.29174400
vt 0.21872800 0.14694700
vt 0.21882900 0.14900900
vt 0.18357500 0.28735000
vt 0.18463600 0.28557800
vt 0.29077100 0.19014800
vt 0.28890500 0.19103100
vt 0.14766400 0.23357900
vt 0.14970600 0.23327600
vt 0.29077100 0.25481700
vt 0.28890500 0.25393400
vt 0.16642800 0.17169400
vt 0.16795700 0.17308100
vt 0.24080400 0.29584300
vt 0.24030300 0.29384000
vt 0.22614600 0.14694700
vt 0.22604500 0.14900900
vt 0.17740700 0.28322600
vt 0.17863700 0.28156800
vt 0.29361000 0.19700500
vt 0.29166700 0.19770000
vt 0.14693700 0.22619300
vt 0.14899800 0.22609200
vt 0.28727400 0.26136300
vt 0.28550400 0.26030100
vt 0.17167300 0.16644700
vt 0.17305900 0.16797600
vt 0.23352900 0.29729100
vt 0.23322600 0.29524800
vt 0.23352900 0.14767400
vt 0.23322600 0.14971700
vt 0.17167300 0.27851800
vt 0.17305900 0.27698800
vt 0.29576300 0.20410700
vt 0.29376100 0.20460900
vt 0.14693700 0.21877100
vt 0.14899800 0.21887300
vt 0.28315300 0.26753300
vt 0.28149500 0.26630300
vt 0.17740700 0.16173800
vt 0.17863700 0.16339700
vt 0.22614600 0.29801800
vt 0.22604500 0.29595600
vt 0.24080400 0.14912200
vt 0.24030300 0.15112500
vt 0.16642800 0.27327000
vt 0.16795700 0.27188300
vt 0.29721100 0.21138600
vt 0.29516900 0.21168900
vt 0.14766400 0.21138500
vt 0.14970600 0.21168800
vt 0.29257600 0.41664900
vt 0.29256500 0.42386000
vt 0.29548400 0.42386000
vt 0.29549500 0.41664900
vt 0.89455800 0.56571300
vt 0.89747400 0.56572100
vt 0.29260900 0.40950500
vt 0.29552800 0.40950600
vt 0.89442300 0.55904100
vt 0.89733900 0.55904900
vt 0.29266400 0.40249800
vt 0.29558300 0.40249900
vt 0.89432600 0.55213100
vt 0.89724200 0.55213900
vt 0.29273900 0.39569500
vt 0.29565800 0.39569600
vt 0.89426800 0.54504900
vt 0.89718400 0.54505700
vt 0.29283500 0.38916200
vt 0.29575400 0.38916200
vt 0.89424800 0.53786400
vt 0.89716400 0.53787200
vt 0.29295100 0.38296100
vt 0.29587000 0.38296100
vt 0.89426800 0.53064500
vt 0.89718400 0.53065300
vt 0.29308400 0.37715200
vt 0.29600300 0.37715200
vt 0.89432600 0.52346200
vt 0.89724200 0.52347000
vt 0.29323500 0.37179100
vt 0.29615400 0.37179200
vt 0.89442300 0.51638300
vt 0.89733900 0.51639100
vt 0.29598500 0.48117300
vt 0.29546900 0.47582400
vt 0.29256500 0.47582400
vt 0.29308100 0.48117300
vt 0.89455800 0.50947700
vt 0.89747400 0.50948500
vt 0.29644300 0.48697100
vt 0.29353900 0.48697100
vt 0.89472800 0.50281000
vt 0.89764400 0.50281800
vt 0.29683800 0.49316300
vt 0.29393400 0.49316300
vt 0.30028800 0.24300000
vt 0.30026300 0.25021900
vt 0.30317500 0.25022900
vt 0.30320100 0.24301000
vt 0.89493400 0.49644700
vt 0.89785000 0.49645500
vt 0.29716600 0.49968900
vt 0.29426300 0.49968900
vt 0.30036600 0.23581700
vt 0.30327900 0.23582700
vt 0.89517100 0.49044900
vt 0.89808700 0.49045700
vt 0.29742500 0.50648600
vt 0.29452100 0.50648600
vt 0.30049400 0.22874000
vt 0.30340700 0.22875000
vt 0.89544000 0.48487300
vt 0.89835500 0.48488100
vt 0.29761200 0.51348900
vt 0.29470800 0.51348900
vt 0.30067200 0.22183700
vt 0.30358500 0.22184700
vt 0.30148400 0.29605300
vt 0.30183900 0.30116900
vt 0.30475100 0.30117900
vt 0.30439700 0.29606300
vt 0.29772500 0.52062900
vt 0.29482100 0.52062900
vt 0.30089800 0.21517400
vt 0.30381100 0.21518400
vt 0.30116900 0.29046200
vt 0.30408200 0.29047200
vt 0.29776200 0.52784000
vt 0.29485900 0.52784000
vt 0.30116900 0.20881500
vt 0.30408200 0.20882500
vt 0.30089800 0.28445100
vt 0.30381100 0.28446100
vt 0.29772500 0.53505000
vt 0.29482100 0.53505000
vt 0.30148400 0.20282100
vt 0.30439700 0.20283100
vt 0.30067200 0.27807700
vt 0.30358500 0.27808700
vt 0.29761200 0.54219100
vt 0.29470800 0.54219100
vt 0.30183900 0.19725100
vt 0.30475100 0.19726100
vt 0.30049400 0.27140100
vt 0.30340700 0.27141100
vt 0.29742500 0.54919400
vt 0.29452100 0.54919400
vt 0.29308400 0.47048600
vt 0.29323500 0.47582300
vt 0.29615400 0.47582400
vt 0.29600300 0.47048600
vt 0.30036600 0.26448800
vt 0.30327900 0.26449800
vt 0.29716600 0.55599100
vt 0.29426200 0.55599100
vt 0.29295100 0.46469800
vt 0.29587000 0.46469900
vt 0.30028800 0.25740500
vt 0.30320100 0.25741500
vt 0.29683800 0.56251700
vt 0.29393400 0.56251700
vt 0.29283500 0.45851600
vt 0.29575400 0.45851600
vt 0.29644300 0.56870900
vt 0.29353900 0.56870900
vt 0.29273900 0.45199700
vt 0.29565800 0.45199700
vt 0.29598500 0.57450700
vt 0.29308100 0.57450700
vt 0.29266400 0.44520600
vt 0.29558300 0.44520600
vt 0.29546900 0.57985600
vt 0.29256500 0.57985600
vt 0.29260900 0.43820800
vt 0.29552800 0.43820800
vt 0.89517100 0.58367500
vt 0.89544000 0.58878500
vt 0.89835500 0.58879300
vt 0.89808700 0.58368300
vt 0.29257600 0.43106900
vt 0.29549500 0.43107000
vt 0.30380400 0.09683700
vt 0.30357600 0.10356200
vt 0.32887500 0.10318400
vt 0.32910800 0.09633400
vt 0.91654900 0.27196600
vt 0.91675600 0.27802900
vt 0.94211400 0.27891400
vt 0.94190300 0.27273900
vt 0.91610900 0.14413600
vt 0.91616400 0.15120000
vt 0.94157100 0.15160400
vt 0.94151500 0.14440900
vt 0.91637700 0.20877100
vt 0.91624100 0.21574200
vt 0.94159000 0.21547500
vt 0.94172800 0.20837500
vt 0.91658800 0.08250600
vt 0.91645300 0.08837000
vt 0.94186500 0.08761100
vt 0.94200300 0.08164000
vt 0.86687300 0.37446500
vt 0.86676000 0.38167300
vt 0.89192900 0.38153800
vt 0.89204500 0.37419700
vt 0.30339700 0.15359300
vt 0.30357600 0.16033100
vt 0.32887500 0.16100300
vt 0.32869300 0.15414000
vt 0.86672100 0.38895100
vt 0.89189100 0.38895100
vt 0.30407800 0.09041800
vt 0.32938700 0.08979700
vt 0.91637700 0.26553600
vt 0.94172800 0.26619000
vt 0.91607600 0.13693000
vt 0.94148100 0.13707000
vt 0.91654900 0.20204200
vt 0.94190300 0.20152100
vt 0.91674000 0.07709500
vt 0.94215800 0.07612800
vt 0.30326700 0.14661500
vt 0.32856100 0.14703300
vt 0.86732300 0.36053600
vt 0.86706200 0.36739700
vt 0.89223700 0.36699800
vt 0.89250300 0.36001000
vt 0.30439600 0.08436800
vt 0.32971000 0.08363500
vt 0.91624100 0.25880100
vt 0.94159000 0.25933100
vt 0.91606400 0.12965300
vt 0.94146900 0.12965800
vt 0.91675600 0.19561900
vt 0.94211400 0.19497900
vt 0.86851500 0.43605700
vt 0.86903600 0.44145600
vt 0.89424800 0.44242800
vt 0.89371800 0.43692900
vt 0.30318900 0.13946500
vt 0.32848100 0.13975100
vt 0.86765500 0.35394800
vt 0.89284100 0.35330100
vt 0.30475400 0.07874600
vt 0.33007500 0.07790900
vt 0.91614300 0.25182600
vt 0.94149000 0.25222600
vt 0.91607600 0.12237400
vt 0.94148100 0.12224500
vt 0.91699600 0.18956400
vt 0.94235900 0.18881300
vt 0.86805300 0.43020400
vt 0.89324700 0.43096700
vt 0.30316300 0.13221100
vt 0.32845400 0.13236300
vt 0.86805300 0.34769800
vt 0.89324700 0.34693500
vt 0.91658800 0.17671800
vt 0.91674000 0.18210500
vt 0.94215800 0.18308000
vt 0.94200300 0.17759300
vt 0.91608400 0.24467800
vt 0.94143000 0.24494600
vt 0.91610900 0.11516400
vt 0.94151500 0.11490100
vt 0.91726700 0.18393600
vt 0.94263400 0.18308000
vt 0.86765500 0.42395400
vt 0.89284100 0.42460200
vt 0.30318900 0.12492500
vt 0.32848100 0.12494100
vt 0.86851500 0.34184500
vt 0.89371800 0.34097400
vt 0.91645300 0.17087500
vt 0.94186500 0.17164300
vt 0.91606400 0.23742500
vt 0.94141000 0.23755900
vt 0.91616400 0.10809100
vt 0.94157100 0.10769700
vt 0.30439600 0.17847600
vt 0.30475400 0.18364000
vt 0.33007500 0.18474300
vt 0.32971000 0.17948400
vt 0.86732300 0.41736700
vt 0.89250300 0.41789300
vt 0.30326700 0.11767400
vt 0.32856100 0.11755700
vt 0.86903600 0.33644600
vt 0.89424800 0.33547500
vt 0.91633700 0.16463400
vt 0.94174700 0.16528700
vt 0.91608400 0.23013900
vt 0.94143000 0.23013700
vt 0.91624000 0.10122400
vt 0.94164800 0.10070300
vt 0.30407800 0.17283300
vt 0.32938700 0.17373600
vt 0.86706200 0.41050600
vt 0.89223700 0.41090500
vt 0.30339700 0.11053100
vt 0.32869300 0.11028100
vt 0.91699600 0.28366700
vt 0.91726700 0.28882400
vt 0.94263400 0.28990900
vt 0.94235900 0.28465600
vt 0.91624000 0.15805500
vt 0.94164800 0.15858500
vt 0.91614300 0.22288700
vt 0.94149000 0.22275200
vt 0.91633700 0.09462900
vt 0.94174700 0.09398700
vt 0.30380400 0.16676500
vt 0.32910800 0.16755600
vt 0.96400500 0.65302500
vt 0.92530800 0.65854800
vt 0.96258900 0.64587800
vt 0.92460800 0.65501800
vt 0.96048300 0.63890500
vt 0.92356800 0.65157300
vt 0.95770600 0.63217200
vt 0.92219600 0.64824800
vt 0.95428500 0.62574600
vt 0.92050600 0.64507400
vt 0.95025400 0.61968700
vt 0.91851500 0.64208100
vt 0.94565100 0.61405400
vt 0.91624100 0.63929800
vt 0.94052000 0.60890200
vt 0.91370700 0.63675300
vt 0.93491100 0.60427900
vt 0.91093600 0.63447000
vt 0.92887800 0.60023100
vt 0.90795600 0.63247000
vt 0.92247800 0.59679600
vt 0.90479500 0.63077400
vt 0.91577500 0.59400700
vt 0.90148400 0.62939600
vt 0.90883100 0.59189200
vt 0.89805400 0.62835100
vt 0.90171500 0.59047000
vt 0.89453900 0.62764900
vt 0.89449400 0.58975600
vt 0.89097300 0.62729600
vt 0.88723800 0.58975600
vt 0.88738900 0.62729600
vt 0.88001800 0.59047000
vt 0.88382200 0.62764900
vt 0.87290100 0.59189200
vt 0.88030700 0.62835100
vt 0.86595800 0.59400700
vt 0.87687700 0.62939600
vt 0.85925500 0.59679600
vt 0.87356600 0.63077400
vt 0.85285600 0.60023100
vt 0.87040600 0.63247000
vt 0.84682300 0.60427900
vt 0.86742600 0.63447000
vt 0.84121500 0.60890200
vt 0.86465500 0.63675300
vt 0.83608400 0.61405500
vt 0.86212100 0.63929900
vt 0.83148200 0.61968700
vt 0.85984800 0.64208100
vt 0.82745100 0.62574600
vt 0.85785700 0.64507400
vt 0.82403100 0.63217300
vt 0.85616700 0.64824800
vt 0.82125500 0.63890500
vt 0.85479600 0.65157300
vt 0.81914900 0.64587800
vt 0.85375600 0.65501800
vt 0.81773300 0.65302500
vt 0.85305700 0.65854800
vt 0.81702300 0.66027700
vt 0.85270600 0.66213000
vt 0.81702300 0.66756300
vt 0.85270600 0.66572900
vt 0.81773500 0.67481500
vt 0.85305700 0.66931100
vt 0.81915000 0.68196200
vt 0.85375700 0.67284100
vt 0.82125700 0.68893500
vt 0.85479700 0.67628600
vt 0.82403400 0.69566700
vt 0.85616900 0.67961100
vt 0.82745500 0.70209400
vt 0.85785900 0.68278600
vt 0.83148600 0.70815300
vt 0.85985000 0.68577800
vt 0.83608900 0.71378600
vt 0.86212400 0.68856100
vt 0.84122000 0.71893800
vt 0.86465800 0.69110600
vt 0.84682900 0.72356100
vt 0.86742900 0.69338900
vt 0.85286200 0.72760900
vt 0.87040900 0.69538900
vt 0.85926100 0.73104400
vt 0.87356900 0.69708500
vt 0.86596500 0.73383300
vt 0.87688100 0.69846300
vt 0.87290800 0.73594800
vt 0.88031000 0.69950800
vt 0.88002500 0.73737000
vt 0.88382600 0.70021000
vt 0.88724600 0.73808400
vt 0.88739200 0.70056300
vt 0.89450100 0.73808400
vt 0.89097600 0.70056300
vt 0.90172200 0.73737000
vt 0.89454300 0.70021000
vt 0.90883800 0.73594800
vt 0.89805800 0.69950800
vt 0.91578200 0.73383300
vt 0.90148800 0.69846300
vt 0.92248500 0.73104400
vt 0.90479900 0.69708500
vt 0.92888400 0.72760900
vt 0.90795900 0.69538900
vt 0.93491600 0.72356100
vt 0.91093900 0.69338900
vt 0.94052500 0.71893800
vt 0.91371000 0.69110600
vt 0.94565500 0.71378600
vt 0.91624400 0.68856100
vt 0.95025800 0.70815300
vt 0.91851700 0.68577800
vt 0.95428900 0.70209400
vt 0.92050800 0.68278600
vt 0.95770900 0.69566800
vt 0.92219700 0.67961100
vt 0.96048500 0.68893500
vt 0.92356900 0.67628600
vt 0.96259100 0.68196200
vt 0.92460900 0.67284100
vt 0.96400600 0.67481500
vt 0.92530800 0.66931100
vt 0.91067300 0.66285300
vt 0.91067300 0.66501000
vt 0.91046300 0.66070800
vt 0.91004400 0.65859300
vt 0.90942000 0.65653000
vt 0.90859900 0.65453800
vt 0.90758700 0.65263600
vt 0.90639400 0.65084400
vt 0.90503200 0.64917700
vt 0.90351400 0.64765300
vt 0.90185400 0.64628500
vt 0.90006900 0.64508700
vt 0.89817500 0.64407100
vt 0.89619200 0.64324500
vt 0.89413800 0.64261900
vt 0.89203200 0.64219900
vt 0.88989500 0.64198800
vt 0.88774800 0.64198800
vt 0.88561200 0.64219900
vt 0.88350600 0.64261900
vt 0.88145200 0.64324500
vt 0.87946900 0.64407100
vt 0.87757500 0.64508700
vt 0.87579000 0.64628500
vt 0.87413100 0.64765300
vt 0.87261300 0.64917700
vt 0.87125100 0.65084400
vt 0.87005800 0.65263700
vt 0.86904600 0.65453800
vt 0.86822500 0.65653000
vt 0.86760200 0.65859300
vt 0.86718300 0.66070800
vt 0.86697300 0.66285400
vt 0.86697300 0.66501000
vt 0.86718300 0.66715500
vt 0.86760200 0.66927000
vt 0.86822600 0.67133300
vt 0.86904700 0.67332500
vt 0.87005900 0.67522700
vt 0.87125200 0.67701900
vt 0.87261400 0.67868600
vt 0.87413200 0.68021100
vt 0.87579200 0.68157800
vt 0.87757700 0.68277600
vt 0.87947000 0.68379300
vt 0.88145400 0.68461800
vt 0.88350800 0.68524400
vt 0.88561400 0.68566400
vt 0.88775100 0.68587600
vt 0.88989700 0.68587600
vt 0.89203400 0.68566400
vt 0.89414000 0.68524400
vt 0.89619400 0.68461800
vt 0.89817700 0.68379300
vt 0.90007100 0.68277600
vt 0.90185600 0.68157800
vt 0.90351500 0.68021100
vt 0.90503300 0.67868600
vt 0.90639500 0.67701900
vt 0.90758800 0.67522700
vt 0.90860000 0.67332500
vt 0.90942100 0.67133300
vt 0.91004400 0.66927000
vt 0.91046300 0.66715500
vt 0.90178500 0.66328700
vt 0.90178500 0.66457700
vt 0.90165900 0.66200300
vt 0.90140800 0.66073800
vt 0.90103500 0.65950400
vt 0.90054300 0.65831200
vt 0.89993800 0.65717400
vt 0.89922400 0.65610100
vt 0.89840900 0.65510400
vt 0.89750100 0.65419200
vt 0.89650800 0.65337400
vt 0.89544000 0.65265700
vt 0.89430700 0.65204900
vt 0.89312000 0.65155500
vt 0.89189100 0.65118100
vt 0.89063100 0.65092900
vt 0.88935300 0.65080300
vt 0.88806800 0.65080300
vt 0.88679000 0.65092900
vt 0.88553000 0.65118100
vt 0.88430100 0.65155500
vt 0.88311400 0.65204900
vt 0.88198100 0.65265700
vt 0.88091300 0.65337400
vt 0.87992000 0.65419200
vt 0.87901200 0.65510400
vt 0.87819700 0.65610200
vt 0.87748400 0.65717400
vt 0.87687800 0.65831200
vt 0.87638700 0.65950400
vt 0.87601400 0.66073800
vt 0.87576300 0.66200300
vt 0.87563800 0.66328700
vt 0.87563800 0.66457700
vt 0.87576400 0.66586100
vt 0.87601400 0.66712600
vt 0.87638700 0.66836100
vt 0.87687900 0.66955300
vt 0.87748400 0.67069000
vt 0.87819800 0.67176300
vt 0.87901300 0.67276000
vt 0.87992100 0.67367200
vt 0.88091400 0.67449100
vt 0.88198300 0.67520700
vt 0.88311500 0.67581500
vt 0.88430200 0.67630900
vt 0.88553100 0.67668400
vt 0.88679100 0.67693500
vt 0.88807000 0.67706200
vt 0.88935400 0.67706200
vt 0.89063200 0.67693500
vt 0.89189200 0.67668400
vt 0.89312100 0.67630900
vt 0.89430800 0.67581500
vt 0.89544100 0.67520700
vt 0.89650900 0.67449100
vt 0.89750200 0.67367200
vt 0.89841000 0.67276000
vt 0.89922500 0.67176300
vt 0.89993800 0.67069000
vt 0.90054400 0.66955300
vt 0.90103500 0.66836100
vt 0.90140800 0.66712600
vt 0.90165900 0.66586100
vt 0.89446500 0.66364600
vt 0.89446500 0.66421900
vt 0.89440900 0.66307500
vt 0.89429700 0.66251200
vt 0.89413100 0.66196300
vt 0.89391300 0.66143300
vt 0.89364300 0.66092700
vt 0.89332600 0.66044900
vt 0.89296300 0.66000600
vt 0.89255900 0.65960000
vt 0.89211800 0.65923600
vt 0.89164300 0.65891700
vt 0.89113900 0.65864700
vt 0.89061100 0.65842700
vt 0.89006400 0.65826100
vt 0.88950400 0.65814900
vt 0.88893500 0.65809200
vt 0.88836400 0.65809200
vt 0.88779500 0.65814900
vt 0.88723500 0.65826100
vt 0.88668800 0.65842700
vt 0.88616000 0.65864700
vt 0.88565600 0.65891700
vt 0.88518100 0.65923600
vt 0.88474000 0.65960000
vt 0.88433600 0.66000600
vt 0.88397300 0.66044900
vt 0.88365600 0.66092700
vt 0.88338600 0.66143300
vt 0.88316800 0.66196300
vt 0.88300200 0.66251200
vt 0.88289100 0.66307500
vt 0.88283500 0.66364600
vt 0.88283500 0.66421900
vt 0.88289100 0.66479100
vt 0.88300200 0.66535300
vt 0.88316800 0.66590200
vt 0.88338700 0.66643200
vt 0.88365600 0.66693900
vt 0.88397400 0.66741600
vt 0.88433600 0.66785900
vt 0.88474000 0.66826500
vt 0.88518200 0.66862900
vt 0.88565700 0.66894800
vt 0.88616100 0.66921800
vt 0.88668900 0.66943800
vt 0.88723500 0.66960400
vt 0.88779600 0.66971600
vt 0.88836400 0.66977300
vt 0.88893600 0.66977300
vt 0.88950400 0.66971600
vt 0.89006500 0.66960400
vt 0.89061100 0.66943800
vt 0.89113900 0.66921800
vt 0.89164300 0.66894800
vt 0.89211800 0.66862900
vt 0.89256000 0.66826500
vt 0.89296400 0.66785900
vt 0.89332600 0.66741600
vt 0.89364400 0.66693900
vt 0.89391300 0.66643200
vt 0.89413200 0.66590200
vt 0.89429700 0.66535300
vt 0.89440900 0.66479100
vt 0.89102500 0.66381500
vt 0.89102500 0.66405000
vt 0.89100200 0.66358100
vt 0.89095600 0.66335000
vt 0.89088800 0.66312500
vt 0.89079900 0.66290800
vt 0.89068800 0.66270000
vt 0.89055800 0.66250500
vt 0.89040900 0.66232300
vt 0.89024400 0.66215700
vt 0.89006300 0.66200700
vt 0.88986800 0.66187700
vt 0.88966100 0.66176600
vt 0.88944500 0.66167600
vt 0.88922100 0.66160800
vt 0.88899100 0.66156200
vt 0.88875800 0.66153900
vt 0.88852400 0.66153900
vt 0.88829100 0.66156200
vt 0.88806100 0.66160800
vt 0.88783700 0.66167600
vt 0.88762100 0.66176600
vt 0.88741400 0.66187700
vt 0.88721900 0.66200700
vt 0.88703800 0.66215700
vt 0.88687300 0.66232300
vt 0.88672400 0.66250500
vt 0.88659400 0.66270000
vt 0.88648400 0.66290800
vt 0.88639400 0.66312500
vt 0.88632600 0.66335000
vt 0.88628100 0.66358100
vt 0.88625800 0.66381500
vt 0.88625800 0.66405000
vt 0.88628100 0.66428400
vt 0.88632600 0.66451500
vt 0.88639400 0.66474000
vt 0.88648400 0.66495700
vt 0.88659400 0.66516500
vt 0.88672400 0.66536000
vt 0.88687300 0.66554200
vt 0.88703900 0.66570800
vt 0.88722000 0.66585800
vt 0.88741400 0.66598800
vt 0.88762100 0.66609900
vt 0.88783700 0.66618900
vt 0.88806100 0.66625800
vt 0.88829100 0.66630300
vt 0.88852400 0.66632600
vt 0.88875800 0.66632600
vt 0.88899200 0.66630300
vt 0.88922100 0.66625800
vt 0.88944500 0.66618900
vt 0.88966200 0.66609900
vt 0.88986800 0.66598800
vt 0.89006300 0.66585800
vt 0.89024400 0.66570800
vt 0.89041000 0.66554200
vt 0.89055800 0.66536000
vt 0.89068800 0.66516500
vt 0.89079900 0.66495700
vt 0.89088800 0.66474000
vt 0.89095600 0.66451500
vt 0.89100200 0.66428400
vt 0.17730000 0.55357800
vt 0.17407700 0.54778800
vt 0.16123100 0.54778800
vt 0.16561600 0.55357800
vt 0.24100800 0.57519400
vt 0.24891500 0.57235500
vt 0.25049500 0.56805400
vt 0.24029400 0.56805400
vt 0.17129500 0.54160500
vt 0.15744600 0.54160500
vt 0.23349400 0.57708200
vt 0.23009200 0.56805400
vt 0.16898000 0.53508900
vt 0.15429900 0.53508900
vt 0.22674600 0.57808500
vt 0.22499100 0.56805400
vt 0.28970700 0.52130900
vt 0.29078200 0.51417900
vt 0.27468800 0.51417900
vt 0.27389800 0.52130900
vt 0.16715600 0.52830200
vt 0.15181900 0.52830200
vt 0.21989500 0.57842200
vt 0.21989000 0.56805400
vt 0.28792400 0.52830200
vt 0.27258700 0.52830200
vt 0.16583900 0.52130900
vt 0.15002900 0.52130900
vt 0.21304300 0.57808500
vt 0.21478900 0.56805400
vt 0.28545100 0.53508900
vt 0.27076900 0.53508900
vt 0.16504200 0.51417900
vt 0.14894800 0.51417900
vt 0.20629500 0.57708200
vt 0.20968800 0.56805400
vt 0.28230900 0.54160500
vt 0.26846100 0.54160500
vt 0.16467600 0.29801800
vt 0.14848600 0.29801800
vt 0.19877900 0.57519400
vt 0.19948700 0.56805400
vt 0.27853000 0.54778800
vt 0.26568500 0.54778800
vt 0.19086900 0.57235500
vt 0.18928500 0.56805400
vt 0.27415100 0.55357800
vt 0.26246700 0.55357800
vt 0.18241700 0.56835200
vt 0.18187700 0.56805400
vt 0.26921500 0.55891900
vt 0.25883900 0.55891900
vt 0.35683100 0.04623100
vt 0.35658200 0.05258300
vt 0.45403700 0.05258300
vt 0.45428600 0.04623100
vt 0.26377800 0.56376000
vt 0.25483600 0.56376000
vt 0.18494100 0.56376000
vt 0.17599900 0.56376000
vt 0.25790300 0.56805400
vt 0.18093300 0.55891900
vt 0.17055600 0.55891900
vt 0.25736400 0.56835200
vt 0.35657300 0.11540700
vt 0.35682000 0.12177300
vt 0.45427500 0.12177300
vt 0.45402700 0.11540700
vt 0.00130800 0.52097200
vt 0.00305600 0.52793600
vt 0.02038800 0.48579600
vt 0.01907000 0.48054700
vt 0.14366600 0.52793600
vt 0.14542100 0.52097200
vt 0.12769600 0.48054700
vt 0.12637300 0.48579600
vt 0.07333700 0.57985600
vt 0.08053800 0.57950400
vt 0.07879100 0.52466500
vt 0.07336300 0.52493100
vt 0.00548200 0.53469500
vt 0.02221700 0.49089100
vt 0.14648200 0.51387000
vt 0.12849600 0.47519400
vt 0.08767100 0.57845000
vt 0.08416700 0.52387100
vt 0.00856200 0.54118500
vt 0.02453800 0.49578300
vt 0.14693700 0.29858400
vt 0.12883900 0.31134400
vt 0.09466500 0.57670600
vt 0.08943900 0.52255600
vt 0.01226500 0.54734300
vt 0.02733000 0.50042400
vt 0.10145500 0.57428700
vt 0.09455600 0.52073300
vt 0.01655800 0.55310900
vt 0.03056500 0.50477100
vt 0.10797400 0.57121800
vt 0.09947000 0.51842000
vt 0.02139700 0.55842900
vt 0.03421300 0.50878000
vt 0.11416000 0.56752700
vt 0.10413300 0.51563800
vt 0.02673700 0.56325000
vt 0.03823800 0.51241400
vt 0.11995300 0.56325000
vt 0.10849900 0.51241400
vt 0.03252600 0.56752700
vt 0.04260100 0.51563800
vt 0.12529700 0.55842900
vt 0.11252800 0.50878000
vt 0.03870800 0.57121800
vt 0.04726100 0.51842000
vt 0.13014100 0.55310900
vt 0.11617900 0.50477100
vt 0.04522400 0.57428700
vt 0.05217300 0.52073300
vt 0.13443900 0.54734300
vt 0.11941800 0.50042400
vt 0.05201200 0.57670600
vt 0.05728900 0.52255700
vt 0.13814800 0.54118500
vt 0.12221400 0.49578300
vt 0.05900500 0.57845000
vt 0.06256000 0.52387100
vt 0.00000000 0.29858400
vt 0.00025300 0.51387000
vt 0.01827600 0.47519400
vt 0.01808600 0.31134400
vt 0.14123400 0.53469500
vt 0.12454000 0.49089100
vt 0.06613600 0.57950400
vt 0.06793500 0.52466500
vt 0.00054600 0.03742000
vt 0.00000000 0.25362400
vt 0.09766900 0.25388300
vt 0.09821500 0.03767900
vt 0.00001400 0.26075400
vt 0.09768300 0.26101300
vt 0.00005100 0.26774300
vt 0.09772000 0.26800300
vt 0.00010900 0.27452600
vt 0.09777800 0.27478500
vt 0.00018800 0.28103600
vt 0.09785700 0.28129600
vt 0.00028700 0.28721200
vt 0.09795600 0.28747100
vt 0.00040600 0.29299300
vt 0.09807400 0.29325200
vt 0.00054200 0.29832300
vt 0.09821100 0.29858300
vt 0.35745900 0.03468000
vt 0.35712400 0.04024400
vt 0.45457900 0.04024400
vt 0.45491400 0.03468000
vt 0.22571300 0.56376000
vt 0.21988800 0.56376000
vt 0.22637800 0.55891900
vt 0.21988600 0.55891900
vt 0.22698100 0.55357800
vt 0.21988300 0.55357800
vt 0.22751500 0.54778800
vt 0.21988100 0.54778800
vt 0.22797500 0.54160500
vt 0.21987800 0.54160500
vt 0.22835700 0.53508900
vt 0.21987500 0.53508900
vt 0.22865800 0.52830200
vt 0.21987200 0.52830200
vt 0.22887300 0.52130900
vt 0.21986800 0.52130900
vt 0.22900200 0.51417900
vt 0.21986500 0.51417900
vt 0.22894600 0.29801800
vt 0.21976400 0.29801800
vt 0.27485200 0.29801800
vt 0.25649000 0.29801800
vt 0.25641300 0.51417900
vt 0.25588800 0.52130900
vt 0.25501600 0.52830200
vt 0.25380500 0.53508900
vt 0.25226700 0.54160500
vt 0.25041700 0.54778800
vt 0.24827200 0.55357800
vt 0.24585500 0.55891900
vt 0.24318600 0.56376000
vt 0.35711200 0.12777600
vt 0.35744500 0.13335800
vt 0.45490000 0.13335800
vt 0.45456700 0.12777600
vt 0.35781700 0.13846600
vt 0.45527200 0.13846600
vt 0.81798400 0.73831000
vt 0.81774200 0.74387900
vt 0.91530800 0.74369300
vt 0.91555100 0.73812300
vt 0.81753100 0.74987100
vt 0.91509800 0.74968500
vt 0.81735600 0.75622700
vt 0.91492200 0.75604100
vt 0.81721600 0.76288600
vt 0.91478200 0.76270000
vt 0.81711300 0.76978400
vt 0.91468000 0.76959800
vt 0.81704800 0.77685400
vt 0.91461500 0.77666800
vt 0.81702300 0.78402900
vt 0.91458900 0.78384300
vt 0.81799100 1.00000000
vt 0.91555800 0.99981400
vt 0.20823900 0.56376000
vt 0.19659000 0.56376000
vt 0.20690200 0.55891900
vt 0.19391700 0.55891900
vt 0.20568900 0.55357800
vt 0.19149400 0.55357800
vt 0.20461300 0.54778800
vt 0.18934500 0.54778800
vt 0.20368300 0.54160500
vt 0.18748900 0.54160500
vt 0.20291000 0.53508900
vt 0.18594500 0.53508900
vt 0.20230000 0.52830200
vt 0.18472800 0.52830200
vt 0.20185900 0.52130900
vt 0.18384900 0.52130900
vt 0.20159100 0.51417900
vt 0.18331700 0.51417900
vt 0.20140200 0.29801800
vt 0.18303900 0.29801800
vt 0.35637900 0.05923900
vt 0.45383400 0.05923900
vt 0.35622500 0.06613400
vt 0.45368000 0.06613400
vt 0.35637200 0.10874100
vt 0.45382700 0.10874100
vt 0.23812700 0.29801800
vt 0.23813900 0.51417900
vt 0.23787800 0.52130900
vt 0.23744400 0.52830200
vt 0.23684000 0.53508900
vt 0.23607200 0.54160500
vt 0.23514900 0.54778800
vt 0.23407800 0.55357800
vt 0.23287000 0.55891900
vt 0.23153700 0.56376000
vt 0.35622000 0.10183700
vt 0.45367500 0.10183700
vt 0.21072800 0.51417900
vt 0.21058300 0.29801800
vt 0.21086300 0.52130900
vt 0.21108600 0.52830200
vt 0.21139200 0.53508900
vt 0.21178100 0.54160500
vt 0.21224700 0.54778800
vt 0.21278600 0.55357800
vt 0.21339400 0.55891900
vt 0.21406400 0.56376000
vt 0.35612100 0.07320200
vt 0.45357600 0.07320200
vt 0.35606900 0.08037600
vt 0.45352400 0.08037600
vt 0.35606800 0.08758600
vt 0.45352300 0.08758600
vt 0.35611800 0.09476300
vt 0.45357300 0.09476300
vt 0.91633100 0.99980400
vt 0.91536300 0.78383300
vt 0.91700500 0.99978000
vt 0.91603600 0.78380900
vt 0.29231000 0.51419100
vt 0.29256500 0.29803000
vt 0.29187000 0.29802100
vt 0.29161300 0.51418200
vt 0.29104200 0.29801800
vt 0.91538800 0.77665900
vt 0.91606300 0.77663400
vt 0.29125000 0.52132100
vt 0.29054600 0.52131200
vt 0.91545300 0.76958800
vt 0.91612800 0.76956400
vt 0.28949200 0.52831400
vt 0.28877600 0.52830500
vt 0.91555600 0.76269000
vt 0.91623100 0.76266500
vt 0.28705200 0.53510100
vt 0.28632100 0.53509200
vt 0.91569600 0.75603100
vt 0.91637200 0.75600500
vt 0.28395500 0.54161700
vt 0.28320400 0.54160800
vt 0.91587300 0.74967500
vt 0.91654900 0.74964800
vt 0.28023000 0.54780000
vt 0.27945400 0.54779100
vt 0.91608300 0.74368300
vt 0.91676100 0.74365500
vt 0.27591300 0.55359000
vt 0.27510800 0.55358100
vt 0.91632600 0.73811200
vt 0.91700500 0.73808400
vt 0.27104600 0.55893100
vt 0.27021000 0.55892200
vt 0.45603400 0.13826800
vt 0.45566300 0.13315200
vt 0.45667900 0.13770300
vt 0.45630800 0.13256600
vt 0.26567900 0.56377200
vt 0.26481000 0.56376300
vt 0.45532900 0.12756300
vt 0.45597400 0.12695800
vt 0.25986600 0.56806600
vt 0.25896900 0.56805700
vt 0.45505800 0.12197700
vt 0.45576100 0.12256000
vt 0.25533700 0.57077400
vt 0.25627100 0.56965900
vt 0.45480500 0.11546800
vt 0.45549200 0.11564100
vt 0.24825600 0.57412500
vt 0.24856200 0.57331000
vt 0.45460200 0.10871800
vt 0.45528100 0.10865200
vt 0.24114200 0.57667400
vt 0.24108400 0.57599200
vt 0.45444900 0.10177500
vt 0.45512600 0.10159700
vt 0.23399700 0.57846500
vt 0.23377000 0.57782700
vt 0.45434700 0.09472900
vt 0.45502600 0.09463400
vt 0.22698000 0.57950700
vt 0.22687600 0.57885100
vt 0.45429700 0.08757900
vt 0.45497600 0.08755900
vt 0.21988200 0.57985600
vt 0.21989200 0.57919400
vt 0.45429800 0.08039600
vt 0.45497700 0.08045100
vt 0.21278500 0.57950700
vt 0.21290700 0.57885100
vt 0.45435100 0.07325100
vt 0.45502900 0.07338900
vt 0.20576600 0.57846500
vt 0.20601200 0.57782700
vt 0.45445500 0.06614200
vt 0.45513500 0.06616600
vt 0.19862000 0.57667400
vt 0.19869600 0.57599200
vt 0.45461100 0.05916000
vt 0.45529700 0.05893700
vt 0.19150300 0.57412500
vt 0.19121600 0.57331000
vt 0.45481800 0.05235400
vt 0.45551700 0.05170200
vt 0.18441900 0.57077300
vt 0.18350400 0.56965900
vt 0.45505000 0.04644400
vt 0.45569900 0.04704900
vt 0.17988800 0.56806600
vt 0.18080400 0.56805700
vt 0.45534300 0.04045000
vt 0.45599200 0.04103700
vt 0.17407100 0.56377200
vt 0.17495900 0.56376300
vt 0.45567800 0.03487900
vt 0.45632700 0.03544300
vt 0.16869900 0.55893100
vt 0.16955500 0.55892200
vt 0.09898200 0.29858400
vt 0.09884500 0.29325300
vt 0.09964800 0.29858400
vt 0.09951100 0.29325400
vt 0.16382700 0.55359000
vt 0.16465200 0.55358100
vt 0.09872600 0.28747200
vt 0.09939100 0.28747300
vt 0.15950500 0.54780000
vt 0.16030100 0.54779100
vt 0.09862700 0.28129700
vt 0.09929100 0.28129800
vt 0.15577400 0.54161700
vt 0.15654500 0.54160800
vt 0.09854800 0.27478700
vt 0.09921200 0.27478700
vt 0.15267100 0.53510100
vt 0.15342200 0.53509200
vt 0.09849000 0.26800400
vt 0.09915300 0.26800500
vt 0.15022500 0.52831400
vt 0.15096000 0.52830500
vt 0.09845300 0.26101400
vt 0.09911600 0.26101500
vt 0.14846000 0.52132100
vt 0.14918400 0.52131200
vt 0.09843900 0.25388500
vt 0.09910200 0.25388600
vt 0.14739300 0.51419100
vt 0.14811000 0.51418200
vt 0.09898500 0.03768100
vt 0.09964800 0.03768100
vt 0.14693700 0.29803000
vt 0.14765100 0.29802100
vt 0.71602800 0.04829200
vt 0.71628300 0.04299000
vt 0.69131000 0.04292300
vt 0.69105500 0.04822500
vt 0.35511500 0.11600200
vt 0.35516700 0.10934000
vt 0.33016800 0.10933800
vt 0.33011600 0.11600100
vt 0.94344700 0.90107500
vt 0.94311000 0.89621000
vt 0.91816600 0.89612400
vt 0.91850300 0.90098900
vt 0.35523900 0.10287100
vt 0.33024000 0.10286900
vt 0.94281100 0.89089400
vt 0.91786700 0.89080800
vt 0.35533000 0.09665800
vt 0.33033100 0.09665600
vt 0.94255300 0.88517800
vt 0.91760900 0.88509200
vt 0.91918500 0.95053800
vt 0.91914900 0.95739400
vt 0.94401800 0.95739400
vt 0.94405400 0.95053800
vt 0.35544000 0.09076100
vt 0.33044100 0.09075900
vt 0.94233800 0.87911700
vt 0.91739400 0.87903100
vt 0.91904200 0.96418400
vt 0.94391100 0.96418400
vt 0.35556700 0.08523800
vt 0.33056800 0.08523600
vt 0.94216900 0.87276900
vt 0.91722500 0.87268300
vt 0.91886500 0.97084300
vt 0.94373400 0.97084300
vt 0.35571000 0.08014000
vt 0.33071100 0.08013800
vt 0.94204700 0.86619500
vt 0.91710300 0.86610900
vt 0.91861900 0.97730600
vt 0.94348700 0.97730600
vt 0.91700500 0.90107500
vt 0.91749500 0.90616100
vt 0.94236400 0.90616100
vt 0.94187400 0.90107500
vt 0.94197300 0.85945900
vt 0.91702900 0.85937400
vt 0.91830600 0.98351200
vt 0.94317500 0.98351200
vt 0.91793000 0.91167500
vt 0.94279900 0.91167500
vt 0.94194900 0.85262700
vt 0.91700500 0.85254100
vt 0.91830600 0.98351200
vt 0.91793000 0.98940000
vt 0.94279900 0.98940000
vt 0.94317500 0.98351200
vt 0.91830600 0.91756300
vt 0.94317500 0.91756300
vt 0.94197300 0.84576200
vt 0.91702900 0.84567600
vt 0.91749500 0.99491400
vt 0.94236400 0.99491400
vt 0.91861900 0.92376900
vt 0.94348700 0.92376900
vt 0.94204700 0.83893200
vt 0.91710300 0.83884600
vt 0.91700500 1.00000000
vt 0.94187400 1.00000000
vt 0.91886500 0.93023200
vt 0.94373400 0.93023200
vt 0.94216900 0.83220200
vt 0.91722500 0.83211600
vt 0.71628300 0.14180000
vt 0.71602800 0.13694100
vt 0.69105500 0.13687500
vt 0.69131000 0.14173400
vt 0.91904200 0.93689100
vt 0.94391100 0.93689100
vt 0.94233800 0.82563800
vt 0.91739400 0.82555200
vt 0.71580200 0.13163000
vt 0.69082900 0.13156400
vt 0.91914900 0.94368100
vt 0.94401800 0.94368100
vt 0.94255300 0.81930200
vt 0.91760900 0.81921600
vt 0.71560700 0.12591900
vt 0.69063400 0.12585200
vt 0.94281100 0.81325500
vt 0.91786700 0.81316900
vt 0.71544400 0.11986200
vt 0.69047200 0.11979500
vt 0.94311000 0.80755600
vt 0.91816600 0.80747000
vt 0.71531700 0.11351700
vt 0.69034400 0.11345000
vt 0.94344700 0.80225900
vt 0.91850300 0.80217300
vt 0.71522400 0.10694600
vt 0.69025100 0.10687900
vt 0.35571000 0.17906400
vt 0.35556700 0.17398900
vt 0.33056800 0.17398700
vt 0.33071100 0.17906200
vt 0.71516900 0.10021200
vt 0.69019600 0.10014500
vt 0.35544000 0.16848600
vt 0.33044100 0.16848400
vt 0.71515000 0.09338000
vt 0.69017700 0.09331300
vt 0.35533000 0.16260600
vt 0.33033100 0.16260400
vt 0.71516900 0.08651500
vt 0.69019600 0.08644800
vt 0.35523900 0.15640800
vt 0.33024000 0.15640600
vt 0.71522400 0.07968400
vt 0.69025100 0.07961800
vt 0.35516700 0.14995000
vt 0.33016800 0.14994800
vt 0.71531600 0.07295300
vt 0.69034400 0.07288600
vt 0.35511500 0.14329600
vt 0.33011600 0.14329400
vt 0.71544400 0.06638600
vt 0.69047200 0.06631900
vt 0.35508400 0.13650800
vt 0.33008500 0.13650600
vt 0.71560700 0.06004600
vt 0.69063400 0.05998000
vt 0.35507400 0.12965200
vt 0.33007500 0.12965000
vt 0.71580200 0.05399600
vt 0.69082900 0.05392900
vt 0.35508400 0.12279500
vt 0.33008500 0.12279300
vt 0.56086700 0.10789300
vt 0.56466500 0.11360100
vt 0.57186200 0.10824000
vt 0.56855300 0.10326700
vt 0.65038900 0.00870100
vt 0.64407400 0.00607400
vt 0.64105600 0.01454600
vt 0.64655800 0.01683600
vt 0.56900100 0.11890700
vt 0.57564100 0.11286400
vt 0.63753300 0.00408100
vt 0.63535600 0.01281000
vt 0.57383400 0.12376100
vt 0.57985200 0.11709400
vt 0.63082900 0.00274100
vt 0.62951500 0.01164300
vt 0.57911800 0.12811700
vt 0.58445600 0.12088900
vt 0.62402700 0.00206800
vt 0.62358700 0.01105600
vt 0.58480200 0.13193100
vt 0.58940800 0.12421200
vt 0.61719200 0.00206800
vt 0.61763100 0.01105600
vt 0.59083000 0.13516700
vt 0.59466100 0.12703200
vt 0.61039000 0.00274000
vt 0.61170400 0.01164200
vt 0.59714500 0.13779400
vt 0.60016300 0.12932100
vt 0.60368600 0.00407900
vt 0.60586300 0.01280800
vt 0.60368600 0.13978700
vt 0.60586300 0.13105800
vt 0.59714500 0.00607100
vt 0.60016300 0.01454500
vt 0.61039000 0.14112700
vt 0.61170400 0.13222500
vt 0.59083000 0.00869800
vt 0.59466100 0.01683300
vt 0.61719200 0.14180000
vt 0.61763200 0.13281200
vt 0.58480100 0.01193400
vt 0.58940800 0.01965300
vt 0.62402700 0.14180000
vt 0.62358700 0.13281200
vt 0.57911800 0.01574700
vt 0.58445600 0.02297600
vt 0.63082900 0.14112800
vt 0.62951500 0.13222600
vt 0.57383400 0.02010200
vt 0.57985200 0.02677000
vt 0.63753300 0.13978900
vt 0.63535600 0.13105900
vt 0.56900100 0.02495600
vt 0.57564000 0.03099900
vt 0.64407400 0.13779600
vt 0.64105600 0.12932300
vt 0.56466500 0.03026200
vt 0.57186200 0.03562300
vt 0.65038900 0.13517000
vt 0.64655800 0.12703400
vt 0.56086700 0.03596900
vt 0.56855300 0.04059600
vt 0.69017700 0.07536900
vt 0.69017700 0.06850500
vt 0.68122700 0.06894600
vt 0.68122700 0.07492700
vt 0.65641700 0.13193400
vt 0.65181100 0.12421500
vt 0.55764500 0.04202300
vt 0.56574600 0.04587100
vt 0.68950700 0.06167300
vt 0.68064300 0.06299300
vt 0.66210100 0.12812100
vt 0.65676300 0.12089200
vt 0.55502900 0.04836500
vt 0.56346600 0.05139700
vt 0.68817400 0.05494100
vt 0.67948200 0.05712700
vt 0.66738500 0.12376600
vt 0.66136700 0.11709800
vt 0.55304500 0.05493400
vt 0.56173700 0.05712100
vt 0.68619000 0.04837100
vt 0.67775300 0.05140300
vt 0.67221800 0.11891200
vt 0.66557800 0.11286800
vt 0.55171200 0.06166700
vt 0.56057500 0.06298800
vt 0.68357400 0.04202900
vt 0.67547300 0.04587600
vt 0.67655400 0.11360600
vt 0.66935700 0.10824500
vt 0.55104200 0.06849800
vt 0.55999200 0.06894000
vt 0.68357400 0.04202900
vt 0.68035200 0.03597500
vt 0.67266600 0.04060100
vt 0.67547300 0.04587600
vt 0.68035200 0.10789900
vt 0.67266600 0.10327200
vt 0.55104200 0.07536300
vt 0.55999200 0.07492200
vt 0.67655400 0.03026700
vt 0.66935700 0.03562800
vt 0.68357400 0.10184500
vt 0.67547300 0.09799700
vt 0.55171200 0.08219400
vt 0.56057500 0.08087400
vt 0.67221800 0.02496100
vt 0.66557800 0.03100400
vt 0.68619000 0.09550300
vt 0.67775300 0.09247100
vt 0.55304500 0.08892700
vt 0.56173700 0.08674100
vt 0.66738500 0.02010600
vt 0.66136700 0.02677400
vt 0.68817400 0.08893400
vt 0.67948200 0.08674700
vt 0.55503000 0.09549600
vt 0.56346600 0.09246500
vt 0.66210100 0.01575100
vt 0.65676300 0.02297900
vt 0.68950700 0.08220100
vt 0.68064300 0.08088000
vt 0.55764500 0.10183900
vt 0.56574600 0.09799100
vt 0.65641700 0.01193700
vt 0.65181100 0.01965600
vt 0.59949300 0.10052800
vt 0.59680300 0.09831100
vt 0.62234900 0.03637600
vt 0.62581100 0.03671800
vt 0.60238500 0.10246900
vt 0.61887000 0.03637600
vt 0.60545300 0.10411600
vt 0.61540800 0.03671800
vt 0.61540800 0.03671800
vt 0.60866700 0.10545300
vt 0.61199600 0.03739900
vt 0.61199600 0.10646800
vt 0.60866700 0.03841300
vt 0.60866700 0.03841300
vt 0.61540800 0.10714900
vt 0.60545300 0.03975000
vt 0.61887000 0.10749200
vt 0.60238500 0.04139700
vt 0.62234900 0.10749200
vt 0.62234900 0.10749200
vt 0.59949200 0.04333800
vt 0.62581100 0.10715000
vt 0.62581100 0.10715000
vt 0.59680300 0.04555400
vt 0.59680300 0.04555400
vt 0.62922300 0.10646800
vt 0.62922300 0.10646800
vt 0.59434300 0.04802400
vt 0.63255200 0.10545400
vt 0.59213600 0.05072500
vt 0.63576600 0.10411800
vt 0.59020400 0.05363000
vt 0.65601600 0.07018900
vt 0.65601600 0.07368200
vt 0.63883400 0.10247100
vt 0.58856400 0.05671100
vt 0.65567500 0.06671200
vt 0.64172600 0.10053000
vt 0.58723300 0.05993900
vt 0.65499600 0.06328500
vt 0.64441500 0.09831400
vt 0.58622300 0.06328200
vt 0.65398600 0.05994200
vt 0.64687500 0.09584300
vt 0.58554400 0.06670800
vt 0.65265500 0.05671400
vt 0.64908200 0.09314300
vt 0.58520300 0.07018500
vt 0.65101500 0.05363300
vt 0.65101500 0.09023800
vt 0.58520300 0.07367900
vt 0.64908200 0.05072800
vt 0.65265500 0.08715700
vt 0.58554400 0.07715600
vt 0.64687500 0.04802700
vt 0.65398600 0.08392900
vt 0.58622300 0.08058300
vt 0.64441500 0.04555600
vt 0.64441500 0.04555600
vt 0.65499600 0.08058600
vt 0.58723300 0.08392600
vt 0.64172600 0.04334000
vt 0.65567500 0.07715900
vt 0.58856400 0.08715400
vt 0.63883400 0.04139900
vt 0.59020400 0.09023500
vt 0.63576600 0.03975200
vt 0.59213700 0.09314000
vt 0.63255200 0.03841400
vt 0.59434300 0.09584100
vt 0.59434300 0.09584100
vt 0.62922300 0.03740000
vt 0.62369600 0.08059800
vt 0.62369600 0.08059800
vt 0.62283600 0.08086000
vt 0.62283600 0.08086000
vt 0.62923500 0.07503500
vt 0.62889100 0.07587000
vt 0.61382200 0.06575600
vt 0.61382200 0.06575600
vt 0.61445700 0.06511800
vt 0.61445700 0.06511800
vt 0.62739800 0.06575700
vt 0.62796800 0.06645500
vt 0.62195400 0.08103600
vt 0.62195400 0.08103600
vt 0.62195400 0.08103600
vt 0.61154700 0.07328500
vt 0.61145900 0.07238600
vt 0.61515200 0.06454500
vt 0.62846700 0.07666600
vt 0.62105900 0.08112500
vt 0.62105900 0.08112500
vt 0.62846700 0.06720600
vt 0.61590000 0.06404400
vt 0.61145900 0.07148300
vt 0.62016000 0.08112500
vt 0.62796800 0.07741600
vt 0.61669300 0.06361800
vt 0.61669300 0.06361800
vt 0.62889100 0.06800200
vt 0.61926500 0.08103600
vt 0.61154700 0.07058500
vt 0.61752300 0.06327200
vt 0.61752300 0.06327200
vt 0.62739800 0.07811400
vt 0.61515200 0.07932500
vt 0.61445700 0.07875200
vt 0.61445700 0.07875200
vt 0.61838400 0.08086000
vt 0.62923500 0.06883600
vt 0.62195400 0.06283400
vt 0.62283600 0.06301100
vt 0.61838400 0.06301000
vt 0.61838400 0.06301000
vt 0.61172300 0.06969900
vt 0.61382200 0.07811400
vt 0.61382200 0.07811400
vt 0.61752300 0.08059800
vt 0.62676200 0.07875300
vt 0.62369600 0.06327300
vt 0.61926500 0.06283400
vt 0.61926500 0.06283400
vt 0.62949600 0.06970000
vt 0.61325100 0.07741600
vt 0.61669300 0.08025200
vt 0.61198400 0.06883500
vt 0.61275200 0.07666500
vt 0.62016000 0.06274600
vt 0.62606700 0.07932600
vt 0.62452700 0.06361800
vt 0.62531900 0.06404400
vt 0.61590000 0.07982700
vt 0.62967200 0.07058600
vt 0.61232800 0.07586900
vt 0.62105900 0.06274600
vt 0.61232800 0.06800100
vt 0.62976000 0.07238700
vt 0.62967200 0.07328600
vt 0.62531900 0.07982700
vt 0.62606700 0.06454600
vt 0.62606700 0.06454600
vt 0.62976000 0.07148400
vt 0.61198400 0.07503400
vt 0.61275200 0.06720500
vt 0.62949600 0.07417100
vt 0.62452700 0.08025300
vt 0.62676200 0.06511800
vt 0.62676200 0.06511800
vt 0.61172300 0.07417000
vt 0.61325100 0.06645400
vt 0.77630600 0.60961700
vt 0.76573000 0.61776800
vt 0.76573000 0.62266200
vt 0.77630600 0.63253200
vt 0.77630600 0.60148300
vt 0.76573000 0.61603100
vt 0.75134200 0.60213600
vt 0.76208400 0.61612600
vt 0.30242600 0.88951100
vt 0.30258600 0.87897100
vt 0.30081900 0.87897400
vt 0.30065900 0.88951400
vt 0.30361000 0.98367900
vt 0.30325800 0.97451400
vt 0.30149000 0.97451700
vt 0.30184300 0.98368200
vt 0.30295500 0.96479400
vt 0.30118800 0.96479700
vt 0.30148100 0.47857300
vt 0.30176600 0.46788600
vt 0.30000600 0.46788600
vt 0.29972100 0.47857300
vt 0.30216100 0.45751300
vt 0.30040100 0.45751300
vt 0.30280300 0.86879600
vt 0.30103500 0.86879900
vt 0.30307400 0.85908400
vt 0.30130700 0.85908600
vt 0.30270600 0.95461200
vt 0.30093900 0.95461500
vt 0.30251300 0.94406700
vt 0.30074600 0.94407000
vt 0.30266200 0.44755400
vt 0.30090300 0.44755400
vt 0.30326500 0.43810400
vt 0.30150500 0.43810400
vt 0.30339800 0.84992800
vt 0.30163000 0.84993100
vt 0.93133900 0.28990900
vt 0.91914400 0.29053000
vt 0.91914400 0.29229600
vt 0.93133900 0.29167400
vt 0.30237700 0.93326000
vt 0.30061000 0.93326300
vt 0.30230000 0.92229500
vt 0.30053300 0.92229800
vt 0.30396400 0.42925500
vt 0.30220400 0.42925500
vt 0.30475100 0.42109200
vt 0.30299100 0.42109200
vt 0.30228200 0.91127800
vt 0.30051500 0.91128100
vt 0.30232500 0.90031500
vt 0.30055700 0.90031800
vt 0.30445200 0.99999700
vt 0.30401000 0.99220100
vt 0.30224200 0.99220300
vt 0.30268500 1.00000000
vt 0.30125200 0.50047400
vt 0.30130900 0.48947100
vt 0.29954900 0.48947100
vt 0.29949200 0.50047400
vt 0.26551900 0.87079900
vt 0.26559600 0.86265400
vt 0.00421400 0.86308200
vt 0.00413700 0.87122700
vt 0.26571600 0.85470800
vt 0.00433400 0.85513600
vt 0.26589300 0.84702500
vt 0.00451100 0.84745300
vt 0.78900300 0.31622800
vt 0.78094600 0.31601300
vt 0.78094600 0.57630800
vt 0.78900300 0.57652300
vt 0.77312600 0.31571500
vt 0.77312600 0.57601100
vt 0.76561700 0.31533700
vt 0.76561700 0.57563300
vt 0.75849300 0.31488300
vt 0.75849300 0.57517800
vt 0.75182200 0.31435600
vt 0.75182200 0.57465200
vt 0.74566700 0.31376300
vt 0.74566700 0.57405800
vt 0.26712400 0.94595100
vt 0.26679000 0.94007300
vt 0.00540800 0.94050100
vt 0.00574100 0.94637900
vt 0.26648900 0.93364800
vt 0.00510600 0.93407600
vt 0.26622300 0.92673900
vt 0.00484000 0.92716700
vt 0.26599500 0.91941000
vt 0.00461300 0.91983900
vt 0.74430700 0.18612300
vt 0.74434700 0.19713900
vt 0.79427300 0.19718900
vt 0.79426700 0.18831700
vt 0.26580700 0.91173400
vt 0.00442500 0.91216200
vt 0.26566100 0.90378400
vt 0.00427900 0.90421200
vt 0.26555900 0.89563700
vt 0.00417600 0.89606500
vt 0.26550100 0.88737000
vt 0.00411800 0.88779800
vt 0.26548800 0.87906400
vt 0.00410500 0.87949200
vt 0.28884900 0.85682100
vt 0.28818800 0.86509900
vt 0.74546100 0.20809900
vt 0.79509000 0.20602000
vt 0.74764000 0.21889700
vt 0.79671300 0.21473100
vt 0.75086200 0.22942900
vt 0.79912400 0.22324700
vt 0.75509700 0.23959200
vt 0.80230200 0.23149000
vt 0.76030200 0.24929000
vt 0.80621600 0.23938900
vt 0.76643000 0.25842900
vt 0.81083100 0.24687400
vt 0.77341900 0.26692100
vt 0.81610200 0.25387900
vt 0.78120400 0.27468300
vt 0.82198100 0.26034200
vt 0.78970900 0.28164300
vt 0.82841500 0.26620600
vt 0.79885200 0.28773100
vt 0.83534400 0.27142000
vt 0.79721900 0.31635800
vt 0.79721900 0.57665300
vt 0.80854500 0.29289000
vt 0.84270500 0.27593700
vt 0.81869500 0.29707000
vt 0.85043400 0.27971300
vt 0.82920400 0.30023200
vt 0.85846300 0.28271300
vt 0.83997100 0.30234300
vt 0.86672200 0.28490400
vt 0.85089200 0.30338400
vt 0.87514100 0.28625800
vt 0.86186200 0.30334500
vt 0.88365200 0.28674800
vt 0.87277500 0.30222700
vt 0.89218600 0.28635200
vt 0.30055700 0.90031800
vt 0.30065900 0.88951400
vt 0.28756300 0.87356400
vt 0.28699200 0.88214000
vt 0.79942500 0.19719300
vt 0.79941000 0.18853800
vt 0.80397600 0.19719500
vt 0.80395300 0.18872400
vt 0.80551400 0.30622400
vt 0.79705300 0.30617800
vt 0.79717600 0.31113900
vt 0.80551400 0.31118300
vt 0.80551400 0.31640100
vt 0.80025100 0.20580700
vt 0.80480900 0.20562400
vt 0.78867000 0.30603900
vt 0.78891700 0.31100600
vt 0.80188100 0.21430000
vt 0.80644600 0.21393200
vt 0.78044600 0.30581000
vt 0.78081600 0.31078800
vt 0.80429900 0.22259500
vt 0.80886900 0.22204000
vt 0.77245700 0.30549100
vt 0.77295200 0.31048500
vt 0.80748300 0.23061600
vt 0.81205800 0.22987300
vt 0.76477900 0.30508500
vt 0.76539900 0.31009900
vt 0.81140100 0.23829000
vt 0.81597900 0.23735600
vt 0.75748300 0.30459600
vt 0.75823000 0.30963600
vt 0.81601800 0.24554700
vt 0.82059800 0.24442000
vt 0.75063800 0.30402800
vt 0.75151400 0.30909800
vt 0.82128800 0.25232100
vt 0.82586700 0.25099900
vt 0.74430700 0.30338400
vt 0.74531400 0.30849200
vt 0.82716400 0.25855000
vt 0.83174000 0.25703000
vt 0.27788200 0.94970100
vt 0.27759500 0.94381500
vt 0.27218300 0.94104100
vt 0.27250400 0.94692100
vt 0.83358900 0.26417900
vt 0.83815800 0.26245800
vt 0.27734900 0.93737900
vt 0.27189600 0.93461400
vt 0.84050400 0.26915400
vt 0.84506100 0.26723100
vt 0.27714700 0.93045200
vt 0.27164600 0.92769900
vt 0.84784500 0.27343000
vt 0.28188800 0.93457700
vt 0.28181600 0.92720000
vt 0.27699400 0.92310000
vt 0.27143800 0.92036500
vt 0.85554500 0.27696800
vt 0.28180700 0.91945800
vt 0.27689000 0.91539300
vt 0.27127200 0.91268100
vt 0.86353200 0.27973200
vt 0.28186200 0.91142300
vt 0.27684000 0.90740300
vt 0.27115100 0.90472000
vt 0.87173700 0.28169300
vt 0.28198500 0.90316500
vt 0.27684400 0.89920300
vt 0.27107600 0.89655900
vt 0.88008600 0.28282900
vt 0.28217600 0.89475900
vt 0.27690400 0.89087000
vt 0.27104900 0.88827600
vt 0.28606100 0.89934900
vt 0.28648800 0.89075900
vt 0.28243500 0.88627700
vt 0.27702000 0.88248100
vt 0.27106900 0.87994800
vt 0.28275800 0.87779400
vt 0.27719000 0.87411200
vt 0.27113700 0.87165600
vt 0.28314000 0.86938200
vt 0.27741200 0.86584100
vt 0.27125100 0.86347800
vt 0.28357200 0.86111600
vt 0.27768000 0.85774200
vt 0.27141000 0.85549200
vt 0.28404200 0.85307000
vt 0.27798900 0.84989400
vt 0.27167100 0.84772300
vt 0.80551400 0.57669600
vt 0.92581900 0.30932400
vt 0.92984400 0.30403300
vt 0.26602000 0.84147000
vt 0.00449800 0.84189900
vt 0.27153100 0.84146100
vt 0.30228900 0.84141100
vt 0.28691000 0.84143600
vt 0.91914400 0.32301800
vt 0.91914400 0.30765700
vt 0.91606500 0.30766800
vt 0.91606500 0.32302900
vt 0.91914400 0.29229600
vt 0.91606500 0.29230600
vt 0.91914400 0.58974500
vt 0.91914400 0.32852400
vt 0.91606500 0.32853400
vt 0.91606500 0.58975600
vt 0.91914400 0.29053000
vt 0.91606500 0.29054100
vt 0.00424400 0.69195100
vt 0.35528600 0.69137600
vt 0.35502300 0.62557500
vt 0.00398100 0.62615000
vt 0.35505000 0.61840000
vt 0.00400800 0.61897600
vt 0.35511700 0.61133000
vt 0.00407500 0.61190500
vt 0.35522100 0.60443200
vt 0.00417900 0.60500700
vt 0.35536300 0.59777300
vt 0.00432100 0.59834800
vt 0.35554100 0.59141700
vt 0.00449900 0.59199200
vt 0.35575200 0.58542600
vt 0.00471100 0.58600100
vt 0.35599600 0.57985600
vt 0.00495400 0.58043100
vt 0.81646800 0.99433100
vt 0.81702300 0.64369300
vt 0.81191400 0.64405600
vt 0.81136000 0.99469500
vt 0.80633100 0.64438100
vt 0.80577600 0.99502000
vt 0.80032700 0.64466300
vt 0.79977300 0.99530200
vt 0.79396200 0.64490100
vt 0.79340700 0.99553900
vt 0.78729500 0.64509100
vt 0.78674000 0.99573000
vt 0.78039100 0.64523200
vt 0.77983700 0.99587000
vt 0.77331600 0.64532200
vt 0.77276200 0.99596100
vt 0.76614000 0.64536100
vt 0.76558600 0.99600000
vt 0.76127800 0.60121200
vt 0.76471000 0.60122400
vt 0.76471000 0.59620800
vt 0.76127800 0.59619600
vt 0.75195100 0.58853300
vt 0.75195100 0.58351100
vt 0.75011200 0.58351100
vt 0.75011200 0.58853300
vt 0.75744100 0.58351100
vt 0.75401900 0.58351100
vt 0.75401900 0.58853300
vt 0.75744100 0.58853300
vt 0.30475100 0.30118100
vt 0.29973100 0.30117900
vt 0.29970500 0.30292900
vt 0.30472500 0.30293100
vt 0.75921700 0.60122400
vt 0.75921700 0.59620800
vt 0.75741100 0.59625600
vt 0.75741100 0.60127200
vt 0.29970500 0.35943100
vt 0.30472500 0.35943300
vt 0.30471600 0.35740600
vt 0.29969600 0.35740300
vt 0.29973100 0.36113300
vt 0.30475100 0.36113500
vt 0.29969600 0.30497300
vt 0.30471600 0.30497600
vt 0.81403000 0.64043300
vt 0.81331200 0.64028800
vt 0.81262000 0.64192800
vt 0.81384100 0.64217400
vt 0.81199500 0.64335200
vt 0.81364300 0.64368400
vt 0.76131100 0.59307000
vt 0.75964000 0.59308000
vt 0.75932700 0.59449800
vt 0.76128600 0.59448700
vt 0.81307900 0.64013200
vt 0.81181600 0.64138900
vt 0.81070800 0.64248800
vt 0.75829200 0.59311500
vt 0.75764000 0.59454300
vt 0.81292300 0.63989800
vt 0.81127900 0.64058400
vt 0.80984800 0.64119800
vt 0.29656200 0.30211100
vt 0.29654200 0.30341800
vt 0.29798500 0.30305600
vt 0.29801000 0.30142100
vt 0.81278000 0.63917900
vt 0.81103600 0.63936100
vt 0.80952000 0.63954800
vt 0.29653500 0.30507500
vt 0.29797700 0.30499900
vt 0.81331200 0.58658100
vt 0.81403000 0.58644000
vt 0.81384100 0.58473000
vt 0.81262000 0.58497000
vt 0.81364300 0.58331400
vt 0.81199500 0.58363800
vt 0.75233100 0.59172500
vt 0.75400800 0.59172500
vt 0.75401600 0.59026000
vt 0.75205000 0.59026000
vt 0.81307900 0.58673600
vt 0.81181600 0.58550500
vt 0.81070800 0.58449500
vt 0.75095800 0.59172500
vt 0.75033200 0.59026000
vt 0.81292300 0.58696900
vt 0.81127900 0.58630700
vt 0.80984800 0.58578000
vt 0.29654200 0.35888800
vt 0.29656200 0.36015900
vt 0.29801000 0.36088000
vt 0.29798500 0.35928900
vt 0.81278000 0.58768700
vt 0.81103600 0.58752900
vt 0.80952000 0.58742800
vt 0.29653500 0.35724400
vt 0.29797700 0.35736100
vt 0.81702300 0.58644800
vt 0.81700400 0.58473900
vt 0.81694900 0.58332300
vt 0.75730000 0.59172500
vt 0.75740400 0.59026000
vt 0.81702300 0.64044100
vt 0.81700400 0.64218300
vt 0.81694900 0.64369300
vt 0.76461300 0.59308100
vt 0.76468500 0.59449800
vt 0.89926800 0.38012900
vt 0.90099500 0.38047300
vt 0.90099500 0.33547800
vt 0.89926800 0.33547700
vt 0.90245900 0.38145300
vt 0.90245900 0.33547900
vt 0.90343800 0.38291700
vt 0.90343800 0.33547900
vt 0.89424800 0.38012700
vt 0.89424800 0.33547500
vt 0.90099500 0.44285700
vt 0.89926800 0.44320000
vt 0.89926800 0.48486400
vt 0.90099500 0.48486400
vt 0.90245900 0.44187900
vt 0.90245900 0.48486500
vt 0.90343800 0.44041600
vt 0.90343800 0.48486500
vt 0.89424800 0.48487300
vt 0.89424800 0.44319700
vt 0.90378100 0.43868900
vt 0.90904700 0.44041800
vt 0.90904700 0.43869100
vt 0.90378100 0.38464500
vt 0.90904700 0.38464700
vt 0.90904700 0.38292000
vt 0.90904700 0.48486800
vt 0.90904700 0.33548200
vt 0.14511600 0.15499000
vt 0.14475400 0.14856600
vt 0.12877900 0.14851100
vt 0.12914100 0.15493500
vt 0.98094900 0.61780100
vt 0.98122900 0.56989800
vt 0.96523600 0.56989300
vt 0.96534600 0.61779500
vt 0.14347400 0.21072700
vt 0.14372100 0.20145700
vt 0.12818400 0.20145700
vt 0.12793600 0.21072700
vt 0.14444300 0.14165900
vt 0.12846700 0.14160400
vt 0.14418300 0.13433500
vt 0.12820800 0.13428000
vt 0.14397900 0.12666400
vt 0.12800300 0.12660900
vt 0.14383100 0.11872100
vt 0.12785600 0.11866600
vt 0.63477900 0.56845800
vt 0.62631300 0.56677000
vt 0.62414100 0.57727600
vt 0.63341200 0.57914100
vt 0.14374200 0.11058100
vt 0.12776700 0.11052600
vt 0.14406400 0.19246000
vt 0.14449900 0.18382100
vt 0.12896100 0.18382100
vt 0.12852600 0.19246000
vt 0.14371300 0.10232200
vt 0.12773700 0.10226700
vt 0.61805000 0.56426800
vt 0.61006700 0.56097500
vt 0.60636900 0.57086500
vt 0.61509700 0.57450800
vt 0.14502100 0.17562500
vt 0.14562700 0.16795000
vt 0.13009000 0.16795000
vt 0.12948400 0.17562500
vt 0.60244100 0.55692100
vt 0.59524200 0.55214600
vt 0.59019300 0.56110300
vt 0.59804100 0.56638200
vt 0.98205200 0.73808400
vt 0.98168200 0.73132100
vt 0.96607900 0.73131500
vt 0.96645000 0.73807800
vt 0.58854100 0.54669200
vt 0.58239800 0.54061100
vt 0.57623900 0.54836900
vt 0.58290300 0.55507900
vt 0.98135000 0.72392900
vt 0.98106000 0.71597800
vt 0.96545800 0.71597300
vt 0.96574700 0.72392300
vt 0.57687500 0.53396000
vt 0.57202300 0.52680000
vt 0.56504300 0.53315600
vt 0.57026700 0.54103700
vt 0.98081400 0.70754700
vt 0.98061600 0.69871500
vt 0.96501400 0.69870900
vt 0.96521200 0.70754100
vt 0.56788900 0.51919900
vt 0.56451300 0.51122700
vt 0.55703700 0.51605400
vt 0.56062000 0.52480100
vt 0.98046700 0.68956800
vt 0.98036800 0.68019400
vt 0.96476500 0.68018800
vt 0.96486400 0.68956200
vt 0.56193000 0.50295900
vt 0.56016500 0.49447300
vt 0.55252700 0.49772400
vt 0.55433200 0.50699900
vt 0.98032000 0.67068300
vt 0.98032300 0.66112700
vt 0.96472100 0.66112200
vt 0.96471700 0.67067800
vt 0.55923800 0.48584800
vt 0.55916000 0.47716700
vt 0.55168000 0.47887600
vt 0.55164100 0.48832000
vt 0.98087500 0.39490500
vt 0.98096700 0.38677100
vt 0.96497400 0.38676500
vt 0.96488100 0.39489900
vt 0.98037900 0.65161800
vt 0.98048600 0.64224800
vt 0.96488300 0.64224200
vt 0.96477700 0.65161300
vt 0.98110400 0.37883500
vt 0.96511000 0.37882900
vt 0.55993600 0.46851300
vt 0.56156200 0.45996700
vt 0.55452400 0.46023700
vt 0.55264500 0.46948500
vt 0.98128200 0.37117400
vt 0.96528800 0.37116800
vt 0.98064300 0.63310600
vt 0.98086400 0.62426700
vt 0.96526100 0.62426100
vt 0.96504000 0.63310000
vt 0.98150100 0.36386200
vt 0.96550700 0.36385600
vt 0.56402700 0.45161600
vt 0.56731100 0.44354000
vt 0.56093700 0.44252000
vt 0.55729800 0.45122000
vt 0.98175800 0.35696900
vt 0.96576500 0.35696300
vt 0.98205100 0.35056200
vt 0.96605800 0.35055600
vt 0.14552300 0.16086900
vt 0.12954800 0.16081400
vt 0.00336000 0.59835000
vt 0.00321800 0.60500900
vt 0.00355000 0.84745500
vt 0.00337300 0.85513700
vt 0.00353800 0.59199400
vt 0.00466800 0.84175000
vt 0.00472400 0.80021500
vt 0.00376300 0.80021600
vt 0.00370700 0.84175100
vt 0.00374900 0.58600200
vt 0.00445300 0.73720500
vt 0.00328300 0.69195300
vt 0.00349200 0.73720600
vt 0.00399300 0.58043200
vt 0.81135800 0.99565500
vt 0.81646700 0.99529200
vt 0.00466800 0.84175000
vt 0.00370700 0.84175100
vt 0.80577500 0.99598000
vt 0.79977200 0.99626200
vt 0.79721900 0.57761000
vt 0.80551400 0.57765400
vt 0.79340600 0.99649900
vt 0.78900300 0.57748000
vt 0.78673900 0.99669000
vt 0.78094600 0.57726600
vt 0.77983500 0.99683100
vt 0.77312600 0.57696800
vt 0.77276100 0.99692100
vt 0.76561700 0.57659000
vt 0.76558500 0.99696000
vt 0.75849300 0.57613500
vt 0.75182200 0.57560900
vt 0.74566700 0.57501500
vt 0.00444600 0.94050200
vt 0.00478000 0.94638000
vt 0.00414500 0.93407800
vt 0.00387900 0.92716800
vt 0.00365100 0.91984000
vt 0.00346400 0.91216400
vt 0.98094200 0.44532600
vt 0.98084500 0.40314300
vt 0.96485100 0.40313800
vt 0.96494800 0.44532000
vt 0.00331800 0.90421400
vt 0.00321500 0.89606600
vt 0.00315700 0.88780000
vt 0.00302000 0.62615200
vt 0.00314400 0.87949400
vt 0.00304700 0.61897700
vt 0.00317600 0.87122900
vt 0.00311400 0.61190700
vt 0.00325200 0.86308400
vt 0.58080700 0.27115600
vt 0.58398700 0.21474500
vt 0.57865900 0.21336300
vt 0.57639200 0.25825600
vt 0.58550400 0.20731500
vt 0.57993700 0.20532300
vt 0.58775000 0.20004900
vt 0.58231600 0.19750000
vt 0.59069700 0.19304100
vt 0.58545000 0.18994800
vt 0.57164700 0.43583500
vt 0.56568500 0.43423500
vt 0.59431400 0.18635800
vt 0.58930900 0.18273900
vt 0.14327500 0.22972700
vt 0.14332500 0.22017900
vt 0.12778700 0.22017900
vt 0.12773700 0.22972700
vt 0.59856700 0.18006400
vt 0.59385600 0.17594300
vt 0.57526300 0.43031200
vt 0.57524600 0.38591900
vt 0.57018800 0.38088100
vt 0.56780700 0.42799800
vt 0.60341400 0.17421800
vt 0.59904900 0.16962500
vt 0.98106200 0.49740400
vt 0.96506800 0.49739900
vt 0.60880800 0.16887500
vt 0.60483600 0.16384700
vt 0.57862100 0.31928000
vt 0.57380100 0.30948000
vt 0.61469800 0.16408700
vt 0.61116300 0.15866500
vt 0.62102500 0.15989800
vt 0.61796800 0.15412700
vt 0.62773100 0.15634800
vt 0.62518600 0.15028000
vt 0.64336900 0.56931700
vt 0.64282500 0.58008800
vt 0.63475000 0.15347100
vt 0.63274800 0.14715900
vt 0.64201600 0.15129200
vt 0.64057900 0.14479600
vt 0.64946000 0.14983400
vt 0.64860600 0.14321300
vt 0.65701000 0.14911000
vt 0.65674900 0.14242400
vt 0.66459600 0.14912600
vt 0.66493400 0.14243900
vt 0.14631000 0.16086900
vt 0.13077300 0.16086900
vt 0.00283500 0.73712000
vt 0.00310600 0.80017500
vt 0.00218800 0.73686000
vt 0.00246000 0.80004900
vt 0.00156700 0.73643300
vt 0.00184000 0.79984100
vt 0.00098800 0.73585000
vt 0.00126200 0.79955800
vt 0.00046400 0.73512500
vt 0.00074000 0.79920500
vt 0.57796900 0.38868300
vt 0.58120800 0.32462400
vt 0.58077700 0.32371800
vt 0.57751500 0.38821200
vt 0.58029000 0.32270400
vt 0.57700200 0.38768700
vt 0.57975900 0.32160900
vt 0.57644400 0.38712000
vt 0.57919800 0.32045800
vt 0.57585400 0.38652600
vt 0.79721500 0.57826700
vt 0.80551400 0.57831000
vt 0.79720300 0.57891900
vt 0.80551400 0.57896200
vt 0.79718300 0.57955000
vt 0.80551400 0.57959300
vt 0.79715600 0.58014400
vt 0.80551400 0.58018800
vt 0.79712300 0.58068800
vt 0.80551400 0.58073100
vt 0.64349300 0.56631000
vt 0.63513500 0.56547200
vt 0.63508000 0.56597200
vt 0.64347700 0.56681300
vt 0.63501600 0.56653400
vt 0.64345700 0.56738000
vt 0.63494300 0.56714700
vt 0.64343100 0.56799600
vt 0.63486300 0.56779300
vt 0.64340200 0.56864700
vt 0.78899500 0.57813700
vt 0.78897100 0.57878900
vt 0.78893200 0.57941900
vt 0.78887800 0.58001400
vt 0.78881100 0.58055700
vt 0.62689800 0.56382100
vt 0.62680500 0.56431500
vt 0.62669700 0.56487100
vt 0.62657700 0.56547500
vt 0.62644800 0.56611400
vt 0.78093400 0.57792200
vt 0.78089800 0.57857400
vt 0.78083900 0.57920400
vt 0.78075900 0.57979800
vt 0.78065900 0.58034000
vt 0.61886200 0.56137300
vt 0.61873000 0.56185700
vt 0.61857900 0.56240300
vt 0.61841200 0.56299600
vt 0.61823500 0.56362300
vt 0.77311000 0.57762400
vt 0.77306200 0.57827500
vt 0.77298400 0.57890500
vt 0.77287700 0.57949800
vt 0.77274500 0.58004000
vt 0.61110200 0.55815200
vt 0.61093300 0.55862400
vt 0.61074000 0.55915600
vt 0.61052700 0.55973500
vt 0.61030100 0.56034600
vt 0.76559800 0.57724600
vt 0.76553800 0.57789700
vt 0.76544100 0.57852600
vt 0.76530900 0.57911800
vt 0.76514400 0.57965800
vt 0.60369500 0.55418600
vt 0.60348800 0.55464400
vt 0.60325400 0.55515900
vt 0.60299700 0.55572000
vt 0.60272300 0.55631200
vt 0.75846900 0.57679200
vt 0.75839900 0.57744200
vt 0.75828300 0.57807000
vt 0.75812600 0.57866100
vt 0.75793000 0.57920000
vt 0.59670900 0.54951600
vt 0.59646600 0.54995600
vt 0.59619200 0.55045100
vt 0.59589100 0.55099000
vt 0.59557200 0.55156000
vt 0.75179500 0.57626500
vt 0.75171300 0.57691400
vt 0.75158000 0.57754100
vt 0.75139700 0.57813100
vt 0.75117100 0.57866800
vt 0.59021300 0.54418500
vt 0.58993600 0.54460400
vt 0.58962200 0.54507600
vt 0.58927900 0.54559000
vt 0.58891600 0.54613300
vt 0.74563700 0.57567100
vt 0.74554400 0.57632000
vt 0.74539400 0.57694600
vt 0.74518800 0.57753400
vt 0.59044600 0.54383000
vt 0.58452900 0.53791000
vt 0.58426700 0.53824400
vt 0.58395700 0.53864000
vt 0.58360600 0.53908500
vt 0.58322300 0.53957000
vt 0.58281700 0.54008300
vt 0.00379100 0.94054600
vt 0.00412500 0.94642600
vt 0.00314800 0.94067300
vt 0.00348200 0.94656000
vt 0.00253300 0.94088000
vt 0.00286900 0.94677900
vt 0.00196300 0.94116300
vt 0.00229900 0.94707800
vt 0.57922000 0.53143800
vt 0.57893100 0.53175000
vt 0.57859000 0.53211900
vt 0.57820300 0.53253500
vt 0.57778200 0.53298800
vt 0.57733500 0.53346700
vt 0.00348900 0.93411900
vt 0.00284600 0.93423800
vt 0.00223100 0.93443200
vt 0.00165800 0.93469600
vt 0.57456900 0.52447800
vt 0.57425500 0.52476500
vt 0.57388300 0.52510400
vt 0.57346400 0.52548700
vt 0.57300600 0.52590400
vt 0.57252200 0.52634600
vt 0.00322300 0.92720600
vt 0.00257900 0.92731600
vt 0.00196300 0.92749500
vt 0.00139000 0.92773900
vt 0.00087300 0.92804300
vt 0.00114300 0.93502500
vt 0.57028400 0.51735400
vt 0.56988500 0.51766100
vt 0.56943400 0.51800800
vt 0.56894300 0.51838600
vt 0.56842400 0.51878600
vt 0.00299500 0.91987400
vt 0.00235100 0.91997400
vt 0.00173400 0.92013700
vt 0.00115900 0.92035900
vt 0.00064100 0.92063500
vt 0.56705500 0.50959000
vt 0.56663200 0.50986200
vt 0.56615300 0.51017000
vt 0.56563200 0.51050500
vt 0.56508100 0.51086100
vt 0.00280700 0.91219500
vt 0.00216300 0.91228400
vt 0.00154500 0.91242900
vt 0.00096900 0.91262700
vt 0.00045000 0.91287200
vt 0.56460300 0.50154600
vt 0.56415700 0.50178000
vt 0.56365400 0.50204600
vt 0.56310600 0.50233500
vt 0.56252600 0.50264200
vt 0.00266100 0.90424100
vt 0.00201600 0.90431800
vt 0.00139800 0.90444400
vt 0.00082100 0.90461500
vt 0.00030100 0.90482800
vt 0.56294800 0.49329900
vt 0.56248400 0.49349300
vt 0.56196000 0.49371300
vt 0.56138900 0.49395400
vt 0.56078600 0.49420900
vt 0.00255900 0.89608900
vt 0.00191300 0.89615300
vt 0.00129400 0.89625900
vt 0.00071700 0.89640200
vt 0.00019600 0.89657900
vt 0.56211000 0.48492900
vt 0.56163000 0.48507900
vt 0.56108900 0.48525100
vt 0.56050100 0.48544000
vt 0.55987800 0.48564100
vt 0.00250100 0.88781800
vt 0.00185500 0.88786900
vt 0.00123500 0.88795200
vt 0.00065700 0.88806500
vt 0.00013500 0.88820600
vt 0.56209500 0.47651400
vt 0.56160500 0.47662000
vt 0.56105200 0.47674100
vt 0.56045000 0.47687500
vt 0.55981400 0.47701800
vt 0.00248700 0.87950700
vt 0.00184100 0.87954400
vt 0.00122100 0.87960400
vt 0.00064300 0.87968600
vt 0.00012100 0.87978700
vt 0.56290600 0.46813600
vt 0.56241000 0.46819600
vt 0.56185100 0.46826500
vt 0.56124200 0.46834200
vt 0.56059800 0.46842500
vt 0.00251900 0.87123700
vt 0.00187300 0.87125900
vt 0.00125300 0.87129500
vt 0.00067400 0.87134400
vt 0.00015100 0.87140400
vt 0.56453600 0.45987600
vt 0.56403900 0.45988800
vt 0.56347900 0.45990300
vt 0.56286900 0.45992100
vt 0.56222500 0.45994300
vt 0.00259600 0.86308700
vt 0.00194900 0.86309400
vt 0.00132900 0.86310600
vt 0.00075100 0.86312000
vt 0.00022800 0.86313900
vt 0.56697000 0.45181400
vt 0.56647900 0.45177700
vt 0.56592400 0.45173700
vt 0.56532100 0.45169600
vt 0.56468300 0.45165500
vt 0.00271600 0.85513500
vt 0.00207000 0.85512700
vt 0.00145000 0.85511400
vt 0.00087200 0.85509400
vt 0.00034900 0.85507000
vt 0.57018600 0.44402800
vt 0.56970600 0.44394100
vt 0.56916500 0.44384700
vt 0.56857500 0.44374700
vt 0.56795200 0.44364300
vt 0.00289300 0.84744700
vt 0.00224700 0.84742400
vt 0.00162800 0.84738600
vt 0.00105000 0.84733200
vt 0.00052800 0.84726600
vt 0.57440400 0.43660700
vt 0.57394400 0.43647200
vt 0.57342500 0.43632400
vt 0.57286000 0.43616600
vt 0.57226200 0.43600200
vt 0.00236300 0.62614500
vt 0.00262600 0.69183100
vt 0.00171800 0.62612200
vt 0.00197900 0.69146600
vt 0.00109800 0.62608500
vt 0.00135800 0.69086700
vt 0.00052100 0.62603300
vt 0.00077700 0.69005000
vt 0.00000000 0.62596800
vt 0.00025200 0.68903300
vt 0.58329100 0.27852200
vt 0.58682200 0.21551100
vt 0.58634900 0.21537800
vt 0.58287700 0.27727500
vt 0.58581500 0.21523100
vt 0.58240900 0.27587900
vt 0.58523400 0.21507300
vt 0.58190000 0.27436900
vt 0.58461900 0.21491000
vt 0.58136100 0.27278100
vt 0.00239100 0.61896600
vt 0.00174500 0.61893000
vt 0.00112600 0.61887000
vt 0.00054900 0.61878700
vt 0.00002800 0.61868500
vt 0.58826800 0.20833800
vt 0.58780700 0.20816100
vt 0.58728600 0.20796500
vt 0.58672000 0.20775500
vt 0.58612100 0.20753700
vt 0.00245700 0.61189100
vt 0.00181200 0.61184000
vt 0.00119300 0.61175700
vt 0.00061700 0.61164400
vt 0.00009600 0.61150200
vt 0.59041200 0.20133500
vt 0.58996800 0.20111300
vt 0.58946700 0.20086800
vt 0.58892100 0.20060400
vt 0.58834400 0.20032900
vt 0.00256200 0.60498800
vt 0.00191700 0.60492400
vt 0.00129900 0.60481900
vt 0.00072300 0.60467500
vt 0.00020300 0.60449600
vt 0.59323200 0.19457700
vt 0.59281000 0.19431300
vt 0.59233200 0.19402100
vt 0.59181300 0.19370600
vt 0.59126300 0.19337700
vt 0.00270400 0.59832500
vt 0.00205900 0.59824800
vt 0.00144200 0.59812200
vt 0.00086600 0.59794900
vt 0.00034800 0.59773400
vt 0.59670100 0.18812800
vt 0.59630300 0.18782500
vt 0.59585400 0.18748800
vt 0.59536500 0.18712500
vt 0.59484700 0.18674600
vt 0.00288200 0.59196500
vt 0.00223700 0.59187600
vt 0.00162000 0.59173000
vt 0.00104600 0.59153000
vt 0.00052800 0.59128100
vt 0.60078400 0.18205200
vt 0.60041500 0.18171200
vt 0.59999800 0.18133400
vt 0.59954400 0.18092600
vt 0.59906300 0.18049900
vt 0.00309400 0.58596900
vt 0.00245000 0.58586900
vt 0.00183300 0.58570500
vt 0.00126000 0.58548000
vt 0.00074400 0.58519900
vt 0.60544300 0.17640500
vt 0.60510500 0.17603200
vt 0.60472400 0.17561600
vt 0.60430800 0.17516700
vt 0.60386800 0.17469700
vt 0.00333800 0.58039600
vt 0.00269400 0.58028600
vt 0.00207900 0.58010400
vt 0.00150700 0.57985600
vt 0.60572700 0.17672700
vt 0.61088700 0.17159100
vt 0.61063100 0.17124300
vt 0.61032900 0.17083900
vt 0.60998700 0.17038900
vt 0.60961300 0.16990400
vt 0.60921700 0.16939500
vt 0.81139000 0.99631100
vt 0.81650200 0.99594700
vt 0.81148500 0.99695700
vt 0.81660800 0.99659200
vt 0.81164300 0.99757600
vt 0.81678300 0.99721000
vt 0.81185900 0.99815400
vt 0.81702300 0.99778700
vt 0.61652400 0.16698500
vt 0.61630100 0.16661400
vt 0.61603500 0.16618400
vt 0.61573500 0.16570300
vt 0.61540600 0.16518500
vt 0.61505700 0.16464200
vt 0.80580300 0.99663600
vt 0.80588700 0.99728200
vt 0.80602600 0.99790200
vt 0.80621700 0.99848200
vt 0.62258600 0.16295400
vt 0.62239600 0.16256400
vt 0.62217000 0.16210900
vt 0.62191300 0.16160300
vt 0.62163200 0.16105600
vt 0.62133400 0.16048300
vt 0.79979500 0.99691800
vt 0.79986800 0.99756500
vt 0.79998700 0.99818600
vt 0.80015100 0.99876700
vt 0.80035500 0.99929200
vt 0.80645400 0.99900500
vt 0.62885800 0.15912900
vt 0.62867300 0.15865600
vt 0.62846300 0.15812700
vt 0.62823100 0.15755700
vt 0.62798500 0.15695900
vt 0.79342500 0.99715600
vt 0.79348500 0.99780300
vt 0.79358400 0.99842500
vt 0.79372000 0.99900600
vt 0.79388900 0.99953300
vt 0.63562600 0.15634500
vt 0.63548300 0.15585500
vt 0.63532000 0.15530900
vt 0.63514100 0.15472000
vt 0.63494900 0.15410200
vt 0.78675400 0.99734600
vt 0.78680100 0.99799300
vt 0.78687900 0.99861600
vt 0.78698600 0.99919800
vt 0.78711800 0.99972500
vt 0.64263300 0.15423600
vt 0.64253400 0.15373500
vt 0.64242000 0.15317600
vt 0.64229400 0.15257300
vt 0.64215800 0.15193900
vt 0.77984600 0.99748700
vt 0.77987900 0.99813500
vt 0.77993500 0.99875800
vt 0.78001200 0.99934000
vt 0.78010800 0.99986800
vt 0.64981400 0.15282400
vt 0.64975900 0.15231500
vt 0.64969500 0.15174800
vt 0.64962200 0.15113400
vt 0.64954400 0.15049200
vt 0.77276700 0.99757800
vt 0.77278700 0.99822600
vt 0.77282000 0.99884900
vt 0.77286700 0.99943200
vt 0.77292500 0.99996000
vt 0.65709800 0.15212200
vt 0.65708900 0.15160900
vt 0.65707500 0.15103700
vt 0.65705700 0.15042000
vt 0.65703500 0.14977200
vt 0.76558600 0.99761700
vt 0.76559300 0.99826500
vt 0.76560300 0.99888800
vt 0.76561900 0.99947100
vt 0.76563800 1.00000000
vt 0.66441600 0.15213600
vt 0.66445200 0.15162400
vt 0.66448800 0.15105200
vt 0.66452500 0.15043500
vt 0.66456100 0.14978800
vt 0.00305000 0.84174200
vt 0.00240400 0.84171400
vt 0.00178500 0.84166600
vt 0.00120700 0.84160000
vt 0.00068600 0.84151800
vt 0.57797900 0.43118800
vt 0.57752600 0.43103600
vt 0.57701500 0.43086800
vt 0.57645800 0.43068800
vt 0.57586900 0.43050200
vt 0.00305000 0.84174200
vt 0.00240400 0.84171400
vt 0.57326700 0.30838100
vt 0.56962900 0.38031700
vt 0.98232600 0.57040100
vt 0.98216000 0.49844200
vt 0.98168500 0.49768300
vt 0.98185200 0.57003300
vt 0.63333600 0.57976400
vt 0.64279700 0.58071400
vt 0.14440200 0.22972700
vt 0.14445200 0.22022800
vt 0.14395400 0.22019200
vt 0.14390400 0.22972700
vt 0.14390400 0.22972700
vt 0.14395400 0.22019200
vt 0.62401700 0.57789000
vt 0.14460000 0.21082300
vt 0.14410300 0.21075200
vt 0.14410300 0.21075200
vt 0.61492600 0.57511100
vt 0.14484700 0.20160100
vt 0.14435000 0.20149600
vt 0.14435000 0.20149600
vt 0.60615100 0.57145300
vt 0.14518800 0.19265100
vt 0.14469300 0.19251100
vt 0.14469300 0.19251100
vt 0.59777800 0.56695200
vt 0.14562100 0.18405900
vt 0.14512700 0.18388500
vt 0.14512700 0.18388500
vt 0.58988600 0.56165100
vt 0.58966900 0.56204600
vt 0.59759400 0.56736300
vt 0.14564900 0.17570100
vt 0.58255300 0.55560200
vt 0.58230500 0.55597800
vt 0.14625500 0.16803700
vt 0.57584800 0.54886300
vt 0.57557000 0.54921800
vt 0.14693700 0.16096800
vt 0.56983700 0.54149800
vt 0.56953100 0.54182900
vt 0.98267200 0.73794100
vt 0.98230200 0.73118500
vt 0.56457700 0.53358100
vt 0.56424400 0.53388500
vt 0.98197100 0.72380200
vt 0.56012000 0.52518600
vt 0.55976200 0.52546100
vt 0.98168100 0.71586100
vt 0.55650700 0.51639600
vt 0.55612600 0.51663900
vt 0.98143600 0.70744100
vt 0.55377400 0.50729400
vt 0.98190700 0.70715100
vt 0.98171000 0.69836200
vt 0.98123800 0.69862100
vt 0.98143600 0.70744100
vt 0.55194600 0.49797000
vt 0.98156200 0.68926300
vt 0.98108900 0.68948600
vt 0.55104200 0.48851300
vt 0.98146400 0.67993900
vt 0.98099100 0.68012600
vt 0.55106800 0.47901400
vt 0.98141700 0.67048300
vt 0.98094300 0.67063000
vt 0.55202600 0.46956500
vt 0.98142200 0.66098300
vt 0.98094700 0.66108900
vt 0.55390300 0.46025700
vt 0.98147800 0.65153300
vt 0.98100300 0.65159600
vt 0.55668300 0.45118000
vt 0.98158500 0.64222300
vt 0.98110900 0.64224100
vt 0.56033700 0.44242000
vt 0.98174100 0.63314200
vt 0.98126600 0.63311600
vt 0.56510900 0.43407600
vt 0.98196100 0.62436500
vt 0.98148700 0.62429300
vt 0.57807600 0.21320800
vt 0.57587700 0.25673900
vt 0.98204100 0.44678200
vt 0.98194000 0.40323700
vt 0.98146700 0.40316900
vt 0.98156600 0.44571600
vt 0.57936500 0.20511400
vt 0.98197000 0.39505300
vt 0.98149700 0.39494500
vt 0.58176400 0.19723700
vt 0.98206200 0.38697500
vt 0.98159000 0.38682600
vt 0.58492300 0.18963200
vt 0.98219700 0.37909400
vt 0.98172600 0.37890500
vt 0.58881300 0.18237400
vt 0.58492300 0.18963200
vt 0.58881300 0.18237400
vt 0.58845700 0.18210100
vt 0.58454600 0.18939500
vt 0.98190400 0.37125800
vt 0.59339500 0.17553300
vt 0.59339500 0.17553300
vt 0.59306500 0.17522600
vt 0.98212200 0.36395800
vt 0.59862600 0.16917300
vt 0.59832400 0.16883600
vt 0.98237900 0.35707700
vt 0.60445600 0.16335800
vt 0.60418500 0.16299300
vt 0.98267200 0.35068100
vt 0.61082800 0.15814200
vt 0.61059100 0.15775200
vt 0.14614600 0.16075600
vt 0.14573900 0.15488800
vt 0.61768100 0.15357600
vt 0.61747900 0.15316500
vt 0.14537800 0.14847700
vt 0.62495000 0.14970400
vt 0.62478500 0.14927600
vt 0.14506700 0.14158200
vt 0.63256400 0.14656400
vt 0.63243700 0.14612200
vt 0.14480800 0.13427100
vt 0.64044900 0.14418600
vt 0.64036100 0.14373300
vt 0.14460400 0.12661400
vt 0.64853000 0.14259300
vt 0.14508400 0.12647500
vt 0.14493700 0.11858500
vt 0.14445600 0.11868600
vt 0.14460400 0.12661400
vt 0.14445600 0.11868600
vt 0.65672900 0.14180000
vt 0.14484900 0.11050100
vt 0.14436800 0.11056100
vt 0.14436800 0.11056100
vt 0.66496900 0.14181500
vt 0.14481900 0.10229600
vt 0.14433800 0.10231600
vt 0.14433800 0.10231600
vt 0.56723300 0.42781500
vt 0.98204600 0.61792200
vt 0.98157200 0.61783300
vt 0.65919700 0.69277200
vt 0.65742800 0.69276900
vt 0.65752200 0.70313300
vt 0.65929100 0.70313700
vt 0.65983100 0.59778000
vt 0.65806200 0.59777700
vt 0.65786600 0.60724000
vt 0.65963500 0.60724400
vt 0.65769900 0.61721000
vt 0.65946800 0.61721400
vt 0.30148100 0.52237500
vt 0.29972100 0.52237500
vt 0.30000600 0.53306200
vt 0.30176600 0.53306200
vt 0.30040100 0.54343500
vt 0.30216100 0.54343500
vt 0.65764800 0.71308100
vt 0.65941700 0.71308500
vt 0.65780400 0.72251700
vt 0.65957300 0.72252100
vt 0.65756200 0.62759200
vt 0.65933200 0.62759600
vt 0.65745700 0.63828500
vt 0.65922600 0.63828900
vt 0.30090300 0.55339400
vt 0.30266200 0.55339400
vt 0.30150500 0.56284400
vt 0.30326500 0.56284400
vt 0.65799000 0.73135000
vt 0.65975900 0.73135400
vt 0.94736000 0.58975600
vt 0.94736000 0.58799100
vt 0.93441800 0.58745600
vt 0.93441800 0.58922100
vt 0.65738400 0.64918700
vt 0.65915400 0.64919100
vt 0.65734500 0.66019200
vt 0.65911400 0.66019600
vt 0.30220400 0.57169200
vt 0.30396400 0.57169200
vt 0.30299100 0.57985600
vt 0.30475100 0.57985600
vt 0.65733900 0.67119400
vt 0.65910800 0.67119800
vt 0.65736700 0.68208800
vt 0.65913600 0.68209200
vt 0.66030000 0.58073500
vt 0.65853100 0.58073100
vt 0.65828400 0.58891200
vt 0.66005300 0.58891600
vt 0.29954900 0.51147700
vt 0.30130900 0.51147700
vt 0.62170400 0.71024800
vt 0.36004800 0.70968800
vt 0.36009400 0.71774000
vt 0.62175000 0.71830000
vt 0.36016500 0.72555400
vt 0.62182000 0.72611400
vt 0.36026800 0.73305300
vt 0.62192300 0.73361300
vt 0.82202500 0.31622800
vt 0.82202500 0.57652300
vt 0.83008200 0.57630800
vt 0.83008200 0.31601300
vt 0.83790300 0.57601100
vt 0.83790300 0.31571500
vt 0.84541100 0.57563300
vt 0.84541100 0.31533700
vt 0.85253500 0.57517800
vt 0.85253500 0.31488300
vt 0.85920700 0.57465200
vt 0.85920700 0.31435600
vt 0.86536100 0.57405800
vt 0.86536100 0.31376300
vt 0.62258100 0.63383400
vt 0.36092600 0.63327400
vt 0.36074000 0.63944200
vt 0.62239500 0.64000200
vt 0.36057200 0.64612500
vt 0.62222700 0.64668500
vt 0.36042500 0.65325900
vt 0.62208000 0.65381900
vt 0.36029900 0.66077600
vt 0.62195400 0.66133600
vt 0.79507600 0.17948300
vt 0.74534300 0.17515600
vt 0.36019600 0.66860300
vt 0.62185100 0.66916300
vt 0.36011600 0.67666500
vt 0.62177200 0.67722500
vt 0.36006200 0.68488400
vt 0.62171700 0.68544400
vt 0.36003200 0.69318000
vt 0.62168700 0.69374000
vt 0.36002700 0.70147500
vt 0.62168300 0.70203500
vt 0.64455700 0.71627700
vt 0.64515100 0.72438600
vt 0.79668800 0.17076300
vt 0.74744500 0.16434300
vt 0.79909200 0.16223700
vt 0.75059200 0.15378900
vt 0.80226400 0.15397800
vt 0.75475300 0.14359600
vt 0.80617500 0.14606000
vt 0.75989000 0.13386200
vt 0.81078700 0.13855300
vt 0.76595100 0.12468000
vt 0.81606000 0.13152200
vt 0.77288000 0.11613900
vt 0.82194300 0.12503000
vt 0.78060900 0.10832100
vt 0.82838300 0.11913300
vt 0.78906400 0.10130300
vt 0.83532000 0.11388300
vt 0.79816300 0.09515000
vt 0.84269200 0.10932700
vt 0.80781900 0.08992200
vt 0.81380900 0.31635800
vt 0.81380900 0.57665300
vt 0.85043200 0.10550500
vt 0.81793900 0.08567000
vt 0.85847000 0.10245400
vt 0.82842500 0.08243600
vt 0.86673700 0.10020400
vt 0.83917700 0.08024800
vt 0.87515900 0.09878100
vt 0.85009000 0.07913000
vt 0.88366600 0.09820700
vt 0.86106000 0.07909100
vt 0.89218600 0.09850200
vt 0.87198100 0.08013300
vt 0.65733900 0.67119400
vt 0.64292000 0.69084500
vt 0.64342500 0.69943400
vt 0.65736700 0.68208800
vt 0.64397500 0.70793500
vt 0.65742800 0.69276900
vt 0.80020800 0.17992000
vt 0.80474200 0.18029000
vt 0.81385200 0.31113900
vt 0.81397500 0.30617800
vt 0.80181000 0.17141800
vt 0.80633400 0.17197200
vt 0.82211200 0.31100600
vt 0.82235800 0.30603900
vt 0.80420200 0.16311000
vt 0.80871600 0.16384800
vt 0.83021200 0.31078800
vt 0.83058200 0.30581000
vt 0.80736000 0.15507000
vt 0.81186300 0.15599500
vt 0.83807600 0.31048500
vt 0.83857100 0.30549100
vt 0.81125600 0.14737400
vt 0.81574700 0.14848700
vt 0.84562900 0.31009900
vt 0.84624900 0.30508500
vt 0.81585300 0.14009100
vt 0.82033000 0.14139300
vt 0.85279800 0.30963600
vt 0.85354600 0.30459600
vt 0.82110700 0.13328700
vt 0.82556800 0.13478100
vt 0.85951400 0.30909800
vt 0.86039100 0.30402800
vt 0.82696800 0.12702400
vt 0.83141100 0.12871200
vt 0.86571500 0.30849200
vt 0.86672100 0.30338400
vt 0.83338300 0.12135800
vt 0.83780500 0.12324300
vt 0.63337500 0.63015400
vt 0.62797300 0.63288300
vt 0.62780100 0.63905500
vt 0.63324000 0.63633900
vt 0.84029100 0.11634200
vt 0.84468700 0.11842500
vt 0.62764900 0.64574400
vt 0.63313200 0.64304300
vt 0.84762700 0.11202200
vt 0.85199400 0.11430400
vt 0.62751900 0.65288500
vt 0.63305400 0.65020400
vt 0.85532500 0.10843500
vt 0.63784100 0.64618300
vt 0.63300600 0.65775300
vt 0.63788100 0.65376900
vt 0.62741400 0.66041000
vt 0.86331200 0.10561900
vt 0.63299200 0.66562000
vt 0.63796500 0.66168100
vt 0.62733400 0.66824800
vt 0.87151700 0.10359800
vt 0.63301300 0.67373200
vt 0.63809700 0.66984700
vt 0.62728000 0.67632300
vt 0.87986500 0.10239800
vt 0.63306900 0.68201200
vt 0.63827600 0.67819500
vt 0.62725400 0.68455700
vt 0.64208300 0.67368700
vt 0.63850500 0.68664900
vt 0.64247100 0.68223900
vt 0.63316200 0.69038300
vt 0.62725600 0.69287400
vt 0.63878000 0.69513600
vt 0.63329000 0.69876900
vt 0.62728600 0.70119200
vt 0.63910000 0.70358100
vt 0.63345300 0.70709200
vt 0.62734400 0.70943400
vt 0.63945700 0.71191000
vt 0.63364700 0.71527600
vt 0.62742900 0.71752000
vt 0.63984300 0.72005000
vt 0.63386700 0.72324500
vt 0.62753800 0.72537400
vt 0.64024700 0.72792600
vt 0.63410800 0.73092300
vt 0.62770500 0.73291800
vt 0.94651700 0.57564000
vt 0.94215700 0.57037800
vt 0.36026200 0.73860400
vt 0.62205700 0.73916400
vt 0.62757500 0.73917600
vt 0.64296900 0.73920900
vt 0.65836400 0.73924200
vt 0.93441800 0.55673300
vt 0.93133900 0.55674400
vt 0.93133900 0.57210500
vt 0.93441800 0.57209500
vt 0.93133900 0.58746600
vt 0.93441800 0.58745600
vt 0.93441800 0.29000600
vt 0.93133900 0.29001700
vt 0.93133900 0.55123900
vt 0.93441800 0.55122800
vt 0.93133900 0.58923200
vt 0.93441800 0.58922100
vt 0.36032700 0.88869000
vt 0.36020200 0.95454900
vt 0.71161000 0.95530100
vt 0.71173500 0.88944200
vt 0.36022000 0.96167800
vt 0.71162800 0.96243100
vt 0.36026000 0.96866800
vt 0.71166800 0.96942000
vt 0.36032100 0.97545100
vt 0.71173000 0.97620300
vt 0.36040400 0.98196100
vt 0.71181200 0.98271300
vt 0.36050600 0.98813600
vt 0.71191400 0.98888900
vt 0.36062800 0.99391700
vt 0.71203600 0.99466900
vt 0.36076700 0.99924800
vt 0.71217500 1.00000000
vt 0.71268300 0.99452500
vt 0.71824700 0.99486900
vt 0.71880100 0.64423000
vt 0.71323800 0.64388600
vt 0.72423300 0.99517200
vt 0.72478800 0.64453300
vt 0.73058500 0.99543100
vt 0.73113900 0.64479200
vt 0.73724000 0.99564400
vt 0.73779400 0.64500500
vt 0.74413500 0.99580900
vt 0.74468900 0.64517000
vt 0.75120400 0.99592400
vt 0.75175800 0.64528500
vt 0.75837700 0.99598800
vt 0.75893100 0.64534900
vt 0.75397800 0.59307000
vt 0.75397800 0.59808600
vt 0.75741100 0.59809700
vt 0.75741100 0.59308200
vt 0.75683200 0.64050100
vt 0.75867100 0.64050100
vt 0.75867100 0.63547900
vt 0.75683200 0.63547900
vt 0.75134200 0.63547900
vt 0.75134200 0.64050100
vt 0.75476400 0.64050100
vt 0.75476400 0.63547900
vt 0.29651900 0.36113500
vt 0.29649200 0.36288500
vt 0.30151200 0.36288800
vt 0.30153800 0.36113800
vt 0.75191800 0.59308200
vt 0.75011200 0.59313000
vt 0.75011200 0.59814600
vt 0.75191800 0.59809800
vt 0.30151200 0.41938900
vt 0.30150300 0.41736200
vt 0.29648300 0.41736000
vt 0.29649200 0.41938700
vt 0.30153800 0.42109200
vt 0.29651800 0.42108900
vt 0.29648300 0.36493000
vt 0.30150300 0.36493200
vt 0.80503700 0.64050400
vt 0.80521800 0.64223100
vt 0.80644100 0.64198700
vt 0.80575600 0.64036100
vt 0.80539200 0.64369300
vt 0.80704200 0.64336500
vt 0.75401200 0.60133600
vt 0.75398700 0.59982700
vt 0.75202800 0.59983900
vt 0.75234100 0.60134600
vt 0.80724500 0.64145000
vt 0.80599000 0.64020500
vt 0.80833100 0.64250300
vt 0.75034000 0.59988400
vt 0.75099300 0.60138200
vt 0.80778200 0.64064500
vt 0.80614500 0.63997200
vt 0.80919200 0.64121400
vt 0.30475100 0.36207300
vt 0.30327100 0.36138100
vt 0.30324700 0.36301600
vt 0.30473200 0.36337900
vt 0.80802600 0.63942200
vt 0.80628800 0.63925200
vt 0.80952000 0.63956400
vt 0.30323800 0.36496000
vt 0.30472400 0.36503600
vt 0.80575600 0.58659200
vt 0.80644100 0.58496400
vt 0.80521800 0.58472000
vt 0.80503700 0.58644800
vt 0.80704200 0.58358200
vt 0.80539200 0.58325300
vt 0.75645100 0.64369300
vt 0.75673300 0.64222800
vt 0.75476700 0.64222800
vt 0.75477500 0.64369300
vt 0.80599000 0.58674800
vt 0.80724500 0.58550100
vt 0.80833100 0.58444300
vt 0.75782500 0.64369300
vt 0.75845100 0.64222800
vt 0.80614500 0.58698100
vt 0.80778200 0.58630600
vt 0.80919200 0.58573200
vt 0.30473200 0.41885000
vt 0.30324700 0.41925000
vt 0.30327100 0.42084000
vt 0.30475100 0.42012100
vt 0.80628800 0.58770000
vt 0.80802600 0.58753000
vt 0.80952000 0.58738300
vt 0.30472400 0.41720600
vt 0.30323800 0.41732200
vt 0.80205200 0.58472000
vt 0.80204100 0.58644800
vt 0.80208300 0.58325300
vt 0.75137800 0.64222800
vt 0.75148200 0.64369300
vt 0.80204100 0.64050400
vt 0.80205200 0.64223000
vt 0.80208300 0.64369200
vt 0.75731400 0.60134800
vt 0.75738600 0.59983900
vt 0.89720600 0.25872800
vt 0.89720600 0.30338000
vt 0.89893300 0.30338100
vt 0.89893300 0.25838500
vt 0.90039800 0.30338100
vt 0.90039800 0.25740800
vt 0.90137600 0.30338200
vt 0.90137600 0.25594400
vt 0.89218600 0.25872600
vt 0.89218600 0.30337800
vt 0.89893300 0.19600200
vt 0.89893300 0.15399400
vt 0.89720600 0.15399400
vt 0.89720600 0.19565700
vt 0.90039800 0.19698100
vt 0.90039800 0.15399500
vt 0.90137600 0.19844500
vt 0.90137600 0.15399600
vt 0.89218600 0.15397900
vt 0.89218600 0.19565500
vt 0.90171900 0.20017300
vt 0.90698500 0.20017500
vt 0.90698500 0.19844800
vt 0.90698500 0.25594600
vt 0.90698500 0.25421900
vt 0.90171900 0.25421700
vt 0.90698500 0.15399800
vt 0.90698500 0.30338400
vt 0.14511600 0.04785600
vt 0.12914100 0.04780100
vt 0.12877900 0.05468800
vt 0.14475400 0.05474300
vt 0.94875800 0.46855100
vt 0.96437700 0.46857700
vt 0.96445300 0.42061900
vt 0.94844300 0.42059300
vt 0.14347400 0.24872700
vt 0.12793600 0.24872700
vt 0.12818400 0.25799600
vt 0.14372100 0.25799600
vt 0.12846700 0.06199500
vt 0.14444300 0.06205000
vt 0.12820800 0.06965100
vt 0.14418300 0.06970600
vt 0.12800400 0.07758300
vt 0.14397900 0.07763800
vt 0.12785600 0.08571500
vt 0.14383100 0.08577000
vt 0.65200100 0.56933600
vt 0.65228500 0.58010400
vt 0.66169700 0.57919100
vt 0.66059400 0.56851900
vt 0.12776700 0.09396900
vt 0.14374200 0.09402300
vt 0.14406400 0.26699400
vt 0.12852600 0.26699400
vt 0.12896100 0.27563200
vt 0.14449800 0.27563200
vt 0.66906700 0.56687000
vt 0.67097300 0.57735700
vt 0.68002300 0.57462200
vt 0.67734100 0.56440600
vt 0.14502100 0.28382900
vt 0.12948400 0.28382900
vt 0.13009000 0.29150400
vt 0.14562700 0.29150400
vt 0.68533600 0.56114900
vt 0.68876100 0.57100900
vt 0.69710000 0.56655600
vt 0.69297900 0.55713100
vt 0.94810300 0.58973000
vt 0.96372100 0.58975600
vt 0.96393200 0.58266000
vt 0.94831300 0.58263400
vt 0.70019600 0.55238700
vt 0.70496000 0.56130400
vt 0.71226700 0.55530700
vt 0.70692000 0.54696200
vt 0.94850200 0.57494500
vt 0.96412100 0.57497100
vt 0.96428700 0.56676300
vt 0.94866800 0.56673700
vt 0.71308600 0.54090700
vt 0.71894700 0.54862100
vt 0.72493800 0.54131100
vt 0.71863500 0.53427800
vt 0.94880900 0.55808900
vt 0.96442700 0.55811500
vt 0.96454200 0.54911000
vt 0.94892300 0.54908400
vt 0.72351400 0.52713600
vt 0.73018100 0.53344900
vt 0.73462700 0.52511100
vt 0.72767600 0.51954900
vt 0.94901000 0.53980900
vt 0.96462800 0.53983500
vt 0.96468700 0.53037900
vt 0.94906800 0.53035300
vt 0.73107900 0.51158600
vt 0.73823200 0.51637800
vt 0.74096200 0.50733500
vt 0.73369100 0.50332300
vt 0.94909800 0.52080800
vt 0.96471700 0.52083300
vt 0.96471700 0.51129000
vt 0.94909800 0.51126400
vt 0.73548200 0.49483800
vt 0.74279200 0.49806900
vt 0.74370400 0.48867000
vt 0.73643500 0.48620900
vt 0.94869200 0.24544200
vt 0.96470200 0.24546800
vt 0.96465300 0.23742700
vt 0.94864200 0.23740000
vt 0.94907000 0.50181500
vt 0.96468800 0.50184100
vt 0.96463100 0.49257700
vt 0.94901200 0.49255100
vt 0.96457800 0.22962300
vt 0.94856800 0.22959700
vt 0.73653600 0.47752000
vt 0.74369100 0.47922900
vt 0.74275500 0.46983700
vt 0.73578000 0.46885300
vt 0.96448000 0.22213300
vt 0.94846900 0.22210700
vt 0.94892700 0.48356200
vt 0.96454500 0.48358700
vt 0.96442300 0.47496000
vt 0.94880400 0.47493400
vt 0.96435800 0.21502800
vt 0.94834800 0.21500200
vt 0.73416900 0.46029400
vt 0.74090400 0.46058500
vt 0.73816000 0.45155900
vt 0.73171600 0.45192500
vt 0.96421500 0.20837700
vt 0.94820500 0.20835100
vt 0.96405200 0.20224500
vt 0.94804200 0.20221800
vt 0.14552300 0.04145600
vt 0.12954800 0.04140100
vt 0.35935900 0.97544900
vt 0.35944200 0.98195900
vt 0.35920300 0.72555200
vt 0.35930500 0.73305100
vt 0.35954400 0.98813400
vt 0.36035800 0.73859700
vt 0.35939600 0.73859500
vt 0.35959600 0.78028500
vt 0.36055800 0.78028700
vt 0.35966500 0.99391500
vt 0.36042800 0.84337100
vt 0.35946600 0.84336900
vt 0.35936500 0.88868700
vt 0.35980500 0.99924600
vt 0.71268200 0.99548500
vt 0.71824600 0.99582900
vt 0.35939600 0.73859500
vt 0.36035800 0.73859700
vt 0.72423200 0.99613200
vt 0.73058300 0.99639100
vt 0.81380900 0.57761000
vt 0.73723900 0.99660400
vt 0.82202500 0.57748000
vt 0.74413400 0.99676900
vt 0.83008200 0.57726600
vt 0.75120200 0.99688400
vt 0.83790300 0.57696800
vt 0.75837600 0.99694800
vt 0.84541100 0.57659000
vt 0.85253500 0.57613500
vt 0.85920700 0.57560900
vt 0.86536100 0.57501500
vt 0.35996400 0.63327200
vt 0.35977800 0.63944000
vt 0.35961000 0.64612300
vt 0.35946300 0.65325700
vt 0.35933700 0.66077400
vt 0.35923400 0.66860100
vt 0.94864000 0.29587600
vt 0.96465000 0.29590300
vt 0.96471700 0.25367100
vt 0.94870700 0.25364500
vt 0.35915400 0.67666300
vt 0.35909900 0.68488200
vt 0.35907000 0.69317800
vt 0.35924000 0.95454700
vt 0.35906500 0.70147300
vt 0.35925800 0.96167600
vt 0.35908600 0.70968600
vt 0.35929800 0.96866600
vt 0.35913200 0.71773800
vt 0.73565200 0.27905400
vt 0.74134400 0.26667000
vt 0.74361500 0.22177600
vt 0.73817500 0.22260900
vt 0.74315300 0.21364800
vt 0.73741400 0.21506300
vt 0.74157500 0.20562300
vt 0.73591300 0.20760600
vt 0.73921900 0.19779100
vt 0.73368800 0.20033400
vt 0.73427200 0.44283400
vt 0.72817900 0.44381900
vt 0.73610700 0.19022700
vt 0.73076300 0.19331800
vt 0.12778700 0.23927400
vt 0.14332500 0.23927400
vt 0.73226800 0.18300300
vt 0.72716600 0.18662300
vt 0.72513800 0.43795600
vt 0.73279000 0.43641200
vt 0.73515400 0.38929500
vt 0.72961400 0.39379200
vt 0.72773900 0.17618900
vt 0.72293300 0.18031400
vt 0.96456800 0.34804100
vt 0.94855700 0.34801500
vt 0.72256400 0.16985200
vt 0.71810500 0.17445000
vt 0.73297500 0.32715300
vt 0.73875700 0.31789300
vt 0.71679200 0.16405200
vt 0.71272900 0.16908700
vt 0.71047900 0.15884600
vt 0.70685600 0.16427600
vt 0.70368600 0.15428400
vt 0.70054300 0.16006200
vt 0.69647800 0.15041000
vt 0.69385000 0.15648500
vt 0.68892500 0.14726200
vt 0.68684100 0.15357900
vt 0.68110000 0.14487000
vt 0.67958200 0.15137100
vt 0.67307800 0.14325700
vt 0.67214400 0.14988200
vt 0.13077300 0.29858400
vt 0.14631000 0.29858400
vt 0.35894000 0.78032900
vt 0.35881000 0.84345700
vt 0.35829700 0.78046200
vt 0.35816700 0.84372500
vt 0.35768300 0.78068200
vt 0.35755200 0.84416400
vt 0.35711300 0.78098300
vt 0.35698200 0.84476500
vt 0.35660100 0.78135700
vt 0.35646900 0.84551100
vt 0.72657200 0.39626200
vt 0.72709000 0.39584100
vt 0.73034700 0.33134700
vt 0.72980700 0.33220300
vt 0.72766900 0.39537200
vt 0.73094900 0.33038900
vt 0.72829200 0.39486500
vt 0.73159800 0.32935300
vt 0.72894600 0.39433400
vt 0.73227900 0.32826600
vt 0.81381300 0.57826700
vt 0.81382500 0.57891900
vt 0.81384500 0.57955000
vt 0.81387200 0.58014400
vt 0.81390600 0.58068800
vt 0.65191600 0.56683000
vt 0.65189200 0.56632700
vt 0.65193900 0.56739800
vt 0.65196100 0.56801500
vt 0.65198200 0.56866600
vt 0.82203300 0.57813700
vt 0.82205700 0.57878900
vt 0.82209700 0.57941900
vt 0.82215100 0.58001400
vt 0.82221800 0.58055700
vt 0.66031600 0.56602400
vt 0.66025300 0.56552300
vt 0.66038300 0.56658900
vt 0.66045300 0.56720300
vt 0.66052400 0.56785200
vt 0.83009400 0.57792200
vt 0.83013000 0.57857400
vt 0.83018900 0.57920400
vt 0.83027000 0.57979800
vt 0.83036900 0.58034000
vt 0.66859700 0.56440100
vt 0.66849500 0.56390500
vt 0.66870800 0.56496000
vt 0.66882500 0.56556700
vt 0.66894600 0.56620900
vt 0.83791900 0.57762400
vt 0.83796600 0.57827500
vt 0.83804500 0.57890500
vt 0.83815100 0.57949800
vt 0.83828400 0.58004000
vt 0.67668000 0.56197700
vt 0.67654000 0.56148900
vt 0.67683400 0.56252700
vt 0.67699900 0.56312500
vt 0.67716900 0.56375600
vt 0.84543100 0.57724600
vt 0.84549000 0.57789700
vt 0.84558700 0.57852600
vt 0.84572000 0.57911800
vt 0.84588400 0.57965800
vt 0.68448800 0.55877500
vt 0.68430900 0.55829800
vt 0.68468500 0.55931200
vt 0.68489500 0.55989700
vt 0.68511400 0.56051400
vt 0.85255900 0.57679200
vt 0.85263000 0.57744200
vt 0.85274500 0.57807000
vt 0.85290300 0.57866100
vt 0.85309900 0.57920000
vt 0.69194600 0.55482600
vt 0.69173000 0.55436300
vt 0.69218500 0.55534700
vt 0.69244100 0.55591500
vt 0.69270800 0.55651400
vt 0.85923400 0.57626500
vt 0.85931500 0.57691400
vt 0.85944900 0.57754100
vt 0.85963100 0.57813100
vt 0.85985700 0.57866800
vt 0.69898300 0.55016600
vt 0.69873000 0.54972000
vt 0.69926300 0.55066800
vt 0.69956300 0.55121500
vt 0.69987700 0.55179200
vt 0.86539200 0.57567100
vt 0.86548400 0.57632000
vt 0.86563500 0.57694600
vt 0.86584100 0.57753400
vt 0.69851100 0.54934200
vt 0.70524400 0.54441500
vt 0.70499400 0.54405400
vt 0.70553200 0.54484000
vt 0.70585200 0.54532000
vt 0.70619500 0.54584300
vt 0.70655400 0.54639400
vt 0.35930800 0.63322800
vt 0.35912200 0.63939800
vt 0.35866700 0.63309800
vt 0.35848100 0.63927600
vt 0.35805600 0.63288600
vt 0.35786900 0.63907600
vt 0.35749000 0.63259700
vt 0.35730300 0.63880500
vt 0.71120700 0.53849700
vt 0.71092900 0.53815600
vt 0.71152900 0.53889900
vt 0.71188700 0.53935300
vt 0.71227200 0.53984700
vt 0.71267500 0.54036900
vt 0.35895400 0.64608400
vt 0.35831300 0.64597000
vt 0.35770100 0.64578500
vt 0.35713300 0.64553200
vt 0.71656400 0.53202300
vt 0.71625800 0.53170400
vt 0.71691800 0.53239900
vt 0.71731300 0.53282400
vt 0.71773800 0.53328600
vt 0.71818200 0.53377500
vt 0.35880700 0.65322100
vt 0.35816500 0.65311700
vt 0.35755200 0.65294700
vt 0.35698400 0.65271600
vt 0.35662500 0.64521900
vt 0.35647500 0.65242900
vt 0.72164700 0.52540200
vt 0.72126200 0.52505500
vt 0.72207600 0.52579300
vt 0.72253700 0.52622000
vt 0.72302100 0.52667100
vt 0.35868100 0.66074100
vt 0.35803900 0.66064800
vt 0.35742600 0.66049500
vt 0.35685700 0.66028700
vt 0.35634700 0.66002900
vt 0.72566900 0.51797400
vt 0.72525600 0.51765900
vt 0.72613000 0.51832900
vt 0.72662600 0.51871700
vt 0.72714600 0.51912700
vt 0.35857800 0.66857200
vt 0.35793500 0.66849000
vt 0.35732200 0.66835500
vt 0.35675300 0.66817300
vt 0.35624200 0.66794600
vt 0.72894600 0.51018500
vt 0.72850700 0.50990600
vt 0.72943600 0.51050100
vt 0.72996300 0.51084600
vt 0.73051500 0.51121000
vt 0.35849800 0.67663800
vt 0.35785600 0.67656800
vt 0.35724200 0.67645300
vt 0.35667200 0.67629700
vt 0.35616000 0.67610400
vt 0.73144600 0.50211100
vt 0.73098500 0.50187000
vt 0.73196100 0.50238400
vt 0.73251600 0.50268200
vt 0.73309700 0.50299800
vt 0.35844300 0.68486100
vt 0.35780100 0.68480400
vt 0.35718600 0.68471000
vt 0.35661600 0.68458400
vt 0.35610400 0.68442600
vt 0.73314400 0.49382700
vt 0.73266300 0.49362700
vt 0.73368000 0.49405400
vt 0.73425800 0.49430200
vt 0.73486400 0.49456600
vt 0.35841400 0.69316300
vt 0.35777100 0.69311900
vt 0.35715600 0.69304800
vt 0.35658600 0.69295100
vt 0.35607300 0.69283200
vt 0.73402200 0.48541400
vt 0.73352600 0.48525800
vt 0.73457500 0.48559200
vt 0.73517100 0.48578700
vt 0.73579700 0.48599400
vt 0.35840900 0.70146200
vt 0.35776600 0.70143300
vt 0.35715100 0.70138500
vt 0.35658100 0.70132100
vt 0.35606800 0.70124100
vt 0.73407000 0.47695100
vt 0.73356300 0.47684100
vt 0.73463500 0.47707700
vt 0.73524400 0.47721700
vt 0.73588300 0.47736500
vt 0.35843000 0.70968000
vt 0.35778700 0.70966500
vt 0.35717200 0.70964200
vt 0.35660100 0.70961100
vt 0.35608800 0.70957200
vt 0.73328700 0.46852000
vt 0.73277500 0.46845700
vt 0.73385800 0.46859300
vt 0.73447400 0.46867400
vt 0.73512000 0.46876200
vt 0.35847600 0.71773700
vt 0.35783300 0.71773800
vt 0.35721800 0.71773900
vt 0.35664700 0.71774100
vt 0.35613400 0.71774500
vt 0.73167800 0.46020200
vt 0.73116500 0.46018900
vt 0.73224900 0.46022000
vt 0.73286400 0.46024100
vt 0.73351000 0.46026600
vt 0.35854700 0.72555600
vt 0.35790400 0.72557200
vt 0.35728900 0.72559800
vt 0.35671800 0.72563400
vt 0.35620500 0.72568000
vt 0.72925600 0.45207900
vt 0.72875100 0.45211500
vt 0.72982000 0.45204100
vt 0.73042800 0.45200200
vt 0.73106500 0.45196300
vt 0.35864900 0.73306100
vt 0.35800600 0.73309100
vt 0.35739200 0.73314200
vt 0.35682100 0.73321100
vt 0.35630900 0.73329800
vt 0.72579300 0.44421700
vt 0.72530300 0.44430300
vt 0.72634000 0.44412400
vt 0.72693000 0.44402400
vt 0.72754800 0.44392200
vt 0.35870800 0.88881200
vt 0.35858400 0.95455600
vt 0.35806500 0.88918400
vt 0.35794100 0.95458600
vt 0.35745000 0.88979500
vt 0.35732700 0.95463600
vt 0.35687900 0.89063000
vt 0.35675800 0.95470500
vt 0.35636600 0.89166900
vt 0.35624600 0.95479000
vt 0.73238300 0.28612700
vt 0.73294000 0.28492900
vt 0.73572600 0.22299700
vt 0.73522200 0.22308100
vt 0.73356100 0.28358800
vt 0.73628700 0.22290500
vt 0.73423100 0.28213800
vt 0.73689300 0.22280900
vt 0.73493400 0.28061400
vt 0.73752700 0.22270900
vt 0.35860200 0.96169000
vt 0.35795900 0.96173300
vt 0.35734600 0.96180500
vt 0.35677600 0.96190400
vt 0.35626500 0.96202700
vt 0.73500300 0.21566900
vt 0.73450700 0.21579700
vt 0.73555600 0.21552800
vt 0.73615200 0.21537700
vt 0.73677600 0.21522100
vt 0.35864200 0.96868400
vt 0.35799900 0.96874100
vt 0.35738600 0.96883600
vt 0.35681700 0.96896600
vt 0.35630600 0.96912800
vt 0.73356300 0.20843700
vt 0.73308000 0.20861100
vt 0.73410200 0.20824500
vt 0.73468200 0.20803900
vt 0.73529100 0.20782400
vt 0.35870300 0.97547100
vt 0.35806100 0.97554200
vt 0.35744800 0.97565800
vt 0.35687900 0.97581800
vt 0.35636900 0.97601600
vt 0.73142200 0.20138300
vt 0.73095500 0.20160100
vt 0.73194100 0.20114100
vt 0.73250200 0.20088100
vt 0.73308800 0.20061000
vt 0.35878600 0.98198600
vt 0.35814400 0.98206900
vt 0.35753100 0.98220600
vt 0.35696200 0.98239300
vt 0.35645200 0.98262700
vt 0.72860000 0.19457300
vt 0.72815500 0.19483300
vt 0.72909600 0.19428400
vt 0.72963100 0.19397400
vt 0.73019100 0.19364900
vt 0.35888800 0.98816500
vt 0.35824600 0.98826000
vt 0.35763400 0.98841600
vt 0.35706600 0.98863000
vt 0.72777100 0.19505800
vt 0.72470500 0.18837200
vt 0.72434300 0.18863100
vt 0.72512600 0.18807300
vt 0.72559400 0.18774000
vt 0.72609800 0.18738100
vt 0.72662700 0.18700600
vt 0.35901000 0.99395000
vt 0.35836800 0.99405500
vt 0.35775600 0.99422900
vt 0.35718900 0.99446700
vt 0.72064000 0.18228100
vt 0.72030200 0.18257100
vt 0.72103200 0.18194500
vt 0.72146900 0.18157000
vt 0.72193900 0.18116700
vt 0.72243100 0.18074500
vt 0.35915000 0.99928400
vt 0.35850800 0.99939900
vt 0.35789700 0.99958900
vt 0.35733000 0.99984900
vt 0.71599800 0.17661700
vt 0.71568700 0.17693600
vt 0.71635900 0.17624700
vt 0.71676000 0.17583500
vt 0.71719200 0.17539100
vt 0.71764400 0.17492500
vt 0.71264800 0.99614100
vt 0.71821600 0.99648500
vt 0.71255100 0.99678600
vt 0.71813000 0.99713100
vt 0.71239200 0.99740500
vt 0.71799000 0.99775000
vt 0.71217500 0.99798200
vt 0.71779800 0.99832900
vt 0.71082400 0.17143500
vt 0.71054200 0.17178000
vt 0.71115100 0.17103500
vt 0.71151400 0.17058800
vt 0.71190500 0.17010700
vt 0.71231300 0.16960200
vt 0.72420600 0.99678800
vt 0.72413200 0.99743400
vt 0.72401200 0.99805500
vt 0.72384700 0.99863500
vt 0.70516900 0.16678500
vt 0.70491800 0.16715300
vt 0.70545900 0.16635800
vt 0.70578100 0.16588100
vt 0.70612700 0.16536600
vt 0.70648800 0.16482700
vt 0.73056200 0.99704700
vt 0.73050100 0.99769400
vt 0.73040100 0.99831600
vt 0.73026400 0.99889700
vt 0.72364400 0.99916000
vt 0.73009600 0.99942300
vt 0.69933700 0.16226000
vt 0.69908600 0.16271100
vt 0.69961500 0.16175600
vt 0.69991400 0.16121300
vt 0.70022600 0.16064400
vt 0.73722200 0.99726100
vt 0.73717300 0.99790800
vt 0.73709500 0.99853000
vt 0.73698800 0.99911200
vt 0.73685500 0.99963900
vt 0.69284500 0.15878100
vt 0.69263400 0.15925200
vt 0.69307700 0.15825500
vt 0.69332600 0.15768800
vt 0.69358600 0.15709300
vt 0.74412100 0.99742500
vt 0.74408600 0.99807300
vt 0.74402900 0.99869600
vt 0.74395200 0.99927800
vt 0.74385700 0.99980600
vt 0.68604300 0.15595400
vt 0.68587500 0.15644200
vt 0.68622900 0.15541000
vt 0.68642700 0.15482300
vt 0.68663200 0.15420800
vt 0.75119400 0.99754100
vt 0.75117300 0.99818800
vt 0.75113800 0.99881100
vt 0.75109200 0.99939400
vt 0.75103400 0.99992300
vt 0.67899900 0.15380700
vt 0.67887400 0.15430600
vt 0.67913500 0.15324900
vt 0.67928100 0.15264700
vt 0.67943100 0.15201600
vt 0.75837200 0.99760400
vt 0.75836500 0.99825200
vt 0.75835300 0.99887600
vt 0.75833700 0.99945900
vt 0.75831800 0.99998700
vt 0.67177800 0.15235900
vt 0.67169800 0.15286700
vt 0.67186500 0.15179200
vt 0.67195700 0.15118000
vt 0.67205100 0.15053800
vt 0.35874000 0.73860600
vt 0.35809700 0.73864200
vt 0.35748300 0.73870100
vt 0.35691200 0.73878300
vt 0.35640000 0.73888600
vt 0.72229200 0.43854900
vt 0.72277800 0.43844400
vt 0.72331900 0.43833000
vt 0.72390200 0.43820900
vt 0.72451400 0.43808300
vt 0.35874000 0.73860600
vt 0.35809700 0.73864200
vt 0.73577400 0.38879100
vt 0.73940700 0.31685500
vt 0.94736000 0.42112400
vt 0.94782300 0.42073500
vt 0.94793700 0.34830000
vt 0.94747400 0.34908100
vt 0.65230500 0.58073100
vt 0.14395400 0.23926100
vt 0.14445200 0.23922600
vt 0.14395400 0.23926100
vt 0.66176500 0.57981600
vt 0.14410300 0.24870100
vt 0.14460000 0.24863000
vt 0.14410300 0.24870100
vt 0.67109000 0.57797600
vt 0.14435000 0.25795800
vt 0.14484700 0.25785200
vt 0.14435000 0.25795800
vt 0.68018800 0.57523000
vt 0.14469300 0.26694200
vt 0.14518800 0.26680200
vt 0.14469300 0.26694200
vt 0.68897200 0.57160300
vt 0.68031600 0.57566800
vt 0.68913400 0.57203200
vt 0.14512700 0.27556800
vt 0.69735800 0.56713300
vt 0.69755400 0.56754900
vt 0.14564900 0.28375300
vt 0.70526300 0.56186000
vt 0.70549200 0.56226100
vt 0.14625500 0.29141600
vt 0.71261300 0.55583800
vt 0.71287400 0.55622100
vt 0.14693700 0.29848600
vt 0.71933500 0.54912300
vt 0.71962700 0.54948500
vt 0.94748500 0.58959100
vt 0.94769500 0.58250300
vt 0.72536600 0.54178200
vt 0.72568800 0.54212000
vt 0.94788400 0.57482400
vt 0.73064700 0.53388400
vt 0.73099600 0.53419500
vt 0.94804900 0.56662500
vt 0.73512800 0.52550600
vt 0.73550200 0.52578800
vt 0.94818900 0.55798900
vt 0.73876400 0.51672900
vt 0.73916200 0.51698000
vt 0.94830300 0.54899600
vt 0.74152300 0.50763900
vt 0.74194100 0.50785500
vt 0.94839000 0.53973400
vt 0.74337600 0.49832300
vt 0.94792700 0.53953000
vt 0.94844800 0.53029200
vt 0.94798400 0.53012600
vt 0.74430700 0.48887000
vt 0.94847800 0.52076100
vt 0.94801400 0.52063500
vt 0.74430700 0.47937200
vt 0.94847800 0.51123300
vt 0.94801400 0.51114900
vt 0.74337800 0.46992100
vt 0.94845000 0.50180000
vt 0.94798500 0.50175900
vt 0.74152700 0.46060800
vt 0.94839200 0.49255200
vt 0.94792700 0.49255600
vt 0.73877500 0.45152200
vt 0.74152700 0.46060800
vt 0.74199000 0.46061900
vt 0.73923300 0.45148700
vt 0.73877500 0.45152200
vt 0.94830600 0.48357900
vt 0.73486900 0.44273500
vt 0.73531300 0.44265600
vt 0.73486900 0.44273500
vt 0.94818400 0.47496700
vt 0.74201600 0.26521300
vt 0.74421700 0.22168200
vt 0.94755500 0.29736200
vt 0.94802000 0.29627400
vt 0.94808700 0.25367700
vt 0.94762400 0.25376600
vt 0.74375100 0.21349800
vt 0.94807300 0.24548800
vt 0.94761000 0.24561800
vt 0.74215800 0.20541700
vt 0.74375100 0.21349800
vt 0.74419500 0.21338200
vt 0.74259300 0.20526000
vt 0.74215800 0.20541700
vt 0.94802300 0.23746200
vt 0.73978200 0.19753100
vt 0.74020200 0.19733400
vt 0.73978200 0.19753100
vt 0.94794900 0.22967200
vt 0.73664400 0.18991500
vt 0.73704600 0.18968000
vt 0.73664400 0.18991500
vt 0.94785000 0.22219600
vt 0.73277600 0.18264200
vt 0.73315500 0.18237100
vt 0.73277600 0.18264200
vt 0.94772900 0.21510400
vt 0.72821200 0.17578300
vt 0.72856700 0.17547900
vt 0.94758700 0.20846400
vt 0.72299900 0.16940400
vt 0.72332500 0.16907000
vt 0.94742400 0.20234200
vt 0.71718500 0.16356600
vt 0.71748100 0.16320400
vt 0.14614600 0.04156200
vt 0.14573900 0.04795000
vt 0.71082700 0.15832700
vt 0.71109000 0.15794000
vt 0.14537800 0.05482300
vt 0.70398700 0.15373500
vt 0.70421400 0.15332700
vt 0.14506700 0.06211700
vt 0.69672900 0.14983700
vt 0.69692000 0.14941100
vt 0.14480800 0.06975900
vt 0.68912400 0.14666900
vt 0.68927700 0.14622800
vt 0.14460400 0.07767700
vt 0.68124500 0.14426100
vt 0.14508400 0.07777800
vt 0.14460400 0.07767700
vt 0.14445600 0.08579400
vt 0.14493700 0.08585600
vt 0.14445600 0.08579400
vt 0.67316800 0.14263900
vt 0.14436800 0.09403300
vt 0.14484900 0.09405400
vt 0.14436800 0.09403300
vt 0.73338700 0.43629000
vt 0.94767400 0.46870100
vt 0.94813800 0.46859100
vt 0.73383200 0.43619300
vt 0.73338700 0.43629000
vt 0.73103100 0.12449800
vt 0.72673400 0.12450000
vt 0.72669000 0.12536600
vt 0.73101000 0.12536400
vt 0.12525100 0.12447900
vt 0.12525200 0.12360900
vt 0.10761900 0.12360900
vt 0.10761800 0.12447900
vt 0.74416100 0.12449200
vt 0.73986400 0.12449400
vt 0.73988500 0.12536000
vt 0.74420500 0.12535800
vt 0.74403200 0.12363400
vt 0.73980000 0.12363600
vt 0.74381800 0.12279300
vt 0.73969400 0.12279500
vt 0.74352100 0.12197600
vt 0.73954800 0.12197800
vt 0.74314500 0.12119200
vt 0.73936100 0.12119400
vt 0.74269200 0.12044900
vt 0.73913800 0.12045000
vt 0.74216600 0.11975200
vt 0.73887800 0.11975400
vt 0.74157400 0.11911000
vt 0.73858600 0.11911100
vt 0.74092000 0.11852800
vt 0.73826300 0.11852900
vt 0.74021100 0.11801100
vt 0.73791300 0.11801200
vt 0.73945400 0.11756600
vt 0.73754000 0.11756700
vt 0.73865700 0.11719500
vt 0.73714600 0.11719600
vt 0.73843500 0.11711900
vt 0.73673600 0.11690400
vt 0.73707500 0.11678000
vt 0.73647200 0.11669100
vt 0.74470600 0.58378300
vt 0.74383600 0.58378800
vt 0.74383600 0.60132900
vt 0.74470600 0.60132500
vt 0.73544800 0.11664100
vt 0.73544800 0.11690500
vt 0.73442400 0.11669200
vt 0.73416000 0.11690500
vt 0.73382100 0.11678100
vt 0.73246000 0.11712100
vt 0.74125900 0.58374700
vt 0.74043900 0.58371600
vt 0.74043900 0.60125700
vt 0.74125900 0.60128800
vt 0.73223900 0.11719800
vt 0.73375000 0.11719800
vt 0.73144200 0.11757000
vt 0.73335600 0.11756900
vt 0.73068500 0.11801600
vt 0.73298200 0.11801500
vt 0.72997500 0.11853300
vt 0.73263300 0.11853200
vt 0.72932100 0.11911600
vt 0.73231000 0.11911400
vt 0.72872900 0.11975800
vt 0.73201700 0.11975700
vt 0.72820400 0.12045500
vt 0.73175800 0.12045400
vt 0.72775100 0.12119900
vt 0.73153400 0.12119800
vt 0.72737400 0.12198400
vt 0.73134800 0.12198200
vt 0.72707800 0.12280000
vt 0.73120100 0.12279800
vt 0.72686400 0.12364200
vt 0.73109500 0.12364000
vt 0.45682300 0.12193300
vt 0.45682300 0.13841900
vt 0.47443800 0.13846600
vt 0.47443800 0.12198000
vt 0.10761900 0.14098300
vt 0.12525200 0.14098300
vt 0.72669000 0.14180000
vt 0.73101000 0.14179800
vt 0.45681400 0.12021200
vt 0.45682100 0.12106600
vt 0.47443500 0.12111300
vt 0.47442800 0.12025900
vt 0.45680200 0.11937800
vt 0.47441600 0.11942500
vt 0.45678600 0.11857300
vt 0.47440000 0.11862000
vt 0.45676500 0.11780500
vt 0.47438000 0.11785100
vt 0.45674000 0.11708000
vt 0.47435500 0.11712700
vt 0.45671200 0.11640600
vt 0.47432600 0.11645300
vt 0.45667900 0.11579000
vt 0.47429400 0.11583700
vt 0.73820500 0.58357400
vt 0.73756000 0.58351100
vt 0.73756000 0.60105300
vt 0.73820500 0.60111500
vt 0.73890500 0.58362900
vt 0.73890500 0.60117000
vt 0.73965200 0.58367600
vt 0.73965200 0.60121800
vt 0.73544800 0.11719700
vt 0.73544800 0.11756800
vt 0.73544800 0.11801400
vt 0.73544800 0.11853000
vt 0.73544800 0.11911300
vt 0.73544800 0.11975500
vt 0.73544800 0.12045200
vt 0.73544800 0.12119600
vt 0.73544800 0.12198000
vt 0.73544800 0.12279600
vt 0.73544800 0.12363800
vt 0.73544800 0.12449600
vt 0.73544800 0.12536200
vt 0.73544800 0.14179600
vt 0.73988500 0.14179400
vt 0.74420500 0.14179200
vt 0.12525600 0.12274700
vt 0.10762300 0.12274700
vt 0.12526300 0.12190200
vt 0.10763000 0.12190200
vt 0.12527200 0.12108100
vt 0.10763900 0.12108100
vt 0.12528300 0.12029200
vt 0.10765000 0.12029300
vt 0.12529700 0.11954400
vt 0.10766400 0.11954400
vt 0.12531300 0.11884300
vt 0.10768000 0.11884300
vt 0.12533100 0.11819700
vt 0.10769800 0.11819700
vt 0.75011200 0.58351100
vt 0.74946600 0.58357400
vt 0.74946600 0.60111500
vt 0.75011200 0.60105300
vt 0.74876700 0.58362900
vt 0.74876700 0.60117000
vt 0.74802000 0.58367600
vt 0.74802000 0.60121800
vt 0.74723200 0.58371600
vt 0.74723200 0.60125700
vt 0.74641200 0.58374700
vt 0.74641200 0.60128800
vt 0.74556700 0.58377000
vt 0.74556700 0.60131100
vt 0.74210400 0.58377000
vt 0.74210400 0.60131100
vt 0.74296600 0.58378300
vt 0.74296600 0.60132500
vt 0.72663100 0.12536500
vt 0.72663100 0.14179900
vt 0.72658800 0.12536100
vt 0.72658800 0.14179500
vt 0.47449100 0.12198100
vt 0.47449100 0.13846600
vt 0.74426400 0.14179100
vt 0.74426400 0.12535600
vt 0.74430700 0.14178700
vt 0.74430700 0.12535300
vt 0.10756500 0.14098300
vt 0.10756400 0.12447900
vt 0.10756500 0.12360900
vt 0.74426400 0.12448700
vt 0.74422100 0.12449000
vt 0.10756900 0.12274700
vt 0.74413600 0.12362900
vt 0.74409200 0.12363200
vt 0.10757500 0.12190200
vt 0.74392400 0.12278700
vt 0.74387900 0.12279100
vt 0.10758500 0.12108100
vt 0.74363000 0.12197100
vt 0.74358400 0.12197500
vt 0.10759600 0.12029200
vt 0.74325700 0.12118700
vt 0.74321000 0.12119100
vt 0.10761000 0.11954400
vt 0.74280900 0.12044400
vt 0.74275900 0.12044700
vt 0.10762600 0.11884300
vt 0.74228900 0.11974700
vt 0.74223700 0.11975100
vt 0.10764400 0.11819700
vt 0.74170300 0.11910500
vt 0.74164900 0.11910800
vt 0.74164900 0.11910800
vt 0.74944500 0.60116900
vt 0.75009200 0.60110700
vt 0.74105700 0.11852300
vt 0.74099900 0.11852600
vt 0.74099900 0.11852600
vt 0.74874400 0.60122400
vt 0.74035600 0.11800600
vt 0.74029500 0.11801000
vt 0.74029500 0.11801000
vt 0.74799600 0.60127200
vt 0.73960800 0.11756100
vt 0.73954300 0.11756400
vt 0.73954300 0.11756400
vt 0.74720700 0.60131200
vt 0.74713800 0.60135200
vt 0.74793100 0.60131200
vt 0.73875000 0.11719400
vt 0.74646700 0.60134000
vt 0.74661800 0.60137100
vt 0.73823000 0.11701000
vt 0.74555300 0.60136400
vt 0.73716500 0.11670000
vt 0.73712700 0.11673500
vt 0.73807900 0.11692700
vt 0.74472600 0.60137700
vt 0.73633800 0.11657800
vt 0.73639500 0.11662700
vt 0.74383600 0.60138200
vt 0.73544800 0.11653500
vt 0.73544800 0.11658100
vt 0.74294500 0.60137700
vt 0.73455700 0.11657900
vt 0.73450100 0.11662800
vt 0.74211800 0.60136400
vt 0.73373000 0.11670100
vt 0.73376800 0.11673700
vt 0.74120400 0.60134000
vt 0.73281600 0.11693000
vt 0.73266600 0.11701200
vt 0.74046400 0.60131200
vt 0.74053300 0.60135200
vt 0.74105400 0.60137100
vt 0.73214500 0.11719700
vt 0.73967600 0.60127200
vt 0.73974100 0.60131200
vt 0.73135300 0.11756800
vt 0.73892700 0.60122400
vt 0.73053900 0.11801100
vt 0.73060100 0.11801500
vt 0.73135300 0.11756800
vt 0.73128700 0.11756500
vt 0.73060100 0.11801500
vt 0.73822600 0.60116900
vt 0.72983800 0.11852800
vt 0.72989600 0.11853200
vt 0.72989600 0.11853200
vt 0.73758000 0.60110700
vt 0.72919200 0.11911100
vt 0.72924700 0.11911400
vt 0.72924700 0.11911400
vt 0.47438000 0.11645400
vt 0.47434700 0.11583800
vt 0.72860600 0.11975300
vt 0.72865800 0.11975700
vt 0.47440900 0.11712800
vt 0.72808600 0.12045000
vt 0.72813600 0.12045400
vt 0.47443300 0.11785300
vt 0.72763800 0.12119400
vt 0.72768600 0.12119800
vt 0.47445400 0.11862100
vt 0.72726500 0.12197900
vt 0.72731100 0.12198200
vt 0.47447000 0.11942600
vt 0.72697100 0.12279500
vt 0.72701600 0.12279900
vt 0.47448200 0.12026000
vt 0.72675900 0.12363700
vt 0.72680300 0.12364000
vt 0.47448900 0.12111400
vt 0.72663100 0.12449500
vt 0.72667400 0.12449800
vt 0.16131800 0.02965200
vt 0.17099800 0.01896800
vt 0.16589500 0.02407200
vt 0.17657500 0.01438800
vt 0.15730900 0.03565500
vt 0.18257500 0.01037700
vt 0.15390800 0.04202100
vt 0.18893900 0.00697400
vt 0.15114600 0.04869100
vt 0.19560500 0.00421200
vt 0.14905200 0.05559900
vt 0.20251000 0.00211600
vt 0.14764400 0.06267900
vt 0.20958700 0.00070800
vt 0.14693700 0.06986400
vt 0.21676800 0.00000000
vt 0.14693700 0.07708300
vt 0.22398300 0.00000000
vt 0.14764400 0.08426700
vt 0.23116400 0.00070800
vt 0.14905200 0.09134700
vt 0.23824100 0.00211600
vt 0.15114600 0.09825500
vt 0.24514600 0.00421100
vt 0.15390800 0.10492500
vt 0.25181300 0.00697400
vt 0.15730900 0.11129200
vt 0.25817600 0.01037700
vt 0.16131800 0.11729400
vt 0.26417600 0.01438800
vt 0.16589500 0.12287400
vt 0.26975400 0.01896800
vt 0.17099800 0.12797900
vt 0.17657500 0.13255900
vt 0.27485600 0.02407200
vt 0.18257500 0.13656900
vt 0.27943300 0.02965300
vt 0.18893900 0.13997200
vt 0.28344200 0.03565500
vt 0.19560500 0.14273500
vt 0.28684400 0.04202200
vt 0.20251000 0.14483100
vt 0.28960500 0.04869100
vt 0.20958700 0.14623900
vt 0.29170000 0.05559900
vt 0.21676800 0.14694700
vt 0.29310700 0.06268000
vt 0.22398400 0.14694700
vt 0.29381500 0.06986400
vt 0.23116500 0.14623900
vt 0.29381500 0.07708300
vt 0.23824100 0.14483100
vt 0.29310700 0.08426700
vt 0.24514600 0.14273500
vt 0.29170000 0.09134800
vt 0.25181300 0.13997300
vt 0.28960500 0.09825600
vt 0.25817600 0.13657000
vt 0.28684400 0.10492500
vt 0.26417600 0.13255900
vt 0.28344200 0.11129200
vt 0.26975400 0.12797900
vt 0.27943400 0.11729400
vt 0.27485600 0.12287500
vt 0.76573000 0.62704000
vt 0.34155400 0.73665200
vt 0.34689000 0.74195900
vt 0.34711600 0.79433900
vt 0.34182500 0.79966300
vt 0.34716200 0.80496900
vt 0.35588900 0.79964000
vt 0.35245200 0.79964500
vt 0.35606800 0.84127600
vt 0.34731800 0.84129000
vt 0.34667600 0.69203400
vt 0.00426100 0.69259500
vt 0.34684500 0.73132800
vt 0.35542500 0.69202000
vt 0.35561700 0.73662900
vt 0.35218100 0.73663500
vt 0.00490300 0.84185100
vt 0.35014900 0.73704300
vt 0.34843100 0.73819800
vt 0.34728600 0.73992400
vt 0.34752900 0.79637200
vt 0.34868800 0.79809500
vt 0.35041700 0.79924400
vt 0.69788100 0.84409300
vt 0.70321100 0.83878300
vt 0.70332000 0.78634200
vt 0.69801200 0.78100900
vt 0.71217500 0.73935500
vt 0.70864900 0.78103200
vt 0.71208900 0.78103900
vt 0.70334100 0.77569900
vt 0.70341700 0.73933600
vt 0.70318900 0.84942600
vt 0.36033600 0.88803200
vt 0.70310800 0.88876600
vt 0.71195900 0.84412300
vt 0.71186700 0.88878400
vt 0.70851900 0.84411600
vt 0.36064400 0.73860300
vt 0.70648500 0.84370600
vt 0.70476100 0.84254900
vt 0.70361200 0.84082000
vt 0.70372900 0.78430700
vt 0.70488500 0.78258300
vt 0.70661300 0.78143300
f 1/1/1 2/2/2 3/3/3
f 1/1/1 3/3/3 4/4/4
f 5/5/5 6/6/6 7/7/7
f 5/5/5 7/7/7 8/8/8
f 9/9/9 10/10/10 11/11/11
f 9/9/9 11/11/11 12/12/12
f 10/10/10 13/13/13 14/14/14
f 10/10/10 14/14/14 11/11/11
f 13/13/13 15/15/15 16/16/16
f 13/13/13 16/16/16 14/14/14
f 15/15/15 17/17/17 18/18/18
f 15/15/15 18/18/18 16/16/16
f 17/17/17 19/19/19 20/20/20
f 17/17/17 20/20/20 18/18/18
f 19/19/19 21/21/21 22/22/22
f 19/19/19 22/22/22 20/20/20
f 23/23/23 24/24/24 25/25/25
f 23/23/23 25/25/25 26/26/26
f 24/24/24 27/27/27 28/28/28
f 24/24/24 28/28/28 25/25/25
f 27/27/27 29/29/29 30/30/30
f 27/27/27 30/30/30 28/28/28
f 29/29/29 31/31/31 32/32/32
f 29/29/29 32/32/32 30/30/30
f 31/31/31 33/33/33 34/34/34
f 31/31/31 34/34/34 32/32/32
f 33/33/33 35/35/35 36/36/36
f 33/33/33 36/36/36 34/34/34
f 35/35/35 37/37/37 38/38/38
f 35/35/35 38/38/38 36/36/36
f 37/37/37 39/39/39 40/40/40
f 37/37/37 40/40/40 38/38/38
f 41/41/41 42/42/42 43/43/43
f 41/41/41 43/43/43 44/44/44
f 42/42/42 45/45/45 46/46/46
f 42/42/42 46/46/46 43/43/43
f 45/45/45 47/47/47 48/48/48
f 45/45/45 48/48/48 46/46/46
f 47/47/47 49/49/49 50/50/50
f 47/47/47 50/50/50 48/48/48
f 51/51/51 52/52/52 53/53/53
f 51/51/51 53/53/53 54/54/54
f 52/52/52 55/55/55 56/56/56
f 52/52/52 56/56/56 53/53/53
f 55/55/55 57/57/57 58/58/58
f 55/55/55 58/58/58 56/56/56
f 57/57/57 59/59/59 60/60/60
f 57/57/57 60/60/60 58/58/58
f 59/59/59 61/61/61 62/62/62
f 59/59/59 62/62/62 60/60/60
f 61/61/61 40/40/40 39/39/39
f 61/61/61 39/39/39 62/62/62
f 63/63/63 64/64/64 65/65/65
f 63/63/63 65/65/65 66/66/66
f 67/67/67 68/68/68 69/69/69
f 67/67/67 69/69/69 70/70/70
f 71/71/71 72/72/72 73/73/73
f 71/71/71 73/73/73 74/74/74
f 75/75/75 76/76/76 72/72/72
f 75/75/75 72/72/72 71/71/71
f 75/75/75 70/70/70 69/69/69
f 75/75/75 69/69/69 76/76/76
f 67/67/67 66/66/66 65/65/65
f 67/67/67 65/65/65 68/68/68
f 77/77/77 78/78/78 79/79/79
f 77/77/77 79/79/79 80/80/80
f 81/81/81 82/82/82 83/83/83
f 81/81/81 83/83/83 84/84/84
f 81/81/81 84/84/84 85/85/85
f 81/81/81 85/85/85 86/86/86
f 86/86/86 85/85/85 87/87/87
f 86/86/86 87/87/87 88/88/88
f 77/77/77 80/80/80 83/83/83
f 77/77/77 83/83/83 82/82/82
f 89/89/89 90/90/90 79/79/79
f 89/89/89 79/79/79 78/78/78
f 91/91/91 92/92/92 88/88/88
f 91/91/91 88/88/88 87/87/87
f 80/80/80 79/79/79 93/93/93
f 80/80/80 93/93/93 94/94/94
f 84/84/84 83/83/83 95/95/95
f 84/84/84 95/95/95 96/96/96
f 84/84/84 96/96/96 97/97/97
f 84/84/84 97/97/97 85/85/85
f 85/85/85 97/97/97 98/98/98
f 85/85/85 98/98/98 87/87/87
f 80/80/80 94/94/94 95/95/95
f 80/80/80 95/95/95 83/83/83
f 90/90/90 99/99/99 93/93/93
f 90/90/90 93/93/93 79/79/79
f 100/100/100 91/91/91 87/87/87
f 100/100/100 87/87/87 98/98/98
f 94/94/94 93/93/93 101/101/101
f 94/94/94 101/101/101 102/102/102
f 96/96/96 95/95/95 103/103/103
f 96/96/96 103/103/103 104/104/104
f 96/96/96 104/104/104 105/105/105
f 96/96/96 105/105/105 97/97/97
f 97/97/97 105/105/105 106/106/106
f 97/97/97 106/106/106 98/98/98
f 94/94/94 102/102/102 103/103/103
f 94/94/94 103/103/103 95/95/95
f 99/99/99 107/107/107 101/101/101
f 99/99/99 101/101/101 93/93/93
f 108/108/108 100/100/100 98/98/98
f 108/108/108 98/98/98 106/106/106
f 102/102/102 101/101/101 66/66/66
f 102/102/102 66/66/66 67/67/67
f 104/104/104 103/103/103 70/70/70
f 104/104/104 70/70/70 75/75/75
f 104/104/104 75/75/75 71/71/71
f 104/104/104 71/71/71 105/105/105
f 105/105/105 71/71/71 74/74/74
f 105/105/105 74/74/74 106/106/106
f 102/102/102 67/67/67 70/70/70
f 102/102/102 70/70/70 103/103/103
f 107/107/107 63/63/63 66/66/66
f 107/107/107 66/66/66 101/101/101
f 109/109/109 108/108/108 106/106/106
f 109/109/109 106/106/106 74/74/74
f 110/110/110 111/111/111 112/112/112
f 110/110/110 112/112/112 113/113/113
f 114/114/114 115/115/115 116/116/116
f 114/114/114 116/116/116 117/117/117
f 118/118/118 119/119/119 120/120/120
f 118/118/118 120/120/120 121/121/121
f 122/122/122 123/123/123 124/124/124
f 122/122/122 124/124/124 125/125/125
f 126/126/126 127/127/127 128/128/128
f 126/126/126 128/128/128 129/129/129
f 117/117/117 116/116/116 111/111/111
f 117/117/117 111/111/111 110/110/110
f 121/121/121 120/120/120 115/115/115
f 121/121/121 115/115/115 114/114/114
f 125/125/125 124/124/124 119/119/119
f 125/125/125 119/119/119 118/118/118
f 130/130/130 129/129/129 128/128/128
f 130/130/130 128/128/128 131/131/131
f 130/130/130 131/131/131 123/123/123
f 130/130/130 123/123/123 122/122/122
f 132/132/132 133/133/133 134/134/134
f 132/132/132 134/134/134 135/135/135
f 132/132/132 136/136/136 137/137/137
f 132/132/132 137/137/137 133/133/133
f 138/138/138 139/139/139 140/140/140
f 138/138/138 140/140/140 141/141/141
f 142/142/142 143/143/143 144/144/144
f 142/142/142 144/144/144 145/145/145
f 146/146/146 147/147/147 148/148/148
f 146/146/146 148/148/148 149/149/149
f 150/150/150 151/151/151 137/137/137
f 150/150/150 137/137/137 136/136/136
f 135/135/135 134/134/134 139/139/139
f 135/135/135 139/139/139 138/138/138
f 141/141/141 140/140/140 143/143/143
f 141/141/141 143/143/143 142/142/142
f 145/145/145 144/144/144 147/147/147
f 145/145/145 147/147/147 146/146/146
f 149/149/149 148/148/148 152/152/152
f 149/149/149 152/152/152 153/153/153
f 154/154/154 155/155/155 151/151/151
f 154/154/154 151/151/151 150/150/150
f 156/156/156 130/130/130 122/122/122
f 156/156/156 122/122/122 157/157/157
f 156/156/156 158/158/158 129/129/129
f 156/156/156 129/129/129 130/130/130
f 159/159/159 125/125/125 118/118/118
f 159/159/159 118/118/118 160/160/160
f 161/161/161 121/121/121 114/114/114
f 161/161/161 114/114/114 162/162/162
f 163/163/163 117/117/117 110/110/110
f 163/163/163 110/110/110 164/164/164
f 165/165/165 126/126/126 129/129/129
f 165/165/165 129/129/129 158/158/158
f 157/157/157 122/122/122 125/125/125
f 157/157/157 125/125/125 159/159/159
f 160/160/160 118/118/118 121/121/121
f 160/160/160 121/121/121 161/161/161
f 162/162/162 114/114/114 117/117/117
f 162/162/162 117/117/117 163/163/163
f 164/164/164 110/110/110 113/113/113
f 164/164/164 113/113/113 166/166/166
f 167/167/167 168/168/168 126/126/126
f 167/167/167 126/126/126 165/165/165
f 168/168/168 169/169/169 127/127/127
f 168/168/168 127/127/127 126/126/126
f 64/64/64 63/63/63 113/113/113
f 64/64/64 113/113/113 112/112/112
f 155/155/155 167/167/167 165/165/165
f 155/155/155 165/165/165 151/151/151
f 148/148/148 164/164/164 166/166/166
f 148/148/148 166/166/166 152/152/152
f 144/144/144 162/162/162 163/163/163
f 144/144/144 163/163/163 147/147/147
f 140/140/140 160/160/160 161/161/161
f 140/140/140 161/161/161 143/143/143
f 134/134/134 157/157/157 159/159/159
f 134/134/134 159/159/159 139/139/139
f 151/151/151 165/165/165 158/158/158
f 151/151/151 158/158/158 137/137/137
f 147/147/147 163/163/163 164/164/164
f 147/147/147 164/164/164 148/148/148
f 143/143/143 161/161/161 162/162/162
f 143/143/143 162/162/162 144/144/144
f 139/139/139 159/159/159 160/160/160
f 139/139/139 160/160/160 140/140/140
f 133/133/133 137/137/137 158/158/158
f 133/133/133 158/158/158 156/156/156
f 133/133/133 156/156/156 157/157/157
f 133/133/133 157/157/157 134/134/134
f 2/2/2 5/5/5 8/8/8
f 2/2/2 8/8/8 3/3/3
f 63/63/63 107/107/107 166/166/166
f 63/63/63 166/166/166 113/113/113
f 107/107/107 99/99/99 152/152/152
f 107/107/107 152/152/152 166/166/166
f 170/170/170 154/154/154 150/150/150
f 170/170/170 150/150/150 171/171/171
f 172/172/172 149/149/149 153/153/153
f 172/172/172 153/153/153 173/173/173
f 174/174/174 145/145/145 146/146/146
f 174/174/174 146/146/146 175/175/175
f 176/176/176 141/141/141 142/142/142
f 176/176/176 142/142/142 177/177/177
f 178/178/178 135/135/135 138/138/138
f 178/178/178 138/138/138 179/179/179
f 171/171/171 150/150/150 136/136/136
f 171/171/171 136/136/136 180/180/180
f 175/175/175 146/146/146 149/149/149
f 175/175/175 149/149/149 172/172/172
f 177/177/177 142/142/142 145/145/145
f 177/177/177 145/145/145 174/174/174
f 179/179/179 138/138/138 141/141/141
f 179/179/179 141/141/141 176/176/176
f 181/181/181 180/180/180 136/136/136
f 181/181/181 136/136/136 132/132/132
f 181/181/181 132/132/132 135/135/135
f 181/181/181 135/135/135 178/178/178
f 6/6/6 9/9/9 12/12/12
f 6/6/6 12/12/12 7/7/7
f 99/99/99 90/90/90 153/153/153
f 99/99/99 153/153/153 152/152/152
f 173/173/173 153/153/153 90/90/90
f 173/173/173 90/90/90 89/89/89
f 182/182/182 183/183/183 184/184/184
f 182/182/182 184/184/184 185/185/185
f 73/73/73 186/186/186 109/109/109
f 73/73/73 109/109/109 74/74/74
f 1/1/1 4/4/4 187/187/187
f 1/1/1 187/187/187 188/188/188
f 189/189/189 190/190/190 191/191/191
f 189/189/189 191/191/191 192/192/192
f 193/193/193 194/194/194 195/195/195
f 193/193/193 195/195/195 196/196/196
f 196/196/196 195/195/195 197/197/197
f 196/196/196 197/197/197 198/198/198
f 198/198/198 197/197/197 199/199/199
f 198/198/198 199/199/199 200/200/200
f 200/200/200 199/199/199 201/201/201
f 200/200/200 201/201/201 202/202/202
f 202/202/202 201/201/201 203/203/203
f 202/202/202 203/203/203 204/204/204
f 204/204/204 203/203/203 205/205/205
f 204/204/204 205/205/205 206/206/206
f 207/207/207 208/208/208 209/209/209
f 207/207/207 209/209/209 210/210/210
f 210/210/210 209/209/209 211/211/211
f 210/210/210 211/211/211 212/212/212
f 212/212/212 211/211/211 213/213/213
f 212/212/212 213/213/213 214/214/214
f 214/214/214 213/213/213 215/215/215
f 214/214/214 215/215/215 216/216/216
f 216/216/216 215/215/215 217/217/217
f 216/216/216 217/217/217 218/218/218
f 218/218/218 217/217/217 219/219/219
f 218/218/218 219/219/219 220/220/220
f 220/220/220 219/219/219 221/221/221
f 220/220/220 221/221/221 222/222/222
f 222/222/222 221/221/221 223/223/223
f 222/222/222 223/223/223 224/224/224
f 225/225/225 226/226/226 227/227/227
f 225/225/225 227/227/227 228/228/228
f 228/228/228 227/227/227 229/229/229
f 228/228/228 229/229/229 230/230/230
f 230/230/230 229/229/229 231/231/231
f 230/230/230 231/231/231 232/232/232
f 232/232/232 231/231/231 233/233/233
f 232/232/232 233/233/233 234/234/234
f 234/234/234 233/233/233 235/235/235
f 234/234/234 235/235/235 236/236/236
f 237/237/237 238/238/238 239/239/239
f 237/237/237 239/239/239 240/240/240
f 240/240/240 239/239/239 241/241/241
f 240/240/240 241/241/241 242/242/242
f 242/242/242 241/241/241 243/243/243
f 242/242/242 243/243/243 244/244/244
f 244/244/244 243/243/243 245/245/245
f 244/244/244 245/245/245 246/246/246
f 246/246/246 245/245/245 224/224/224
f 246/246/246 224/224/224 223/223/223
f 247/247/247 248/248/248 65/65/65
f 247/247/247 65/65/65 64/64/64
f 249/249/249 250/250/250 69/69/69
f 249/249/249 69/69/69 68/68/68
f 251/251/251 252/252/252 73/73/73
f 251/251/251 73/73/73 72/72/72
f 253/253/253 251/251/251 72/72/72
f 253/253/253 72/72/72 76/76/76
f 253/253/253 76/76/76 69/69/69
f 253/253/253 69/69/69 250/250/250
f 249/249/249 68/68/68 65/65/65
f 249/249/249 65/65/65 248/248/248
f 254/254/254 255/255/255 256/256/256
f 254/254/254 256/256/256 257/257/257
f 258/258/258 259/259/259 260/260/260
f 258/258/258 260/260/260 261/261/261
f 258/258/258 262/262/262 263/263/263
f 258/258/258 263/263/263 259/259/259
f 262/262/262 264/264/264 265/265/265
f 262/262/262 265/265/265 263/263/263
f 254/254/254 261/261/261 260/260/260
f 254/254/254 260/260/260 255/255/255
f 266/266/266 257/257/257 256/256/256
f 266/266/266 256/256/256 267/267/267
f 268/268/268 265/265/265 264/264/264
f 268/268/268 264/264/264 269/269/269
f 255/255/255 270/270/270 271/271/271
f 255/255/255 271/271/271 256/256/256
f 259/259/259 272/272/272 273/273/273
f 259/259/259 273/273/273 260/260/260
f 259/259/259 263/263/263 274/274/274
f 259/259/259 274/274/274 272/272/272
f 263/263/263 265/265/265 275/275/275
f 263/263/263 275/275/275 274/274/274
f 255/255/255 260/260/260 273/273/273
f 255/255/255 273/273/273 270/270/270
f 267/267/267 256/256/256 271/271/271
f 267/267/267 271/271/271 276/276/276
f 277/277/277 275/275/275 265/265/265
f 277/277/277 265/265/265 268/268/268
f 270/270/270 278/278/278 279/279/279
f 270/270/270 279/279/279 271/271/271
f 272/272/272 280/280/280 281/281/281
f 272/272/272 281/281/281 273/273/273
f 272/272/272 274/274/274 282/282/282
f 272/272/272 282/282/282 280/280/280
f 274/274/274 275/275/275 283/283/283
f 274/274/274 283/283/283 282/282/282
f 270/270/270 273/273/273 281/281/281
f 270/270/270 281/281/281 278/278/278
f 276/276/276 271/271/271 279/279/279
f 276/276/276 279/279/279 284/284/284
f 285/285/285 283/283/283 275/275/275
f 285/285/285 275/275/275 277/277/277
f 278/278/278 249/249/249 248/248/248
f 278/278/278 248/248/248 279/279/279
f 280/280/280 253/253/253 250/250/250
f 280/280/280 250/250/250 281/281/281
f 280/280/280 282/282/282 251/251/251
f 280/280/280 251/251/251 253/253/253
f 282/282/282 283/283/283 252/252/252
f 282/282/282 252/252/252 251/251/251
f 278/278/278 281/281/281 250/250/250
f 278/278/278 250/250/250 249/249/249
f 284/284/284 279/279/279 248/248/248
f 284/284/284 248/248/248 247/247/247
f 286/286/286 252/252/252 283/283/283
f 286/286/286 283/283/283 285/285/285
f 287/287/287 288/288/288 112/112/112
f 287/287/287 112/112/112 111/111/111
f 289/289/289 290/290/290 116/116/116
f 289/289/289 116/116/116 115/115/115
f 291/291/291 292/292/292 120/120/120
f 291/291/291 120/120/120 119/119/119
f 293/293/293 294/294/294 124/124/124
f 293/293/293 124/124/124 123/123/123
f 295/295/295 296/296/296 128/128/128
f 295/295/295 128/128/128 127/127/127
f 290/290/290 287/287/287 111/111/111
f 290/290/290 111/111/111 116/116/116
f 292/292/292 289/289/289 115/115/115
f 292/292/292 115/115/115 120/120/120
f 294/294/294 291/291/291 119/119/119
f 294/294/294 119/119/119 124/124/124
f 297/297/297 131/131/131 128/128/128
f 297/297/297 128/128/128 296/296/296
f 297/297/297 293/293/293 123/123/123
f 297/297/297 123/123/123 131/131/131
f 298/298/298 299/299/299 300/300/300
f 298/298/298 300/300/300 301/301/301
f 298/298/298 301/301/301 302/302/302
f 298/298/298 302/302/302 303/303/303
f 304/304/304 305/305/305 306/306/306
f 304/304/304 306/306/306 307/307/307
f 308/308/308 309/309/309 310/310/310
f 308/308/308 310/310/310 311/311/311
f 312/312/312 313/313/313 314/314/314
f 312/312/312 314/314/314 315/315/315
f 316/316/316 303/303/303 302/302/302
f 316/316/316 302/302/302 317/317/317
f 299/299/299 304/304/304 307/307/307
f 299/299/299 307/307/307 300/300/300
f 305/305/305 308/308/308 311/311/311
f 305/305/305 311/311/311 306/306/306
f 309/309/309 312/312/312 315/315/315
f 309/309/309 315/315/315 310/310/310
f 313/313/313 318/318/318 319/319/319
f 313/313/313 319/319/319 314/314/314
f 320/320/320 316/316/316 317/317/317
f 320/320/320 317/317/317 321/321/321
f 322/322/322 323/323/323 293/293/293
f 322/322/322 293/293/293 297/297/297
f 322/322/322 297/297/297 296/296/296
f 322/322/322 296/296/296 324/324/324
f 325/325/325 326/326/326 291/291/291
f 325/325/325 291/291/291 294/294/294
f 327/327/327 328/328/328 289/289/289
f 327/327/327 289/289/289 292/292/292
f 329/329/329 330/330/330 287/287/287
f 329/329/329 287/287/287 290/290/290
f 331/331/331 324/324/324 296/296/296
f 331/331/331 296/296/296 295/295/295
f 323/323/323 325/325/325 294/294/294
f 323/323/323 294/294/294 293/293/293
f 326/326/326 327/327/327 292/292/292
f 326/326/326 292/292/292 291/291/291
f 328/328/328 329/329/329 290/290/290
f 328/328/328 290/290/290 289/289/289
f 330/330/330 332/332/332 288/288/288
f 330/330/330 288/288/288 287/287/287
f 333/333/333 331/331/331 295/295/295
f 333/333/333 295/295/295 334/334/334
f 334/334/334 295/295/295 127/127/127
f 334/334/334 127/127/127 169/169/169
f 64/64/64 112/112/112 288/288/288
f 64/64/64 288/288/288 247/247/247
f 321/321/321 317/317/317 331/331/331
f 321/321/321 331/331/331 333/333/333
f 314/314/314 319/319/319 332/332/332
f 314/314/314 332/332/332 330/330/330
f 310/310/310 315/315/315 329/329/329
f 310/310/310 329/329/329 328/328/328
f 306/306/306 311/311/311 327/327/327
f 306/306/306 327/327/327 326/326/326
f 300/300/300 307/307/307 325/325/325
f 300/300/300 325/325/325 323/323/323
f 317/317/317 302/302/302 324/324/324
f 317/317/317 324/324/324 331/331/331
f 315/315/315 314/314/314 330/330/330
f 315/315/315 330/330/330 329/329/329
f 311/311/311 310/310/310 328/328/328
f 311/311/311 328/328/328 327/327/327
f 307/307/307 306/306/306 326/326/326
f 307/307/307 326/326/326 325/325/325
f 301/301/301 322/322/322 324/324/324
f 301/301/301 324/324/324 302/302/302
f 301/301/301 300/300/300 323/323/323
f 301/301/301 323/323/323 322/322/322
f 188/188/188 187/187/187 190/190/190
f 188/188/188 190/190/190 189/189/189
f 247/247/247 288/288/288 332/332/332
f 247/247/247 332/332/332 284/284/284
f 284/284/284 332/332/332 319/319/319
f 284/284/284 319/319/319 276/276/276
f 335/335/335 336/336/336 316/316/316
f 335/335/335 316/316/316 320/320/320
f 337/337/337 338/338/338 318/318/318
f 337/337/337 318/318/318 313/313/313
f 339/339/339 340/340/340 312/312/312
f 339/339/339 312/312/312 309/309/309
f 341/341/341 342/342/342 308/308/308
f 341/341/341 308/308/308 305/305/305
f 343/343/343 344/344/344 304/304/304
f 343/343/343 304/304/304 299/299/299
f 336/336/336 345/345/345 303/303/303
f 336/336/336 303/303/303 316/316/316
f 340/340/340 337/337/337 313/313/313
f 340/340/340 313/313/313 312/312/312
f 342/342/342 339/339/339 309/309/309
f 342/342/342 309/309/309 308/308/308
f 344/344/344 341/341/341 305/305/305
f 344/344/344 305/305/305 304/304/304
f 346/346/346 298/298/298 303/303/303
f 346/346/346 303/303/303 345/345/345
f 346/346/346 343/343/343 299/299/299
f 346/346/346 299/299/299 298/298/298
f 192/192/192 191/191/191 194/194/194
f 192/192/192 194/194/194 193/193/193
f 276/276/276 319/319/319 318/318/318
f 276/276/276 318/318/318 267/267/267
f 338/338/338 266/266/266 267/267/267
f 338/338/338 267/267/267 318/318/318
f 347/347/347 185/185/185 184/184/184
f 347/347/347 184/184/184 348/348/348
f 73/73/73 252/252/252 286/286/286
f 73/73/73 286/286/286 186/186/186
f 349/349/349 350/350/350 351/351/351
f 349/349/349 351/351/351 352/352/352
f 353/353/353 354/354/354 355/355/355
f 353/353/353 355/355/355 356/356/356
f 357/357/357 358/358/358 359/359/359
f 357/357/357 359/359/359 360/360/360
f 361/361/361 362/362/362 363/363/363
f 361/361/361 363/363/363 364/364/364
f 365/365/365 366/366/366 367/367/367
f 365/365/365 367/367/367 368/368/368
f 369/369/369 370/370/370 371/371/371
f 369/369/369 371/371/371 372/372/372
f 373/373/373 374/374/374 375/375/375
f 373/373/373 375/375/375 376/376/376
f 377/377/377 378/378/378 379/379/379
f 377/377/377 379/379/379 380/380/380
f 381/381/381 382/382/382 383/383/383
f 381/381/381 383/383/383 384/384/384
f 385/385/385 386/386/386 387/387/387
f 385/385/385 387/387/387 388/388/388
f 389/389/389 390/390/390 391/391/391
f 389/389/389 391/391/391 392/392/392
f 393/393/393 394/394/394 395/395/395
f 393/393/393 395/395/395 396/396/396
f 397/397/397 398/398/398 399/399/399
f 397/397/397 399/399/399 400/400/400
f 401/401/401 402/402/402 403/403/403
f 401/401/401 403/403/403 404/404/404
f 405/405/405 406/406/406 407/407/407
f 405/405/405 407/407/407 408/408/408
f 409/409/409 410/410/410 411/411/411
f 409/409/409 411/411/411 412/412/412
f 413/413/413 373/373/373 376/376/376
f 413/413/413 376/376/376 414/414/414
f 415/415/415 389/389/389 392/392/392
f 415/415/415 392/392/392 416/416/416
f 417/417/417 418/418/418 419/419/419
f 417/417/417 419/419/419 420/420/420
f 421/421/421 393/393/393 396/396/396
f 421/421/421 396/396/396 422/422/422
f 423/423/423 397/397/397 400/400/400
f 423/423/423 400/400/400 424/424/424
f 425/425/425 401/401/401 404/404/404
f 425/425/425 404/404/404 426/426/426
f 427/427/427 405/405/405 408/408/408
f 427/427/427 408/408/408 428/428/428
f 429/429/429 409/409/409 412/412/412
f 429/429/429 412/412/412 430/430/430
f 431/431/431 413/413/413 414/414/414
f 431/431/431 414/414/414 432/432/432
f 433/433/433 415/415/415 416/416/416
f 433/433/433 416/416/416 434/434/434
f 435/435/435 421/421/421 422/422/422
f 435/435/435 422/422/422 436/436/436
f 437/437/437 423/423/423 424/424/424
f 437/437/437 424/424/424 438/438/438
f 439/439/439 417/417/417 420/420/420
f 439/439/439 420/420/420 440/440/440
f 441/441/441 425/425/425 426/426/426
f 441/441/441 426/426/426 442/442/442
f 443/443/443 427/427/427 428/428/428
f 443/443/443 428/428/428 444/444/444
f 445/445/445 429/429/429 430/430/430
f 445/445/445 430/430/430 446/446/446
f 447/447/447 431/431/431 432/432/432
f 447/447/447 432/432/432 448/448/448
f 449/449/449 433/433/433 434/434/434
f 449/449/449 434/434/434 450/450/450
f 451/451/451 435/435/435 436/436/436
f 451/451/451 436/436/436 452/452/452
f 418/418/418 437/437/437 438/438/438
f 418/418/418 438/438/438 419/419/419
f 453/453/453 439/439/439 440/440/440
f 453/453/453 440/440/440 454/454/454
f 455/455/455 441/441/441 442/442/442
f 455/455/455 442/442/442 456/456/456
f 457/457/457 443/443/443 444/444/444
f 457/457/457 444/444/444 458/458/458
f 459/459/459 445/445/445 446/446/446
f 459/459/459 446/446/446 460/460/460
f 461/461/461 447/447/447 448/448/448
f 461/461/461 448/448/448 462/462/462
f 463/463/463 449/449/449 450/450/450
f 463/463/463 450/450/450 464/464/464
f 465/465/465 451/451/451 452/452/452
f 465/465/465 452/452/452 466/466/466
f 467/467/467 453/453/453 454/454/454
f 467/467/467 454/454/454 468/468/468
f 469/469/469 455/455/455 456/456/456
f 469/469/469 456/456/456 470/470/470
f 471/471/471 457/457/457 458/458/458
f 471/471/471 458/458/458 472/472/472
f 473/473/473 459/459/459 460/460/460
f 473/473/473 460/460/460 474/474/474
f 475/475/475 461/461/461 462/462/462
f 475/475/475 462/462/462 476/476/476
f 477/477/477 463/463/463 464/464/464
f 477/477/477 464/464/464 478/478/478
f 479/479/479 465/465/465 466/466/466
f 479/479/479 466/466/466 480/480/480
f 481/481/481 467/467/467 468/468/468
f 481/481/481 468/468/468 482/482/482
f 483/483/483 469/469/469 470/470/470
f 483/483/483 470/470/470 484/484/484
f 485/485/485 471/471/471 472/472/472
f 485/485/485 472/472/472 486/486/486
f 487/487/487 473/473/473 474/474/474
f 487/487/487 474/474/474 488/488/488
f 489/489/489 475/475/475 476/476/476
f 489/489/489 476/476/476 490/490/490
f 491/491/491 477/477/477 478/478/478
f 491/491/491 478/478/478 492/492/492
f 493/493/493 479/479/479 480/480/480
f 493/493/493 480/480/480 494/494/494
f 495/495/495 481/481/481 482/482/482
f 495/495/495 482/482/482 496/496/496
f 497/497/497 483/483/483 484/484/484
f 497/497/497 484/484/484 498/498/498
f 499/499/499 485/485/485 486/486/486
f 499/499/499 486/486/486 500/500/500
f 501/501/501 487/487/487 488/488/488
f 501/501/501 488/488/488 502/502/502
f 503/503/503 489/489/489 490/490/490
f 503/503/503 490/490/490 504/504/504
f 505/505/505 491/491/491 492/492/492
f 505/505/505 492/492/492 506/506/506
f 507/507/507 493/493/493 494/494/494
f 507/507/507 494/494/494 508/508/508
f 509/509/509 495/495/495 496/496/496
f 509/509/509 496/496/496 510/510/510
f 511/511/511 497/497/497 498/498/498
f 511/511/511 498/498/498 512/512/512
f 374/374/374 499/499/499 500/500/500
f 374/374/374 500/500/500 375/375/375
f 390/390/390 501/501/501 502/502/502
f 390/390/390 502/502/502 391/391/391
f 394/394/394 503/503/503 504/504/504
f 394/394/394 504/504/504 395/395/395
f 398/398/398 505/505/505 506/506/506
f 398/398/398 506/506/506 399/399/399
f 402/402/402 507/507/507 508/508/508
f 402/402/402 508/508/508 403/403/403
f 406/406/406 509/509/509 510/510/510
f 406/406/406 510/510/510 407/407/407
f 410/410/410 511/511/511 512/512/512
f 410/410/410 512/512/512 411/411/411
f 513/513/513 514/514/514 515/515/515
f 513/513/513 515/515/515 516/516/516
f 517/517/517 385/385/385 388/388/388
f 517/517/517 388/388/388 518/518/518
f 519/519/519 513/513/513 516/516/516
f 519/519/519 516/516/516 520/520/520
f 521/521/521 517/517/517 518/518/518
f 521/521/521 518/518/518 522/522/522
f 523/523/523 519/519/519 520/520/520
f 523/523/523 520/520/520 524/524/524
f 525/525/525 521/521/521 522/522/522
f 525/525/525 522/522/522 526/526/526
f 527/527/527 523/523/523 524/524/524
f 527/527/527 524/524/524 528/528/528
f 529/529/529 525/525/525 526/526/526
f 529/529/529 526/526/526 530/530/530
f 531/531/531 527/527/527 528/528/528
f 531/531/531 528/528/528 532/532/532
f 533/533/533 529/529/529 530/530/530
f 533/533/533 530/530/530 534/534/534
f 535/535/535 531/531/531 532/532/532
f 535/535/535 532/532/532 536/536/536
f 537/537/537 533/533/533 534/534/534
f 537/537/537 534/534/534 538/538/538
f 539/539/539 535/535/535 536/536/536
f 539/539/539 536/536/536 540/540/540
f 541/541/541 537/537/537 538/538/538
f 541/541/541 538/538/538 542/542/542
f 543/543/543 539/539/539 540/540/540
f 543/543/543 540/540/540 544/544/544
f 545/545/545 541/541/541 542/542/542
f 545/545/545 542/542/542 546/546/546
f 547/547/547 548/548/548 549/549/549
f 547/547/547 549/549/549 550/550/550
f 551/551/551 545/545/545 546/546/546
f 551/551/551 546/546/546 552/552/552
f 553/553/553 547/547/547 550/550/550
f 553/553/553 550/550/550 554/554/554
f 555/555/555 551/551/551 552/552/552
f 555/555/555 552/552/552 556/556/556
f 557/557/557 553/553/553 554/554/554
f 557/557/557 554/554/554 558/558/558
f 559/559/559 560/560/560 561/561/561
f 559/559/559 561/561/561 562/562/562
f 563/563/563 555/555/555 556/556/556
f 563/563/563 556/556/556 564/564/564
f 565/565/565 557/557/557 558/558/558
f 565/565/565 558/558/558 566/566/566
f 567/567/567 559/559/559 562/562/562
f 567/567/567 562/562/562 568/568/568
f 569/569/569 563/563/563 564/564/564
f 569/569/569 564/564/564 570/570/570
f 571/571/571 565/565/565 566/566/566
f 571/571/571 566/566/566 572/572/572
f 573/573/573 567/567/567 568/568/568
f 573/573/573 568/568/568 574/574/574
f 575/575/575 569/569/569 570/570/570
f 575/575/575 570/570/570 576/576/576
f 577/577/577 571/571/571 572/572/572
f 577/577/577 572/572/572 578/578/578
f 579/579/579 573/573/573 574/574/574
f 579/579/579 574/574/574 580/580/580
f 581/581/581 582/582/582 583/583/583
f 581/581/581 583/583/583 584/584/584
f 585/585/585 577/577/577 578/578/578
f 585/585/585 578/578/578 586/586/586
f 587/587/587 579/579/579 580/580/580
f 587/587/587 580/580/580 588/588/588
f 589/589/589 581/581/581 584/584/584
f 589/589/589 584/584/584 590/590/590
f 591/591/591 585/585/585 586/586/586
f 591/591/591 586/586/586 592/592/592
f 593/593/593 587/587/587 588/588/588
f 593/593/593 588/588/588 594/594/594
f 595/595/595 589/589/589 590/590/590
f 595/595/595 590/590/590 596/596/596
f 597/597/597 591/591/591 592/592/592
f 597/597/597 592/592/592 598/598/598
f 599/599/599 593/593/593 594/594/594
f 599/599/599 594/594/594 600/600/600
f 601/601/601 595/595/595 596/596/596
f 601/601/601 596/596/596 602/602/602
f 603/603/603 597/597/597 598/598/598
f 603/603/603 598/598/598 604/604/604
f 605/605/605 599/599/599 600/600/600
f 605/605/605 600/600/600 606/606/606
f 607/607/607 601/601/601 602/602/602
f 607/607/607 602/602/602 608/608/608
f 609/609/609 603/603/603 604/604/604
f 609/609/609 604/604/604 610/610/610
f 611/611/611 612/612/612 613/613/613
f 611/611/611 613/613/613 614/614/614
f 615/615/615 607/607/607 608/608/608
f 615/615/615 608/608/608 616/616/616
f 617/617/617 609/609/609 610/610/610
f 617/617/617 610/610/610 618/618/618
f 619/619/619 611/611/611 614/614/614
f 619/619/619 614/614/614 620/620/620
f 621/621/621 615/615/615 616/616/616
f 621/621/621 616/616/616 622/622/622
f 623/623/623 617/617/617 618/618/618
f 623/623/623 618/618/618 624/624/624
f 625/625/625 619/619/619 620/620/620
f 625/625/625 620/620/620 626/626/626
f 560/560/560 621/621/621 622/622/622
f 560/560/560 622/622/622 561/561/561
f 627/627/627 623/623/623 624/624/624
f 627/627/627 624/624/624 628/628/628
f 629/629/629 625/625/625 626/626/626
f 629/629/629 626/626/626 630/630/630
f 631/631/631 627/627/627 628/628/628
f 631/631/631 628/628/628 632/632/632
f 633/633/633 629/629/629 630/630/630
f 633/633/633 630/630/630 634/634/634
f 635/635/635 631/631/631 632/632/632
f 635/635/635 632/632/632 636/636/636
f 637/637/637 633/633/633 634/634/634
f 637/637/637 634/634/634 638/638/638
f 639/639/639 640/640/640 641/641/641
f 639/639/639 641/641/641 642/642/642
f 643/643/643 637/637/637 638/638/638
f 643/643/643 638/638/638 644/644/644
f 386/386/386 639/639/639 642/642/642
f 386/386/386 642/642/642 387/387/387
f 514/514/514 643/643/643 644/644/644
f 514/514/514 644/644/644 515/515/515
f 645/645/645 646/646/646 647/647/647
f 645/645/645 647/647/647 648/648/648
f 649/649/649 650/650/650 651/651/651
f 649/649/649 651/651/651 652/652/652
f 653/653/653 654/654/654 655/655/655
f 653/653/653 655/655/655 656/656/656
f 657/657/657 658/658/658 659/659/659
f 657/657/657 659/659/659 660/660/660
f 661/661/661 662/662/662 663/663/663
f 661/661/661 663/663/663 664/664/664
f 665/665/665 666/666/666 667/667/667
f 665/665/665 667/667/667 668/668/668
f 669/669/669 670/670/670 671/671/671
f 669/669/669 671/671/671 672/672/672
f 673/673/673 381/381/381 384/384/384
f 673/673/673 384/384/384 674/674/674
f 675/675/675 645/645/645 648/648/648
f 675/675/675 648/648/648 676/676/676
f 677/677/677 649/649/649 652/652/652
f 677/677/677 652/652/652 678/678/678
f 679/679/679 653/653/653 656/656/656
f 679/679/679 656/656/656 680/680/680
f 681/681/681 657/657/657 660/660/660
f 681/681/681 660/660/660 682/682/682
f 683/683/683 661/661/661 664/664/664
f 683/683/683 664/664/664 684/684/684
f 685/685/685 669/669/669 672/672/672
f 685/685/685 672/672/672 686/686/686
f 687/687/687 688/688/688 689/689/689
f 687/687/687 689/689/689 690/690/690
f 691/691/691 675/675/675 676/676/676
f 691/691/691 676/676/676 692/692/692
f 693/693/693 677/677/677 678/678/678
f 693/693/693 678/678/678 694/694/694
f 695/695/695 679/679/679 680/680/680
f 695/695/695 680/680/680 696/696/696
f 697/697/697 681/681/681 682/682/682
f 697/697/697 682/682/682 698/698/698
f 699/699/699 700/700/700 701/701/701
f 699/699/699 701/701/701 702/702/702
f 703/703/703 685/685/685 686/686/686
f 703/703/703 686/686/686 704/704/704
f 688/688/688 665/665/665 668/668/668
f 688/688/688 668/668/668 689/689/689
f 705/705/705 687/687/687 690/690/690
f 705/705/705 690/690/690 706/706/706
f 707/707/707 691/691/691 692/692/692
f 707/707/707 692/692/692 708/708/708
f 709/709/709 693/693/693 694/694/694
f 709/709/709 694/694/694 710/710/710
f 711/711/711 695/695/695 696/696/696
f 711/711/711 696/696/696 712/712/712
f 713/713/713 697/697/697 698/698/698
f 713/713/713 698/698/698 714/714/714
f 715/715/715 699/699/699 702/702/702
f 715/715/715 702/702/702 716/716/716
f 717/717/717 703/703/703 704/704/704
f 717/717/717 704/704/704 718/718/718
f 719/719/719 705/705/705 706/706/706
f 719/719/719 706/706/706 720/720/720
f 721/721/721 722/722/722 723/723/723
f 721/721/721 723/723/723 724/724/724
f 725/725/725 709/709/709 710/710/710
f 725/725/725 710/710/710 726/726/726
f 727/727/727 711/711/711 712/712/712
f 727/727/727 712/712/712 728/728/728
f 729/729/729 713/713/713 714/714/714
f 729/729/729 714/714/714 730/730/730
f 731/731/731 715/715/715 716/716/716
f 731/731/731 716/716/716 732/732/732
f 733/733/733 717/717/717 718/718/718
f 733/733/733 718/718/718 734/734/734
f 735/735/735 719/719/719 720/720/720
f 735/735/735 720/720/720 736/736/736
f 737/737/737 721/721/721 724/724/724
f 737/737/737 724/724/724 738/738/738
f 739/739/739 725/725/725 726/726/726
f 739/739/739 726/726/726 740/740/740
f 741/741/741 727/727/727 728/728/728
f 741/741/741 728/728/728 742/742/742
f 743/743/743 744/744/744 745/745/745
f 743/743/743 745/745/745 746/746/746
f 747/747/747 731/731/731 732/732/732
f 747/747/747 732/732/732 748/748/748
f 749/749/749 733/733/733 734/734/734
f 749/749/749 734/734/734 750/750/750
f 751/751/751 735/735/735 736/736/736
f 751/751/751 736/736/736 752/752/752
f 753/753/753 737/737/737 738/738/738
f 753/753/753 738/738/738 754/754/754
f 755/755/755 739/739/739 740/740/740
f 755/755/755 740/740/740 756/756/756
f 757/757/757 741/741/741 742/742/742
f 757/757/757 742/742/742 758/758/758
f 759/759/759 743/743/743 746/746/746
f 759/759/759 746/746/746 760/760/760
f 761/761/761 747/747/747 748/748/748
f 761/761/761 748/748/748 762/762/762
f 763/763/763 749/749/749 750/750/750
f 763/763/763 750/750/750 764/764/764
f 765/765/765 766/766/766 767/767/767
f 765/765/765 767/767/767 768/768/768
f 769/769/769 753/753/753 754/754/754
f 769/769/769 754/754/754 770/770/770
f 771/771/771 755/755/755 756/756/756
f 771/771/771 756/756/756 772/772/772
f 773/773/773 757/757/757 758/758/758
f 773/773/773 758/758/758 774/774/774
f 775/775/775 759/759/759 760/760/760
f 775/775/775 760/760/760 776/776/776
f 382/382/382 761/761/761 762/762/762
f 382/382/382 762/762/762 383/383/383
f 646/646/646 763/763/763 764/764/764
f 646/646/646 764/764/764 647/647/647
f 650/650/650 765/765/765 768/768/768
f 650/650/650 768/768/768 651/651/651
f 654/654/654 769/769/769 770/770/770
f 654/654/654 770/770/770 655/655/655
f 658/658/658 771/771/771 772/772/772
f 658/658/658 772/772/772 659/659/659
f 662/662/662 773/773/773 774/774/774
f 662/662/662 774/774/774 663/663/663
f 670/670/670 775/775/775 776/776/776
f 670/670/670 776/776/776 671/671/671
f 777/777/777 778/778/778 378/378/378
f 777/777/777 378/378/378 377/377/377
f 779/779/779 780/780/780 778/778/778
f 779/779/779 778/778/778 777/777/777
f 781/781/781 782/782/782 780/780/780
f 781/781/781 780/780/780 779/779/779
f 783/783/783 784/784/784 782/782/782
f 783/783/783 782/782/782 781/781/781
f 785/785/785 786/786/786 784/784/784
f 785/785/785 784/784/784 783/783/783
f 787/787/787 788/788/788 786/786/786
f 787/787/787 786/786/786 785/785/785
f 789/789/789 790/790/790 788/788/788
f 789/789/789 788/788/788 787/787/787
f 791/791/791 792/792/792 790/790/790
f 791/791/791 790/790/790 789/789/789
f 793/793/793 794/794/794 792/792/792
f 793/793/793 792/792/792 791/791/791
f 795/795/795 796/796/796 794/794/794
f 795/795/795 794/794/794 793/793/793
f 797/797/797 798/798/798 796/796/796
f 797/797/797 796/796/796 795/795/795
f 799/799/799 800/800/800 798/798/798
f 799/799/799 798/798/798 797/797/797
f 801/801/801 802/802/802 800/800/800
f 801/801/801 800/800/800 799/799/799
f 803/803/803 804/804/804 802/802/802
f 803/803/803 802/802/802 801/801/801
f 805/805/805 806/806/806 804/804/804
f 805/805/805 804/804/804 803/803/803
f 807/807/807 808/808/808 806/806/806
f 807/807/807 806/806/806 805/805/805
f 809/809/809 810/810/810 808/808/808
f 809/809/809 808/808/808 807/807/807
f 811/811/811 812/812/812 810/810/810
f 811/811/811 810/810/810 809/809/809
f 813/813/813 814/814/814 812/812/812
f 813/813/813 812/812/812 811/811/811
f 815/815/815 816/816/816 814/814/814
f 815/815/815 814/814/814 813/813/813
f 817/817/817 818/818/818 816/816/816
f 817/817/817 816/816/816 815/815/815
f 819/819/819 820/820/820 818/818/818
f 819/819/819 818/818/818 817/817/817
f 821/821/821 822/822/822 820/820/820
f 821/821/821 820/820/820 819/819/819
f 823/823/823 824/824/824 822/822/822
f 823/823/823 822/822/822 821/821/821
f 825/825/825 826/826/826 824/824/824
f 825/825/825 824/824/824 823/823/823
f 827/827/827 828/828/828 826/826/826
f 827/827/827 826/826/826 825/825/825
f 829/829/829 830/830/830 828/828/828
f 829/829/829 828/828/828 827/827/827
f 831/831/831 832/832/832 830/830/830
f 831/831/831 830/830/830 829/829/829
f 833/833/833 834/834/834 832/832/832
f 833/833/833 832/832/832 831/831/831
f 835/835/835 836/836/836 834/834/834
f 835/835/835 834/834/834 833/833/833
f 837/837/837 838/838/838 836/836/836
f 837/837/837 836/836/836 835/835/835
f 839/839/839 840/840/840 838/838/838
f 839/839/839 838/838/838 837/837/837
f 841/841/841 842/842/842 840/840/840
f 841/841/841 840/840/840 839/839/839
f 843/843/843 844/844/844 842/842/842
f 843/843/843 842/842/842 841/841/841
f 845/845/845 846/846/846 844/844/844
f 845/845/845 844/844/844 843/843/843
f 847/847/847 848/848/848 846/846/846
f 847/847/847 846/846/846 845/845/845
f 849/849/849 850/850/850 848/848/848
f 849/849/849 848/848/848 847/847/847
f 851/851/851 852/852/852 850/850/850
f 851/851/851 850/850/850 849/849/849
f 853/853/853 854/854/854 852/852/852
f 853/853/853 852/852/852 851/851/851
f 855/855/855 856/856/856 854/854/854
f 855/855/855 854/854/854 853/853/853
f 857/857/857 858/858/858 856/856/856
f 857/857/857 856/856/856 855/855/855
f 859/859/859 860/860/860 858/858/858
f 859/859/859 858/858/858 857/857/857
f 861/861/861 862/862/862 860/860/860
f 861/861/861 860/860/860 859/859/859
f 863/863/863 864/864/864 862/862/862
f 863/863/863 862/862/862 861/861/861
f 865/865/865 866/866/866 864/864/864
f 865/865/865 864/864/864 863/863/863
f 867/867/867 868/868/868 866/866/866
f 867/867/867 866/866/866 865/865/865
f 869/869/869 870/870/870 868/868/868
f 869/869/869 868/868/868 867/867/867
f 871/871/871 872/872/872 870/870/870
f 871/871/871 870/870/870 869/869/869
f 873/873/873 874/874/874 872/872/872
f 873/873/873 872/872/872 871/871/871
f 875/875/875 876/876/876 874/874/874
f 875/875/875 874/874/874 873/873/873
f 877/877/877 878/878/878 876/876/876
f 877/877/877 876/876/876 875/875/875
f 879/879/879 880/880/880 878/878/878
f 879/879/879 878/878/878 877/877/877
f 881/881/881 882/882/882 880/880/880
f 881/881/881 880/880/880 879/879/879
f 883/883/883 884/884/884 882/882/882
f 883/883/883 882/882/882 881/881/881
f 885/885/885 886/886/886 884/884/884
f 885/885/885 884/884/884 883/883/883
f 887/887/887 888/888/888 886/886/886
f 887/887/887 886/886/886 885/885/885
f 889/889/889 890/890/890 888/888/888
f 889/889/889 888/888/888 887/887/887
f 891/891/891 892/892/892 890/890/890
f 891/891/891 890/890/890 889/889/889
f 893/893/893 894/894/894 892/892/892
f 893/893/893 892/892/892 891/891/891
f 895/895/895 896/896/896 894/894/894
f 895/895/895 894/894/894 893/893/893
f 897/897/897 898/898/898 896/896/896
f 897/897/897 896/896/896 895/895/895
f 899/899/899 900/900/900 898/898/898
f 899/899/899 898/898/898 897/897/897
f 380/380/380 379/379/379 900/900/900
f 380/380/380 900/900/900 899/899/899
f 901/901/901 902/902/902 379/379/379
f 901/901/901 379/379/379 378/378/378
f 903/903/903 901/901/901 378/378/378
f 903/903/903 378/378/378 778/778/778
f 904/904/904 903/903/903 778/778/778
f 904/904/904 778/778/778 780/780/780
f 905/905/905 904/904/904 780/780/780
f 905/905/905 780/780/780 782/782/782
f 906/906/906 905/905/905 782/782/782
f 906/906/906 782/782/782 784/784/784
f 907/907/907 906/906/906 784/784/784
f 907/907/907 784/784/784 786/786/786
f 908/908/908 907/907/907 786/786/786
f 908/908/908 786/786/786 788/788/788
f 909/909/909 908/908/908 788/788/788
f 909/909/909 788/788/788 790/790/790
f 910/910/910 909/909/909 790/790/790
f 910/910/910 790/790/790 792/792/792
f 911/911/911 910/910/910 792/792/792
f 911/911/911 792/792/792 794/794/794
f 912/912/912 911/911/911 794/794/794
f 912/912/912 794/794/794 796/796/796
f 913/913/913 912/912/912 796/796/796
f 913/913/913 796/796/796 798/798/798
f 914/914/914 913/913/913 798/798/798
f 914/914/914 798/798/798 800/800/800
f 915/915/915 914/914/914 800/800/800
f 915/915/915 800/800/800 802/802/802
f 916/916/916 915/915/915 802/802/802
f 916/916/916 802/802/802 804/804/804
f 917/917/917 916/916/916 804/804/804
f 917/917/917 804/804/804 806/806/806
f 918/918/918 917/917/917 806/806/806
f 918/918/918 806/806/806 808/808/808
f 919/919/919 918/918/918 808/808/808
f 919/919/919 808/808/808 810/810/810
f 920/920/920 919/919/919 810/810/810
f 920/920/920 810/810/810 812/812/812
f 921/921/921 920/920/920 812/812/812
f 921/921/921 812/812/812 814/814/814
f 922/922/922 921/921/921 814/814/814
f 922/922/922 814/814/814 816/816/816
f 923/923/923 922/922/922 816/816/816
f 923/923/923 816/816/816 818/818/818
f 924/924/924 923/923/923 818/818/818
f 924/924/924 818/818/818 820/820/820
f 925/925/925 924/924/924 820/820/820
f 925/925/925 820/820/820 822/822/822
f 926/926/926 925/925/925 822/822/822
f 926/926/926 822/822/822 824/824/824
f 927/927/927 926/926/926 824/824/824
f 927/927/927 824/824/824 826/826/826
f 928/928/928 927/927/927 826/826/826
f 928/928/928 826/826/826 828/828/828
f 929/929/929 928/928/928 828/828/828
f 929/929/929 828/828/828 830/830/830
f 930/930/930 929/929/929 830/830/830
f 930/930/930 830/830/830 832/832/832
f 931/931/931 930/930/930 832/832/832
f 931/931/931 832/832/832 834/834/834
f 932/932/932 931/931/931 834/834/834
f 932/932/932 834/834/834 836/836/836
f 933/933/933 932/932/932 836/836/836
f 933/933/933 836/836/836 838/838/838
f 934/934/934 933/933/933 838/838/838
f 934/934/934 838/838/838 840/840/840
f 935/935/935 934/934/934 840/840/840
f 935/935/935 840/840/840 842/842/842
f 936/936/936 935/935/935 842/842/842
f 936/936/936 842/842/842 844/844/844
f 937/937/937 936/936/936 844/844/844
f 937/937/937 844/844/844 846/846/846
f 938/938/938 937/937/937 846/846/846
f 938/938/938 846/846/846 848/848/848
f 939/939/939 938/938/938 848/848/848
f 939/939/939 848/848/848 850/850/850
f 940/940/940 939/939/939 850/850/850
f 940/940/940 850/850/850 852/852/852
f 941/941/941 940/940/940 852/852/852
f 941/941/941 852/852/852 854/854/854
f 942/942/942 941/941/941 854/854/854
f 942/942/942 854/854/854 856/856/856
f 943/943/943 942/942/942 856/856/856
f 943/943/943 856/856/856 858/858/858
f 944/944/944 943/943/943 858/858/858
f 944/944/944 858/858/858 860/860/860
f 945/945/945 944/944/944 860/860/860
f 945/945/945 860/860/860 862/862/862
f 946/946/946 945/945/945 862/862/862
f 946/946/946 862/862/862 864/864/864
f 947/947/947 946/946/946 864/864/864
f 947/947/947 864/864/864 866/866/866
f 948/948/948 947/947/947 866/866/866
f 948/948/948 866/866/866 868/868/868
f 949/949/949 948/948/948 868/868/868
f 949/949/949 868/868/868 870/870/870
f 950/950/950 949/949/949 870/870/870
f 950/950/950 870/870/870 872/872/872
f 951/951/951 950/950/950 872/872/872
f 951/951/951 872/872/872 874/874/874
f 952/952/952 951/951/951 874/874/874
f 952/952/952 874/874/874 876/876/876
f 953/953/953 952/952/952 876/876/876
f 953/953/953 876/876/876 878/878/878
f 954/954/954 953/953/953 878/878/878
f 954/954/954 878/878/878 880/880/880
f 955/955/955 954/954/954 880/880/880
f 955/955/955 880/880/880 882/882/882
f 956/956/956 955/955/955 882/882/882
f 956/956/956 882/882/882 884/884/884
f 957/957/957 956/956/956 884/884/884
f 957/957/957 884/884/884 886/886/886
f 958/958/958 957/957/957 886/886/886
f 958/958/958 886/886/886 888/888/888
f 959/959/959 958/958/958 888/888/888
f 959/959/959 888/888/888 890/890/890
f 960/960/960 959/959/959 890/890/890
f 960/960/960 890/890/890 892/892/892
f 961/961/961 960/960/960 892/892/892
f 961/961/961 892/892/892 894/894/894
f 962/962/962 961/961/961 894/894/894
f 962/962/962 894/894/894 896/896/896
f 963/963/963 962/962/962 896/896/896
f 963/963/963 896/896/896 898/898/898
f 964/964/964 963/963/963 898/898/898
f 964/964/964 898/898/898 900/900/900
f 902/902/902 964/964/964 900/900/900
f 902/902/902 900/900/900 379/379/379
f 965/965/965 966/966/966 902/902/902
f 965/965/965 902/902/902 901/901/901
f 967/967/967 965/965/965 901/901/901
f 967/967/967 901/901/901 903/903/903
f 968/968/968 967/967/967 903/903/903
f 968/968/968 903/903/903 904/904/904
f 969/969/969 968/968/968 904/904/904
f 969/969/969 904/904/904 905/905/905
f 970/970/970 969/969/969 905/905/905
f 970/970/970 905/905/905 906/906/906
f 971/971/971 970/970/970 906/906/906
f 971/971/971 906/906/906 907/907/907
f 972/972/972 971/971/971 907/907/907
f 972/972/972 907/907/907 908/908/908
f 973/973/973 972/972/972 908/908/908
f 973/973/973 908/908/908 909/909/909
f 974/974/974 973/973/973 909/909/909
f 974/974/974 909/909/909 910/910/910
f 975/975/975 974/974/974 910/910/910
f 975/975/975 910/910/910 911/911/911
f 976/976/976 975/975/975 911/911/911
f 976/976/976 911/911/911 912/912/912
f 977/977/977 976/976/976 912/912/912
f 977/977/977 912/912/912 913/913/913
f 978/978/978 977/977/977 913/913/913
f 978/978/978 913/913/913 914/914/914
f 979/979/979 978/978/978 914/914/914
f 979/979/979 914/914/914 915/915/915
f 980/980/980 979/979/979 915/915/915
f 980/980/980 915/915/915 916/916/916
f 981/981/981 980/980/980 916/916/916
f 981/981/981 916/916/916 917/917/917
f 982/982/982 981/981/981 917/917/917
f 982/982/982 917/917/917 918/918/918
f 983/983/983 982/982/982 918/918/918
f 983/983/983 918/918/918 919/919/919
f 984/984/984 983/983/983 919/919/919
f 984/984/984 919/919/919 920/920/920
f 985/985/985 984/984/984 920/920/920
f 985/985/985 920/920/920 921/921/921
f 986/986/986 985/985/985 921/921/921
f 986/986/986 921/921/921 922/922/922
f 987/987/987 986/986/986 922/922/922
f 987/987/987 922/922/922 923/923/923
f 988/988/988 987/987/987 923/923/923
f 988/988/988 923/923/923 924/924/924
f 989/989/989 988/988/988 924/924/924
f 989/989/989 924/924/924 925/925/925
f 990/990/990 989/989/989 925/925/925
f 990/990/990 925/925/925 926/926/926
f 991/991/991 990/990/990 926/926/926
f 991/991/991 926/926/926 927/927/927
f 992/992/992 991/991/991 927/927/927
f 992/992/992 927/927/927 928/928/928
f 993/993/993 992/992/992 928/928/928
f 993/993/993 928/928/928 929/929/929
f 994/994/994 993/993/993 929/929/929
f 994/994/994 929/929/929 930/930/930
f 995/995/995 994/994/994 930/930/930
f 995/995/995 930/930/930 931/931/931
f 996/996/996 995/995/995 931/931/931
f 996/996/996 931/931/931 932/932/932
f 997/997/997 996/996/996 932/932/932
f 997/997/997 932/932/932 933/933/933
f 998/998/998 997/997/997 933/933/933
f 998/998/998 933/933/933 934/934/934
f 999/999/999 998/998/998 934/934/934
f 999/999/999 934/934/934 935/935/935
f 1000/1000/1000 999/999/999 935/935/935
f 1000/1000/1000 935/935/935 936/936/936
f 1001/1001/1001 1000/1000/1000 936/936/936
f 1001/1001/1001 936/936/936 937/937/937
f 1002/1002/1002 1001/1001/1001 937/937/937
f 1002/1002/1002 937/937/937 938/938/938
f 1003/1003/1003 1002/1002/1002 938/938/938
f 1003/1003/1003 938/938/938 939/939/939
f 1004/1004/1004 1003/1003/1003 939/939/939
f 1004/1004/1004 939/939/939 940/940/940
f 1005/1005/1005 1004/1004/1004 940/940/940
f 1005/1005/1005 940/940/940 941/941/941
f 1006/1006/1006 1005/1005/1005 941/941/941
f 1006/1006/1006 941/941/941 942/942/942
f 1007/1007/1007 1006/1006/1006 942/942/942
f 1007/1007/1007 942/942/942 943/943/943
f 1008/1008/1008 1007/1007/1007 943/943/943
f 1008/1008/1008 943/943/943 944/944/944
f 1009/1009/1009 1008/1008/1008 944/944/944
f 1009/1009/1009 944/944/944 945/945/945
f 1010/1010/1010 1009/1009/1009 945/945/945
f 1010/1010/1010 945/945/945 946/946/946
f 1011/1011/1011 1010/1010/1010 946/946/946
f 1011/1011/1011 946/946/946 947/947/947
f 1012/1012/1012 1011/1011/1011 947/947/947
f 1012/1012/1012 947/947/947 948/948/948
f 1013/1013/1013 1012/1012/1012 948/948/948
f 1013/1013/1013 948/948/948 949/949/949
f 1014/1014/1014 1013/1013/1013 949/949/949
f 1014/1014/1014 949/949/949 950/950/950
f 1015/1015/1015 1014/1014/1014 950/950/950
f 1015/1015/1015 950/950/950 951/951/951
f 1016/1016/1016 1015/1015/1015 951/951/951
f 1016/1016/1016 951/951/951 952/952/952
f 1017/1017/1017 1016/1016/1016 952/952/952
f 1017/1017/1017 952/952/952 953/953/953
f 1018/1018/1018 1017/1017/1017 953/953/953
f 1018/1018/1018 953/953/953 954/954/954
f 1019/1019/1019 1018/1018/1018 954/954/954
f 1019/1019/1019 954/954/954 955/955/955
f 1020/1020/1020 1019/1019/1019 955/955/955
f 1020/1020/1020 955/955/955 956/956/956
f 1021/1021/1021 1020/1020/1020 956/956/956
f 1021/1021/1021 956/956/956 957/957/957
f 1022/1022/1022 1021/1021/1021 957/957/957
f 1022/1022/1022 957/957/957 958/958/958
f 1023/1023/1023 1022/1022/1022 958/958/958
f 1023/1023/1023 958/958/958 959/959/959
f 1024/1024/1024 1023/1023/1023 959/959/959
f 1024/1024/1024 959/959/959 960/960/960
f 1025/1025/1025 1024/1024/1024 960/960/960
f 1025/1025/1025 960/960/960 961/961/961
f 1026/1026/1026 1025/1025/1025 961/961/961
f 1026/1026/1026 961/961/961 962/962/962
f 1027/1027/1027 1026/1026/1026 962/962/962
f 1027/1027/1027 962/962/962 963/963/963
f 1028/1028/1028 1027/1027/1027 963/963/963
f 1028/1028/1028 963/963/963 964/964/964
f 966/966/966 1028/1028/1028 964/964/964
f 966/966/966 964/964/964 902/902/902
f 1029/1029/1029 1030/1030/1030 966/966/966
f 1029/1029/1029 966/966/966 965/965/965
f 1031/1031/1031 1029/1029/1029 965/965/965
f 1031/1031/1031 965/965/965 967/967/967
f 1032/1032/1032 1031/1031/1031 967/967/967
f 1032/1032/1032 967/967/967 968/968/968
f 1033/1033/1033 1032/1032/1032 968/968/968
f 1033/1033/1033 968/968/968 969/969/969
f 1034/1034/1034 1033/1033/1033 969/969/969
f 1034/1034/1034 969/969/969 970/970/970
f 1035/1035/1035 1034/1034/1034 970/970/970
f 1035/1035/1035 970/970/970 971/971/971
f 1036/1036/1036 1035/1035/1035 971/971/971
f 1036/1036/1036 971/971/971 972/972/972
f 1037/1037/1037 1036/1036/1036 972/972/972
f 1037/1037/1037 972/972/972 973/973/973
f 1038/1038/1038 1037/1037/1037 973/973/973
f 1038/1038/1038 973/973/973 974/974/974
f 1039/1039/1039 1038/1038/1038 974/974/974
f 1039/1039/1039 974/974/974 975/975/975
f 1040/1040/1040 1039/1039/1039 975/975/975
f 1040/1040/1040 975/975/975 976/976/976
f 1041/1041/1041 1040/1040/1040 976/976/976
f 1041/1041/1041 976/976/976 977/977/977
f 1042/1042/1042 1041/1041/1041 977/977/977
f 1042/1042/1042 977/977/977 978/978/978
f 1043/1043/1043 1042/1042/1042 978/978/978
f 1043/1043/1043 978/978/978 979/979/979
f 1044/1044/1044 1043/1043/1043 979/979/979
f 1044/1044/1044 979/979/979 980/980/980
f 1045/1045/1045 1044/1044/1044 980/980/980
f 1045/1045/1045 980/980/980 981/981/981
f 1046/1046/1046 1045/1045/1045 981/981/981
f 1046/1046/1046 981/981/981 982/982/982
f 1047/1047/1047 1046/1046/1046 982/982/982
f 1047/1047/1047 982/982/982 983/983/983
f 1048/1048/1048 1047/1047/1047 983/983/983
f 1048/1048/1048 983/983/983 984/984/984
f 1049/1049/1049 1048/1048/1048 984/984/984
f 1049/1049/1049 984/984/984 985/985/985
f 1050/1050/1050 1049/1049/1049 985/985/985
f 1050/1050/1050 985/985/985 986/986/986
f 1051/1051/1051 1050/1050/1050 986/986/986
f 1051/1051/1051 986/986/986 987/987/987
f 1052/1052/1052 1051/1051/1051 987/987/987
f 1052/1052/1052 987/987/987 988/988/988
f 1053/1053/1053 1052/1052/1052 988/988/988
f 1053/1053/1053 988/988/988 989/989/989
f 1054/1054/1054 1053/1053/1053 989/989/989
f 1054/1054/1054 989/989/989 990/990/990
f 1055/1055/1055 1054/1054/1054 990/990/990
f 1055/1055/1055 990/990/990 991/991/991
f 1056/1056/1056 1055/1055/1055 991/991/991
f 1056/1056/1056 991/991/991 992/992/992
f 1057/1057/1057 1056/1056/1056 992/992/992
f 1057/1057/1057 992/992/992 993/993/993
f 1058/1058/1058 1057/1057/1057 993/993/993
f 1058/1058/1058 993/993/993 994/994/994
f 1059/1059/1059 1058/1058/1058 994/994/994
f 1059/1059/1059 994/994/994 995/995/995
f 1060/1060/1060 1059/1059/1059 995/995/995
f 1060/1060/1060 995/995/995 996/996/996
f 1061/1061/1061 1060/1060/1060 996/996/996
f 1061/1061/1061 996/996/996 997/997/997
f 1062/1062/1062 1061/1061/1061 997/997/997
f 1062/1062/1062 997/997/997 998/998/998
f 1063/1063/1063 1062/1062/1062 998/998/998
f 1063/1063/1063 998/998/998 999/999/999
f 1064/1064/1064 1063/1063/1063 999/999/999
f 1064/1064/1064 999/999/999 1000/1000/1000
f 1065/1065/1065 1064/1064/1064 1000/1000/1000
f 1065/1065/1065 1000/1000/1000 1001/1001/1001
f 1066/1066/1066 1065/1065/1065 1001/1001/1001
f 1066/1066/1066 1001/1001/1001 1002/1002/1002
f 1067/1067/1067 1066/1066/1066 1002/1002/1002
f 1067/1067/1067 1002/1002/1002 1003/1003/1003
f 1068/1068/1068 1067/1067/1067 1003/1003/1003
f 1068/1068/1068 1003/1003/1003 1004/1004/1004
f 1069/1069/1069 1068/1068/1068 1004/1004/1004
f 1069/1069/1069 1004/1004/1004 1005/1005/1005
f 1070/1070/1070 1069/1069/1069 1005/1005/1005
f 1070/1070/1070 1005/1005/1005 1006/1006/1006
f 1071/1071/1071 1070/1070/1070 1006/1006/1006
f 1071/1071/1071 1006/1006/1006 1007/1007/1007
f 1072/1072/1072 1071/1071/1071 1007/1007/1007
f 1072/1072/1072 1007/1007/1007 1008/1008/1008
f 1073/1073/1073 1072/1072/1072 1008/1008/1008
f 1073/1073/1073 1008/1008/1008 1009/1009/1009
f 1074/1074/1074 1073/1073/1073 1009/1009/1009
f 1074/1074/1074 1009/1009/1009 1010/1010/1010
f 1075/1075/1075 1074/1074/1074 1010/1010/1010
f 1075/1075/1075 1010/1010/1010 1011/1011/1011
f 1076/1076/1076 1075/1075/1075 1011/1011/1011
f 1076/1076/1076 1011/1011/1011 1012/1012/1012
f 1077/1077/1077 1076/1076/1076 1012/1012/1012
f 1077/1077/1077 1012/1012/1012 1013/1013/1013
f 1078/1078/1078 1077/1077/1077 1013/1013/1013
f 1078/1078/1078 1013/1013/1013 1014/1014/1014
f 1079/1079/1079 1078/1078/1078 1014/1014/1014
f 1079/1079/1079 1014/1014/1014 1015/1015/1015
f 1080/1080/1080 1079/1079/1079 1015/1015/1015
f 1080/1080/1080 1015/1015/1015 1016/1016/1016
f 1081/1081/1081 1080/1080/1080 1016/1016/1016
f 1081/1081/1081 1016/1016/1016 1017/1017/1017
f 1082/1082/1082 1081/1081/1081 1017/1017/1017
f 1082/1082/1082 1017/1017/1017 1018/1018/1018
f 1083/1083/1083 1082/1082/1082 1018/1018/1018
f 1083/1083/1083 1018/1018/1018 1019/1019/1019
f 1084/1084/1084 1083/1083/1083 1019/1019/1019
f 1084/1084/1084 1019/1019/1019 1020/1020/1020
f 1085/1085/1085 1084/1084/1084 1020/1020/1020
f 1085/1085/1085 1020/1020/1020 1021/1021/1021
f 1086/1086/1086 1085/1085/1085 1021/1021/1021
f 1086/1086/1086 1021/1021/1021 1022/1022/1022
f 1087/1087/1087 1086/1086/1086 1022/1022/1022
f 1087/1087/1087 1022/1022/1022 1023/1023/1023
f 1088/1088/1088 1087/1087/1087 1023/1023/1023
f 1088/1088/1088 1023/1023/1023 1024/1024/1024
f 1089/1089/1089 1088/1088/1088 1024/1024/1024
f 1089/1089/1089 1024/1024/1024 1025/1025/1025
f 1090/1090/1090 1089/1089/1089 1025/1025/1025
f 1090/1090/1090 1025/1025/1025 1026/1026/1026
f 1091/1091/1091 1090/1090/1090 1026/1026/1026
f 1091/1091/1091 1026/1026/1026 1027/1027/1027
f 1092/1092/1092 1091/1091/1091 1027/1027/1027
f 1092/1092/1092 1027/1027/1027 1028/1028/1028
f 1030/1030/1030 1092/1092/1092 1028/1028/1028
f 1030/1030/1030 1028/1028/1028 966/966/966
f 1093/1093/1093 1094/1094/1094 1030/1030/1030
f 1093/1093/1093 1030/1030/1030 1029/1029/1029
f 1095/1095/1095 1093/1093/1093 1029/1029/1029
f 1095/1095/1095 1029/1029/1029 1031/1031/1031
f 1096/1096/1096 1095/1095/1095 1031/1031/1031
f 1096/1096/1096 1031/1031/1031 1032/1032/1032
f 1097/1097/1097 1096/1096/1096 1032/1032/1032
f 1097/1097/1097 1032/1032/1032 1033/1033/1033
f 1098/1098/1098 1097/1097/1097 1033/1033/1033
f 1098/1098/1098 1033/1033/1033 1034/1034/1034
f 1099/1099/1099 1098/1098/1098 1034/1034/1034
f 1099/1099/1099 1034/1034/1034 1035/1035/1035
f 1100/1100/1100 1099/1099/1099 1035/1035/1035
f 1100/1100/1100 1035/1035/1035 1036/1036/1036
f 1101/1101/1101 1100/1100/1100 1036/1036/1036
f 1101/1101/1101 1036/1036/1036 1037/1037/1037
f 1102/1102/1102 1101/1101/1101 1037/1037/1037
f 1102/1102/1102 1037/1037/1037 1038/1038/1038
f 1103/1103/1103 1102/1102/1102 1038/1038/1038
f 1103/1103/1103 1038/1038/1038 1039/1039/1039
f 1104/1104/1104 1103/1103/1103 1039/1039/1039
f 1104/1104/1104 1039/1039/1039 1040/1040/1040
f 1105/1105/1105 1104/1104/1104 1040/1040/1040
f 1105/1105/1105 1040/1040/1040 1041/1041/1041
f 1106/1106/1106 1105/1105/1105 1041/1041/1041
f 1106/1106/1106 1041/1041/1041 1042/1042/1042
f 1107/1107/1107 1106/1106/1106 1042/1042/1042
f 1107/1107/1107 1042/1042/1042 1043/1043/1043
f 1108/1108/1108 1107/1107/1107 1043/1043/1043
f 1108/1108/1108 1043/1043/1043 1044/1044/1044
f 1109/1109/1109 1108/1108/1108 1044/1044/1044
f 1109/1109/1109 1044/1044/1044 1045/1045/1045
f 1110/1110/1110 1109/1109/1109 1045/1045/1045
f 1110/1110/1110 1045/1045/1045 1046/1046/1046
f 1111/1111/1111 1110/1110/1110 1046/1046/1046
f 1111/1111/1111 1046/1046/1046 1047/1047/1047
f 1112/1112/1112 1111/1111/1111 1047/1047/1047
f 1112/1112/1112 1047/1047/1047 1048/1048/1048
f 1113/1113/1113 1112/1112/1112 1048/1048/1048
f 1113/1113/1113 1048/1048/1048 1049/1049/1049
f 1114/1114/1114 1113/1113/1113 1049/1049/1049
f 1114/1114/1114 1049/1049/1049 1050/1050/1050
f 1115/1115/1115 1114/1114/1114 1050/1050/1050
f 1115/1115/1115 1050/1050/1050 1051/1051/1051
f 1116/1116/1116 1115/1115/1115 1051/1051/1051
f 1116/1116/1116 1051/1051/1051 1052/1052/1052
f 1117/1117/1117 1116/1116/1116 1052/1052/1052
f 1117/1117/1117 1052/1052/1052 1053/1053/1053
f 1118/1118/1118 1117/1117/1117 1053/1053/1053
f 1118/1118/1118 1053/1053/1053 1054/1054/1054
f 1119/1119/1119 1118/1118/1118 1054/1054/1054
f 1119/1119/1119 1054/1054/1054 1055/1055/1055
f 1120/1120/1120 1119/1119/1119 1055/1055/1055
f 1120/1120/1120 1055/1055/1055 1056/1056/1056
f 1121/1121/1121 1120/1120/1120 1056/1056/1056
f 1121/1121/1121 1056/1056/1056 1057/1057/1057
f 1122/1122/1122 1121/1121/1121 1057/1057/1057
f 1122/1122/1122 1057/1057/1057 1058/1058/1058
f 1123/1123/1123 1122/1122/1122 1058/1058/1058
f 1123/1123/1123 1058/1058/1058 1059/1059/1059
f 1124/1124/1124 1123/1123/1123 1059/1059/1059
f 1124/1124/1124 1059/1059/1059 1060/1060/1060
f 1125/1125/1125 1124/1124/1124 1060/1060/1060
f 1125/1125/1125 1060/1060/1060 1061/1061/1061
f 1126/1126/1126 1125/1125/1125 1061/1061/1061
f 1126/1126/1126 1061/1061/1061 1062/1062/1062
f 1127/1127/1127 1126/1126/1126 1062/1062/1062
f 1127/1127/1127 1062/1062/1062 1063/1063/1063
f 1128/1128/1128 1127/1127/1127 1063/1063/1063
f 1128/1128/1128 1063/1063/1063 1064/1064/1064
f 1129/1129/1129 1128/1128/1128 1064/1064/1064
f 1129/1129/1129 1064/1064/1064 1065/1065/1065
f 1130/1130/1130 1129/1129/1129 1065/1065/1065
f 1130/1130/1130 1065/1065/1065 1066/1066/1066
f 1131/1131/1131 1130/1130/1130 1066/1066/1066
f 1131/1131/1131 1066/1066/1066 1067/1067/1067
f 1132/1132/1132 1131/1131/1131 1067/1067/1067
f 1132/1132/1132 1067/1067/1067 1068/1068/1068
f 1133/1133/1133 1132/1132/1132 1068/1068/1068
f 1133/1133/1133 1068/1068/1068 1069/1069/1069
f 1134/1134/1134 1133/1133/1133 1069/1069/1069
f 1134/1134/1134 1069/1069/1069 1070/1070/1070
f 1135/1135/1135 1134/1134/1134 1070/1070/1070
f 1135/1135/1135 1070/1070/1070 1071/1071/1071
f 1136/1136/1136 1135/1135/1135 1071/1071/1071
f 1136/1136/1136 1071/1071/1071 1072/1072/1072
f 1137/1137/1137 1136/1136/1136 1072/1072/1072
f 1137/1137/1137 1072/1072/1072 1073/1073/1073
f 1138/1138/1138 1137/1137/1137 1073/1073/1073
f 1138/1138/1138 1073/1073/1073 1074/1074/1074
f 1139/1139/1139 1138/1138/1138 1074/1074/1074
f 1139/1139/1139 1074/1074/1074 1075/1075/1075
f 1140/1140/1140 1139/1139/1139 1075/1075/1075
f 1140/1140/1140 1075/1075/1075 1076/1076/1076
f 1141/1141/1141 1140/1140/1140 1076/1076/1076
f 1141/1141/1141 1076/1076/1076 1077/1077/1077
f 1142/1142/1142 1141/1141/1141 1077/1077/1077
f 1142/1142/1142 1077/1077/1077 1078/1078/1078
f 1143/1143/1143 1142/1142/1142 1078/1078/1078
f 1143/1143/1143 1078/1078/1078 1079/1079/1079
f 1144/1144/1144 1143/1143/1143 1079/1079/1079
f 1144/1144/1144 1079/1079/1079 1080/1080/1080
f 1145/1145/1145 1144/1144/1144 1080/1080/1080
f 1145/1145/1145 1080/1080/1080 1081/1081/1081
f 1146/1146/1146 1145/1145/1145 1081/1081/1081
f 1146/1146/1146 1081/1081/1081 1082/1082/1082
f 1147/1147/1147 1146/1146/1146 1082/1082/1082
f 1147/1147/1147 1082/1082/1082 1083/1083/1083
f 1148/1148/1148 1147/1147/1147 1083/1083/1083
f 1148/1148/1148 1083/1083/1083 1084/1084/1084
f 1149/1149/1149 1148/1148/1148 1084/1084/1084
f 1149/1149/1149 1084/1084/1084 1085/1085/1085
f 1150/1150/1150 1149/1149/1149 1085/1085/1085
f 1150/1150/1150 1085/1085/1085 1086/1086/1086
f 1151/1151/1151 1150/1150/1150 1086/1086/1086
f 1151/1151/1151 1086/1086/1086 1087/1087/1087
f 1152/1152/1152 1151/1151/1151 1087/1087/1087
f 1152/1152/1152 1087/1087/1087 1088/1088/1088
f 1153/1153/1153 1152/1152/1152 1088/1088/1088
f 1153/1153/1153 1088/1088/1088 1089/1089/1089
f 1154/1154/1154 1153/1153/1153 1089/1089/1089
f 1154/1154/1154 1089/1089/1089 1090/1090/1090
f 1155/1155/1155 1154/1154/1154 1090/1090/1090
f 1155/1155/1155 1090/1090/1090 1091/1091/1091
f 1156/1156/1156 1155/1155/1155 1091/1091/1091
f 1156/1156/1156 1091/1091/1091 1092/1092/1092
f 1094/1094/1094 1156/1156/1156 1092/1092/1092
f 1094/1094/1094 1092/1092/1092 1030/1030/1030
f 666/666/666 673/673/673 674/674/674
f 666/666/666 674/674/674 667/667/667
f 1157/1157/1157 1158/1158/1158 1159/1159/1159
f 1157/1157/1157 1159/1159/1159 1160/1160/1160
f 1161/1161/1161 1162/1162/1162 1163/1163/1163
f 1161/1161/1161 1163/1163/1163 1164/1164/1164
f 1158/1158/1158 1165/1165/1165 1166/1166/1166
f 1158/1158/1158 1166/1166/1166 1159/1159/1159
f 1167/1167/1167 1161/1161/1161 1164/1164/1164
f 1167/1167/1167 1164/1164/1164 1168/1168/1168
f 1165/1165/1165 1169/1169/1169 1170/1170/1170
f 1165/1165/1165 1170/1170/1170 1166/1166/1166
f 1171/1171/1171 1167/1167/1167 1168/1168/1168
f 1171/1171/1171 1168/1168/1168 1172/1172/1172
f 1173/1173/1173 1174/1174/1174 1175/1175/1175
f 1173/1173/1173 1175/1175/1175 1176/1176/1176
f 1169/1169/1169 1177/1177/1177 1178/1178/1178
f 1169/1169/1169 1178/1178/1178 1170/1170/1170
f 1179/1179/1179 1171/1171/1171 1172/1172/1172
f 1179/1179/1179 1172/1172/1172 1180/1180/1180
f 1181/1181/1181 1173/1173/1173 1176/1176/1176
f 1181/1181/1181 1176/1176/1176 1182/1182/1182
f 1177/1177/1177 1183/1183/1183 1184/1184/1184
f 1177/1177/1177 1184/1184/1184 1178/1178/1178
f 1185/1185/1185 1179/1179/1179 1180/1180/1180
f 1185/1185/1185 1180/1180/1180 1186/1186/1186
f 1187/1187/1187 1181/1181/1181 1182/1182/1182
f 1187/1187/1187 1182/1182/1182 1188/1188/1188
f 1183/1183/1183 1189/1189/1189 1190/1190/1190
f 1183/1183/1183 1190/1190/1190 1184/1184/1184
f 1191/1191/1191 1185/1185/1185 1186/1186/1186
f 1191/1191/1191 1186/1186/1186 1192/1192/1192
f 1193/1193/1193 1187/1187/1187 1188/1188/1188
f 1193/1193/1193 1188/1188/1188 1194/1194/1194
f 1189/1189/1189 1195/1195/1195 1196/1196/1196
f 1189/1189/1189 1196/1196/1196 1190/1190/1190
f 1197/1197/1197 1191/1191/1191 1192/1192/1192
f 1197/1197/1197 1192/1192/1192 1198/1198/1198
f 1199/1199/1199 1193/1193/1193 1194/1194/1194
f 1199/1199/1199 1194/1194/1194 1200/1200/1200
f 1201/1201/1201 1197/1197/1197 1198/1198/1198
f 1201/1201/1201 1198/1198/1198 1202/1202/1202
f 1203/1203/1203 1199/1199/1199 1200/1200/1200
f 1203/1203/1203 1200/1200/1200 1204/1204/1204
f 1205/1205/1205 1201/1201/1201 1202/1202/1202
f 1205/1205/1205 1202/1202/1202 1206/1206/1206
f 1207/1207/1207 1203/1203/1203 1204/1204/1204
f 1207/1207/1207 1204/1204/1204 1208/1208/1208
f 1209/1209/1209 1210/1210/1210 1211/1211/1211
f 1209/1209/1209 1211/1211/1211 1212/1212/1212
f 1213/1213/1213 1207/1207/1207 1208/1208/1208
f 1213/1213/1213 1208/1208/1208 1214/1214/1214
f 1202/1202/1202 1215/1215/1215 1216/1216/1216
f 1202/1202/1202 1216/1216/1216 1206/1206/1206
f 1217/1217/1217 1213/1213/1213 1214/1214/1214
f 1217/1217/1217 1214/1214/1214 1163/1163/1163
f 1215/1215/1215 1218/1218/1218 1219/1219/1219
f 1215/1215/1215 1219/1219/1219 1216/1216/1216
f 1217/1217/1217 1163/1163/1163 1162/1162/1162
f 1217/1217/1217 1162/1162/1162 1220/1220/1220
f 1218/1218/1218 1157/1157/1157 1160/1160/1160
f 1218/1218/1218 1160/1160/1160 1219/1219/1219
f 1221/1221/1221 1222/1222/1222 1223/1223/1223
f 1221/1221/1221 1223/1223/1223 1224/1224/1224
f 1225/1225/1225 1226/1226/1226 1227/1227/1227
f 1225/1225/1225 1227/1227/1227 1228/1228/1228
f 1229/1229/1229 1230/1230/1230 1231/1231/1231
f 1229/1229/1229 1231/1231/1231 1232/1232/1232
f 1233/1233/1233 1234/1234/1234 1235/1235/1235
f 1233/1233/1233 1235/1235/1235 1236/1236/1236
f 1226/1226/1226 1237/1237/1237 1238/1238/1238
f 1226/1226/1226 1238/1238/1238 1227/1227/1227
f 1230/1230/1230 1239/1239/1239 1240/1240/1240
f 1230/1230/1230 1240/1240/1240 1231/1231/1231
f 1234/1234/1234 1241/1241/1241 1242/1242/1242
f 1234/1234/1234 1242/1242/1242 1235/1235/1235
f 1237/1237/1237 1243/1243/1243 1244/1244/1244
f 1237/1237/1237 1244/1244/1244 1238/1238/1238
f 1239/1239/1239 1245/1245/1245 1246/1246/1246
f 1239/1239/1239 1246/1246/1246 1240/1240/1240
f 1241/1241/1241 1247/1247/1247 1248/1248/1248
f 1241/1241/1241 1248/1248/1248 1242/1242/1242
f 1243/1243/1243 1249/1249/1249 1250/1250/1250
f 1243/1243/1243 1250/1250/1250 1244/1244/1244
f 1247/1247/1247 1251/1251/1251 1252/1252/1252
f 1247/1247/1247 1252/1252/1252 1248/1248/1248
f 1249/1249/1249 1253/1253/1253 1254/1254/1254
f 1249/1249/1249 1254/1254/1254 1250/1250/1250
f 1251/1251/1251 1255/1255/1255 1256/1256/1256
f 1251/1251/1251 1256/1256/1256 1252/1252/1252
f 1253/1253/1253 1257/1257/1257 1258/1258/1258
f 1253/1253/1253 1258/1258/1258 1254/1254/1254
f 1255/1255/1255 1259/1259/1259 1260/1260/1260
f 1255/1255/1255 1260/1260/1260 1256/1256/1256
f 1257/1257/1257 1261/1261/1261 1262/1262/1262
f 1257/1257/1257 1262/1262/1262 1258/1258/1258
f 1259/1259/1259 1263/1263/1263 1264/1264/1264
f 1259/1259/1259 1264/1264/1264 1260/1260/1260
f 1261/1261/1261 1265/1265/1265 1266/1266/1266
f 1261/1261/1261 1266/1266/1266 1262/1262/1262
f 1263/1263/1263 1267/1267/1267 1268/1268/1268
f 1263/1263/1263 1268/1268/1268 1264/1264/1264
f 1265/1265/1265 1269/1269/1269 1270/1270/1270
f 1265/1265/1265 1270/1270/1270 1266/1266/1266
f 1267/1267/1267 1271/1271/1271 1272/1272/1272
f 1267/1267/1267 1272/1272/1272 1268/1268/1268
f 1269/1269/1269 1273/1273/1273 1274/1274/1274
f 1269/1269/1269 1274/1274/1274 1270/1270/1270
f 1271/1271/1271 1275/1275/1275 1276/1276/1276
f 1271/1271/1271 1276/1276/1276 1272/1272/1272
f 1273/1273/1273 1277/1277/1277 1278/1278/1278
f 1273/1273/1273 1278/1278/1278 1274/1274/1274
f 1275/1275/1275 1279/1279/1279 1280/1280/1280
f 1275/1275/1275 1280/1280/1280 1276/1276/1276
f 1277/1277/1277 1281/1281/1281 1282/1282/1282
f 1277/1277/1277 1282/1282/1282 1278/1278/1278
f 1283/1283/1283 1284/1284/1284 1285/1285/1285
f 1283/1283/1283 1285/1285/1285 1286/1286/1286
f 1279/1279/1279 1287/1287/1287 1288/1288/1288
f 1279/1279/1279 1288/1288/1288 1280/1280/1280
f 1281/1281/1281 1289/1289/1289 1290/1290/1290
f 1281/1281/1281 1290/1290/1290 1282/1282/1282
f 1284/1284/1284 1225/1225/1225 1228/1228/1228
f 1284/1284/1284 1228/1228/1228 1285/1285/1285
f 1287/1287/1287 1229/1229/1229 1232/1232/1232
f 1287/1287/1287 1232/1232/1232 1288/1288/1288
f 1289/1289/1289 1233/1233/1233 1236/1236/1236
f 1289/1289/1289 1236/1236/1236 1290/1290/1290
f 1291/1291/1291 1292/1292/1292 1293/1293/1293
f 1291/1291/1291 1293/1293/1293 1294/1294/1294
f 1292/1292/1292 1295/1295/1295 1296/1296/1296
f 1292/1292/1292 1296/1296/1296 1293/1293/1293
f 1295/1295/1295 1297/1297/1297 1298/1298/1298
f 1295/1295/1295 1298/1298/1298 1296/1296/1296
f 1297/1297/1297 1299/1299/1299 1300/1300/1300
f 1297/1297/1297 1300/1300/1300 1298/1298/1298
f 1299/1299/1299 1301/1301/1301 1302/1302/1302
f 1299/1299/1299 1302/1302/1302 1300/1300/1300
f 1301/1301/1301 1303/1303/1303 1304/1304/1304
f 1301/1301/1301 1304/1304/1304 1302/1302/1302
f 1303/1303/1303 1305/1305/1305 1306/1306/1306
f 1303/1303/1303 1306/1306/1306 1304/1304/1304
f 1305/1305/1305 1307/1307/1307 1308/1308/1308
f 1305/1305/1305 1308/1308/1308 1306/1306/1306
f 1309/1309/1309 1310/1310/1310 1311/1311/1311
f 1309/1309/1309 1311/1311/1311 1312/1312/1312
f 1310/1310/1310 1209/1209/1209 1212/1212/1212
f 1310/1310/1310 1212/1212/1212 1311/1311/1311
f 1172/1172/1172 1313/1313/1313 1314/1314/1314
f 1172/1172/1172 1314/1314/1314 1180/1180/1180
f 1313/1313/1313 1315/1315/1315 1316/1316/1316
f 1313/1313/1313 1316/1316/1316 1314/1314/1314
f 1315/1315/1315 1317/1317/1317 1318/1318/1318
f 1315/1315/1315 1318/1318/1318 1316/1316/1316
f 1317/1317/1317 1319/1319/1319 1320/1320/1320
f 1317/1317/1317 1320/1320/1320 1318/1318/1318
f 1319/1319/1319 1321/1321/1321 1322/1322/1322
f 1319/1319/1319 1322/1322/1322 1320/1320/1320
f 1321/1321/1321 1323/1323/1323 1324/1324/1324
f 1321/1321/1321 1324/1324/1324 1322/1322/1322
f 1323/1323/1323 1325/1325/1325 1326/1326/1326
f 1323/1323/1323 1326/1326/1326 1324/1324/1324
f 1325/1325/1325 1327/1327/1327 1328/1328/1328
f 1325/1325/1325 1328/1328/1328 1326/1326/1326
f 1327/1327/1327 1329/1329/1329 1330/1330/1330
f 1327/1327/1327 1330/1330/1330 1328/1328/1328
f 1329/1329/1329 1331/1331/1331 1332/1332/1332
f 1329/1329/1329 1332/1332/1332 1330/1330/1330
f 1175/1175/1175 1333/1333/1333 1334/1334/1334
f 1175/1175/1175 1334/1334/1334 1335/1335/1335
f 1176/1176/1176 1175/1175/1175 1335/1335/1335
f 1176/1176/1176 1335/1335/1335 1336/1336/1336
f 1182/1182/1182 1176/1176/1176 1336/1336/1336
f 1182/1182/1182 1336/1336/1336 1337/1337/1337
f 1188/1188/1188 1182/1182/1182 1337/1337/1337
f 1188/1188/1188 1337/1337/1337 1338/1338/1338
f 1194/1194/1194 1188/1188/1188 1338/1338/1338
f 1194/1194/1194 1338/1338/1338 1339/1339/1339
f 1200/1200/1200 1194/1194/1194 1339/1339/1339
f 1200/1200/1200 1339/1339/1339 1340/1340/1340
f 1204/1204/1204 1200/1200/1200 1340/1340/1340
f 1204/1204/1204 1340/1340/1340 1341/1341/1341
f 1208/1208/1208 1204/1204/1204 1341/1341/1341
f 1208/1208/1208 1341/1341/1341 1342/1342/1342
f 1214/1214/1214 1208/1208/1208 1342/1342/1342
f 1214/1214/1214 1342/1342/1342 1343/1343/1343
f 1163/1163/1163 1214/1214/1214 1343/1343/1343
f 1163/1163/1163 1343/1343/1343 1164/1164/1164
f 1344/1344/1344 1345/1345/1345 1346/1346/1346
f 1344/1344/1344 1346/1346/1346 1347/1347/1347
f 1345/1345/1345 1348/1348/1348 1349/1349/1349
f 1345/1345/1345 1349/1349/1349 1346/1346/1346
f 1350/1350/1350 1351/1351/1351 1352/1352/1352
f 1350/1350/1350 1352/1352/1352 1353/1353/1353
f 1351/1351/1351 1354/1354/1354 1355/1355/1355
f 1351/1351/1351 1355/1355/1355 1352/1352/1352
f 1354/1354/1354 1356/1356/1356 1357/1357/1357
f 1354/1354/1354 1357/1357/1357 1355/1355/1355
f 1356/1356/1356 1358/1358/1358 1359/1359/1359
f 1356/1356/1356 1359/1359/1359 1357/1357/1357
f 1358/1358/1358 1360/1360/1360 1361/1361/1361
f 1358/1358/1358 1361/1361/1361 1359/1359/1359
f 1360/1360/1360 1362/1362/1362 1363/1363/1363
f 1360/1360/1360 1363/1363/1363 1361/1361/1361
f 1362/1362/1362 1364/1364/1364 1365/1365/1365
f 1362/1362/1362 1365/1365/1365 1363/1363/1363
f 1364/1364/1364 1366/1366/1366 1367/1367/1367
f 1364/1364/1364 1367/1367/1367 1365/1365/1365
f 1222/1222/1222 1344/1344/1344 1347/1347/1347
f 1222/1222/1222 1347/1347/1347 1223/1223/1223
f 1192/1192/1192 1368/1368/1368 1369/1369/1369
f 1192/1192/1192 1369/1369/1369 1198/1198/1198
f 1368/1368/1368 1370/1370/1370 1371/1371/1371
f 1368/1368/1368 1371/1371/1371 1369/1369/1369
f 1370/1370/1370 1372/1372/1372 1373/1373/1373
f 1370/1370/1370 1373/1373/1373 1371/1371/1371
f 1372/1372/1372 1374/1374/1374 1375/1375/1375
f 1372/1372/1372 1375/1375/1375 1373/1373/1373
f 1374/1374/1374 1376/1376/1376 1377/1377/1377
f 1374/1374/1374 1377/1377/1377 1375/1375/1375
f 1376/1376/1376 1378/1378/1378 1379/1379/1379
f 1376/1376/1376 1379/1379/1379 1377/1377/1377
f 1378/1378/1378 1380/1380/1380 1381/1381/1381
f 1378/1378/1378 1381/1381/1381 1379/1379/1379
f 1380/1380/1380 1382/1382/1382 1383/1383/1383
f 1380/1380/1380 1383/1383/1383 1381/1381/1381
f 1382/1382/1382 1384/1384/1384 1385/1385/1385
f 1382/1382/1382 1385/1385/1385 1383/1383/1383
f 1384/1384/1384 1386/1386/1386 1387/1387/1387
f 1384/1384/1384 1387/1387/1387 1385/1385/1385
f 1198/1198/1198 1369/1369/1369 1215/1215/1215
f 1198/1198/1198 1215/1215/1215 1202/1202/1202
f 1369/1369/1369 1371/1371/1371 1218/1218/1218
f 1369/1369/1369 1218/1218/1218 1215/1215/1215
f 1371/1371/1371 1373/1373/1373 1157/1157/1157
f 1371/1371/1371 1157/1157/1157 1218/1218/1218
f 1373/1373/1373 1375/1375/1375 1158/1158/1158
f 1373/1373/1373 1158/1158/1158 1157/1157/1157
f 1375/1375/1375 1377/1377/1377 1165/1165/1165
f 1375/1375/1375 1165/1165/1165 1158/1158/1158
f 1377/1377/1377 1379/1379/1379 1169/1169/1169
f 1377/1377/1377 1169/1169/1169 1165/1165/1165
f 1379/1379/1379 1381/1381/1381 1177/1177/1177
f 1379/1379/1379 1177/1177/1177 1169/1169/1169
f 1381/1381/1381 1383/1383/1383 1183/1183/1183
f 1381/1381/1381 1183/1183/1183 1177/1177/1177
f 1383/1383/1383 1385/1385/1385 1189/1189/1189
f 1383/1383/1383 1189/1189/1189 1183/1183/1183
f 1385/1385/1385 1387/1387/1387 1195/1195/1195
f 1385/1385/1385 1195/1195/1195 1189/1189/1189
f 1210/1210/1210 1388/1388/1388 1389/1389/1389
f 1210/1210/1210 1389/1389/1389 1211/1211/1211
f 1388/1388/1388 1390/1390/1390 1391/1391/1391
f 1388/1388/1388 1391/1391/1391 1389/1389/1389
f 1392/1392/1392 1221/1221/1221 1224/1224/1224
f 1392/1392/1392 1224/1224/1224 1393/1393/1393
f 1335/1335/1335 1334/1334/1334 1394/1394/1394
f 1335/1335/1335 1394/1394/1394 1395/1395/1395
f 1336/1336/1336 1335/1335/1335 1395/1395/1395
f 1336/1336/1336 1395/1395/1395 1396/1396/1396
f 1337/1337/1337 1336/1336/1336 1396/1396/1396
f 1337/1337/1337 1396/1396/1396 1397/1397/1397
f 1338/1338/1338 1337/1337/1337 1397/1397/1397
f 1338/1338/1338 1397/1397/1397 1398/1398/1398
f 1339/1339/1339 1338/1338/1338 1398/1398/1398
f 1339/1339/1339 1398/1398/1398 1399/1399/1399
f 1340/1340/1340 1339/1339/1339 1399/1399/1399
f 1340/1340/1340 1399/1399/1399 1400/1400/1400
f 1341/1341/1341 1340/1340/1340 1400/1400/1400
f 1341/1341/1341 1400/1400/1400 1401/1401/1401
f 1342/1342/1342 1341/1341/1341 1401/1401/1401
f 1342/1342/1342 1401/1401/1401 1402/1402/1402
f 1343/1343/1343 1342/1342/1342 1402/1402/1402
f 1343/1343/1343 1402/1402/1402 1403/1403/1403
f 1164/1164/1164 1343/1343/1343 1403/1403/1403
f 1164/1164/1164 1403/1403/1403 1168/1168/1168
f 1404/1404/1404 1392/1392/1392 1393/1393/1393
f 1404/1404/1404 1393/1393/1393 1405/1405/1405
f 1406/1406/1406 1407/1407/1407 1386/1386/1386
f 1406/1406/1406 1386/1386/1386 1384/1384/1384
f 1408/1408/1408 1406/1406/1406 1384/1384/1384
f 1408/1408/1408 1384/1384/1384 1382/1382/1382
f 1409/1409/1409 1408/1408/1408 1382/1382/1382
f 1409/1409/1409 1382/1382/1382 1380/1380/1380
f 1410/1410/1410 1409/1409/1409 1380/1380/1380
f 1410/1410/1410 1380/1380/1380 1378/1378/1378
f 1411/1411/1411 1410/1410/1410 1378/1378/1378
f 1411/1411/1411 1378/1378/1378 1376/1376/1376
f 1412/1412/1412 1411/1411/1411 1376/1376/1376
f 1412/1412/1412 1376/1376/1376 1374/1374/1374
f 1413/1413/1413 1412/1412/1412 1374/1374/1374
f 1413/1413/1413 1374/1374/1374 1372/1372/1372
f 1414/1414/1414 1413/1413/1413 1372/1372/1372
f 1414/1414/1414 1372/1372/1372 1370/1370/1370
f 1415/1415/1415 1414/1414/1414 1370/1370/1370
f 1415/1415/1415 1370/1370/1370 1368/1368/1368
f 1186/1186/1186 1415/1415/1415 1368/1368/1368
f 1186/1186/1186 1368/1368/1368 1192/1192/1192
f 1390/1390/1390 1416/1416/1416 1417/1417/1417
f 1390/1390/1390 1417/1417/1417 1391/1391/1391
f 1180/1180/1180 1314/1314/1314 1415/1415/1415
f 1180/1180/1180 1415/1415/1415 1186/1186/1186
f 1314/1314/1314 1316/1316/1316 1414/1414/1414
f 1314/1314/1314 1414/1414/1414 1415/1415/1415
f 1316/1316/1316 1318/1318/1318 1413/1413/1413
f 1316/1316/1316 1413/1413/1413 1414/1414/1414
f 1318/1318/1318 1320/1320/1320 1412/1412/1412
f 1318/1318/1318 1412/1412/1412 1413/1413/1413
f 1320/1320/1320 1322/1322/1322 1411/1411/1411
f 1320/1320/1320 1411/1411/1411 1412/1412/1412
f 1322/1322/1322 1324/1324/1324 1410/1410/1410
f 1322/1322/1322 1410/1410/1410 1411/1411/1411
f 1324/1324/1324 1326/1326/1326 1409/1409/1409
f 1324/1324/1324 1409/1409/1409 1410/1410/1410
f 1326/1326/1326 1328/1328/1328 1408/1408/1408
f 1326/1326/1326 1408/1408/1408 1409/1409/1409
f 1328/1328/1328 1330/1330/1330 1406/1406/1406
f 1328/1328/1328 1406/1406/1406 1408/1408/1408
f 1330/1330/1330 1332/1332/1332 1407/1407/1407
f 1330/1330/1330 1407/1407/1407 1406/1406/1406
f 1416/1416/1416 1418/1418/1418 1419/1419/1419
f 1416/1416/1416 1419/1419/1419 1417/1417/1417
f 1418/1418/1418 1420/1420/1420 1421/1421/1421
f 1418/1418/1418 1421/1421/1421 1419/1419/1419
f 1395/1395/1395 1394/1394/1394 1331/1331/1331
f 1395/1395/1395 1331/1331/1331 1329/1329/1329
f 1396/1396/1396 1395/1395/1395 1329/1329/1329
f 1396/1396/1396 1329/1329/1329 1327/1327/1327
f 1397/1397/1397 1396/1396/1396 1327/1327/1327
f 1397/1397/1397 1327/1327/1327 1325/1325/1325
f 1398/1398/1398 1397/1397/1397 1325/1325/1325
f 1398/1398/1398 1325/1325/1325 1323/1323/1323
f 1399/1399/1399 1398/1398/1398 1323/1323/1323
f 1399/1399/1399 1323/1323/1323 1321/1321/1321
f 1400/1400/1400 1399/1399/1399 1321/1321/1321
f 1400/1400/1400 1321/1321/1321 1319/1319/1319
f 1401/1401/1401 1400/1400/1400 1319/1319/1319
f 1401/1401/1401 1319/1319/1319 1317/1317/1317
f 1402/1402/1402 1401/1401/1401 1317/1317/1317
f 1402/1402/1402 1317/1317/1317 1315/1315/1315
f 1403/1403/1403 1402/1402/1402 1315/1315/1315
f 1403/1403/1403 1315/1315/1315 1313/1313/1313
f 1168/1168/1168 1403/1403/1403 1313/1313/1313
f 1168/1168/1168 1313/1313/1313 1172/1172/1172
f 1420/1420/1420 1422/1422/1422 1423/1423/1423
f 1420/1420/1420 1423/1423/1423 1421/1421/1421
f 1422/1422/1422 1404/1404/1404 1405/1405/1405
f 1422/1422/1422 1405/1405/1405 1423/1423/1423
f 1365/1365/1365 1367/1367/1367 1424/1424/1424
f 1365/1365/1365 1424/1424/1424 1425/1425/1425
f 1425/1425/1425 1424/1424/1424 1426/1426/1426
f 1425/1425/1425 1426/1426/1426 1427/1427/1427
f 1428/1428/1428 1429/1429/1429 1430/1430/1430
f 1428/1428/1428 1430/1430/1430 1431/1431/1431
f 1431/1431/1431 1430/1430/1430 1432/1432/1432
f 1431/1431/1431 1432/1432/1432 1174/1174/1174
f 1363/1363/1363 1365/1365/1365 1425/1425/1425
f 1363/1363/1363 1425/1425/1425 1433/1433/1433
f 1433/1433/1433 1425/1425/1425 1427/1427/1427
f 1433/1433/1433 1427/1427/1427 1434/1434/1434
f 1435/1435/1435 1428/1428/1428 1431/1431/1431
f 1435/1435/1435 1431/1431/1431 1436/1436/1436
f 1436/1436/1436 1431/1431/1431 1174/1174/1174
f 1436/1436/1436 1174/1174/1174 1173/1173/1173
f 1361/1361/1361 1363/1363/1363 1433/1433/1433
f 1361/1361/1361 1433/1433/1433 1437/1437/1437
f 1437/1437/1437 1433/1433/1433 1434/1434/1434
f 1437/1437/1437 1434/1434/1434 1438/1438/1438
f 1439/1439/1439 1435/1435/1435 1436/1436/1436
f 1439/1439/1439 1436/1436/1436 1440/1440/1440
f 1440/1440/1440 1436/1436/1436 1173/1173/1173
f 1440/1440/1440 1173/1173/1173 1181/1181/1181
f 1359/1359/1359 1361/1361/1361 1437/1437/1437
f 1359/1359/1359 1437/1437/1437 1441/1441/1441
f 1441/1441/1441 1437/1437/1437 1438/1438/1438
f 1441/1441/1441 1438/1438/1438 1442/1442/1442
f 1443/1443/1443 1439/1439/1439 1440/1440/1440
f 1443/1443/1443 1440/1440/1440 1444/1444/1444
f 1444/1444/1444 1440/1440/1440 1181/1181/1181
f 1444/1444/1444 1181/1181/1181 1187/1187/1187
f 1357/1357/1357 1359/1359/1359 1441/1441/1441
f 1357/1357/1357 1441/1441/1441 1445/1445/1445
f 1445/1445/1445 1441/1441/1441 1442/1442/1442
f 1445/1445/1445 1442/1442/1442 1446/1446/1446
f 1447/1447/1447 1443/1443/1443 1444/1444/1444
f 1447/1447/1447 1444/1444/1444 1448/1448/1448
f 1448/1448/1448 1444/1444/1444 1187/1187/1187
f 1448/1448/1448 1187/1187/1187 1193/1193/1193
f 1355/1355/1355 1357/1357/1357 1445/1445/1445
f 1355/1355/1355 1445/1445/1445 1449/1449/1449
f 1449/1449/1449 1445/1445/1445 1446/1446/1446
f 1449/1449/1449 1446/1446/1446 1450/1450/1450
f 1451/1451/1451 1447/1447/1447 1448/1448/1448
f 1451/1451/1451 1448/1448/1448 1452/1452/1452
f 1452/1452/1452 1448/1448/1448 1193/1193/1193
f 1452/1452/1452 1193/1193/1193 1199/1199/1199
f 1352/1352/1352 1355/1355/1355 1449/1449/1449
f 1352/1352/1352 1449/1449/1449 1453/1453/1453
f 1453/1453/1453 1449/1449/1449 1450/1450/1450
f 1453/1453/1453 1450/1450/1450 1454/1454/1454
f 1455/1455/1455 1451/1451/1451 1452/1452/1452
f 1455/1455/1455 1452/1452/1452 1456/1456/1456
f 1456/1456/1456 1452/1452/1452 1199/1199/1199
f 1456/1456/1456 1199/1199/1199 1203/1203/1203
f 1353/1353/1353 1352/1352/1352 1453/1453/1453
f 1353/1353/1353 1453/1453/1453 1457/1457/1457
f 1457/1457/1457 1453/1453/1453 1454/1454/1454
f 1457/1457/1457 1454/1454/1454 1458/1458/1458
f 1459/1459/1459 1455/1455/1455 1456/1456/1456
f 1459/1459/1459 1456/1456/1456 1460/1460/1460
f 1460/1460/1460 1456/1456/1456 1203/1203/1203
f 1460/1460/1460 1203/1203/1203 1207/1207/1207
f 1346/1346/1346 1349/1349/1349 1461/1461/1461
f 1346/1346/1346 1461/1461/1461 1462/1462/1462
f 1462/1462/1462 1461/1461/1461 1463/1463/1463
f 1462/1462/1462 1463/1463/1463 1464/1464/1464
f 1465/1465/1465 1459/1459/1459 1460/1460/1460
f 1465/1465/1465 1460/1460/1460 1466/1466/1466
f 1466/1466/1466 1460/1460/1460 1207/1207/1207
f 1466/1466/1466 1207/1207/1207 1213/1213/1213
f 1347/1347/1347 1346/1346/1346 1462/1462/1462
f 1347/1347/1347 1462/1462/1462 1467/1467/1467
f 1467/1467/1467 1462/1462/1462 1464/1464/1464
f 1467/1467/1467 1464/1464/1464 1468/1468/1468
f 1469/1469/1469 1465/1465/1465 1466/1466/1466
f 1469/1469/1469 1466/1466/1466 1470/1470/1470
f 1470/1470/1470 1466/1466/1466 1213/1213/1213
f 1470/1470/1470 1213/1213/1213 1217/1217/1217
f 1223/1223/1223 1347/1347/1347 1467/1467/1467
f 1223/1223/1223 1467/1467/1467 1471/1471/1471
f 1471/1471/1471 1467/1467/1467 1468/1468/1468
f 1471/1471/1471 1468/1468/1468 1472/1472/1472
f 1473/1473/1473 1469/1469/1469 1470/1470/1470
f 1473/1473/1473 1470/1470/1470 1474/1474/1474
f 1474/1474/1474 1470/1470/1470 1217/1217/1217
f 1474/1474/1474 1217/1217/1217 1220/1220/1220
f 1224/1224/1224 1223/1223/1223 1471/1471/1471
f 1224/1224/1224 1471/1471/1471 1475/1475/1475
f 1475/1475/1475 1471/1471/1471 1472/1472/1472
f 1475/1475/1475 1472/1472/1472 1476/1476/1476
f 1477/1477/1477 1473/1473/1473 1474/1474/1474
f 1477/1477/1477 1474/1474/1474 1478/1478/1478
f 1478/1478/1478 1474/1474/1474 1220/1220/1220
f 1478/1478/1478 1220/1220/1220 1162/1162/1162
f 1393/1393/1393 1224/1224/1224 1475/1475/1475
f 1393/1393/1393 1475/1475/1475 1479/1479/1479
f 1479/1479/1479 1475/1475/1475 1476/1476/1476
f 1479/1479/1479 1476/1476/1476 1480/1480/1480
f 1481/1481/1481 1477/1477/1477 1478/1478/1478
f 1481/1481/1481 1478/1478/1478 1482/1482/1482
f 1482/1482/1482 1478/1478/1478 1162/1162/1162
f 1482/1482/1482 1162/1162/1162 1161/1161/1161
f 1405/1405/1405 1393/1393/1393 1479/1479/1479
f 1405/1405/1405 1479/1479/1479 1483/1483/1483
f 1483/1483/1483 1479/1479/1479 1480/1480/1480
f 1483/1483/1483 1480/1480/1480 1484/1484/1484
f 1485/1485/1485 1481/1481/1481 1482/1482/1482
f 1485/1485/1485 1482/1482/1482 1486/1486/1486
f 1486/1486/1486 1482/1482/1482 1161/1161/1161
f 1486/1486/1486 1161/1161/1161 1167/1167/1167
f 1423/1423/1423 1405/1405/1405 1483/1483/1483
f 1423/1423/1423 1483/1483/1483 1487/1487/1487
f 1487/1487/1487 1483/1483/1483 1484/1484/1484
f 1487/1487/1487 1484/1484/1484 1488/1488/1488
f 1489/1489/1489 1485/1485/1485 1486/1486/1486
f 1489/1489/1489 1486/1486/1486 1490/1490/1490
f 1490/1490/1490 1486/1486/1486 1167/1167/1167
f 1490/1490/1490 1167/1167/1167 1171/1171/1171
f 1421/1421/1421 1423/1423/1423 1487/1487/1487
f 1421/1421/1421 1487/1487/1487 1491/1491/1491
f 1491/1491/1491 1487/1487/1487 1488/1488/1488
f 1491/1491/1491 1488/1488/1488 1492/1492/1492
f 1493/1493/1493 1489/1489/1489 1490/1490/1490
f 1493/1493/1493 1490/1490/1490 1494/1494/1494
f 1494/1494/1494 1490/1490/1490 1171/1171/1171
f 1494/1494/1494 1171/1171/1171 1179/1179/1179
f 1419/1419/1419 1421/1421/1421 1491/1491/1491
f 1419/1419/1419 1491/1491/1491 1495/1495/1495
f 1495/1495/1495 1491/1491/1491 1492/1492/1492
f 1495/1495/1495 1492/1492/1492 1496/1496/1496
f 1497/1497/1497 1493/1493/1493 1494/1494/1494
f 1497/1497/1497 1494/1494/1494 1498/1498/1498
f 1498/1498/1498 1494/1494/1494 1179/1179/1179
f 1498/1498/1498 1179/1179/1179 1185/1185/1185
f 1417/1417/1417 1419/1419/1419 1495/1495/1495
f 1417/1417/1417 1495/1495/1495 1499/1499/1499
f 1499/1499/1499 1495/1495/1495 1496/1496/1496
f 1499/1499/1499 1496/1496/1496 1500/1500/1500
f 1501/1501/1501 1497/1497/1497 1498/1498/1498
f 1501/1501/1501 1498/1498/1498 1502/1502/1502
f 1502/1502/1502 1498/1498/1498 1185/1185/1185
f 1502/1502/1502 1185/1185/1185 1191/1191/1191
f 1391/1391/1391 1417/1417/1417 1499/1499/1499
f 1391/1391/1391 1499/1499/1499 1503/1503/1503
f 1503/1503/1503 1499/1499/1499 1500/1500/1500
f 1503/1503/1503 1500/1500/1500 1504/1504/1504
f 1505/1505/1505 1501/1501/1501 1502/1502/1502
f 1505/1505/1505 1502/1502/1502 1506/1506/1506
f 1506/1506/1506 1502/1502/1502 1191/1191/1191
f 1506/1506/1506 1191/1191/1191 1197/1197/1197
f 1389/1389/1389 1391/1391/1391 1503/1503/1503
f 1389/1389/1389 1503/1503/1503 1507/1507/1507
f 1507/1507/1507 1503/1503/1503 1504/1504/1504
f 1507/1507/1507 1504/1504/1504 1508/1508/1508
f 1509/1509/1509 1505/1505/1505 1506/1506/1506
f 1509/1509/1509 1506/1506/1506 1510/1510/1510
f 1510/1510/1510 1506/1506/1506 1197/1197/1197
f 1510/1510/1510 1197/1197/1197 1201/1201/1201
f 1211/1211/1211 1389/1389/1389 1507/1507/1507
f 1211/1211/1211 1507/1507/1507 1511/1511/1511
f 1511/1511/1511 1507/1507/1507 1508/1508/1508
f 1511/1511/1511 1508/1508/1508 1512/1512/1512
f 1513/1513/1513 1509/1509/1509 1510/1510/1510
f 1513/1513/1513 1510/1510/1510 1514/1514/1514
f 1514/1514/1514 1510/1510/1510 1201/1201/1201
f 1514/1514/1514 1201/1201/1201 1205/1205/1205
f 1212/1212/1212 1211/1211/1211 1511/1511/1511
f 1212/1212/1212 1511/1511/1511 1515/1515/1515
f 1515/1515/1515 1511/1511/1511 1512/1512/1512
f 1515/1515/1515 1512/1512/1512 1516/1516/1516
f 1517/1517/1517 1513/1513/1513 1514/1514/1514
f 1517/1517/1517 1514/1514/1514 1518/1518/1518
f 1518/1518/1518 1514/1514/1514 1205/1205/1205
f 1518/1518/1518 1205/1205/1205 1206/1206/1206
f 1311/1311/1311 1212/1212/1212 1515/1515/1515
f 1311/1311/1311 1515/1515/1515 1519/1519/1519
f 1519/1519/1519 1515/1515/1515 1516/1516/1516
f 1519/1519/1519 1516/1516/1516 1520/1520/1520
f 1521/1521/1521 1517/1517/1517 1518/1518/1518
f 1521/1521/1521 1518/1518/1518 1522/1522/1522
f 1522/1522/1522 1518/1518/1518 1206/1206/1206
f 1522/1522/1522 1206/1206/1206 1216/1216/1216
f 1312/1312/1312 1311/1311/1311 1519/1519/1519
f 1312/1312/1312 1519/1519/1519 1523/1523/1523
f 1523/1523/1523 1519/1519/1519 1520/1520/1520
f 1523/1523/1523 1520/1520/1520 1524/1524/1524
f 1525/1525/1525 1521/1521/1521 1522/1522/1522
f 1525/1525/1525 1522/1522/1522 1526/1526/1526
f 1526/1526/1526 1522/1522/1522 1216/1216/1216
f 1526/1526/1526 1216/1216/1216 1219/1219/1219
f 1306/1306/1306 1308/1308/1308 1527/1527/1527
f 1306/1306/1306 1527/1527/1527 1528/1528/1528
f 1528/1528/1528 1527/1527/1527 1529/1529/1529
f 1528/1528/1528 1529/1529/1529 1530/1530/1530
f 1531/1531/1531 1525/1525/1525 1526/1526/1526
f 1531/1531/1531 1526/1526/1526 1532/1532/1532
f 1532/1532/1532 1526/1526/1526 1219/1219/1219
f 1532/1532/1532 1219/1219/1219 1160/1160/1160
f 1304/1304/1304 1306/1306/1306 1528/1528/1528
f 1304/1304/1304 1528/1528/1528 1533/1533/1533
f 1533/1533/1533 1528/1528/1528 1530/1530/1530
f 1533/1533/1533 1530/1530/1530 1534/1534/1534
f 1535/1535/1535 1531/1531/1531 1532/1532/1532
f 1535/1535/1535 1532/1532/1532 1536/1536/1536
f 1536/1536/1536 1532/1532/1532 1160/1160/1160
f 1536/1536/1536 1160/1160/1160 1159/1159/1159
f 1302/1302/1302 1304/1304/1304 1533/1533/1533
f 1302/1302/1302 1533/1533/1533 1537/1537/1537
f 1537/1537/1537 1533/1533/1533 1534/1534/1534
f 1537/1537/1537 1534/1534/1534 1538/1538/1538
f 1539/1539/1539 1535/1535/1535 1536/1536/1536
f 1539/1539/1539 1536/1536/1536 1540/1540/1540
f 1540/1540/1540 1536/1536/1536 1159/1159/1159
f 1540/1540/1540 1159/1159/1159 1166/1166/1166
f 1300/1300/1300 1302/1302/1302 1537/1537/1537
f 1300/1300/1300 1537/1537/1537 1541/1541/1541
f 1541/1541/1541 1537/1537/1537 1538/1538/1538
f 1541/1541/1541 1538/1538/1538 1542/1542/1542
f 1543/1543/1543 1539/1539/1539 1540/1540/1540
f 1543/1543/1543 1540/1540/1540 1544/1544/1544
f 1544/1544/1544 1540/1540/1540 1166/1166/1166
f 1544/1544/1544 1166/1166/1166 1170/1170/1170
f 1298/1298/1298 1300/1300/1300 1541/1541/1541
f 1298/1298/1298 1541/1541/1541 1545/1545/1545
f 1545/1545/1545 1541/1541/1541 1542/1542/1542
f 1545/1545/1545 1542/1542/1542 1546/1546/1546
f 1547/1547/1547 1543/1543/1543 1544/1544/1544
f 1547/1547/1547 1544/1544/1544 1548/1548/1548
f 1548/1548/1548 1544/1544/1544 1170/1170/1170
f 1548/1548/1548 1170/1170/1170 1178/1178/1178
f 1296/1296/1296 1298/1298/1298 1545/1545/1545
f 1296/1296/1296 1545/1545/1545 1549/1549/1549
f 1549/1549/1549 1545/1545/1545 1546/1546/1546
f 1549/1549/1549 1546/1546/1546 1550/1550/1550
f 1551/1551/1551 1547/1547/1547 1548/1548/1548
f 1551/1551/1551 1548/1548/1548 1552/1552/1552
f 1552/1552/1552 1548/1548/1548 1178/1178/1178
f 1552/1552/1552 1178/1178/1178 1184/1184/1184
f 1293/1293/1293 1296/1296/1296 1549/1549/1549
f 1293/1293/1293 1549/1549/1549 1553/1553/1553
f 1553/1553/1553 1549/1549/1549 1550/1550/1550
f 1553/1553/1553 1550/1550/1550 1554/1554/1554
f 1555/1555/1555 1551/1551/1551 1552/1552/1552
f 1555/1555/1555 1552/1552/1552 1556/1556/1556
f 1556/1556/1556 1552/1552/1552 1184/1184/1184
f 1556/1556/1556 1184/1184/1184 1190/1190/1190
f 1294/1294/1294 1293/1293/1293 1553/1553/1553
f 1294/1294/1294 1553/1553/1553 1557/1557/1557
f 1557/1557/1557 1553/1553/1553 1554/1554/1554
f 1557/1557/1557 1554/1554/1554 1558/1558/1558
f 1559/1559/1559 1555/1555/1555 1556/1556/1556
f 1559/1559/1559 1556/1556/1556 1560/1560/1560
f 1560/1560/1560 1556/1556/1556 1190/1190/1190
f 1560/1560/1560 1190/1190/1190 1196/1196/1196
f 1174/1174/1174 1432/1432/1432 1333/1333/1333
f 1174/1174/1174 1333/1333/1333 1175/1175/1175
f 1561/1561/1561 1562/1562/1562 1563/1563/1563
f 1561/1561/1561 1563/1563/1563 1564/1564/1564
f 1565/1565/1565 1566/1566/1566 1567/1567/1567
f 1565/1565/1565 1567/1567/1567 1568/1568/1568
f 1569/1569/1569 1570/1570/1570 1571/1571/1571
f 1569/1569/1569 1571/1571/1571 1572/1572/1572
f 1566/1566/1566 1573/1573/1573 1574/1574/1574
f 1566/1566/1566 1574/1574/1574 1567/1567/1567
f 1570/1570/1570 1575/1575/1575 1576/1576/1576
f 1570/1570/1570 1576/1576/1576 1571/1571/1571
f 1573/1573/1573 1577/1577/1577 1578/1578/1578
f 1573/1573/1573 1578/1578/1578 1574/1574/1574
f 1575/1575/1575 1579/1579/1579 1580/1580/1580
f 1575/1575/1575 1580/1580/1580 1576/1576/1576
f 1581/1581/1581 1582/1582/1582 1583/1583/1583
f 1581/1581/1581 1583/1583/1583 1584/1584/1584
f 1577/1577/1577 1585/1585/1585 1586/1586/1586
f 1577/1577/1577 1586/1586/1586 1578/1578/1578
f 1579/1579/1579 1587/1587/1587 1588/1588/1588
f 1579/1579/1579 1588/1588/1588 1580/1580/1580
f 1582/1582/1582 1589/1589/1589 1590/1590/1590
f 1582/1582/1582 1590/1590/1590 1583/1583/1583
f 1585/1585/1585 1591/1591/1591 1592/1592/1592
f 1585/1585/1585 1592/1592/1592 1586/1586/1586
f 1587/1587/1587 1593/1593/1593 1594/1594/1594
f 1587/1587/1587 1594/1594/1594 1588/1588/1588
f 1589/1589/1589 1595/1595/1595 1596/1596/1596
f 1589/1589/1589 1596/1596/1596 1590/1590/1590
f 1591/1591/1591 1597/1597/1597 1598/1598/1598
f 1591/1591/1591 1598/1598/1598 1592/1592/1592
f 1593/1593/1593 1599/1599/1599 1600/1600/1600
f 1593/1593/1593 1600/1600/1600 1594/1594/1594
f 1595/1595/1595 1601/1601/1601 1602/1602/1602
f 1595/1595/1595 1602/1602/1602 1596/1596/1596
f 1603/1603/1603 1604/1604/1604 1605/1605/1605
f 1603/1603/1603 1605/1605/1605 1606/1606/1606
f 1599/1599/1599 1607/1607/1607 1608/1608/1608
f 1599/1599/1599 1608/1608/1608 1600/1600/1600
f 1601/1601/1601 1609/1609/1609 1610/1610/1610
f 1601/1601/1601 1610/1610/1610 1602/1602/1602
f 1604/1604/1604 1611/1611/1611 1612/1612/1612
f 1604/1604/1604 1612/1612/1612 1605/1605/1605
f 1607/1607/1607 1613/1613/1613 1614/1614/1614
f 1607/1607/1607 1614/1614/1614 1608/1608/1608
f 1615/1615/1615 1616/1616/1616 1617/1617/1617
f 1615/1615/1615 1617/1617/1617 1618/1618/1618
f 1611/1611/1611 1619/1619/1619 1620/1620/1620
f 1611/1611/1611 1620/1620/1620 1612/1612/1612
f 1613/1613/1613 1621/1621/1621 1622/1622/1622
f 1613/1613/1613 1622/1622/1622 1614/1614/1614
f 1616/1616/1616 1623/1623/1623 1624/1624/1624
f 1616/1616/1616 1624/1624/1624 1617/1617/1617
f 1619/1619/1619 1625/1625/1625 1626/1626/1626
f 1619/1619/1619 1626/1626/1626 1620/1620/1620
f 1621/1621/1621 1627/1627/1627 1628/1628/1628
f 1621/1621/1621 1628/1628/1628 1622/1622/1622
f 1623/1623/1623 1629/1629/1629 1630/1630/1630
f 1623/1623/1623 1630/1630/1630 1624/1624/1624
f 1625/1625/1625 1631/1631/1631 1632/1632/1632
f 1625/1625/1625 1632/1632/1632 1626/1626/1626
f 1627/1627/1627 1633/1633/1633 1634/1634/1634
f 1627/1627/1627 1634/1634/1634 1628/1628/1628
f 1635/1635/1635 1636/1636/1636 1637/1637/1637
f 1635/1635/1635 1637/1637/1637 1638/1638/1638
f 1631/1631/1631 1639/1639/1639 1640/1640/1640
f 1631/1631/1631 1640/1640/1640 1632/1632/1632
f 1633/1633/1633 1641/1641/1641 1642/1642/1642
f 1633/1633/1633 1642/1642/1642 1634/1634/1634
f 1636/1636/1636 1643/1643/1643 1644/1644/1644
f 1636/1636/1636 1644/1644/1644 1637/1637/1637
f 1639/1639/1639 1645/1645/1645 1646/1646/1646
f 1639/1639/1639 1646/1646/1646 1640/1640/1640
f 1641/1641/1641 1647/1647/1647 1648/1648/1648
f 1641/1641/1641 1648/1648/1648 1642/1642/1642
f 1643/1643/1643 1649/1649/1649 1650/1650/1650
f 1643/1643/1643 1650/1650/1650 1644/1644/1644
f 1645/1645/1645 1581/1581/1581 1584/1584/1584
f 1645/1645/1645 1584/1584/1584 1646/1646/1646
f 1647/1647/1647 1651/1651/1651 1652/1652/1652
f 1647/1647/1647 1652/1652/1652 1648/1648/1648
f 1649/1649/1649 1653/1653/1653 1654/1654/1654
f 1649/1649/1649 1654/1654/1654 1650/1650/1650
f 1651/1651/1651 1655/1655/1655 1656/1656/1656
f 1651/1651/1651 1656/1656/1656 1652/1652/1652
f 1653/1653/1653 1657/1657/1657 1658/1658/1658
f 1653/1653/1653 1658/1658/1658 1654/1654/1654
f 1655/1655/1655 1659/1659/1659 1660/1660/1660
f 1655/1655/1655 1660/1660/1660 1656/1656/1656
f 1657/1657/1657 1661/1661/1661 1662/1662/1662
f 1657/1657/1657 1662/1662/1662 1658/1658/1658
f 1663/1663/1663 1664/1664/1664 1665/1665/1665
f 1663/1663/1663 1665/1665/1665 1666/1666/1666
f 1661/1661/1661 1667/1667/1667 1668/1668/1668
f 1661/1661/1661 1668/1668/1668 1662/1662/1662
f 1664/1664/1664 1669/1669/1669 1670/1670/1670
f 1664/1664/1664 1670/1670/1670 1665/1665/1665
f 1667/1667/1667 1671/1671/1671 1672/1672/1672
f 1667/1667/1667 1672/1672/1672 1668/1668/1668
f 1669/1669/1669 1673/1673/1673 1674/1674/1674
f 1669/1669/1669 1674/1674/1674 1670/1670/1670
f 1671/1671/1671 1675/1675/1675 1676/1676/1676
f 1671/1671/1671 1676/1676/1676 1672/1672/1672
f 1673/1673/1673 1677/1677/1677 1678/1678/1678
f 1673/1673/1673 1678/1678/1678 1674/1674/1674
f 1675/1675/1675 1679/1679/1679 1680/1680/1680
f 1675/1675/1675 1680/1680/1680 1676/1676/1676
f 1677/1677/1677 1681/1681/1681 1682/1682/1682
f 1677/1677/1677 1682/1682/1682 1678/1678/1678
f 1679/1679/1679 1683/1683/1683 1684/1684/1684
f 1679/1679/1679 1684/1684/1684 1680/1680/1680
f 1681/1681/1681 1685/1685/1685 1686/1686/1686
f 1681/1681/1681 1686/1686/1686 1682/1682/1682
f 1683/1683/1683 1687/1687/1687 1688/1688/1688
f 1683/1683/1683 1688/1688/1688 1684/1684/1684
f 1685/1685/1685 1689/1689/1689 1690/1690/1690
f 1685/1685/1685 1690/1690/1690 1686/1686/1686
f 1687/1687/1687 1691/1691/1691 1692/1692/1692
f 1687/1687/1687 1692/1692/1692 1688/1688/1688
f 1689/1689/1689 1693/1693/1693 1694/1694/1694
f 1689/1689/1689 1694/1694/1694 1690/1690/1690
f 1691/1691/1691 1695/1695/1695 1696/1696/1696
f 1691/1691/1691 1696/1696/1696 1692/1692/1692
f 1693/1693/1693 1697/1697/1697 1698/1698/1698
f 1693/1693/1693 1698/1698/1698 1694/1694/1694
f 1695/1695/1695 1561/1561/1561 1564/1564/1564
f 1695/1695/1695 1564/1564/1564 1696/1696/1696
f 1697/1697/1697 1565/1565/1565 1568/1568/1568
f 1697/1697/1697 1568/1568/1568 1698/1698/1698
f 1699/1699/1699 1700/1700/1700 1701/1701/1701
f 1699/1699/1699 1701/1701/1701 1702/1702/1702
f 1703/1703/1703 1704/1704/1704 1705/1705/1705
f 1703/1703/1703 1705/1705/1705 1706/1706/1706
f 1700/1700/1700 1707/1707/1707 1708/1708/1708
f 1700/1700/1700 1708/1708/1708 1701/1701/1701
f 1704/1704/1704 1709/1709/1709 1710/1710/1710
f 1704/1704/1704 1710/1710/1710 1705/1705/1705
f 1707/1707/1707 1711/1711/1711 1712/1712/1712
f 1707/1707/1707 1712/1712/1712 1708/1708/1708
f 1709/1709/1709 1713/1713/1713 1714/1714/1714
f 1709/1709/1709 1714/1714/1714 1710/1710/1710
f 1711/1711/1711 1715/1715/1715 1716/1716/1716
f 1711/1711/1711 1716/1716/1716 1712/1712/1712
f 1713/1713/1713 1717/1717/1717 1718/1718/1718
f 1713/1713/1713 1718/1718/1718 1714/1714/1714
f 1715/1715/1715 1719/1719/1719 1720/1720/1720
f 1715/1715/1715 1720/1720/1720 1716/1716/1716
f 1717/1717/1717 1721/1721/1721 1722/1722/1722
f 1717/1717/1717 1722/1722/1722 1718/1718/1718
f 1719/1719/1719 1723/1723/1723 1724/1724/1724
f 1719/1719/1719 1724/1724/1724 1720/1720/1720
f 1721/1721/1721 1725/1725/1725 1726/1726/1726
f 1721/1721/1721 1726/1726/1726 1722/1722/1722
f 1723/1723/1723 1727/1727/1727 1728/1728/1728
f 1723/1723/1723 1728/1728/1728 1724/1724/1724
f 1725/1725/1725 1729/1729/1729 1730/1730/1730
f 1725/1725/1725 1730/1730/1730 1726/1726/1726
f 1727/1727/1727 1731/1731/1731 1732/1732/1732
f 1727/1727/1727 1732/1732/1732 1728/1728/1728
f 1729/1729/1729 1733/1733/1733 1734/1734/1734
f 1729/1729/1729 1734/1734/1734 1730/1730/1730
f 1731/1731/1731 1735/1735/1735 1736/1736/1736
f 1731/1731/1731 1736/1736/1736 1732/1732/1732
f 1733/1733/1733 1737/1737/1737 1738/1738/1738
f 1733/1733/1733 1738/1738/1738 1734/1734/1734
f 1735/1735/1735 1739/1739/1739 1740/1740/1740
f 1735/1735/1735 1740/1740/1740 1736/1736/1736
f 1737/1737/1737 1741/1741/1741 1742/1742/1742
f 1737/1737/1737 1742/1742/1742 1738/1738/1738
f 1739/1739/1739 1743/1743/1743 1744/1744/1744
f 1739/1739/1739 1744/1744/1744 1740/1740/1740
f 1741/1741/1741 1745/1745/1745 1746/1746/1746
f 1741/1741/1741 1746/1746/1746 1742/1742/1742
f 1743/1743/1743 1747/1747/1747 1748/1748/1748
f 1743/1743/1743 1748/1748/1748 1744/1744/1744
f 1745/1745/1745 1749/1749/1749 1750/1750/1750
f 1745/1745/1745 1750/1750/1750 1746/1746/1746
f 1747/1747/1747 1751/1751/1751 1752/1752/1752
f 1747/1747/1747 1752/1752/1752 1748/1748/1748
f 1749/1749/1749 1753/1753/1753 1754/1754/1754
f 1749/1749/1749 1754/1754/1754 1750/1750/1750
f 1751/1751/1751 1755/1755/1755 1756/1756/1756
f 1751/1751/1751 1756/1756/1756 1752/1752/1752
f 1753/1753/1753 1757/1757/1757 1758/1758/1758
f 1753/1753/1753 1758/1758/1758 1754/1754/1754
f 1755/1755/1755 1759/1759/1759 1760/1760/1760
f 1755/1755/1755 1760/1760/1760 1756/1756/1756
f 1757/1757/1757 1761/1761/1761 1762/1762/1762
f 1757/1757/1757 1762/1762/1762 1758/1758/1758
f 1763/1763/1763 1764/1764/1764 1765/1765/1765
f 1763/1763/1763 1765/1765/1765 1766/1766/1766
f 1759/1759/1759 1767/1767/1767 1768/1768/1768
f 1759/1759/1759 1768/1768/1768 1760/1760/1760
f 1761/1761/1761 1769/1769/1769 1770/1770/1770
f 1761/1761/1761 1770/1770/1770 1762/1762/1762
f 1764/1764/1764 1771/1771/1771 1772/1772/1772
f 1764/1764/1764 1772/1772/1772 1765/1765/1765
f 1767/1767/1767 1773/1773/1773 1774/1774/1774
f 1767/1767/1767 1774/1774/1774 1768/1768/1768
f 1769/1769/1769 1775/1775/1775 1776/1776/1776
f 1769/1769/1769 1776/1776/1776 1770/1770/1770
f 1771/1771/1771 1777/1777/1777 1778/1778/1778
f 1771/1771/1771 1778/1778/1778 1772/1772/1772
f 1773/1773/1773 1779/1779/1779 1780/1780/1780
f 1773/1773/1773 1780/1780/1780 1774/1774/1774
f 1775/1775/1775 1781/1781/1781 1782/1782/1782
f 1775/1775/1775 1782/1782/1782 1776/1776/1776
f 1777/1777/1777 1783/1783/1783 1784/1784/1784
f 1777/1777/1777 1784/1784/1784 1778/1778/1778
f 1779/1779/1779 1785/1785/1785 1786/1786/1786
f 1779/1779/1779 1786/1786/1786 1780/1780/1780
f 1781/1781/1781 1787/1787/1787 1788/1788/1788
f 1781/1781/1781 1788/1788/1788 1782/1782/1782
f 1783/1783/1783 1789/1789/1789 1790/1790/1790
f 1783/1783/1783 1790/1790/1790 1784/1784/1784
f 1785/1785/1785 1791/1791/1791 1792/1792/1792
f 1785/1785/1785 1792/1792/1792 1786/1786/1786
f 1787/1787/1787 1793/1793/1793 1794/1794/1794
f 1787/1787/1787 1794/1794/1794 1788/1788/1788
f 1795/1795/1795 1796/1796/1796 1797/1797/1797
f 1795/1795/1795 1797/1797/1797 1798/1798/1798
f 1791/1791/1791 1799/1799/1799 1800/1800/1800
f 1791/1791/1791 1800/1800/1800 1792/1792/1792
f 1793/1793/1793 1801/1801/1801 1802/1802/1802
f 1793/1793/1793 1802/1802/1802 1794/1794/1794
f 1796/1796/1796 1803/1803/1803 1804/1804/1804
f 1796/1796/1796 1804/1804/1804 1797/1797/1797
f 1799/1799/1799 1805/1805/1805 1806/1806/1806
f 1799/1799/1799 1806/1806/1806 1800/1800/1800
f 1801/1801/1801 1807/1807/1807 1808/1808/1808
f 1801/1801/1801 1808/1808/1808 1802/1802/1802
f 1803/1803/1803 1809/1809/1809 1810/1810/1810
f 1803/1803/1803 1810/1810/1810 1804/1804/1804
f 1805/1805/1805 1811/1811/1811 1812/1812/1812
f 1805/1805/1805 1812/1812/1812 1806/1806/1806
f 1807/1807/1807 1813/1813/1813 1814/1814/1814
f 1807/1807/1807 1814/1814/1814 1808/1808/1808
f 1809/1809/1809 1815/1815/1815 1816/1816/1816
f 1809/1809/1809 1816/1816/1816 1810/1810/1810
f 1811/1811/1811 1817/1817/1817 1818/1818/1818
f 1811/1811/1811 1818/1818/1818 1812/1812/1812
f 1813/1813/1813 1819/1819/1819 1820/1820/1820
f 1813/1813/1813 1820/1820/1820 1814/1814/1814
f 1815/1815/1815 1821/1821/1821 1822/1822/1822
f 1815/1815/1815 1822/1822/1822 1816/1816/1816
f 1817/1817/1817 1823/1823/1823 1824/1824/1824
f 1817/1817/1817 1824/1824/1824 1818/1818/1818
f 1819/1819/1819 1825/1825/1825 1826/1826/1826
f 1819/1819/1819 1826/1826/1826 1820/1820/1820
f 1821/1821/1821 1827/1827/1827 1828/1828/1828
f 1821/1821/1821 1828/1828/1828 1822/1822/1822
f 1823/1823/1823 1763/1763/1763 1766/1766/1766
f 1823/1823/1823 1766/1766/1766 1824/1824/1824
f 1825/1825/1825 1699/1699/1699 1702/1702/1702
f 1825/1825/1825 1702/1702/1702 1826/1826/1826
f 1827/1827/1827 1703/1703/1703 1706/1706/1706
f 1827/1827/1827 1706/1706/1706 1828/1828/1828
f 1712/1712/1712 1716/1716/1716 1829/1829/1829
f 1712/1712/1712 1829/1829/1829 1830/1830/1830
f 1714/1714/1714 1718/1718/1718 1831/1831/1831
f 1714/1714/1714 1831/1831/1831 1832/1832/1832
f 1716/1716/1716 1720/1720/1720 1833/1833/1833
f 1716/1716/1716 1833/1833/1833 1829/1829/1829
f 1718/1718/1718 1722/1722/1722 1834/1834/1834
f 1718/1718/1718 1834/1834/1834 1831/1831/1831
f 1720/1720/1720 1724/1724/1724 1835/1835/1835
f 1720/1720/1720 1835/1835/1835 1833/1833/1833
f 1722/1722/1722 1726/1726/1726 1836/1836/1836
f 1722/1722/1722 1836/1836/1836 1834/1834/1834
f 1724/1724/1724 1728/1728/1728 1838/1838/1838
f 1724/1724/1724 1838/1838/1838 1835/1835/1835
f 1726/1726/1726 1730/1730/1730 1839/1839/1839
f 1726/1726/1726 1839/1839/1839 1836/1836/1836
f 1728/1728/1728 1732/1732/1732 1840/1840/1840
f 1728/1728/1728 1840/1840/1840 1838/1838/1838
f 1730/1730/1730 1734/1734/1734 1842/1842/1842
f 1730/1730/1730 1842/1842/1842 1839/1839/1839
f 1732/1732/1732 1736/1736/1736 1843/1843/1843
f 1732/1732/1732 1843/1843/1843 1840/1840/1840
f 1734/1734/1734 1738/1738/1738 1844/1844/1844
f 1734/1734/1734 1844/1844/1844 1842/1842/1842
f 1736/1736/1736 1740/1740/1740 1845/1845/1845
f 1736/1736/1736 1845/1845/1845 1843/1843/1843
f 1738/1738/1738 1742/1742/1742 1846/1846/1846
f 1738/1738/1738 1846/1846/1846 1844/1844/1844
f 1740/1740/1740 1744/1744/1744 1847/1847/1847
f 1740/1740/1740 1847/1847/1847 1845/1845/1845
f 1742/1742/1742 1746/1746/1746 1849/1849/1849
f 1742/1742/1742 1849/1849/1849 1846/1846/1846
f 1744/1744/1744 1748/1748/1748 1850/1850/1850
f 1744/1744/1744 1850/1850/1850 1847/1847/1847
f 1746/1746/1746 1750/1750/1750 1853/1853/1853
f 1746/1746/1746 1853/1853/1853 1849/1849/1849
f 1748/1748/1748 1752/1752/1752 1855/1855/1855
f 1748/1748/1748 1855/1855/1855 1850/1850/1850
f 1750/1750/1750 1754/1754/1754 1856/1856/1856
f 1750/1750/1750 1856/1856/1856 1853/1853/1853
f 1752/1752/1752 1756/1756/1756 1857/1857/1857
f 1752/1752/1752 1857/1857/1857 1855/1855/1855
f 1754/1754/1754 1758/1758/1758 1858/1858/1858
f 1754/1754/1754 1858/1858/1858 1856/1856/1856
f 1756/1756/1756 1760/1760/1760 1859/1859/1859
f 1756/1756/1756 1859/1859/1859 1857/1857/1857
f 1758/1758/1758 1762/1762/1762 1860/1860/1860
f 1758/1758/1758 1860/1860/1860 1858/1858/1858
f 1766/1766/1766 1765/1765/1765 1861/1861/1861
f 1766/1766/1766 1861/1861/1861 1862/1862/1862
f 1760/1760/1760 1768/1768/1768 1863/1863/1863
f 1760/1760/1760 1863/1863/1863 1859/1859/1859
f 1762/1762/1762 1770/1770/1770 1864/1864/1864
f 1762/1762/1762 1864/1864/1864 1860/1860/1860
f 1765/1765/1765 1772/1772/1772 1865/1865/1865
f 1765/1765/1765 1865/1865/1865 1861/1861/1861
f 1768/1768/1768 1774/1774/1774 1866/1866/1866
f 1768/1768/1768 1866/1866/1866 1863/1863/1863
f 1770/1770/1770 1776/1776/1776 1867/1867/1867
f 1770/1770/1770 1867/1867/1867 1864/1864/1864
f 1772/1772/1772 1778/1778/1778 1868/1868/1868
f 1772/1772/1772 1868/1868/1868 1865/1865/1865
f 1774/1774/1774 1780/1780/1780 1869/1869/1869
f 1774/1774/1774 1869/1869/1869 1866/1866/1866
f 1776/1776/1776 1782/1782/1782 1870/1870/1870
f 1776/1776/1776 1870/1870/1870 1867/1867/1867
f 1778/1778/1778 1784/1784/1784 1871/1871/1871
f 1778/1778/1778 1871/1871/1871 1868/1868/1868
f 1780/1780/1780 1786/1786/1786 1872/1872/1872
f 1780/1780/1780 1872/1872/1872 1869/1869/1869
f 1782/1782/1782 1788/1788/1788 1873/1873/1873
f 1782/1782/1782 1873/1873/1873 1870/1870/1870
f 1784/1784/1784 1790/1790/1790 1874/1874/1874
f 1784/1784/1784 1874/1874/1874 1871/1871/1871
f 1786/1786/1786 1792/1792/1792 1875/1875/1875
f 1786/1786/1786 1875/1875/1875 1872/1872/1872
f 1788/1788/1788 1794/1794/1794 1876/1876/1876
f 1788/1788/1788 1876/1876/1876 1873/1873/1873
f 1798/1798/1798 1797/1797/1797 1877/1877/1877
f 1798/1798/1798 1877/1877/1877 1874/1874/1874
f 1792/1792/1792 1800/1800/1800 1878/1878/1878
f 1792/1792/1792 1878/1878/1878 1875/1875/1875
f 1794/1794/1794 1802/1802/1802 1879/1879/1879
f 1794/1794/1794 1879/1879/1879 1876/1876/1876
f 1797/1797/1797 1804/1804/1804 1880/1880/1880
f 1797/1797/1797 1880/1880/1880 1877/1877/1877
f 1800/1800/1800 1806/1806/1806 1881/1881/1881
f 1800/1800/1800 1881/1881/1881 1878/1878/1878
f 1802/1802/1802 1808/1808/1808 1882/1882/1882
f 1802/1802/1802 1882/1882/1882 1879/1879/1879
f 1804/1804/1804 1810/1810/1810 1883/1883/1883
f 1804/1804/1804 1883/1883/1883 1880/1880/1880
f 1806/1806/1806 1812/1812/1812 1884/1884/1884
f 1806/1806/1806 1884/1884/1884 1881/1881/1881
f 1808/1808/1808 1814/1814/1814 1885/1885/1885
f 1808/1808/1808 1885/1885/1885 1882/1882/1882
f 1810/1810/1810 1816/1816/1816 1886/1886/1886
f 1810/1810/1810 1886/1886/1886 1883/1883/1883
f 1812/1812/1812 1818/1818/1818 1888/1888/1888
f 1812/1812/1812 1888/1888/1888 1884/1884/1884
f 1814/1814/1814 1820/1820/1820 1889/1889/1889
f 1814/1814/1814 1889/1889/1889 1885/1885/1885
f 1816/1816/1816 1822/1822/1822 1890/1890/1890
f 1816/1816/1816 1890/1890/1890 1886/1886/1886
f 1818/1818/1818 1824/1824/1824 1891/1891/1891
f 1818/1818/1818 1891/1891/1891 1888/1888/1888
f 1820/1820/1820 1826/1826/1826 1892/1892/1892
f 1820/1820/1820 1892/1892/1892 1889/1889/1889
f 1822/1822/1822 1828/1828/1828 1893/1893/1893
f 1822/1822/1822 1893/1893/1893 1890/1890/1890
f 1824/1824/1824 1766/1766/1766 1862/1862/1862
f 1824/1824/1824 1862/1862/1862 1891/1891/1891
f 1826/1826/1826 1702/1702/1702 1894/1894/1894
f 1826/1826/1826 1894/1894/1894 1892/1892/1892
f 1828/1828/1828 1706/1706/1706 1895/1895/1895
f 1828/1828/1828 1895/1895/1895 1893/1893/1893
f 1702/1702/1702 1701/1701/1701 1896/1896/1896
f 1702/1702/1702 1896/1896/1896 1894/1894/1894
f 1706/1706/1706 1705/1705/1705 1897/1897/1897
f 1706/1706/1706 1897/1897/1897 1895/1895/1895
f 1701/1701/1701 1708/1708/1708 1898/1898/1898
f 1701/1701/1701 1898/1898/1898 1896/1896/1896
f 1705/1705/1705 1710/1710/1710 1900/1900/1900
f 1705/1705/1705 1900/1900/1900 1897/1897/1897
f 1708/1708/1708 1712/1712/1712 1830/1830/1830
f 1708/1708/1708 1830/1830/1830 1898/1898/1898
f 1710/1710/1710 1714/1714/1714 1832/1832/1832
f 1710/1710/1710 1832/1832/1832 1900/1900/1900
f 1855/1855/1855 1857/1857/1857 1902/1902/1902
f 1854/1854/1854 1901/1901/1901 1903/1903/1903
f 1881/1881/1881 1884/1884/1884 1905/1905/1905
f 1881/1881/1881 1905/1905/1905 1906/1906/1906
f 1853/1853/1853 1856/1856/1856 1908/1908/1908
f 1852/1852/1852 1907/1907/1907 1910/1910/1910
f 1880/1880/1880 1883/1883/1883 1911/1911/1911
f 1880/1880/1880 1911/1911/1911 1912/1912/1912
f 1850/1850/1850 1855/1855/1855 1904/1904/1904
f 1851/1851/1851 1903/1903/1903 1914/1914/1914
f 1879/1879/1879 1882/1882/1882 1916/1916/1916
f 1879/1879/1879 1916/1916/1916 1917/1917/1917
f 1849/1849/1849 1853/1853/1853 1909/1909/1909
f 1849/1849/1849 1909/1909/1909 1918/1918/1918
f 1878/1878/1878 1881/1881/1881 1906/1906/1906
f 1878/1878/1878 1906/1906/1906 1919/1919/1919
f 1847/1847/1847 1850/1850/1850 1913/1913/1913
f 1848/1848/1848 1915/1915/1915 1920/1920/1920
f 1877/1877/1877 1880/1880/1880 1912/1912/1912
f 1877/1877/1877 1912/1912/1912 1922/1922/1922
f 1846/1846/1846 1849/1849/1849 1918/1918/1918
f 1846/1846/1846 1918/1918/1918 1923/1923/1923
f 1876/1876/1876 1879/1879/1879 1917/1917/1917
f 1876/1876/1876 1917/1917/1917 1924/1924/1924
f 1845/1845/1845 1847/1847/1847 1921/1921/1921
f 1845/1845/1845 1921/1921/1921 1925/1925/1925
f 1875/1875/1875 1878/1878/1878 1919/1919/1919
f 1875/1875/1875 1919/1919/1919 1926/1926/1926
f 1844/1844/1844 1846/1846/1846 1923/1923/1923
f 1844/1844/1844 1923/1923/1923 1927/1927/1927
f 1874/1874/1874 1877/1877/1877 1922/1922/1922
f 1874/1874/1874 1922/1922/1922 1929/1929/1929
f 1843/1843/1843 1845/1845/1845 1925/1925/1925
f 1843/1843/1843 1925/1925/1925 1930/1930/1930
f 1873/1873/1873 1876/1876/1876 1924/1924/1924
f 1873/1873/1873 1924/1924/1924 1931/1931/1931
f 1842/1842/1842 1844/1844/1844 1927/1927/1927
f 1841/1841/1841 1928/1928/1928 1933/1933/1933
f 1872/1872/1872 1875/1875/1875 1926/1926/1926
f 1872/1872/1872 1926/1926/1926 1934/1934/1934
f 1830/1830/1830 1829/1829/1829 1935/1935/1935
f 1830/1830/1830 1935/1935/1935 1937/1937/1937
f 1840/1840/1840 1843/1843/1843 1930/1930/1930
f 1840/1840/1840 1930/1930/1930 1938/1938/1938
f 1871/1871/1871 1874/1874/1874 1929/1929/1929
f 1871/1871/1871 1929/1929/1929 1939/1939/1939
f 1900/1900/1900 1832/1832/1832 1940/1940/1940
f 1900/1900/1900 1940/1940/1940 1941/1941/1941
f 1839/1839/1839 1842/1842/1842 1932/1932/1932
f 1839/1839/1839 1932/1932/1932 1942/1942/1942
f 1870/1870/1870 1873/1873/1873 1931/1931/1931
f 1870/1870/1870 1931/1931/1931 1944/1944/1944
f 1898/1898/1898 1830/1830/1830 1937/1937/1937
f 1899/1899/1899 1936/1936/1936 1946/1946/1946
f 1838/1838/1838 1840/1840/1840 1938/1938/1938
f 1838/1838/1838 1938/1938/1938 1947/1947/1947
f 1869/1869/1869 1872/1872/1872 1934/1934/1934
f 1869/1869/1869 1934/1934/1934 1948/1948/1948
f 1897/1897/1897 1900/1900/1900 1941/1941/1941
f 1897/1897/1897 1941/1941/1941 1949/1949/1949
f 1836/1836/1836 1839/1839/1839 1942/1942/1942
f 1837/1837/1837 1943/1943/1943 1951/1951/1951
f 1868/1868/1868 1871/1871/1871 1939/1939/1939
f 1868/1868/1868 1939/1939/1939 1952/1952/1952
f 1896/1896/1896 1898/1898/1898 1945/1945/1945
f 1896/1896/1896 1945/1945/1945 1953/1953/1953
f 1835/1835/1835 1838/1838/1838 1947/1947/1947
f 1835/1835/1835 1947/1947/1947 1954/1954/1954
f 1867/1867/1867 1870/1870/1870 1944/1944/1944
f 1867/1867/1867 1944/1944/1944 1955/1955/1955
f 1894/1894/1894 1896/1896/1896 1953/1953/1953
f 1894/1894/1894 1953/1953/1953 1956/1956/1956
f 1834/1834/1834 1836/1836/1836 1950/1950/1950
f 1834/1834/1834 1950/1950/1950 1957/1957/1957
f 1866/1866/1866 1869/1869/1869 1948/1948/1948
f 1866/1866/1866 1948/1948/1948 1958/1958/1958
f 1893/1893/1893 1895/1895/1895 1959/1959/1959
f 1893/1893/1893 1959/1959/1959 1960/1960/1960
f 1833/1833/1833 1835/1835/1835 1954/1954/1954
f 1833/1833/1833 1954/1954/1954 1961/1961/1961
f 1865/1865/1865 1868/1868/1868 1952/1952/1952
f 1865/1865/1865 1952/1952/1952 1962/1962/1962
f 1892/1892/1892 1894/1894/1894 1956/1956/1956
f 1892/1892/1892 1956/1956/1956 1963/1963/1963
f 1831/1831/1831 1834/1834/1834 1957/1957/1957
f 1831/1831/1831 1957/1957/1957 1964/1964/1964
f 1864/1864/1864 1867/1867/1867 1955/1955/1955
f 1864/1864/1864 1955/1955/1955 1965/1965/1965
f 1891/1891/1891 1862/1862/1862 1966/1966/1966
f 1891/1891/1891 1966/1966/1966 1967/1967/1967
f 1829/1829/1829 1833/1833/1833 1961/1961/1961
f 1829/1829/1829 1961/1961/1961 1935/1935/1935
f 1863/1863/1863 1866/1866/1866 1958/1958/1958
f 1863/1863/1863 1958/1958/1958 1968/1968/1968
f 1890/1890/1890 1893/1893/1893 1960/1960/1960
f 1890/1890/1890 1960/1960/1960 1969/1969/1969
f 1832/1832/1832 1831/1831/1831 1964/1964/1964
f 1832/1832/1832 1964/1964/1964 1940/1940/1940
f 1861/1861/1861 1865/1865/1865 1962/1962/1962
f 1861/1861/1861 1962/1962/1962 1971/1971/1971
f 1889/1889/1889 1892/1892/1892 1963/1963/1963
f 1889/1889/1889 1963/1963/1963 1972/1972/1972
f 1860/1860/1860 1864/1864/1864 1965/1965/1965
f 1860/1860/1860 1965/1965/1965 1973/1973/1973
f 1888/1888/1888 1891/1891/1891 1967/1967/1967
f 1888/1888/1888 1967/1967/1967 1974/1974/1974
f 1859/1859/1859 1863/1863/1863 1968/1968/1968
f 1859/1859/1859 1968/1968/1968 1975/1975/1975
f 1886/1886/1886 1890/1890/1890 1969/1969/1969
f 1887/1887/1887 1970/1970/1970 1977/1977/1977
f 1862/1862/1862 1861/1861/1861 1971/1971/1971
f 1862/1862/1862 1971/1971/1971 1966/1966/1966
f 1885/1885/1885 1889/1889/1889 1972/1972/1972
f 1885/1885/1885 1972/1972/1972 1978/1978/1978
f 1858/1858/1858 1860/1860/1860 1973/1973/1973
f 1858/1858/1858 1973/1973/1973 1979/1979/1979
f 1884/1884/1884 1888/1888/1888 1974/1974/1974
f 1884/1884/1884 1974/1974/1974 1905/1905/1905
f 1857/1857/1857 1859/1859/1859 1975/1975/1975
f 1857/1857/1857 1975/1975/1975 1902/1902/1902
f 1883/1883/1883 1886/1886/1886 1976/1976/1976
f 1883/1883/1883 1976/1976/1976 1911/1911/1911
f 1856/1856/1856 1858/1858/1858 1979/1979/1979
f 1856/1856/1856 1979/1979/1979 1908/1908/1908
f 1882/1882/1882 1885/1885/1885 1978/1978/1978
f 1882/1882/1882 1978/1978/1978 1916/1916/1916
f 1980/1980/1980 1981/1981/1981 1982/1982/1982
f 1980/1980/1980 1982/1982/1982 1983/1983/1983
f 1895/1895/1895 1897/1897/1897 1949/1949/1949
f 1895/1895/1895 1949/1949/1949 1959/1959/1959
f 1984/1984/1984 1985/1985/1985 1981/1981/1981
f 1984/1984/1984 1981/1981/1981 1980/1980/1980
f 1986/1986/1986 1987/1987/1987 1985/1985/1985
f 1986/1986/1986 1985/1985/1985 1984/1984/1984
f 1988/1988/1988 1989/1989/1989 1990/1990/1990
f 1988/1988/1988 1990/1990/1990 1991/1991/1991
f 1992/1992/1992 1993/1993/1993 1994/1994/1994
f 1992/1992/1992 1994/1994/1994 1995/1995/1995
f 1993/1993/1993 1996/1996/1996 1997/1997/1997
f 1993/1993/1993 1997/1997/1997 1994/1994/1994
f 1998/1998/1998 1999/1999/1999 2000/2000/2000
f 1998/1998/1998 2000/2000/2000 2001/2001/2001
f 1999/1999/1999 2002/2002/2002 2003/2003/2003
f 1999/1999/1999 2003/2003/2003 2000/2000/2000
f 1989/1989/1989 2004/2004/2004 2005/2005/2005
f 1989/1989/1989 2005/2005/2005 1990/1990/1990
f 2004/2004/2004 2006/2006/2006 2007/2007/2007
f 2004/2004/2004 2007/2007/2007 2005/2005/2005
f 1996/1996/1996 2008/2008/2008 2009/2009/2009
f 1996/1996/1996 2009/2009/2009 1997/1997/1997
f 2008/2008/2008 2010/2010/2010 2011/2011/2011
f 2008/2008/2008 2011/2011/2011 2009/2009/2009
f 2002/2002/2002 2012/2012/2012 2013/2013/2013
f 2002/2002/2002 2013/2013/2013 2003/2003/2003
f 2012/2012/2012 2014/2014/2014 2015/2015/2015
f 2012/2012/2012 2015/2015/2015 2013/2013/2013
f 2006/2006/2006 2016/2016/2016 2017/2017/2017
f 2006/2006/2006 2017/2017/2017 2007/2007/2007
f 2018/2018/2018 2019/2019/2019 2020/2020/2020
f 2018/2018/2018 2020/2020/2020 2021/2021/2021
f 2010/2010/2010 2022/2022/2022 2023/2023/2023
f 2010/2010/2010 2023/2023/2023 2011/2011/2011
f 2022/2022/2022 2024/2024/2024 2025/2025/2025
f 2022/2022/2022 2025/2025/2025 2023/2023/2023
f 2014/2014/2014 2026/2026/2026 2027/2027/2027
f 2014/2014/2014 2027/2027/2027 2015/2015/2015
f 2026/2026/2026 2028/2028/2028 2029/2029/2029
f 2026/2026/2026 2029/2029/2029 2027/2027/2027
f 2024/2024/2024 2030/2030/2030 2031/2031/2031
f 2024/2024/2024 2031/2031/2031 2025/2025/2025
f 2030/2030/2030 2032/2032/2032 2033/2033/2033
f 2030/2030/2030 2033/2033/2033 2031/2031/2031
f 2034/2034/2034 2035/2035/2035 2036/2036/2036
f 2034/2034/2034 2036/2036/2036 2037/2037/2037
f 2038/2038/2038 2039/2039/2039 2040/2040/2040
f 2038/2038/2038 2040/2040/2040 2041/2041/2041
f 2035/2035/2035 1992/1992/1992 1995/1995/1995
f 2035/2035/2035 1995/1995/1995 2036/2036/2036
f 2039/2039/2039 1998/1998/1998 2001/2001/2001
f 2039/2039/2039 2001/2001/2001 2040/2040/2040
f 2032/2032/2032 1988/1988/1988 1991/1991/1991
f 2032/2032/2032 1991/1991/1991 2033/2033/2033
f 2042/2042/2042 2043/2043/2043 2044/2044/2044
f 2042/2042/2042 2044/2044/2044 2045/2045/2045
f 2043/2043/2043 2046/2046/2046 2047/2047/2047
f 2043/2043/2043 2047/2047/2047 2044/2044/2044
f 2046/2046/2046 2048/2048/2048 2049/2049/2049
f 2046/2046/2046 2049/2049/2049 2047/2047/2047
f 2050/2050/2050 2051/2051/2051 2052/2052/2052
f 2050/2050/2050 2052/2052/2052 2053/2053/2053
f 2051/2051/2051 2054/2054/2054 2055/2055/2055
f 2051/2051/2051 2055/2055/2055 2052/2052/2052
f 2054/2054/2054 2056/2056/2056 2057/2057/2057
f 2054/2054/2054 2057/2057/2057 2055/2055/2055
f 2056/2056/2056 2058/2058/2058 2059/2059/2059
f 2056/2056/2056 2059/2059/2059 2057/2057/2057
f 2058/2058/2058 2060/2060/2060 2061/2061/2061
f 2058/2058/2058 2061/2061/2061 2059/2059/2059
f 2060/2060/2060 2062/2062/2062 2063/2063/2063
f 2060/2060/2060 2063/2063/2063 2061/2061/2061
f 2064/2064/2064 2065/2065/2065 2066/2066/2066
f 2064/2064/2064 2066/2066/2066 2067/2067/2067
f 2065/2065/2065 2068/2068/2068 2069/2069/2069
f 2065/2065/2065 2069/2069/2069 2066/2066/2066
f 2068/2068/2068 2070/2070/2070 2071/2071/2071
f 2068/2068/2068 2071/2071/2071 2069/2069/2069
f 2070/2070/2070 2072/2072/2072 2073/2073/2073
f 2070/2070/2070 2073/2073/2073 2071/2071/2071
f 2074/2074/2074 2075/2075/2075 2076/2076/2076
f 2074/2074/2074 2076/2076/2076 2077/2077/2077
f 2072/2072/2072 2078/2078/2078 2079/2079/2079
f 2072/2072/2072 2079/2079/2079 2073/2073/2073
f 2078/2078/2078 2080/2080/2080 2081/2081/2081
f 2078/2078/2078 2081/2081/2081 2079/2079/2079
f 2080/2080/2080 2082/2082/2082 2083/2083/2083
f 2080/2080/2080 2083/2083/2083 2081/2081/2081
f 2082/2082/2082 2084/2084/2084 2085/2085/2085
f 2082/2082/2082 2085/2085/2085 2083/2083/2083
f 2084/2084/2084 2086/2086/2086 2087/2087/2087
f 2084/2084/2084 2087/2087/2087 2085/2085/2085
f 2086/2086/2086 2042/2042/2042 2045/2045/2045
f 2086/2086/2086 2045/2045/2045 2087/2087/2087
f 1990/1990/1990 2005/2005/2005 2088/2088/2088
f 1990/1990/1990 2088/2088/2088 2089/2089/2089
f 2075/2075/2075 2090/2090/2090 2091/2091/2091
f 2075/2075/2075 2091/2091/2091 2076/2076/2076
f 2090/2090/2090 2092/2092/2092 2093/2093/2093
f 2090/2090/2090 2093/2093/2093 2091/2091/2091
f 2092/2092/2092 2094/2094/2094 2095/2095/2095
f 2092/2092/2092 2095/2095/2095 2093/2093/2093
f 2094/2094/2094 2096/2096/2096 2097/2097/2097
f 2094/2094/2094 2097/2097/2097 2095/2095/2095
f 2096/2096/2096 2098/2098/2098 2099/2099/2099
f 2096/2096/2096 2099/2099/2099 2097/2097/2097
f 2098/2098/2098 2100/2100/2100 2101/2101/2101
f 2098/2098/2098 2101/2101/2101 2099/2099/2099
f 2100/2100/2100 2102/2102/2102 2103/2103/2103
f 2100/2100/2100 2103/2103/2103 2101/2101/2101
f 2102/2102/2102 2104/2104/2104 2105/2105/2105
f 2102/2102/2102 2105/2105/2105 2103/2103/2103
f 2104/2104/2104 2106/2106/2106 2107/2107/2107
f 2104/2104/2104 2107/2107/2107 2105/2105/2105
f 2106/2106/2106 2108/2108/2108 2109/2109/2109
f 2106/2106/2106 2109/2109/2109 2107/2107/2107
f 2110/2110/2110 2050/2050/2050 2053/2053/2053
f 2110/2110/2110 2053/2053/2053 2111/2111/2111
f 2108/2108/2108 2112/2112/2112 2113/2113/2113
f 2108/2108/2108 2113/2113/2113 2109/2109/2109
f 2112/2112/2112 2114/2114/2114 2115/2115/2115
f 2112/2112/2112 2115/2115/2115 2113/2113/2113
f 2114/2114/2114 2116/2116/2116 2117/2117/2117
f 2114/2114/2114 2117/2117/2117 2115/2115/2115
f 2116/2116/2116 2118/2118/2118 2119/2119/2119
f 2116/2116/2116 2119/2119/2119 2117/2117/2117
f 2118/2118/2118 2120/2120/2120 2121/2121/2121
f 2118/2118/2118 2121/2121/2121 2119/2119/2119
f 2120/2120/2120 2122/2122/2122 2123/2123/2123
f 2120/2120/2120 2123/2123/2123 2121/2121/2121
f 2122/2122/2122 2124/2124/2124 2125/2125/2125
f 2122/2122/2122 2125/2125/2125 2123/2123/2123
f 2126/2126/2126 2127/2127/2127 2128/2128/2128
f 2126/2126/2126 2128/2128/2128 2129/2129/2129
f 2127/2127/2127 1990/1990/1990 2089/2089/2089
f 2127/2127/2127 2089/2089/2089 2128/2128/2128
f 2077/2077/2077 2076/2076/2076 2130/2130/2130
f 2077/2077/2077 2130/2130/2130 2131/2131/2131
f 2131/2131/2131 2130/2130/2130 2132/2132/2132
f 2131/2131/2131 2132/2132/2132 2133/2133/2133
f 2134/2134/2134 2135/2135/2135 2136/2136/2136
f 2134/2134/2134 2136/2136/2136 2137/2137/2137
f 2137/2137/2137 2136/2136/2136 2110/2110/2110
f 2137/2137/2137 2110/2110/2110 2138/2138/2138
f 2076/2076/2076 2091/2091/2091 2139/2139/2139
f 2076/2076/2076 2139/2139/2139 2130/2130/2130
f 2130/2130/2130 2139/2139/2139 2140/2140/2140
f 2130/2130/2130 2140/2140/2140 2132/2132/2132
f 2135/2135/2135 2141/2141/2141 2142/2142/2142
f 2135/2135/2135 2142/2142/2142 2136/2136/2136
f 2136/2136/2136 2142/2142/2142 2050/2050/2050
f 2136/2136/2136 2050/2050/2050 2110/2110/2110
f 2091/2091/2091 2093/2093/2093 2143/2143/2143
f 2091/2091/2091 2143/2143/2143 2139/2139/2139
f 2139/2139/2139 2143/2143/2143 2144/2144/2144
f 2139/2139/2139 2144/2144/2144 2140/2140/2140
f 2141/2141/2141 2145/2145/2145 2146/2146/2146
f 2141/2141/2141 2146/2146/2146 2142/2142/2142
f 2142/2142/2142 2146/2146/2146 2051/2051/2051
f 2142/2142/2142 2051/2051/2051 2050/2050/2050
f 2093/2093/2093 2095/2095/2095 2147/2147/2147
f 2093/2093/2093 2147/2147/2147 2143/2143/2143
f 2143/2143/2143 2147/2147/2147 2148/2148/2148
f 2143/2143/2143 2148/2148/2148 2144/2144/2144
f 2145/2145/2145 2149/2149/2149 2150/2150/2150
f 2145/2145/2145 2150/2150/2150 2146/2146/2146
f 2146/2146/2146 2150/2150/2150 2054/2054/2054
f 2146/2146/2146 2054/2054/2054 2051/2051/2051
f 2095/2095/2095 2097/2097/2097 2151/2151/2151
f 2095/2095/2095 2151/2151/2151 2147/2147/2147
f 2147/2147/2147 2151/2151/2151 2152/2152/2152
f 2147/2147/2147 2152/2152/2152 2148/2148/2148
f 2149/2149/2149 2153/2153/2153 2154/2154/2154
f 2149/2149/2149 2154/2154/2154 2150/2150/2150
f 2150/2150/2150 2154/2154/2154 2056/2056/2056
f 2150/2150/2150 2056/2056/2056 2054/2054/2054
f 2097/2097/2097 2099/2099/2099 2155/2155/2155
f 2097/2097/2097 2155/2155/2155 2151/2151/2151
f 2151/2151/2151 2155/2155/2155 2156/2156/2156
f 2151/2151/2151 2156/2156/2156 2152/2152/2152
f 2153/2153/2153 2157/2157/2157 2158/2158/2158
f 2153/2153/2153 2158/2158/2158 2154/2154/2154
f 2154/2154/2154 2158/2158/2158 2058/2058/2058
f 2154/2154/2154 2058/2058/2058 2056/2056/2056
f 2099/2099/2099 2101/2101/2101 2159/2159/2159
f 2099/2099/2099 2159/2159/2159 2155/2155/2155
f 2155/2155/2155 2159/2159/2159 2160/2160/2160
f 2155/2155/2155 2160/2160/2160 2156/2156/2156
f 2157/2157/2157 2161/2161/2161 2162/2162/2162
f 2157/2157/2157 2162/2162/2162 2158/2158/2158
f 2158/2158/2158 2162/2162/2162 2060/2060/2060
f 2158/2158/2158 2060/2060/2060 2058/2058/2058
f 2101/2101/2101 2103/2103/2103 2163/2163/2163
f 2101/2101/2101 2163/2163/2163 2159/2159/2159
f 2159/2159/2159 2163/2163/2163 2164/2164/2164
f 2159/2159/2159 2164/2164/2164 2160/2160/2160
f 2161/2161/2161 2165/2165/2165 2166/2166/2166
f 2161/2161/2161 2166/2166/2166 2162/2162/2162
f 2162/2162/2162 2166/2166/2166 2062/2062/2062
f 2162/2162/2162 2062/2062/2062 2060/2060/2060
f 2103/2103/2103 2105/2105/2105 2167/2167/2167
f 2103/2103/2103 2167/2167/2167 2163/2163/2163
f 2163/2163/2163 2167/2167/2167 2168/2168/2168
f 2163/2163/2163 2168/2168/2168 2164/2164/2164
f 2169/2169/2169 2170/2170/2170 2171/2171/2171
f 2169/2169/2169 2171/2171/2171 2172/2172/2172
f 2172/2172/2172 2171/2171/2171 2065/2065/2065
f 2172/2172/2172 2065/2065/2065 2064/2064/2064
f 2105/2105/2105 2107/2107/2107 2173/2173/2173
f 2105/2105/2105 2173/2173/2173 2167/2167/2167
f 2167/2167/2167 2173/2173/2173 2174/2174/2174
f 2167/2167/2167 2174/2174/2174 2168/2168/2168
f 2170/2170/2170 2175/2175/2175 2176/2176/2176
f 2170/2170/2170 2176/2176/2176 2171/2171/2171
f 2171/2171/2171 2176/2176/2176 2068/2068/2068
f 2171/2171/2171 2068/2068/2068 2065/2065/2065
f 2107/2107/2107 2109/2109/2109 2177/2177/2177
f 2107/2107/2107 2177/2177/2177 2173/2173/2173
f 2173/2173/2173 2177/2177/2177 2178/2178/2178
f 2173/2173/2173 2178/2178/2178 2174/2174/2174
f 2175/2175/2175 2179/2179/2179 2180/2180/2180
f 2175/2175/2175 2180/2180/2180 2176/2176/2176
f 2176/2176/2176 2180/2180/2180 2070/2070/2070
f 2176/2176/2176 2070/2070/2070 2068/2068/2068
f 2109/2109/2109 2113/2113/2113 2181/2181/2181
f 2109/2109/2109 2181/2181/2181 2177/2177/2177
f 2182/2182/2182 2183/2183/2183 2184/2184/2184
f 2182/2182/2182 2184/2184/2184 2179/2179/2179
f 2179/2179/2179 2184/2184/2184 2185/2185/2185
f 2179/2179/2179 2185/2185/2185 2180/2180/2180
f 2180/2180/2180 2185/2185/2185 2072/2072/2072
f 2180/2180/2180 2072/2072/2072 2070/2070/2070
f 2113/2113/2113 2115/2115/2115 2186/2186/2186
f 2113/2113/2113 2186/2186/2186 2181/2181/2181
f 2183/2183/2183 2187/2187/2187 2188/2188/2188
f 2183/2183/2183 2188/2188/2188 2184/2184/2184
f 2184/2184/2184 2188/2188/2188 2189/2189/2189
f 2184/2184/2184 2189/2189/2189 2185/2185/2185
f 2185/2185/2185 2189/2189/2189 2078/2078/2078
f 2185/2185/2185 2078/2078/2078 2072/2072/2072
f 2115/2115/2115 2117/2117/2117 2190/2190/2190
f 2115/2115/2115 2190/2190/2190 2186/2186/2186
f 2187/2187/2187 2191/2191/2191 2192/2192/2192
f 2187/2187/2187 2192/2192/2192 2188/2188/2188
f 2188/2188/2188 2192/2192/2192 2193/2193/2193
f 2188/2188/2188 2193/2193/2193 2189/2189/2189
f 2189/2189/2189 2193/2193/2193 2080/2080/2080
f 2189/2189/2189 2080/2080/2080 2078/2078/2078
f 2117/2117/2117 2119/2119/2119 2194/2194/2194
f 2117/2117/2117 2194/2194/2194 2190/2190/2190
f 2191/2191/2191 2195/2195/2195 2196/2196/2196
f 2191/2191/2191 2196/2196/2196 2192/2192/2192
f 2192/2192/2192 2196/2196/2196 2197/2197/2197
f 2192/2192/2192 2197/2197/2197 2193/2193/2193
f 2193/2193/2193 2197/2197/2197 2082/2082/2082
f 2193/2193/2193 2082/2082/2082 2080/2080/2080
f 2119/2119/2119 2121/2121/2121 2198/2198/2198
f 2119/2119/2119 2198/2198/2198 2194/2194/2194
f 2195/2195/2195 2199/2199/2199 2200/2200/2200
f 2195/2195/2195 2200/2200/2200 2196/2196/2196
f 2196/2196/2196 2200/2200/2200 2201/2201/2201
f 2196/2196/2196 2201/2201/2201 2197/2197/2197
f 2197/2197/2197 2201/2201/2201 2084/2084/2084
f 2197/2197/2197 2084/2084/2084 2082/2082/2082
f 2202/2202/2202 2203/2203/2203 2204/2204/2204
f 2202/2202/2202 2204/2204/2204 2199/2199/2199
f 2199/2199/2199 2204/2204/2204 2205/2205/2205
f 2199/2199/2199 2205/2205/2205 2200/2200/2200
f 2200/2200/2200 2205/2205/2205 2206/2206/2206
f 2200/2200/2200 2206/2206/2206 2201/2201/2201
f 2201/2201/2201 2206/2206/2206 2086/2086/2086
f 2201/2201/2201 2086/2086/2086 2084/2084/2084
f 2203/2203/2203 2129/2129/2129 2207/2207/2207
f 2203/2203/2203 2207/2207/2207 2204/2204/2204
f 2204/2204/2204 2207/2207/2207 2208/2208/2208
f 2204/2204/2204 2208/2208/2208 2205/2205/2205
f 2205/2205/2205 2208/2208/2208 2209/2209/2209
f 2205/2205/2205 2209/2209/2209 2206/2206/2206
f 2206/2206/2206 2209/2209/2209 2042/2042/2042
f 2206/2206/2206 2042/2042/2042 2086/2086/2086
f 2129/2129/2129 2128/2128/2128 2210/2210/2210
f 2129/2129/2129 2210/2210/2210 2207/2207/2207
f 2207/2207/2207 2210/2210/2210 2211/2211/2211
f 2207/2207/2207 2211/2211/2211 2208/2208/2208
f 2208/2208/2208 2211/2211/2211 2212/2212/2212
f 2208/2208/2208 2212/2212/2212 2209/2209/2209
f 2209/2209/2209 2212/2212/2212 2043/2043/2043
f 2209/2209/2209 2043/2043/2043 2042/2042/2042
f 2128/2128/2128 2089/2089/2089 2213/2213/2213
f 2128/2128/2128 2213/2213/2213 2210/2210/2210
f 2210/2210/2210 2213/2213/2213 2214/2214/2214
f 2210/2210/2210 2214/2214/2214 2211/2211/2211
f 2211/2211/2211 2214/2214/2214 2215/2215/2215
f 2211/2211/2211 2215/2215/2215 2212/2212/2212
f 2212/2212/2212 2215/2215/2215 2046/2046/2046
f 2212/2212/2212 2046/2046/2046 2043/2043/2043
f 2089/2089/2089 2088/2088/2088 2216/2216/2216
f 2089/2089/2089 2216/2216/2216 2213/2213/2213
f 2213/2213/2213 2216/2216/2216 2217/2217/2217
f 2213/2213/2213 2217/2217/2217 2214/2214/2214
f 2214/2214/2214 2217/2217/2217 2218/2218/2218
f 2214/2214/2214 2218/2218/2218 2215/2215/2215
f 2215/2215/2215 2218/2218/2218 2048/2048/2048
f 2215/2215/2215 2048/2048/2048 2046/2046/2046
f 2138/2138/2138 2110/2110/2110 2111/2111/2111
f 2138/2138/2138 2111/2111/2111 2219/2219/2219
f 2005/2005/2005 2007/2007/2007 2017/2017/2017
f 2005/2005/2005 2017/2017/2017 2088/2088/2088
f 2020/2020/2020 2220/2220/2220 2221/2221/2221
f 2020/2020/2020 2221/2221/2221 2021/2021/2021
f 2049/2049/2049 2048/2048/2048 2222/2222/2222
f 2049/2049/2049 2222/2222/2222 2223/2223/2223
f 2048/2048/2048 2218/2218/2218 2224/2224/2224
f 2048/2048/2048 2224/2224/2224 2222/2222/2222
f 2217/2217/2217 2216/2216/2216 2225/2225/2225
f 2217/2217/2217 2225/2225/2225 2226/2226/2226
f 2218/2218/2218 2217/2217/2217 2226/2226/2226
f 2218/2218/2218 2226/2226/2226 2224/2224/2224
f 2227/2227/2227 2228/2228/2228 2229/2229/2229
f 2227/2227/2227 2229/2229/2229 2230/2230/2230
f 2228/2228/2228 2231/2231/2231 2232/2232/2232
f 2228/2228/2228 2232/2232/2232 2229/2229/2229
f 2233/2233/2233 2234/2234/2234 2235/2235/2235
f 2233/2233/2233 2235/2235/2235 2236/2236/2236
f 2231/2231/2231 2237/2237/2237 2238/2238/2238
f 2231/2231/2231 2238/2238/2238 2232/2232/2232
f 2234/2234/2234 2227/2227/2227 2230/2230/2230
f 2234/2234/2234 2230/2230/2230 2235/2235/2235
f 2239/2239/2239 2240/2240/2240 2241/2241/2241
f 2239/2239/2239 2241/2241/2241 2242/2242/2242
f 2242/2242/2242 2241/2241/2241 2243/2243/2243
f 2242/2242/2242 2243/2243/2243 2244/2244/2244
f 2244/2244/2244 2243/2243/2243 2245/2245/2245
f 2244/2244/2244 2245/2245/2245 2246/2246/2246
f 2246/2246/2246 2245/2245/2245 2247/2247/2247
f 2246/2246/2246 2247/2247/2247 2248/2248/2248
f 2248/2248/2248 2247/2247/2247 2249/2249/2249
f 2248/2248/2248 2249/2249/2249 2250/2250/2250
f 2250/2250/2250 2249/2249/2249 2251/2251/2251
f 2250/2250/2250 2251/2251/2251 2252/2252/2252
f 2252/2252/2252 2251/2251/2251 2253/2253/2253
f 2252/2252/2252 2253/2253/2253 2254/2254/2254
f 2254/2254/2254 2253/2253/2253 2255/2255/2255
f 2254/2254/2254 2255/2255/2255 2256/2256/2256
f 2257/2257/2257 2258/2258/2258 2259/2259/2259
f 2257/2257/2257 2259/2259/2259 2260/2260/2260
f 2260/2260/2260 2259/2259/2259 2261/2261/2261
f 2260/2260/2260 2261/2261/2261 2262/2262/2262
f 2262/2262/2262 2261/2261/2261 2263/2263/2263
f 2262/2262/2262 2263/2263/2263 2264/2264/2264
f 2264/2264/2264 2263/2263/2263 2265/2265/2265
f 2264/2264/2264 2265/2265/2265 2266/2266/2266
f 2266/2266/2266 2265/2265/2265 2267/2267/2267
f 2266/2266/2266 2267/2267/2267 2268/2268/2268
f 2268/2268/2268 2267/2267/2267 2269/2269/2269
f 2268/2268/2268 2269/2269/2269 2270/2270/2270
f 2270/2270/2270 2269/2269/2269 2271/2271/2271
f 2270/2270/2270 2271/2271/2271 2272/2272/2272
f 2272/2272/2272 2271/2271/2271 2273/2273/2273
f 2272/2272/2272 2273/2273/2273 2274/2274/2274
f 2275/2275/2275 2276/2276/2276 2277/2277/2277
f 2275/2275/2275 2277/2277/2277 2278/2278/2278
f 2279/2279/2279 2280/2280/2280 2281/2281/2281
f 2279/2279/2279 2281/2281/2281 2282/2282/2282
f 2283/2283/2283 2284/2284/2284 2285/2285/2285
f 2283/2283/2283 2285/2285/2285 2286/2286/2286
f 2287/2287/2287 2288/2288/2288 2289/2289/2289
f 2287/2287/2287 2289/2289/2289 2290/2290/2290
f 2291/2291/2291 2292/2292/2292 2293/2293/2293
f 2291/2291/2291 2293/2293/2293 2294/2294/2294
f 2275/2275/2275 2278/2278/2278 2292/2292/2292
f 2275/2275/2275 2292/2292/2292 2291/2291/2291
f 2295/2295/2295 2296/2296/2296 2297/2297/2297
f 2295/2295/2295 2297/2297/2297 2298/2298/2298
f 2299/2299/2299 2300/2300/2300 2296/2296/2296
f 2299/2299/2299 2296/2296/2296 2295/2295/2295
f 2290/2290/2290 2289/2289/2289 2301/2301/2301
f 2290/2290/2290 2301/2301/2301 2302/2302/2302
f 2297/2297/2297 2302/2302/2302 2301/2301/2301
f 2297/2297/2297 2301/2301/2301 2298/2298/2298
f 2285/2285/2285 2284/2284/2284 2280/2280/2280
f 2285/2285/2285 2280/2280/2280 2279/2279/2279
f 2303/2303/2303 2304/2304/2304 2305/2305/2305
f 2303/2303/2303 2305/2305/2305 2306/2306/2306
f 2306/2306/2306 2305/2305/2305 2307/2307/2307
f 2306/2306/2306 2307/2307/2307 2308/2308/2308
f 2309/2309/2309 2310/2310/2310 2311/2311/2311
f 2309/2309/2309 2311/2311/2311 2312/2312/2312
f 2312/2312/2312 2311/2311/2311 2292/2292/2292
f 2312/2312/2312 2292/2292/2292 2278/2278/2278
f 2304/2304/2304 2313/2313/2313 2314/2314/2314
f 2304/2304/2304 2314/2314/2314 2305/2305/2305
f 2305/2305/2305 2314/2314/2314 2315/2315/2315
f 2305/2305/2305 2315/2315/2315 2307/2307/2307
f 2310/2310/2310 2316/2316/2316 2317/2317/2317
f 2310/2310/2310 2317/2317/2317 2311/2311/2311
f 2311/2311/2311 2317/2317/2317 2293/2293/2293
f 2311/2311/2311 2293/2293/2293 2292/2292/2292
f 2313/2313/2313 2318/2318/2318 2319/2319/2319
f 2313/2313/2313 2319/2319/2319 2314/2314/2314
f 2314/2314/2314 2319/2319/2319 2320/2320/2320
f 2314/2314/2314 2320/2320/2320 2315/2315/2315
f 2321/2321/2321 2322/2322/2322 2323/2323/2323
f 2321/2321/2321 2323/2323/2323 2324/2324/2324
f 2324/2324/2324 2323/2323/2323 2289/2289/2289
f 2324/2324/2324 2289/2289/2289 2288/2288/2288
f 2318/2318/2318 2325/2325/2325 2326/2326/2326
f 2318/2318/2318 2326/2326/2326 2319/2319/2319
f 2319/2319/2319 2326/2326/2326 2327/2327/2327
f 2319/2319/2319 2327/2327/2327 2320/2320/2320
f 2322/2322/2322 2328/2328/2328 2329/2329/2329
f 2322/2322/2322 2329/2329/2329 2323/2323/2323
f 2323/2323/2323 2329/2329/2329 2301/2301/2301
f 2323/2323/2323 2301/2301/2301 2289/2289/2289
f 2330/2330/2330 2331/2331/2331 2332/2332/2332
f 2330/2330/2330 2332/2332/2332 2333/2333/2333
f 2333/2333/2333 2332/2332/2332 2334/2334/2334
f 2333/2333/2333 2334/2334/2334 2335/2335/2335
f 2336/2336/2336 2337/2337/2337 2338/2338/2338
f 2336/2336/2336 2338/2338/2338 2339/2339/2339
f 2339/2339/2339 2338/2338/2338 2285/2285/2285
f 2339/2339/2339 2285/2285/2285 2279/2279/2279
f 2340/2340/2340 2330/2330/2330 2333/2333/2333
f 2340/2340/2340 2333/2333/2333 2341/2341/2341
f 2341/2341/2341 2333/2333/2333 2335/2335/2335
f 2341/2341/2341 2335/2335/2335 2342/2342/2342
f 2343/2343/2343 2336/2336/2336 2339/2339/2339
f 2343/2343/2343 2339/2339/2339 2344/2344/2344
f 2344/2344/2344 2339/2339/2339 2279/2279/2279
f 2344/2344/2344 2279/2279/2279 2282/2282/2282
f 2345/2345/2345 2340/2340/2340 2341/2341/2341
f 2345/2345/2345 2341/2341/2341 2346/2346/2346
f 2346/2346/2346 2341/2341/2341 2342/2342/2342
f 2346/2346/2346 2342/2342/2342 2347/2347/2347
f 2348/2348/2348 2349/2349/2349 2350/2350/2350
f 2348/2348/2348 2350/2350/2350 2351/2351/2351
f 2351/2351/2351 2350/2350/2350 2299/2299/2299
f 2351/2351/2351 2299/2299/2299 2295/2295/2295
f 2352/2352/2352 2345/2345/2345 2346/2346/2346
f 2352/2352/2352 2346/2346/2346 2353/2353/2353
f 2353/2353/2353 2346/2346/2346 2347/2347/2347
f 2353/2353/2353 2347/2347/2347 2354/2354/2354
f 2355/2355/2355 2348/2348/2348 2351/2351/2351
f 2355/2355/2355 2351/2351/2351 2356/2356/2356
f 2356/2356/2356 2351/2351/2351 2295/2295/2295
f 2356/2356/2356 2295/2295/2295 2298/2298/2298
f 2331/2331/2331 2357/2357/2357 2358/2358/2358
f 2331/2331/2331 2358/2358/2358 2332/2332/2332
f 2332/2332/2332 2358/2358/2358 2359/2359/2359
f 2332/2332/2332 2359/2359/2359 2334/2334/2334
f 2337/2337/2337 2360/2360/2360 2361/2361/2361
f 2337/2337/2337 2361/2361/2361 2338/2338/2338
f 2338/2338/2338 2361/2361/2361 2286/2286/2286
f 2338/2338/2338 2286/2286/2286 2285/2285/2285
f 2325/2325/2325 2352/2352/2352 2353/2353/2353
f 2325/2325/2325 2353/2353/2353 2326/2326/2326
f 2326/2326/2326 2353/2353/2353 2354/2354/2354
f 2326/2326/2326 2354/2354/2354 2327/2327/2327
f 2328/2328/2328 2355/2355/2355 2356/2356/2356
f 2328/2328/2328 2356/2356/2356 2329/2329/2329
f 2329/2329/2329 2356/2356/2356 2298/2298/2298
f 2329/2329/2329 2298/2298/2298 2301/2301/2301
f 2362/2362/2362 2303/2303/2303 2306/2306/2306
f 2362/2362/2362 2306/2306/2306 2363/2363/2363
f 2363/2363/2363 2306/2306/2306 2308/2308/2308
f 2363/2363/2363 2308/2308/2308 2364/2364/2364
f 2365/2365/2365 2309/2309/2309 2312/2312/2312
f 2365/2365/2365 2312/2312/2312 2366/2366/2366
f 2366/2366/2366 2312/2312/2312 2278/2278/2278
f 2366/2366/2366 2278/2278/2278 2277/2277/2277
f 2367/2367/2367 2368/2368/2368 2369/2369/2369
f 2367/2367/2367 2369/2369/2369 2370/2370/2370
f 2368/2368/2368 2371/2371/2371 2372/2372/2372
f 2368/2368/2368 2372/2372/2372 2369/2369/2369
f 2371/2371/2371 2373/2373/2373 2374/2374/2374
f 2371/2371/2371 2374/2374/2374 2372/2372/2372
f 2375/2375/2375 2367/2367/2367 2370/2370/2370
f 2375/2375/2375 2370/2370/2370 2376/2376/2376
f 2377/2377/2377 2378/2378/2378 2379/2379/2379
f 2377/2377/2377 2379/2379/2379 2380/2380/2380
f 2381/2381/2381 2377/2377/2377 2380/2380/2380
f 2381/2381/2381 2380/2380/2380 2382/2382/2382
f 2383/2383/2383 2381/2381/2381 2382/2382/2382
f 2383/2383/2383 2382/2382/2382 2384/2384/2384
f 2385/2385/2385 2379/2379/2379 2378/2378/2378
f 2385/2385/2385 2378/2378/2378 2386/2386/2386
f 2387/2387/2387 2383/2383/2383 2388/2388/2388
f 2387/2387/2387 2388/2388/2388 2389/2389/2389
f 2373/2373/2373 2390/2390/2390 2391/2391/2391
f 2373/2373/2373 2391/2391/2391 2392/2392/2392
f 2390/2390/2390 2387/2387/2387 2389/2389/2389
f 2390/2390/2390 2389/2389/2389 2391/2391/2391
f 2383/2383/2383 2384/2384/2384 2393/2393/2393
f 2383/2383/2383 2393/2393/2393 2388/2388/2388
f 2374/2374/2374 2373/2373/2373 2392/2392/2392
f 2374/2374/2374 2392/2392/2392 2394/2394/2394
f 2395/2395/2395 2396/2396/2396 2397/2397/2397
f 2395/2395/2395 2397/2397/2397 2398/2398/2398
f 2399/2399/2399 2400/2400/2400 2401/2401/2401
f 2399/2399/2399 2401/2401/2401 2402/2402/2402
f 2403/2403/2403 2404/2404/2404 2405/2405/2405
f 2403/2403/2403 2405/2405/2405 2406/2406/2406
f 2396/2396/2396 2407/2407/2407 2408/2408/2408
f 2396/2396/2396 2408/2408/2408 2397/2397/2397
f 2407/2407/2407 2409/2409/2409 2410/2410/2410
f 2407/2407/2407 2410/2410/2410 2408/2408/2408
f 2409/2409/2409 2411/2411/2411 2412/2412/2412
f 2409/2409/2409 2412/2412/2412 2410/2410/2410
f 2411/2411/2411 2413/2413/2413 2414/2414/2414
f 2411/2411/2411 2414/2414/2414 2412/2412/2412
f 2415/2415/2415 2416/2416/2416 2417/2417/2417
f 2415/2415/2415 2417/2417/2417 2418/2418/2418
f 2413/2413/2413 2419/2419/2419 2420/2420/2420
f 2413/2413/2413 2420/2420/2420 2414/2414/2414
f 2421/2421/2421 2422/2422/2422 2423/2423/2423
f 2421/2421/2421 2423/2423/2423 2424/2424/2424
f 2419/2419/2419 2425/2425/2425 2426/2426/2426
f 2419/2419/2419 2426/2426/2426 2420/2420/2420
f 2427/2427/2427 2428/2428/2428 2429/2429/2429
f 2427/2427/2427 2429/2429/2429 2430/2430/2430
f 2431/2431/2431 2432/2432/2432 2433/2433/2433
f 2431/2431/2431 2433/2433/2433 2434/2434/2434
f 2435/2435/2435 2436/2436/2436 2437/2437/2437
f 2435/2435/2435 2437/2437/2437 2438/2438/2438
f 2439/2439/2439 2440/2440/2440 2441/2441/2441
f 2439/2439/2439 2441/2441/2441 2442/2442/2442
f 2443/2443/2443 2444/2444/2444 2445/2445/2445
f 2443/2443/2443 2445/2445/2445 2446/2446/2446
f 2447/2447/2447 2448/2448/2448 2449/2449/2449
f 2447/2447/2447 2449/2449/2449 2450/2450/2450
f 2451/2451/2451 2452/2452/2452 2453/2453/2453
f 2451/2451/2451 2453/2453/2453 2454/2454/2454
f 2455/2455/2455 2456/2456/2456 2457/2457/2457
f 2455/2455/2455 2457/2457/2457 2458/2458/2458
f 2459/2459/2459 2460/2460/2460 2461/2461/2461
f 2459/2459/2459 2461/2461/2461 2462/2462/2462
f 2463/2463/2463 2464/2464/2464 2465/2465/2465
f 2463/2463/2463 2465/2465/2465 2466/2466/2466
f 2467/2467/2467 2468/2468/2468 2469/2469/2469
f 2467/2467/2467 2469/2469/2469 2470/2470/2470
f 2471/2471/2471 2472/2472/2472 2473/2473/2473
f 2471/2471/2471 2473/2473/2473 2474/2474/2474
f 2475/2475/2475 2476/2476/2476 2477/2477/2477
f 2475/2475/2475 2477/2477/2477 2478/2478/2478
f 2479/2479/2479 2480/2480/2480 2481/2481/2481
f 2479/2479/2479 2481/2481/2481 2482/2482/2482
f 2483/2483/2483 2484/2484/2484 2485/2485/2485
f 2483/2483/2483 2485/2485/2485 2486/2486/2486
f 2480/2480/2480 2487/2487/2487 2488/2488/2488
f 2480/2480/2480 2488/2488/2488 2481/2481/2481
f 2489/2489/2489 2490/2490/2490 2491/2491/2491
f 2489/2489/2489 2491/2491/2491 2492/2492/2492
f 2487/2487/2487 2493/2493/2493 2494/2494/2494
f 2487/2487/2487 2494/2494/2494 2488/2488/2488
f 2495/2495/2495 2496/2496/2496 2497/2497/2497
f 2495/2495/2495 2497/2497/2497 2498/2498/2498
f 2493/2493/2493 2499/2499/2499 2500/2500/2500
f 2493/2493/2493 2500/2500/2500 2494/2494/2494
f 2501/2501/2501 2502/2502/2502 2503/2503/2503
f 2501/2501/2501 2503/2503/2503 2504/2504/2504
f 2499/2499/2499 2505/2505/2505 2506/2506/2506
f 2499/2499/2499 2506/2506/2506 2500/2500/2500
f 2496/2496/2496 2399/2399/2399 2402/2402/2402
f 2496/2496/2496 2402/2402/2402 2497/2497/2497
f 2505/2505/2505 2507/2507/2507 2508/2508/2508
f 2505/2505/2505 2508/2508/2508 2506/2506/2506
f 2509/2509/2509 2395/2395/2395 2398/2398/2398
f 2509/2509/2509 2398/2398/2398 2510/2510/2510
f 2248/2248/2248 2250/2250/2250 2511/2511/2511
f 2248/2248/2248 2511/2511/2511 2512/2512/2512
f 2047/2047/2047 2049/2049/2049 2513/2513/2513
f 2047/2047/2047 2513/2513/2513 2514/2514/2514
f 2250/2250/2250 2252/2252/2252 2515/2515/2515
f 2250/2250/2250 2515/2515/2515 2511/2511/2511
f 2516/2516/2516 2517/2517/2517 2518/2518/2518
f 2516/2516/2516 2518/2518/2518 2519/2519/2519
f 2252/2252/2252 2254/2254/2254 2520/2520/2520
f 2252/2252/2252 2520/2520/2520 2515/2515/2515
f 2521/2521/2521 2239/2239/2239 2522/2522/2522
f 2521/2521/2521 2522/2522/2522 2523/2523/2523
f 2254/2254/2254 2256/2256/2256 2524/2524/2524
f 2254/2254/2254 2524/2524/2524 2520/2520/2520
f 2517/2517/2517 2521/2521/2521 2523/2523/2523
f 2517/2517/2517 2523/2523/2523 2518/2518/2518
f 2257/2257/2257 2260/2260/2260 2525/2525/2525
f 2257/2257/2257 2525/2525/2525 2526/2526/2526
f 2049/2049/2049 2527/2527/2527 2528/2528/2528
f 2049/2049/2049 2528/2528/2528 2513/2513/2513
f 2260/2260/2260 2262/2262/2262 2529/2529/2529
f 2260/2260/2260 2529/2529/2529 2525/2525/2525
f 2262/2262/2262 2264/2264/2264 2530/2530/2530
f 2262/2262/2262 2530/2530/2530 2529/2529/2529
f 2219/2219/2219 2111/2111/2111 2531/2531/2531
f 2219/2219/2219 2531/2531/2531 2532/2532/2532
f 2264/2264/2264 2266/2266/2266 2533/2533/2533
f 2264/2264/2264 2533/2533/2533 2530/2530/2530
f 2111/2111/2111 2053/2053/2053 2534/2534/2534
f 2111/2111/2111 2534/2534/2534 2531/2531/2531
f 2266/2266/2266 2268/2268/2268 2535/2535/2535
f 2266/2266/2266 2535/2535/2535 2533/2533/2533
f 2053/2053/2053 2052/2052/2052 2536/2536/2536
f 2053/2053/2053 2536/2536/2536 2534/2534/2534
f 2268/2268/2268 2270/2270/2270 2537/2537/2537
f 2268/2268/2268 2537/2537/2537 2535/2535/2535
f 2052/2052/2052 2055/2055/2055 2538/2538/2538
f 2052/2052/2052 2538/2538/2538 2536/2536/2536
f 2270/2270/2270 2272/2272/2272 2539/2539/2539
f 2270/2270/2270 2539/2539/2539 2537/2537/2537
f 2055/2055/2055 2057/2057/2057 2540/2540/2540
f 2055/2055/2055 2540/2540/2540 2538/2538/2538
f 2272/2272/2272 2274/2274/2274 2541/2541/2541
f 2272/2272/2272 2541/2541/2541 2539/2539/2539
f 2057/2057/2057 2059/2059/2059 2542/2542/2542
f 2057/2057/2057 2542/2542/2542 2540/2540/2540
f 2059/2059/2059 2061/2061/2061 2543/2543/2543
f 2059/2059/2059 2543/2543/2543 2542/2542/2542
f 2061/2061/2061 2063/2063/2063 2544/2544/2544
f 2061/2061/2061 2544/2544/2544 2543/2543/2543
f 2067/2067/2067 2066/2066/2066 2545/2545/2545
f 2067/2067/2067 2545/2545/2545 2546/2546/2546
f 2066/2066/2066 2069/2069/2069 2547/2547/2547
f 2066/2066/2066 2547/2547/2547 2545/2545/2545
f 2069/2069/2069 2071/2071/2071 2548/2548/2548
f 2069/2069/2069 2548/2548/2548 2547/2547/2547
f 2071/2071/2071 2073/2073/2073 2549/2549/2549
f 2071/2071/2071 2549/2549/2549 2548/2548/2548
f 2073/2073/2073 2079/2079/2079 2550/2550/2550
f 2073/2073/2073 2550/2550/2550 2549/2549/2549
f 2551/2551/2551 2552/2552/2552 2553/2553/2553
f 2551/2551/2551 2553/2553/2553 2554/2554/2554
f 2079/2079/2079 2081/2081/2081 2555/2555/2555
f 2079/2079/2079 2555/2555/2555 2550/2550/2550
f 2081/2081/2081 2083/2083/2083 2556/2556/2556
f 2081/2081/2081 2556/2556/2556 2555/2555/2555
f 2552/2552/2552 2479/2479/2479 2482/2482/2482
f 2552/2552/2552 2482/2482/2482 2553/2553/2553
f 2083/2083/2083 2085/2085/2085 2557/2557/2557
f 2083/2083/2083 2557/2557/2557 2556/2556/2556
f 2239/2239/2239 2242/2242/2242 2558/2558/2558
f 2239/2239/2239 2558/2558/2558 2522/2522/2522
f 2085/2085/2085 2087/2087/2087 2559/2559/2559
f 2085/2085/2085 2559/2559/2559 2557/2557/2557
f 2242/2242/2242 2244/2244/2244 2560/2560/2560
f 2242/2242/2242 2560/2560/2560 2558/2558/2558
f 2087/2087/2087 2045/2045/2045 2561/2561/2561
f 2087/2087/2087 2561/2561/2561 2559/2559/2559
f 2244/2244/2244 2246/2246/2246 2562/2562/2562
f 2244/2244/2244 2562/2562/2562 2560/2560/2560
f 2045/2045/2045 2044/2044/2044 2563/2563/2563
f 2045/2045/2045 2563/2563/2563 2561/2561/2561
f 2246/2246/2246 2248/2248/2248 2512/2512/2512
f 2246/2246/2246 2512/2512/2512 2562/2562/2562
f 2044/2044/2044 2047/2047/2047 2514/2514/2514
f 2044/2044/2044 2514/2514/2514 2563/2563/2563
f 2448/2448/2448 2455/2455/2455 2458/2458/2458
f 2448/2448/2448 2458/2458/2458 2449/2449/2449
f 2460/2460/2460 2467/2467/2467 2470/2470/2470
f 2460/2460/2460 2470/2470/2470 2461/2461/2461
f 2456/2456/2456 2463/2463/2463 2466/2466/2466
f 2456/2456/2456 2466/2466/2466 2457/2457/2457
f 2468/2468/2468 2475/2475/2475 2478/2478/2478
f 2468/2468/2468 2478/2478/2478 2469/2469/2469
f 2464/2464/2464 2471/2471/2471 2474/2474/2474
f 2464/2464/2464 2474/2474/2474 2465/2465/2465
f 2476/2476/2476 2489/2489/2489 2492/2492/2492
f 2476/2476/2476 2492/2492/2492 2477/2477/2477
f 2564/2564/2564 2565/2565/2565 2566/2566/2566
f 2564/2564/2564 2566/2566/2566 2567/2567/2567
f 2472/2472/2472 2483/2483/2483 2486/2486/2486
f 2472/2472/2472 2486/2486/2486 2473/2473/2473
f 2565/2565/2565 2568/2568/2568 2569/2569/2569
f 2565/2565/2565 2569/2569/2569 2566/2566/2566
f 2490/2490/2490 2501/2501/2501 2504/2504/2504
f 2490/2490/2490 2504/2504/2504 2491/2491/2491
f 2568/2568/2568 2570/2570/2570 2571/2571/2571
f 2568/2568/2568 2571/2571/2571 2569/2569/2569
f 2484/2484/2484 2495/2495/2495 2498/2498/2498
f 2484/2484/2484 2498/2498/2498 2485/2485/2485
f 2570/2570/2570 2572/2572/2572 2573/2573/2573
f 2570/2570/2570 2573/2573/2573 2571/2571/2571
f 2502/2502/2502 2574/2574/2574 2575/2575/2575
f 2502/2502/2502 2575/2575/2575 2503/2503/2503
f 2572/2572/2572 2576/2576/2576 2577/2577/2577
f 2572/2572/2572 2577/2577/2577 2573/2573/2573
f 2578/2578/2578 2579/2579/2579 2580/2580/2580
f 2578/2578/2578 2580/2580/2580 2581/2581/2581
f 2576/2576/2576 2582/2582/2582 2583/2583/2583
f 2576/2576/2576 2583/2583/2583 2577/2577/2577
f 2584/2584/2584 2585/2585/2585 2586/2586/2586
f 2584/2584/2584 2586/2586/2586 2587/2587/2587
f 2582/2582/2582 2588/2588/2588 2589/2589/2589
f 2582/2582/2582 2589/2589/2589 2583/2583/2583
f 2400/2400/2400 2590/2590/2590 2591/2591/2591
f 2400/2400/2400 2591/2591/2591 2401/2401/2401
f 2588/2588/2588 2592/2592/2592 2593/2593/2593
f 2588/2588/2588 2593/2593/2593 2589/2589/2589
f 2594/2594/2594 2564/2564/2564 2567/2567/2567
f 2594/2594/2594 2567/2567/2567 2595/2595/2595
f 2579/2579/2579 2403/2403/2403 2406/2406/2406
f 2579/2579/2579 2406/2406/2406 2580/2580/2580
f 2592/2592/2592 2596/2596/2596 2597/2597/2597
f 2592/2592/2592 2597/2597/2597 2593/2593/2593
f 2574/2574/2574 2584/2584/2584 2587/2587/2587
f 2574/2574/2574 2587/2587/2587 2575/2575/2575
f 2596/2596/2596 2598/2598/2598 2599/2599/2599
f 2596/2596/2596 2599/2599/2599 2597/2597/2597
f 2598/2598/2598 2600/2600/2600 2601/2601/2601
f 2598/2598/2598 2601/2601/2601 2599/2599/2599
f 2602/2602/2602 2415/2415/2415 2418/2418/2418
f 2602/2602/2602 2418/2418/2418 2603/2603/2603
f 2600/2600/2600 2604/2604/2604 2605/2605/2605
f 2600/2600/2600 2605/2605/2605 2601/2601/2601
f 2416/2416/2416 2427/2427/2427 2430/2430/2430
f 2416/2416/2416 2430/2430/2430 2417/2417/2417
f 2604/2604/2604 2606/2606/2606 2607/2607/2607
f 2604/2604/2604 2607/2607/2607 2605/2605/2605
f 2404/2404/2404 2421/2421/2421 2424/2424/2424
f 2404/2404/2404 2424/2424/2424 2405/2405/2405
f 2606/2606/2606 2608/2608/2608 2609/2609/2609
f 2606/2606/2606 2609/2609/2609 2607/2607/2607
f 2428/2428/2428 2435/2435/2435 2438/2438/2438
f 2428/2428/2428 2438/2438/2438 2429/2429/2429
f 2608/2608/2608 2610/2610/2610 2611/2611/2611
f 2608/2608/2608 2611/2611/2611 2609/2609/2609
f 2422/2422/2422 2431/2431/2431 2434/2434/2434
f 2422/2422/2422 2434/2434/2434 2423/2423/2423
f 2610/2610/2610 2612/2612/2612 2613/2613/2613
f 2610/2610/2610 2613/2613/2613 2611/2611/2611
f 2436/2436/2436 2443/2443/2443 2446/2446/2446
f 2436/2436/2436 2446/2446/2446 2437/2437/2437
f 2432/2432/2432 2614/2614/2614 2615/2615/2615
f 2432/2432/2432 2615/2615/2615 2433/2433/2433
f 2444/2444/2444 2451/2451/2451 2454/2454/2454
f 2444/2444/2444 2454/2454/2454 2445/2445/2445
f 2440/2440/2440 2447/2447/2447 2450/2450/2450
f 2440/2440/2440 2450/2450/2450 2441/2441/2441
f 2452/2452/2452 2459/2459/2459 2462/2462/2462
f 2452/2452/2452 2462/2462/2462 2453/2453/2453
f 2518/2518/2518 2523/2523/2523 2616/2616/2616
f 2518/2518/2518 2616/2616/2616 2617/2617/2617
f 2617/2617/2617 2616/2616/2616 2618/2618/2618
f 2617/2617/2617 2618/2618/2618 2619/2619/2619
f 2619/2619/2619 2618/2618/2618 2620/2620/2620
f 2619/2619/2619 2620/2620/2620 2621/2621/2621
f 2621/2621/2621 2620/2620/2620 2622/2622/2622
f 2621/2621/2621 2622/2622/2622 2623/2623/2623
f 2623/2623/2623 2622/2622/2622 2624/2624/2624
f 2623/2623/2623 2624/2624/2624 2625/2625/2625
f 2626/2626/2626 2627/2627/2627 2628/2628/2628
f 2626/2626/2626 2628/2628/2628 2629/2629/2629
f 2629/2629/2629 2628/2628/2628 2630/2630/2630
f 2629/2629/2629 2630/2630/2630 2631/2631/2631
f 2631/2631/2631 2630/2630/2630 2632/2632/2632
f 2631/2631/2631 2632/2632/2632 2633/2633/2633
f 2633/2633/2633 2632/2632/2632 2634/2634/2634
f 2633/2633/2633 2634/2634/2634 2635/2635/2635
f 2635/2635/2635 2634/2634/2634 2594/2594/2594
f 2635/2635/2635 2594/2594/2594 2585/2585/2585
f 2532/2532/2532 2531/2531/2531 2636/2636/2636
f 2532/2532/2532 2636/2636/2636 2637/2637/2637
f 2637/2637/2637 2636/2636/2636 2638/2638/2638
f 2637/2637/2637 2638/2638/2638 2639/2639/2639
f 2639/2639/2639 2638/2638/2638 2640/2640/2640
f 2639/2639/2639 2640/2640/2640 2641/2641/2641
f 2641/2641/2641 2640/2640/2640 2642/2642/2642
f 2641/2641/2641 2642/2642/2642 2643/2643/2643
f 2643/2643/2643 2642/2642/2642 2644/2644/2644
f 2643/2643/2643 2644/2644/2644 2645/2645/2645
f 2646/2646/2646 2647/2647/2647 2648/2648/2648
f 2646/2646/2646 2648/2648/2648 2649/2649/2649
f 2649/2649/2649 2648/2648/2648 2650/2650/2650
f 2649/2649/2649 2650/2650/2650 2651/2651/2651
f 2651/2651/2651 2650/2650/2650 2652/2652/2652
f 2651/2651/2651 2652/2652/2652 2653/2653/2653
f 2653/2653/2653 2652/2652/2652 2654/2654/2654
f 2653/2653/2653 2654/2654/2654 2655/2655/2655
f 2655/2655/2655 2654/2654/2654 2415/2415/2415
f 2655/2655/2655 2415/2415/2415 2602/2602/2602
f 2531/2531/2531 2534/2534/2534 2656/2656/2656
f 2531/2531/2531 2656/2656/2656 2636/2636/2636
f 2636/2636/2636 2656/2656/2656 2657/2657/2657
f 2636/2636/2636 2657/2657/2657 2638/2638/2638
f 2638/2638/2638 2657/2657/2657 2658/2658/2658
f 2638/2638/2638 2658/2658/2658 2640/2640/2640
f 2640/2640/2640 2658/2658/2658 2659/2659/2659
f 2640/2640/2640 2659/2659/2659 2642/2642/2642
f 2642/2642/2642 2659/2659/2659 2660/2660/2660
f 2642/2642/2642 2660/2660/2660 2644/2644/2644
f 2647/2647/2647 2661/2661/2661 2662/2662/2662
f 2647/2647/2647 2662/2662/2662 2648/2648/2648
f 2648/2648/2648 2662/2662/2662 2663/2663/2663
f 2648/2648/2648 2663/2663/2663 2650/2650/2650
f 2650/2650/2650 2663/2663/2663 2664/2664/2664
f 2650/2650/2650 2664/2664/2664 2652/2652/2652
f 2652/2652/2652 2664/2664/2664 2665/2665/2665
f 2652/2652/2652 2665/2665/2665 2654/2654/2654
f 2654/2654/2654 2665/2665/2665 2416/2416/2416
f 2654/2654/2654 2416/2416/2416 2415/2415/2415
f 2534/2534/2534 2536/2536/2536 2666/2666/2666
f 2534/2534/2534 2666/2666/2666 2656/2656/2656
f 2656/2656/2656 2666/2666/2666 2667/2667/2667
f 2656/2656/2656 2667/2667/2667 2657/2657/2657
f 2657/2657/2657 2667/2667/2667 2668/2668/2668
f 2657/2657/2657 2668/2668/2668 2658/2658/2658
f 2658/2658/2658 2668/2668/2668 2669/2669/2669
f 2658/2658/2658 2669/2669/2669 2659/2659/2659
f 2659/2659/2659 2669/2669/2669 2670/2670/2670
f 2659/2659/2659 2670/2670/2670 2660/2660/2660
f 2661/2661/2661 2671/2671/2671 2672/2672/2672
f 2661/2661/2661 2672/2672/2672 2662/2662/2662
f 2662/2662/2662 2672/2672/2672 2673/2673/2673
f 2662/2662/2662 2673/2673/2673 2663/2663/2663
f 2663/2663/2663 2673/2673/2673 2674/2674/2674
f 2663/2663/2663 2674/2674/2674 2664/2664/2664
f 2664/2664/2664 2674/2674/2674 2675/2675/2675
f 2664/2664/2664 2675/2675/2675 2665/2665/2665
f 2665/2665/2665 2675/2675/2675 2427/2427/2427
f 2665/2665/2665 2427/2427/2427 2416/2416/2416
f 2536/2536/2536 2538/2538/2538 2676/2676/2676
f 2536/2536/2536 2676/2676/2676 2666/2666/2666
f 2666/2666/2666 2676/2676/2676 2677/2677/2677
f 2666/2666/2666 2677/2677/2677 2667/2667/2667
f 2667/2667/2667 2677/2677/2677 2678/2678/2678
f 2667/2667/2667 2678/2678/2678 2668/2668/2668
f 2668/2668/2668 2678/2678/2678 2679/2679/2679
f 2668/2668/2668 2679/2679/2679 2669/2669/2669
f 2669/2669/2669 2679/2679/2679 2680/2680/2680
f 2669/2669/2669 2680/2680/2680 2670/2670/2670
f 2671/2671/2671 2681/2681/2681 2682/2682/2682
f 2671/2671/2671 2682/2682/2682 2672/2672/2672
f 2672/2672/2672 2682/2682/2682 2683/2683/2683
f 2672/2672/2672 2683/2683/2683 2673/2673/2673
f 2673/2673/2673 2683/2683/2683 2684/2684/2684
f 2673/2673/2673 2684/2684/2684 2674/2674/2674
f 2674/2674/2674 2684/2684/2684 2685/2685/2685
f 2674/2674/2674 2685/2685/2685 2675/2675/2675
f 2675/2675/2675 2685/2685/2685 2428/2428/2428
f 2675/2675/2675 2428/2428/2428 2427/2427/2427
f 2538/2538/2538 2540/2540/2540 2686/2686/2686
f 2538/2538/2538 2686/2686/2686 2676/2676/2676
f 2676/2676/2676 2686/2686/2686 2687/2687/2687
f 2676/2676/2676 2687/2687/2687 2677/2677/2677
f 2677/2677/2677 2687/2687/2687 2688/2688/2688
f 2677/2677/2677 2688/2688/2688 2678/2678/2678
f 2678/2678/2678 2688/2688/2688 2689/2689/2689
f 2678/2678/2678 2689/2689/2689 2679/2679/2679
f 2679/2679/2679 2689/2689/2689 2690/2690/2690
f 2679/2679/2679 2690/2690/2690 2680/2680/2680
f 2681/2681/2681 2691/2691/2691 2692/2692/2692
f 2681/2681/2681 2692/2692/2692 2682/2682/2682
f 2682/2682/2682 2692/2692/2692 2693/2693/2693
f 2682/2682/2682 2693/2693/2693 2683/2683/2683
f 2683/2683/2683 2693/2693/2693 2694/2694/2694
f 2683/2683/2683 2694/2694/2694 2684/2684/2684
f 2684/2684/2684 2694/2694/2694 2695/2695/2695
f 2684/2684/2684 2695/2695/2695 2685/2685/2685
f 2685/2685/2685 2695/2695/2695 2435/2435/2435
f 2685/2685/2685 2435/2435/2435 2428/2428/2428
f 2540/2540/2540 2542/2542/2542 2696/2696/2696
f 2540/2540/2540 2696/2696/2696 2686/2686/2686
f 2686/2686/2686 2696/2696/2696 2697/2697/2697
f 2686/2686/2686 2697/2697/2697 2687/2687/2687
f 2687/2687/2687 2697/2697/2697 2698/2698/2698
f 2687/2687/2687 2698/2698/2698 2688/2688/2688
f 2688/2688/2688 2698/2698/2698 2699/2699/2699
f 2688/2688/2688 2699/2699/2699 2689/2689/2689
f 2689/2689/2689 2699/2699/2699 2700/2700/2700
f 2689/2689/2689 2700/2700/2700 2690/2690/2690
f 2691/2691/2691 2701/2701/2701 2702/2702/2702
f 2691/2691/2691 2702/2702/2702 2692/2692/2692
f 2692/2692/2692 2702/2702/2702 2703/2703/2703
f 2692/2692/2692 2703/2703/2703 2693/2693/2693
f 2693/2693/2693 2703/2703/2703 2704/2704/2704
f 2693/2693/2693 2704/2704/2704 2694/2694/2694
f 2694/2694/2694 2704/2704/2704 2705/2705/2705
f 2694/2694/2694 2705/2705/2705 2695/2695/2695
f 2695/2695/2695 2705/2705/2705 2436/2436/2436
f 2695/2695/2695 2436/2436/2436 2435/2435/2435
f 2542/2542/2542 2543/2543/2543 2706/2706/2706
f 2542/2542/2542 2706/2706/2706 2696/2696/2696
f 2696/2696/2696 2706/2706/2706 2707/2707/2707
f 2696/2696/2696 2707/2707/2707 2697/2697/2697
f 2697/2697/2697 2707/2707/2707 2708/2708/2708
f 2697/2697/2697 2708/2708/2708 2698/2698/2698
f 2698/2698/2698 2708/2708/2708 2709/2709/2709
f 2698/2698/2698 2709/2709/2709 2699/2699/2699
f 2699/2699/2699 2709/2709/2709 2710/2710/2710
f 2699/2699/2699 2710/2710/2710 2700/2700/2700
f 2701/2701/2701 2711/2711/2711 2712/2712/2712
f 2701/2701/2701 2712/2712/2712 2702/2702/2702
f 2702/2702/2702 2712/2712/2712 2713/2713/2713
f 2702/2702/2702 2713/2713/2713 2703/2703/2703
f 2703/2703/2703 2713/2713/2713 2714/2714/2714
f 2703/2703/2703 2714/2714/2714 2704/2704/2704
f 2704/2704/2704 2714/2714/2714 2715/2715/2715
f 2704/2704/2704 2715/2715/2715 2705/2705/2705
f 2705/2705/2705 2715/2715/2715 2443/2443/2443
f 2705/2705/2705 2443/2443/2443 2436/2436/2436
f 2543/2543/2543 2544/2544/2544 2716/2716/2716
f 2543/2543/2543 2716/2716/2716 2706/2706/2706
f 2706/2706/2706 2716/2716/2716 2717/2717/2717
f 2706/2706/2706 2717/2717/2717 2707/2707/2707
f 2707/2707/2707 2717/2717/2717 2718/2718/2718
f 2707/2707/2707 2718/2718/2718 2708/2708/2708
f 2708/2708/2708 2718/2718/2718 2719/2719/2719
f 2708/2708/2708 2719/2719/2719 2709/2709/2709
f 2720/2720/2720 2721/2721/2721 2722/2722/2722
f 2720/2720/2720 2722/2722/2722 2711/2711/2711
f 2711/2711/2711 2722/2722/2722 2723/2723/2723
f 2711/2711/2711 2723/2723/2723 2712/2712/2712
f 2712/2712/2712 2723/2723/2723 2724/2724/2724
f 2712/2712/2712 2724/2724/2724 2713/2713/2713
f 2713/2713/2713 2724/2724/2724 2725/2725/2725
f 2713/2713/2713 2725/2725/2725 2714/2714/2714
f 2714/2714/2714 2725/2725/2725 2726/2726/2726
f 2714/2714/2714 2726/2726/2726 2715/2715/2715
f 2715/2715/2715 2726/2726/2726 2444/2444/2444
f 2715/2715/2715 2444/2444/2444 2443/2443/2443
f 2546/2546/2546 2545/2545/2545 2727/2727/2727
f 2546/2546/2546 2727/2727/2727 2728/2728/2728
f 2728/2728/2728 2727/2727/2727 2729/2729/2729
f 2728/2728/2728 2729/2729/2729 2730/2730/2730
f 2730/2730/2730 2729/2729/2729 2731/2731/2731
f 2730/2730/2730 2731/2731/2731 2732/2732/2732
f 2732/2732/2732 2731/2731/2731 2733/2733/2733
f 2732/2732/2732 2733/2733/2733 2734/2734/2734
f 2721/2721/2721 2735/2735/2735 2736/2736/2736
f 2721/2721/2721 2736/2736/2736 2722/2722/2722
f 2722/2722/2722 2736/2736/2736 2737/2737/2737
f 2722/2722/2722 2737/2737/2737 2723/2723/2723
f 2723/2723/2723 2737/2737/2737 2738/2738/2738
f 2723/2723/2723 2738/2738/2738 2724/2724/2724
f 2724/2724/2724 2738/2738/2738 2739/2739/2739
f 2724/2724/2724 2739/2739/2739 2725/2725/2725
f 2725/2725/2725 2739/2739/2739 2740/2740/2740
f 2725/2725/2725 2740/2740/2740 2726/2726/2726
f 2726/2726/2726 2740/2740/2740 2451/2451/2451
f 2726/2726/2726 2451/2451/2451 2444/2444/2444
f 2545/2545/2545 2547/2547/2547 2741/2741/2741
f 2545/2545/2545 2741/2741/2741 2727/2727/2727
f 2727/2727/2727 2741/2741/2741 2742/2742/2742
f 2727/2727/2727 2742/2742/2742 2729/2729/2729
f 2729/2729/2729 2742/2742/2742 2743/2743/2743
f 2729/2729/2729 2743/2743/2743 2731/2731/2731
f 2731/2731/2731 2743/2743/2743 2744/2744/2744
f 2731/2731/2731 2744/2744/2744 2733/2733/2733
f 2735/2735/2735 2745/2745/2745 2746/2746/2746
f 2735/2735/2735 2746/2746/2746 2736/2736/2736
f 2736/2736/2736 2746/2746/2746 2747/2747/2747
f 2736/2736/2736 2747/2747/2747 2737/2737/2737
f 2737/2737/2737 2747/2747/2747 2748/2748/2748
f 2737/2737/2737 2748/2748/2748 2738/2738/2738
f 2738/2738/2738 2748/2748/2748 2749/2749/2749
f 2738/2738/2738 2749/2749/2749 2739/2739/2739
f 2739/2739/2739 2749/2749/2749 2750/2750/2750
f 2739/2739/2739 2750/2750/2750 2740/2740/2740
f 2740/2740/2740 2750/2750/2750 2452/2452/2452
f 2740/2740/2740 2452/2452/2452 2451/2451/2451
f 2547/2547/2547 2548/2548/2548 2751/2751/2751
f 2547/2547/2547 2751/2751/2751 2741/2741/2741
f 2741/2741/2741 2751/2751/2751 2752/2752/2752
f 2741/2741/2741 2752/2752/2752 2742/2742/2742
f 2742/2742/2742 2752/2752/2752 2753/2753/2753
f 2742/2742/2742 2753/2753/2753 2743/2743/2743
f 2743/2743/2743 2753/2753/2753 2754/2754/2754
f 2743/2743/2743 2754/2754/2754 2744/2744/2744
f 2744/2744/2744 2754/2754/2754 2755/2755/2755
f 2744/2744/2744 2755/2755/2755 2756/2756/2756
f 2746/2746/2746 2757/2757/2757 2758/2758/2758
f 2746/2746/2746 2758/2758/2758 2747/2747/2747
f 2747/2747/2747 2758/2758/2758 2759/2759/2759
f 2747/2747/2747 2759/2759/2759 2748/2748/2748
f 2748/2748/2748 2759/2759/2759 2760/2760/2760
f 2748/2748/2748 2760/2760/2760 2749/2749/2749
f 2749/2749/2749 2760/2760/2760 2761/2761/2761
f 2749/2749/2749 2761/2761/2761 2750/2750/2750
f 2750/2750/2750 2761/2761/2761 2459/2459/2459
f 2750/2750/2750 2459/2459/2459 2452/2452/2452
f 2548/2548/2548 2549/2549/2549 2762/2762/2762
f 2548/2548/2548 2762/2762/2762 2751/2751/2751
f 2751/2751/2751 2762/2762/2762 2763/2763/2763
f 2751/2751/2751 2763/2763/2763 2752/2752/2752
f 2752/2752/2752 2763/2763/2763 2764/2764/2764
f 2752/2752/2752 2764/2764/2764 2753/2753/2753
f 2753/2753/2753 2764/2764/2764 2765/2765/2765
f 2753/2753/2753 2765/2765/2765 2754/2754/2754
f 2754/2754/2754 2765/2765/2765 2766/2766/2766
f 2754/2754/2754 2766/2766/2766 2755/2755/2755
f 2757/2757/2757 2767/2767/2767 2768/2768/2768
f 2757/2757/2757 2768/2768/2768 2758/2758/2758
f 2758/2758/2758 2768/2768/2768 2769/2769/2769
f 2758/2758/2758 2769/2769/2769 2759/2759/2759
f 2759/2759/2759 2769/2769/2769 2770/2770/2770
f 2759/2759/2759 2770/2770/2770 2760/2760/2760
f 2760/2760/2760 2770/2770/2770 2771/2771/2771
f 2760/2760/2760 2771/2771/2771 2761/2761/2761
f 2761/2761/2761 2771/2771/2771 2460/2460/2460
f 2761/2761/2761 2460/2460/2460 2459/2459/2459
f 2549/2549/2549 2550/2550/2550 2772/2772/2772
f 2549/2549/2549 2772/2772/2772 2762/2762/2762
f 2762/2762/2762 2772/2772/2772 2773/2773/2773
f 2762/2762/2762 2773/2773/2773 2763/2763/2763
f 2763/2763/2763 2773/2773/2773 2774/2774/2774
f 2763/2763/2763 2774/2774/2774 2764/2764/2764
f 2764/2764/2764 2774/2774/2774 2775/2775/2775
f 2764/2764/2764 2775/2775/2775 2765/2765/2765
f 2765/2765/2765 2775/2775/2775 2776/2776/2776
f 2765/2765/2765 2776/2776/2776 2766/2766/2766
f 2767/2767/2767 2777/2777/2777 2778/2778/2778
f 2767/2767/2767 2778/2778/2778 2768/2768/2768
f 2768/2768/2768 2778/2778/2778 2779/2779/2779
f 2768/2768/2768 2779/2779/2779 2769/2769/2769
f 2769/2769/2769 2779/2779/2779 2780/2780/2780
f 2769/2769/2769 2780/2780/2780 2770/2770/2770
f 2770/2770/2770 2780/2780/2780 2781/2781/2781
f 2770/2770/2770 2781/2781/2781 2771/2771/2771
f 2771/2771/2771 2781/2781/2781 2467/2467/2467
f 2771/2771/2771 2467/2467/2467 2460/2460/2460
f 2550/2550/2550 2555/2555/2555 2782/2782/2782
f 2550/2550/2550 2782/2782/2782 2772/2772/2772
f 2772/2772/2772 2782/2782/2782 2783/2783/2783
f 2772/2772/2772 2783/2783/2783 2773/2773/2773
f 2773/2773/2773 2783/2783/2783 2784/2784/2784
f 2773/2773/2773 2784/2784/2784 2774/2774/2774
f 2774/2774/2774 2784/2784/2784 2785/2785/2785
f 2774/2774/2774 2785/2785/2785 2775/2775/2775
f 2775/2775/2775 2785/2785/2785 2786/2786/2786
f 2775/2775/2775 2786/2786/2786 2776/2776/2776
f 2777/2777/2777 2787/2787/2787 2788/2788/2788
f 2777/2777/2777 2788/2788/2788 2778/2778/2778
f 2778/2778/2778 2788/2788/2788 2789/2789/2789
f 2778/2778/2778 2789/2789/2789 2779/2779/2779
f 2779/2779/2779 2789/2789/2789 2790/2790/2790
f 2779/2779/2779 2790/2790/2790 2780/2780/2780
f 2780/2780/2780 2790/2790/2790 2791/2791/2791
f 2780/2780/2780 2791/2791/2791 2781/2781/2781
f 2781/2781/2781 2791/2791/2791 2468/2468/2468
f 2781/2781/2781 2468/2468/2468 2467/2467/2467
f 2555/2555/2555 2556/2556/2556 2792/2792/2792
f 2555/2555/2555 2792/2792/2792 2782/2782/2782
f 2782/2782/2782 2792/2792/2792 2793/2793/2793
f 2782/2782/2782 2793/2793/2793 2783/2783/2783
f 2783/2783/2783 2793/2793/2793 2794/2794/2794
f 2783/2783/2783 2794/2794/2794 2784/2784/2784
f 2784/2784/2784 2794/2794/2794 2795/2795/2795
f 2784/2784/2784 2795/2795/2795 2785/2785/2785
f 2785/2785/2785 2795/2795/2795 2796/2796/2796
f 2785/2785/2785 2796/2796/2796 2786/2786/2786
f 2787/2787/2787 2797/2797/2797 2798/2798/2798
f 2787/2787/2787 2798/2798/2798 2788/2788/2788
f 2788/2788/2788 2798/2798/2798 2799/2799/2799
f 2788/2788/2788 2799/2799/2799 2789/2789/2789
f 2789/2789/2789 2799/2799/2799 2800/2800/2800
f 2789/2789/2789 2800/2800/2800 2790/2790/2790
f 2790/2790/2790 2800/2800/2800 2801/2801/2801
f 2790/2790/2790 2801/2801/2801 2791/2791/2791
f 2791/2791/2791 2801/2801/2801 2475/2475/2475
f 2791/2791/2791 2475/2475/2475 2468/2468/2468
f 2556/2556/2556 2557/2557/2557 2802/2802/2802
f 2556/2556/2556 2802/2802/2802 2792/2792/2792
f 2792/2792/2792 2802/2802/2802 2803/2803/2803
f 2792/2792/2792 2803/2803/2803 2793/2793/2793
f 2793/2793/2793 2803/2803/2803 2804/2804/2804
f 2793/2793/2793 2804/2804/2804 2794/2794/2794
f 2794/2794/2794 2804/2804/2804 2805/2805/2805
f 2794/2794/2794 2805/2805/2805 2795/2795/2795
f 2795/2795/2795 2805/2805/2805 2806/2806/2806
f 2795/2795/2795 2806/2806/2806 2796/2796/2796
f 2797/2797/2797 2807/2807/2807 2808/2808/2808
f 2797/2797/2797 2808/2808/2808 2798/2798/2798
f 2798/2798/2798 2808/2808/2808 2809/2809/2809
f 2798/2798/2798 2809/2809/2809 2799/2799/2799
f 2799/2799/2799 2809/2809/2809 2810/2810/2810
f 2799/2799/2799 2810/2810/2810 2800/2800/2800
f 2800/2800/2800 2810/2810/2810 2811/2811/2811
f 2800/2800/2800 2811/2811/2811 2801/2801/2801
f 2801/2801/2801 2811/2811/2811 2476/2476/2476
f 2801/2801/2801 2476/2476/2476 2475/2475/2475
f 2557/2557/2557 2559/2559/2559 2812/2812/2812
f 2557/2557/2557 2812/2812/2812 2802/2802/2802
f 2802/2802/2802 2812/2812/2812 2813/2813/2813
f 2802/2802/2802 2813/2813/2813 2803/2803/2803
f 2803/2803/2803 2813/2813/2813 2814/2814/2814
f 2803/2803/2803 2814/2814/2814 2804/2804/2804
f 2804/2804/2804 2814/2814/2814 2815/2815/2815
f 2804/2804/2804 2815/2815/2815 2805/2805/2805
f 2805/2805/2805 2815/2815/2815 2816/2816/2816
f 2805/2805/2805 2816/2816/2816 2806/2806/2806
f 2807/2807/2807 2817/2817/2817 2818/2818/2818
f 2807/2807/2807 2818/2818/2818 2808/2808/2808
f 2808/2808/2808 2818/2818/2818 2819/2819/2819
f 2808/2808/2808 2819/2819/2819 2809/2809/2809
f 2809/2809/2809 2819/2819/2819 2820/2820/2820
f 2809/2809/2809 2820/2820/2820 2810/2810/2810
f 2810/2810/2810 2820/2820/2820 2821/2821/2821
f 2810/2810/2810 2821/2821/2821 2811/2811/2811
f 2811/2811/2811 2821/2821/2821 2489/2489/2489
f 2811/2811/2811 2489/2489/2489 2476/2476/2476
f 2559/2559/2559 2561/2561/2561 2822/2822/2822
f 2559/2559/2559 2822/2822/2822 2812/2812/2812
f 2812/2812/2812 2822/2822/2822 2823/2823/2823
f 2812/2812/2812 2823/2823/2823 2813/2813/2813
f 2813/2813/2813 2823/2823/2823 2824/2824/2824
f 2813/2813/2813 2824/2824/2824 2814/2814/2814
f 2814/2814/2814 2824/2824/2824 2825/2825/2825
f 2814/2814/2814 2825/2825/2825 2815/2815/2815
f 2815/2815/2815 2825/2825/2825 2826/2826/2826
f 2815/2815/2815 2826/2826/2826 2816/2816/2816
f 2817/2817/2817 2827/2827/2827 2828/2828/2828
f 2817/2817/2817 2828/2828/2828 2818/2818/2818
f 2818/2818/2818 2828/2828/2828 2829/2829/2829
f 2818/2818/2818 2829/2829/2829 2819/2819/2819
f 2819/2819/2819 2829/2829/2829 2830/2830/2830
f 2819/2819/2819 2830/2830/2830 2820/2820/2820
f 2820/2820/2820 2830/2830/2830 2831/2831/2831
f 2820/2820/2820 2831/2831/2831 2821/2821/2821
f 2821/2821/2821 2831/2831/2831 2490/2490/2490
f 2821/2821/2821 2490/2490/2490 2489/2489/2489
f 2561/2561/2561 2563/2563/2563 2832/2832/2832
f 2561/2561/2561 2832/2832/2832 2822/2822/2822
f 2822/2822/2822 2832/2832/2832 2833/2833/2833
f 2822/2822/2822 2833/2833/2833 2823/2823/2823
f 2823/2823/2823 2833/2833/2833 2834/2834/2834
f 2823/2823/2823 2834/2834/2834 2824/2824/2824
f 2824/2824/2824 2834/2834/2834 2835/2835/2835
f 2824/2824/2824 2835/2835/2835 2825/2825/2825
f 2825/2825/2825 2835/2835/2835 2836/2836/2836
f 2825/2825/2825 2836/2836/2836 2826/2826/2826
f 2827/2827/2827 2837/2837/2837 2838/2838/2838
f 2827/2827/2827 2838/2838/2838 2828/2828/2828
f 2828/2828/2828 2838/2838/2838 2839/2839/2839
f 2828/2828/2828 2839/2839/2839 2829/2829/2829
f 2829/2829/2829 2839/2839/2839 2840/2840/2840
f 2829/2829/2829 2840/2840/2840 2830/2830/2830
f 2830/2830/2830 2840/2840/2840 2841/2841/2841
f 2830/2830/2830 2841/2841/2841 2831/2831/2831
f 2831/2831/2831 2841/2841/2841 2501/2501/2501
f 2831/2831/2831 2501/2501/2501 2490/2490/2490
f 2563/2563/2563 2514/2514/2514 2842/2842/2842
f 2563/2563/2563 2842/2842/2842 2832/2832/2832
f 2832/2832/2832 2842/2842/2842 2843/2843/2843
f 2832/2832/2832 2843/2843/2843 2833/2833/2833
f 2833/2833/2833 2843/2843/2843 2844/2844/2844
f 2833/2833/2833 2844/2844/2844 2834/2834/2834
f 2834/2834/2834 2844/2844/2844 2845/2845/2845
f 2834/2834/2834 2845/2845/2845 2835/2835/2835
f 2835/2835/2835 2845/2845/2845 2846/2846/2846
f 2835/2835/2835 2846/2846/2846 2836/2836/2836
f 2837/2837/2837 2847/2847/2847 2848/2848/2848
f 2837/2837/2837 2848/2848/2848 2838/2838/2838
f 2838/2838/2838 2848/2848/2848 2849/2849/2849
f 2838/2838/2838 2849/2849/2849 2839/2839/2839
f 2839/2839/2839 2849/2849/2849 2850/2850/2850
f 2839/2839/2839 2850/2850/2850 2840/2840/2840
f 2840/2840/2840 2850/2850/2850 2851/2851/2851
f 2840/2840/2840 2851/2851/2851 2841/2841/2841
f 2841/2841/2841 2851/2851/2851 2502/2502/2502
f 2841/2841/2841 2502/2502/2502 2501/2501/2501
f 2514/2514/2514 2513/2513/2513 2852/2852/2852
f 2514/2514/2514 2852/2852/2852 2842/2842/2842
f 2842/2842/2842 2852/2852/2852 2853/2853/2853
f 2842/2842/2842 2853/2853/2853 2843/2843/2843
f 2843/2843/2843 2853/2853/2853 2854/2854/2854
f 2843/2843/2843 2854/2854/2854 2844/2844/2844
f 2844/2844/2844 2854/2854/2854 2855/2855/2855
f 2844/2844/2844 2855/2855/2855 2845/2845/2845
f 2845/2845/2845 2855/2855/2855 2856/2856/2856
f 2845/2845/2845 2856/2856/2856 2846/2846/2846
f 2847/2847/2847 2857/2857/2857 2858/2858/2858
f 2847/2847/2847 2858/2858/2858 2848/2848/2848
f 2848/2848/2848 2858/2858/2858 2859/2859/2859
f 2848/2848/2848 2859/2859/2859 2849/2849/2849
f 2849/2849/2849 2859/2859/2859 2860/2860/2860
f 2849/2849/2849 2860/2860/2860 2850/2850/2850
f 2850/2850/2850 2860/2860/2860 2861/2861/2861
f 2850/2850/2850 2861/2861/2861 2851/2851/2851
f 2851/2851/2851 2861/2861/2861 2574/2574/2574
f 2851/2851/2851 2574/2574/2574 2502/2502/2502
f 2522/2522/2522 2558/2558/2558 2862/2862/2862
f 2522/2522/2522 2862/2862/2862 2863/2863/2863
f 2863/2863/2863 2862/2862/2862 2864/2864/2864
f 2863/2863/2863 2864/2864/2864 2865/2865/2865
f 2865/2865/2865 2864/2864/2864 2866/2866/2866
f 2865/2865/2865 2866/2866/2866 2867/2867/2867
f 2867/2867/2867 2866/2866/2866 2868/2868/2868
f 2867/2867/2867 2868/2868/2868 2869/2869/2869
f 2869/2869/2869 2868/2868/2868 2870/2870/2870
f 2869/2869/2869 2870/2870/2870 2871/2871/2871
f 2872/2872/2872 2873/2873/2873 2874/2874/2874
f 2872/2872/2872 2874/2874/2874 2875/2875/2875
f 2875/2875/2875 2874/2874/2874 2876/2876/2876
f 2875/2875/2875 2876/2876/2876 2877/2877/2877
f 2877/2877/2877 2876/2876/2876 2878/2878/2878
f 2877/2877/2877 2878/2878/2878 2879/2879/2879
f 2879/2879/2879 2878/2878/2878 2880/2880/2880
f 2879/2879/2879 2880/2880/2880 2881/2881/2881
f 2881/2881/2881 2880/2880/2880 2565/2565/2565
f 2881/2881/2881 2565/2565/2565 2564/2564/2564
f 2558/2558/2558 2560/2560/2560 2882/2882/2882
f 2558/2558/2558 2882/2882/2882 2862/2862/2862
f 2862/2862/2862 2882/2882/2882 2883/2883/2883
f 2862/2862/2862 2883/2883/2883 2864/2864/2864
f 2864/2864/2864 2883/2883/2883 2884/2884/2884
f 2864/2864/2864 2884/2884/2884 2866/2866/2866
f 2866/2866/2866 2884/2884/2884 2885/2885/2885
f 2866/2866/2866 2885/2885/2885 2868/2868/2868
f 2868/2868/2868 2885/2885/2885 2886/2886/2886
f 2868/2868/2868 2886/2886/2886 2870/2870/2870
f 2873/2873/2873 2887/2887/2887 2888/2888/2888
f 2873/2873/2873 2888/2888/2888 2874/2874/2874
f 2874/2874/2874 2888/2888/2888 2889/2889/2889
f 2874/2874/2874 2889/2889/2889 2876/2876/2876
f 2876/2876/2876 2889/2889/2889 2890/2890/2890
f 2876/2876/2876 2890/2890/2890 2878/2878/2878
f 2878/2878/2878 2890/2890/2890 2891/2891/2891
f 2878/2878/2878 2891/2891/2891 2880/2880/2880
f 2880/2880/2880 2891/2891/2891 2568/2568/2568
f 2880/2880/2880 2568/2568/2568 2565/2565/2565
f 2560/2560/2560 2562/2562/2562 2892/2892/2892
f 2560/2560/2560 2892/2892/2892 2882/2882/2882
f 2882/2882/2882 2892/2892/2892 2893/2893/2893
f 2882/2882/2882 2893/2893/2893 2883/2883/2883
f 2883/2883/2883 2893/2893/2893 2894/2894/2894
f 2883/2883/2883 2894/2894/2894 2884/2884/2884
f 2884/2884/2884 2894/2894/2894 2895/2895/2895
f 2884/2884/2884 2895/2895/2895 2885/2885/2885
f 2885/2885/2885 2895/2895/2895 2896/2896/2896
f 2885/2885/2885 2896/2896/2896 2886/2886/2886
f 2887/2887/2887 2897/2897/2897 2898/2898/2898
f 2887/2887/2887 2898/2898/2898 2888/2888/2888
f 2888/2888/2888 2898/2898/2898 2899/2899/2899
f 2888/2888/2888 2899/2899/2899 2889/2889/2889
f 2889/2889/2889 2899/2899/2899 2900/2900/2900
f 2889/2889/2889 2900/2900/2900 2890/2890/2890
f 2890/2890/2890 2900/2900/2900 2901/2901/2901
f 2890/2890/2890 2901/2901/2901 2891/2891/2891
f 2891/2891/2891 2901/2901/2901 2570/2570/2570
f 2891/2891/2891 2570/2570/2570 2568/2568/2568
f 2562/2562/2562 2512/2512/2512 2902/2902/2902
f 2562/2562/2562 2902/2902/2902 2892/2892/2892
f 2892/2892/2892 2902/2902/2902 2903/2903/2903
f 2892/2892/2892 2903/2903/2903 2893/2893/2893
f 2893/2893/2893 2903/2903/2903 2904/2904/2904
f 2893/2893/2893 2904/2904/2904 2894/2894/2894
f 2894/2894/2894 2904/2904/2904 2905/2905/2905
f 2894/2894/2894 2905/2905/2905 2895/2895/2895
f 2895/2895/2895 2905/2905/2905 2906/2906/2906
f 2895/2895/2895 2906/2906/2906 2896/2896/2896
f 2897/2897/2897 2907/2907/2907 2908/2908/2908
f 2897/2897/2897 2908/2908/2908 2898/2898/2898
f 2898/2898/2898 2908/2908/2908 2909/2909/2909
f 2898/2898/2898 2909/2909/2909 2899/2899/2899
f 2899/2899/2899 2909/2909/2909 2910/2910/2910
f 2899/2899/2899 2910/2910/2910 2900/2900/2900
f 2900/2900/2900 2910/2910/2910 2911/2911/2911
f 2900/2900/2900 2911/2911/2911 2901/2901/2901
f 2901/2901/2901 2911/2911/2911 2572/2572/2572
f 2901/2901/2901 2572/2572/2572 2570/2570/2570
f 2512/2512/2512 2511/2511/2511 2912/2912/2912
f 2512/2512/2512 2912/2912/2912 2902/2902/2902
f 2902/2902/2902 2912/2912/2912 2913/2913/2913
f 2902/2902/2902 2913/2913/2913 2903/2903/2903
f 2903/2903/2903 2913/2913/2913 2914/2914/2914
f 2903/2903/2903 2914/2914/2914 2904/2904/2904
f 2904/2904/2904 2914/2914/2914 2915/2915/2915
f 2904/2904/2904 2915/2915/2915 2905/2905/2905
f 2905/2905/2905 2915/2915/2915 2916/2916/2916
f 2905/2905/2905 2916/2916/2916 2906/2906/2906
f 2907/2907/2907 2917/2917/2917 2918/2918/2918
f 2907/2907/2907 2918/2918/2918 2908/2908/2908
f 2908/2908/2908 2918/2918/2918 2919/2919/2919
f 2908/2908/2908 2919/2919/2919 2909/2909/2909
f 2909/2909/2909 2919/2919/2919 2920/2920/2920
f 2909/2909/2909 2920/2920/2920 2910/2910/2910
f 2910/2910/2910 2920/2920/2920 2921/2921/2921
f 2910/2910/2910 2921/2921/2921 2911/2911/2911
f 2911/2911/2911 2921/2921/2921 2576/2576/2576
f 2911/2911/2911 2576/2576/2576 2572/2572/2572
f 2511/2511/2511 2515/2515/2515 2922/2922/2922
f 2511/2511/2511 2922/2922/2922 2912/2912/2912
f 2912/2912/2912 2922/2922/2922 2923/2923/2923
f 2912/2912/2912 2923/2923/2923 2913/2913/2913
f 2913/2913/2913 2923/2923/2923 2924/2924/2924
f 2913/2913/2913 2924/2924/2924 2914/2914/2914
f 2914/2914/2914 2924/2924/2924 2925/2925/2925
f 2914/2914/2914 2925/2925/2925 2915/2915/2915
f 2915/2915/2915 2925/2925/2925 2926/2926/2926
f 2915/2915/2915 2926/2926/2926 2916/2916/2916
f 2917/2917/2917 2927/2927/2927 2928/2928/2928
f 2917/2917/2917 2928/2928/2928 2918/2918/2918
f 2918/2918/2918 2928/2928/2928 2929/2929/2929
f 2918/2918/2918 2929/2929/2929 2919/2919/2919
f 2919/2919/2919 2929/2929/2929 2930/2930/2930
f 2919/2919/2919 2930/2930/2930 2920/2920/2920
f 2920/2920/2920 2930/2930/2930 2931/2931/2931
f 2920/2920/2920 2931/2931/2931 2921/2921/2921
f 2921/2921/2921 2931/2931/2931 2582/2582/2582
f 2921/2921/2921 2582/2582/2582 2576/2576/2576
f 2515/2515/2515 2520/2520/2520 2932/2932/2932
f 2515/2515/2515 2932/2932/2932 2922/2922/2922
f 2922/2922/2922 2932/2932/2932 2933/2933/2933
f 2922/2922/2922 2933/2933/2933 2923/2923/2923
f 2923/2923/2923 2933/2933/2933 2934/2934/2934
f 2923/2923/2923 2934/2934/2934 2924/2924/2924
f 2924/2924/2924 2934/2934/2934 2935/2935/2935
f 2924/2924/2924 2935/2935/2935 2925/2925/2925
f 2925/2925/2925 2935/2935/2935 2936/2936/2936
f 2925/2925/2925 2936/2936/2936 2926/2926/2926
f 2927/2927/2927 2937/2937/2937 2938/2938/2938
f 2927/2927/2927 2938/2938/2938 2928/2928/2928
f 2928/2928/2928 2938/2938/2938 2939/2939/2939
f 2928/2928/2928 2939/2939/2939 2929/2929/2929
f 2929/2929/2929 2939/2939/2939 2940/2940/2940
f 2929/2929/2929 2940/2940/2940 2930/2930/2930
f 2930/2930/2930 2940/2940/2940 2941/2941/2941
f 2930/2930/2930 2941/2941/2941 2931/2931/2931
f 2931/2931/2931 2941/2941/2941 2588/2588/2588
f 2931/2931/2931 2588/2588/2588 2582/2582/2582
f 2520/2520/2520 2524/2524/2524 2942/2942/2942
f 2520/2520/2520 2942/2942/2942 2932/2932/2932
f 2932/2932/2932 2942/2942/2942 2943/2943/2943
f 2932/2932/2932 2943/2943/2943 2933/2933/2933
f 2933/2933/2933 2943/2943/2943 2944/2944/2944
f 2933/2933/2933 2944/2944/2944 2934/2934/2934
f 2934/2934/2934 2944/2944/2944 2945/2945/2945
f 2934/2934/2934 2945/2945/2945 2935/2935/2935
f 2946/2946/2946 2947/2947/2947 2948/2948/2948
f 2946/2946/2946 2948/2948/2948 2937/2937/2937
f 2937/2937/2937 2948/2948/2948 2949/2949/2949
f 2937/2937/2937 2949/2949/2949 2938/2938/2938
f 2938/2938/2938 2949/2949/2949 2950/2950/2950
f 2938/2938/2938 2950/2950/2950 2939/2939/2939
f 2939/2939/2939 2950/2950/2950 2951/2951/2951
f 2939/2939/2939 2951/2951/2951 2940/2940/2940
f 2940/2940/2940 2951/2951/2951 2952/2952/2952
f 2940/2940/2940 2952/2952/2952 2941/2941/2941
f 2941/2941/2941 2952/2952/2952 2592/2592/2592
f 2941/2941/2941 2592/2592/2592 2588/2588/2588
f 2526/2526/2526 2525/2525/2525 2953/2953/2953
f 2526/2526/2526 2953/2953/2953 2954/2954/2954
f 2954/2954/2954 2953/2953/2953 2955/2955/2955
f 2954/2954/2954 2955/2955/2955 2956/2956/2956
f 2956/2956/2956 2955/2955/2955 2957/2957/2957
f 2956/2956/2956 2957/2957/2957 2958/2958/2958
f 2958/2958/2958 2957/2957/2957 2959/2959/2959
f 2958/2958/2958 2959/2959/2959 2960/2960/2960
f 2947/2947/2947 2961/2961/2961 2962/2962/2962
f 2947/2947/2947 2962/2962/2962 2948/2948/2948
f 2948/2948/2948 2962/2962/2962 2963/2963/2963
f 2948/2948/2948 2963/2963/2963 2949/2949/2949
f 2949/2949/2949 2963/2963/2963 2964/2964/2964
f 2949/2949/2949 2964/2964/2964 2950/2950/2950
f 2950/2950/2950 2964/2964/2964 2965/2965/2965
f 2950/2950/2950 2965/2965/2965 2951/2951/2951
f 2951/2951/2951 2965/2965/2965 2966/2966/2966
f 2951/2951/2951 2966/2966/2966 2952/2952/2952
f 2952/2952/2952 2966/2966/2966 2596/2596/2596
f 2952/2952/2952 2596/2596/2596 2592/2592/2592
f 2525/2525/2525 2529/2529/2529 2967/2967/2967
f 2525/2525/2525 2967/2967/2967 2953/2953/2953
f 2953/2953/2953 2967/2967/2967 2968/2968/2968
f 2953/2953/2953 2968/2968/2968 2955/2955/2955
f 2955/2955/2955 2968/2968/2968 2969/2969/2969
f 2955/2955/2955 2969/2969/2969 2957/2957/2957
f 2957/2957/2957 2969/2969/2969 2970/2970/2970
f 2957/2957/2957 2970/2970/2970 2959/2959/2959
f 2961/2961/2961 2971/2971/2971 2972/2972/2972
f 2961/2961/2961 2972/2972/2972 2962/2962/2962
f 2962/2962/2962 2972/2972/2972 2973/2973/2973
f 2962/2962/2962 2973/2973/2973 2963/2963/2963
f 2963/2963/2963 2973/2973/2973 2974/2974/2974
f 2963/2963/2963 2974/2974/2974 2964/2964/2964
f 2964/2964/2964 2974/2974/2974 2975/2975/2975
f 2964/2964/2964 2975/2975/2975 2965/2965/2965
f 2965/2965/2965 2975/2975/2975 2976/2976/2976
f 2965/2965/2965 2976/2976/2976 2966/2966/2966
f 2966/2966/2966 2976/2976/2976 2598/2598/2598
f 2966/2966/2966 2598/2598/2598 2596/2596/2596
f 2529/2529/2529 2530/2530/2530 2977/2977/2977
f 2529/2529/2529 2977/2977/2977 2967/2967/2967
f 2967/2967/2967 2977/2977/2977 2978/2978/2978
f 2967/2967/2967 2978/2978/2978 2968/2968/2968
f 2968/2968/2968 2978/2978/2978 2979/2979/2979
f 2968/2968/2968 2979/2979/2979 2969/2969/2969
f 2969/2969/2969 2979/2979/2979 2980/2980/2980
f 2969/2969/2969 2980/2980/2980 2970/2970/2970
f 2970/2970/2970 2980/2980/2980 2981/2981/2981
f 2970/2970/2970 2981/2981/2981 2982/2982/2982
f 2972/2972/2972 2983/2983/2983 2984/2984/2984
f 2972/2972/2972 2984/2984/2984 2973/2973/2973
f 2973/2973/2973 2984/2984/2984 2985/2985/2985
f 2973/2973/2973 2985/2985/2985 2974/2974/2974
f 2974/2974/2974 2985/2985/2985 2986/2986/2986
f 2974/2974/2974 2986/2986/2986 2975/2975/2975
f 2975/2975/2975 2986/2986/2986 2987/2987/2987
f 2975/2975/2975 2987/2987/2987 2976/2976/2976
f 2976/2976/2976 2987/2987/2987 2600/2600/2600
f 2976/2976/2976 2600/2600/2600 2598/2598/2598
f 2530/2530/2530 2533/2533/2533 2988/2988/2988
f 2530/2530/2530 2988/2988/2988 2977/2977/2977
f 2977/2977/2977 2988/2988/2988 2989/2989/2989
f 2977/2977/2977 2989/2989/2989 2978/2978/2978
f 2978/2978/2978 2989/2989/2989 2990/2990/2990
f 2978/2978/2978 2990/2990/2990 2979/2979/2979
f 2979/2979/2979 2990/2990/2990 2991/2991/2991
f 2979/2979/2979 2991/2991/2991 2980/2980/2980
f 2980/2980/2980 2991/2991/2991 2992/2992/2992
f 2980/2980/2980 2992/2992/2992 2981/2981/2981
f 2983/2983/2983 2993/2993/2993 2994/2994/2994
f 2983/2983/2983 2994/2994/2994 2984/2984/2984
f 2984/2984/2984 2994/2994/2994 2995/2995/2995
f 2984/2984/2984 2995/2995/2995 2985/2985/2985
f 2985/2985/2985 2995/2995/2995 2996/2996/2996
f 2985/2985/2985 2996/2996/2996 2986/2986/2986
f 2986/2986/2986 2996/2996/2996 2997/2997/2997
f 2986/2986/2986 2997/2997/2997 2987/2987/2987
f 2987/2987/2987 2997/2997/2997 2604/2604/2604
f 2987/2987/2987 2604/2604/2604 2600/2600/2600
f 2533/2533/2533 2535/2535/2535 2998/2998/2998
f 2533/2533/2533 2998/2998/2998 2988/2988/2988
f 2988/2988/2988 2998/2998/2998 2999/2999/2999
f 2988/2988/2988 2999/2999/2999 2989/2989/2989
f 2989/2989/2989 2999/2999/2999 3000/3000/3000
f 2989/2989/2989 3000/3000/3000 2990/2990/2990
f 2990/2990/2990 3000/3000/3000 3001/3001/3001
f 2990/2990/2990 3001/3001/3001 2991/2991/2991
f 2991/2991/2991 3001/3001/3001 3002/3002/3002
f 2991/2991/2991 3002/3002/3002 2992/2992/2992
f 2993/2993/2993 3003/3003/3003 3004/3004/3004
f 2993/2993/2993 3004/3004/3004 2994/2994/2994
f 2994/2994/2994 3004/3004/3004 3005/3005/3005
f 2994/2994/2994 3005/3005/3005 2995/2995/2995
f 2995/2995/2995 3005/3005/3005 3006/3006/3006
f 2995/2995/2995 3006/3006/3006 2996/2996/2996
f 2996/2996/2996 3006/3006/3006 3007/3007/3007
f 2996/2996/2996 3007/3007/3007 2997/2997/2997
f 2997/2997/2997 3007/3007/3007 2606/2606/2606
f 2997/2997/2997 2606/2606/2606 2604/2604/2604
f 2535/2535/2535 2537/2537/2537 3008/3008/3008
f 2535/2535/2535 3008/3008/3008 2998/2998/2998
f 2998/2998/2998 3008/3008/3008 3009/3009/3009
f 2998/2998/2998 3009/3009/3009 2999/2999/2999
f 2999/2999/2999 3009/3009/3009 3010/3010/3010
f 2999/2999/2999 3010/3010/3010 3000/3000/3000
f 3000/3000/3000 3010/3010/3010 3011/3011/3011
f 3000/3000/3000 3011/3011/3011 3001/3001/3001
f 3001/3001/3001 3011/3011/3011 3012/3012/3012
f 3001/3001/3001 3012/3012/3012 3002/3002/3002
f 3003/3003/3003 3013/3013/3013 3014/3014/3014
f 3003/3003/3003 3014/3014/3014 3004/3004/3004
f 3004/3004/3004 3014/3014/3014 3015/3015/3015
f 3004/3004/3004 3015/3015/3015 3005/3005/3005
f 3005/3005/3005 3015/3015/3015 3016/3016/3016
f 3005/3005/3005 3016/3016/3016 3006/3006/3006
f 3006/3006/3006 3016/3016/3016 3017/3017/3017
f 3006/3006/3006 3017/3017/3017 3007/3007/3007
f 3007/3007/3007 3017/3017/3017 2608/2608/2608
f 3007/3007/3007 2608/2608/2608 2606/2606/2606
f 2537/2537/2537 2539/2539/2539 3018/3018/3018
f 2537/2537/2537 3018/3018/3018 3008/3008/3008
f 3008/3008/3008 3018/3018/3018 3019/3019/3019
f 3008/3008/3008 3019/3019/3019 3009/3009/3009
f 3009/3009/3009 3019/3019/3019 3020/3020/3020
f 3009/3009/3009 3020/3020/3020 3010/3010/3010
f 3010/3010/3010 3020/3020/3020 3021/3021/3021
f 3010/3010/3010 3021/3021/3021 3011/3011/3011
f 3011/3011/3011 3021/3021/3021 3022/3022/3022
f 3011/3011/3011 3022/3022/3022 3012/3012/3012
f 3013/3013/3013 3023/3023/3023 3024/3024/3024
f 3013/3013/3013 3024/3024/3024 3014/3014/3014
f 3014/3014/3014 3024/3024/3024 3025/3025/3025
f 3014/3014/3014 3025/3025/3025 3015/3015/3015
f 3015/3015/3015 3025/3025/3025 3026/3026/3026
f 3015/3015/3015 3026/3026/3026 3016/3016/3016
f 3016/3016/3016 3026/3026/3026 3027/3027/3027
f 3016/3016/3016 3027/3027/3027 3017/3017/3017
f 3017/3017/3017 3027/3027/3027 2610/2610/2610
f 3017/3017/3017 2610/2610/2610 2608/2608/2608
f 2539/2539/2539 2541/2541/2541 3028/3028/3028
f 2539/2539/2539 3028/3028/3028 3018/3018/3018
f 3018/3018/3018 3028/3028/3028 3029/3029/3029
f 3018/3018/3018 3029/3029/3029 3019/3019/3019
f 3019/3019/3019 3029/3029/3029 3030/3030/3030
f 3019/3019/3019 3030/3030/3030 3020/3020/3020
f 3020/3020/3020 3030/3030/3030 3031/3031/3031
f 3020/3020/3020 3031/3031/3031 3021/3021/3021
f 3021/3021/3021 3031/3031/3031 3032/3032/3032
f 3021/3021/3021 3032/3032/3032 3022/3022/3022
f 3023/3023/3023 3033/3033/3033 3034/3034/3034
f 3023/3023/3023 3034/3034/3034 3024/3024/3024
f 3024/3024/3024 3034/3034/3034 3035/3035/3035
f 3024/3024/3024 3035/3035/3035 3025/3025/3025
f 3025/3025/3025 3035/3035/3035 3036/3036/3036
f 3025/3025/3025 3036/3036/3036 3026/3026/3026
f 3026/3026/3026 3036/3036/3036 3037/3037/3037
f 3026/3026/3026 3037/3037/3037 3027/3027/3027
f 3027/3027/3027 3037/3037/3037 2612/2612/2612
f 3027/3027/3027 2612/2612/2612 2610/2610/2610
f 2519/2519/2519 2518/2518/2518 2617/2617/2617
f 2519/2519/2519 2617/2617/2617 3038/3038/3038
f 3038/3038/3038 2617/2617/2617 2619/2619/2619
f 3038/3038/3038 2619/2619/2619 3039/3039/3039
f 3039/3039/3039 2619/2619/2619 2621/2621/2621
f 3039/3039/3039 2621/2621/2621 3040/3040/3040
f 3040/3040/3040 2621/2621/2621 2623/2623/2623
f 3040/3040/3040 2623/2623/2623 3041/3041/3041
f 3041/3041/3041 2623/2623/2623 2625/2625/2625
f 3041/3041/3041 2625/2625/2625 3042/3042/3042
f 3043/3043/3043 2626/2626/2626 2629/2629/2629
f 3043/3043/3043 2629/2629/2629 3044/3044/3044
f 3044/3044/3044 2629/2629/2629 2631/2631/2631
f 3044/3044/3044 2631/2631/2631 3045/3045/3045
f 3045/3045/3045 2631/2631/2631 2633/2633/2633
f 3045/3045/3045 2633/2633/2633 3046/3046/3046
f 3046/3046/3046 2633/2633/2633 2635/2635/2635
f 3046/3046/3046 2635/2635/2635 3047/3047/3047
f 3047/3047/3047 2635/2635/2635 2585/2585/2585
f 3047/3047/3047 2585/2585/2585 2584/2584/2584
f 2523/2523/2523 2522/2522/2522 2863/2863/2863
f 2523/2523/2523 2863/2863/2863 2616/2616/2616
f 2616/2616/2616 2863/2863/2863 2865/2865/2865
f 2616/2616/2616 2865/2865/2865 2618/2618/2618
f 2618/2618/2618 2865/2865/2865 2867/2867/2867
f 2618/2618/2618 2867/2867/2867 2620/2620/2620
f 2620/2620/2620 2867/2867/2867 2869/2869/2869
f 2620/2620/2620 2869/2869/2869 2622/2622/2622
f 2622/2622/2622 2869/2869/2869 2871/2871/2871
f 2622/2622/2622 2871/2871/2871 2624/2624/2624
f 2627/2627/2627 2872/2872/2872 2875/2875/2875
f 2627/2627/2627 2875/2875/2875 2628/2628/2628
f 2628/2628/2628 2875/2875/2875 2877/2877/2877
f 2628/2628/2628 2877/2877/2877 2630/2630/2630
f 2630/2630/2630 2877/2877/2877 2879/2879/2879
f 2630/2630/2630 2879/2879/2879 2632/2632/2632
f 2632/2632/2632 2879/2879/2879 2881/2881/2881
f 2632/2632/2632 2881/2881/2881 2634/2634/2634
f 2634/2634/2634 2881/2881/2881 2564/2564/2564
f 2634/2634/2634 2564/2564/2564 2594/2594/2594
f 2513/2513/2513 2528/2528/2528 3048/3048/3048
f 2513/2513/2513 3048/3048/3048 2852/2852/2852
f 2852/2852/2852 3048/3048/3048 3049/3049/3049
f 2852/2852/2852 3049/3049/3049 2853/2853/2853
f 2853/2853/2853 3049/3049/3049 3040/3040/3040
f 2853/2853/2853 3040/3040/3040 2854/2854/2854
f 2854/2854/2854 3040/3040/3040 3041/3041/3041
f 2854/2854/2854 3041/3041/3041 2855/2855/2855
f 2855/2855/2855 3041/3041/3041 3042/3042/3042
f 2855/2855/2855 3042/3042/3042 2856/2856/2856
f 2857/2857/2857 3043/3043/3043 3044/3044/3044
f 2857/2857/2857 3044/3044/3044 2858/2858/2858
f 2858/2858/2858 3044/3044/3044 3045/3045/3045
f 2858/2858/2858 3045/3045/3045 2859/2859/2859
f 2859/2859/2859 3045/3045/3045 3046/3046/3046
f 2859/2859/2859 3046/3046/3046 2860/2860/2860
f 2860/2860/2860 3046/3046/3046 3047/3047/3047
f 2860/2860/2860 3047/3047/3047 2861/2861/2861
f 2861/2861/2861 3047/3047/3047 2584/2584/2584
f 2861/2861/2861 2584/2584/2584 2574/2574/2574
f 2590/2590/2590 2551/2551/2551 2554/2554/2554
f 2590/2590/2590 2554/2554/2554 2591/2591/2591
f 2586/2586/2586 2595/2595/2595 3050/3050/3050
f 2586/2586/2586 3050/3050/3050 3051/3051/3051
f 3052/3052/3052 3053/3053/3053 3054/3054/3054
f 3052/3052/3052 3054/3054/3054 3055/3055/3055
f 3055/3055/3055 3054/3054/3054 2590/2590/2590
f 3055/3055/3055 2590/2590/2590 2400/2400/2400
f 2603/2603/2603 2418/2418/2418 3056/3056/3056
f 2603/2603/2603 3056/3056/3056 3057/3057/3057
f 3058/3058/3058 3059/3059/3059 3060/3060/3060
f 3058/3058/3058 3060/3060/3060 3061/3061/3061
f 3062/3062/3062 3063/3063/3063 2579/2579/2579
f 3062/3062/3062 2579/2579/2579 2578/2578/2578
f 2418/2418/2418 2417/2417/2417 3064/3064/3064
f 2418/2418/2418 3064/3064/3064 3056/3056/3056
f 3059/3059/3059 3065/3065/3065 3066/3066/3066
f 3059/3059/3059 3066/3066/3066 3060/3060/3060
f 3063/3063/3063 3067/3067/3067 2403/2403/2403
f 3063/3063/3063 2403/2403/2403 2579/2579/2579
f 2417/2417/2417 2430/2430/2430 3068/3068/3068
f 2417/2417/2417 3068/3068/3068 3064/3064/3064
f 3065/3065/3065 3069/3069/3069 3070/3070/3070
f 3065/3065/3065 3070/3070/3070 3066/3066/3066
f 3067/3067/3067 3071/3071/3071 2404/2404/2404
f 3067/3067/3067 2404/2404/2404 2403/2403/2403
f 2430/2430/2430 2429/2429/2429 3072/3072/3072
f 2430/2430/2430 3072/3072/3072 3068/3068/3068
f 3069/3069/3069 3073/3073/3073 3074/3074/3074
f 3069/3069/3069 3074/3074/3074 3070/3070/3070
f 3071/3071/3071 3075/3075/3075 2421/2421/2421
f 3071/3071/3071 2421/2421/2421 2404/2404/2404
f 2429/2429/2429 2438/2438/2438 3076/3076/3076
f 2429/2429/2429 3076/3076/3076 3072/3072/3072
f 3073/3073/3073 3077/3077/3077 3078/3078/3078
f 3073/3073/3073 3078/3078/3078 3074/3074/3074
f 3075/3075/3075 3079/3079/3079 2422/2422/2422
f 3075/3075/3075 2422/2422/2422 2421/2421/2421
f 2438/2438/2438 2437/2437/2437 3080/3080/3080
f 2438/2438/2438 3080/3080/3080 3076/3076/3076
f 3076/3076/3076 3080/3080/3080 3081/3081/3081
f 3076/3076/3076 3081/3081/3081 3082/3082/3082
f 3079/3079/3079 3083/3083/3083 2431/2431/2431
f 3079/3079/3079 2431/2431/2431 2422/2422/2422
f 2437/2437/2437 2446/2446/2446 3084/3084/3084
f 2437/2437/2437 3084/3084/3084 3080/3080/3080
f 3080/3080/3080 3084/3084/3084 3085/3085/3085
f 3080/3080/3080 3085/3085/3085 3081/3081/3081
f 3083/3083/3083 3086/3086/3086 2432/2432/2432
f 3083/3083/3083 2432/2432/2432 2431/2431/2431
f 2446/2446/2446 2445/2445/2445 3087/3087/3087
f 2446/2446/2446 3087/3087/3087 3084/3084/3084
f 3084/3084/3084 3087/3087/3087 3088/3088/3088
f 3084/3084/3084 3088/3088/3088 3085/3085/3085
f 3086/3086/3086 3089/3089/3089 2614/2614/2614
f 3086/3086/3086 2614/2614/2614 2432/2432/2432
f 2445/2445/2445 2454/2454/2454 3090/3090/3090
f 2445/2445/2445 3090/3090/3090 3087/3087/3087
f 3087/3087/3087 3090/3090/3090 3091/3091/3091
f 3087/3087/3087 3091/3091/3091 3088/3088/3088
f 3092/3092/3092 3093/3093/3093 2440/2440/2440
f 3092/3092/3092 2440/2440/2440 2439/2439/2439
f 2454/2454/2454 2453/2453/2453 3094/3094/3094
f 2454/2454/2454 3094/3094/3094 3090/3090/3090
f 3090/3090/3090 3094/3094/3094 3095/3095/3095
f 3090/3090/3090 3095/3095/3095 3091/3091/3091
f 3093/3093/3093 3096/3096/3096 2447/2447/2447
f 3093/3093/3093 2447/2447/2447 2440/2440/2440
f 2453/2453/2453 2462/2462/2462 3097/3097/3097
f 2453/2453/2453 3097/3097/3097 3094/3094/3094
f 3094/3094/3094 3097/3097/3097 3098/3098/3098
f 3094/3094/3094 3098/3098/3098 3095/3095/3095
f 3096/3096/3096 3099/3099/3099 2448/2448/2448
f 3096/3096/3096 2448/2448/2448 2447/2447/2447
f 2462/2462/2462 2461/2461/2461 3100/3100/3100
f 2462/2462/2462 3100/3100/3100 3097/3097/3097
f 3097/3097/3097 3100/3100/3100 3101/3101/3101
f 3097/3097/3097 3101/3101/3101 3098/3098/3098
f 3099/3099/3099 3102/3102/3102 2455/2455/2455
f 3099/3099/3099 2455/2455/2455 2448/2448/2448
f 2461/2461/2461 2470/2470/2470 3103/3103/3103
f 2461/2461/2461 3103/3103/3103 3100/3100/3100
f 3104/3104/3104 3105/3105/3105 3106/3106/3106
f 3104/3104/3104 3106/3106/3106 3107/3107/3107
f 3102/3102/3102 3106/3106/3106 2456/2456/2456
f 3102/3102/3102 2456/2456/2456 2455/2455/2455
f 2470/2470/2470 2469/2469/2469 3108/3108/3108
f 2470/2470/2470 3108/3108/3108 3103/3103/3103
f 3105/3105/3105 3109/3109/3109 3110/3110/3110
f 3105/3105/3105 3110/3110/3110 3106/3106/3106
f 3106/3106/3106 3110/3110/3110 2463/2463/2463
f 3106/3106/3106 2463/2463/2463 2456/2456/2456
f 2469/2469/2469 2478/2478/2478 3111/3111/3111
f 2469/2469/2469 3111/3111/3111 3108/3108/3108
f 3109/3109/3109 3112/3112/3112 3113/3113/3113
f 3109/3109/3109 3113/3113/3113 3110/3110/3110
f 3110/3110/3110 3113/3113/3113 2464/2464/2464
f 3110/3110/3110 2464/2464/2464 2463/2463/2463
f 2478/2478/2478 2477/2477/2477 3114/3114/3114
f 2478/2478/2478 3114/3114/3114 3111/3111/3111
f 3112/3112/3112 3115/3115/3115 3116/3116/3116
f 3112/3112/3112 3116/3116/3116 3113/3113/3113
f 3113/3113/3113 3116/3116/3116 2471/2471/2471
f 3113/3113/3113 2471/2471/2471 2464/2464/2464
f 2477/2477/2477 2492/2492/2492 3117/3117/3117
f 2477/2477/2477 3117/3117/3117 3114/3114/3114
f 3115/3115/3115 3118/3118/3118 3119/3119/3119
f 3115/3115/3115 3119/3119/3119 3116/3116/3116
f 3116/3116/3116 3119/3119/3119 2472/2472/2472
f 3116/3116/3116 2472/2472/2472 2471/2471/2471
f 2492/2492/2492 2491/2491/2491 3120/3120/3120
f 2492/2492/2492 3120/3120/3120 3117/3117/3117
f 3118/3118/3118 3121/3121/3121 3122/3122/3122
f 3118/3118/3118 3122/3122/3122 3119/3119/3119
f 3119/3119/3119 3122/3122/3122 2483/2483/2483
f 3119/3119/3119 2483/2483/2483 2472/2472/2472
f 2491/2491/2491 2504/2504/2504 3123/3123/3123
f 2491/2491/2491 3123/3123/3123 3120/3120/3120
f 3121/3121/3121 3124/3124/3124 3125/3125/3125
f 3121/3121/3121 3125/3125/3125 3122/3122/3122
f 3122/3122/3122 3125/3125/3125 2484/2484/2484
f 3122/3122/3122 2484/2484/2484 2483/2483/2483
f 2504/2504/2504 2503/2503/2503 3126/3126/3126
f 2504/2504/2504 3126/3126/3126 3123/3123/3123
f 3124/3124/3124 3127/3127/3127 3128/3128/3128
f 3124/3124/3124 3128/3128/3128 3125/3125/3125
f 3125/3125/3125 3128/3128/3128 2495/2495/2495
f 3125/3125/3125 2495/2495/2495 2484/2484/2484
f 2503/2503/2503 2575/2575/2575 3129/3129/3129
f 2503/2503/2503 3129/3129/3129 3126/3126/3126
f 3127/3127/3127 3130/3130/3130 3131/3131/3131
f 3127/3127/3127 3131/3131/3131 3128/3128/3128
f 3128/3128/3128 3131/3131/3131 2496/2496/2496
f 3128/3128/3128 2496/2496/2496 2495/2495/2495
f 2567/2567/2567 2566/2566/2566 3132/3132/3132
f 2567/2567/2567 3132/3132/3132 3133/3133/3133
f 3134/3134/3134 3135/3135/3135 3136/3136/3136
f 3134/3134/3134 3136/3136/3136 3137/3137/3137
f 3137/3137/3137 3136/3136/3136 2552/2552/2552
f 3137/3137/3137 2552/2552/2552 2551/2551/2551
f 2566/2566/2566 2569/2569/2569 3138/3138/3138
f 2566/2566/2566 3138/3138/3138 3132/3132/3132
f 3135/3135/3135 3139/3139/3139 3140/3140/3140
f 3135/3135/3135 3140/3140/3140 3136/3136/3136
f 3136/3136/3136 3140/3140/3140 2479/2479/2479
f 3136/3136/3136 2479/2479/2479 2552/2552/2552
f 2569/2569/2569 2571/2571/2571 3141/3141/3141
f 2569/2569/2569 3141/3141/3141 3138/3138/3138
f 3139/3139/3139 3142/3142/3142 3143/3143/3143
f 3139/3139/3139 3143/3143/3143 3140/3140/3140
f 3140/3140/3140 3143/3143/3143 2480/2480/2480
f 3140/3140/3140 2480/2480/2480 2479/2479/2479
f 2571/2571/2571 2573/2573/2573 3144/3144/3144
f 2571/2571/2571 3144/3144/3144 3141/3141/3141
f 3142/3142/3142 3145/3145/3145 3146/3146/3146
f 3142/3142/3142 3146/3146/3146 3143/3143/3143
f 3143/3143/3143 3146/3146/3146 2487/2487/2487
f 3143/3143/3143 2487/2487/2487 2480/2480/2480
f 2573/2573/2573 2577/2577/2577 3147/3147/3147
f 2573/2573/2573 3147/3147/3147 3144/3144/3144
f 3148/3148/3148 3149/3149/3149 3150/3150/3150
f 3148/3148/3148 3150/3150/3150 3151/3151/3151
f 3146/3146/3146 3152/3152/3152 2493/2493/2493
f 3146/3146/3146 2493/2493/2493 2487/2487/2487
f 2577/2577/2577 2583/2583/2583 3153/3153/3153
f 2577/2577/2577 3153/3153/3153 3147/3147/3147
f 3149/3149/3149 3154/3154/3154 3155/3155/3155
f 3149/3149/3149 3155/3155/3155 3150/3150/3150
f 3152/3152/3152 3156/3156/3156 2499/2499/2499
f 3152/3152/3152 2499/2499/2499 2493/2493/2493
f 2583/2583/2583 2589/2589/2589 3157/3157/3157
f 2583/2583/2583 3157/3157/3157 3153/3153/3153
f 3154/3154/3154 3157/3157/3157 3158/3158/3158
f 3154/3154/3154 3158/3158/3158 3155/3155/3155
f 3156/3156/3156 3159/3159/3159 2505/2505/2505
f 3156/3156/3156 2505/2505/2505 2499/2499/2499
f 2589/2589/2589 2593/2593/2593 3160/3160/3160
f 2589/2589/2589 3160/3160/3160 3157/3157/3157
f 3157/3157/3157 3160/3160/3160 3161/3161/3161
f 3157/3157/3157 3161/3161/3161 3158/3158/3158
f 3159/3159/3159 3162/3162/3162 2507/2507/2507
f 3159/3159/3159 2507/2507/2507 2505/2505/2505
f 2593/2593/2593 2597/2597/2597 3163/3163/3163
f 2593/2593/2593 3163/3163/3163 3160/3160/3160
f 3160/3160/3160 3163/3163/3163 3164/3164/3164
f 3160/3160/3160 3164/3164/3164 3161/3161/3161
f 3165/3165/3165 3166/3166/3166 2395/2395/2395
f 3165/3165/3165 2395/2395/2395 2509/2509/2509
f 2597/2597/2597 2599/2599/2599 3167/3167/3167
f 2597/2597/2597 3167/3167/3167 3163/3163/3163
f 3163/3163/3163 3167/3167/3167 3168/3168/3168
f 3163/3163/3163 3168/3168/3168 3164/3164/3164
f 3166/3166/3166 3169/3169/3169 2396/2396/2396
f 3166/3166/3166 2396/2396/2396 2395/2395/2395
f 2599/2599/2599 2601/2601/2601 3170/3170/3170
f 2599/2599/2599 3170/3170/3170 3167/3167/3167
f 3167/3167/3167 3170/3170/3170 3171/3171/3171
f 3167/3167/3167 3171/3171/3171 3168/3168/3168
f 3169/3169/3169 3172/3172/3172 2407/2407/2407
f 3169/3169/3169 2407/2407/2407 2396/2396/2396
f 2601/2601/2601 2605/2605/2605 3173/3173/3173
f 2601/2601/2601 3173/3173/3173 3170/3170/3170
f 3170/3170/3170 3173/3173/3173 3174/3174/3174
f 3170/3170/3170 3174/3174/3174 3171/3171/3171
f 3172/3172/3172 3175/3175/3175 2409/2409/2409
f 3172/3172/3172 2409/2409/2409 2407/2407/2407
f 2605/2605/2605 2607/2607/2607 3176/3176/3176
f 2605/2605/2605 3176/3176/3176 3173/3173/3173
f 3173/3173/3173 3176/3176/3176 3177/3177/3177
f 3173/3173/3173 3177/3177/3177 3174/3174/3174
f 3175/3175/3175 3178/3178/3178 2411/2411/2411
f 3175/3175/3175 2411/2411/2411 2409/2409/2409
f 2607/2607/2607 2609/2609/2609 3179/3179/3179
f 2607/2607/2607 3179/3179/3179 3176/3176/3176
f 3180/3180/3180 3181/3181/3181 3182/3182/3182
f 3180/3180/3180 3182/3182/3182 3183/3183/3183
f 3178/3178/3178 3184/3184/3184 2413/2413/2413
f 3178/3178/3178 2413/2413/2413 2411/2411/2411
f 2609/2609/2609 2611/2611/2611 3185/3185/3185
f 2609/2609/2609 3185/3185/3185 3179/3179/3179
f 3181/3181/3181 3186/3186/3186 3187/3187/3187
f 3181/3181/3181 3187/3187/3187 3182/3182/3182
f 3184/3184/3184 3188/3188/3188 2419/2419/2419
f 3184/3184/3184 2419/2419/2419 2413/2413/2413
f 2611/2611/2611 2613/2613/2613 3189/3189/3189
f 2611/2611/2611 3189/3189/3189 3185/3185/3185
f 3186/3186/3186 3190/3190/3190 3191/3191/3191
f 3186/3186/3186 3191/3191/3191 3187/3187/3187
f 3188/3188/3188 3192/3192/3192 2425/2425/2425
f 3188/3188/3188 2425/2425/2425 2419/2419/2419
f 2587/2587/2587 2586/2586/2586 3051/3051/3051
f 2587/2587/2587 3051/3051/3051 3193/3193/3193
f 3194/3194/3194 3052/3052/3052 3055/3055/3055
f 3194/3194/3194 3055/3055/3055 3195/3195/3195
f 3195/3195/3195 3055/3055/3055 2400/2400/2400
f 3195/3195/3195 2400/2400/2400 2399/2399/2399
f 2595/2595/2595 2567/2567/2567 3133/3133/3133
f 2595/2595/2595 3133/3133/3133 3050/3050/3050
f 3053/3053/3053 3134/3134/3134 3137/3137/3137
f 3053/3053/3053 3137/3137/3137 3054/3054/3054
f 3054/3054/3054 3137/3137/3137 2551/2551/2551
f 3054/3054/3054 2551/2551/2551 2590/2590/2590
f 2575/2575/2575 2587/2587/2587 3193/3193/3193
f 2575/2575/2575 3193/3193/3193 3129/3129/3129
f 3130/3130/3130 3194/3194/3194 3195/3195/3195
f 3130/3130/3130 3195/3195/3195 3131/3131/3131
f 3131/3131/3131 3195/3195/3195 2399/2399/2399
f 3131/3131/3131 2399/2399/2399 2496/2496/2496
f 2585/2585/2585 2594/2594/2594 2595/2595/2595
f 2585/2585/2585 2595/2595/2595 2586/2586/2586
f 3196/3196/3196 3197/3197/3197 3198/3198/3198
f 3196/3196/3196 3198/3198/3198 3199/3199/3199
f 3200/3200/3200 3201/3201/3201 3202/3202/3202
f 3200/3200/3200 3202/3202/3202 3203/3203/3203
f 3203/3203/3203 3202/3202/3202 3204/3204/3204
f 3203/3203/3203 3204/3204/3204 3205/3205/3205
f 3206/3206/3206 3207/3207/3207 3208/3208/3208
f 3206/3206/3206 3208/3208/3208 3209/3209/3209
f 3209/3209/3209 3208/3208/3208 3210/3210/3210
f 3209/3209/3209 3210/3210/3210 3211/3211/3211
f 3199/3199/3199 3198/3198/3198 3212/3212/3212
f 3199/3199/3199 3212/3212/3212 3213/3213/3213
f 3213/3213/3213 3212/3212/3212 3214/3214/3214
f 3213/3213/3213 3214/3214/3214 3215/3215/3215
f 3205/3205/3205 3204/3204/3204 3216/3216/3216
f 3205/3205/3205 3216/3216/3216 3217/3217/3217
f 3217/3217/3217 3216/3216/3216 3218/3218/3218
f 3217/3217/3217 3218/3218/3218 3219/3219/3219
f 3211/3211/3211 3210/3210/3210 3220/3220/3220
f 3211/3211/3211 3220/3220/3220 3221/3221/3221
f 3221/3221/3221 3220/3220/3220 3222/3222/3222
f 3221/3221/3221 3222/3222/3222 3223/3223/3223
f 3215/3215/3215 3214/3214/3214 3224/3224/3224
f 3215/3215/3215 3224/3224/3224 3225/3225/3225
f 3226/3226/3226 3227/3227/3227 3228/3228/3228
f 3226/3226/3226 3228/3228/3228 3229/3229/3229
f 3219/3219/3219 3218/3218/3218 3230/3230/3230
f 3219/3219/3219 3230/3230/3230 3231/3231/3231
f 3231/3231/3231 3230/3230/3230 3232/3232/3232
f 3231/3231/3231 3232/3232/3232 3233/3233/3233
f 3223/3223/3223 3222/3222/3222 3234/3234/3234
f 3223/3223/3223 3234/3234/3234 3235/3235/3235
f 3235/3235/3235 3234/3234/3234 3236/3236/3236
f 3235/3235/3235 3236/3236/3236 3237/3237/3237
f 3233/3233/3233 3232/3232/3232 3238/3238/3238
f 3233/3233/3233 3238/3238/3238 3239/3239/3239
f 3239/3239/3239 3238/3238/3238 3240/3240/3240
f 3239/3239/3239 3240/3240/3240 3241/3241/3241
f 3242/3242/3242 3243/3243/3243 3244/3244/3244
f 3242/3242/3242 3244/3244/3244 3245/3245/3245
f 2038/2038/2038 2041/2041/2041 3246/3246/3246
f 2038/2038/2038 3246/3246/3246 3247/3247/3247
f 3245/3245/3245 3244/3244/3244 3201/3201/3201
f 3245/3245/3245 3201/3201/3201 3200/3200/3200
f 3247/3247/3247 3246/3246/3246 3207/3207/3207
f 3247/3247/3247 3207/3207/3207 3206/3206/3206
f 3241/3241/3241 3240/3240/3240 3197/3197/3197
f 3241/3241/3241 3197/3197/3197 3196/3196/3196
f 3248/3248/3248 3249/3249/3249 3250/3250/3250
f 3248/3248/3248 3250/3250/3250 3251/3251/3251
f 3251/3251/3251 3250/3250/3250 3252/3252/3252
f 3251/3251/3251 3252/3252/3252 3253/3253/3253
f 3253/3253/3253 3252/3252/3252 3254/3254/3254
f 3253/3253/3253 3254/3254/3254 3255/3255/3255
f 3256/3256/3256 3257/3257/3257 3258/3258/3258
f 3256/3256/3256 3258/3258/3258 3259/3259/3259
f 3259/3259/3259 3258/3258/3258 3260/3260/3260
f 3259/3259/3259 3260/3260/3260 3261/3261/3261
f 3261/3261/3261 3260/3260/3260 3262/3262/3262
f 3261/3261/3261 3262/3262/3262 3263/3263/3263
f 3263/3263/3263 3262/3262/3262 3264/3264/3264
f 3263/3263/3263 3264/3264/3264 3265/3265/3265
f 3265/3265/3265 3264/3264/3264 3266/3266/3266
f 3265/3265/3265 3266/3266/3266 3267/3267/3267
f 3267/3267/3267 3266/3266/3266 3268/3268/3268
f 3267/3267/3267 3268/3268/3268 3269/3269/3269
f 3270/3270/3270 3271/3271/3271 3272/3272/3272
f 3270/3270/3270 3272/3272/3272 3273/3273/3273
f 3273/3273/3273 3272/3272/3272 3274/3274/3274
f 3273/3273/3273 3274/3274/3274 3275/3275/3275
f 3275/3275/3275 3274/3274/3274 3276/3276/3276
f 3275/3275/3275 3276/3276/3276 3277/3277/3277
f 3277/3277/3277 3276/3276/3276 3278/3278/3278
f 3277/3277/3277 3278/3278/3278 3279/3279/3279
f 2074/2074/2074 2077/2077/2077 3280/3280/3280
f 2074/2074/2074 3280/3280/3280 3281/3281/3281
f 3279/3279/3279 3278/3278/3278 3282/3282/3282
f 3279/3279/3279 3282/3282/3282 3283/3283/3283
f 3283/3283/3283 3282/3282/3282 3284/3284/3284
f 3283/3283/3283 3284/3284/3284 3285/3285/3285
f 3285/3285/3285 3284/3284/3284 3286/3286/3286
f 3285/3285/3285 3286/3286/3286 3287/3287/3287
f 3287/3287/3287 3286/3286/3286 3288/3288/3288
f 3287/3287/3287 3288/3288/3288 3289/3289/3289
f 3289/3289/3289 3288/3288/3288 3290/3290/3290
f 3289/3289/3289 3290/3290/3290 3291/3291/3291
f 3291/3291/3291 3290/3290/3290 3249/3249/3249
f 3291/3291/3291 3249/3249/3249 3248/3248/3248
f 3198/3198/3198 3292/3292/3292 3293/3293/3293
f 3198/3198/3198 3293/3293/3293 3212/3212/3212
f 3281/3281/3281 3280/3280/3280 3294/3294/3294
f 3281/3281/3281 3294/3294/3294 3295/3295/3295
f 3295/3295/3295 3294/3294/3294 3296/3296/3296
f 3295/3295/3295 3296/3296/3296 3297/3297/3297
f 3297/3297/3297 3296/3296/3296 3298/3298/3298
f 3297/3297/3297 3298/3298/3298 3299/3299/3299
f 3299/3299/3299 3298/3298/3298 3300/3300/3300
f 3299/3299/3299 3300/3300/3300 3301/3301/3301
f 3301/3301/3301 3300/3300/3300 3302/3302/3302
f 3301/3301/3301 3302/3302/3302 3303/3303/3303
f 3303/3303/3303 3302/3302/3302 3304/3304/3304
f 3303/3303/3303 3304/3304/3304 3305/3305/3305
f 3305/3305/3305 3304/3304/3304 3306/3306/3306
f 3305/3305/3305 3306/3306/3306 3307/3307/3307
f 3307/3307/3307 3306/3306/3306 3308/3308/3308
f 3307/3307/3307 3308/3308/3308 3309/3309/3309
f 3309/3309/3309 3308/3308/3308 3310/3310/3310
f 3309/3309/3309 3310/3310/3310 3311/3311/3311
f 3311/3311/3311 3310/3310/3310 3312/3312/3312
f 3311/3311/3311 3312/3312/3312 3313/3313/3313
f 3314/3314/3314 3315/3315/3315 3257/3257/3257
f 3314/3314/3314 3257/3257/3257 3256/3256/3256
f 3313/3313/3313 3312/3312/3312 3316/3316/3316
f 3313/3313/3313 3316/3316/3316 3317/3317/3317
f 3317/3317/3317 3316/3316/3316 3318/3318/3318
f 3317/3317/3317 3318/3318/3318 3319/3319/3319
f 3319/3319/3319 3318/3318/3318 3320/3320/3320
f 3319/3319/3319 3320/3320/3320 3321/3321/3321
f 3321/3321/3321 3320/3320/3320 3322/3322/3322
f 3321/3321/3321 3322/3322/3322 3323/3323/3323
f 3323/3323/3323 3322/3322/3322 3324/3324/3324
f 3323/3323/3323 3324/3324/3324 3325/3325/3325
f 3325/3325/3325 3324/3324/3324 3326/3326/3326
f 3325/3325/3325 3326/3326/3326 3327/3327/3327
f 3328/3328/3328 3329/3329/3329 3330/3330/3330
f 3328/3328/3328 3330/3330/3330 3331/3331/3331
f 3331/3331/3331 3330/3330/3330 3332/3332/3332
f 3331/3331/3331 3332/3332/3332 3333/3333/3333
f 3333/3333/3333 3332/3332/3332 3292/3292/3292
f 3333/3333/3333 3292/3292/3292 3198/3198/3198
f 2077/2077/2077 2131/2131/2131 3334/3334/3334
f 2077/2077/2077 3334/3334/3334 3280/3280/3280
f 2131/2131/2131 2133/2133/2133 3335/3335/3335
f 2131/2131/2131 3335/3335/3335 3334/3334/3334
f 2134/2134/2134 2137/2137/2137 3336/3336/3336
f 2134/2134/2134 3336/3336/3336 3337/3337/3337
f 2137/2137/2137 2138/2138/2138 3314/3314/3314
f 2137/2137/2137 3314/3314/3314 3336/3336/3336
f 3280/3280/3280 3334/3334/3334 3338/3338/3338
f 3280/3280/3280 3338/3338/3338 3294/3294/3294
f 3334/3334/3334 3335/3335/3335 3339/3339/3339
f 3334/3334/3334 3339/3339/3339 3338/3338/3338
f 3337/3337/3337 3336/3336/3336 3340/3340/3340
f 3337/3337/3337 3340/3340/3340 3341/3341/3341
f 3336/3336/3336 3314/3314/3314 3256/3256/3256
f 3336/3336/3336 3256/3256/3256 3340/3340/3340
f 3294/3294/3294 3338/3338/3338 3342/3342/3342
f 3294/3294/3294 3342/3342/3342 3296/3296/3296
f 3338/3338/3338 3339/3339/3339 3343/3343/3343
f 3338/3338/3338 3343/3343/3343 3342/3342/3342
f 3341/3341/3341 3340/3340/3340 3344/3344/3344
f 3341/3341/3341 3344/3344/3344 3345/3345/3345
f 3340/3340/3340 3256/3256/3256 3259/3259/3259
f 3340/3340/3340 3259/3259/3259 3344/3344/3344
f 3296/3296/3296 3342/3342/3342 3346/3346/3346
f 3296/3296/3296 3346/3346/3346 3298/3298/3298
f 3342/3342/3342 3343/3343/3343 3347/3347/3347
f 3342/3342/3342 3347/3347/3347 3346/3346/3346
f 3345/3345/3345 3344/3344/3344 3348/3348/3348
f 3345/3345/3345 3348/3348/3348 3349/3349/3349
f 3344/3344/3344 3259/3259/3259 3261/3261/3261
f 3344/3344/3344 3261/3261/3261 3348/3348/3348
f 3298/3298/3298 3346/3346/3346 3350/3350/3350
f 3298/3298/3298 3350/3350/3350 3300/3300/3300
f 3346/3346/3346 3347/3347/3347 3351/3351/3351
f 3346/3346/3346 3351/3351/3351 3350/3350/3350
f 3349/3349/3349 3348/3348/3348 3352/3352/3352
f 3349/3349/3349 3352/3352/3352 3353/3353/3353
f 3348/3348/3348 3261/3261/3261 3263/3263/3263
f 3348/3348/3348 3263/3263/3263 3352/3352/3352
f 3300/3300/3300 3350/3350/3350 3354/3354/3354
f 3300/3300/3300 3354/3354/3354 3302/3302/3302
f 3350/3350/3350 3351/3351/3351 3355/3355/3355
f 3350/3350/3350 3355/3355/3355 3354/3354/3354
f 3353/3353/3353 3352/3352/3352 3356/3356/3356
f 3353/3353/3353 3356/3356/3356 3357/3357/3357
f 3352/3352/3352 3263/3263/3263 3265/3265/3265
f 3352/3352/3352 3265/3265/3265 3356/3356/3356
f 3302/3302/3302 3354/3354/3354 3358/3358/3358
f 3302/3302/3302 3358/3358/3358 3304/3304/3304
f 3354/3354/3354 3355/3355/3355 3359/3359/3359
f 3354/3354/3354 3359/3359/3359 3358/3358/3358
f 3357/3357/3357 3356/3356/3356 3360/3360/3360
f 3357/3357/3357 3360/3360/3360 3361/3361/3361
f 3356/3356/3356 3265/3265/3265 3267/3267/3267
f 3356/3356/3356 3267/3267/3267 3360/3360/3360
f 3304/3304/3304 3358/3358/3358 3362/3362/3362
f 3304/3304/3304 3362/3362/3362 3306/3306/3306
f 3358/3358/3358 3359/3359/3359 3363/3363/3363
f 3358/3358/3358 3363/3363/3363 3362/3362/3362
f 3361/3361/3361 3360/3360/3360 3364/3364/3364
f 3361/3361/3361 3364/3364/3364 3365/3365/3365
f 3360/3360/3360 3267/3267/3267 3269/3269/3269
f 3360/3360/3360 3269/3269/3269 3364/3364/3364
f 3306/3306/3306 3362/3362/3362 3366/3366/3366
f 3306/3306/3306 3366/3366/3366 3308/3308/3308
f 3362/3362/3362 3363/3363/3363 3367/3367/3367
f 3362/3362/3362 3367/3367/3367 3366/3366/3366
f 3368/3368/3368 3369/3369/3369 3370/3370/3370
f 3368/3368/3368 3370/3370/3370 3371/3371/3371
f 3369/3369/3369 3270/3270/3270 3273/3273/3273
f 3369/3369/3369 3273/3273/3273 3370/3370/3370
f 3308/3308/3308 3366/3366/3366 3372/3372/3372
f 3308/3308/3308 3372/3372/3372 3310/3310/3310
f 3366/3366/3366 3367/3367/3367 3373/3373/3373
f 3366/3366/3366 3373/3373/3373 3372/3372/3372
f 3371/3371/3371 3370/3370/3370 3374/3374/3374
f 3371/3371/3371 3374/3374/3374 3375/3375/3375
f 3370/3370/3370 3273/3273/3273 3275/3275/3275
f 3370/3370/3370 3275/3275/3275 3374/3374/3374
f 3310/3310/3310 3372/3372/3372 3376/3376/3376
f 3310/3310/3310 3376/3376/3376 3312/3312/3312
f 3372/3372/3372 3373/3373/3373 3377/3377/3377
f 3372/3372/3372 3377/3377/3377 3376/3376/3376
f 3375/3375/3375 3374/3374/3374 3378/3378/3378
f 3375/3375/3375 3378/3378/3378 3379/3379/3379
f 3374/3374/3374 3275/3275/3275 3277/3277/3277
f 3374/3374/3374 3277/3277/3277 3378/3378/3378
f 3312/3312/3312 3376/3376/3376 3380/3380/3380
f 3312/3312/3312 3380/3380/3380 3316/3316/3316
f 3381/3381/3381 3379/3379/3379 3382/3382/3382
f 3381/3381/3381 3382/3382/3382 3383/3383/3383
f 3379/3379/3379 3378/3378/3378 3384/3384/3384
f 3379/3379/3379 3384/3384/3384 3382/3382/3382
f 3378/3378/3378 3277/3277/3277 3279/3279/3279
f 3378/3378/3378 3279/3279/3279 3384/3384/3384
f 3316/3316/3316 3380/3380/3380 3385/3385/3385
f 3316/3316/3316 3385/3385/3385 3318/3318/3318
f 3383/3383/3383 3382/3382/3382 3386/3386/3386
f 3383/3383/3383 3386/3386/3386 3387/3387/3387
f 3382/3382/3382 3384/3384/3384 3388/3388/3388
f 3382/3382/3382 3388/3388/3388 3386/3386/3386
f 3384/3384/3384 3279/3279/3279 3283/3283/3283
f 3384/3384/3384 3283/3283/3283 3388/3388/3388
f 3318/3318/3318 3385/3385/3385 3389/3389/3389
f 3318/3318/3318 3389/3389/3389 3320/3320/3320
f 3387/3387/3387 3386/3386/3386 3390/3390/3390
f 3387/3387/3387 3390/3390/3390 3391/3391/3391
f 3386/3386/3386 3388/3388/3388 3392/3392/3392
f 3386/3386/3386 3392/3392/3392 3390/3390/3390
f 3388/3388/3388 3283/3283/3283 3285/3285/3285
f 3388/3388/3388 3285/3285/3285 3392/3392/3392
f 3320/3320/3320 3389/3389/3389 3393/3393/3393
f 3320/3320/3320 3393/3393/3393 3322/3322/3322
f 3391/3391/3391 3390/3390/3390 3394/3394/3394
f 3391/3391/3391 3394/3394/3394 3395/3395/3395
f 3390/3390/3390 3392/3392/3392 3396/3396/3396
f 3390/3390/3390 3396/3396/3396 3394/3394/3394
f 3392/3392/3392 3285/3285/3285 3287/3287/3287
f 3392/3392/3392 3287/3287/3287 3396/3396/3396
f 3397/3397/3397 3395/3395/3395 3398/3398/3398
f 3397/3397/3397 3398/3398/3398 3399/3399/3399
f 3395/3395/3395 3394/3394/3394 3400/3400/3400
f 3395/3395/3395 3400/3400/3400 3398/3398/3398
f 3394/3394/3394 3396/3396/3396 3401/3401/3401
f 3394/3394/3394 3401/3401/3401 3400/3400/3400
f 3396/3396/3396 3287/3287/3287 3289/3289/3289
f 3396/3396/3396 3289/3289/3289 3401/3401/3401
f 3399/3399/3399 3398/3398/3398 3402/3402/3402
f 3399/3399/3399 3402/3402/3402 3329/3329/3329
f 3398/3398/3398 3400/3400/3400 3403/3403/3403
f 3398/3398/3398 3403/3403/3403 3402/3402/3402
f 3400/3400/3400 3401/3401/3401 3404/3404/3404
f 3400/3400/3400 3404/3404/3404 3403/3403/3403
f 3401/3401/3401 3289/3289/3289 3291/3291/3291
f 3401/3401/3401 3291/3291/3291 3404/3404/3404
f 3329/3329/3329 3402/3402/3402 3405/3405/3405
f 3329/3329/3329 3405/3405/3405 3330/3330/3330
f 3402/3402/3402 3403/3403/3403 3406/3406/3406
f 3402/3402/3402 3406/3406/3406 3405/3405/3405
f 3403/3403/3403 3404/3404/3404 3407/3407/3407
f 3403/3403/3403 3407/3407/3407 3406/3406/3406
f 3404/3404/3404 3291/3291/3291 3248/3248/3248
f 3404/3404/3404 3248/3248/3248 3407/3407/3407
f 3330/3330/3330 3405/3405/3405 3408/3408/3408
f 3330/3330/3330 3408/3408/3408 3332/3332/3332
f 3405/3405/3405 3406/3406/3406 3409/3409/3409
f 3405/3405/3405 3409/3409/3409 3408/3408/3408
f 3406/3406/3406 3407/3407/3407 3410/3410/3410
f 3406/3406/3406 3410/3410/3410 3409/3409/3409
f 3407/3407/3407 3248/3248/3248 3251/3251/3251
f 3407/3407/3407 3251/3251/3251 3410/3410/3410
f 3332/3332/3332 3408/3408/3408 3411/3411/3411
f 3332/3332/3332 3411/3411/3411 3292/3292/3292
f 3408/3408/3408 3409/3409/3409 3412/3412/3412
f 3408/3408/3408 3412/3412/3412 3411/3411/3411
f 3409/3409/3409 3410/3410/3410 3413/3413/3413
f 3409/3409/3409 3413/3413/3413 3412/3412/3412
f 3410/3410/3410 3251/3251/3251 3253/3253/3253
f 3410/3410/3410 3253/3253/3253 3413/3413/3413
f 3292/3292/3292 3411/3411/3411 3414/3414/3414
f 3292/3292/3292 3414/3414/3414 3293/3293/3293
f 3411/3411/3411 3412/3412/3412 3415/3415/3415
f 3411/3411/3411 3415/3415/3415 3414/3414/3414
f 3412/3412/3412 3413/3413/3413 3416/3416/3416
f 3412/3412/3412 3416/3416/3416 3415/3415/3415
f 3413/3413/3413 3253/3253/3253 3255/3255/3255
f 3413/3413/3413 3255/3255/3255 3416/3416/3416
f 2138/2138/2138 2219/2219/2219 3315/3315/3315
f 2138/2138/2138 3315/3315/3315 3314/3314/3314
f 3212/3212/3212 3293/3293/3293 3224/3224/3224
f 3212/3212/3212 3224/3224/3224 3214/3214/3214
f 3228/3228/3228 3227/3227/3227 3417/3417/3417
f 3228/3228/3228 3417/3417/3417 3418/3418/3418
f 3254/3254/3254 3419/3419/3419 3420/3420/3420
f 3254/3254/3254 3420/3420/3420 3255/3255/3255
f 3255/3255/3255 3420/3420/3420 3421/3421/3421
f 3255/3255/3255 3421/3421/3421 3416/3416/3416
f 3415/3415/3415 3422/3422/3422 3423/3423/3423
f 3415/3415/3415 3423/3423/3423 3414/3414/3414
f 3416/3416/3416 3421/3421/3421 3422/3422/3422
f 3416/3416/3416 3422/3422/3422 3415/3415/3415
f 3424/3424/3424 3425/3425/3425 3426/3426/3426
f 3424/3424/3424 3426/3426/3426 3427/3427/3427
f 3427/3427/3427 3426/3426/3426 3428/3428/3428
f 3427/3427/3427 3428/3428/3428 3429/3429/3429
f 3430/3430/3430 3431/3431/3431 3432/3432/3432
f 3430/3430/3430 3432/3432/3432 3433/3433/3433
f 3429/3429/3429 3428/3428/3428 3434/3434/3434
f 3429/3429/3429 3434/3434/3434 3435/3435/3435
f 3433/3433/3433 3432/3432/3432 3425/3425/3425
f 3433/3433/3433 3425/3425/3425 3424/3424/3424
f 3436/3436/3436 3437/3437/3437 3438/3438/3438
f 3436/3436/3436 3438/3438/3438 3439/3439/3439
f 3437/3437/3437 3440/3440/3440 3441/3441/3441
f 3437/3437/3437 3441/3441/3441 3438/3438/3438
f 3440/3440/3440 3442/3442/3442 3443/3443/3443
f 3440/3440/3440 3443/3443/3443 3441/3441/3441
f 3442/3442/3442 3444/3444/3444 3445/3445/3445
f 3442/3442/3442 3445/3445/3445 3443/3443/3443
f 3444/3444/3444 3446/3446/3446 3447/3447/3447
f 3444/3444/3444 3447/3447/3447 3445/3445/3445
f 3446/3446/3446 3448/3448/3448 3449/3449/3449
f 3446/3446/3446 3449/3449/3449 3447/3447/3447
f 3448/3448/3448 3450/3450/3450 3451/3451/3451
f 3448/3448/3448 3451/3451/3451 3449/3449/3449
f 3450/3450/3450 3452/3452/3452 3453/3453/3453
f 3450/3450/3450 3453/3453/3453 3451/3451/3451
f 3454/3454/3454 3455/3455/3455 3456/3456/3456
f 3454/3454/3454 3456/3456/3456 3457/3457/3457
f 3455/3455/3455 3458/3458/3458 3459/3459/3459
f 3455/3455/3455 3459/3459/3459 3456/3456/3456
f 3458/3458/3458 3460/3460/3460 3461/3461/3461
f 3458/3458/3458 3461/3461/3461 3459/3459/3459
f 3460/3460/3460 3462/3462/3462 3463/3463/3463
f 3460/3460/3460 3463/3463/3463 3461/3461/3461
f 3462/3462/3462 3464/3464/3464 3465/3465/3465
f 3462/3462/3462 3465/3465/3465 3463/3463/3463
f 3464/3464/3464 3466/3466/3466 3467/3467/3467
f 3464/3464/3464 3467/3467/3467 3465/3465/3465
f 3466/3466/3466 3468/3468/3468 3469/3469/3469
f 3466/3466/3466 3469/3469/3469 3467/3467/3467
f 3468/3468/3468 2274/2274/2274 2273/2273/2273
f 3468/3468/3468 2273/2273/2273 3469/3469/3469
f 3470/3470/3470 3471/3471/3471 3472/3472/3472
f 3470/3470/3470 3472/3472/3472 3473/3473/3473
f 3474/3474/3474 3475/3475/3475 3476/3476/3476
f 3474/3474/3474 3476/3476/3476 3477/3477/3477
f 3478/3478/3478 3479/3479/3479 3480/3480/3480
f 3478/3478/3478 3480/3480/3480 3481/3481/3481
f 3482/3482/3482 3483/3483/3483 3484/3484/3484
f 3482/3482/3482 3484/3484/3484 3485/3485/3485
f 3486/3486/3486 3487/3487/3487 3488/3488/3488
f 3486/3486/3486 3488/3488/3488 3489/3489/3489
f 3470/3470/3470 3486/3486/3486 3489/3489/3489
f 3470/3470/3470 3489/3489/3489 3471/3471/3471
f 3490/3490/3490 3491/3491/3491 3492/3492/3492
f 3490/3490/3490 3492/3492/3492 3493/3493/3493
f 3494/3494/3494 3490/3490/3490 3493/3493/3493
f 3494/3494/3494 3493/3493/3493 3495/3495/3495
f 3483/3483/3483 3496/3496/3496 3497/3497/3497
f 3483/3483/3483 3497/3497/3497 3484/3484/3484
f 3492/3492/3492 3491/3491/3491 3497/3497/3497
f 3492/3492/3492 3497/3497/3497 3496/3496/3496
f 3480/3480/3480 3474/3474/3474 3477/3477/3477
f 3480/3480/3480 3477/3477/3477 3481/3481/3481
f 3498/3498/3498 3499/3499/3499 3500/3500/3500
f 3498/3498/3498 3500/3500/3500 3501/3501/3501
f 3499/3499/3499 3502/3502/3502 3503/3503/3503
f 3499/3499/3499 3503/3503/3503 3500/3500/3500
f 3504/3504/3504 3505/3505/3505 3506/3506/3506
f 3504/3504/3504 3506/3506/3506 3507/3507/3507
f 3505/3505/3505 3471/3471/3471 3489/3489/3489
f 3505/3505/3505 3489/3489/3489 3506/3506/3506
f 3501/3501/3501 3500/3500/3500 3508/3508/3508
f 3501/3501/3501 3508/3508/3508 3509/3509/3509
f 3500/3500/3500 3503/3503/3503 3510/3510/3510
f 3500/3500/3500 3510/3510/3510 3508/3508/3508
f 3507/3507/3507 3506/3506/3506 3511/3511/3511
f 3507/3507/3507 3511/3511/3511 3512/3512/3512
f 3506/3506/3506 3489/3489/3489 3488/3488/3488
f 3506/3506/3506 3488/3488/3488 3511/3511/3511
f 3509/3509/3509 3508/3508/3508 3513/3513/3513
f 3509/3509/3509 3513/3513/3513 3514/3514/3514
f 3508/3508/3508 3510/3510/3510 3515/3515/3515
f 3508/3508/3508 3515/3515/3515 3513/3513/3513
f 3516/3516/3516 3517/3517/3517 3518/3518/3518
f 3516/3516/3516 3518/3518/3518 3519/3519/3519
f 3517/3517/3517 3485/3485/3485 3484/3484/3484
f 3517/3517/3517 3484/3484/3484 3518/3518/3518
f 3514/3514/3514 3513/3513/3513 3520/3520/3520
f 3514/3514/3514 3520/3520/3520 3521/3521/3521
f 3513/3513/3513 3515/3515/3515 3522/3522/3522
f 3513/3513/3513 3522/3522/3522 3520/3520/3520
f 3519/3519/3519 3518/3518/3518 3523/3523/3523
f 3519/3519/3519 3523/3523/3523 3524/3524/3524
f 3518/3518/3518 3484/3484/3484 3497/3497/3497
f 3518/3518/3518 3497/3497/3497 3523/3523/3523
f 3525/3525/3525 3526/3526/3526 3527/3527/3527
f 3525/3525/3525 3527/3527/3527 3528/3528/3528
f 3526/3526/3526 3529/3529/3529 3530/3530/3530
f 3526/3526/3526 3530/3530/3530 3527/3527/3527
f 3531/3531/3531 3532/3532/3532 3533/3533/3533
f 3531/3531/3531 3533/3533/3533 3534/3534/3534
f 3532/3532/3532 3474/3474/3474 3480/3480/3480
f 3532/3532/3532 3480/3480/3480 3533/3533/3533
f 3535/3535/3535 3536/3536/3536 3526/3526/3526
f 3535/3535/3535 3526/3526/3526 3525/3525/3525
f 3536/3536/3536 3537/3537/3537 3529/3529/3529
f 3536/3536/3536 3529/3529/3529 3526/3526/3526
f 3538/3538/3538 3539/3539/3539 3532/3532/3532
f 3538/3538/3538 3532/3532/3532 3531/3531/3531
f 3539/3539/3539 3475/3475/3475 3474/3474/3474
f 3539/3539/3539 3474/3474/3474 3532/3532/3532
f 3540/3540/3540 3541/3541/3541 3536/3536/3536
f 3540/3540/3540 3536/3536/3536 3535/3535/3535
f 3541/3541/3541 3542/3542/3542 3537/3537/3537
f 3541/3541/3541 3537/3537/3537 3536/3536/3536
f 3543/3543/3543 3544/3544/3544 3545/3545/3545
f 3543/3543/3543 3545/3545/3545 3546/3546/3546
f 3544/3544/3544 3490/3490/3490 3494/3494/3494
f 3544/3544/3544 3494/3494/3494 3545/3545/3545
f 3547/3547/3547 3548/3548/3548 3541/3541/3541
f 3547/3547/3547 3541/3541/3541 3540/3540/3540
f 3548/3548/3548 3549/3549/3549 3542/3542/3542
f 3548/3548/3548 3542/3542/3542 3541/3541/3541
f 3550/3550/3550 3551/3551/3551 3544/3544/3544
f 3550/3550/3550 3544/3544/3544 3543/3543/3543
f 3551/3551/3551 3491/3491/3491 3490/3490/3490
f 3551/3551/3551 3490/3490/3490 3544/3544/3544
f 3528/3528/3528 3527/3527/3527 3552/3552/3552
f 3528/3528/3528 3552/3552/3552 3553/3553/3553
f 3527/3527/3527 3530/3530/3530 3554/3554/3554
f 3527/3527/3527 3554/3554/3554 3552/3552/3552
f 3534/3534/3534 3533/3533/3533 3555/3555/3555
f 3534/3534/3534 3555/3555/3555 3556/3556/3556
f 3533/3533/3533 3480/3480/3480 3479/3479/3479
f 3533/3533/3533 3479/3479/3479 3555/3555/3555
f 3521/3521/3521 3520/3520/3520 3548/3548/3548
f 3521/3521/3521 3548/3548/3548 3547/3547/3547
f 3520/3520/3520 3522/3522/3522 3549/3549/3549
f 3520/3520/3520 3549/3549/3549 3548/3548/3548
f 3524/3524/3524 3523/3523/3523 3551/3551/3551
f 3524/3524/3524 3551/3551/3551 3550/3550/3550
f 3523/3523/3523 3497/3497/3497 3491/3491/3491
f 3523/3523/3523 3491/3491/3491 3551/3551/3551
f 3557/3557/3557 3558/3558/3558 3499/3499/3499
f 3557/3557/3557 3499/3499/3499 3498/3498/3498
f 3558/3558/3558 3559/3559/3559 3502/3502/3502
f 3558/3558/3558 3502/3502/3502 3499/3499/3499
f 3560/3560/3560 3561/3561/3561 3505/3505/3505
f 3560/3560/3560 3505/3505/3505 3504/3504/3504
f 3561/3561/3561 3472/3472/3472 3471/3471/3471
f 3561/3561/3561 3471/3471/3471 3505/3505/3505
f 3562/3562/3562 3563/3563/3563 3564/3564/3564
f 3562/3562/3562 3564/3564/3564 3565/3565/3565
f 3565/3565/3565 3564/3564/3564 3566/3566/3566
f 3565/3565/3565 3566/3566/3566 3567/3567/3567
f 3567/3567/3567 3566/3566/3566 3568/3568/3568
f 3567/3567/3567 3568/3568/3568 3569/3569/3569
f 3570/3570/3570 3571/3571/3571 3563/3563/3563
f 3570/3570/3570 3563/3563/3563 3562/3562/3562
f 3572/3572/3572 3573/3573/3573 3574/3574/3574
f 3572/3572/3572 3574/3574/3574 3575/3575/3575
f 3576/3576/3576 3577/3577/3577 3573/3573/3573
f 3576/3576/3576 3573/3573/3573 3572/3572/3572
f 3578/3578/3578 3579/3579/3579 3577/3577/3577
f 3578/3578/3578 3577/3577/3577 3576/3576/3576
f 3580/3580/3580 3581/3581/3581 3575/3575/3575
f 3580/3580/3580 3575/3575/3575 3574/3574/3574
f 3582/3582/3582 3583/3583/3583 3584/3584/3584
f 3582/3582/3582 3584/3584/3584 3578/3578/3578
f 3569/3569/3569 3585/3585/3585 3586/3586/3586
f 3569/3569/3569 3586/3586/3586 3587/3587/3587
f 3587/3587/3587 3586/3586/3586 3583/3583/3583
f 3587/3587/3587 3583/3583/3583 3582/3582/3582
f 3578/3578/3578 3584/3584/3584 3588/3588/3588
f 3578/3578/3578 3588/3588/3588 3579/3579/3579
f 3568/3568/3568 3589/3589/3589 3585/3585/3585
f 3568/3568/3568 3585/3585/3585 3569/3569/3569
f 3590/3590/3590 3591/3591/3591 3592/3592/3592
f 3590/3590/3590 3592/3592/3592 3593/3593/3593
f 3594/3594/3594 3595/3595/3595 3596/3596/3596
f 3594/3594/3594 3596/3596/3596 3597/3597/3597
f 3598/3598/3598 3599/3599/3599 3600/3600/3600
f 3598/3598/3598 3600/3600/3600 3601/3601/3601
f 3593/3593/3593 3592/3592/3592 3602/3602/3602
f 3593/3593/3593 3602/3602/3602 3603/3603/3603
f 3603/3603/3603 3602/3602/3602 3604/3604/3604
f 3603/3603/3603 3604/3604/3604 3605/3605/3605
f 3605/3605/3605 3604/3604/3604 3606/3606/3606
f 3605/3605/3605 3606/3606/3606 3607/3607/3607
f 3607/3607/3607 3606/3606/3606 3608/3608/3608
f 3607/3607/3607 3608/3608/3608 3609/3609/3609
f 3610/3610/3610 3611/3611/3611 3612/3612/3612
f 3610/3610/3610 3612/3612/3612 3613/3613/3613
f 3609/3609/3609 3608/3608/3608 3614/3614/3614
f 3609/3609/3609 3614/3614/3614 3615/3615/3615
f 3616/3616/3616 3617/3617/3617 3618/3618/3618
f 3616/3616/3616 3618/3618/3618 3619/3619/3619
f 3615/3615/3615 3614/3614/3614 2426/2426/2426
f 3615/3615/3615 2426/2426/2426 2425/2425/2425
f 3620/3620/3620 3621/3621/3621 3622/3622/3622
f 3620/3620/3620 3622/3622/3622 3623/3623/3623
f 3624/3624/3624 3625/3625/3625 3626/3626/3626
f 3624/3624/3624 3626/3626/3626 3627/3627/3627
f 3628/3628/3628 3629/3629/3629 3630/3630/3630
f 3628/3628/3628 3630/3630/3630 3631/3631/3631
f 3632/3632/3632 3633/3633/3633 3634/3634/3634
f 3632/3632/3632 3634/3634/3634 3635/3635/3635
f 3636/3636/3636 3637/3637/3637 3638/3638/3638
f 3636/3636/3636 3638/3638/3638 3639/3639/3639
f 3640/3640/3640 3641/3641/3641 3642/3642/3642
f 3640/3640/3640 3642/3642/3642 3643/3643/3643
f 3644/3644/3644 3645/3645/3645 3646/3646/3646
f 3644/3644/3644 3646/3646/3646 3647/3647/3647
f 3648/3648/3648 3649/3649/3649 3650/3650/3650
f 3648/3648/3648 3650/3650/3650 3651/3651/3651
f 3652/3652/3652 3653/3653/3653 3654/3654/3654
f 3652/3652/3652 3654/3654/3654 3655/3655/3655
f 3656/3656/3656 3657/3657/3657 3658/3658/3658
f 3656/3656/3656 3658/3658/3658 3659/3659/3659
f 3660/3660/3660 3661/3661/3661 3662/3662/3662
f 3660/3660/3660 3662/3662/3662 3663/3663/3663
f 3664/3664/3664 3665/3665/3665 3666/3666/3666
f 3664/3664/3664 3666/3666/3666 3667/3667/3667
f 3668/3668/3668 3669/3669/3669 3670/3670/3670
f 3668/3668/3668 3670/3670/3670 3671/3671/3671
f 3672/3672/3672 3673/3673/3673 3674/3674/3674
f 3672/3672/3672 3674/3674/3674 3675/3675/3675
f 3676/3676/3676 3677/3677/3677 3678/3678/3678
f 3676/3676/3676 3678/3678/3678 3679/3679/3679
f 3675/3675/3675 3674/3674/3674 3680/3680/3680
f 3675/3675/3675 3680/3680/3680 3681/3681/3681
f 3682/3682/3682 3683/3683/3683 3684/3684/3684
f 3682/3682/3682 3684/3684/3684 3685/3685/3685
f 3681/3681/3681 3680/3680/3680 3686/3686/3686
f 3681/3681/3681 3686/3686/3686 3687/3687/3687
f 3688/3688/3688 3689/3689/3689 3690/3690/3690
f 3688/3688/3688 3690/3690/3690 3691/3691/3691
f 3687/3687/3687 3686/3686/3686 3692/3692/3692
f 3687/3687/3687 3692/3692/3692 3693/3693/3693
f 3694/3694/3694 3695/3695/3695 3696/3696/3696
f 3694/3694/3694 3696/3696/3696 3697/3697/3697
f 3693/3693/3693 3692/3692/3692 3698/3698/3698
f 3693/3693/3693 3698/3698/3698 3699/3699/3699
f 3691/3691/3691 3690/3690/3690 3595/3595/3595
f 3691/3691/3691 3595/3595/3595 3594/3594/3594
f 3699/3699/3699 3698/3698/3698 3700/3700/3700
f 3699/3699/3699 3700/3700/3700 3701/3701/3701
f 3702/3702/3702 3703/3703/3703 3591/3591/3591
f 3702/3702/3702 3591/3591/3591 3590/3590/3590
f 3444/3444/3444 3704/3704/3704 3705/3705/3705
f 3444/3444/3444 3705/3705/3705 3446/3446/3446
f 3252/3252/3252 3706/3706/3706 3707/3707/3707
f 3252/3252/3252 3707/3707/3707 3254/3254/3254
f 3446/3446/3446 3705/3705/3705 3708/3708/3708
f 3446/3446/3446 3708/3708/3708 3448/3448/3448
f 3709/3709/3709 3710/3710/3710 3711/3711/3711
f 3709/3709/3709 3711/3711/3711 3712/3712/3712
f 3448/3448/3448 3708/3708/3708 3713/3713/3713
f 3448/3448/3448 3713/3713/3713 3450/3450/3450
f 3714/3714/3714 3715/3715/3715 3716/3716/3716
f 3714/3714/3714 3716/3716/3716 3436/3436/3436
f 3450/3450/3450 3713/3713/3713 3717/3717/3717
f 3450/3450/3450 3717/3717/3717 3452/3452/3452
f 3712/3712/3712 3711/3711/3711 3715/3715/3715
f 3712/3712/3712 3715/3715/3715 3714/3714/3714
f 3454/3454/3454 3718/3718/3718 3719/3719/3719
f 3454/3454/3454 3719/3719/3719 3455/3455/3455
f 3254/3254/3254 3707/3707/3707 3720/3720/3720
f 3254/3254/3254 3720/3720/3720 3721/3721/3721
f 3455/3455/3455 3719/3719/3719 3722/3722/3722
f 3455/3455/3455 3722/3722/3722 3458/3458/3458
f 3458/3458/3458 3722/3722/3722 3723/3723/3723
f 3458/3458/3458 3723/3723/3723 3460/3460/3460
f 2219/2219/2219 2532/2532/2532 3724/3724/3724
f 2219/2219/2219 3724/3724/3724 3315/3315/3315
f 3460/3460/3460 3723/3723/3723 3725/3725/3725
f 3460/3460/3460 3725/3725/3725 3462/3462/3462
f 3315/3315/3315 3724/3724/3724 3726/3726/3726
f 3315/3315/3315 3726/3726/3726 3257/3257/3257
f 3462/3462/3462 3725/3725/3725 3727/3727/3727
f 3462/3462/3462 3727/3727/3727 3464/3464/3464
f 3257/3257/3257 3726/3726/3726 3728/3728/3728
f 3257/3257/3257 3728/3728/3728 3258/3258/3258
f 3464/3464/3464 3727/3727/3727 3729/3729/3729
f 3464/3464/3464 3729/3729/3729 3466/3466/3466
f 3258/3258/3258 3728/3728/3728 3730/3730/3730
f 3258/3258/3258 3730/3730/3730 3260/3260/3260
f 3466/3466/3466 3729/3729/3729 3731/3731/3731
f 3466/3466/3466 3731/3731/3731 3468/3468/3468
f 3260/3260/3260 3730/3730/3730 3732/3732/3732
f 3260/3260/3260 3732/3732/3732 3262/3262/3262
f 3468/3468/3468 3731/3731/3731 2541/2541/2541
f 3468/3468/3468 2541/2541/2541 2274/2274/2274
f 3262/3262/3262 3732/3732/3732 3733/3733/3733
f 3262/3262/3262 3733/3733/3733 3264/3264/3264
f 3264/3264/3264 3733/3733/3733 3734/3734/3734
f 3264/3264/3264 3734/3734/3734 3266/3266/3266
f 3266/3266/3266 3734/3734/3734 3735/3735/3735
f 3266/3266/3266 3735/3735/3735 3268/3268/3268
f 3271/3271/3271 3736/3736/3736 3737/3737/3737
f 3271/3271/3271 3737/3737/3737 3272/3272/3272
f 3272/3272/3272 3737/3737/3737 3738/3738/3738
f 3272/3272/3272 3738/3738/3738 3274/3274/3274
f 3274/3274/3274 3738/3738/3738 3739/3739/3739
f 3274/3274/3274 3739/3739/3739 3276/3276/3276
f 3276/3276/3276 3739/3739/3739 3740/3740/3740
f 3276/3276/3276 3740/3740/3740 3278/3278/3278
f 3278/3278/3278 3740/3740/3740 3741/3741/3741
f 3278/3278/3278 3741/3741/3741 3282/3282/3282
f 3742/3742/3742 3743/3743/3743 3744/3744/3744
f 3742/3742/3742 3744/3744/3744 3745/3745/3745
f 3282/3282/3282 3741/3741/3741 3746/3746/3746
f 3282/3282/3282 3746/3746/3746 3284/3284/3284
f 3284/3284/3284 3746/3746/3746 3747/3747/3747
f 3284/3284/3284 3747/3747/3747 3286/3286/3286
f 3745/3745/3745 3744/3744/3744 3673/3673/3673
f 3745/3745/3745 3673/3673/3673 3672/3672/3672
f 3286/3286/3286 3747/3747/3747 3748/3748/3748
f 3286/3286/3286 3748/3748/3748 3288/3288/3288
f 3436/3436/3436 3716/3716/3716 3749/3749/3749
f 3436/3436/3436 3749/3749/3749 3437/3437/3437
f 3288/3288/3288 3748/3748/3748 3750/3750/3750
f 3288/3288/3288 3750/3750/3750 3290/3290/3290
f 3437/3437/3437 3749/3749/3749 3751/3751/3751
f 3437/3437/3437 3751/3751/3751 3440/3440/3440
f 3290/3290/3290 3750/3750/3750 3752/3752/3752
f 3290/3290/3290 3752/3752/3752 3249/3249/3249
f 3440/3440/3440 3751/3751/3751 3753/3753/3753
f 3440/3440/3440 3753/3753/3753 3442/3442/3442
f 3249/3249/3249 3752/3752/3752 3754/3754/3754
f 3249/3249/3249 3754/3754/3754 3250/3250/3250
f 3442/3442/3442 3753/3753/3753 3704/3704/3704
f 3442/3442/3442 3704/3704/3704 3444/3444/3444
f 3250/3250/3250 3754/3754/3754 3706/3706/3706
f 3250/3250/3250 3706/3706/3706 3252/3252/3252
f 3643/3643/3643 3642/3642/3642 3649/3649/3649
f 3643/3643/3643 3649/3649/3649 3648/3648/3648
f 3655/3655/3655 3654/3654/3654 3661/3661/3661
f 3655/3655/3655 3661/3661/3661 3660/3660/3660
f 3651/3651/3651 3650/3650/3650 3657/3657/3657
f 3651/3651/3651 3657/3657/3657 3656/3656/3656
f 3663/3663/3663 3662/3662/3662 3669/3669/3669
f 3663/3663/3663 3669/3669/3669 3668/3668/3668
f 3659/3659/3659 3658/3658/3658 3665/3665/3665
f 3659/3659/3659 3665/3665/3665 3664/3664/3664
f 3671/3671/3671 3670/3670/3670 3683/3683/3683
f 3671/3671/3671 3683/3683/3683 3682/3682/3682
f 3755/3755/3755 3756/3756/3756 3757/3757/3757
f 3755/3755/3755 3757/3757/3757 3758/3758/3758
f 3667/3667/3667 3666/3666/3666 3677/3677/3677
f 3667/3667/3667 3677/3677/3677 3676/3676/3676
f 3758/3758/3758 3757/3757/3757 3759/3759/3759
f 3758/3758/3758 3759/3759/3759 3760/3760/3760
f 3685/3685/3685 3684/3684/3684 3695/3695/3695
f 3685/3685/3685 3695/3695/3695 3694/3694/3694
f 3760/3760/3760 3759/3759/3759 3761/3761/3761
f 3760/3760/3760 3761/3761/3761 3762/3762/3762
f 3679/3679/3679 3678/3678/3678 3689/3689/3689
f 3679/3679/3679 3689/3689/3689 3688/3688/3688
f 3762/3762/3762 3761/3761/3761 3763/3763/3763
f 3762/3762/3762 3763/3763/3763 3764/3764/3764
f 3697/3697/3697 3696/3696/3696 3765/3765/3765
f 3697/3697/3697 3765/3765/3765 3766/3766/3766
f 3764/3764/3764 3763/3763/3763 3767/3767/3767
f 3764/3764/3764 3767/3767/3767 3768/3768/3768
f 2578/2578/2578 2581/2581/2581 3769/3769/3769
f 2578/2578/2578 3769/3769/3769 3770/3770/3770
f 3768/3768/3768 3767/3767/3767 3771/3771/3771
f 3768/3768/3768 3771/3771/3771 3772/3772/3772
f 3773/3773/3773 3774/3774/3774 3775/3775/3775
f 3773/3773/3773 3775/3775/3775 3776/3776/3776
f 3772/3772/3772 3771/3771/3771 3777/3777/3777
f 3772/3772/3772 3777/3777/3777 3778/3778/3778
f 3597/3597/3597 3596/3596/3596 3779/3779/3779
f 3597/3597/3597 3779/3779/3779 3780/3780/3780
f 3778/3778/3778 3777/3777/3777 3781/3781/3781
f 3778/3778/3778 3781/3781/3781 3782/3782/3782
f 3783/3783/3783 3784/3784/3784 3756/3756/3756
f 3783/3783/3783 3756/3756/3756 3755/3755/3755
f 3770/3770/3770 3769/3769/3769 3599/3599/3599
f 3770/3770/3770 3599/3599/3599 3598/3598/3598
f 3782/3782/3782 3781/3781/3781 3785/3785/3785
f 3782/3782/3782 3785/3785/3785 3786/3786/3786
f 3766/3766/3766 3765/3765/3765 3774/3774/3774
f 3766/3766/3766 3774/3774/3774 3773/3773/3773
f 3786/3786/3786 3785/3785/3785 3787/3787/3787
f 3786/3786/3786 3787/3787/3787 3788/3788/3788
f 3788/3788/3788 3787/3787/3787 3789/3789/3789
f 3788/3788/3788 3789/3789/3789 3790/3790/3790
f 2602/2602/2602 2603/2603/2603 3611/3611/3611
f 2602/2602/2602 3611/3611/3611 3610/3610/3610
f 3790/3790/3790 3789/3789/3789 3791/3791/3791
f 3790/3790/3790 3791/3791/3791 3792/3792/3792
f 3613/3613/3613 3612/3612/3612 3621/3621/3621
f 3613/3613/3613 3621/3621/3621 3620/3620/3620
f 3792/3792/3792 3791/3791/3791 3793/3793/3793
f 3792/3792/3792 3793/3793/3793 3794/3794/3794
f 3601/3601/3601 3600/3600/3600 3617/3617/3617
f 3601/3601/3601 3617/3617/3617 3616/3616/3616
f 3794/3794/3794 3793/3793/3793 3795/3795/3795
f 3794/3794/3794 3795/3795/3795 3796/3796/3796
f 3623/3623/3623 3622/3622/3622 3629/3629/3629
f 3623/3623/3623 3629/3629/3629 3628/3628/3628
f 3796/3796/3796 3795/3795/3795 3797/3797/3797
f 3796/3796/3796 3797/3797/3797 3798/3798/3798
f 3619/3619/3619 3618/3618/3618 3625/3625/3625
f 3619/3619/3619 3625/3625/3625 3624/3624/3624
f 3798/3798/3798 3797/3797/3797 2613/2613/2613
f 3798/3798/3798 2613/2613/2613 2612/2612/2612
f 3631/3631/3631 3630/3630/3630 3637/3637/3637
f 3631/3631/3631 3637/3637/3637 3636/3636/3636
f 3627/3627/3627 3626/3626/3626 3799/3799/3799
f 3627/3627/3627 3799/3799/3799 3800/3800/3800
f 3639/3639/3639 3638/3638/3638 3645/3645/3645
f 3639/3639/3639 3645/3645/3645 3644/3644/3644
f 3635/3635/3635 3634/3634/3634 3641/3641/3641
f 3635/3635/3635 3641/3641/3641 3640/3640/3640
f 3647/3647/3647 3646/3646/3646 3653/3653/3653
f 3647/3647/3647 3653/3653/3653 3652/3652/3652
f 3711/3711/3711 3801/3801/3801 3802/3802/3802
f 3711/3711/3711 3802/3802/3802 3715/3715/3715
f 3801/3801/3801 3803/3803/3803 3804/3804/3804
f 3801/3801/3801 3804/3804/3804 3802/3802/3802
f 3803/3803/3803 3805/3805/3805 3806/3806/3806
f 3803/3803/3803 3806/3806/3806 3804/3804/3804
f 3805/3805/3805 3807/3807/3807 3808/3808/3808
f 3805/3805/3805 3808/3808/3808 3806/3806/3806
f 3807/3807/3807 3809/3809/3809 3810/3810/3810
f 3807/3807/3807 3810/3810/3810 3808/3808/3808
f 3811/3811/3811 3812/3812/3812 3813/3813/3813
f 3811/3811/3811 3813/3813/3813 3814/3814/3814
f 3812/3812/3812 3815/3815/3815 3816/3816/3816
f 3812/3812/3812 3816/3816/3816 3813/3813/3813
f 3815/3815/3815 3817/3817/3817 3818/3818/3818
f 3815/3815/3815 3818/3818/3818 3816/3816/3816
f 3817/3817/3817 3819/3819/3819 3820/3820/3820
f 3817/3817/3817 3820/3820/3820 3818/3818/3818
f 3819/3819/3819 3776/3776/3776 3783/3783/3783
f 3819/3819/3819 3783/3783/3783 3820/3820/3820
f 2532/2532/2532 2637/2637/2637 3821/3821/3821
f 2532/2532/2532 3821/3821/3821 3724/3724/3724
f 2637/2637/2637 2639/2639/2639 3822/3822/3822
f 2637/2637/2637 3822/3822/3822 3821/3821/3821
f 2639/2639/2639 2641/2641/2641 3823/3823/3823
f 2639/2639/2639 3823/3823/3823 3822/3822/3822
f 2641/2641/2641 2643/2643/2643 3824/3824/3824
f 2641/2641/2641 3824/3824/3824 3823/3823/3823
f 2643/2643/2643 2645/2645/2645 3825/3825/3825
f 2643/2643/2643 3825/3825/3825 3824/3824/3824
f 2646/2646/2646 2649/2649/2649 3826/3826/3826
f 2646/2646/2646 3826/3826/3826 3827/3827/3827
f 2649/2649/2649 2651/2651/2651 3828/3828/3828
f 2649/2649/2649 3828/3828/3828 3826/3826/3826
f 2651/2651/2651 2653/2653/2653 3829/3829/3829
f 2651/2651/2651 3829/3829/3829 3828/3828/3828
f 2653/2653/2653 2655/2655/2655 3830/3830/3830
f 2653/2653/2653 3830/3830/3830 3829/3829/3829
f 2655/2655/2655 2602/2602/2602 3610/3610/3610
f 2655/2655/2655 3610/3610/3610 3830/3830/3830
f 3724/3724/3724 3821/3821/3821 3831/3831/3831
f 3724/3724/3724 3831/3831/3831 3726/3726/3726
f 3821/3821/3821 3822/3822/3822 3832/3832/3832
f 3821/3821/3821 3832/3832/3832 3831/3831/3831
f 3822/3822/3822 3823/3823/3823 3833/3833/3833
f 3822/3822/3822 3833/3833/3833 3832/3832/3832
f 3823/3823/3823 3824/3824/3824 3834/3834/3834
f 3823/3823/3823 3834/3834/3834 3833/3833/3833
f 3824/3824/3824 3825/3825/3825 3835/3835/3835
f 3824/3824/3824 3835/3835/3835 3834/3834/3834
f 3827/3827/3827 3826/3826/3826 3836/3836/3836
f 3827/3827/3827 3836/3836/3836 3837/3837/3837
f 3826/3826/3826 3828/3828/3828 3838/3838/3838
f 3826/3826/3826 3838/3838/3838 3836/3836/3836
f 3828/3828/3828 3829/3829/3829 3839/3839/3839
f 3828/3828/3828 3839/3839/3839 3838/3838/3838
f 3829/3829/3829 3830/3830/3830 3840/3840/3840
f 3829/3829/3829 3840/3840/3840 3839/3839/3839
f 3830/3830/3830 3610/3610/3610 3613/3613/3613
f 3830/3830/3830 3613/3613/3613 3840/3840/3840
f 3726/3726/3726 3831/3831/3831 3841/3841/3841
f 3726/3726/3726 3841/3841/3841 3728/3728/3728
f 3831/3831/3831 3832/3832/3832 3842/3842/3842
f 3831/3831/3831 3842/3842/3842 3841/3841/3841
f 3832/3832/3832 3833/3833/3833 3843/3843/3843
f 3832/3832/3832 3843/3843/3843 3842/3842/3842
f 3833/3833/3833 3834/3834/3834 3844/3844/3844
f 3833/3833/3833 3844/3844/3844 3843/3843/3843
f 3834/3834/3834 3835/3835/3835 3845/3845/3845
f 3834/3834/3834 3845/3845/3845 3844/3844/3844
f 3837/3837/3837 3836/3836/3836 3846/3846/3846
f 3837/3837/3837 3846/3846/3846 3847/3847/3847
f 3836/3836/3836 3838/3838/3838 3848/3848/3848
f 3836/3836/3836 3848/3848/3848 3846/3846/3846
f 3838/3838/3838 3839/3839/3839 3849/3849/3849
f 3838/3838/3838 3849/3849/3849 3848/3848/3848
f 3839/3839/3839 3840/3840/3840 3850/3850/3850
f 3839/3839/3839 3850/3850/3850 3849/3849/3849
f 3840/3840/3840 3613/3613/3613 3620/3620/3620
f 3840/3840/3840 3620/3620/3620 3850/3850/3850
f 3728/3728/3728 3841/3841/3841 3851/3851/3851
f 3728/3728/3728 3851/3851/3851 3730/3730/3730
f 3841/3841/3841 3842/3842/3842 3852/3852/3852
f 3841/3841/3841 3852/3852/3852 3851/3851/3851
f 3842/3842/3842 3843/3843/3843 3853/3853/3853
f 3842/3842/3842 3853/3853/3853 3852/3852/3852
f 3843/3843/3843 3844/3844/3844 3854/3854/3854
f 3843/3843/3843 3854/3854/3854 3853/3853/3853
f 3844/3844/3844 3845/3845/3845 3855/3855/3855
f 3844/3844/3844 3855/3855/3855 3854/3854/3854
f 3847/3847/3847 3846/3846/3846 3856/3856/3856
f 3847/3847/3847 3856/3856/3856 3857/3857/3857
f 3846/3846/3846 3848/3848/3848 3858/3858/3858
f 3846/3846/3846 3858/3858/3858 3856/3856/3856
f 3848/3848/3848 3849/3849/3849 3859/3859/3859
f 3848/3848/3848 3859/3859/3859 3858/3858/3858
f 3849/3849/3849 3850/3850/3850 3860/3860/3860
f 3849/3849/3849 3860/3860/3860 3859/3859/3859
f 3850/3850/3850 3620/3620/3620 3623/3623/3623
f 3850/3850/3850 3623/3623/3623 3860/3860/3860
f 3730/3730/3730 3851/3851/3851 3861/3861/3861
f 3730/3730/3730 3861/3861/3861 3732/3732/3732
f 3851/3851/3851 3852/3852/3852 3862/3862/3862
f 3851/3851/3851 3862/3862/3862 3861/3861/3861
f 3852/3852/3852 3853/3853/3853 3863/3863/3863
f 3852/3852/3852 3863/3863/3863 3862/3862/3862
f 3853/3853/3853 3854/3854/3854 3864/3864/3864
f 3853/3853/3853 3864/3864/3864 3863/3863/3863
f 3854/3854/3854 3855/3855/3855 3865/3865/3865
f 3854/3854/3854 3865/3865/3865 3864/3864/3864
f 3857/3857/3857 3856/3856/3856 3866/3866/3866
f 3857/3857/3857 3866/3866/3866 3867/3867/3867
f 3856/3856/3856 3858/3858/3858 3868/3868/3868
f 3856/3856/3856 3868/3868/3868 3866/3866/3866
f 3858/3858/3858 3859/3859/3859 3869/3869/3869
f 3858/3858/3858 3869/3869/3869 3868/3868/3868
f 3859/3859/3859 3860/3860/3860 3870/3870/3870
f 3859/3859/3859 3870/3870/3870 3869/3869/3869
f 3860/3860/3860 3623/3623/3623 3628/3628/3628
f 3860/3860/3860 3628/3628/3628 3870/3870/3870
f 3732/3732/3732 3861/3861/3861 3871/3871/3871
f 3732/3732/3732 3871/3871/3871 3733/3733/3733
f 3861/3861/3861 3862/3862/3862 3872/3872/3872
f 3861/3861/3861 3872/3872/3872 3871/3871/3871
f 3862/3862/3862 3863/3863/3863 3873/3873/3873
f 3862/3862/3862 3873/3873/3873 3872/3872/3872
f 3863/3863/3863 3864/3864/3864 3874/3874/3874
f 3863/3863/3863 3874/3874/3874 3873/3873/3873
f 3864/3864/3864 3865/3865/3865 3875/3875/3875
f 3864/3864/3864 3875/3875/3875 3874/3874/3874
f 3867/3867/3867 3866/3866/3866 3876/3876/3876
f 3867/3867/3867 3876/3876/3876 3877/3877/3877
f 3866/3866/3866 3868/3868/3868 3878/3878/3878
f 3866/3866/3866 3878/3878/3878 3876/3876/3876
f 3868/3868/3868 3869/3869/3869 3879/3879/3879
f 3868/3868/3868 3879/3879/3879 3878/3878/3878
f 3869/3869/3869 3870/3870/3870 3880/3880/3880
f 3869/3869/3869 3880/3880/3880 3879/3879/3879
f 3870/3870/3870 3628/3628/3628 3631/3631/3631
f 3870/3870/3870 3631/3631/3631 3880/3880/3880
f 3733/3733/3733 3871/3871/3871 3881/3881/3881
f 3733/3733/3733 3881/3881/3881 3734/3734/3734
f 3871/3871/3871 3872/3872/3872 3882/3882/3882
f 3871/3871/3871 3882/3882/3882 3881/3881/3881
f 3872/3872/3872 3873/3873/3873 3883/3883/3883
f 3872/3872/3872 3883/3883/3883 3882/3882/3882
f 3873/3873/3873 3874/3874/3874 3884/3884/3884
f 3873/3873/3873 3884/3884/3884 3883/3883/3883
f 3874/3874/3874 3875/3875/3875 3885/3885/3885
f 3874/3874/3874 3885/3885/3885 3884/3884/3884
f 3877/3877/3877 3876/3876/3876 3886/3886/3886
f 3877/3877/3877 3886/3886/3886 3887/3887/3887
f 3876/3876/3876 3878/3878/3878 3888/3888/3888
f 3876/3876/3876 3888/3888/3888 3886/3886/3886
f 3878/3878/3878 3879/3879/3879 3889/3889/3889
f 3878/3878/3878 3889/3889/3889 3888/3888/3888
f 3879/3879/3879 3880/3880/3880 3890/3890/3890
f 3879/3879/3879 3890/3890/3890 3889/3889/3889
f 3880/3880/3880 3631/3631/3631 3636/3636/3636
f 3880/3880/3880 3636/3636/3636 3890/3890/3890
f 3734/3734/3734 3881/3881/3881 3891/3891/3891
f 3734/3734/3734 3891/3891/3891 3735/3735/3735
f 3881/3881/3881 3882/3882/3882 3892/3892/3892
f 3881/3881/3881 3892/3892/3892 3891/3891/3891
f 3882/3882/3882 3883/3883/3883 3893/3893/3893
f 3882/3882/3882 3893/3893/3893 3892/3892/3892
f 3883/3883/3883 3884/3884/3884 3894/3894/3894
f 3883/3883/3883 3894/3894/3894 3893/3893/3893
f 3895/3895/3895 3887/3887/3887 3896/3896/3896
f 3895/3895/3895 3896/3896/3896 3897/3897/3897
f 3887/3887/3887 3886/3886/3886 3898/3898/3898
f 3887/3887/3887 3898/3898/3898 3896/3896/3896
f 3886/3886/3886 3888/3888/3888 3899/3899/3899
f 3886/3886/3886 3899/3899/3899 3898/3898/3898
f 3888/3888/3888 3889/3889/3889 3900/3900/3900
f 3888/3888/3888 3900/3900/3900 3899/3899/3899
f 3889/3889/3889 3890/3890/3890 3901/3901/3901
f 3889/3889/3889 3901/3901/3901 3900/3900/3900
f 3890/3890/3890 3636/3636/3636 3639/3639/3639
f 3890/3890/3890 3639/3639/3639 3901/3901/3901
f 3736/3736/3736 3902/3902/3902 3903/3903/3903
f 3736/3736/3736 3903/3903/3903 3737/3737/3737
f 3902/3902/3902 3904/3904/3904 3905/3905/3905
f 3902/3902/3902 3905/3905/3905 3903/3903/3903
f 3904/3904/3904 3906/3906/3906 3907/3907/3907
f 3904/3904/3904 3907/3907/3907 3905/3905/3905
f 3906/3906/3906 3908/3908/3908 3909/3909/3909
f 3906/3906/3906 3909/3909/3909 3907/3907/3907
f 3897/3897/3897 3896/3896/3896 3910/3910/3910
f 3897/3897/3897 3910/3910/3910 3911/3911/3911
f 3896/3896/3896 3898/3898/3898 3912/3912/3912
f 3896/3896/3896 3912/3912/3912 3910/3910/3910
f 3898/3898/3898 3899/3899/3899 3913/3913/3913
f 3898/3898/3898 3913/3913/3913 3912/3912/3912
f 3899/3899/3899 3900/3900/3900 3914/3914/3914
f 3899/3899/3899 3914/3914/3914 3913/3913/3913
f 3900/3900/3900 3901/3901/3901 3915/3915/3915
f 3900/3900/3900 3915/3915/3915 3914/3914/3914
f 3901/3901/3901 3639/3639/3639 3644/3644/3644
f 3901/3901/3901 3644/3644/3644 3915/3915/3915
f 3737/3737/3737 3903/3903/3903 3916/3916/3916
f 3737/3737/3737 3916/3916/3916 3738/3738/3738
f 3903/3903/3903 3905/3905/3905 3917/3917/3917
f 3903/3903/3903 3917/3917/3917 3916/3916/3916
f 3905/3905/3905 3907/3907/3907 3918/3918/3918
f 3905/3905/3905 3918/3918/3918 3917/3917/3917
f 3907/3907/3907 3909/3909/3909 3919/3919/3919
f 3907/3907/3907 3919/3919/3919 3918/3918/3918
f 3911/3911/3911 3910/3910/3910 3920/3920/3920
f 3911/3911/3911 3920/3920/3920 3921/3921/3921
f 3910/3910/3910 3912/3912/3912 3922/3922/3922
f 3910/3910/3910 3922/3922/3922 3920/3920/3920
f 3912/3912/3912 3913/3913/3913 3923/3923/3923
f 3912/3912/3912 3923/3923/3923 3922/3922/3922
f 3913/3913/3913 3914/3914/3914 3924/3924/3924
f 3913/3913/3913 3924/3924/3924 3923/3923/3923
f 3914/3914/3914 3915/3915/3915 3925/3925/3925
f 3914/3914/3914 3925/3925/3925 3924/3924/3924
f 3915/3915/3915 3644/3644/3644 3647/3647/3647
f 3915/3915/3915 3647/3647/3647 3925/3925/3925
f 3738/3738/3738 3916/3916/3916 3926/3926/3926
f 3738/3738/3738 3926/3926/3926 3739/3739/3739
f 3916/3916/3916 3917/3917/3917 3927/3927/3927
f 3916/3916/3916 3927/3927/3927 3926/3926/3926
f 3917/3917/3917 3918/3918/3918 3928/3928/3928
f 3917/3917/3917 3928/3928/3928 3927/3927/3927
f 3918/3918/3918 3919/3919/3919 3929/3929/3929
f 3918/3918/3918 3929/3929/3929 3928/3928/3928
f 3919/3919/3919 3930/3930/3930 3931/3931/3931
f 3919/3919/3919 3931/3931/3931 3929/3929/3929
f 3920/3920/3920 3922/3922/3922 3932/3932/3932
f 3920/3920/3920 3932/3932/3932 3933/3933/3933
f 3922/3922/3922 3923/3923/3923 3934/3934/3934
f 3922/3922/3922 3934/3934/3934 3932/3932/3932
f 3923/3923/3923 3924/3924/3924 3935/3935/3935
f 3923/3923/3923 3935/3935/3935 3934/3934/3934
f 3924/3924/3924 3925/3925/3925 3936/3936/3936
f 3924/3924/3924 3936/3936/3936 3935/3935/3935
f 3925/3925/3925 3647/3647/3647 3652/3652/3652
f 3925/3925/3925 3652/3652/3652 3936/3936/3936
f 3739/3739/3739 3926/3926/3926 3937/3937/3937
f 3739/3739/3739 3937/3937/3937 3740/3740/3740
f 3926/3926/3926 3927/3927/3927 3938/3938/3938
f 3926/3926/3926 3938/3938/3938 3937/3937/3937
f 3927/3927/3927 3928/3928/3928 3939/3939/3939
f 3927/3927/3927 3939/3939/3939 3938/3938/3938
f 3928/3928/3928 3929/3929/3929 3940/3940/3940
f 3928/3928/3928 3940/3940/3940 3939/3939/3939
f 3929/3929/3929 3931/3931/3931 3941/3941/3941
f 3929/3929/3929 3941/3941/3941 3940/3940/3940
f 3933/3933/3933 3932/3932/3932 3942/3942/3942
f 3933/3933/3933 3942/3942/3942 3943/3943/3943
f 3932/3932/3932 3934/3934/3934 3944/3944/3944
f 3932/3932/3932 3944/3944/3944 3942/3942/3942
f 3934/3934/3934 3935/3935/3935 3945/3945/3945
f 3934/3934/3934 3945/3945/3945 3944/3944/3944
f 3935/3935/3935 3936/3936/3936 3946/3946/3946
f 3935/3935/3935 3946/3946/3946 3945/3945/3945
f 3936/3936/3936 3652/3652/3652 3655/3655/3655
f 3936/3936/3936 3655/3655/3655 3946/3946/3946
f 3740/3740/3740 3937/3937/3937 3947/3947/3947
f 3740/3740/3740 3947/3947/3947 3741/3741/3741
f 3937/3937/3937 3938/3938/3938 3948/3948/3948
f 3937/3937/3937 3948/3948/3948 3947/3947/3947
f 3938/3938/3938 3939/3939/3939 3949/3949/3949
f 3938/3938/3938 3949/3949/3949 3948/3948/3948
f 3939/3939/3939 3940/3940/3940 3950/3950/3950
f 3939/3939/3939 3950/3950/3950 3949/3949/3949
f 3940/3940/3940 3941/3941/3941 3951/3951/3951
f 3940/3940/3940 3951/3951/3951 3950/3950/3950
f 3943/3943/3943 3942/3942/3942 3952/3952/3952
f 3943/3943/3943 3952/3952/3952 3953/3953/3953
f 3942/3942/3942 3944/3944/3944 3954/3954/3954
f 3942/3942/3942 3954/3954/3954 3952/3952/3952
f 3944/3944/3944 3945/3945/3945 3955/3955/3955
f 3944/3944/3944 3955/3955/3955 3954/3954/3954
f 3945/3945/3945 3946/3946/3946 3956/3956/3956
f 3945/3945/3945 3956/3956/3956 3955/3955/3955
f 3946/3946/3946 3655/3655/3655 3660/3660/3660
f 3946/3946/3946 3660/3660/3660 3956/3956/3956
f 3741/3741/3741 3947/3947/3947 3957/3957/3957
f 3741/3741/3741 3957/3957/3957 3746/3746/3746
f 3947/3947/3947 3948/3948/3948 3958/3958/3958
f 3947/3947/3947 3958/3958/3958 3957/3957/3957
f 3948/3948/3948 3949/3949/3949 3959/3959/3959
f 3948/3948/3948 3959/3959/3959 3958/3958/3958
f 3949/3949/3949 3950/3950/3950 3960/3960/3960
f 3949/3949/3949 3960/3960/3960 3959/3959/3959
f 3950/3950/3950 3951/3951/3951 3961/3961/3961
f 3950/3950/3950 3961/3961/3961 3960/3960/3960
f 3953/3953/3953 3952/3952/3952 3962/3962/3962
f 3953/3953/3953 3962/3962/3962 3963/3963/3963
f 3952/3952/3952 3954/3954/3954 3964/3964/3964
f 3952/3952/3952 3964/3964/3964 3962/3962/3962
f 3954/3954/3954 3955/3955/3955 3965/3965/3965
f 3954/3954/3954 3965/3965/3965 3964/3964/3964
f 3955/3955/3955 3956/3956/3956 3966/3966/3966
f 3955/3955/3955 3966/3966/3966 3965/3965/3965
f 3956/3956/3956 3660/3660/3660 3663/3663/3663
f 3956/3956/3956 3663/3663/3663 3966/3966/3966
f 3746/3746/3746 3957/3957/3957 3967/3967/3967
f 3746/3746/3746 3967/3967/3967 3747/3747/3747
f 3957/3957/3957 3958/3958/3958 3968/3968/3968
f 3957/3957/3957 3968/3968/3968 3967/3967/3967
f 3958/3958/3958 3959/3959/3959 3969/3969/3969
f 3958/3958/3958 3969/3969/3969 3968/3968/3968
f 3959/3959/3959 3960/3960/3960 3970/3970/3970
f 3959/3959/3959 3970/3970/3970 3969/3969/3969
f 3960/3960/3960 3961/3961/3961 3971/3971/3971
f 3960/3960/3960 3971/3971/3971 3970/3970/3970
f 3963/3963/3963 3962/3962/3962 3972/3972/3972
f 3963/3963/3963 3972/3972/3972 3973/3973/3973
f 3962/3962/3962 3964/3964/3964 3974/3974/3974
f 3962/3962/3962 3974/3974/3974 3972/3972/3972
f 3964/3964/3964 3965/3965/3965 3975/3975/3975
f 3964/3964/3964 3975/3975/3975 3974/3974/3974
f 3965/3965/3965 3966/3966/3966 3976/3976/3976
f 3965/3965/3965 3976/3976/3976 3975/3975/3975
f 3966/3966/3966 3663/3663/3663 3668/3668/3668
f 3966/3966/3966 3668/3668/3668 3976/3976/3976
f 3747/3747/3747 3967/3967/3967 3977/3977/3977
f 3747/3747/3747 3977/3977/3977 3748/3748/3748
f 3967/3967/3967 3968/3968/3968 3978/3978/3978
f 3967/3967/3967 3978/3978/3978 3977/3977/3977
f 3968/3968/3968 3969/3969/3969 3979/3979/3979
f 3968/3968/3968 3979/3979/3979 3978/3978/3978
f 3969/3969/3969 3970/3970/3970 3980/3980/3980
f 3969/3969/3969 3980/3980/3980 3979/3979/3979
f 3970/3970/3970 3971/3971/3971 3981/3981/3981
f 3970/3970/3970 3981/3981/3981 3980/3980/3980
f 3973/3973/3973 3972/3972/3972 3982/3982/3982
f 3973/3973/3973 3982/3982/3982 3983/3983/3983
f 3972/3972/3972 3974/3974/3974 3984/3984/3984
f 3972/3972/3972 3984/3984/3984 3982/3982/3982
f 3974/3974/3974 3975/3975/3975 3985/3985/3985
f 3974/3974/3974 3985/3985/3985 3984/3984/3984
f 3975/3975/3975 3976/3976/3976 3986/3986/3986
f 3975/3975/3975 3986/3986/3986 3985/3985/3985
f 3976/3976/3976 3668/3668/3668 3671/3671/3671
f 3976/3976/3976 3671/3671/3671 3986/3986/3986
f 3748/3748/3748 3977/3977/3977 3987/3987/3987
f 3748/3748/3748 3987/3987/3987 3750/3750/3750
f 3977/3977/3977 3978/3978/3978 3988/3988/3988
f 3977/3977/3977 3988/3988/3988 3987/3987/3987
f 3978/3978/3978 3979/3979/3979 3989/3989/3989
f 3978/3978/3978 3989/3989/3989 3988/3988/3988
f 3979/3979/3979 3980/3980/3980 3990/3990/3990
f 3979/3979/3979 3990/3990/3990 3989/3989/3989
f 3980/3980/3980 3981/3981/3981 3991/3991/3991
f 3980/3980/3980 3991/3991/3991 3990/3990/3990
f 3983/3983/3983 3982/3982/3982 3992/3992/3992
f 3983/3983/3983 3992/3992/3992 3993/3993/3993
f 3982/3982/3982 3984/3984/3984 3994/3994/3994
f 3982/3982/3982 3994/3994/3994 3992/3992/3992
f 3984/3984/3984 3985/3985/3985 3995/3995/3995
f 3984/3984/3984 3995/3995/3995 3994/3994/3994
f 3985/3985/3985 3986/3986/3986 3996/3996/3996
f 3985/3985/3985 3996/3996/3996 3995/3995/3995
f 3986/3986/3986 3671/3671/3671 3682/3682/3682
f 3986/3986/3986 3682/3682/3682 3996/3996/3996
f 3750/3750/3750 3987/3987/3987 3997/3997/3997
f 3750/3750/3750 3997/3997/3997 3752/3752/3752
f 3987/3987/3987 3988/3988/3988 3998/3998/3998
f 3987/3987/3987 3998/3998/3998 3997/3997/3997
f 3988/3988/3988 3989/3989/3989 3999/3999/3999
f 3988/3988/3988 3999/3999/3999 3998/3998/3998
f 3989/3989/3989 3990/3990/3990 4000/4000/4000
f 3989/3989/3989 4000/4000/4000 3999/3999/3999
f 3990/3990/3990 3991/3991/3991 4001/4001/4001
f 3990/3990/3990 4001/4001/4001 4000/4000/4000
f 3993/3993/3993 3992/3992/3992 4002/4002/4002
f 3993/3993/3993 4002/4002/4002 4003/4003/4003
f 3992/3992/3992 3994/3994/3994 4004/4004/4004
f 3992/3992/3992 4004/4004/4004 4002/4002/4002
f 3994/3994/3994 3995/3995/3995 4005/4005/4005
f 3994/3994/3994 4005/4005/4005 4004/4004/4004
f 3995/3995/3995 3996/3996/3996 4006/4006/4006
f 3995/3995/3995 4006/4006/4006 4005/4005/4005
f 3996/3996/3996 3682/3682/3682 3685/3685/3685
f 3996/3996/3996 3685/3685/3685 4006/4006/4006
f 3752/3752/3752 3997/3997/3997 4007/4007/4007
f 3752/3752/3752 4007/4007/4007 3754/3754/3754
f 3997/3997/3997 3998/3998/3998 4008/4008/4008
f 3997/3997/3997 4008/4008/4008 4007/4007/4007
f 3998/3998/3998 3999/3999/3999 4009/4009/4009
f 3998/3998/3998 4009/4009/4009 4008/4008/4008
f 3999/3999/3999 4000/4000/4000 4010/4010/4010
f 3999/3999/3999 4010/4010/4010 4009/4009/4009
f 4000/4000/4000 4001/4001/4001 4011/4011/4011
f 4000/4000/4000 4011/4011/4011 4010/4010/4010
f 4003/4003/4003 4002/4002/4002 4012/4012/4012
f 4003/4003/4003 4012/4012/4012 4013/4013/4013
f 4002/4002/4002 4004/4004/4004 4014/4014/4014
f 4002/4002/4002 4014/4014/4014 4012/4012/4012
f 4004/4004/4004 4005/4005/4005 4015/4015/4015
f 4004/4004/4004 4015/4015/4015 4014/4014/4014
f 4005/4005/4005 4006/4006/4006 4016/4016/4016
f 4005/4005/4005 4016/4016/4016 4015/4015/4015
f 4006/4006/4006 3685/3685/3685 3694/3694/3694
f 4006/4006/4006 3694/3694/3694 4016/4016/4016
f 3754/3754/3754 4007/4007/4007 4017/4017/4017
f 3754/3754/3754 4017/4017/4017 3706/3706/3706
f 4007/4007/4007 4008/4008/4008 4018/4018/4018
f 4007/4007/4007 4018/4018/4018 4017/4017/4017
f 4008/4008/4008 4009/4009/4009 4019/4019/4019
f 4008/4008/4008 4019/4019/4019 4018/4018/4018
f 4009/4009/4009 4010/4010/4010 4020/4020/4020
f 4009/4009/4009 4020/4020/4020 4019/4019/4019
f 4010/4010/4010 4011/4011/4011 4021/4021/4021
f 4010/4010/4010 4021/4021/4021 4020/4020/4020
f 4013/4013/4013 4012/4012/4012 4022/4022/4022
f 4013/4013/4013 4022/4022/4022 4023/4023/4023
f 4012/4012/4012 4014/4014/4014 4024/4024/4024
f 4012/4012/4012 4024/4024/4024 4022/4022/4022
f 4014/4014/4014 4015/4015/4015 4025/4025/4025
f 4014/4014/4014 4025/4025/4025 4024/4024/4024
f 4015/4015/4015 4016/4016/4016 4026/4026/4026
f 4015/4015/4015 4026/4026/4026 4025/4025/4025
f 4016/4016/4016 3694/3694/3694 3697/3697/3697
f 4016/4016/4016 3697/3697/3697 4026/4026/4026
f 3706/3706/3706 4017/4017/4017 4027/4027/4027
f 3706/3706/3706 4027/4027/4027 3707/3707/3707
f 4017/4017/4017 4018/4018/4018 4028/4028/4028
f 4017/4017/4017 4028/4028/4028 4027/4027/4027
f 4018/4018/4018 4019/4019/4019 4029/4029/4029
f 4018/4018/4018 4029/4029/4029 4028/4028/4028
f 4019/4019/4019 4020/4020/4020 4030/4030/4030
f 4019/4019/4019 4030/4030/4030 4029/4029/4029
f 4020/4020/4020 4021/4021/4021 4031/4031/4031
f 4020/4020/4020 4031/4031/4031 4030/4030/4030
f 4023/4023/4023 4022/4022/4022 4032/4032/4032
f 4023/4023/4023 4032/4032/4032 4033/4033/4033
f 4022/4022/4022 4024/4024/4024 4034/4034/4034
f 4022/4022/4022 4034/4034/4034 4032/4032/4032
f 4024/4024/4024 4025/4025/4025 4035/4035/4035
f 4024/4024/4024 4035/4035/4035 4034/4034/4034
f 4025/4025/4025 4026/4026/4026 4036/4036/4036
f 4025/4025/4025 4036/4036/4036 4035/4035/4035
f 4026/4026/4026 3697/3697/3697 3766/3766/3766
f 4026/4026/4026 3766/3766/3766 4036/4036/4036
f 3716/3716/3716 4037/4037/4037 4038/4038/4038
f 3716/3716/3716 4038/4038/4038 3749/3749/3749
f 4037/4037/4037 4039/4039/4039 4040/4040/4040
f 4037/4037/4037 4040/4040/4040 4038/4038/4038
f 4039/4039/4039 4041/4041/4041 4042/4042/4042
f 4039/4039/4039 4042/4042/4042 4040/4040/4040
f 4041/4041/4041 4043/4043/4043 4044/4044/4044
f 4041/4041/4041 4044/4044/4044 4042/4042/4042
f 4043/4043/4043 4045/4045/4045 4046/4046/4046
f 4043/4043/4043 4046/4046/4046 4044/4044/4044
f 4047/4047/4047 4048/4048/4048 4049/4049/4049
f 4047/4047/4047 4049/4049/4049 4050/4050/4050
f 4048/4048/4048 4051/4051/4051 4052/4052/4052
f 4048/4048/4048 4052/4052/4052 4049/4049/4049
f 4051/4051/4051 4053/4053/4053 4054/4054/4054
f 4051/4051/4051 4054/4054/4054 4052/4052/4052
f 4053/4053/4053 4055/4055/4055 4056/4056/4056
f 4053/4053/4053 4056/4056/4056 4054/4054/4054
f 4055/4055/4055 3755/3755/3755 3758/3758/3758
f 4055/4055/4055 3758/3758/3758 4056/4056/4056
f 3749/3749/3749 4038/4038/4038 4057/4057/4057
f 3749/3749/3749 4057/4057/4057 3751/3751/3751
f 4038/4038/4038 4040/4040/4040 4058/4058/4058
f 4038/4038/4038 4058/4058/4058 4057/4057/4057
f 4040/4040/4040 4042/4042/4042 4059/4059/4059
f 4040/4040/4040 4059/4059/4059 4058/4058/4058
f 4042/4042/4042 4044/4044/4044 4060/4060/4060
f 4042/4042/4042 4060/4060/4060 4059/4059/4059
f 4044/4044/4044 4046/4046/4046 4061/4061/4061
f 4044/4044/4044 4061/4061/4061 4060/4060/4060
f 4050/4050/4050 4049/4049/4049 4062/4062/4062
f 4050/4050/4050 4062/4062/4062 4063/4063/4063
f 4049/4049/4049 4052/4052/4052 4064/4064/4064
f 4049/4049/4049 4064/4064/4064 4062/4062/4062
f 4052/4052/4052 4054/4054/4054 4065/4065/4065
f 4052/4052/4052 4065/4065/4065 4064/4064/4064
f 4054/4054/4054 4056/4056/4056 4066/4066/4066
f 4054/4054/4054 4066/4066/4066 4065/4065/4065
f 4056/4056/4056 3758/3758/3758 3760/3760/3760
f 4056/4056/4056 3760/3760/3760 4066/4066/4066
f 3751/3751/3751 4057/4057/4057 4067/4067/4067
f 3751/3751/3751 4067/4067/4067 3753/3753/3753
f 4057/4057/4057 4058/4058/4058 4068/4068/4068
f 4057/4057/4057 4068/4068/4068 4067/4067/4067
f 4058/4058/4058 4059/4059/4059 4069/4069/4069
f 4058/4058/4058 4069/4069/4069 4068/4068/4068
f 4059/4059/4059 4060/4060/4060 4070/4070/4070
f 4059/4059/4059 4070/4070/4070 4069/4069/4069
f 4060/4060/4060 4061/4061/4061 4071/4071/4071
f 4060/4060/4060 4071/4071/4071 4070/4070/4070
f 4063/4063/4063 4062/4062/4062 4072/4072/4072
f 4063/4063/4063 4072/4072/4072 4073/4073/4073
f 4062/4062/4062 4064/4064/4064 4074/4074/4074
f 4062/4062/4062 4074/4074/4074 4072/4072/4072
f 4064/4064/4064 4065/4065/4065 4075/4075/4075
f 4064/4064/4064 4075/4075/4075 4074/4074/4074
f 4065/4065/4065 4066/4066/4066 4076/4076/4076
f 4065/4065/4065 4076/4076/4076 4075/4075/4075
f 4066/4066/4066 3760/3760/3760 3762/3762/3762
f 4066/4066/4066 3762/3762/3762 4076/4076/4076
f 3753/3753/3753 4067/4067/4067 4077/4077/4077
f 3753/3753/3753 4077/4077/4077 3704/3704/3704
f 4067/4067/4067 4068/4068/4068 4078/4078/4078
f 4067/4067/4067 4078/4078/4078 4077/4077/4077
f 4068/4068/4068 4069/4069/4069 4079/4079/4079
f 4068/4068/4068 4079/4079/4079 4078/4078/4078
f 4069/4069/4069 4070/4070/4070 4080/4080/4080
f 4069/4069/4069 4080/4080/4080 4079/4079/4079
f 4070/4070/4070 4071/4071/4071 4081/4081/4081
f 4070/4070/4070 4081/4081/4081 4080/4080/4080
f 4073/4073/4073 4072/4072/4072 4082/4082/4082
f 4073/4073/4073 4082/4082/4082 4083/4083/4083
f 4072/4072/4072 4074/4074/4074 4084/4084/4084
f 4072/4072/4072 4084/4084/4084 4082/4082/4082
f 4074/4074/4074 4075/4075/4075 4085/4085/4085
f 4074/4074/4074 4085/4085/4085 4084/4084/4084
f 4075/4075/4075 4076/4076/4076 4086/4086/4086
f 4075/4075/4075 4086/4086/4086 4085/4085/4085
f 4076/4076/4076 3762/3762/3762 3764/3764/3764
f 4076/4076/4076 3764/3764/3764 4086/4086/4086
f 3704/3704/3704 4077/4077/4077 4087/4087/4087
f 3704/3704/3704 4087/4087/4087 3705/3705/3705
f 4077/4077/4077 4078/4078/4078 4088/4088/4088
f 4077/4077/4077 4088/4088/4088 4087/4087/4087
f 4078/4078/4078 4079/4079/4079 4089/4089/4089
f 4078/4078/4078 4089/4089/4089 4088/4088/4088
f 4079/4079/4079 4080/4080/4080 4090/4090/4090
f 4079/4079/4079 4090/4090/4090 4089/4089/4089
f 4080/4080/4080 4081/4081/4081 4091/4091/4091
f 4080/4080/4080 4091/4091/4091 4090/4090/4090
f 4083/4083/4083 4082/4082/4082 4092/4092/4092
f 4083/4083/4083 4092/4092/4092 4093/4093/4093
f 4082/4082/4082 4084/4084/4084 4094/4094/4094
f 4082/4082/4082 4094/4094/4094 4092/4092/4092
f 4084/4084/4084 4085/4085/4085 4095/4095/4095
f 4084/4084/4084 4095/4095/4095 4094/4094/4094
f 4085/4085/4085 4086/4086/4086 4096/4096/4096
f 4085/4085/4085 4096/4096/4096 4095/4095/4095
f 4086/4086/4086 3764/3764/3764 3768/3768/3768
f 4086/4086/4086 3768/3768/3768 4096/4096/4096
f 3705/3705/3705 4087/4087/4087 4097/4097/4097
f 3705/3705/3705 4097/4097/4097 3708/3708/3708
f 4087/4087/4087 4088/4088/4088 4098/4098/4098
f 4087/4087/4087 4098/4098/4098 4097/4097/4097
f 4088/4088/4088 4089/4089/4089 4099/4099/4099
f 4088/4088/4088 4099/4099/4099 4098/4098/4098
f 4089/4089/4089 4090/4090/4090 4100/4100/4100
f 4089/4089/4089 4100/4100/4100 4099/4099/4099
f 4101/4101/4101 4093/4093/4093 4102/4102/4102
f 4101/4101/4101 4102/4102/4102 4103/4103/4103
f 4093/4093/4093 4092/4092/4092 4104/4104/4104
f 4093/4093/4093 4104/4104/4104 4102/4102/4102
f 4092/4092/4092 4094/4094/4094 4105/4105/4105
f 4092/4092/4092 4105/4105/4105 4104/4104/4104
f 4094/4094/4094 4095/4095/4095 4106/4106/4106
f 4094/4094/4094 4106/4106/4106 4105/4105/4105
f 4095/4095/4095 4096/4096/4096 4107/4107/4107
f 4095/4095/4095 4107/4107/4107 4106/4106/4106
f 4096/4096/4096 3768/3768/3768 3772/3772/3772
f 4096/4096/4096 3772/3772/3772 4107/4107/4107
f 3708/3708/3708 4097/4097/4097 4108/4108/4108
f 3708/3708/3708 4108/4108/4108 3713/3713/3713
f 4097/4097/4097 4098/4098/4098 4109/4109/4109
f 4097/4097/4097 4109/4109/4109 4108/4108/4108
f 4098/4098/4098 4099/4099/4099 4110/4110/4110
f 4098/4098/4098 4110/4110/4110 4109/4109/4109
f 4099/4099/4099 4100/4100/4100 4111/4111/4111
f 4099/4099/4099 4111/4111/4111 4110/4110/4110
f 4103/4103/4103 4102/4102/4102 4112/4112/4112
f 4103/4103/4103 4112/4112/4112 4113/4113/4113
f 4102/4102/4102 4104/4104/4104 4114/4114/4114
f 4102/4102/4102 4114/4114/4114 4112/4112/4112
f 4104/4104/4104 4105/4105/4105 4115/4115/4115
f 4104/4104/4104 4115/4115/4115 4114/4114/4114
f 4105/4105/4105 4106/4106/4106 4116/4116/4116
f 4105/4105/4105 4116/4116/4116 4115/4115/4115
f 4106/4106/4106 4107/4107/4107 4117/4117/4117
f 4106/4106/4106 4117/4117/4117 4116/4116/4116
f 4107/4107/4107 3772/3772/3772 3778/3778/3778
f 4107/4107/4107 3778/3778/3778 4117/4117/4117
f 3713/3713/3713 4108/4108/4108 4118/4118/4118
f 3713/3713/3713 4118/4118/4118 3717/3717/3717
f 4108/4108/4108 4109/4109/4109 4119/4119/4119
f 4108/4108/4108 4119/4119/4119 4118/4118/4118
f 4109/4109/4109 4110/4110/4110 4120/4120/4120
f 4109/4109/4109 4120/4120/4120 4119/4119/4119
f 4110/4110/4110 4111/4111/4111 4121/4121/4121
f 4110/4110/4110 4121/4121/4121 4120/4120/4120
f 4113/4113/4113 4112/4112/4112 4122/4122/4122
f 4113/4113/4113 4122/4122/4122 4123/4123/4123
f 4112/4112/4112 4114/4114/4114 4124/4124/4124
f 4112/4112/4112 4124/4124/4124 4122/4122/4122
f 4114/4114/4114 4115/4115/4115 4125/4125/4125
f 4114/4114/4114 4125/4125/4125 4124/4124/4124
f 4115/4115/4115 4116/4116/4116 4126/4126/4126
f 4115/4115/4115 4126/4126/4126 4125/4125/4125
f 4116/4116/4116 4117/4117/4117 4127/4127/4127
f 4116/4116/4116 4127/4127/4127 4126/4126/4126
f 4117/4117/4117 3778/3778/3778 3782/3782/3782
f 4117/4117/4117 3782/3782/3782 4127/4127/4127
f 3718/3718/3718 4128/4128/4128 4129/4129/4129
f 3718/3718/3718 4129/4129/4129 3719/3719/3719
f 4128/4128/4128 4130/4130/4130 4131/4131/4131
f 4128/4128/4128 4131/4131/4131 4129/4129/4129
f 4130/4130/4130 4132/4132/4132 4133/4133/4133
f 4130/4130/4130 4133/4133/4133 4131/4131/4131
f 4132/4132/4132 4134/4134/4134 4135/4135/4135
f 4132/4132/4132 4135/4135/4135 4133/4133/4133
f 4123/4123/4123 4122/4122/4122 4136/4136/4136
f 4123/4123/4123 4136/4136/4136 4137/4137/4137
f 4122/4122/4122 4124/4124/4124 4138/4138/4138
f 4122/4122/4122 4138/4138/4138 4136/4136/4136
f 4124/4124/4124 4125/4125/4125 4139/4139/4139
f 4124/4124/4124 4139/4139/4139 4138/4138/4138
f 4125/4125/4125 4126/4126/4126 4140/4140/4140
f 4125/4125/4125 4140/4140/4140 4139/4139/4139
f 4126/4126/4126 4127/4127/4127 4141/4141/4141
f 4126/4126/4126 4141/4141/4141 4140/4140/4140
f 4127/4127/4127 3782/3782/3782 3786/3786/3786
f 4127/4127/4127 3786/3786/3786 4141/4141/4141
f 3719/3719/3719 4129/4129/4129 4142/4142/4142
f 3719/3719/3719 4142/4142/4142 3722/3722/3722
f 4129/4129/4129 4131/4131/4131 4143/4143/4143
f 4129/4129/4129 4143/4143/4143 4142/4142/4142
f 4131/4131/4131 4133/4133/4133 4144/4144/4144
f 4131/4131/4131 4144/4144/4144 4143/4143/4143
f 4133/4133/4133 4135/4135/4135 4145/4145/4145
f 4133/4133/4133 4145/4145/4145 4144/4144/4144
f 4137/4137/4137 4136/4136/4136 4146/4146/4146
f 4137/4137/4137 4146/4146/4146 4147/4147/4147
f 4136/4136/4136 4138/4138/4138 4148/4148/4148
f 4136/4136/4136 4148/4148/4148 4146/4146/4146
f 4138/4138/4138 4139/4139/4139 4149/4149/4149
f 4138/4138/4138 4149/4149/4149 4148/4148/4148
f 4139/4139/4139 4140/4140/4140 4150/4150/4150
f 4139/4139/4139 4150/4150/4150 4149/4149/4149
f 4140/4140/4140 4141/4141/4141 4151/4151/4151
f 4140/4140/4140 4151/4151/4151 4150/4150/4150
f 4141/4141/4141 3786/3786/3786 3788/3788/3788
f 4141/4141/4141 3788/3788/3788 4151/4151/4151
f 3722/3722/3722 4142/4142/4142 4152/4152/4152
f 3722/3722/3722 4152/4152/4152 3723/3723/3723
f 4142/4142/4142 4143/4143/4143 4153/4153/4153
f 4142/4142/4142 4153/4153/4153 4152/4152/4152
f 4143/4143/4143 4144/4144/4144 4154/4154/4154
f 4143/4143/4143 4154/4154/4154 4153/4153/4153
f 4144/4144/4144 4145/4145/4145 4155/4155/4155
f 4144/4144/4144 4155/4155/4155 4154/4154/4154
f 4145/4145/4145 4156/4156/4156 4157/4157/4157
f 4145/4145/4145 4157/4157/4157 4155/4155/4155
f 4146/4146/4146 4148/4148/4148 4158/4158/4158
f 4146/4146/4146 4158/4158/4158 4159/4159/4159
f 4148/4148/4148 4149/4149/4149 4160/4160/4160
f 4148/4148/4148 4160/4160/4160 4158/4158/4158
f 4149/4149/4149 4150/4150/4150 4161/4161/4161
f 4149/4149/4149 4161/4161/4161 4160/4160/4160
f 4150/4150/4150 4151/4151/4151 4162/4162/4162
f 4150/4150/4150 4162/4162/4162 4161/4161/4161
f 4151/4151/4151 3788/3788/3788 3790/3790/3790
f 4151/4151/4151 3790/3790/3790 4162/4162/4162
f 3723/3723/3723 4152/4152/4152 4163/4163/4163
f 3723/3723/3723 4163/4163/4163 3725/3725/3725
f 4152/4152/4152 4153/4153/4153 4164/4164/4164
f 4152/4152/4152 4164/4164/4164 4163/4163/4163
f 4153/4153/4153 4154/4154/4154 4165/4165/4165
f 4153/4153/4153 4165/4165/4165 4164/4164/4164
f 4154/4154/4154 4155/4155/4155 4166/4166/4166
f 4154/4154/4154 4166/4166/4166 4165/4165/4165
f 4155/4155/4155 4157/4157/4157 4167/4167/4167
f 4155/4155/4155 4167/4167/4167 4166/4166/4166
f 4159/4159/4159 4158/4158/4158 4168/4168/4168
f 4159/4159/4159 4168/4168/4168 4169/4169/4169
f 4158/4158/4158 4160/4160/4160 4170/4170/4170
f 4158/4158/4158 4170/4170/4170 4168/4168/4168
f 4160/4160/4160 4161/4161/4161 4171/4171/4171
f 4160/4160/4160 4171/4171/4171 4170/4170/4170
f 4161/4161/4161 4162/4162/4162 4172/4172/4172
f 4161/4161/4161 4172/4172/4172 4171/4171/4171
f 4162/4162/4162 3790/3790/3790 3792/3792/3792
f 4162/4162/4162 3792/3792/3792 4172/4172/4172
f 3725/3725/3725 4163/4163/4163 4173/4173/4173
f 3725/3725/3725 4173/4173/4173 3727/3727/3727
f 4163/4163/4163 4164/4164/4164 4174/4174/4174
f 4163/4163/4163 4174/4174/4174 4173/4173/4173
f 4164/4164/4164 4165/4165/4165 4175/4175/4175
f 4164/4164/4164 4175/4175/4175 4174/4174/4174
f 4165/4165/4165 4166/4166/4166 4176/4176/4176
f 4165/4165/4165 4176/4176/4176 4175/4175/4175
f 4166/4166/4166 4167/4167/4167 4177/4177/4177
f 4166/4166/4166 4177/4177/4177 4176/4176/4176
f 4169/4169/4169 4168/4168/4168 4178/4178/4178
f 4169/4169/4169 4178/4178/4178 4179/4179/4179
f 4168/4168/4168 4170/4170/4170 4180/4180/4180
f 4168/4168/4168 4180/4180/4180 4178/4178/4178
f 4170/4170/4170 4171/4171/4171 4181/4181/4181
f 4170/4170/4170 4181/4181/4181 4180/4180/4180
f 4171/4171/4171 4172/4172/4172 4182/4182/4182
f 4171/4171/4171 4182/4182/4182 4181/4181/4181
f 4172/4172/4172 3792/3792/3792 3794/3794/3794
f 4172/4172/4172 3794/3794/3794 4182/4182/4182
f 3727/3727/3727 4173/4173/4173 4183/4183/4183
f 3727/3727/3727 4183/4183/4183 3729/3729/3729
f 4173/4173/4173 4174/4174/4174 4184/4184/4184
f 4173/4173/4173 4184/4184/4184 4183/4183/4183
f 4174/4174/4174 4175/4175/4175 4185/4185/4185
f 4174/4174/4174 4185/4185/4185 4184/4184/4184
f 4175/4175/4175 4176/4176/4176 4186/4186/4186
f 4175/4175/4175 4186/4186/4186 4185/4185/4185
f 4176/4176/4176 4177/4177/4177 4187/4187/4187
f 4176/4176/4176 4187/4187/4187 4186/4186/4186
f 4179/4179/4179 4178/4178/4178 4188/4188/4188
f 4179/4179/4179 4188/4188/4188 4189/4189/4189
f 4178/4178/4178 4180/4180/4180 4190/4190/4190
f 4178/4178/4178 4190/4190/4190 4188/4188/4188
f 4180/4180/4180 4181/4181/4181 4191/4191/4191
f 4180/4180/4180 4191/4191/4191 4190/4190/4190
f 4181/4181/4181 4182/4182/4182 4192/4192/4192
f 4181/4181/4181 4192/4192/4192 4191/4191/4191
f 4182/4182/4182 3794/3794/3794 3796/3796/3796
f 4182/4182/4182 3796/3796/3796 4192/4192/4192
f 3729/3729/3729 4183/4183/4183 4193/4193/4193
f 3729/3729/3729 4193/4193/4193 3731/3731/3731
f 4183/4183/4183 4184/4184/4184 4194/4194/4194
f 4183/4183/4183 4194/4194/4194 4193/4193/4193
f 4184/4184/4184 4185/4185/4185 4195/4195/4195
f 4184/4184/4184 4195/4195/4195 4194/4194/4194
f 4185/4185/4185 4186/4186/4186 4196/4196/4196
f 4185/4185/4185 4196/4196/4196 4195/4195/4195
f 4186/4186/4186 4187/4187/4187 4197/4197/4197
f 4186/4186/4186 4197/4197/4197 4196/4196/4196
f 4189/4189/4189 4188/4188/4188 4198/4198/4198
f 4189/4189/4189 4198/4198/4198 4199/4199/4199
f 4188/4188/4188 4190/4190/4190 4200/4200/4200
f 4188/4188/4188 4200/4200/4200 4198/4198/4198
f 4190/4190/4190 4191/4191/4191 4201/4201/4201
f 4190/4190/4190 4201/4201/4201 4200/4200/4200
f 4191/4191/4191 4192/4192/4192 4202/4202/4202
f 4191/4191/4191 4202/4202/4202 4201/4201/4201
f 4192/4192/4192 3796/3796/3796 3798/3798/3798
f 4192/4192/4192 3798/3798/3798 4202/4202/4202
f 3731/3731/3731 4193/4193/4193 3028/3028/3028
f 3731/3731/3731 3028/3028/3028 2541/2541/2541
f 4193/4193/4193 4194/4194/4194 3029/3029/3029
f 4193/4193/4193 3029/3029/3029 3028/3028/3028
f 4194/4194/4194 4195/4195/4195 3030/3030/3030
f 4194/4194/4194 3030/3030/3030 3029/3029/3029
f 4195/4195/4195 4196/4196/4196 3031/3031/3031
f 4195/4195/4195 3031/3031/3031 3030/3030/3030
f 4196/4196/4196 4197/4197/4197 3032/3032/3032
f 4196/4196/4196 3032/3032/3032 3031/3031/3031
f 4199/4199/4199 4198/4198/4198 3034/3034/3034
f 4199/4199/4199 3034/3034/3034 3033/3033/3033
f 4198/4198/4198 4200/4200/4200 3035/3035/3035
f 4198/4198/4198 3035/3035/3035 3034/3034/3034
f 4200/4200/4200 4201/4201/4201 3036/3036/3036
f 4200/4200/4200 3036/3036/3036 3035/3035/3035
f 4201/4201/4201 4202/4202/4202 3037/3037/3037
f 4201/4201/4201 3037/3037/3037 3036/3036/3036
f 4202/4202/4202 3798/3798/3798 2612/2612/2612
f 4202/4202/4202 2612/2612/2612 3037/3037/3037
f 3710/3710/3710 4203/4203/4203 3801/3801/3801
f 3710/3710/3710 3801/3801/3801 3711/3711/3711
f 4203/4203/4203 4204/4204/4204 3803/3803/3803
f 4203/4203/4203 3803/3803/3803 3801/3801/3801
f 4204/4204/4204 4205/4205/4205 3805/3805/3805
f 4204/4204/4204 3805/3805/3805 3803/3803/3803
f 4205/4205/4205 4206/4206/4206 3807/3807/3807
f 4205/4205/4205 3807/3807/3807 3805/3805/3805
f 4206/4206/4206 4207/4207/4207 3809/3809/3809
f 4206/4206/4206 3809/3809/3809 3807/3807/3807
f 4208/4208/4208 4209/4209/4209 3812/3812/3812
f 4208/4208/4208 3812/3812/3812 3811/3811/3811
f 4209/4209/4209 4210/4210/4210 3815/3815/3815
f 4209/4209/4209 3815/3815/3815 3812/3812/3812
f 4210/4210/4210 4211/4211/4211 3817/3817/3817
f 4210/4210/4210 3817/3817/3817 3815/3815/3815
f 4211/4211/4211 4212/4212/4212 3819/3819/3819
f 4211/4211/4211 3819/3819/3819 3817/3817/3817
f 4212/4212/4212 3773/3773/3773 3776/3776/3776
f 4212/4212/4212 3776/3776/3776 3819/3819/3819
f 3715/3715/3715 3802/3802/3802 4037/4037/4037
f 3715/3715/3715 4037/4037/4037 3716/3716/3716
f 3802/3802/3802 3804/3804/3804 4039/4039/4039
f 3802/3802/3802 4039/4039/4039 4037/4037/4037
f 3804/3804/3804 3806/3806/3806 4041/4041/4041
f 3804/3804/3804 4041/4041/4041 4039/4039/4039
f 3806/3806/3806 3808/3808/3808 4043/4043/4043
f 3806/3806/3806 4043/4043/4043 4041/4041/4041
f 3808/3808/3808 3810/3810/3810 4045/4045/4045
f 3808/3808/3808 4045/4045/4045 4043/4043/4043
f 3814/3814/3814 3813/3813/3813 4048/4048/4048
f 3814/3814/3814 4048/4048/4048 4047/4047/4047
f 3813/3813/3813 3816/3816/3816 4051/4051/4051
f 3813/3813/3813 4051/4051/4051 4048/4048/4048
f 3816/3816/3816 3818/3818/3818 4053/4053/4053
f 3816/3816/3816 4053/4053/4053 4051/4051/4051
f 3818/3818/3818 3820/3820/3820 4055/4055/4055
f 3818/3818/3818 4055/4055/4055 4053/4053/4053
f 3820/3820/3820 3783/3783/3783 3755/3755/3755
f 3820/3820/3820 3755/3755/3755 4055/4055/4055
f 3707/3707/3707 4027/4027/4027 4213/4213/4213
f 3707/3707/3707 4213/4213/4213 3720/3720/3720
f 4027/4027/4027 4028/4028/4028 4214/4214/4214
f 4027/4027/4027 4214/4214/4214 4213/4213/4213
f 4028/4028/4028 4029/4029/4029 4205/4205/4205
f 4028/4028/4028 4205/4205/4205 4214/4214/4214
f 4029/4029/4029 4030/4030/4030 4206/4206/4206
f 4029/4029/4029 4206/4206/4206 4205/4205/4205
f 4030/4030/4030 4031/4031/4031 4207/4207/4207
f 4030/4030/4030 4207/4207/4207 4206/4206/4206
f 4033/4033/4033 4032/4032/4032 4209/4209/4209
f 4033/4033/4033 4209/4209/4209 4208/4208/4208
f 4032/4032/4032 4034/4034/4034 4210/4210/4210
f 4032/4032/4032 4210/4210/4210 4209/4209/4209
f 4034/4034/4034 4035/4035/4035 4211/4211/4211
f 4034/4034/4034 4211/4211/4211 4210/4210/4210
f 4035/4035/4035 4036/4036/4036 4212/4212/4212
f 4035/4035/4035 4212/4212/4212 4211/4211/4211
f 4036/4036/4036 3766/3766/3766 3773/3773/3773
f 4036/4036/4036 3773/3773/3773 4212/4212/4212
f 3780/3780/3780 3779/3779/3779 3743/3743/3743
f 3780/3780/3780 3743/3743/3743 3742/3742/3742
f 3775/3775/3775 4215/4215/4215 4216/4216/4216
f 3775/3775/3775 4216/4216/4216 3784/3784/3784
f 4217/4217/4217 4218/4218/4218 4219/4219/4219
f 4217/4217/4217 4219/4219/4219 4220/4220/4220
f 4218/4218/4218 3597/3597/3597 3780/3780/3780
f 4218/4218/4218 3780/3780/3780 4219/4219/4219
f 2603/2603/2603 3057/3057/3057 4221/4221/4221
f 2603/2603/2603 4221/4221/4221 3611/3611/3611
f 3058/3058/3058 3061/3061/3061 4222/4222/4222
f 3058/3058/3058 4222/4222/4222 4223/4223/4223
f 3062/3062/3062 2578/2578/2578 3770/3770/3770
f 3062/3062/3062 3770/3770/3770 4224/4224/4224
f 3611/3611/3611 4221/4221/4221 4225/4225/4225
f 3611/3611/3611 4225/4225/4225 3612/3612/3612
f 4223/4223/4223 4222/4222/4222 4226/4226/4226
f 4223/4223/4223 4226/4226/4226 4227/4227/4227
f 4224/4224/4224 3770/3770/3770 3598/3598/3598
f 4224/4224/4224 3598/3598/3598 4228/4228/4228
f 3612/3612/3612 4225/4225/4225 4229/4229/4229
f 3612/3612/3612 4229/4229/4229 3621/3621/3621
f 4227/4227/4227 4226/4226/4226 4230/4230/4230
f 4227/4227/4227 4230/4230/4230 4231/4231/4231
f 4228/4228/4228 3598/3598/3598 3601/3601/3601
f 4228/4228/4228 3601/3601/3601 4232/4232/4232
f 3621/3621/3621 4229/4229/4229 4233/4233/4233
f 3621/3621/3621 4233/4233/4233 3622/3622/3622
f 4231/4231/4231 4230/4230/4230 4234/4234/4234
f 4231/4231/4231 4234/4234/4234 4235/4235/4235
f 4232/4232/4232 3601/3601/3601 3616/3616/3616
f 4232/4232/4232 3616/3616/3616 4236/4236/4236
f 3622/3622/3622 4233/4233/4233 4237/4237/4237
f 3622/3622/3622 4237/4237/4237 3629/3629/3629
f 4233/4233/4233 4238/4238/4238 4239/4239/4239
f 4233/4233/4233 4239/4239/4239 4237/4237/4237
f 4236/4236/4236 3616/3616/3616 3619/3619/3619
f 4236/4236/4236 3619/3619/3619 4240/4240/4240
f 3629/3629/3629 4237/4237/4237 4241/4241/4241
f 3629/3629/3629 4241/4241/4241 3630/3630/3630
f 4237/4237/4237 4239/4239/4239 4242/4242/4242
f 4237/4237/4237 4242/4242/4242 4241/4241/4241
f 4240/4240/4240 3619/3619/3619 3624/3624/3624
f 4240/4240/4240 3624/3624/3624 4243/4243/4243
f 3630/3630/3630 4241/4241/4241 4244/4244/4244
f 3630/3630/3630 4244/4244/4244 3637/3637/3637
f 4241/4241/4241 4242/4242/4242 4245/4245/4245
f 4241/4241/4241 4245/4245/4245 4244/4244/4244
f 4243/4243/4243 3624/3624/3624 3627/3627/3627
f 4243/4243/4243 3627/3627/3627 4246/4246/4246
f 3637/3637/3637 4244/4244/4244 4247/4247/4247
f 3637/3637/3637 4247/4247/4247 3638/3638/3638
f 4244/4244/4244 4245/4245/4245 4248/4248/4248
f 4244/4244/4244 4248/4248/4248 4247/4247/4247
f 4246/4246/4246 3627/3627/3627 3800/3800/3800
f 4246/4246/4246 3800/3800/3800 4249/4249/4249
f 3638/3638/3638 4247/4247/4247 4250/4250/4250
f 3638/3638/3638 4250/4250/4250 3645/3645/3645
f 4247/4247/4247 4248/4248/4248 4251/4251/4251
f 4247/4247/4247 4251/4251/4251 4250/4250/4250
f 4252/4252/4252 3632/3632/3632 3635/3635/3635
f 4252/4252/4252 3635/3635/3635 4253/4253/4253
f 3645/3645/3645 4250/4250/4250 4254/4254/4254
f 3645/3645/3645 4254/4254/4254 3646/3646/3646
f 4250/4250/4250 4251/4251/4251 4255/4255/4255
f 4250/4250/4250 4255/4255/4255 4254/4254/4254
f 4253/4253/4253 3635/3635/3635 3640/3640/3640
f 4253/4253/4253 3640/3640/3640 4256/4256/4256
f 3646/3646/3646 4254/4254/4254 4257/4257/4257
f 3646/3646/3646 4257/4257/4257 3653/3653/3653
f 4254/4254/4254 4255/4255/4255 4258/4258/4258
f 4254/4254/4254 4258/4258/4258 4257/4257/4257
f 4256/4256/4256 3640/3640/3640 3643/3643/3643
f 4256/4256/4256 3643/3643/3643 4259/4259/4259
f 3653/3653/3653 4257/4257/4257 4260/4260/4260
f 3653/3653/3653 4260/4260/4260 3654/3654/3654
f 4257/4257/4257 4258/4258/4258 4261/4261/4261
f 4257/4257/4257 4261/4261/4261 4260/4260/4260
f 4259/4259/4259 3643/3643/3643 3648/3648/3648
f 4259/4259/4259 3648/3648/3648 4262/4262/4262
f 3654/3654/3654 4260/4260/4260 4263/4263/4263
f 3654/3654/3654 4263/4263/4263 3661/3661/3661
f 4260/4260/4260 4261/4261/4261 4264/4264/4264
f 4260/4260/4260 4264/4264/4264 4263/4263/4263
f 4262/4262/4262 3648/3648/3648 3651/3651/3651
f 4262/4262/4262 3651/3651/3651 4265/4265/4265
f 3661/3661/3661 4263/4263/4263 4266/4266/4266
f 3661/3661/3661 4266/4266/4266 3662/3662/3662
f 4263/4263/4263 4264/4264/4264 4267/4267/4267
f 4263/4263/4263 4267/4267/4267 4266/4266/4266
f 4265/4265/4265 3651/3651/3651 3656/3656/3656
f 4265/4265/4265 3656/3656/3656 4268/4268/4268
f 3662/3662/3662 4266/4266/4266 4269/4269/4269
f 3662/3662/3662 4269/4269/4269 3669/3669/3669
f 4270/4270/4270 4268/4268/4268 4271/4271/4271
f 4270/4270/4270 4271/4271/4271 4272/4272/4272
f 4268/4268/4268 3656/3656/3656 3659/3659/3659
f 4268/4268/4268 3659/3659/3659 4271/4271/4271
f 3669/3669/3669 4269/4269/4269 4273/4273/4273
f 3669/3669/3669 4273/4273/4273 3670/3670/3670
f 4272/4272/4272 4271/4271/4271 4274/4274/4274
f 4272/4272/4272 4274/4274/4274 4275/4275/4275
f 4271/4271/4271 3659/3659/3659 3664/3664/3664
f 4271/4271/4271 3664/3664/3664 4274/4274/4274
f 3670/3670/3670 4273/4273/4273 4276/4276/4276
f 3670/3670/3670 4276/4276/4276 3683/3683/3683
f 4275/4275/4275 4274/4274/4274 4277/4277/4277
f 4275/4275/4275 4277/4277/4277 4278/4278/4278
f 4274/4274/4274 3664/3664/3664 3667/3667/3667
f 4274/4274/4274 3667/3667/3667 4277/4277/4277
f 3683/3683/3683 4276/4276/4276 4279/4279/4279
f 3683/3683/3683 4279/4279/4279 3684/3684/3684
f 4278/4278/4278 4277/4277/4277 4280/4280/4280
f 4278/4278/4278 4280/4280/4280 4281/4281/4281
f 4277/4277/4277 3667/3667/3667 3676/3676/3676
f 4277/4277/4277 3676/3676/3676 4280/4280/4280
f 3684/3684/3684 4279/4279/4279 4282/4282/4282
f 3684/3684/3684 4282/4282/4282 3695/3695/3695
f 4281/4281/4281 4280/4280/4280 4283/4283/4283
f 4281/4281/4281 4283/4283/4283 4284/4284/4284
f 4280/4280/4280 3676/3676/3676 3679/3679/3679
f 4280/4280/4280 3679/3679/3679 4283/4283/4283
f 3695/3695/3695 4282/4282/4282 4285/4285/4285
f 3695/3695/3695 4285/4285/4285 3696/3696/3696
f 4286/4286/4286 4287/4287/4287 4288/4288/4288
f 4286/4286/4286 4288/4288/4288 4289/4289/4289
f 4283/4283/4283 3679/3679/3679 3688/3688/3688
f 4283/4283/4283 3688/3688/3688 4290/4290/4290
f 3696/3696/3696 4285/4285/4285 4291/4291/4291
f 3696/3696/3696 4291/4291/4291 3765/3765/3765
f 4289/4289/4289 4288/4288/4288 4292/4292/4292
f 4289/4289/4289 4292/4292/4292 4293/4293/4293
f 4290/4290/4290 3688/3688/3688 3691/3691/3691
f 4290/4290/4290 3691/3691/3691 4294/4294/4294
f 3756/3756/3756 4295/4295/4295 4296/4296/4296
f 3756/3756/3756 4296/4296/4296 3757/3757/3757
f 4297/4297/4297 4298/4298/4298 4299/4299/4299
f 4297/4297/4297 4299/4299/4299 4300/4300/4300
f 4298/4298/4298 3742/3742/3742 3745/3745/3745
f 4298/4298/4298 3745/3745/3745 4299/4299/4299
f 3757/3757/3757 4296/4296/4296 4301/4301/4301
f 3757/3757/3757 4301/4301/4301 3759/3759/3759
f 4300/4300/4300 4299/4299/4299 4302/4302/4302
f 4300/4300/4300 4302/4302/4302 4303/4303/4303
f 4299/4299/4299 3745/3745/3745 3672/3672/3672
f 4299/4299/4299 3672/3672/3672 4302/4302/4302
f 3759/3759/3759 4301/4301/4301 4304/4304/4304
f 3759/3759/3759 4304/4304/4304 3761/3761/3761
f 4305/4305/4305 4306/4306/4306 4307/4307/4307
f 4305/4305/4305 4307/4307/4307 4308/4308/4308
f 4302/4302/4302 3672/3672/3672 3675/3675/3675
f 4302/4302/4302 3675/3675/3675 4309/4309/4309
f 3761/3761/3761 4304/4304/4304 4310/4310/4310
f 3761/3761/3761 4310/4310/4310 3763/3763/3763
f 4308/4308/4308 4307/4307/4307 4311/4311/4311
f 4308/4308/4308 4311/4311/4311 4312/4312/4312
f 4309/4309/4309 3675/3675/3675 3681/3681/3681
f 4309/4309/4309 3681/3681/3681 4313/4313/4313
f 3763/3763/3763 4310/4310/4310 4314/4314/4314
f 3763/3763/3763 4314/4314/4314 3767/3767/3767
f 4312/4312/4312 4311/4311/4311 4315/4315/4315
f 4312/4312/4312 4315/4315/4315 4316/4316/4316
f 4313/4313/4313 3681/3681/3681 3687/3687/3687
f 4313/4313/4313 3687/3687/3687 4317/4317/4317
f 3767/3767/3767 4314/4314/4314 4318/4318/4318
f 3767/3767/3767 4318/4318/4318 3771/3771/3771
f 4316/4316/4316 4315/4315/4315 4319/4319/4319
f 4316/4316/4316 4319/4319/4319 4320/4320/4320
f 4317/4317/4317 3687/3687/3687 3693/3693/3693
f 4317/4317/4317 3693/3693/3693 4321/4321/4321
f 3771/3771/3771 4318/4318/4318 4322/4322/4322
f 3771/3771/3771 4322/4322/4322 3777/3777/3777
f 4320/4320/4320 4319/4319/4319 4323/4323/4323
f 4320/4320/4320 4323/4323/4323 4322/4322/4322
f 4321/4321/4321 3693/3693/3693 3699/3699/3699
f 4321/4321/4321 3699/3699/3699 4324/4324/4324
f 3777/3777/3777 4322/4322/4322 4325/4325/4325
f 3777/3777/3777 4325/4325/4325 3781/3781/3781
f 4322/4322/4322 4323/4323/4323 4326/4326/4326
f 4322/4322/4322 4326/4326/4326 4325/4325/4325
f 4324/4324/4324 3699/3699/3699 3701/3701/3701
f 4324/4324/4324 3701/3701/3701 4327/4327/4327
f 3781/3781/3781 4325/4325/4325 4328/4328/4328
f 3781/3781/3781 4328/4328/4328 3785/3785/3785
f 4325/4325/4325 4326/4326/4326 4329/4329/4329
f 4325/4325/4325 4329/4329/4329 4328/4328/4328
f 4330/4330/4330 3702/3702/3702 3590/3590/3590
f 4330/4330/4330 3590/3590/3590 4331/4331/4331
f 3785/3785/3785 4328/4328/4328 4332/4332/4332
f 3785/3785/3785 4332/4332/4332 3787/3787/3787
f 4328/4328/4328 4329/4329/4329 4333/4333/4333
f 4328/4328/4328 4333/4333/4333 4332/4332/4332
f 4331/4331/4331 3590/3590/3590 3593/3593/3593
f 4331/4331/4331 3593/3593/3593 4334/4334/4334
f 3787/3787/3787 4332/4332/4332 4335/4335/4335
f 3787/3787/3787 4335/4335/4335 3789/3789/3789
f 4332/4332/4332 4333/4333/4333 4336/4336/4336
f 4332/4332/4332 4336/4336/4336 4335/4335/4335
f 4334/4334/4334 3593/3593/3593 3603/3603/3603
f 4334/4334/4334 3603/3603/3603 4337/4337/4337
f 3789/3789/3789 4335/4335/4335 4338/4338/4338
f 3789/3789/3789 4338/4338/4338 3791/3791/3791
f 4335/4335/4335 4336/4336/4336 4339/4339/4339
f 4335/4335/4335 4339/4339/4339 4338/4338/4338
f 4337/4337/4337 3603/3603/3603 3605/3605/3605
f 4337/4337/4337 3605/3605/3605 4340/4340/4340
f 3791/3791/3791 4338/4338/4338 4341/4341/4341
f 3791/3791/3791 4341/4341/4341 3793/3793/3793
f 4338/4338/4338 4339/4339/4339 4342/4342/4342
f 4338/4338/4338 4342/4342/4342 4341/4341/4341
f 4340/4340/4340 3605/3605/3605 3607/3607/3607
f 4340/4340/4340 3607/3607/3607 4343/4343/4343
f 3793/3793/3793 4341/4341/4341 4344/4344/4344
f 3793/3793/3793 4344/4344/4344 3795/3795/3795
f 4345/4345/4345 4346/4346/4346 4347/4347/4347
f 4345/4345/4345 4347/4347/4347 4348/4348/4348
f 4343/4343/4343 3607/3607/3607 3609/3609/3609
f 4343/4343/4343 3609/3609/3609 4349/4349/4349
f 3795/3795/3795 4344/4344/4344 4350/4350/4350
f 3795/3795/3795 4350/4350/4350 3797/3797/3797
f 4348/4348/4348 4347/4347/4347 4351/4351/4351
f 4348/4348/4348 4351/4351/4351 4352/4352/4352
f 4349/4349/4349 3609/3609/3609 3615/3615/3615
f 4349/4349/4349 3615/3615/3615 4353/4353/4353
f 3797/3797/3797 4350/4350/4350 3189/3189/3189
f 3797/3797/3797 3189/3189/3189 2613/2613/2613
f 4352/4352/4352 4351/4351/4351 3191/3191/3191
f 4352/4352/4352 3191/3191/3191 3190/3190/3190
f 4353/4353/4353 3615/3615/3615 2425/2425/2425
f 4353/4353/4353 2425/2425/2425 3192/3192/3192
f 3774/3774/3774 4354/4354/4354 4215/4215/4215
f 3774/3774/3774 4215/4215/4215 3775/3775/3775
f 4355/4355/4355 4356/4356/4356 4218/4218/4218
f 4355/4355/4355 4218/4218/4218 4217/4217/4217
f 4356/4356/4356 3594/3594/3594 3597/3597/3597
f 4356/4356/4356 3597/3597/3597 4218/4218/4218
f 3784/3784/3784 4216/4216/4216 4295/4295/4295
f 3784/3784/3784 4295/4295/4295 3756/3756/3756
f 4220/4220/4220 4219/4219/4219 4298/4298/4298
f 4220/4220/4220 4298/4298/4298 4297/4297/4297
f 4219/4219/4219 3780/3780/3780 3742/3742/3742
f 4219/4219/4219 3742/3742/3742 4298/4298/4298
f 3765/3765/3765 4291/4291/4291 4354/4354/4354
f 3765/3765/3765 4354/4354/4354 3774/3774/3774
f 4293/4293/4293 4292/4292/4292 4357/4357/4357
f 4293/4293/4293 4357/4357/4357 4358/4358/4358
f 4294/4294/4294 3691/3691/3691 3594/3594/3594
f 4294/4294/4294 3594/3594/3594 4356/4356/4356
f 3776/3776/3776 3775/3775/3775 3784/3784/3784
f 3776/3776/3776 3784/3784/3784 3783/3783/3783
f 4359/4359/4359 4360/4360/4360 4361/4361/4361
f 4359/4359/4359 4361/4361/4361 4362/4362/4362
f 4363/4363/4363 4364/4364/4364 4365/4365/4365
f 4363/4363/4363 4365/4365/4365 4366/4366/4366
f 4367/4367/4367 4368/4368/4368 4369/4369/4369
f 4367/4367/4367 4369/4369/4369 4370/4370/4370
f 4371/4371/4371 4372/4372/4372 4368/4368/4368
f 4371/4371/4371 4368/4368/4368 4367/4367/4367
f 4373/4373/4373 4374/4374/4374 4372/4372/4372
f 4373/4373/4373 4372/4372/4372 4371/4371/4371
f 4375/4375/4375 4376/4376/4376 4374/4374/4374
f 4375/4375/4375 4374/4374/4374 4373/4373/4373
f 4377/4377/4377 4378/4378/4378 4376/4376/4376
f 4377/4377/4377 4376/4376/4376 4375/4375/4375
f 4379/4379/4379 4380/4380/4380 4378/4378/4378
f 4379/4379/4379 4378/4378/4378 4377/4377/4377
f 4381/4381/4381 4382/4382/4382 4380/4380/4380
f 4381/4381/4381 4380/4380/4380 4379/4379/4379
f 4383/4383/4383 4384/4384/4384 4382/4382/4382
f 4383/4383/4383 4382/4382/4382 4381/4381/4381
f 4385/4385/4385 4386/4386/4386 4384/4384/4384
f 4385/4385/4385 4384/4384/4384 4383/4383/4383
f 4387/4387/4387 4388/4388/4388 4386/4386/4386
f 4387/4387/4387 4386/4386/4386 4385/4385/4385
f 4389/4389/4389 4390/4390/4390 4388/4388/4388
f 4389/4389/4389 4388/4388/4388 4387/4387/4387
f 4391/4391/4391 4392/4392/4392 4390/4390/4390
f 4391/4391/4391 4390/4390/4390 4389/4389/4389
f 4393/4393/4393 4394/4394/4394 4392/4392/4392
f 4393/4393/4393 4392/4392/4392 4391/4391/4391
f 4393/4393/4393 4395/4395/4395 4396/4396/4396
f 4393/4393/4393 4396/4396/4396 4394/4394/4394
f 4397/4397/4397 4398/4398/4398 4399/4399/4399
f 4397/4397/4397 4399/4399/4399 4400/4400/4400
f 4401/4401/4401 4402/4402/4402 4394/4394/4394
f 4401/4401/4401 4394/4394/4394 4396/4396/4396
f 4403/4403/4403 4404/4404/4404 4402/4402/4402
f 4403/4403/4403 4402/4402/4402 4401/4401/4401
f 4405/4405/4405 4406/4406/4406 4404/4404/4404
f 4405/4405/4405 4404/4404/4404 4403/4403/4403
f 4407/4407/4407 4408/4408/4408 4409/4409/4409
f 4407/4407/4407 4409/4409/4409 4410/4410/4410
f 4404/4404/4404 4406/4406/4406 4411/4411/4411
f 4404/4404/4404 4411/4411/4411 4412/4412/4412
f 4412/4412/4412 4411/4411/4411 4413/4413/4413
f 4412/4412/4412 4413/4413/4413 4414/4414/4414
f 4414/4414/4414 4413/4413/4413 4415/4415/4415
f 4414/4414/4414 4415/4415/4415 4416/4416/4416
f 4416/4416/4416 4415/4415/4415 4417/4417/4417
f 4416/4416/4416 4417/4417/4417 4418/4418/4418
f 4418/4418/4418 4417/4417/4417 4419/4419/4419
f 4418/4418/4418 4419/4419/4419 4420/4420/4420
f 4420/4420/4420 4419/4419/4419 4421/4421/4421
f 4420/4420/4420 4421/4421/4421 4422/4422/4422
f 4422/4422/4422 4421/4421/4421 4423/4423/4423
f 4422/4422/4422 4423/4423/4423 4424/4424/4424
f 4424/4424/4424 4423/4423/4423 4425/4425/4425
f 4424/4424/4424 4425/4425/4425 4426/4426/4426
f 4426/4426/4426 4425/4425/4425 4427/4427/4427
f 4426/4426/4426 4427/4427/4427 4428/4428/4428
f 4428/4428/4428 4427/4427/4427 4429/4429/4429
f 4428/4428/4428 4429/4429/4429 4430/4430/4430
f 4430/4430/4430 4429/4429/4429 4431/4431/4431
f 4430/4430/4430 4431/4431/4431 4432/4432/4432
f 4432/4432/4432 4431/4431/4431 4360/4360/4360
f 4432/4432/4432 4360/4360/4360 4359/4359/4359
f 4433/4433/4433 4434/4434/4434 4435/4435/4435
f 4433/4433/4433 4435/4435/4435 4436/4436/4436
f 4366/4366/4366 4437/4437/4437 4438/4438/4438
f 4366/4366/4366 4438/4438/4438 4363/4363/4363
f 4361/4361/4361 4439/4439/4439 4440/4440/4440
f 4361/4361/4361 4440/4440/4440 4362/4362/4362
f 4441/4441/4441 4442/4442/4442 4443/4443/4443
f 4441/4441/4441 4443/4443/4443 4444/4444/4444
f 4445/4445/4445 4441/4441/4441 4444/4444/4444
f 4445/4445/4445 4444/4444/4444 4446/4446/4446
f 4447/4447/4447 4445/4445/4445 4446/4446/4446
f 4447/4447/4447 4446/4446/4446 4448/4448/4448
f 4449/4449/4449 4447/4447/4447 4448/4448/4448
f 4449/4449/4449 4448/4448/4448 4450/4450/4450
f 4451/4451/4451 4449/4449/4449 4450/4450/4450
f 4451/4451/4451 4450/4450/4450 4452/4452/4452
f 4453/4453/4453 4451/4451/4451 4452/4452/4452
f 4453/4453/4453 4452/4452/4452 4454/4454/4454
f 4455/4455/4455 4453/4453/4453 4454/4454/4454
f 4455/4455/4455 4454/4454/4454 4456/4456/4456
f 4457/4457/4457 4458/4458/4458 4459/4459/4459
f 4457/4457/4457 4459/4459/4459 4460/4460/4460
f 4461/4461/4461 4457/4457/4457 4460/4460/4460
f 4461/4461/4461 4460/4460/4460 4462/4462/4462
f 4463/4463/4463 4461/4461/4461 4462/4462/4462
f 4463/4463/4463 4462/4462/4462 4464/4464/4464
f 4408/4408/4408 4463/4463/4463 4464/4464/4464
f 4408/4408/4408 4464/4464/4464 4409/4409/4409
f 4394/4394/4394 4402/4402/4402 4465/4465/4465
f 4394/4394/4394 4465/4465/4465 4392/4392/4392
f 4392/4392/4392 4465/4465/4465 4466/4466/4466
f 4392/4392/4392 4466/4466/4466 4390/4390/4390
f 4390/4390/4390 4466/4466/4466 4467/4467/4467
f 4390/4390/4390 4467/4467/4467 4388/4388/4388
f 4388/4388/4388 4467/4467/4467 4468/4468/4468
f 4388/4388/4388 4468/4468/4468 4386/4386/4386
f 4386/4386/4386 4468/4468/4468 4469/4469/4469
f 4386/4386/4386 4469/4469/4469 4384/4384/4384
f 4384/4384/4384 4469/4469/4469 4470/4470/4470
f 4384/4384/4384 4470/4470/4470 4382/4382/4382
f 4382/4382/4382 4470/4470/4470 4471/4471/4471
f 4382/4382/4382 4471/4471/4471 4380/4380/4380
f 4380/4380/4380 4471/4471/4471 4472/4472/4472
f 4380/4380/4380 4472/4472/4472 4378/4378/4378
f 4378/4378/4378 4472/4472/4472 4473/4473/4473
f 4378/4378/4378 4473/4473/4473 4376/4376/4376
f 4376/4376/4376 4473/4473/4473 4474/4474/4474
f 4376/4376/4376 4474/4474/4474 4374/4374/4374
f 4374/4374/4374 4474/4474/4474 4475/4475/4475
f 4374/4374/4374 4475/4475/4475 4372/4372/4372
f 4372/4372/4372 4475/4475/4475 4476/4476/4476
f 4372/4372/4372 4476/4476/4476 4368/4368/4368
f 4368/4368/4368 4476/4476/4476 4477/4477/4477
f 4368/4368/4368 4477/4477/4477 4369/4369/4369
f 4362/4362/4362 4440/4440/4440 4478/4478/4478
f 4362/4362/4362 4478/4478/4478 4477/4477/4477
f 4369/4369/4369 4479/4479/4479 4480/4480/4480
f 4369/4369/4369 4480/4480/4480 4370/4370/4370
f 4402/4402/4402 4404/4404/4404 4412/4412/4412
f 4402/4402/4402 4412/4412/4412 4465/4465/4465
f 4465/4465/4465 4412/4412/4412 4414/4414/4414
f 4465/4465/4465 4414/4414/4414 4466/4466/4466
f 4466/4466/4466 4414/4414/4414 4416/4416/4416
f 4466/4466/4466 4416/4416/4416 4467/4467/4467
f 4467/4467/4467 4416/4416/4416 4418/4418/4418
f 4467/4467/4467 4418/4418/4418 4468/4468/4468
f 4468/4468/4468 4418/4418/4418 4420/4420/4420
f 4468/4468/4468 4420/4420/4420 4469/4469/4469
f 4469/4469/4469 4420/4420/4420 4422/4422/4422
f 4469/4469/4469 4422/4422/4422 4470/4470/4470
f 4470/4470/4470 4422/4422/4422 4424/4424/4424
f 4470/4470/4470 4424/4424/4424 4471/4471/4471
f 4471/4471/4471 4424/4424/4424 4426/4426/4426
f 4471/4471/4471 4426/4426/4426 4472/4472/4472
f 4472/4472/4472 4426/4426/4426 4428/4428/4428
f 4472/4472/4472 4428/4428/4428 4473/4473/4473
f 4473/4473/4473 4428/4428/4428 4430/4430/4430
f 4473/4473/4473 4430/4430/4430 4474/4474/4474
f 4474/4474/4474 4430/4430/4430 4432/4432/4432
f 4474/4474/4474 4432/4432/4432 4475/4475/4475
f 4475/4475/4475 4432/4432/4432 4359/4359/4359
f 4475/4475/4475 4359/4359/4359 4476/4476/4476
f 4476/4476/4476 4359/4359/4359 4362/4362/4362
f 4476/4476/4476 4362/4362/4362 4477/4477/4477
f 4364/4364/4364 4481/4481/4481 4482/4482/4482
f 4364/4364/4364 4482/4482/4482 4365/4365/4365
f 4481/4481/4481 4483/4483/4483 4484/4484/4484
f 4481/4481/4481 4484/4484/4484 4482/4482/4482
f 4483/4483/4483 4485/4485/4485 4486/4486/4486
f 4483/4483/4483 4486/4486/4486 4484/4484/4484
f 4485/4485/4485 4487/4487/4487 4488/4488/4488
f 4485/4485/4485 4488/4488/4488 4486/4486/4486
f 4487/4487/4487 4489/4489/4489 4490/4490/4490
f 4487/4487/4487 4490/4490/4490 4488/4488/4488
f 4489/4489/4489 4491/4491/4491 4492/4492/4492
f 4489/4489/4489 4492/4492/4492 4490/4490/4490
f 4491/4491/4491 4493/4493/4493 4494/4494/4494
f 4491/4491/4491 4494/4494/4494 4492/4492/4492
f 4495/4495/4495 4496/4496/4496 4497/4497/4497
f 4495/4495/4495 4497/4497/4497 4498/4498/4498
f 4496/4496/4496 4499/4499/4499 4500/4500/4500
f 4496/4496/4496 4500/4500/4500 4497/4497/4497
f 4499/4499/4499 4501/4501/4501 4502/4502/4502
f 4499/4499/4499 4502/4502/4502 4500/4500/4500
f 4501/4501/4501 4503/4503/4503 4504/4504/4504
f 4501/4501/4501 4504/4504/4504 4502/4502/4502
f 4503/4503/4503 4505/4505/4505 4506/4506/4506
f 4503/4503/4503 4506/4506/4506 4504/4504/4504
f 4505/4505/4505 4507/4507/4507 4508/4508/4508
f 4505/4505/4505 4508/4508/4508 4506/4506/4506
f 4477/4477/4477 4478/4478/4478 4479/4479/4479
f 4477/4477/4477 4479/4479/4479 4369/4369/4369
f 4507/4507/4507 4397/4397/4397 4400/4400/4400
f 4507/4507/4507 4400/4400/4400 4508/4508/4508
f 4509/4509/4509 4407/4407/4407 4410/4410/4410
f 4509/4509/4509 4410/4410/4410 4510/4510/4510
f 4511/4511/4511 4509/4509/4509 4510/4510/4510
f 4511/4511/4511 4510/4510/4510 4512/4512/4512
f 4398/4398/4398 4511/4511/4511 4512/4512/4512
f 4398/4398/4398 4512/4512/4512 4399/4399/4399
f 4361/4361/4361 4513/4513/4513 4514/4514/4514
f 4361/4361/4361 4514/4514/4514 4439/4439/4439
f 4513/4513/4513 4515/4515/4515 4516/4516/4516
f 4513/4513/4513 4516/4516/4516 4514/4514/4514
f 4517/4517/4517 4436/4436/4436 4435/4435/4435
f 4517/4517/4517 4435/4435/4435 4518/4518/4518
f 4480/4480/4480 4519/4519/4519 4520/4520/4520
f 4480/4480/4480 4520/4520/4520 4370/4370/4370
f 4519/4519/4519 4521/4521/4521 4522/4522/4522
f 4519/4519/4519 4522/4522/4522 4520/4520/4520
f 4523/4523/4523 4437/4437/4437 4366/4366/4366
f 4523/4523/4523 4366/4366/4366 4524/4524/4524
f 4365/4365/4365 4525/4525/4525 4524/4524/4524
f 4365/4365/4365 4524/4524/4524 4366/4366/4366
f 4526/4526/4526 4527/4527/4527 4520/4520/4520
f 4526/4526/4526 4520/4520/4520 4522/4522/4522
f 4527/4527/4527 4367/4367/4367 4370/4370/4370
f 4527/4527/4527 4370/4370/4370 4520/4520/4520
f 4482/4482/4482 4528/4528/4528 4525/4525/4525
f 4482/4482/4482 4525/4525/4525 4365/4365/4365
f 4529/4529/4529 4530/4530/4530 4527/4527/4527
f 4529/4529/4529 4527/4527/4527 4526/4526/4526
f 4530/4530/4530 4371/4371/4371 4367/4367/4367
f 4530/4530/4530 4367/4367/4367 4527/4527/4527
f 4484/4484/4484 4531/4531/4531 4528/4528/4528
f 4484/4484/4484 4528/4528/4528 4482/4482/4482
f 4532/4532/4532 4533/4533/4533 4530/4530/4530
f 4532/4532/4532 4530/4530/4530 4529/4529/4529
f 4533/4533/4533 4373/4373/4373 4371/4371/4371
f 4533/4533/4533 4371/4371/4371 4530/4530/4530
f 4486/4486/4486 4534/4534/4534 4531/4531/4531
f 4486/4486/4486 4531/4531/4531 4484/4484/4484
f 4535/4535/4535 4536/4536/4536 4533/4533/4533
f 4535/4535/4535 4533/4533/4533 4532/4532/4532
f 4536/4536/4536 4375/4375/4375 4373/4373/4373
f 4536/4536/4536 4373/4373/4373 4533/4533/4533
f 4488/4488/4488 4537/4537/4537 4534/4534/4534
f 4488/4488/4488 4534/4534/4534 4486/4486/4486
f 4538/4538/4538 4539/4539/4539 4536/4536/4536
f 4538/4538/4538 4536/4536/4536 4535/4535/4535
f 4539/4539/4539 4377/4377/4377 4375/4375/4375
f 4539/4539/4539 4375/4375/4375 4536/4536/4536
f 4490/4490/4490 4540/4540/4540 4537/4537/4537
f 4490/4490/4490 4537/4537/4537 4488/4488/4488
f 4541/4541/4541 4542/4542/4542 4539/4539/4539
f 4541/4541/4541 4539/4539/4539 4538/4538/4538
f 4542/4542/4542 4379/4379/4379 4377/4377/4377
f 4542/4542/4542 4377/4377/4377 4539/4539/4539
f 4492/4492/4492 4543/4543/4543 4540/4540/4540
f 4492/4492/4492 4540/4540/4540 4490/4490/4490
f 4544/4544/4544 4545/4545/4545 4542/4542/4542
f 4544/4544/4544 4542/4542/4542 4541/4541/4541
f 4545/4545/4545 4381/4381/4381 4379/4379/4379
f 4545/4545/4545 4379/4379/4379 4542/4542/4542
f 4494/4494/4494 4546/4546/4546 4543/4543/4543
f 4494/4494/4494 4543/4543/4543 4492/4492/4492
f 4547/4547/4547 4548/4548/4548 4545/4545/4545
f 4547/4547/4547 4545/4545/4545 4544/4544/4544
f 4549/4549/4549 4383/4383/4383 4381/4381/4381
f 4549/4549/4549 4381/4381/4381 4545/4545/4545
f 4497/4497/4497 4550/4550/4550 4551/4551/4551
f 4497/4497/4497 4551/4551/4551 4498/4498/4498
f 4552/4552/4552 4553/4553/4553 4548/4548/4548
f 4552/4552/4552 4548/4548/4548 4547/4547/4547
f 4554/4554/4554 4385/4385/4385 4383/4383/4383
f 4554/4554/4554 4383/4383/4383 4549/4549/4549
f 4500/4500/4500 4555/4555/4555 4550/4550/4550
f 4500/4500/4500 4550/4550/4550 4497/4497/4497
f 4556/4556/4556 4557/4557/4557 4553/4553/4553
f 4556/4556/4556 4553/4553/4553 4552/4552/4552
f 4558/4558/4558 4387/4387/4387 4385/4385/4385
f 4558/4558/4558 4385/4385/4385 4554/4554/4554
f 4502/4502/4502 4559/4559/4559 4555/4555/4555
f 4502/4502/4502 4555/4555/4555 4500/4500/4500
f 4560/4560/4560 4561/4561/4561 4557/4557/4557
f 4560/4560/4560 4557/4557/4557 4556/4556/4556
f 4562/4562/4562 4389/4389/4389 4387/4387/4387
f 4562/4562/4562 4387/4387/4387 4558/4558/4558
f 4504/4504/4504 4563/4563/4563 4559/4559/4559
f 4504/4504/4504 4559/4559/4559 4502/4502/4502
f 4563/4563/4563 4564/4564/4564 4565/4565/4565
f 4563/4563/4563 4565/4565/4565 4559/4559/4559
f 4566/4566/4566 4391/4391/4391 4389/4389/4389
f 4566/4566/4566 4389/4389/4389 4562/4562/4562
f 4506/4506/4506 4567/4567/4567 4563/4563/4563
f 4506/4506/4506 4563/4563/4563 4504/4504/4504
f 4567/4567/4567 4568/4568/4568 4564/4564/4564
f 4567/4567/4567 4564/4564/4564 4563/4563/4563
f 4569/4569/4569 4393/4393/4393 4391/4391/4391
f 4569/4569/4569 4391/4391/4391 4566/4566/4566
f 4508/4508/4508 4570/4570/4570 4567/4567/4567
f 4508/4508/4508 4567/4567/4567 4506/4506/4506
f 4571/4571/4571 4572/4572/4572 4569/4569/4569
f 4571/4571/4571 4569/4569/4569 4573/4573/4573
f 4572/4572/4572 4395/4395/4395 4393/4393/4393
f 4572/4572/4572 4393/4393/4393 4569/4569/4569
f 4400/4400/4400 4574/4574/4574 4570/4570/4570
f 4400/4400/4400 4570/4570/4570 4508/4508/4508
f 4575/4575/4575 4576/4576/4576 4572/4572/4572
f 4575/4575/4575 4572/4572/4572 4571/4571/4571
f 4576/4576/4576 4396/4396/4396 4395/4395/4395
f 4576/4576/4576 4395/4395/4395 4572/4572/4572
f 4399/4399/4399 4577/4577/4577 4574/4574/4574
f 4399/4399/4399 4574/4574/4574 4400/4400/4400
f 4578/4578/4578 4579/4579/4579 4576/4576/4576
f 4578/4578/4578 4576/4576/4576 4575/4575/4575
f 4579/4579/4579 4401/4401/4401 4396/4396/4396
f 4579/4579/4579 4396/4396/4396 4576/4576/4576
f 4512/4512/4512 4580/4580/4580 4577/4577/4577
f 4512/4512/4512 4577/4577/4577 4399/4399/4399
f 4581/4581/4581 4582/4582/4582 4579/4579/4579
f 4581/4581/4581 4579/4579/4579 4578/4578/4578
f 4582/4582/4582 4403/4403/4403 4401/4401/4401
f 4582/4582/4582 4401/4401/4401 4579/4579/4579
f 4510/4510/4510 4583/4583/4583 4580/4580/4580
f 4510/4510/4510 4580/4580/4580 4512/4512/4512
f 4584/4584/4584 4585/4585/4585 4582/4582/4582
f 4584/4584/4584 4582/4582/4582 4581/4581/4581
f 4585/4585/4585 4405/4405/4405 4403/4403/4403
f 4585/4585/4585 4403/4403/4403 4582/4582/4582
f 4410/4410/4410 4586/4586/4586 4583/4583/4583
f 4410/4410/4410 4583/4583/4583 4510/4510/4510
f 4587/4587/4587 4588/4588/4588 4585/4585/4585
f 4587/4587/4587 4585/4585/4585 4584/4584/4584
f 4588/4588/4588 4406/4406/4406 4405/4405/4405
f 4588/4588/4588 4405/4405/4405 4585/4585/4585
f 4409/4409/4409 4589/4589/4589 4586/4586/4586
f 4409/4409/4409 4586/4586/4586 4410/4410/4410
f 4589/4589/4589 4590/4590/4590 4591/4591/4591
f 4589/4589/4589 4591/4591/4591 4586/4586/4586
f 4592/4592/4592 4411/4411/4411 4406/4406/4406
f 4592/4592/4592 4406/4406/4406 4588/4588/4588
f 4464/4464/4464 4593/4593/4593 4589/4589/4589
f 4464/4464/4464 4589/4589/4589 4409/4409/4409
f 4593/4593/4593 4594/4594/4594 4590/4590/4590
f 4593/4593/4593 4590/4590/4590 4589/4589/4589
f 4595/4595/4595 4413/4413/4413 4411/4411/4411
f 4595/4595/4595 4411/4411/4411 4592/4592/4592
f 4462/4462/4462 4596/4596/4596 4593/4593/4593
f 4462/4462/4462 4593/4593/4593 4464/4464/4464
f 4597/4597/4597 4598/4598/4598 4599/4599/4599
f 4597/4597/4597 4599/4599/4599 4600/4600/4600
f 4601/4601/4601 4415/4415/4415 4413/4413/4413
f 4601/4601/4601 4413/4413/4413 4595/4595/4595
f 4460/4460/4460 4602/4602/4602 4596/4596/4596
f 4460/4460/4460 4596/4596/4596 4462/4462/4462
f 4603/4603/4603 4604/4604/4604 4598/4598/4598
f 4603/4603/4603 4598/4598/4598 4597/4597/4597
f 4605/4605/4605 4417/4417/4417 4415/4415/4415
f 4605/4605/4605 4415/4415/4415 4601/4601/4601
f 4459/4459/4459 4606/4606/4606 4602/4602/4602
f 4459/4459/4459 4602/4602/4602 4460/4460/4460
f 4607/4607/4607 4608/4608/4608 4604/4604/4604
f 4607/4607/4607 4604/4604/4604 4603/4603/4603
f 4609/4609/4609 4419/4419/4419 4417/4417/4417
f 4609/4609/4609 4417/4417/4417 4605/4605/4605
f 4454/4454/4454 4610/4610/4610 4611/4611/4611
f 4454/4454/4454 4611/4611/4611 4456/4456/4456
f 4612/4612/4612 4613/4613/4613 4608/4608/4608
f 4612/4612/4612 4608/4608/4608 4607/4607/4607
f 4613/4613/4613 4421/4421/4421 4419/4419/4419
f 4613/4613/4613 4419/4419/4419 4609/4609/4609
f 4452/4452/4452 4614/4614/4614 4610/4610/4610
f 4452/4452/4452 4610/4610/4610 4454/4454/4454
f 4615/4615/4615 4616/4616/4616 4613/4613/4613
f 4615/4615/4615 4613/4613/4613 4612/4612/4612
f 4616/4616/4616 4423/4423/4423 4421/4421/4421
f 4616/4616/4616 4421/4421/4421 4613/4613/4613
f 4450/4450/4450 4617/4617/4617 4614/4614/4614
f 4450/4450/4450 4614/4614/4614 4452/4452/4452
f 4618/4618/4618 4619/4619/4619 4616/4616/4616
f 4618/4618/4618 4616/4616/4616 4615/4615/4615
f 4619/4619/4619 4425/4425/4425 4423/4423/4423
f 4619/4619/4619 4423/4423/4423 4616/4616/4616
f 4448/4448/4448 4620/4620/4620 4617/4617/4617
f 4448/4448/4448 4617/4617/4617 4450/4450/4450
f 4621/4621/4621 4622/4622/4622 4619/4619/4619
f 4621/4621/4621 4619/4619/4619 4618/4618/4618
f 4622/4622/4622 4427/4427/4427 4425/4425/4425
f 4622/4622/4622 4425/4425/4425 4619/4619/4619
f 4446/4446/4446 4623/4623/4623 4620/4620/4620
f 4446/4446/4446 4620/4620/4620 4448/4448/4448
f 4624/4624/4624 4625/4625/4625 4622/4622/4622
f 4624/4624/4624 4622/4622/4622 4621/4621/4621
f 4625/4625/4625 4429/4429/4429 4427/4427/4427
f 4625/4625/4625 4427/4427/4427 4622/4622/4622
f 4444/4444/4444 4626/4626/4626 4623/4623/4623
f 4444/4444/4444 4623/4623/4623 4446/4446/4446
f 4627/4627/4627 4628/4628/4628 4625/4625/4625
f 4627/4627/4627 4625/4625/4625 4624/4624/4624
f 4628/4628/4628 4431/4431/4431 4429/4429/4429
f 4628/4628/4628 4429/4429/4429 4625/4625/4625
f 4443/4443/4443 4629/4629/4629 4626/4626/4626
f 4443/4443/4443 4626/4626/4626 4444/4444/4444
f 4630/4630/4630 4631/4631/4631 4628/4628/4628
f 4630/4630/4630 4628/4628/4628 4627/4627/4627
f 4631/4631/4631 4360/4360/4360 4431/4431/4431
f 4631/4631/4631 4431/4431/4431 4628/4628/4628
f 4436/4436/4436 4517/4517/4517 4629/4629/4629
f 4436/4436/4436 4629/4629/4629 4443/4443/4443
f 4515/4515/4515 4513/4513/4513 4631/4631/4631
f 4515/4515/4515 4631/4631/4631 4630/4630/4630
f 4513/4513/4513 4361/4361/4361 4360/4360/4360
f 4513/4513/4513 4360/4360/4360 4631/4631/4631
f 4442/4442/4442 4433/4433/4433 4436/4436/4436
f 4442/4442/4442 4436/4436/4436 4443/4443/4443
f 4632/4632/4632 4633/4633/4633 4634/4634/4634
f 4633/4633/4633 4632/4632/4632 4635/4635/4635
f 4635/4635/4635 4632/4632/4632 4636/4636/4636
f 4635/4635/4635 4636/4636/4636 4637/4637/4637
f 4637/4637/4637 4636/4636/4636 4638/4638/4638
f 4637/4637/4637 4638/4638/4638 4639/4639/4639
f 4639/4639/4639 4638/4638/4638 4640/4640/4640
f 4639/4639/4639 4640/4640/4640 4641/4641/4641
f 4641/4641/4641 4640/4640/4640 4642/4642/4642
f 4641/4641/4641 4642/4642/4642 4643/4643/4643
f 4643/4643/4643 4642/4642/4642 4644/4644/4644
f 4643/4643/4643 4644/4644/4644 4645/4645/4645
f 4645/4645/4645 4644/4644/4644 4646/4646/4646
f 4645/4645/4645 4646/4646/4646 4647/4647/4647
f 4647/4647/4647 4646/4646/4646 4648/4648/4648
f 4647/4647/4647 4648/4648/4648 4649/4649/4649
f 4649/4649/4649 4648/4648/4648 4650/4650/4650
f 4649/4649/4649 4650/4650/4650 4651/4651/4651
f 4651/4651/4651 4650/4650/4650 4652/4652/4652
f 4651/4651/4651 4652/4652/4652 4653/4653/4653
f 4653/4653/4653 4652/4652/4652 4654/4654/4654
f 4653/4653/4653 4654/4654/4654 4655/4655/4655
f 4655/4655/4655 4654/4654/4654 4656/4656/4656
f 4655/4655/4655 4656/4656/4656 4657/4657/4657
f 4657/4657/4657 4656/4656/4656 4658/4658/4658
f 4657/4657/4657 4658/4658/4658 4659/4659/4659
f 4659/4659/4659 4658/4658/4658 4660/4660/4660
f 4659/4659/4659 4660/4660/4660 4661/4661/4661
f 4661/4661/4661 4660/4660/4660 4662/4662/4662
f 4661/4661/4661 4662/4662/4662 4663/4663/4663
f 4663/4663/4663 4662/4662/4662 4664/4664/4664
f 4663/4663/4663 4664/4664/4664 4665/4665/4665
f 4663/4663/4663 4665/4665/4665 4666/4666/4666
f 4666/4666/4666 4665/4665/4665 4667/4667/4667
f 4666/4666/4666 4667/4667/4667 4668/4668/4668
f 4668/4668/4668 4667/4667/4667 4669/4669/4669
f 4668/4668/4668 4669/4669/4669 4670/4670/4670
f 4670/4670/4670 4669/4669/4669 4671/4671/4671
f 4670/4670/4670 4671/4671/4671 4672/4672/4672
f 4672/4672/4672 4671/4671/4671 4673/4673/4673
f 4672/4672/4672 4673/4673/4673 4674/4674/4674
f 4674/4674/4674 4673/4673/4673 4675/4675/4675
f 4674/4674/4674 4675/4675/4675 4676/4676/4676
f 4676/4676/4676 4675/4675/4675 4677/4677/4677
f 4676/4676/4676 4677/4677/4677 4678/4678/4678
f 4678/4678/4678 4677/4677/4677 4679/4679/4679
f 4678/4678/4678 4679/4679/4679 4680/4680/4680
f 4680/4680/4680 4679/4679/4679 4681/4681/4681
f 4680/4680/4680 4681/4681/4681 4682/4682/4682
f 4682/4682/4682 4681/4681/4681 4683/4683/4683
f 4682/4682/4682 4683/4683/4683 4684/4684/4684
f 4684/4684/4684 4683/4683/4683 4685/4685/4685
f 4684/4684/4684 4685/4685/4685 4686/4686/4686
f 4686/4686/4686 4685/4685/4685 4687/4687/4687
f 4686/4686/4686 4687/4687/4687 4688/4688/4688
f 4688/4688/4688 4687/4687/4687 4689/4689/4689
f 4688/4688/4688 4689/4689/4689 4690/4690/4690
f 4690/4690/4690 4689/4689/4689 4691/4691/4691
f 4690/4690/4690 4691/4691/4691 4692/4692/4692
f 4692/4692/4692 4691/4691/4691 4693/4693/4693
f 4692/4692/4692 4693/4693/4693 4694/4694/4694
f 4694/4694/4694 4693/4693/4693 4695/4695/4695
f 1142/1142/1142 1140/1140/1140 1141/1141/1141
f 1140/1140/1140 1142/1142/1142 1139/1139/1139
f 1139/1139/1139 1142/1142/1142 1143/1143/1143
f 1139/1139/1139 1143/1143/1143 1144/1144/1144
f 1139/1139/1139 1144/1144/1144 1138/1138/1138
f 1138/1138/1138 1144/1144/1144 1145/1145/1145
f 1138/1138/1138 1145/1145/1145 1137/1137/1137
f 1137/1137/1137 1145/1145/1145 1136/1136/1136
f 1136/1136/1136 1145/1145/1145 1146/1146/1146
f 1136/1136/1136 1146/1146/1146 1147/1147/1147
f 1136/1136/1136 1147/1147/1147 1135/1135/1135
f 1135/1135/1135 1147/1147/1147 1148/1148/1148
f 1135/1135/1135 1148/1148/1148 1134/1134/1134
f 1134/1134/1134 1148/1148/1148 1133/1133/1133
f 1133/1133/1133 1148/1148/1148 1149/1149/1149
f 1133/1133/1133 1149/1149/1149 1150/1150/1150
f 1133/1133/1133 1150/1150/1150 1132/1132/1132
f 1132/1132/1132 1150/1150/1150 1151/1151/1151
f 1132/1132/1132 1151/1151/1151 1131/1131/1131
f 1131/1131/1131 1151/1151/1151 1130/1130/1130
f 1130/1130/1130 1151/1151/1151 1152/1152/1152
f 1130/1130/1130 1152/1152/1152 1129/1129/1129
f 1129/1129/1129 1152/1152/1152 1153/1153/1153
f 1129/1129/1129 1153/1153/1153 1154/1154/1154
f 1129/1129/1129 1154/1154/1154 1128/1128/1128
f 1128/1128/1128 1154/1154/1154 1155/1155/1155
f 1128/1128/1128 1155/1155/1155 1127/1127/1127
f 1127/1127/1127 1155/1155/1155 1126/1126/1126
f 1126/1126/1126 1155/1155/1155 1156/1156/1156
f 1126/1126/1126 1156/1156/1156 1094/1094/1094
f 1126/1126/1126 1094/1094/1094 1125/1125/1125
f 1125/1125/1125 1094/1094/1094 1124/1124/1124
f 1124/1124/1124 1094/1094/1094 1093/1093/1093
f 1124/1124/1124 1093/1093/1093 1123/1123/1123
f 1123/1123/1123 1093/1093/1093 1095/1095/1095
f 1123/1123/1123 1095/1095/1095 1122/1122/1122
f 1122/1122/1122 1095/1095/1095 1096/1096/1096
f 1122/1122/1122 1096/1096/1096 1097/1097/1097
f 1122/1122/1122 1097/1097/1097 1121/1121/1121
f 1121/1121/1121 1097/1097/1097 1098/1098/1098
f 1121/1121/1121 1098/1098/1098 1120/1120/1120
f 1120/1120/1120 1098/1098/1098 1099/1099/1099
f 1120/1120/1120 1099/1099/1099 1119/1119/1119
f 1119/1119/1119 1099/1099/1099 1118/1118/1118
f 1118/1118/1118 1099/1099/1099 1100/1100/1100
f 1118/1118/1118 1100/1100/1100 1117/1117/1117
f 1117/1117/1117 1100/1100/1100 1101/1101/1101
f 1117/1117/1117 1101/1101/1101 1116/1116/1116
f 1116/1116/1116 1101/1101/1101 1102/1102/1102
f 1116/1116/1116 1102/1102/1102 1115/1115/1115
f 1115/1115/1115 1102/1102/1102 1103/1103/1103
f 1115/1115/1115 1103/1103/1103 1114/1114/1114
f 1114/1114/1114 1103/1103/1103 1104/1104/1104
f 1114/1114/1114 1104/1104/1104 1105/1105/1105
f 1114/1114/1114 1105/1105/1105 1113/1113/1113
f 1113/1113/1113 1105/1105/1105 1106/1106/1106
f 1113/1113/1113 1106/1106/1106 1112/1112/1112
f 1112/1112/1112 1106/1106/1106 1111/1111/1111
f 1111/1111/1111 1106/1106/1106 1107/1107/1107
f 1111/1111/1111 1107/1107/1107 1110/1110/1110
f 1110/1110/1110 1107/1107/1107 1108/1108/1108
f 1110/1110/1110 1108/1108/1108 1109/1109/1109
f 1921/1921/1921 1930/1930/1930 1925/1925/1925
f 1930/1930/1930 1921/1921/1921 1913/1913/1913
f 1930/1930/1930 1913/1913/1913 1938/1938/1938
f 1938/1938/1938 1913/1913/1913 1904/1904/1904
f 1938/1938/1938 1904/1904/1904 1947/1947/1947
f 1947/1947/1947 1904/1904/1904 1902/1902/1902
f 1947/1947/1947 1902/1902/1902 1954/1954/1954
f 1954/1954/1954 1902/1902/1902 1975/1975/1975
f 1954/1954/1954 1975/1975/1975 1961/1961/1961
f 1961/1961/1961 1975/1975/1975 1968/1968/1968
f 1961/1961/1961 1968/1968/1968 1935/1935/1935
f 1935/1935/1935 1968/1968/1968 1958/1958/1958
f 1935/1935/1935 1958/1958/1958 1937/1937/1937
f 1937/1937/1937 1958/1958/1958 1948/1948/1948
f 1937/1937/1937 1948/1948/1948 1945/1945/1945
f 1945/1945/1945 1948/1948/1948 1934/1934/1934
f 1945/1945/1945 1934/1934/1934 1953/1953/1953
f 1953/1953/1953 1934/1934/1934 1926/1926/1926
f 1953/1953/1953 1926/1926/1926 1956/1956/1956
f 1956/1956/1956 1926/1926/1926 1919/1919/1919
f 1956/1956/1956 1919/1919/1919 1963/1963/1963
f 1963/1963/1963 1919/1919/1919 1906/1906/1906
f 1963/1963/1963 1906/1906/1906 1972/1972/1972
f 1972/1972/1972 1906/1906/1906 1905/1905/1905
f 1972/1972/1972 1905/1905/1905 1978/1978/1978
f 1978/1978/1978 1905/1905/1905 1974/1974/1974
f 1978/1978/1978 1974/1974/1974 1916/1916/1916
f 1916/1916/1916 1974/1974/1974 1967/1967/1967
f 1916/1916/1916 1967/1967/1967 1917/1917/1917
f 1917/1917/1917 1967/1967/1967 1966/1966/1966
f 1917/1917/1917 1966/1966/1966 1924/1924/1924
f 1924/1924/1924 1966/1966/1966 1931/1931/1931
f 1931/1931/1931 1966/1966/1966 1971/1971/1971
f 1931/1931/1931 1971/1971/1971 1944/1944/1944
f 1944/1944/1944 1971/1971/1971 1962/1962/1962
f 1944/1944/1944 1962/1962/1962 1955/1955/1955
f 1955/1955/1955 1962/1962/1962 1952/1952/1952
f 1955/1955/1955 1952/1952/1952 1965/1965/1965
f 1965/1965/1965 1952/1952/1952 1939/1939/1939
f 1965/1965/1965 1939/1939/1939 1973/1973/1973
f 1973/1973/1973 1939/1939/1939 1929/1929/1929
f 1973/1973/1973 1929/1929/1929 1979/1979/1979
f 1979/1979/1979 1929/1929/1929 1922/1922/1922
f 1979/1979/1979 1922/1922/1922 1908/1908/1908
f 1908/1908/1908 1922/1922/1922 1912/1912/1912
f 1908/1908/1908 1912/1912/1912 1909/1909/1909
f 1909/1909/1909 1912/1912/1912 1911/1911/1911
f 1909/1909/1909 1911/1911/1911 1918/1918/1918
f 1918/1918/1918 1911/1911/1911 1976/1976/1976
f 1918/1918/1918 1976/1976/1976 1923/1923/1923
f 1923/1923/1923 1976/1976/1976 1969/1969/1969
f 1923/1923/1923 1969/1969/1969 1927/1927/1927
f 1927/1927/1927 1969/1969/1969 1960/1960/1960
f 1927/1927/1927 1960/1960/1960 1932/1932/1932
f 1932/1932/1932 1960/1960/1960 1959/1959/1959
f 1932/1932/1932 1959/1959/1959 1949/1949/1949
f 1932/1932/1932 1949/1949/1949 1942/1942/1942
f 1942/1942/1942 1949/1949/1949 1941/1941/1941
f 1942/1942/1942 1941/1941/1941 1950/1950/1950
f 1950/1950/1950 1941/1941/1941 1940/1940/1940
f 1950/1950/1950 1940/1940/1940 1957/1957/1957
f 1957/1957/1957 1940/1940/1940 1964/1964/1964
f 1982/1982/1982 1987/1987/1987 4696/4696/4696
f 1987/1987/1987 1982/1982/1982 1981/1981/1981
f 1987/1987/1987 1981/1981/1981 1985/1985/1985
f 2517/2517/2517 4697/4697/4697 2521/2521/2521
f 4697/4697/4697 2517/2517/2517 4698/4698/4698
f 4698/4698/4698 2517/2517/2517 4699/4699/4699
f 4699/4699/4699 2517/2517/2517 4700/4700/4700
f 4701/4701/4701 4702/4702/4702 4703/4703/4703
f 4702/4702/4702 4701/4701/4701 4704/4704/4704
f 4704/4704/4704 4701/4701/4701 4705/4705/4705
f 2521/2521/2521 4706/4706/4706 4707/4707/4707
f 4706/4706/4706 2521/2521/2521 4708/4708/4708
f 4708/4708/4708 2521/2521/2521 4697/4697/4697
f 4708/4708/4708 4709/4709/4709 4706/4706/4706
f 4709/4709/4709 4708/4708/4708 4710/4710/4710
f 4710/4710/4710 4708/4708/4708 4711/4711/4711
f 4712/4712/4712 4700/4700/4700 2517/2517/2517
f 4700/4700/4700 4712/4712/4712 4701/4701/4701
f 4701/4701/4701 4712/4712/4712 4705/4705/4705
f 4697/4697/4697 4711/4711/4711 4708/4708/4708
f 4711/4711/4711 4697/4697/4697 4713/4713/4713
f 4713/4713/4713 4697/4697/4697 4714/4714/4714
f 4714/4714/4714 4697/4697/4697 4715/4715/4715
f 4715/4715/4715 4697/4697/4697 4698/4698/4698
f 4700/4700/4700 4716/4716/4716 4699/4699/4699
f 4716/4716/4716 4700/4700/4700 4717/4717/4717
f 4717/4717/4717 4700/4700/4700 4718/4718/4718
f 4718/4718/4718 4700/4700/4700 4703/4703/4703
f 4703/4703/4703 4700/4700/4700 4701/4701/4701
f 2330/2330/2330 2357/2357/2357 2331/2331/2331
f 2357/2357/2357 2330/2330/2330 2362/2362/2362
f 2362/2362/2362 2330/2330/2330 2340/2340/2340
f 2362/2362/2362 2340/2340/2340 2345/2345/2345
f 2362/2362/2362 2345/2345/2345 2352/2352/2352
f 2362/2362/2362 2352/2352/2352 2325/2325/2325
f 2362/2362/2362 2325/2325/2325 2318/2318/2318
f 2362/2362/2362 2318/2318/2318 2313/2313/2313
f 2362/2362/2362 2313/2313/2313 2304/2304/2304
f 2362/2362/2362 2304/2304/2304 2303/2303/2303
f 4719/4719/4719 3712/3712/3712 3714/3714/3714
f 3712/3712/3712 4719/4719/4719 4720/4720/4720
f 3712/3712/3712 4720/4720/4720 4721/4721/4721
f 3712/3712/3712 4721/4721/4721 4722/4722/4722
f 4723/4723/4723 4724/4724/4724 4725/4725/4725
f 4724/4724/4724 4723/4723/4723 4726/4726/4726
f 4726/4726/4726 4723/4723/4723 4727/4727/4727
f 4728/4728/4728 4729/4729/4729 4730/4730/4730
f 4729/4729/4729 4728/4728/4728 3714/3714/3714
f 3714/3714/3714 4728/4728/4728 4719/4719/4719
f 4731/4731/4731 4730/4730/4730 4732/4732/4732
f 4730/4730/4730 4731/4731/4731 4728/4728/4728
f 4728/4728/4728 4731/4731/4731 4733/4733/4733
f 4722/4722/4722 4734/4734/4734 3712/3712/3712
f 4734/4734/4734 4722/4722/4722 4726/4726/4726
f 4734/4734/4734 4726/4726/4726 4727/4727/4727
f 4733/4733/4733 4719/4719/4719 4728/4728/4728
f 4719/4719/4719 4733/4733/4733 4735/4735/4735
f 4719/4719/4719 4735/4735/4735 4736/4736/4736
f 4719/4719/4719 4736/4736/4736 4737/4737/4737
f 4719/4719/4719 4737/4737/4737 4720/4720/4720
f 4738/4738/4738 4722/4722/4722 4721/4721/4721
f 4722/4722/4722 4738/4738/4738 4739/4739/4739
f 4722/4722/4722 4739/4739/4739 4740/4740/4740
f 4722/4722/4722 4740/4740/4740 4724/4724/4724
f 4722/4722/4722 4724/4724/4724 4726/4726/4726
f 3557/3557/3557 3528/3528/3528 3553/3553/3553
f 3528/3528/3528 3557/3557/3557 3525/3525/3525
f 3525/3525/3525 3557/3557/3557 3535/3535/3535
f 3535/3535/3535 3557/3557/3557 3540/3540/3540
f 3540/3540/3540 3557/3557/3557 3547/3547/3547
f 3547/3547/3547 3557/3557/3557 3521/3521/3521
f 3521/3521/3521 3557/3557/3557 3514/3514/3514
f 3514/3514/3514 3557/3557/3557 3509/3509/3509
f 3509/3509/3509 3557/3557/3557 3501/3501/3501
f 3501/3501/3501 3557/3557/3557 3498/3498/3498