# https://github.com/mikedh/trimesh
mtllib material.mtl
usemtl material_0
v -0.01469433 -0.03508160 0.32535639
v -0.01203135 -0.03174919 0.32447118
v 0.00000000 -0.04337852 0.32756017
v 0.00858460 -0.02917658 0.32378700
v 0.01203320 -0.03174919 0.32447118
v -0.01469433 -0.05167543 0.32976395
v -0.01640756 -0.04774366 0.32872015
v 0.01640756 -0.04774366 0.32872015
v 0.01469433 -0.05167543 0.32976395
v 0.00858460 -0.05758045 0.33133149
v 0.00451637 -0.05923651 0.33177225
v 0.01469433 -0.03508160 0.32535639
v -0.01701245 -0.04337852 0.32756017
v -0.01640756 -0.03901337 0.32640018
v -0.01203135 -0.05500784 0.33064915
v -0.00858460 -0.02917658 0.32378700
v -0.00451637 -0.02752052 0.32334809
v -0.00858460 -0.05758045 0.33133149
v 0.00000000 -0.05982112 0.33192716
v 0.01640756 -0.03901337 0.32640018
v 0.00451637 -0.02752052 0.32334809
v 0.00000000 -0.02693776 0.32319318
v -0.00451637 -0.05923651 0.33177225
v 0.01203320 -0.05500784 0.33064915
v 0.01701245 -0.04337852 0.32756017
v 0.00000000 -0.05982112 0.33192716
v -0.01748640 0.33386077 0.31712586
v -0.01431812 0.33785154 0.31712586
v -0.01431812 0.33840479 0.28910373
v -0.01748640 0.33438820 0.28910373
v -0.01431812 0.33908898 0.22338497
v -0.01748640 0.33503181 0.22338497
v 0.00000000 0.30490180 0.22338497
v 0.00000000 0.30454956 0.28910373
v -0.00537391 0.30525403 0.28910373
v -0.00537391 0.30561365 0.22338497
v -0.00537391 0.30413831 0.33912679
v -0.00537391 0.30492393 0.31712586
v 0.00000000 0.30422499 0.31712586
v 0.00000000 0.30343200 0.33905118
v 0.00537391 0.32609866 0.43158230
v 0.01021669 0.32440941 0.43049977
v 0.01021669 0.32694145 0.42627847
v 0.00537391 0.32867312 0.42729092
v -0.00537391 0.30568741 0.14856339
v 0.00000000 0.30497188 0.14856339
v 0.01748640 0.31437344 0.28910373
v 0.01431812 0.31035500 0.28910373
v 0.01431812 0.31076441 0.22338497
v 0.01748640 0.31482158 0.22338497
v -0.01431812 0.30998986 0.31712586
v -0.01021669 0.30690825 0.31712586
v -0.01021669 0.30614108 0.33933887
v -0.01431812 0.30925035 0.33966897
v 0.01021669 0.08241217 0.49009590
v 0.01431812 0.08279023 0.48697925
v 0.01431812 0.09420009 0.48744583
v 0.01021669 0.09391609 0.49056985
v -0.01431812 0.33937667 0.14856339
v -0.01748640 0.33529368 0.14856339
v -0.01431812 0.33736837 0.34266021
v -0.01748640 0.33334071 0.34223237
v 0.00000000 0.34361826 0.31712586
v 0.00537391 0.34291932 0.31712586
v 0.00537391 0.34350576 0.28910373
v 0.00000000 0.34421024 0.28910373
v 0.00537391 0.34423974 0.22338497
v 0.00000000 0.34495159 0.22338497
v -0.01431812 0.29606823 0.45890917
v -0.01021669 0.29810235 0.46128446
v -0.01021669 0.30191240 0.45792992
v -0.01431812 0.29979530 0.45562840
v 0.00537391 0.34455878 0.14856339
v 0.00000000 0.34527432 0.14856339
v 0.00000000 0.34318672 0.34327801
v 0.00537391 0.34248041 0.34320424
v 0.01748640 0.31398064 0.31712586
v 0.01431812 0.30998986 0.31712586
v 0.00000000 0.34495159 0.22338497
v -0.00537391 0.34423974 0.22338497
v -0.00537391 0.34350576 0.28910373
v 0.00000000 0.34421024 0.28910373
v 0.00000000 0.34361826 0.31712586
v -0.00537391 0.34291932 0.31712586
v -0.00537391 0.34248041 0.34320424
v 0.00000000 0.34318672 0.34327801
v 0.02024527 0.15457446 0.47402951
v 0.01952605 0.15474043 0.47934440
v 0.01952605 0.12288243 0.47920055
v 0.02024527 0.12304657 0.47388013
v 0.01431812 0.31087137 0.14856339
v 0.01748640 0.31495436 0.14856339
v 0.01748640 0.31327801 0.34009866
v 0.01431812 0.30925035 0.33966897
v 0.01021669 0.30763117 0.22338497
v 0.01021669 0.30771784 0.14856339
v 0.01748640 0.33386077 0.31712586
v 0.01952605 0.32915076 0.31712586
v 0.01952605 0.32964500 0.28910373
v 0.01748640 0.33438820 0.28910373
v -0.01431812 0.25265284 0.45293960
v -0.01748640 0.25430890 0.45662609
v -0.01748640 0.25746427 0.45515445
v -0.01431812 0.25567174 0.45152882
v 0.00000000 0.34527432 0.14856339
v -0.00537391 0.34455878 0.14856339
v 0.01021669 0.30690825 0.31712586
v 0.01021669 0.30725127 0.28910373
v -0.01021669 0.34222222 0.22338497
v -0.01021669 0.34252835 0.14856339
v 0.01952605 0.32858645 0.34172522
v 0.01748640 0.33334071 0.34223237
v 0.01952605 0.33024251 0.22338497
v 0.01748640 0.33503181 0.22338497
v 0.01021669 0.30614108 0.33933887
v 0.00000000 0.03265837 0.48446750
v 0.00537391 0.03290917 0.48380360
v 0.00537391 0.03720240 0.48531028
v 0.00000000 0.03697372 0.48598340
v 0.01952605 0.33047303 0.14856339
v 0.01748640 0.33529368 0.14856339
v 0.02024527 0.32392070 0.31712586
v 0.01952605 0.31869249 0.31712586
v 0.01952605 0.31911480 0.28910373
v 0.02024527 0.32437990 0.28910373
v 0.01952605 0.31961088 0.22338497
v 0.02024527 0.32492577 0.22338497
v 0.02024527 0.32330844 0.34116459
v 0.01952605 0.31803227 0.34060396
v 0.00537391 0.29373536 0.41087045
v 0.00000000 0.29313970 0.41048870
v 0.00000000 0.29493223 0.40753435
v 0.00537391 0.29554080 0.40789212
v 0.01952605 0.31977317 0.14856339
v 0.02024527 0.32512310 0.14856339
v -0.01952420 0.32915076 0.31712586
v -0.01952420 0.32964500 0.28910373
v -0.01952420 0.33024251 0.22338497
v -0.01952420 0.32858645 0.34172522
v -0.00537391 0.29373536 0.41087045
v -0.00537391 0.29554080 0.40789212
v -0.01431812 0.31035500 0.28910373
v -0.01021669 0.30725127 0.28910373
v -0.01431812 0.31076441 0.22338497
v -0.01021669 0.30763117 0.22338497
v 0.00537391 0.30492393 0.31712586
v 0.00537391 0.30525403 0.28910373
v 0.00000000 -0.01830890 0.34223974
v 0.00537391 -0.01899308 0.34245367
v 0.00537391 -0.02617612 0.31576671
v 0.00000000 -0.02548640 0.31556754
v -0.01952420 0.33047303 0.14856339
v -0.01021669 0.34093499 0.31712586
v -0.01021669 0.34150853 0.28910373
v -0.01021669 0.34047764 0.34299032
v -0.01431812 0.31087137 0.14856339
v -0.01021669 0.30771784 0.14856339
v 0.01021669 0.34150853 0.28910373
v 0.01431812 0.33840479 0.28910373
v 0.01431812 0.33908898 0.22338497
v 0.01021669 0.34222222 0.22338497
v 0.00537391 0.30413831 0.33912679
v -0.01021669 0.00278285 0.41330659
v -0.01431812 0.00014753 0.41497003
v -0.01431812 0.00245274 0.41912679
v -0.01021669 0.00501614 0.41736192
v 0.01021669 0.34093499 0.31712586
v 0.01431812 0.33785154 0.31712586
v 0.01431812 0.33736837 0.34266021
v 0.01021669 0.34047764 0.34299032
v -0.00537391 0.25055048 0.44825726
v -0.01021669 0.25137298 0.45009036
v -0.01021669 0.25428677 0.44872937
v -0.00537391 0.25339604 0.44692762
v 0.01431812 0.33937667 0.14856339
v 0.01021669 0.34252835 0.14856339
v -0.00537391 0.30562102 0.07894606
v 0.00000000 0.30490180 0.07894606
v -0.02024343 0.32492577 0.22338497
v -0.02024343 0.32437990 0.28910373
v -0.02024343 0.32392070 0.31712586
v -0.02024343 0.32330844 0.34116459
v -0.01952420 0.31869249 0.31712586
v -0.01952420 0.31911480 0.28910373
v 0.01952605 0.08385431 0.47817888
v 0.02024527 0.08449424 0.47288981
v 0.02024527 0.09549101 0.47331581
v 0.01952605 0.09500784 0.47861964
v -0.02024343 0.32512310 0.14856339
v -0.01952420 0.31803227 0.34060396
v -0.01952420 0.31961088 0.22338497
v 0.01952605 0.33051913 0.07894606
v 0.01748640 0.33536007 0.07894606
v -0.01952420 0.31977317 0.14856339
v 0.00537391 0.30561365 0.22338497
v 0.00537391 0.30568741 0.14856339
v -0.01952605 -0.01623052 0.42532135
v -0.01748640 -0.02025634 0.42786630
v -0.01748640 -0.01739419 0.43280498
v -0.01952605 -0.01347718 0.43010512
v -0.01952605 0.01507607 0.44647026
v -0.02024343 0.01183771 0.45062702
v -0.02024343 0.01513140 0.45303919
v -0.01952605 0.01819456 0.44874412
v 0.00537391 0.33716183 0.40338497
v 0.01021669 0.33528815 0.40267681
v 0.01021669 0.33691655 0.39168004
v 0.00537391 0.33881973 0.39230705
v -0.01748640 0.31398064 0.31712586
v -0.01748640 0.31437344 0.28910373
v -0.01748640 0.31482158 0.22338497
v -0.01748640 0.31327801 0.34009866
v 0.01021669 -0.02093499 0.34306040
v 0.01431812 -0.02395205 0.34400461
v 0.01431812 -0.03117381 0.31720885
v 0.01021669 -0.02813462 0.31633103
v -0.01748640 0.31495436 0.14856339
v -0.00537391 0.08216874 0.49210235
v 0.00000000 0.08208391 0.49280867
v 0.00000000 0.09366713 0.49329184
v -0.00537391 0.09373167 0.49258368
v -0.01748640 0.31838451 0.42664546
v -0.01431812 0.32178331 0.42881973
v -0.01431812 0.32425450 0.42470539
v -0.01748640 0.32077455 0.42266759
v -0.01021669 0.30427663 0.38093223
v -0.01431812 0.30723283 0.38190595
v -0.01431812 0.30813278 0.37024343
v -0.01021669 0.30513232 0.36940065
v 0.00537391 0.30237344 0.38030521
v 0.00000000 0.30170217 0.38008391
v 0.00000000 0.30252098 0.36866482
v 0.00537391 0.30320148 0.36885662
v 0.01021669 0.29542462 0.41195113
v 0.01021669 0.29727248 0.40890456
v 0.00000000 0.34207838 0.36460028
v 0.00537391 0.34138497 0.36446012
v -0.02024343 0.31923098 0.39660396
v -0.01952420 0.32416598 0.39847026
v -0.01952420 0.32561180 0.38795851
v -0.02024343 0.32059751 0.38630613
v -0.02024343 0.31595943 0.40980452
v -0.01952420 0.32071554 0.41208944
v -0.01952420 0.32246750 0.40659382
v -0.02024343 0.31762287 0.40450807
v -0.01952420 0.32677916 0.37549193
v -0.02024343 0.32168926 0.37405901
v -0.01431812 0.33237990 0.40157584
v -0.01021669 0.33528815 0.40267681
v -0.01021669 0.33691655 0.39168004
v -0.01431812 0.33396035 0.39070632
v 0.01952605 0.31558137 0.38465376
v 0.01748640 0.31106132 0.38316551
v 0.01748640 0.31201660 0.37133702
v 0.01952605 0.31660120 0.37262794
v -0.01952420 0.32771415 0.36170124
v -0.02024343 0.32252098 0.36065191
v -0.01952420 0.31120332 0.40751959
v -0.01952420 0.31277824 0.40242231
v -0.02024343 0.31412079 0.41397418
v -0.01952420 0.31878101 0.41645459
v -0.01952420 0.31666759 0.42026095
v -0.02024343 0.31210696 0.41759244
v 0.02024527 -0.03758967 0.34826648
v 0.01952605 -0.04270724 0.34986538
v 0.01952605 -0.05006916 0.32266390
v 0.02024527 -0.04491102 0.32117566
v -0.01952420 0.31429599 0.39473767
v -0.01952420 0.31558137 0.38465376
v -0.01952420 0.31660120 0.37262794
v -0.01952420 0.31732964 0.35960443
v -0.01952420 0.30946058 0.41149378
v -0.01952420 0.30754818 0.41492208
v 0.01952605 0.08513416 0.46760258
v 0.01748640 0.08571139 0.46283725
v 0.01748640 0.09641309 0.46323559
v 0.01952605 0.09597603 0.46801383
v -0.01748640 0.30691932 0.40545966
v -0.01748640 0.30841309 0.40054311
v -0.01748640 0.30984970 0.39305579
v -0.01748640 0.31106132 0.38316551
v -0.01748640 0.31201660 0.37133702
v -0.01748640 0.31265284 0.35866021
v -0.01748640 0.30526141 0.40925864
v -0.01748640 0.30343937 0.41251544
v -0.01431812 0.30329000 0.40371692
v -0.01431812 0.30471369 0.39895159
v -0.01431812 0.30608207 0.39163209
v -0.01431812 0.30868972 0.35785984
v -0.01431812 0.30170586 0.40736653
v -0.01431812 0.29995943 0.41047948
v -0.00537391 0.32609866 0.43158230
v 0.00000000 0.32669617 0.43196404
v 0.00000000 0.32928170 0.42764869
v -0.00537391 0.32867312 0.42729092
v -0.01021669 0.30048686 0.40237068
v -0.01021669 0.30185892 0.39772337
v -0.01021669 0.30317381 0.39053112
v -0.01021669 0.29895805 0.40590410
v -0.01021669 0.29727248 0.40890456
v -0.01021669 0.30562840 0.35724205
v -0.00537391 -0.05618442 0.35407930
v -0.01021669 -0.05424251 0.35347072
v -0.01021669 -0.06168926 0.32602029
v -0.00537391 -0.06364592 0.32658460
v -0.01021669 0.33824804 0.37871923
v -0.01431812 0.33524758 0.37787460
v -0.00537391 0.29868142 0.40150392
v -0.00537391 0.30002029 0.39693038
v -0.00537391 0.30130198 0.38982296
v -0.00537391 0.30237344 0.38030521
v -0.00537391 0.30320148 0.36885662
v -0.00537391 0.30365883 0.35684555
v -0.00537391 0.29718949 0.40496358
v 0.00000000 0.29804518 0.40119779
v 0.00000000 0.29937114 0.39665191
v 0.00000000 0.30064177 0.38957400
v 0.00000000 0.30296542 0.35670539
v 0.00000000 0.29656616 0.40463163
v -0.01748640 0.15425542 0.46392531
v -0.01431812 0.15412817 0.45986814
v -0.01431812 0.12348548 0.45970954
v -0.01748640 0.12336007 0.46376856
v 0.00537391 0.29868142 0.40150392
v 0.00537391 0.30002029 0.39693038
v 0.00537391 0.30130198 0.38982296
v 0.00537391 0.29718949 0.40496358
v 0.00537391 0.30365883 0.35684555
v -0.00537391 0.15396773 0.45471923
v 0.00000000 0.15394375 0.45400922
v 0.00000000 0.12366805 0.45384325
v -0.00537391 0.12364592 0.45455509
v -0.01021669 0.29127709 0.41808483
v -0.01431812 0.29377040 0.41996404
v -0.01431812 0.29598525 0.41680129
v -0.01021669 0.29342554 0.41501982
v 0.01021669 0.30048686 0.40237068
v 0.01021669 0.30185892 0.39772337
v 0.01021669 0.30317381 0.39053112
v 0.01021669 0.30427663 0.38093223
v 0.01021669 0.30513232 0.36940065
v 0.01021669 0.30562840 0.35724205
v 0.01021669 0.29895805 0.40590410
v 0.01021669 0.33941355 0.36406178
v 0.01431812 0.33635408 0.36344398
v 0.01431812 0.30329000 0.40371692
v 0.01431812 0.30471369 0.39895159
v 0.01431812 0.30608207 0.39163209
v 0.01431812 0.30723283 0.38190595
v 0.01431812 0.30813278 0.37024343
v 0.01431812 0.30868972 0.35785984
v 0.01431812 0.30170586 0.40736653
v 0.01431812 0.29995943 0.41047948
v 0.01431812 0.04471369 0.45249516
v 0.01021669 0.04581835 0.44956662
v 0.01021669 0.04900507 0.45064915
v 0.01431812 0.04799447 0.45361457
v 0.01748640 0.30691932 0.40545966
v 0.01748640 0.30841309 0.40054311
v 0.01748640 0.30984970 0.39305579
v 0.01748640 0.31265284 0.35866021
v 0.01748640 0.30526141 0.40925864
v 0.01748640 0.30343937 0.41251544
v 0.01431812 0.08620009 0.45880221
v 0.01021669 0.08657630 0.45568557
v 0.01021669 0.09706777 0.45606362
v 0.01431812 0.09678193 0.45918764
v 0.01952605 0.31277824 0.40242231
v 0.01952605 0.31120332 0.40751959
v 0.01952605 0.31429599 0.39473767
v 0.01952605 0.31732964 0.35960443
v 0.01952605 0.30946058 0.41149378
v 0.01952605 0.30754818 0.41492208
v -0.01431812 0.00320885 0.46170124
v -0.01021669 0.00130014 0.46415030
v -0.01021669 0.00516367 0.46701614
v -0.01431812 0.00696911 0.46448409
v 0.02024527 0.31595943 0.40980452
v 0.02024527 0.31762287 0.40450807
v 0.02024527 0.32059751 0.38630613
v 0.02024527 0.32168926 0.37405901
v 0.02024527 0.31923098 0.39660396
v 0.00537391 0.28967266 0.41687506
v 0.00000000 0.28910650 0.41644905
v 0.00000000 0.29119594 0.41346704
v 0.00537391 0.29177686 0.41387275
v 0.02024527 0.32252098 0.36065191
v 0.02024527 0.31412079 0.41397418
v 0.02024527 0.31210696 0.41759244
v 0.00000000 -0.02859751 0.43313693
v 0.00537391 -0.02799816 0.43275888
v 0.00537391 -0.02492393 0.43799631
v 0.00000000 -0.02550484 0.43839650
v 0.01952605 0.32071554 0.41208944
v 0.01952605 0.32246750 0.40659382
v 0.01952605 0.32416598 0.39847026
v 0.01952605 0.32561180 0.38795851
v 0.01952605 0.32677916 0.37549193
v 0.01952605 0.32771415 0.36170124
v 0.01952605 0.31878101 0.41645459
v 0.01952605 0.31666759 0.42026095
v 0.01748640 0.32499954 0.41414753
v 0.01748640 0.32683264 0.40847303
v 0.01748640 0.32861226 0.40015214
v 0.01748640 0.33013186 0.38944675
v 0.01748640 0.33136376 0.37678101
v 0.01748640 0.33239096 0.36264546
v 0.01748640 0.32298018 0.41868972
v 0.01748640 0.32077455 0.42266759
v 0.00000000 0.27387552 0.43300046
v -0.00537391 0.27433840 0.43353896
v -0.00537391 0.27718580 0.43104564
v 0.00000000 0.27670447 0.43052190
v 0.01431812 0.32862886 0.41589027
v 0.01431812 0.33053020 0.41006455
v 0.01431812 0.33237990 0.40157584
v 0.01431812 0.33396035 0.39070632
v 0.01431812 0.33524758 0.37787460
v 0.01431812 0.32653757 0.42058368
v 0.01431812 0.32425450 0.42470539
v 0.00537391 0.00007192 0.46572706
v 0.01021669 0.00130014 0.46415030
v 0.01021669 0.00516367 0.46701614
v 0.00537391 0.00400184 0.46864638
v 0.01021669 0.33143200 0.41723836
v 0.01021669 0.33338681 0.41129461
v 0.01021669 0.33824804 0.37871923
v 0.01021669 0.32928354 0.42204426
v 0.01431812 0.29606823 0.45890917
v 0.01748640 0.29343476 0.45583495
v 0.01748640 0.29705486 0.45264822
v 0.01431812 0.29979530 0.45562840
v 0.00537391 0.33323744 0.41810512
v 0.00537391 0.33522545 0.41208575
v 0.00537391 0.34017888 0.37926141
v 0.00537391 0.33105210 0.42298663
v 0.01021669 -0.05424251 0.35347072
v 0.00537391 -0.05618442 0.35407930
v 0.00537391 -0.06364592 0.32658460
v 0.01021669 -0.06168926 0.32602029
v 0.00000000 0.33387367 0.41841125
v 0.00000000 0.33587275 0.41236422
v 0.00000000 0.33782204 0.40363393
v 0.00000000 0.33949101 0.39252835
v -0.01748640 0.32861226 0.40015214
v -0.01748640 0.33013186 0.38944675
v 0.00000000 0.34085938 0.37945320
v 0.00000000 0.33167543 0.42331858
v 0.00000000 0.32928170 0.42764869
v -0.00537391 0.33323744 0.41810512
v 0.00000000 0.33387367 0.41841125
v 0.00000000 0.33587275 0.41236422
v -0.00537391 0.33522545 0.41208575
v -0.00537391 0.33716183 0.40338497
v 0.00000000 0.33782204 0.40363393
v 0.00000000 0.33949101 0.39252835
v -0.00537391 0.33881973 0.39230705
v 0.00000000 0.34085938 0.37945320
v -0.00537391 0.34017888 0.37926141
v 0.00000000 0.34207838 0.36460028
v -0.00537391 0.34138497 0.36446012
v -0.00537391 0.33105210 0.42298663
v 0.00000000 0.33167543 0.42331858
v -0.00537391 0.29941171 0.46281328
v 0.00000000 0.29987275 0.46335178
v 0.00000000 0.30375473 0.45993269
v -0.00537391 0.30327524 0.45941079
v -0.01021669 0.33143200 0.41723836
v -0.01021669 0.33338681 0.41129461
v -0.01021669 0.33941355 0.36406178
v -0.01021669 0.32928354 0.42204426
v -0.01021669 0.32694145 0.42627847
v -0.02024343 0.28687506 0.44817612
v -0.01952420 0.29032550 0.45220562
v -0.01952420 0.29382019 0.44913140
v -0.02024343 0.29022960 0.44522729
v -0.01431812 0.33053020 0.41006455
v -0.01431812 0.32862886 0.41589027
v -0.01431812 0.33635408 0.36344398
v -0.01431812 0.32653757 0.42058368
v 0.00537391 0.31729092 0.44415399
v 0.01021669 0.31573260 0.44288336
v 0.01021669 0.31879760 0.43882434
v 0.00537391 0.32040203 0.44003412
v -0.01748640 0.32499954 0.41414753
v -0.01748640 0.32683264 0.40847303
v -0.01748640 0.33136376 0.37678101
v 0.01952605 0.30080775 0.42526787
v 0.01748640 0.29699769 0.42239650
v 0.01748640 0.29930106 0.41910834
v 0.01952605 0.30321438 0.42183218
v -0.01748640 0.33239096 0.36264546
v -0.01748640 0.32298018 0.41868972
v -0.01952605 -0.00729000 0.41967266
v -0.02024343 -0.01176026 0.42249608
v -0.02024343 -0.00912863 0.42711019
v -0.01952605 -0.00478193 0.42411342
v -0.00537391 0.15518119 0.49333794
v -0.01021669 0.15511664 0.49132227
v -0.01021669 0.12251176 0.49118764
v -0.00537391 0.12244905 0.49320516
v -0.01431812 0.31330936 0.44091379
v -0.01021669 0.31573260 0.44288336
v -0.01021669 0.31879760 0.43882434
v -0.01431812 0.31630429 0.43694698
v -0.02024343 0.29656616 0.43885569
v -0.01952420 0.30042416 0.44249239
v -0.01952420 0.30352052 0.43897188
v -0.02024343 0.29953527 0.43547902
v -0.02024343 0.30236053 0.43200461
v -0.01952420 0.30647118 0.43534809
v -0.01952420 0.30926694 0.43164131
v -0.02024343 0.30503642 0.42845459
v -0.01952420 0.31190226 0.42787736
v -0.02024343 0.30755924 0.42485477
v -0.01952420 0.31437160 0.42407653
v -0.02024343 0.30991793 0.42122545
v -0.01952420 0.29270816 0.43521899
v -0.01952420 0.29554818 0.43198432
v -0.02024343 0.29346243 0.44211249
v -0.01952420 0.29718949 0.44588566
v -0.01748640 0.01799355 0.44272476
v -0.01748640 0.02095528 0.44487321
v -0.01952420 0.29824988 0.42865929
v -0.01952420 0.30080775 0.42526787
v -0.01952420 0.30321438 0.42183218
v -0.01952420 0.30546243 0.41837621
v -0.01952420 0.28973721 0.43833933
v -0.01952420 0.28663900 0.44132319
v 0.01431812 0.03472568 0.47898663
v 0.01748640 0.03615675 0.47519133
v 0.01748640 0.04017151 0.47659106
v 0.01431812 0.03886215 0.48043246
v -0.01748640 0.28923190 0.43194191
v -0.01748640 0.29195758 0.42883633
v -0.01748640 0.29454864 0.42564592
v -0.01748640 0.29699769 0.42239650
v -0.01748640 0.29930106 0.41910834
v -0.01748640 0.30144952 0.41580728
v -0.01748640 0.28637898 0.43494053
v -0.01748640 0.28340433 0.43780636
v 0.01431812 0.26421946 0.47868419
v 0.01748640 0.26256339 0.47499585
v 0.01748640 0.26639189 0.47321438
v 0.01431812 0.26818442 0.47684002
v -0.01431812 0.28628677 0.42916644
v -0.01431812 0.28891471 0.42616966
v -0.01431812 0.29141171 0.42309359
v -0.01431812 0.29805071 0.41363117
v -0.01431812 0.28353527 0.43205994
v -0.01431812 0.28066390 0.43482803
v -0.01952605 0.00859935 0.45478377
v -0.01748640 0.00568004 0.45852743
v -0.01748640 0.00930751 0.46120516
v -0.01952605 0.01206823 0.45733426
v -0.01021669 0.28401291 0.42702351
v -0.01021669 0.28656524 0.42411157
v -0.01021669 0.28898847 0.42112402
v -0.01021669 0.28133887 0.42983587
v -0.01021669 0.27854864 0.43252651
v -0.01021669 0.29542462 0.41195113
v -0.01021669 0.32169110 0.43468972
v -0.01431812 0.31913140 0.43290825
v -0.00537391 0.28254864 0.42564408
v -0.00537391 0.28505302 0.42278562
v -0.00537391 0.28743015 0.41985339
v -0.00537391 0.28967266 0.41687506
v -0.00537391 0.29177686 0.41387275
v -0.00537391 0.27992439 0.42840479
v -0.01021669 0.02237344 0.43710373
v -0.01431812 0.02046473 0.43955279
v -0.01431812 0.02329368 0.44159428
v -0.01021669 0.02509912 0.43906224
v 0.00000000 0.28203227 0.42515722
v 0.00000000 0.28452006 0.42231720
v 0.00000000 0.28687875 0.41940710
v 0.00000000 0.27942646 0.42789949
v -0.01748640 -0.04674043 0.35333794
v -0.01431812 -0.05064269 0.35456985
v -0.01431812 -0.04366621 0.37845367
v -0.01748640 -0.03982480 0.37707976
v 0.00537391 0.28254864 0.42564408
v 0.00537391 0.28505302 0.42278562
v 0.00537391 0.28743015 0.41985339
v 0.00537391 0.27992439 0.42840479
v 0.00537391 0.27718580 0.43104564
v -0.01431812 0.33946150 0.07894606
v -0.01748640 0.33536007 0.07894606
v -0.01021669 0.26961365 0.43970954
v -0.01431812 0.27147441 0.44222130
v -0.01431812 0.27460950 0.43990871
v -0.01021669 0.27266021 0.43746335
v 0.01021669 0.28401291 0.42702351
v 0.01021669 0.28656524 0.42411157
v 0.01021669 0.28898847 0.42112402
v 0.01021669 0.29127709 0.41808483
v 0.01021669 0.29342554 0.41501982
v 0.01021669 0.28133887 0.42983587
v 0.01021669 0.27854864 0.43252651
v -0.01952605 0.08385431 0.47817888
v -0.01748640 0.08327709 0.48294237
v -0.01748640 0.09457077 0.48339788
v -0.01952420 0.09500784 0.47861964
v 0.01431812 0.28628677 0.42916644
v 0.01431812 0.28891471 0.42616966
v 0.01431812 0.29141171 0.42309359
v 0.01431812 0.29377040 0.41996404
v 0.01431812 0.29598525 0.41680129
v 0.01431812 0.29805071 0.41363117
v 0.01431812 0.28353527 0.43205994
v 0.01431812 0.28066390 0.43482803
v -0.01952605 0.03784417 0.47071369
v -0.01748640 0.03615675 0.47519133
v -0.01748640 0.04017151 0.47659106
v -0.01952605 0.04171508 0.47205625
v 0.01748640 0.28923190 0.43194191
v 0.01748640 0.29195758 0.42883633
v 0.01748640 0.29454864 0.42564592
v 0.01748640 0.30144952 0.41580728
v 0.01748640 0.28637898 0.43494053
v 0.01748640 0.28340433 0.43780636
v 0.01431812 -0.05122545 0.35252835
v 0.01431812 -0.05865007 0.32514246
v 0.01952605 0.29554818 0.43198432
v 0.01952605 0.29270816 0.43521899
v 0.01952605 0.29824988 0.42865929
v 0.01952605 0.30546243 0.41837621
v 0.01952605 0.28973721 0.43833933
v 0.01952605 0.28663900 0.44132319
v 0.02024527 0.29656616 0.43885569
v 0.02024527 0.29953527 0.43547902
v 0.02024527 0.30503642 0.42845459
v 0.02024527 0.30755924 0.42485477
v 0.02024527 0.30236053 0.43200461
v 0.00537391 0.26841309 0.43809221
v 0.00000000 0.26799078 0.43752236
v 0.00000000 0.27096358 0.43533333
v 0.00537391 0.27140618 0.43588843
v 0.02024527 0.30991793 0.42122545
v 0.02024527 0.29346243 0.44211249
v 0.02024527 0.29022960 0.44522729
v 0.01748640 -0.04731950 0.35130751
v 0.01748640 -0.05471462 0.32400645
v 0.01952605 0.30042416 0.44249239
v 0.01952605 0.30352052 0.43897188
v 0.01952605 0.30647118 0.43534809
v 0.01952605 0.30926694 0.43164131
v 0.01952605 0.31190226 0.42787736
v 0.01952605 0.31437160 0.42407653
v 0.01952605 0.29718949 0.44588566
v 0.01952605 0.29382019 0.44913140
v 0.01021669 0.25137298 0.45009036
v 0.00537391 0.25055048 0.44825726
v 0.00537391 0.25339604 0.44692762
v 0.01021669 0.25428677 0.44872937
v 0.01748640 0.30390041 0.44576948
v 0.01748640 0.30711296 0.44211987
v 0.01748640 0.31017243 0.43836146
v 0.01748640 0.31307699 0.43451452
v 0.01748640 0.31581558 0.43060120
v 0.01748640 0.31838451 0.42664546
v 0.01748640 0.30054587 0.44928631
v 0.01952605 0.28342462 0.44414846
v 0.01748640 0.28031535 0.44051729
v 0.01431812 0.30684555 0.44854495
v 0.01431812 0.31015399 0.44478654
v 0.01431812 0.31330936 0.44091379
v 0.01431812 0.31630429 0.43694698
v 0.01431812 0.31913140 0.43290825
v 0.01431812 0.32178331 0.42881973
v 0.01431812 0.30339142 0.45216505
v -0.01021669 -0.02630337 0.43168741
v -0.00537391 -0.02799816 0.43275888
v -0.00537391 -0.02492393 0.43799631
v -0.01021669 -0.02327340 0.43685846
v 0.01021669 0.30911941 0.45068787
v 0.01021669 0.31250346 0.44684647
v 0.01021669 0.32169110 0.43468972
v 0.01021669 0.30558783 0.45438912
v 0.01021669 0.30191240 0.45792992
v 0.00000000 -0.02859751 0.43313693
v 0.00000000 -0.02550484 0.43839650
v 0.00537391 0.31058368 0.45206731
v 0.00537391 0.31401752 0.44817243
v 0.00537391 0.32333979 0.43583679
v 0.00537391 0.30700046 0.45582204
v 0.00537391 0.30327524 0.45941079
v 0.00537391 0.08681973 0.45367911
v 0.00000000 0.08690456 0.45297095
v 0.00000000 0.09731674 0.45334163
v 0.00537391 0.09725035 0.45404979
v 0.00000000 0.31110005 0.45255417
v 0.00000000 0.31455048 0.44863900
v 0.00000000 0.31784232 0.44460028
v 0.00000000 0.32096819 0.44046012
v -0.01748640 0.31017243 0.43836146
v -0.01748640 0.31307699 0.43451452
v 0.00000000 0.32392070 0.43624066
v 0.00000000 0.32669617 0.43196404
v 0.00000000 0.30750023 0.45632550
v 0.00000000 0.30375473 0.45993269
v 0.01748640 -0.02025634 0.42786630
v 0.01952605 -0.01623052 0.42532135
v 0.01952605 -0.01347718 0.43010512
v 0.01748640 -0.01739419 0.43280498
v -0.00537391 0.31058368 0.45206731
v 0.00000000 0.31110005 0.45255417
v 0.00000000 0.31455048 0.44863900
v -0.00537391 0.31401752 0.44817243
v -0.00537391 0.31729092 0.44415399
v 0.00000000 0.31784232 0.44460028
v 0.00000000 0.32096819 0.44046012
v -0.00537391 0.32040203 0.44003412
v 0.00000000 0.32392070 0.43624066
v -0.00537391 0.32333979 0.43583679
v -0.00537391 0.30700046 0.45582204
v 0.00000000 0.30750023 0.45632550
v -0.01021669 0.30911941 0.45068787
v -0.01021669 0.31250346 0.44684647
v -0.01021669 0.32440941 0.43049977
v -0.01021669 0.30558783 0.45438912
v 0.00537391 0.34466943 0.07894606
v 0.01021669 0.34262978 0.07894606
v -0.01431812 0.31015399 0.44478654
v -0.01431812 0.30684555 0.44854495
v -0.01431812 0.30339142 0.45216690
v 0.00537391 0.15396773 0.45471923
v 0.01021669 0.15403043 0.45673675
v 0.01021669 0.12358322 0.45657446
v 0.00537391 0.12364592 0.45455509
v 0.00537391 0.28723283 0.47190687
v 0.01021669 0.28609129 0.47024896
v 0.01021669 0.29016874 0.46744398
v 0.00537391 0.29136745 0.46906132
v -0.01748640 0.30390041 0.44576948
v -0.01748640 0.30711296 0.44211987
v -0.01748640 0.31581558 0.43060120
v 0.01952605 0.27673213 0.44931397
v 0.01748640 0.27388658 0.44547441
v 0.01748640 0.27713416 0.44307331
v 0.01952605 0.28011434 0.44681143
v -0.01748640 0.30054587 0.44928631
v -0.01748640 0.29705486 0.45264822
v 0.01431812 0.15412817 0.45986814
v 0.01431812 0.12348548 0.45970954
v -0.01431812 0.28431904 0.46767266
v -0.01021669 0.28609129 0.47024896
v -0.01021669 0.29016874 0.46744398
v -0.01431812 0.28830798 0.46493223
v -0.02024343 0.26908253 0.46043799
v -0.01952420 0.27176948 0.46500784
v -0.01952420 0.27554818 0.46278930
v -0.02024343 0.27269894 0.45831535
v -0.02024343 0.27630982 0.45602858
v -0.01952420 0.27931581 0.46039926
v -0.01952420 0.28305025 0.45783956
v -0.02024343 0.27989119 0.45357769
v -0.01952420 0.28672752 0.45510834
v -0.02024343 0.28342093 0.45095897
v -0.01952420 0.26639557 0.45586630
v -0.01952420 0.26984970 0.45384140
v -0.02024343 0.26548456 0.46239281
v -0.01952420 0.26800553 0.46705671
v -0.01952420 0.26427663 0.46893407
v -0.02024343 0.26192900 0.46418534
v -0.01952420 0.27330198 0.45165791
v -0.01952420 0.27673213 0.44931397
v -0.01952420 0.28011434 0.44681143
v -0.01952420 0.28342462 0.44414846
v -0.01952420 0.26296358 0.45773075
v -0.01952420 0.25957953 0.45943476
v 0.00537391 0.04653020 0.44768004
v 0.00537391 0.04965606 0.44873859
v -0.01748640 0.26397418 0.45174827
v -0.01748640 0.26728077 0.44981189
v -0.01748640 0.27059290 0.44772061
v -0.01748640 0.27388658 0.44547441
v -0.01748640 0.27713416 0.44307331
v -0.01748640 0.28031535 0.44051729
v -0.01748640 0.26069341 0.45352789
v 0.01748640 0.15489166 0.48413186
v 0.01431812 0.15501890 0.48818903
v 0.01431812 0.12260765 0.48805256
v 0.01748640 0.12273306 0.48399170
v -0.01431812 0.26192162 0.44825911
v -0.01431812 0.26510650 0.44639650
v -0.01431812 0.26829876 0.44438451
v -0.01431812 0.27768188 0.43744306
v -0.01431812 0.25876994 0.44996865
v 0.01021669 0.03362102 0.48191701
v 0.01021669 0.03785339 0.48339972
v -0.01021669 0.26033748 0.44556478
v -0.01021669 0.26342831 0.44376118
v -0.01021669 0.26652651 0.44180821
v -0.01021669 0.25728354 0.44722084
v -0.01021669 0.27564776 0.43506777
v -0.01952420 0.26060673 0.47064361
v -0.01748640 0.26256339 0.47499585
v -0.01748640 0.26639189 0.47321438
v -0.01021669 0.29417981 0.46445643
v -0.01431812 0.29223052 0.46201107
v -0.00537391 0.25931766 0.44382941
v -0.00537391 0.26234578 0.44206270
v -0.00537391 0.26538681 0.44015030
v -0.00537391 0.26841309 0.43809221
v -0.00537391 0.27140618 0.43588843
v -0.00537391 0.25632642 0.44545228
v 0.01952605 0.26060673 0.47064361
v 0.01952605 0.26427663 0.46893407
v 0.00000000 0.25895805 0.44321899
v 0.00000000 0.26196404 0.44146519
v 0.00000000 0.26498294 0.43956570
v 0.00000000 0.25598893 0.44482711
v 0.00000000 0.25308253 0.44629138
v 0.01748640 0.15425542 0.46392531
v 0.01952605 0.15440664 0.46871462
v 0.01952605 0.12321070 0.46856155
v 0.01748640 0.12336007 0.46376856
v 0.00537391 0.25931766 0.44382941
v 0.00537391 0.26234578 0.44206270
v 0.00537391 0.26538681 0.44015030
v 0.00537391 0.25632642 0.44545228
v 0.00537391 0.27433840 0.43353896
v -0.01021669 0.24469341 0.45239004
v -0.01431812 0.24575565 0.45532411
v -0.01431812 0.24944030 0.45420286
v -0.01021669 0.24826740 0.45130936
v 0.01021669 0.26033748 0.44556478
v 0.01021669 0.26342831 0.44376118
v 0.01021669 0.26652651 0.44181005
v 0.01021669 0.26961365 0.43970954
v 0.01021669 0.27266021 0.43746335
v 0.01021669 0.27564776 0.43506777
v 0.01021669 0.25728354 0.44722084
v 0.01431812 0.26192162 0.44825911
v 0.01431812 0.26510650 0.44639650
v 0.01431812 0.26829876 0.44438451
v 0.01431812 0.27147441 0.44222130
v 0.01431812 0.27460950 0.43990871
v 0.01431812 0.27768188 0.43744306
v 0.01431812 0.25876994 0.44996865
v 0.01431812 0.25567174 0.45152882
v 0.01748640 0.26397418 0.45174827
v 0.01748640 0.26728077 0.44981189
v 0.01748640 0.27059290 0.44772061
v 0.01748640 0.26069341 0.45352789
v 0.01748640 0.25746427 0.45515445
v 0.01952605 0.26984970 0.45384140
v 0.01952605 0.26639557 0.45586630
v 0.01952605 0.27330198 0.45165791
v 0.01952605 0.26296358 0.45773075
v 0.01952605 0.25957953 0.45943476
v 0.02024527 0.26908253 0.46043799
v 0.02024527 0.27269894 0.45831535
v 0.02024527 0.27989119 0.45357769
v 0.02024527 0.28342093 0.45095897
v 0.02024527 0.27630982 0.45602858
v 0.00537391 0.24400922 0.45050161
v 0.00000000 0.24376763 0.44983587
v 0.00000000 0.24724574 0.44879023
v 0.00537391 0.24751314 0.44944675
v 0.02024527 0.28687506 0.44817612
v 0.02024527 0.26548456 0.46239281
v 0.02024527 0.26192900 0.46418534
v -0.01952420 0.33051913 0.07894606
v -0.02024343 0.32514523 0.07894606
v 0.01952605 0.27176948 0.46500784
v 0.01952605 0.27554818 0.46278930
v 0.01952605 0.27931581 0.46039926
v 0.01952605 0.28305025 0.45783956
v 0.01952605 0.28672752 0.45510834
v 0.01952605 0.29032550 0.45220562
v 0.01952605 0.26800553 0.46705671
v 0.01748640 0.27419272 0.46912771
v 0.01748640 0.27811526 0.46682065
v 0.01748640 0.28202490 0.46433656
v 0.01748640 0.28589580 0.46167911
v 0.01748640 0.28970770 0.45884463
v 0.01748640 0.27027570 0.47125772
v 0.01431812 0.27624343 0.47261503
v 0.01431812 0.28028953 0.47023421
v 0.01431812 0.28431904 0.46767266
v 0.01431812 0.28830798 0.46493223
v 0.01431812 0.29223052 0.46201107
v 0.01431812 0.27220101 0.47481697
v 0.00537391 0.00447948 0.41223329
v 0.00000000 0.00507699 0.41185708
v 0.00000000 0.00724574 0.41582388
v 0.00537391 0.00666482 0.41622407
v 0.01021669 0.27782757 0.47530936
v 0.01021669 0.28196957 0.47287137
v 0.01021669 0.29417981 0.46445643
v 0.01021669 0.29810235 0.46128446
v 0.01021669 0.27368557 0.47756662
v 0.01021669 0.26956939 0.47963947
v 0.00000000 0.26661319 0.48401199
v 0.00537391 0.26632365 0.48336468
v 0.00537391 0.27046012 0.48144306
v 0.00000000 0.27077547 0.48207746
v 0.00537391 0.27884740 0.47704472
v 0.00537391 0.28305210 0.47456800
v 0.00537391 0.29543568 0.46602951
v 0.00537391 0.29941171 0.46281328
v 0.00537391 0.27464269 0.47933518
v 0.00000000 0.27920701 0.47765514
v 0.00000000 0.28343200 0.47516736
v 0.00000000 0.28763485 0.47249147
v 0.00000000 0.29178976 0.46963117
v -0.01748640 0.28202490 0.46433656
v -0.01748640 0.28589580 0.46167911
v 0.00000000 0.29587828 0.46658460
v 0.00000000 0.29987275 0.46335178
v 0.00000000 0.27498018 0.47995851
v -0.00537391 0.27884740 0.47704472
v 0.00000000 0.27920701 0.47765514
v 0.00000000 0.28343200 0.47516736
v -0.00537391 0.28305210 0.47456800
v -0.00537391 0.28723283 0.47190687
v 0.00000000 0.28763485 0.47249147
v 0.00000000 0.29178976 0.46963117
v -0.00537391 0.29136745 0.46906132
v 0.00000000 0.29587828 0.46658460
v -0.00537391 0.29543568 0.46602951
v -0.00537391 0.27464269 0.47933518
v 0.00000000 0.27498018 0.47995851
v -0.00537391 0.27046012 0.48144306
v 0.00000000 0.27077547 0.48207746
v 0.01021669 0.02237344 0.43710373
v 0.00537391 0.02360350 0.43552513
v 0.00537391 0.02626095 0.43743200
v 0.01021669 0.02509912 0.43906224
v -0.01021669 0.27782757 0.47530936
v -0.01021669 0.28196957 0.47287137
v -0.01021669 0.27368557 0.47756662
v -0.01021669 0.26956939 0.47963947
v 0.00000000 0.02403688 0.43497003
v 0.00000000 0.02667036 0.43685846
v -0.01431812 0.28028953 0.47023421
v -0.01431812 0.27624343 0.47261503
v -0.01431812 0.27220101 0.47481697
v -0.01431812 0.26818442 0.47684002
v -0.01431812 -0.05122545 0.35252835
v -0.01748640 -0.04731950 0.35130751
v -0.01748640 -0.05471462 0.32400645
v -0.01431812 -0.05865007 0.32514246
v 0.00537391 0.25150945 0.48806178
v 0.01021669 0.25089719 0.48614753
v 0.01021669 0.25643154 0.48478285
v 0.00537391 0.25711572 0.48667128
v -0.01748640 0.27419272 0.46912771
v -0.01748640 0.27811526 0.46682065
v -0.01748640 0.28970770 0.45884463
v 0.01952605 0.24875795 0.46360811
v 0.01748640 0.24713324 0.45912310
v 0.01748640 0.25095805 0.45794836
v 0.01952605 0.25274873 0.46236883
v -0.01748640 0.29343476 0.45583495
v -0.01748640 0.27027570 0.47125772
v -0.01431812 0.24994375 0.48317658
v -0.01021669 0.25089719 0.48614753
v -0.01021669 0.25643154 0.48478285
v -0.01431812 0.25536745 0.48184878
v -0.02024343 0.23245182 0.47161734
v -0.01952420 0.23369295 0.47676994
v -0.01952420 0.24111941 0.47585339
v -0.02024343 0.23969018 0.47075242
v -0.02024343 0.24563762 0.46974366
v -0.01952420 0.24725311 0.47478562
v -0.01952420 0.25236515 0.47356478
v -0.02024343 0.25056155 0.46858737
v -0.01952420 0.25672660 0.47218534
v -0.02024343 0.25473859 0.46727801
v -0.02024343 0.25843615 0.46581189
v -0.01952420 0.23121254 0.46646657
v -0.01952420 0.23826279 0.46565330
v -0.02024343 0.22365145 0.47234394
v -0.01952420 0.22470447 0.47753896
v -0.01952420 0.21388474 0.47816782
v -0.02024343 0.21301429 0.47293407
v -0.01952420 0.24402029 0.46470171
v -0.01952420 0.24875795 0.46360811
v -0.01952420 0.25274873 0.46236883
v -0.01952420 0.25626556 0.46098018
v -0.01952420 0.22259659 0.46714707
v -0.01952420 0.21214569 0.46770032
v -0.01748640 0.23009497 0.46182480
v -0.01748640 0.23697556 0.46105763
v -0.01748640 0.24256339 0.46015952
v -0.01748640 0.24713324 0.45912310
v -0.01748640 0.25095805 0.45794836
v -0.01748640 0.22164869 0.46246657
v -0.01748640 0.21136192 0.46298479
v -0.01431812 0.22914707 0.45789488
v -0.01431812 0.23588566 0.45716644
v -0.01431812 0.24132964 0.45631074
v -0.01431812 0.22084278 0.45850161
v -0.01431812 0.21069802 0.45899032
v -0.01748640 -0.00326418 0.41712771
v -0.01748640 -0.00086491 0.42141355
v -0.01021669 0.22841678 0.45485754
v -0.01021669 0.23504288 0.45416044
v -0.01021669 0.24037621 0.45333979
v -0.01021669 0.22022314 0.45543845
v -0.01021669 0.21018534 0.45590687
v -0.01021669 0.26120977 0.48324481
v -0.01431812 0.26003688 0.48035131
v -0.00537391 0.22794652 0.45290272
v -0.00537391 0.23450069 0.45222407
v -0.00537391 0.23976395 0.45142554
v -0.00537391 0.24400922 0.45050161
v -0.00537391 0.24751314 0.44944675
v -0.00537391 0.21982296 0.45346704
v -0.00537391 0.20985523 0.45392070
v -0.00537391 0.00447948 0.41223329
v -0.00537391 0.00666482 0.41622407
v 0.00000000 0.22778054 0.45221485
v 0.00000000 0.23431074 0.45154172
v 0.00000000 0.23954633 0.45075058
v 0.00000000 0.25025911 0.44761180
v 0.00000000 0.21968096 0.45277178
v 0.00000000 0.20973905 0.45321992
v 0.01952605 0.01507607 0.44647026
v 0.01748640 0.01799355 0.44272476
v 0.01748640 0.02095528 0.44487321
v 0.01952605 0.01819456 0.44874412
v 0.00537391 0.22794652 0.45290272
v 0.00537391 0.23450069 0.45222407
v 0.00537391 0.23976395 0.45142554
v 0.00537391 0.21982296 0.45346704
v 0.00537391 0.20985523 0.45392070
v -0.01021669 0.18427663 0.45652282
v -0.01431812 0.18457722 0.45963947
v 0.01021669 0.22841678 0.45485754
v 0.01021669 0.23504288 0.45416044
v 0.01021669 0.24037621 0.45333979
v 0.01021669 0.24469341 0.45239004
v 0.01021669 0.24826740 0.45130936
v 0.01021669 0.22022314 0.45543845
v 0.01021669 0.21018534 0.45590687
v 0.01431812 0.22914707 0.45789488
v 0.01431812 0.23588566 0.45716644
v 0.01431812 0.24132964 0.45631074
v 0.01431812 0.24575565 0.45532411
v 0.01431812 0.24943845 0.45420286
v 0.01431812 0.25265284 0.45293960
v 0.01431812 0.22084278 0.45850161
v 0.01431812 0.21069802 0.45899032
v 0.01748640 0.23009497 0.46182480
v 0.01748640 0.23697556 0.46105763
v 0.01748640 0.24256339 0.46015952
v 0.01748640 0.25430890 0.45662609
v 0.01748640 0.22164869 0.46246657
v 0.01748640 0.21136192 0.46298479
v 0.02024527 -0.01176026 0.42249608
v 0.02024527 -0.00912863 0.42711019
v 0.01952605 0.23826279 0.46565330
v 0.01952605 0.23121254 0.46646657
v 0.01952605 0.24402029 0.46470171
v 0.01952605 0.25626556 0.46098018
v 0.01952605 0.22259659 0.46714707
v 0.01952605 0.21214569 0.46770032
v 0.01748640 -0.00326418 0.41712771
v 0.01431812 0.00014753 0.41497003
v 0.01431812 0.00245274 0.41912679
v 0.01748640 -0.00086491 0.42141355
v 0.02024527 0.23245182 0.47161734
v 0.02024527 0.23969018 0.47075242
v 0.02024527 0.25056155 0.46858737
v 0.02024527 0.25473859 0.46727801
v 0.02024527 0.24563762 0.46974366
v 0.00537391 0.18408114 0.45451637
v 0.00000000 0.18401291 0.45381005
v 0.02024527 0.25843615 0.46581189
v 0.02024527 0.22365145 0.47234394
v 0.02024527 0.21301429 0.47293407
v 0.01952605 -0.00729000 0.41967266
v 0.01952605 -0.00478193 0.42411342
v 0.01952605 0.23369295 0.47676994
v 0.01952605 0.24111941 0.47585339
v 0.01952605 0.24725311 0.47478562
v 0.01952605 0.25236515 0.47356478
v 0.01952605 0.25672660 0.47218534
v 0.01952605 0.22470447 0.47753896
v 0.01952605 0.21388474 0.47816782
v 0.01748640 0.23481051 0.48140987
v 0.01748640 0.24240664 0.48044721
v 0.01748640 0.24871000 0.47932780
v 0.01748640 0.25399170 0.47804979
v 0.01748640 0.25851913 0.47660581
v 0.01748640 0.22565422 0.48222130
v 0.01748640 0.21466851 0.48288336
v 0.01431812 0.23575657 0.48534163
v 0.01431812 0.24349654 0.48434025
v 0.01431812 0.24994375 0.48317658
v 0.01431812 0.25536745 0.48184878
v 0.01431812 0.26003688 0.48035131
v 0.01431812 0.22645828 0.48618626
v 0.01431812 0.21533057 0.48687782
v 0.01021669 0.23648870 0.48837898
v 0.01021669 0.24433748 0.48734624
v 0.01021669 0.26120977 0.48324481
v 0.01021669 0.26549931 0.48153158
v 0.01021669 0.22707976 0.48924942
v 0.01021669 0.21584325 0.48996127
v 0.00537391 0.23695897 0.49033379
v 0.00537391 0.24487967 0.48928077
v 0.00537391 0.26196404 0.48510742
v 0.00537391 0.22747994 0.49122084
v 0.00537391 0.21617335 0.49194744
v 0.01952605 -0.03247026 0.34666574
v 0.01952605 -0.03975473 0.31968741
v 0.00000000 0.23712494 0.49102167
v 0.00000000 0.24507146 0.48996312
v 0.00000000 0.25172706 0.48873675
v 0.00000000 0.25735731 0.48733702
v -0.01748640 0.24871000 0.47932780
v -0.01748640 0.25399170 0.47804979
v 0.00000000 0.26222960 0.48576395
v 0.00000000 0.22762010 0.49191609
v 0.00000000 0.21628953 0.49264822
v 0.01021669 0.00278285 0.41330659
v 0.01021669 0.00501614 0.41736192
v -0.00537391 0.23695897 0.49033379
v 0.00000000 0.23712494 0.49102167
v 0.00000000 0.24507146 0.48996312
v -0.00537391 0.24487967 0.48928077
v -0.00537391 0.25150945 0.48806178
v 0.00000000 0.25172706 0.48873675
v 0.00000000 0.25735731 0.48733702
v -0.00537391 0.25711572 0.48667128
v 0.00000000 0.26222960 0.48576395
v -0.00537391 0.26196404 0.48510742
v 0.00000000 0.26661319 0.48401199
v -0.00537391 0.26632365 0.48336468
v -0.00537391 0.22747994 0.49122084
v 0.00000000 0.22762010 0.49191609
v -0.00537391 0.21617335 0.49194744
v 0.00000000 0.21628953 0.49264822
v -0.01021669 0.23648870 0.48837898
v -0.01021669 0.24433748 0.48734624
v -0.01021669 0.26549931 0.48153158
v -0.01021669 0.22707976 0.48924942
v -0.01021669 0.21584325 0.48996127
v 0.00537391 0.08216874 0.49210235
v 0.00537391 0.09373167 0.49258368
v -0.01431812 0.24349654 0.48434025
v -0.01431812 0.23575657 0.48534163
v -0.01431812 0.26421946 0.47868419
v -0.01431812 0.22645828 0.48618626
v -0.01431812 0.21533057 0.48687782
v 0.00000000 0.04678101 0.44701429
v 0.00000000 0.04988474 0.44806547
v 0.00537391 0.18779899 0.49293407
v 0.01021669 0.18760535 0.49092762
v -0.01748640 0.23481051 0.48140987
v -0.01748640 0.24240664 0.48044721
v -0.01748640 0.25851913 0.47660581
v 0.01952605 0.18542923 0.46843799
v 0.01748640 0.18496819 0.46367450
v -0.01748640 0.22565422 0.48222130
v -0.01748640 0.21466851 0.48288336
v -0.01431812 0.03472568 0.47898663
v -0.01021669 0.03362102 0.48191701
v -0.01021669 0.03785339 0.48339972
v -0.01431812 0.03886215 0.48043246
v -0.01431812 0.18730290 0.48781282
v -0.01021669 0.18760535 0.49092762
v -0.01952420 0.12288243 0.47920055
v -0.02024343 0.12304657 0.47388013
v -0.02024343 0.09549101 0.47331581
v -0.02024343 0.18594006 0.47372522
v -0.01952420 0.18645274 0.47901245
v -0.01952420 0.12321070 0.46856155
v -0.01952420 0.09597603 0.46801383
v -0.02024343 0.15457446 0.47402951
v -0.01952420 0.15474043 0.47934440
v -0.01952420 0.18542923 0.46843799
v -0.01952420 0.15440664 0.46871462
v -0.01748640 0.31492854 0.07894606
v -0.01431812 0.31082711 0.07894606
v -0.01748640 0.09641309 0.46323559
v -0.01748640 0.18496819 0.46367450
v -0.01431812 0.09678193 0.45918764
v -0.01021669 0.15403043 0.45673675
v -0.01021669 0.12358322 0.45657446
v -0.01021669 0.09706777 0.45606362
v -0.00537391 0.09725035 0.45404979
v -0.00537391 0.18408114 0.45451637
v -0.00537391 0.00007192 0.46572706
v -0.00537391 0.00400184 0.46864638
v 0.00000000 -0.00036146 0.46628400
v 0.00000000 0.00359244 0.46921992
v -0.01021669 0.07066298 0.45468234
v -0.01431812 0.07010604 0.45777317
v -0.01431812 0.07738866 0.45833011
v -0.01021669 0.07785708 0.45522637
v 0.01021669 0.18427663 0.45652282
v 0.00000000 -0.00036146 0.46628400
v 0.00000000 0.00359244 0.46921992
v 0.01431812 0.18457722 0.45963947
v -0.02024343 0.03971969 0.46574182
v -0.02024343 0.04342831 0.46702351
v 0.02024527 0.18594006 0.47372522
v 0.00537391 0.07102259 0.45269249
v 0.00000000 0.07114984 0.45199170
v 0.00000000 0.07826464 0.45252098
v 0.00537391 0.07815768 0.45322729
v 0.01952605 0.18645274 0.47901245
v 0.01021669 -0.02630337 0.43168741
v 0.01021669 -0.02327340 0.43685846
v 0.01748640 0.09457077 0.48339788
v 0.01748640 0.18691379 0.48377593
v -0.00537391 0.03290917 0.48380360
v -0.00537391 0.03720240 0.48531028
v 0.01431812 0.18730290 0.48781282
v 0.01021669 0.15511664 0.49132227
v 0.01021669 0.12251176 0.49118764
v 0.00537391 0.15518119 0.49333794
v 0.00537391 0.12244905 0.49320516
v 0.01431812 0.02046473 0.43955279
v 0.01431812 0.02329368 0.44159428
v 0.00000000 0.15520332 0.49404979
v 0.00000000 0.12242692 0.49391701
v 0.00000000 0.09366713 0.49329184
v 0.00000000 0.18786722 0.49364223
v -0.01748640 0.18691379 0.48377593
v 0.00000000 0.15520332 0.49404979
v 0.00000000 0.12242692 0.49391701
v -0.00537391 -0.01899308 0.34245367
v -0.00537391 -0.02617612 0.31576671
v -0.00537391 0.18779899 0.49293407
v 0.00000000 0.18786722 0.49364223
v -0.01021669 0.09391609 0.49056985
v -0.01431812 0.15501890 0.48818903
v -0.01431812 0.12260765 0.48805256
v -0.01952605 0.08513416 0.46760258
v -0.02024343 0.08449424 0.47288981
v -0.01431812 0.09420009 0.48744583
v -0.01748640 0.15489166 0.48413186
v -0.01748640 0.12273306 0.48399170
v 0.00537391 0.05719502 0.48995574
v 0.01021669 0.05761180 0.48797695
v 0.01021669 0.06451083 0.48880314
v 0.00537391 0.06415122 0.49079299
v 0.01952605 0.06853296 0.46649977
v 0.01748640 0.06938497 0.46177501
v 0.01748640 0.07678377 0.46235224
v 0.01952605 0.07606823 0.46709912
v -0.00537391 0.02360350 0.43552513
v -0.00537391 0.02626095 0.43743200
v -0.01431812 0.05825911 0.48490456
v -0.01021669 0.05761180 0.48797695
v -0.01021669 0.06451083 0.48880314
v -0.01431812 0.06506777 0.48571231
v -0.02024343 0.05122729 0.46924205
v -0.01952605 0.04982388 0.47437805
v -0.01952605 0.05456155 0.47536100
v -0.02024343 0.05581005 0.47018257
v -0.02024343 0.06118211 0.47101614
v -0.01952605 0.06008483 0.47622960
v -0.01952605 0.06664085 0.47698571
v -0.02024343 0.06758691 0.47174274
v -0.01952605 0.07448225 0.47763485
v -0.02024343 0.07527524 0.47236607
v -0.01952605 0.05262886 0.46410604
v -0.01952605 0.05706040 0.46500599
v -0.02024343 0.04718119 0.46818903
v -0.01952605 0.04562471 0.47327709
v -0.01952605 0.06227939 0.46580267
v -0.01952605 0.06853296 0.46649977
v -0.01952605 0.07606823 0.46709912
v -0.01952605 0.04873951 0.46310281
v -0.01952605 0.04514338 0.46199078
v -0.01748640 0.05389212 0.45947902
v -0.01748640 0.05818534 0.46034025
v -0.01748640 0.06326787 0.46110558
v -0.01748640 0.06938497 0.46177501
v -0.01748640 0.07678377 0.46235224
v -0.01748640 0.08571139 0.46283725
v -0.01748640 0.05014108 0.45851821
v -0.01748640 0.04668695 0.45745597
v 0.01952605 0.00859935 0.45478377
v 0.02024527 0.01183771 0.45062702
v 0.02024527 0.01513140 0.45303919
v 0.01952605 0.01206823 0.45733426
v -0.01431812 0.05496173 0.45556017
v -0.01431812 0.05913877 0.45638820
v -0.01431812 0.06410512 0.45712586
v -0.01431812 0.08620009 0.45880221
v -0.01431812 0.05132872 0.45463439
v -0.01431812 0.04799447 0.45361457
v 0.01431812 0.00320885 0.46170124
v 0.01431812 0.00696911 0.46448409
v -0.01021669 0.05578792 0.45253204
v -0.01021669 0.05987460 0.45333794
v -0.01021669 0.06475058 0.45405348
v -0.01021669 0.05224712 0.45163578
v -0.01021669 0.04900507 0.45064915
v -0.01021669 0.08657630 0.45568557
v 0.01748640 0.00568004 0.45852743
v 0.01748640 0.00930751 0.46120516
v -0.01021669 0.07269525 0.48950761
v -0.01431812 0.07316183 0.48640203
v -0.00537391 0.05632089 0.45058276
v -0.00537391 0.06034855 0.45137206
v -0.00537391 0.06516736 0.45207469
v -0.00537391 0.07102259 0.45269249
v -0.00537391 0.07815768 0.45322729
v -0.00537391 0.08681973 0.45367911
v -0.00537391 0.05283725 0.44970678
v -0.00537391 0.04965606 0.44873859
v 0.00000000 0.05650715 0.44989673
v 0.00000000 0.06051637 0.45068050
v 0.00000000 0.06531489 0.45137759
v 0.00000000 0.05304564 0.44902444
v 0.00537391 0.05631904 0.45058276
v 0.00537391 0.06034855 0.45137206
v 0.00537391 0.06516736 0.45207469
v 0.00537391 0.05283725 0.44970678
v -0.01021669 0.03961088 0.44710466
v -0.01431812 0.03831074 0.44994836
v -0.01431812 0.04148456 0.45127432
v -0.01021669 0.04268695 0.44838635
v 0.01021669 0.05578792 0.45253204
v 0.01021669 0.05987460 0.45333794
v 0.01021669 0.06475058 0.45405348
v 0.01021669 0.07066298 0.45468234
v 0.01021669 0.07785708 0.45522637
v 0.01021669 0.05224712 0.45163578
v 0.01431812 0.05496173 0.45556017
v 0.01431812 0.05913877 0.45638820
v 0.01431812 0.06410512 0.45712586
v 0.01431812 0.07010604 0.45777317
v 0.01431812 0.07738866 0.45833011
v 0.01431812 0.05132872 0.45463439
v 0.01748640 0.05389212 0.45947902
v 0.01748640 0.05818534 0.46034025
v 0.01748640 0.06326787 0.46110558
v 0.01748640 0.05014108 0.45851821
v 0.01748640 0.04668695 0.45745597
v 0.01748640 0.08327709 0.48294237
v 0.01952605 0.05706040 0.46500599
v 0.01952605 0.05262886 0.46410604
v 0.01952605 0.06227939 0.46580267
v 0.01952605 0.04873951 0.46310281
v 0.01952605 0.04514338 0.46199078
v 0.02024527 0.05122729 0.46924205
v 0.02024527 0.05581005 0.47018257
v 0.02024527 0.06758691 0.47174274
v 0.02024527 0.07527524 0.47236607
v 0.02024527 0.06118211 0.47101614
v 0.00537391 0.04044813 0.44527340
v 0.00000000 0.04074136 0.44462794
v 0.00000000 0.04373260 0.44586906
v 0.00537391 0.04345966 0.44652559
v 0.02024527 0.04718119 0.46818903
v 0.02024527 0.04342831 0.46702351
v 0.01952605 0.04982388 0.47437805
v 0.01952605 0.05456155 0.47536100
v 0.01952605 0.06008483 0.47622960
v 0.01952605 0.06664085 0.47698571
v 0.01952605 0.07448225 0.47763485
v 0.01952605 0.04562471 0.47327709
v 0.01952605 0.04171508 0.47205625
v 0.01748640 0.04856063 0.47900507
v 0.01748640 0.05343661 0.48002490
v 0.01748640 0.05909636 0.48092669
v 0.01748640 0.06578884 0.48171047
v 0.01748640 0.07376671 0.48238174
v 0.01748640 0.04422314 0.47786169
v 0.01431812 0.04749101 0.48292577
v 0.01431812 0.05248317 0.48397695
v 0.01431812 0.05825911 0.48490456
v 0.01431812 0.06506777 0.48571231
v 0.01431812 0.07316183 0.48640203
v 0.01431812 0.04303550 0.48174550
v 0.01021669 0.04666482 0.48595205
v 0.01021669 0.05174735 0.48702905
v 0.01021669 0.07269525 0.48950761
v 0.01021669 0.04211710 0.48474412
v 0.00537391 0.04613370 0.48790134
v 0.00537391 0.05127340 0.48899308
v 0.00537391 0.07239281 0.49150669
v 0.00537391 0.04152697 0.48667312
v 0.00000000 0.03265837 0.48446750
v 0.00000000 0.03697372 0.48598340
v 0.00000000 0.04594560 0.48858737
v 0.00000000 0.05110558 0.48968649
v 0.00000000 0.05704933 0.49065284
v 0.00000000 0.06402582 0.49149378
v -0.01748640 0.05909636 0.48092669
v -0.01748640 0.06579069 0.48171047
v 0.00000000 0.07228769 0.49221116
v 0.00000000 0.08208391 0.49280867
v 0.00000000 0.04131858 0.48735546
v -0.00537391 0.04613370 0.48790134
v 0.00000000 0.04594560 0.48858737
v 0.00000000 0.05110558 0.48968649
v -0.00537391 0.05127340 0.48899308
v -0.00537391 0.05719502 0.48995574
v 0.00000000 0.05704933 0.49065284
v 0.00000000 0.06402582 0.49149378
v -0.00537391 0.06415122 0.49079299
v 0.00000000 0.07228769 0.49221116
v -0.00537391 0.07239281 0.49150669
v -0.00537391 0.04152697 0.48667312
v 0.00000000 0.04131858 0.48735546
v -0.01021669 0.04666482 0.48595205
v -0.01021669 0.05174735 0.48702905
v -0.01021669 0.08241217 0.49009590
v -0.01021669 0.04211710 0.48474412
v -0.01431812 0.05248317 0.48397695
v -0.01431812 0.04749101 0.48292577
v -0.01431812 0.08279023 0.48697925
v -0.01431812 0.04303550 0.48174550
v 0.00537391 0.02025081 0.47835777
v 0.01021669 0.02115260 0.47655970
v 0.01021669 0.02526694 0.47850346
v 0.00537391 0.02443154 0.48033472
v -0.01748640 0.04856063 0.47900507
v -0.01748640 0.05343661 0.48002490
v -0.01748640 0.07376671 0.48238174
v 0.01952605 0.03464269 0.45797971
v 0.01748640 0.03662886 0.45363117
v 0.01748640 0.03992992 0.45501614
v 0.01952605 0.03809313 0.45943476
v -0.01748640 0.04422314 0.47786169
v -0.01431812 0.02255048 0.47376579
v -0.01021669 0.02115260 0.47655970
v -0.01021669 0.02526694 0.47850346
v -0.01431812 0.02656708 0.47565975
v -0.02024343 0.02189212 0.45738774
v -0.01952605 0.01917750 0.46192623
v -0.01952605 0.02281236 0.46397879
v -0.02024343 0.02535546 0.45933518
v -0.02024343 0.02887229 0.46113877
v -0.01952605 0.02649885 0.46587828
v -0.01952605 0.03023513 0.46763024
v -0.02024343 0.03243891 0.46280406
v -0.01952605 0.03401752 0.46923836
v -0.02024343 0.03605533 0.46433656
v -0.01952605 0.02460673 0.45284924
v -0.01952605 0.02789857 0.45469156
v -0.02024343 0.01848409 0.45529092
v -0.01952605 0.01559428 0.45971323
v -0.01952605 0.03124389 0.45639926
v -0.01952605 0.03464269 0.45797971
v -0.01952605 0.03809313 0.45943476
v -0.01952605 0.04159336 0.46076994
v -0.01952605 0.02137206 0.45086860
v 0.01952605 0.04159336 0.46076994
v 0.01748640 0.04328262 0.45629046
v -0.01748640 0.02705394 0.44875888
v -0.01748640 0.03019087 0.45050715
v -0.01748640 0.03338313 0.45213001
v -0.01748640 0.03662886 0.45363117
v -0.01748640 0.03992992 0.45501614
v -0.01748640 0.04328262 0.45629046
v -0.01748640 0.02397603 0.44688336
v -0.01431812 0.02912679 0.44529553
v -0.01431812 0.03213094 0.44696266
v -0.01431812 0.03519410 0.44851176
v -0.01431812 0.04471369 0.45249516
v -0.01431812 0.02617981 0.44350669
v -0.01021669 0.03072752 0.44261964
v -0.01021669 0.03363024 0.44422591
v -0.01021669 0.03659198 0.44571969
v -0.01021669 0.02788382 0.44090088
v -0.01021669 0.04581835 0.44956662
v -0.01021669 0.02942554 0.48028677
v -0.01431812 0.03062609 0.47739880
v -0.00537391 0.03175841 0.44089719
v -0.00537391 0.03459474 0.44246289
v -0.00537391 0.03749193 0.44391978
v -0.00537391 0.04044629 0.44527340
v -0.00537391 0.04345966 0.44652559
v -0.00537391 0.04653020 0.44768004
v -0.00537391 0.02897925 0.43922268
v 0.00000000 0.03212172 0.44029046
v 0.00000000 0.03493592 0.44184140
v 0.00000000 0.03780913 0.44328723
v 0.00000000 0.02936653 0.43863071
v 0.00537391 0.03175841 0.44089719
v 0.00537391 0.03459474 0.44246289
v 0.00537391 0.03749193 0.44391978
v 0.00537391 0.02897925 0.43922268
v -0.01021669 0.01710834 0.43269433
v -0.01431812 0.01499493 0.43496266
v -0.01431812 0.01769848 0.43735270
v -0.01021669 0.01971047 0.43499032
v 0.01021669 0.03072752 0.44261964
v 0.01021669 0.03363024 0.44422591
v 0.01021669 0.03659198 0.44571969
v 0.01021669 0.03961088 0.44710466
v 0.01021669 0.04268695 0.44838635
v 0.01021669 0.02788382 0.44090088
v 0.01748640 -0.02785800 0.34522545
v 0.01748640 -0.03510927 0.31834486
v 0.01431812 0.02912679 0.44529553
v 0.01431812 0.03213094 0.44696266
v 0.01431812 0.03519410 0.44851176
v 0.01431812 0.03831074 0.44994836
v 0.01431812 0.04148456 0.45127432
v 0.01431812 0.02617981 0.44350669
v 0.01748640 0.02705394 0.44875888
v 0.01748640 0.03019087 0.45050715
v 0.01748640 0.03338313 0.45213001
v 0.01748640 0.02397603 0.44688336
v 0.01952605 0.02789857 0.45469156
v 0.01952605 0.02460673 0.45284924
v 0.01952605 0.03124389 0.45639926
v 0.01952605 0.02137206 0.45086860
v 0.02024527 0.02189212 0.45738774
v 0.02024527 0.02535546 0.45933518
v 0.02024527 0.03243891 0.46280406
v 0.02024527 0.03605533 0.46433656
v 0.02024527 0.02887229 0.46113877
v 0.00537391 0.01846750 0.43123375
v 0.00000000 0.01894698 0.43071923
v 0.00000000 0.02146243 0.43293407
v 0.00537391 0.02100507 0.43347072
v 0.02024527 0.03971969 0.46574182
v 0.02024527 0.01848409 0.45529092
v 0.01952605 0.01917750 0.46192623
v 0.01952605 0.02281236 0.46397879
v 0.01952605 0.02649885 0.46587828
v 0.01952605 0.03023513 0.46763024
v 0.01952605 0.03401752 0.46923836
v 0.01952605 0.03784417 0.47071369
v 0.01952605 0.01559428 0.45971323
v 0.01748640 0.01673029 0.46601660
v 0.01748640 0.02052006 0.46816321
v 0.01748640 0.02436146 0.47014938
v 0.01748640 0.02824896 0.47197695
v 0.01748640 0.03218073 0.47365698
v 0.01748640 0.01299216 0.46369848
v 0.01431812 0.01465745 0.46947994
v 0.01431812 0.01857999 0.47170770
v 0.01431812 0.02255048 0.47376579
v 0.01431812 0.02656708 0.47565975
v 0.01431812 0.03062609 0.47739880
v 0.01431812 0.01078654 0.46707515
v -0.01748640 -0.02785800 0.34522545
v -0.01431812 -0.02395205 0.34400461
v -0.01431812 -0.03117381 0.31720885
v -0.01748640 -0.03510927 0.31834486
v 0.01021669 0.01305671 0.47215583
v 0.01021669 0.01708068 0.47444629
v 0.01021669 0.02942554 0.48028677
v 0.01021669 0.00908437 0.46968096
v -0.01021669 -0.02093499 0.34306040
v -0.01021669 -0.02813462 0.31633103
v 0.00537391 0.01202766 0.47387828
v 0.00537391 0.01611618 0.47620747
v 0.00537391 0.02865099 0.48214753
v 0.00537391 0.00798709 0.47135915
v 0.00000000 0.01166436 0.47448502
v 0.00000000 0.01577501 0.47682895
v 0.00000000 0.01993361 0.47899216
v 0.00000000 0.02413647 0.48098018
v -0.01748640 0.02436146 0.47014938
v -0.01748640 0.02824896 0.47197695
v 0.00000000 0.02837805 0.48280406
v 0.00000000 0.00760166 0.47195113
v -0.00537391 0.01202582 0.47387828
v 0.00000000 0.01166436 0.47448502
v 0.00000000 0.01577501 0.47682895
v -0.00537391 0.01611618 0.47620747
v -0.00537391 0.02025081 0.47835777
v 0.00000000 0.01993361 0.47899216
v 0.00000000 0.02413647 0.48098018
v -0.00537391 0.02443154 0.48033472
v 0.00000000 0.02837805 0.48280406
v -0.00537391 0.02865099 0.48214753
v -0.00537391 0.00798709 0.47135915
v 0.00000000 0.00760166 0.47195113
v -0.01431812 -0.02366805 0.43002213
v -0.01431812 -0.02071185 0.43509175
v -0.01021669 0.01305671 0.47215583
v -0.01021669 0.01708068 0.47444629
v -0.01021669 0.00908437 0.46968096
v -0.01431812 0.01857999 0.47170770
v -0.01431812 0.01465745 0.46947994
v -0.01431812 0.01078654 0.46707515
v 0.00537391 -0.01127155 0.45556201
v 0.01021669 -0.00984786 0.45416413
v 0.01021669 -0.00621669 0.45774366
v 0.00537391 -0.00757584 0.45920609
v -0.01748640 0.01673029 0.46601660
v -0.01748640 0.02052006 0.46816321
v -0.01748640 0.03218073 0.47365698
v 0.01952605 0.00903089 0.44136929
v 0.01748640 0.01226003 0.43790041
v 0.01748640 0.01509451 0.44041033
v 0.01952605 0.01202029 0.44402121
v -0.01748640 0.01299216 0.46369848
v -0.01431812 -0.00763670 0.45199170
v -0.01021669 -0.00984786 0.45416413
v -0.01021669 -0.00621669 0.45774366
v -0.01431812 -0.00410327 0.45547533
v -0.02024343 -0.00356662 0.43526879
v -0.01952605 -0.00763485 0.43861226
v -0.01952605 -0.00456063 0.44237990
v -0.02024343 -0.00064730 0.43886491
v -0.02024343 0.00235869 0.44217335
v -0.01952605 -0.00139235 0.44585800
v -0.01952605 0.00186077 0.44906870
v -0.02024343 0.00544583 0.44521992
v -0.01952605 0.00519502 0.45203596
v -0.02024343 0.00860673 0.44802858
v -0.01952605 0.00049977 0.43192531
v -0.01952605 0.00326787 0.43534809
v -0.02024343 -0.00639557 0.43135915
v -0.01952605 -0.01060950 0.43452743
v -0.01952605 0.00611157 0.43848870
v -0.01952605 0.00903089 0.44136929
v -0.01952605 0.01202029 0.44402121
v -0.01952605 -0.00218349 0.42818903
v -0.01748640 0.00416598 0.42891194
v -0.01748640 0.00679207 0.43217981
v -0.01748640 0.00949193 0.43516736
v -0.01748640 0.01226003 0.43790041
v -0.01748640 0.01509451 0.44041033
v -0.01748640 0.00161180 0.42533241
v -0.01431812 0.00726971 0.42635961
v -0.01431812 0.00977962 0.42949654
v -0.01431812 0.01235592 0.43235500
v -0.01431812 0.00482803 0.42291286
v -0.01952605 -0.04270724 0.34986538
v -0.01952605 -0.05006916 0.32266390
v -0.01021669 0.00966713 0.42439004
v -0.01021669 0.01208668 0.42742554
v -0.01021669 0.01456708 0.43018257
v -0.01021669 0.00731028 0.42104472
v -0.01021669 -0.00249700 0.46106685
v -0.01431812 -0.00048502 0.45870447
v -0.00537391 0.01121070 0.42312125
v -0.00537391 0.01357123 0.42609036
v -0.00537391 0.01599078 0.42878469
v -0.00537391 0.01846750 0.43123375
v -0.00537391 0.02100507 0.43347072
v -0.00537391 0.00890917 0.41984232
v 0.00000000 0.01175473 0.42267312
v 0.00000000 0.01409497 0.42562010
v 0.00000000 0.01649239 0.42829046
v 0.00000000 0.00947349 0.41941817
v 0.00000000 0.34538681 0.07894606
v -0.00537391 0.34466943 0.07894606
v 0.00537391 0.01121070 0.42312125
v 0.00537391 0.01357123 0.42609036
v 0.00537391 0.01599078 0.42878469
v 0.00537391 0.00890917 0.41984232
v -0.01021669 -0.00158598 0.40391056
v -0.01431812 -0.00434302 0.40538036
v -0.01431812 -0.00210973 0.41040203
v -0.01021669 0.00059013 0.40883633
v 0.01021669 0.00966713 0.42439004
v 0.01021669 0.01208668 0.42742554
v 0.01021669 0.01456708 0.43018257
v 0.01021669 0.01710834 0.43269433
v 0.01021669 0.01971047 0.43499032
v 0.01021669 0.00731028 0.42104472
v 0.01431812 0.00726971 0.42635961
v 0.01431812 0.00977962 0.42949654
v 0.01431812 0.01235592 0.43235500
v 0.01431812 0.01499493 0.43496266
v 0.01431812 0.01769848 0.43735270
v 0.01431812 0.00482803 0.42291286
v 0.01748640 0.00416598 0.42891194
v 0.01748640 0.00679207 0.43217981
v 0.01748640 0.00949193 0.43516736
v 0.01748640 0.00161180 0.42533241
v 0.01952605 0.00326602 0.43534809
v 0.01952605 0.00049977 0.43192531
v 0.01952605 0.00611157 0.43848870
v 0.01952605 -0.00218349 0.42818903
v 0.02024527 -0.00356662 0.43526879
v 0.02024527 -0.00064730 0.43886491
v 0.02024527 0.00544583 0.44521992
v 0.02024527 0.00860673 0.44802858
v 0.02024527 0.00235869 0.44217335
v 0.00537391 0.00018995 0.40296266
v 0.00000000 0.00081512 0.40263071
v 0.00000000 0.00293960 0.40747349
v 0.00537391 0.00232734 0.40782941
v 0.02024527 -0.00639557 0.43135915
v 0.01952605 -0.00763485 0.43861226
v 0.01952605 -0.00456063 0.44237990
v 0.01952605 -0.00139235 0.44585800
v 0.01952605 0.00186077 0.44906870
v 0.01952605 0.00519502 0.45203596
v 0.01952605 -0.01060950 0.43452743
v 0.01748640 -0.01129922 0.44162379
v 0.01748640 -0.00808668 0.44554818
v 0.01748640 -0.00477271 0.44917935
v 0.01748640 -0.00136837 0.45253757
v 0.01748640 0.00211895 0.45564684
v 0.01748640 -0.01440479 0.43738405
v 0.01431812 -0.01440479 0.44417612
v 0.01431812 -0.01107238 0.44823144
v 0.01431812 -0.00763670 0.45199170
v 0.01431812 -0.00410327 0.45547533
v 0.01431812 -0.00048502 0.45870447
v 0.01431812 -0.01762102 0.43980360
v 0.01431812 -0.02071185 0.43509175
v 0.01021669 -0.01680221 0.44614753
v 0.01021669 -0.01337944 0.45030429
v 0.01021669 -0.00249700 0.46106685
v 0.01021669 -0.02010327 0.44167174
v 0.00537391 -0.01834578 0.44741632
v 0.00537391 -0.01486399 0.45163947
v 0.00537391 -0.00379161 0.46258829
v 0.00537391 -0.02170217 0.44287414
v 0.00000000 -0.01888981 0.44786261
v 0.00000000 -0.01538774 0.45210973
v 0.00000000 -0.01177317 0.45605440
v 0.00000000 -0.00805533 0.45972061
v -0.01748640 -0.00477271 0.44917935
v -0.01748640 -0.00136837 0.45253757
v 0.00000000 -0.00424896 0.46312310
v 0.00000000 -0.02226648 0.44329829
v 0.00000000 -0.05686860 0.35429322
v 0.00000000 -0.06433564 0.32678377
v -0.00537391 -0.01834578 0.44741632
v 0.00000000 -0.01888981 0.44786261
v 0.00000000 -0.01538774 0.45210973
v -0.00537391 -0.01486399 0.45163947
v -0.00537391 -0.01127155 0.45556201
v 0.00000000 -0.01177317 0.45605440
v 0.00000000 -0.00805533 0.45972061
v -0.00537391 -0.00757584 0.45920609
v 0.00000000 -0.00424896 0.46312310
v -0.00537391 -0.00379161 0.46258829
v -0.00537391 -0.02170217 0.44287414
v 0.00000000 -0.02226648 0.44329829
v -0.01021669 -0.01680221 0.44614753
v -0.01021669 -0.01337944 0.45030429
v -0.01021669 -0.02010327 0.44167174
v -0.01431812 -0.01107238 0.44823144
v -0.01431812 -0.01440479 0.44417612
v -0.01431812 -0.01762102 0.43980360
v 0.00537391 -0.03659935 0.41459935
v 0.01021669 -0.03478838 0.41371231
v 0.01021669 -0.03203504 0.42014661
v 0.00537391 -0.03381097 0.42109267
v -0.01748640 -0.01129922 0.44162379
v -0.01748640 -0.00808668 0.44554818
v -0.01748640 0.00211895 0.45564684
v 0.01952605 -0.01213094 0.40953343
v 0.01748640 -0.00791517 0.40728538
v 0.01748640 -0.00560627 0.41243061
v 0.01952605 -0.00973167 0.41482434
v -0.01748640 -0.01440479 0.43738405
v 0.01748640 0.31492854 0.07894606
v 0.01952605 0.31977132 0.07894606
v -0.01431812 -0.03197971 0.41233287
v -0.01021669 -0.03478838 0.41371231
v -0.01021669 -0.03203504 0.42014661
v -0.01431812 -0.02927801 0.41867497
v -0.02024343 -0.02534440 0.38915168
v -0.01952605 -0.03028124 0.39115998
v -0.01952605 -0.02658183 0.40184878
v -0.02024343 -0.02173721 0.39965422
v -0.02024343 -0.01927709 0.40609774
v -0.01952605 -0.02404426 0.40843799
v -0.01952605 -0.02149009 0.41452374
v -0.02024343 -0.01680959 0.41202858
v -0.01952605 -0.01889350 0.42013923
v -0.02024343 -0.01431259 0.41748179
v -0.01952605 -0.02040756 0.38714338
v -0.01952605 -0.01689073 0.39745966
v -0.01952605 -0.03247026 0.34666574
v -0.01952605 -0.03975473 0.31968741
v 0.01431812 -0.02366805 0.43002213
v -0.01952605 -0.01450991 0.40375749
v -0.01952605 -0.01213094 0.40953343
v -0.01952605 -0.00973167 0.41482434
v -0.01748640 -0.01595943 0.38533241
v -0.01748640 -0.02068603 0.37023421
v -0.01952605 -0.02522268 0.37185708
v -0.01748640 -0.01252559 0.39548271
v -0.01748640 -0.01021485 0.40164961
v -0.01748640 -0.00791517 0.40728538
v -0.01748640 -0.00560627 0.41243061
v -0.01431812 -0.01218995 0.38379991
v -0.01431812 -0.01684463 0.36886030
v -0.01431812 -0.00882803 0.39380636
v -0.01431812 -0.00657446 0.39986261
v -0.01021669 -0.00928170 0.38261595
v -0.01021669 -0.01387921 0.36779991
v -0.01021669 -0.00597142 0.39251360
v -0.01021669 -0.00376579 0.39848317
v -0.00537391 -0.00740802 0.38185431
v -0.00537391 -0.01196865 0.36711757
v -0.01021669 -0.02921531 0.42612725
v -0.01431812 -0.02651544 0.42456155
v -0.00537391 -0.00413278 0.39168004
v -0.00537391 -0.00195666 0.39759613
v -0.00537391 0.00018995 0.40296266
v -0.00537391 0.00232734 0.40782941
v 0.00000000 -0.00674597 0.38158506
v 0.00000000 -0.01129553 0.36687598
v 0.00000000 -0.00348548 0.39138681
v 0.00000000 -0.00131858 0.39728262
v 0.00537391 -0.00740802 0.38185431
v 0.00537391 -0.01196865 0.36711757
v 0.00537391 -0.00413278 0.39168004
v 0.00537391 -0.00195666 0.39759613
v 0.01021669 -0.00928170 0.38261595
v 0.01021669 -0.01387921 0.36779991
v 0.01021669 -0.00597142 0.39251360
v 0.01021669 -0.00376579 0.39848317
v 0.01021669 -0.00158598 0.40391056
v 0.01021669 0.00059013 0.40883633
v 0.01431812 -0.01218995 0.38379991
v 0.01431812 -0.01684463 0.36886030
v 0.01431812 -0.00882803 0.39380636
v 0.01431812 -0.00657446 0.39986261
v 0.01431812 -0.00434302 0.40538036
v 0.01431812 -0.00210973 0.41040203
v 0.01748640 -0.01595943 0.38533241
v 0.01748640 -0.02068603 0.37023421
v 0.01748640 -0.01252559 0.39548271
v 0.01748640 -0.01021485 0.40164961
v 0.01952605 -0.02040756 0.38714338
v 0.01952605 -0.02522268 0.37185708
v 0.01952605 -0.01689073 0.39745966
v 0.01952605 -0.01450991 0.40375749
v 0.02024527 -0.02534440 0.38915168
v 0.02024527 -0.03025542 0.37365698
v 0.02024527 -0.02173721 0.39965422
v 0.02024527 -0.01680959 0.41202858
v 0.02024527 -0.01431259 0.41748179
v 0.02024527 -0.01927709 0.40609774
v -0.01021669 -0.02038543 0.34502259
v -0.01431812 -0.02339880 0.34597418
v 0.01952605 -0.03028124 0.39115998
v 0.01952605 -0.03529000 0.37545689
v 0.01952605 -0.02658183 0.40184878
v 0.01952605 -0.02404426 0.40843799
v 0.01952605 -0.02149009 0.41452374
v 0.01952605 -0.01889350 0.42013923
v 0.01748640 -0.03472937 0.39297095
v 0.01748640 -0.03982480 0.37707976
v 0.01748640 -0.03094882 0.40382573
v 0.01748640 -0.02834117 0.41054587
v 0.01748640 -0.02570586 0.41677178
v 0.01748640 -0.02301890 0.42253296
v 0.01431812 -0.03849885 0.39450346
v 0.01431812 -0.04366621 0.37845367
v 0.01431812 -0.03464638 0.40550023
v 0.01431812 -0.03197971 0.41233287
v 0.01431812 -0.02927801 0.41867497
v 0.01431812 -0.02651544 0.42456155
v 0.01021669 -0.04140710 0.39568741
v 0.01021669 -0.04663347 0.37951406
v 0.01021669 -0.03750115 0.40679484
v 0.01021669 -0.02921531 0.42612725
v 0.00537391 -0.04328077 0.39644905
v 0.00537391 -0.04854403 0.38019825
v 0.00537391 -0.03934163 0.40762656
v 0.00537391 -0.03095251 0.42713601
v 0.00000000 -0.04394099 0.39671830
v 0.00000000 -0.04921715 0.38043799
v 0.00000000 -0.03998893 0.40791978
v 0.00000000 -0.03723559 0.41491286
v 0.00000000 -0.03443615 0.42142646
v -0.01748640 -0.02834117 0.41054587
v -0.01748640 -0.02570586 0.41677178
v 0.00000000 -0.03156478 0.42749009
v -0.00537391 -0.04328077 0.39644905
v -0.00537391 -0.04854403 0.38019825
v 0.00000000 -0.04921715 0.38043799
v 0.00000000 -0.04394099 0.39671830
v 0.00000000 -0.05686860 0.35429322
v 0.00000000 -0.06433564 0.32678377
v 0.00000000 -0.03998893 0.40791978
v -0.00537391 -0.03934163 0.40762656
v -0.00537391 -0.03659751 0.41459935
v 0.00000000 -0.03723559 0.41491286
v 0.00000000 -0.03443615 0.42142646
v -0.00537391 -0.03381097 0.42109267
v 0.00000000 -0.03156478 0.42749009
v -0.00537391 -0.03095251 0.42713601
v -0.01021669 -0.04140710 0.39568741
v -0.01021669 -0.04663347 0.37951406
v -0.01021669 -0.03750115 0.40679484
v -0.01431812 -0.03849700 0.39450346
v -0.01431812 -0.03464638 0.40550023
v -0.01748640 -0.03472937 0.39297095
v 0.00537391 -0.01844537 0.34441033
v 0.00000000 -0.01776118 0.34419456
v -0.01748640 -0.03094882 0.40382573
v -0.01748640 -0.02301890 0.42253296
v 0.00537391 -0.05559797 0.35613186
v 0.01021669 -0.05365606 0.35551959
v -0.01952605 -0.03529000 0.37545689
v -0.02024343 -0.03025542 0.37365698
v 0.01748640 -0.02730106 0.34720424
v 0.01952605 -0.03190779 0.34865745
v -0.01754357 -0.05217704 0.29427847
v -0.01692024 -0.04767543 0.29308345
v -0.01640756 -0.04781189 0.29311849
v -0.01701245 -0.05217704 0.29427847
v -0.01021669 -0.05365606 0.35551959
v -0.01952605 -0.05667312 0.29824343
v -0.02024343 -0.04491102 0.32117566
v -0.02024343 -0.05147810 0.29686399
v -0.02024343 -0.03702167 0.35027109
v -0.01952605 -0.04213370 0.35188474
v -0.01515353 -0.04362010 0.29200645
v -0.01469433 -0.04388013 0.29207469
v -0.01952605 -0.03190779 0.34865745
v -0.01240756 -0.04018442 0.29109359
v -0.01203135 -0.04054772 0.29118949
v -0.01748640 -0.02730106 0.34720424
v -0.00885385 -0.03753250 0.29038912
v -0.00858460 -0.03797510 0.29050715
v -0.00950484 -0.02186630 0.34424988
v -0.01332042 -0.02467128 0.34512955
v -0.01332042 -0.02461411 0.34533610
v -0.00950484 -0.02180913 0.34445643
v -0.00465652 -0.03582480 0.28993545
v 0.00000000 -0.03522176 0.28977501
v 0.00000000 -0.03573628 0.28991148
v -0.00451637 -0.03631904 0.29006639
v 0.00537391 -0.03261042 0.29185339
v 0.00000000 -0.03191517 0.29166897
v -0.00537391 -0.01857630 0.34395113
v 0.00000000 -0.01789212 0.34373536
v 0.00000000 -0.01936561 0.34368926
v -0.00499954 -0.02000184 0.34388843
v 0.00465837 -0.03582480 0.28993545
v 0.00451637 -0.03631904 0.29006639
v 0.00499954 -0.02005901 0.34368373
v 0.00000000 -0.01942278 0.34348271
v 0.00499954 -0.02000184 0.34388843
v 0.00885385 -0.03753250 0.29038912
v 0.00858460 -0.03797510 0.29050715
v -0.00537391 -0.01844537 0.34441033
v 0.01240756 -0.04018442 0.29109359
v 0.01203320 -0.04054772 0.29118949
v 0.01021669 -0.02038543 0.34502259
v 0.01952605 -0.04628492 0.29548456
v 0.01748640 -0.04160627 0.29424159
v 0.01431812 -0.02339880 0.34597418
v 0.01515353 -0.04362010 0.29200645
v 0.01692024 -0.04767543 0.29308345
v 0.01640756 -0.04781189 0.29311849
v 0.01469433 -0.04388013 0.29207469
v 0.01816690 -0.03259382 0.34761365
v 0.01626925 -0.02830429 0.34626925
v 0.01626925 -0.02824712 0.34647764
v 0.01816690 -0.03253481 0.34782388
v 0.01754357 -0.05217704 0.29427847
v 0.01701245 -0.05217704 0.29427847
v 0.01883449 -0.03735362 0.34910742
v 0.01883449 -0.03729461 0.34931766
v 0.01692024 -0.05667865 0.29547533
v 0.01640756 -0.05654219 0.29543845
v 0.02024527 -0.03702167 0.35027109
v -0.02024343 -0.03758967 0.34826648
v 0.01515353 -0.06073398 0.29655233
v 0.01469433 -0.06047395 0.29648225
v 0.01952605 -0.04213370 0.35188474
v 0.01021669 -0.06837621 0.30135270
v 0.01431812 -0.06531489 0.30053942
v 0.01748640 -0.04674043 0.35333794
v 0.01240756 -0.06416966 0.29746335
v 0.00885385 -0.06682158 0.29816966
v 0.00858460 -0.06637898 0.29805164
v 0.01203320 -0.06380636 0.29736745
v 0.01431812 -0.05064269 0.35456985
v 0.00465837 -0.06853112 0.29862333
v 0.00451637 -0.06803504 0.29849055
v -0.00537391 -0.07034763 0.30187644
v 0.00000000 -0.07104103 0.30206086
v 0.00000000 -0.05628031 0.35634947
v 0.00000000 -0.06913232 0.29878193
v -0.00465652 -0.06853112 0.29862333
v -0.00451637 -0.06803504 0.29849055
v 0.00000000 -0.06861964 0.29864546
v -0.00885385 -0.06682158 0.29816966
v -0.00858460 -0.06637898 0.29805164
v -0.00537391 -0.05559797 0.35613186
v 0.00000000 -0.05628031 0.35634947
v -0.01240756 -0.06416966 0.29746335
v -0.01203135 -0.06380636 0.29736745
v -0.01515353 -0.06073398 0.29655233
v -0.01469433 -0.06047395 0.29648225
v -0.01626740 -0.04640295 0.35194560
v -0.01332042 -0.05003596 0.35308529
v -0.01332042 -0.04997695 0.35329922
v -0.01626740 -0.04634394 0.35215952
v -0.01021669 -0.02051637 0.34456155
v -0.01431812 -0.02353158 0.34550945
v 0.00537391 -0.01857630 0.34395113
v 0.00537391 -0.05573813 0.35564684
v 0.01021669 -0.05379806 0.35503642
v 0.01748640 -0.02743384 0.34673951
v 0.01952605 -0.03204242 0.34818903
v -0.01021669 -0.05379806 0.35503642
v -0.01431812 -0.05078285 0.35408668
v -0.02024343 -0.03715629 0.34979899
v -0.01952605 -0.04227201 0.35140894
v -0.01952605 -0.03204242 0.34818903
v -0.01748640 -0.02743384 0.34673951
v 0.01021669 -0.02051637 0.34456155
v 0.01431812 -0.02353158 0.34550945
v 0.02024527 -0.03715629 0.34979899
v 0.01952605 -0.04227201 0.35140894
v 0.01748640 -0.04687875 0.35285846
v 0.01431812 -0.05078285 0.35408668
v 0.00000000 -0.05642231 0.35586261
v -0.01748640 -0.04688059 0.35285846
v -0.00537391 -0.05573813 0.35564684
v 0.00000000 -0.05642231 0.35586261
v -0.01816505 -0.04211342 0.35059935
v -0.01952605 -0.04258921 0.35028585
v -0.01748640 -0.04720148 0.35172799
v -0.01431812 -0.05110742 0.35295251
v -0.00950484 -0.05284278 0.35396496
v -0.01021669 -0.05412264 0.35389673
v -0.00499954 -0.05464822 0.35453112
v -0.00537391 -0.05606455 0.35450346
v 0.00000000 -0.05528446 0.35473213
v 0.00000000 -0.05674873 0.35471923
v 0.00499954 -0.05464822 0.35453112
v 0.00000000 -0.05528446 0.35473213
v 0.00000000 -0.05674873 0.35471923
v 0.00537391 -0.05606455 0.35450346
v 0.00950484 -0.05284278 0.35396496
v 0.01021669 -0.05412264 0.35389673
v 0.01332227 -0.05003596 0.35308529
v 0.01431812 -0.05110742 0.35295251
v 0.01626925 -0.04640295 0.35194560
v 0.01748640 -0.04720148 0.35172799
v 0.01816690 -0.04211342 0.35059935
v 0.01952605 -0.04258921 0.35028585
v 0.02024527 -0.03747165 0.34868326
v 0.01952605 -0.03235408 0.34708068
v 0.01748640 -0.02774366 0.34563670
v 0.01332227 -0.02467128 0.34512955
v 0.01431812 -0.02383771 0.34441402
v 0.00950484 -0.02186630 0.34424988
v 0.01021669 -0.02082250 0.34346980
v 0.00537391 -0.01888059 0.34286123
v 0.00000000 -0.01819640 0.34264730
v -0.00499954 -0.02005901 0.34368373
v -0.00537391 -0.01888059 0.34286123
v -0.01021669 -0.02082250 0.34346980
v -0.01431812 -0.02383771 0.34441402
v -0.01626740 -0.02830429 0.34626925
v -0.01748640 -0.02774366 0.34563670
v -0.01816505 -0.03259382 0.34761365
v -0.01952605 -0.03235408 0.34708068
v -0.01883449 -0.03735362 0.34910742
v -0.02024343 -0.03747165 0.34868326
v -0.01816505 -0.04205440 0.35081143
v -0.01883449 -0.03729461 0.34931766
v -0.01816505 -0.03253481 0.34782388
v -0.01626740 -0.02824712 0.34647764
v 0.00950484 -0.02180913 0.34445643
v 0.01332227 -0.02461411 0.34533610
v 0.01816690 -0.04205440 0.35081143
v 0.01626925 -0.04634394 0.35215952
v 0.01332227 -0.04997695 0.35329922
v 0.00950484 -0.05278193 0.35418073
v 0.00499954 -0.05458737 0.35474689
v 0.00000000 -0.05522545 0.35494606
v 0.00000000 -0.05522545 0.35494606
v -0.00499954 -0.05458737 0.35474689
v -0.00950484 -0.05278193 0.35418073
v 0.02024527 -0.05147810 0.29686399
v -0.01692024 -0.05667865 0.29547533
v -0.01640756 -0.05654219 0.29543845
v 0.01748640 -0.06135178 0.29948640
v 0.01952605 -0.05667312 0.29824343
v 0.00000000 -0.07104103 0.30206086
v 0.00537391 -0.07034763 0.30187644
v -0.01021669 -0.06837621 0.30135270
v 0.00000000 -0.06913232 0.29878193
v 0.00000000 -0.06861964 0.29864546
v -0.01021669 -0.03458183 0.29237713
v -0.01431812 -0.03764131 0.29318857
v -0.00537391 -0.03261042 0.29185339
v -0.01748640 -0.06135178 0.29948640
v -0.01431812 -0.06531489 0.30053942
v -0.01748640 -0.04160627 0.29424159
v -0.01952605 -0.04628492 0.29548456
v 0.01021669 -0.03458183 0.29237713
v 0.01431812 -0.03764131 0.29318857
v 0.00000000 -0.03262148 0.29047026
v -0.00527432 -0.03330383 0.29065099
v 0.00000000 -0.03383126 0.28977686
v -0.00501245 -0.03448041 0.28994836
v 0.01987460 -0.05182665 0.29557123
v 0.01916828 -0.04672937 0.29421761
v 0.01888612 -0.05208114 0.29462517
v 0.01821485 -0.04723836 0.29333794
v 0.01916828 -0.05692393 0.29692485
v 0.01821485 -0.05692577 0.29591056
v -0.01916828 -0.05692393 0.29692485
v -0.01716736 -0.06151959 0.29814569
v -0.01821485 -0.05692577 0.29591056
v -0.01631351 -0.06129276 0.29707238
v 0.01716551 -0.04213370 0.29299677
v 0.01405625 -0.03824251 0.29196219
v 0.01631166 -0.04287137 0.29217796
v 0.01335731 -0.03917381 0.29119502
v -0.01002858 -0.03523836 0.29116551
v -0.00952882 -0.03631720 0.29043707
v 0.00000000 -0.07103366 0.30067404
v 0.00527616 -0.07035316 0.30049147
v 0.00000000 -0.07033472 0.29947349
v 0.00501245 -0.06968741 0.29930198
v 0.00527432 -0.03330383 0.29065099
v 0.00501245 -0.03448041 0.28994836
v 0.01405809 -0.06541079 0.29918027
v 0.01716736 -0.06151959 0.29814569
v 0.01335915 -0.06499216 0.29805348
v 0.01631351 -0.06129276 0.29707238
v 0.01003043 -0.06841678 0.29997879
v 0.00953250 -0.06784878 0.29881328
v 0.01002858 -0.03523836 0.29116551
v 0.00953066 -0.03631720 0.29043707
v -0.01405809 -0.06541079 0.29918027
v -0.01335915 -0.06499216 0.29805348
v -0.01716551 -0.04213370 0.29299677
v -0.01916828 -0.04672937 0.29421761
v -0.01631166 -0.04287137 0.29217796
v -0.01821485 -0.04723836 0.29333794
v -0.01888428 -0.05208114 0.29462517
v -0.01987275 -0.05182665 0.29557123
v -0.00527432 -0.07035316 0.30049147
v 0.00000000 -0.07103366 0.30067404
v -0.00501245 -0.06968741 0.29930198
v 0.00000000 -0.07033472 0.29947349
v -0.01405625 -0.03824251 0.29196219
v -0.01335731 -0.03917381 0.29119502
v -0.01003043 -0.06841678 0.29997879
v -0.00953066 -0.06784878 0.29881328
v 0.00537391 0.30562102 0.07894606
v 0.01021669 0.30766067 0.07894606
v 0.02024527 0.32514523 0.07894606
v -0.01952420 0.31977132 0.07894606
v 0.01431812 0.33946150 0.07894606
v -0.01021669 0.34262978 0.07894606
v 0.01431812 0.31082711 0.07894606
v 0.00000000 0.34538681 0.07894606
v -0.01021669 0.30766067 0.07894606
v 0.01260304 0.33774827 0.07653204
v 0.00899401 0.34053665 0.07653204
v 0.01002121 0.34229783 0.07766067
v 0.01404518 0.33919041 0.07766067
v 0.00473029 0.30795943 0.07653204
v 0.00899401 0.30975380 0.07653204
v 0.01002121 0.30799262 0.07766067
v 0.00527063 0.30599355 0.07766067
v 0.01260304 0.31254219 0.07653204
v 0.01404518 0.31110005 0.07766067
v -0.01781835 0.32514523 0.07653204
v -0.01718580 0.32041494 0.07653204
v -0.01915353 0.31987460 0.07766067
v -0.01985800 0.32514523 0.07766067
v 0.00473029 0.34233103 0.07653204
v 0.00000000 0.34296542 0.07653204
v 0.00000000 0.34500323 0.07766067
v 0.00527063 0.34429691 0.07766067
v -0.01539142 0.33413739 0.07653204
v -0.01718580 0.32987552 0.07653204
v -0.01915353 0.33041586 0.07766067
v -0.01715260 0.33516644 0.07766067
v 0.01539142 0.31615307 0.07653204
v 0.01715260 0.31512402 0.07766067
v -0.01539142 0.31615307 0.07653204
v -0.01715260 0.31512402 0.07766067
v 0.01539142 0.33413739 0.07653204
v 0.01715260 0.33516644 0.07766067
v 0.00000000 0.30732503 0.07653204
v 0.00000000 0.30528723 0.07766067
v -0.00473029 0.34233103 0.07653204
v -0.00899216 0.34053665 0.07653204
v -0.01002121 0.34229783 0.07766067
v -0.00527063 0.34429691 0.07766067
v -0.01260304 0.33774827 0.07653204
v -0.01404518 0.33919041 0.07766067
v 0.01718764 0.32041494 0.07653204
v 0.01782019 0.32514523 0.07653204
v 0.01985800 0.32514523 0.07766067
v 0.01915353 0.31987460 0.07766067
v -0.01260304 0.31254219 0.07653204
v -0.00899216 0.30975380 0.07653204
v -0.01002121 0.30799262 0.07766067
v -0.01404518 0.31110005 0.07766067
v 0.01718764 0.32987552 0.07653204
v 0.01915353 0.33041586 0.07766067
v -0.00473029 0.30795943 0.07653204
v -0.00527063 0.30599355 0.07766067
v 0.00000000 0.34296542 0.07653204
v 0.00000000 0.34500323 0.07766067
vn 0.63382719 -0.53172281 -0.56172409
vn 0.51860320 -0.67570417 -0.52390323
vn 0.00000000 -0.25669780 -0.96649172
vn -0.36969547 -0.78689036 -0.49409394
vn -0.51860320 -0.67570417 -0.52390323
vn 0.63410535 0.18330155 -0.75120633
vn 0.70889911 0.01249998 -0.70519912
vn -0.70889911 0.01249998 -0.70519912
vn -0.63410535 0.18330155 -0.75120633
vn -0.36999211 0.43879064 -0.81888254
vn -0.19310444 0.51131174 -0.83741924
vn -0.63382719 -0.53172281 -0.56172409
vn 0.73464024 -0.17410954 -0.65573592
vn 0.70873978 -0.36062024 -0.60633403
vn 0.51891475 0.32720930 -0.78972245
vn 0.36969547 -0.78689036 -0.49409394
vn 0.19289499 -0.85897771 -0.47428769
vn 0.36999211 0.43879064 -0.81888254
vn 0.00000000 0.53638365 -0.84397428
vn -0.70873978 -0.36062024 -0.60633403
vn -0.19289499 -0.85897771 -0.47428769
vn 0.00000000 -0.88393139 -0.46761661
vn 0.19310444 0.51131174 -0.83741924
vn -0.51891475 0.32720930 -0.78972245
vn -0.73464024 -0.17410954 -0.65573592
vn 0.00000000 0.53638365 -0.84397428
vn -0.85876104 0.51227676 0.01009954
vn -0.69919646 0.71479638 0.01379993
vn -0.70003058 0.71403119 0.01080047
vn -0.85912449 0.51171459 0.00730021
vn -0.70318690 0.71098676 0.00509991
vn -0.86129360 0.50809622 0.00339997
vn 0.00000000 -0.99999488 -0.00319998
vn 0.00000000 -0.99996388 -0.00849969
vn -0.25790896 -0.96613357 -0.00830029
vn -0.26018730 -0.96555286 -0.00319984
vn -0.25750078 -0.96580291 -0.03030009
vn -0.25750172 -0.96600644 -0.02290015
vn 0.00000000 -0.99971673 -0.02380040
vn -0.00010000 -0.99950689 -0.03140022
vn 0.25850076 0.81960242 0.51130151
vn 0.49738527 0.73597820 0.45928639
vn 0.49708495 0.75177724 0.43328688
vn 0.25830360 0.83711166 0.48220672
vn -0.26159404 -0.96517799 0.00000000
vn 0.00000000 -1.00000000 0.00000000
vn 0.85943357 -0.51121997 -0.00530021
vn 0.70030765 -0.71380780 -0.00690008
vn 0.70344436 -0.71074482 -0.00280018
vn 0.86152310 -0.50771361 -0.00220006
vn -0.69962322 -0.71432371 -0.01640054
vn -0.49599363 -0.86808885 -0.02029974
vn -0.49587730 -0.86796026 -0.02739875
vn -0.69958703 -0.71418676 -0.02269958
vn 0.49942092 -0.04410185 0.86523625
vn 0.70279307 -0.03579965 0.71049299
vn 0.70302628 -0.02190082 0.71082657
vn 0.49949292 -0.02729961 0.86588773
vn -0.70550382 0.70870383 0.00180001
vn -0.86275010 0.50562936 0.00110006
vn -0.69930927 0.71440947 0.02420032
vn -0.85876578 0.51207960 0.01719931
vn 0.00000000 0.99982137 0.01890040
vn 0.25719625 0.96618591 0.01829973
vn 0.25770016 0.96610060 0.01550001
vn 0.00000000 0.99987039 0.01609952
vn 0.26008828 0.96555649 0.00739967
vn 0.00000000 0.99996958 0.00779976
vn -0.70178181 0.45938809 0.54448588
vn -0.49839665 0.55919624 0.66249554
vn -0.49832854 0.58733363 0.63773652
vn -0.70171177 0.48260809 0.52410879
vn 0.26159301 0.96517421 0.00279993
vn 0.00000000 0.99999580 0.00289999
vn 0.00000000 0.99941157 0.03430040
vn 0.25750279 0.96571045 0.03310036
vn 0.85913551 -0.51162115 -0.01140047
vn 0.69962437 -0.71432488 -0.01630057
vn 0.00000000 0.99996958 0.00779976
vn -0.25999504 0.96558160 0.00739986
vn -0.25770056 0.96610210 0.01540003
vn 0.00000000 0.99987039 0.01609952
vn 0.00000000 0.99982137 0.01890040
vn -0.25728963 0.96616105 0.01829926
vn -0.25759701 0.96568877 0.03299962
vn 0.00000000 0.99941157 0.03430040
vn 0.99999982 0.00000000 0.00060000
vn 0.96386491 0.00079997 0.26639030
vn 0.96405331 -0.00339984 0.26568713
vn 0.99999976 0.00000000 0.00070000
vn 0.70560515 -0.70860517 -0.00030000
vn 0.86281974 -0.50551156 -0.00040001
vn 0.85911975 -0.51151176 -0.01640038
vn 0.69953596 -0.71423672 -0.02270117
vn 0.50000860 -0.86601489 -0.00310005
vn 0.50229713 -0.86469506 -0.00020000
vn 0.85876104 0.51227676 0.01009954
vn 0.96334466 0.26821243 0.00540025
vn 0.96341096 0.26800305 0.00370004
vn 0.85912322 0.51171383 0.00750020
vn -0.70340302 -0.28050120 -0.65310280
vn -0.86177047 -0.20029314 -0.46608403
vn -0.86129121 -0.22169774 -0.45719533
vn -0.70282176 -0.31050961 -0.64001981
vn 0.00000000 0.99999580 0.00289999
vn -0.26159301 0.96517421 0.00279993
vn 0.49599363 -0.86808885 -0.02029974
vn 0.49676943 -0.86784660 -0.00789951
vn -0.49980712 0.86611234 0.00650009
vn -0.50217749 0.86476124 0.00239989
vn 0.96326886 0.26839132 0.00889971
vn 0.85876578 0.51207960 0.01719931
vn 0.96410870 0.26550240 0.00170002
vn 0.86133765 0.50802221 0.00330014
vn 0.49587730 -0.86796026 -0.02739875
vn 0.00000000 -0.34681272 0.93793440
vn 0.25969886 -0.33479853 0.90579603
vn 0.25979149 -0.30519000 0.91616999
vn 0.00000000 -0.31610776 0.94872329
vn 0.96455340 0.26388725 0.00049998
vn 0.86270647 0.50570380 0.00110001
vn 0.99999992 0.00040000 0.00000000
vn 0.96351173 -0.26760326 -0.00580007
vn 0.96360807 -0.26730224 -0.00300003
vn 0.99999992 0.00040000 0.00010000
vn 0.96421864 -0.26510512 -0.00130003
vn 0.99999996 0.00030000 0.00000000
vn 0.99999976 0.00070000 0.00000000
vn 0.96360169 -0.26720047 -0.00870002
vn 0.25920060 -0.81750189 -0.51430119
vn 0.00000000 -0.84637642 -0.53258516
vn 0.00000000 -0.86325255 -0.50477226
vn 0.25908954 -0.83386632 -0.48738032
vn 0.96460437 -0.26370119 -0.00030000
vn 0.99999999 0.00010000 0.00000000
vn -0.96329296 0.26839804 0.00539996
vn -0.96343713 0.26791032 0.00360014
vn -0.96410886 0.26550244 0.00160001
vn -0.96329471 0.26829853 0.00889995
vn -0.25920060 -0.81750189 -0.51430119
vn -0.25899625 -0.83388792 -0.48739294
vn -0.70040859 -0.71370876 -0.00690008
vn -0.49650072 -0.86800126 -0.00780001
vn -0.70344455 -0.71074501 -0.00270017
vn -0.49957881 -0.86626325 -0.00299987
vn 0.25750172 -0.96600644 -0.02290015
vn 0.25790875 -0.96613276 -0.00840028
vn 0.00000000 0.96473843 -0.26321049
vn 0.26209683 0.93098873 -0.25409692
vn 0.26230614 0.93182182 -0.25080587
vn 0.00000000 0.96565823 -0.25981567
vn -0.96455340 0.26388725 0.00049998
vn -0.49552122 0.86843718 0.01660071
vn -0.49620141 0.86810247 0.01350004
vn -0.49581383 0.86792421 0.02960083
vn -0.70560517 -0.70860519 -0.00020000
vn -0.50222236 -0.86473851 -0.00010000
vn 0.49620074 0.86810130 0.01360002
vn 0.69972680 0.71432736 0.01090042
vn 0.70318726 0.71098712 0.00499991
vn 0.49949546 0.86629212 0.00649994
vn 0.25759336 -0.96577510 -0.03039922
vn -0.49747250 0.76955746 -0.40037787
vn -0.70130615 0.63140554 -0.33090290
vn -0.70128995 0.61389120 -0.36239481
vn -0.49740820 0.74841235 -0.43870724
vn 0.49547818 0.86846176 0.01659927
vn 0.69919646 0.71479638 0.01379993
vn 0.69930927 0.71440947 0.02420032
vn 0.49577080 0.86794888 0.02959826
vn -0.25999854 -0.38069786 -0.88739501
vn -0.49977336 -0.34158179 -0.79595758
vn -0.49929210 -0.37829402 -0.77948767
vn -0.25969947 -0.42159914 -0.86879822
vn 0.70550382 0.70870383 0.00180001
vn 0.50222092 0.86473602 0.00240010
vn -0.26000777 -0.95492853 -0.14320428
vn 0.00000000 -0.98970807 -0.14310117
vn -0.99999998 0.00020000 0.00000000
vn -0.99999995 0.00030000 0.00010000
vn -0.99999996 0.00030000 0.00000000
vn -0.99999988 0.00050000 0.00000000
vn -0.96351173 -0.26760326 -0.00580007
vn -0.96371817 -0.26690503 -0.00300006
vn 0.96391204 -0.01300016 0.26590332
vn 0.99999968 0.00000000 0.00080000
vn 0.99999968 0.00000000 0.00080000
vn 0.96396895 -0.00809974 0.26589144
vn -0.99999999 0.00010000 0.00000000
vn -0.96360169 -0.26720047 -0.00870002
vn -0.96421876 -0.26510516 -0.00120002
vn 0.95481266 0.26010345 -0.14380191
vn 0.85476721 0.49878086 -0.14349449
vn -0.96460437 -0.26370119 -0.00030000
vn 0.26009407 -0.96557798 -0.00319993
vn 0.26159404 -0.96517799 0.00000000
vn -0.96313021 -0.23630741 0.12860403
vn -0.85899714 -0.44889851 0.24619918
vn -0.85869556 -0.43639774 0.26869861
vn -0.96305567 -0.22968943 0.14059353
vn -0.96408674 0.16129778 -0.21099710
vn -0.99999816 -0.00120000 0.00150000
vn -0.99999852 -0.00100000 0.00140000
vn -0.96410670 0.15200106 -0.21770151
vn 0.25390835 0.95093126 0.17680581
vn 0.49040445 0.85710777 0.15770143
vn 0.49019693 0.86479459 0.10879932
vn 0.25380468 0.95951770 0.12210225
vn -0.85916170 -0.51157719 -0.01139949
vn -0.85943357 -0.51121997 -0.00530021
vn -0.86152328 -0.50771372 -0.00210006
vn -0.85911975 -0.51151176 -0.01640038
vn 0.50302214 0.83373669 -0.22771002
vn 0.70632387 0.68282307 -0.18670631
vn 0.70658642 0.68328686 -0.18399646
vn 0.50337985 0.83436659 -0.22459101
vn -0.86281977 -0.50551158 -0.00030001
vn -0.25979951 -0.04939991 0.96439819
vn 0.00000000 -0.05129914 0.99868333
vn 0.00000000 -0.03169992 0.99949743
vn -0.25988840 -0.03049864 0.96515691
vn -0.85965209 0.43327585 0.27068491
vn -0.70080018 0.60510015 0.37780010
vn -0.70051270 0.61821121 0.35650646
vn -0.85947641 0.44268785 0.25559298
vn -0.48908499 -0.86837335 -0.08199748
vn -0.69332055 -0.71722126 -0.07000207
vn -0.69452602 -0.71812691 -0.04390164
vn -0.49018428 -0.87017210 -0.05019839
vn 0.25280399 -0.96341522 -0.08900141
vn -0.00020001 -0.99583231 -0.09120296
vn -0.00020000 -0.99852457 -0.05430134
vn 0.25349434 -0.96587843 -0.05309881
vn 0.49861138 -0.73381675 -0.46141053
vn 0.49830039 -0.74870059 -0.43720035
vn 0.00000000 0.99776654 0.06679776
vn 0.25669252 0.96437191 0.06399814
vn -0.99999578 0.00289999 0.00020000
vn -0.96163515 0.27030988 0.04680171
vn -0.96184428 0.27181251 0.03120144
vn -0.99999855 0.00170000 0.00010000
vn -0.99998890 0.00449995 0.00139998
vn -0.96228383 0.25439572 0.09639838
vn -0.96180925 0.26480255 0.06930067
vn -0.99999058 0.00429996 0.00059999
vn -0.96235192 0.27091462 0.02200119
vn -0.99999959 0.00090000 0.00010000
vn -0.69360324 0.70880331 0.12850060
vn -0.49011131 0.85721978 0.15800365
vn -0.49007338 0.86495303 0.10809413
vn -0.69349338 0.71509317 0.08779916
vn 0.96273746 -0.26891046 -0.02870112
vn 0.85559054 -0.51499430 -0.05239942
vn 0.85632287 -0.51531376 -0.03410091
vn 0.96281744 -0.26950488 -0.01870034
vn -0.96290633 0.26940177 0.01530010
vn -0.99999974 0.00070000 0.00020000
vn -0.96467243 -0.24679295 -0.09219736
vn -0.96397730 -0.25779393 -0.06549846
vn -0.99999208 0.00359997 0.00169999
vn -0.96270169 0.24220043 0.12060021
vn -0.96339055 0.23209772 0.13419868
vn -0.99999891 0.00130000 0.00070000
vn 0.99999995 -0.00030000 0.00010000
vn 0.96461408 -0.25420371 0.07000102
vn 0.96478845 -0.25389696 0.06869918
vn 1.00000000 0.00000000 0.00000000
vn -0.96304709 -0.26581300 -0.04340212
vn -0.96271432 -0.26900400 -0.02860043
vn -0.96270082 -0.26990023 -0.01900002
vn -0.96328701 -0.26819638 -0.01219984
vn -0.96481693 -0.23550413 -0.11690205
vn -0.96413473 -0.22950827 -0.13330480
vn 0.96430674 0.01230009 -0.26450185
vn 0.86158139 0.02319950 -0.50708904
vn 0.86170475 0.01450008 -0.50720279
vn 0.96435810 0.00769967 -0.26448851
vn -0.86121312 -0.47690726 -0.17570268
vn -0.85872117 -0.49741226 -0.12320304
vn -0.85630609 -0.51020363 -0.08020057
vn -0.85548008 -0.51518800 -0.05229878
vn -0.85629035 -0.51539419 -0.03369962
vn -0.85807569 -0.51308546 -0.02119940
vn -0.86170349 -0.45440184 -0.22580092
vn -0.86072561 -0.44001309 -0.25600762
vn -0.70170288 -0.66920275 -0.24450100
vn -0.69830700 -0.69570698 -0.16840169
vn -0.69438893 -0.71138866 -0.10839827
vn -0.69769243 -0.71589223 -0.02689971
vn -0.70303613 -0.63703274 -0.31611625
vn -0.70192689 -0.61532357 -0.35871374
vn -0.25850076 0.81960242 0.51130151
vn 0.00000000 0.84842501 0.52931560
vn 0.00000000 0.86653334 0.49911920
vn -0.25830360 0.83711166 0.48220672
vn -0.49769833 -0.81549727 -0.29539901
vn -0.49369564 -0.84599253 -0.20139822
vn -0.49010087 -0.86220153 -0.12810023
vn -0.49929670 -0.77629487 -0.38479746
vn -0.49832218 -0.74873332 -0.43711945
vn -0.49382483 -0.86904370 -0.03000151
vn -0.26198437 -0.93014450 0.25728465
vn -0.50278286 -0.83317160 0.23029215
vn -0.50340825 -0.83391367 0.22620371
vn -0.26230285 -0.93131012 0.25270275
vn -0.49200148 0.86700260 0.07900024
vn -0.69520744 0.71600766 0.06340068
vn -0.25861077 -0.90883786 -0.32731363
vn -0.25599553 -0.94098355 -0.22139613
vn -0.25371012 -0.95713820 -0.13970558
vn -0.25320502 -0.96331910 -0.08890176
vn -0.25388903 -0.96575828 -0.05339769
vn -0.25620257 -0.96610971 -0.03150032
vn -0.25959906 -0.86539685 -0.42859844
vn 0.00019999 -0.94097022 -0.33848929
vn 0.00000000 -0.97359131 -0.22829796
vn -0.00020001 -0.98963505 -0.14360509
vn -0.00020000 -0.99948786 -0.03199961
vn 0.00000000 -0.89618023 -0.44369021
vn -0.86163815 -0.00080004 -0.50752247
vn -0.70349734 -0.00090000 -0.71069732
vn -0.70392228 0.00880028 -0.71022248
vn -0.86187341 0.00629981 -0.50708435
vn 0.25861077 -0.90883786 -0.32731363
vn 0.25569675 -0.94108805 -0.22129719
vn 0.25340513 -0.95721939 -0.13970283
vn 0.25958771 -0.86545904 -0.42847972
vn 0.25589589 -0.96618447 -0.03169949
vn -0.26018857 -0.00069997 -0.96555757
vn 0.00000000 -0.00060000 -0.99999982
vn 0.00000000 0.01230030 -0.99992435
vn -0.26040722 0.01180033 -0.96542676
vn -0.49909289 -0.70109001 -0.50929274
vn -0.70270215 -0.57560176 -0.41820128
vn -0.70248083 -0.58968390 -0.39848912
vn -0.49881531 -0.71802204 -0.48541490
vn 0.49758600 -0.81567706 -0.29509170
vn 0.49348072 -0.84616695 -0.20119214
vn 0.48990664 -0.86231168 -0.12810174
vn 0.48900891 -0.86841582 -0.08200149
vn 0.49061855 -0.86993289 -0.05010189
vn 0.49370033 -0.86910058 -0.03040002
vn 0.49927679 -0.77646390 -0.38448212
vn 0.49459799 0.86729647 0.05629977
vn 0.69819355 0.71449339 0.04499958
vn 0.70162676 -0.66942553 -0.24410931
vn 0.69790761 -0.69610759 -0.16840184
vn 0.69438893 -0.71138866 -0.10839827
vn 0.69332055 -0.71722126 -0.07000207
vn 0.69467940 -0.71797871 -0.04389870
vn 0.69778612 -0.71578577 -0.02729946
vn 0.70301319 -0.63721195 -0.31580592
vn 0.70192689 -0.61532357 -0.35871374
vn 0.70381028 0.24030351 -0.66850977
vn 0.50027120 0.29198319 -0.81515308
vn 0.50050838 0.26550445 -0.82401380
vn 0.70402508 0.21850779 -0.67572408
vn 0.86122390 -0.47681323 -0.17590488
vn 0.85892241 -0.49721297 -0.12260320
vn 0.85642013 -0.51001199 -0.08020188
vn 0.85811606 -0.51300960 -0.02140040
vn 0.86172267 -0.45451196 -0.22550593
vn 0.86070357 -0.44000183 -0.25610106
vn 0.70338679 0.03199940 -0.71008666
vn 0.49987034 0.03839772 -0.86524867
vn 0.50011516 0.02400073 -0.86562624
vn 0.70360737 0.02000021 -0.71030744
vn 0.96397135 -0.25789233 -0.06519806
vn 0.96463972 -0.24688457 -0.09229423
vn 0.96313110 -0.26550857 -0.04340140
vn 0.96326350 -0.26828983 -0.01199955
vn 0.96477163 -0.23559307 -0.11709656
vn 0.96413473 -0.22950827 -0.13330480
vn -0.69942056 -0.43781287 0.56491661
vn -0.49599230 -0.53249173 0.68588935
vn -0.49648540 -0.50268521 0.70767918
vn -0.69995188 -0.41303061 0.58264318
vn 0.99998904 0.00439995 0.00159998
vn 0.99998871 0.00469995 0.00069999
vn 0.99999780 0.00210000 0.00000000
vn 0.99999902 0.00140000 0.00010000
vn 0.99999454 0.00329998 0.00020000
vn 0.25950782 -0.78132356 -0.56761711
vn 0.00000000 -0.80905166 -0.58773753
vn 0.00000000 -0.82841716 -0.56011160
vn 0.25939725 -0.80009153 -0.54089427
vn 0.99999939 0.00110000 0.00010000
vn 0.99999208 0.00359997 0.00169999
vn 0.99999891 0.00130000 0.00070000
vn 0.00000000 -0.87390244 0.48610136
vn 0.25789626 -0.84448775 0.46939319
vn 0.25770898 -0.82002858 0.51101781
vn 0.00000000 -0.84849793 0.52919871
vn 0.96221221 0.25470323 0.09630122
vn 0.96186098 0.26458927 0.06939718
vn 0.96159661 0.27049905 0.04649984
vn 0.96187490 0.27169291 0.03129918
vn 0.96235192 0.27091462 0.02200119
vn 0.96293519 0.26930984 0.01510055
vn 0.96277891 0.24189470 0.12059736
vn 0.96339055 0.23209772 0.13419868
vn 0.85716101 0.48117811 0.18369164
vn 0.85585128 0.49967155 0.13359239
vn 0.85468039 0.51118827 0.09059792
vn 0.85475622 0.51537360 0.06149685
vn 0.85582547 0.51541534 0.04370130
vn 0.85796983 0.51278197 0.03069892
vn 0.85832615 0.45931399 0.22870697
vn 0.85951445 0.44260744 0.25560430
vn 0.00000000 -0.64221827 -0.76652181
vn -0.26009375 -0.62018510 -0.74008222
vn -0.26008640 -0.65336584 -0.71096283
vn 0.00000000 -0.67667950 -0.73627770
vn 0.69761490 0.66871428 0.25720549
vn 0.69548466 0.69348471 0.18809585
vn 0.69360324 0.70880331 0.12850060
vn 0.69349338 0.71509317 0.08779916
vn 0.69500892 0.71620919 0.06330081
vn 0.69922731 0.63982499 0.31891246
vn 0.70053103 0.61812738 0.35661579
vn 0.25770127 -0.59280293 0.76300377
vn 0.49598468 -0.53238356 0.68597882
vn 0.49651035 -0.50261048 0.70771476
vn 0.25799345 -0.55988579 0.78738001
vn 0.49442833 0.81074645 0.31341796
vn 0.49221542 0.83942629 0.23040722
vn 0.49179944 0.86709901 0.07919991
vn 0.49589133 0.77708641 0.38759322
vn 0.70178181 0.45938809 0.54448588
vn 0.86019581 0.32869840 0.38989810
vn 0.86013557 0.34551429 0.37521552
vn 0.70167790 0.48268480 0.52408349
vn 0.25669662 0.90108813 0.34949540
vn 0.25530588 0.93202147 0.25720592
vn 0.25499985 0.96279942 0.08939995
vn 0.25758929 0.86456405 0.43148206
vn 0.50278286 -0.83317160 0.23029215
vn 0.26189123 -0.93016887 0.25729139
vn 0.26240260 -0.93130922 0.25260250
vn 0.50337766 -0.83396299 0.22608997
vn 0.00000000 0.93218097 0.36199261
vn 0.00000000 0.96383244 0.26650897
vn 0.00000000 0.98301905 0.18350356
vn 0.00000000 0.99196714 0.12649581
vn -0.85492936 0.51071754 0.09090312
vn -0.85493101 0.51511868 0.06120222
vn 0.00000000 0.99567566 0.09289773
vn 0.00000000 0.89472700 0.44661348
vn 0.00000000 0.86653334 0.49911920
vn -0.25660838 0.90102944 0.34971143
vn 0.00000000 0.93218097 0.36199261
vn 0.00000000 0.96383244 0.26650897
vn -0.25499507 0.93208196 0.25729502
vn -0.25389936 0.95089761 0.17699956
vn 0.00000000 0.98301905 0.18350356
vn 0.00000000 0.99196714 0.12649581
vn -0.25369297 0.95957339 0.12189662
vn 0.00000000 0.99567566 0.09289773
vn -0.25460128 0.96290485 0.08940045
vn 0.00000000 0.99776654 0.06679776
vn -0.25669252 0.96437191 0.06399814
vn -0.25760044 0.86450148 0.43160074
vn 0.00000000 0.89472700 0.44661348
vn -0.25918934 0.62307438 0.73796965
vn 0.00000000 0.64520676 0.76400801
vn 0.00000000 0.67751135 0.73551232
vn -0.25909478 0.65438680 0.71038568
vn -0.49456392 0.81064087 0.31347713
vn -0.49221942 0.83953312 0.23000908
vn -0.49459520 0.86729158 0.05639945
vn -0.49589141 0.77698654 0.38779328
vn -0.49708495 0.75177724 0.43328688
vn -0.99999830 0.00120000 0.00140000
vn -0.96356463 0.17229368 0.20459249
vn -0.96353117 0.18120586 0.19690637
vn -0.99999818 0.00130000 0.00140000
vn -0.69512921 0.69372915 0.18850792
vn -0.69769493 0.66859514 0.25729813
vn -0.69809867 0.71459864 0.04479991
vn -0.69920511 0.63970468 0.31920233
vn 0.25889341 0.75988066 0.59628482
vn 0.49800589 0.68230808 0.53520633
vn 0.49788298 0.70137602 0.51008256
vn 0.25880149 0.78120450 0.56810327
vn -0.85723744 0.48092100 0.18400804
vn -0.85576183 0.49987770 0.13339405
vn -0.85611865 0.51491122 0.04390096
vn 0.96430067 -0.21420015 -0.15570011
vn 0.86122149 -0.41111026 -0.29880746
vn 0.86102021 -0.42140989 -0.28470668
vn 0.96424885 -0.21961112 -0.14830751
vn -0.85797769 0.51278667 0.03039921
vn -0.85832629 0.45921407 0.22890701
vn -0.96420441 0.23390107 -0.12490057
vn -0.99999770 -0.00190000 0.00100000
vn -0.99999708 -0.00209999 0.00120000
vn -0.96421004 0.22730237 -0.13650142
vn -0.25990684 0.00400011 0.96562541
vn -0.49930956 0.00350007 0.86641659
vn -0.49990519 -0.01110012 0.86600900
vn -0.26010052 -0.01240002 0.96550192
vn -0.70141031 0.56080824 0.43990646
vn -0.49800589 0.68230808 0.53520633
vn -0.49788298 0.70137602 0.51008256
vn -0.70126433 0.57657067 0.41927867
vn -0.99999855 0.00130000 0.00110000
vn -0.96356695 0.19729323 0.18059380
vn -0.96356028 0.20419158 0.17279288
vn -0.99999866 0.00130000 0.00100000
vn -0.99999888 0.00120000 0.00090000
vn -0.96354355 0.21060952 0.16500746
vn -0.96350999 0.21650225 0.15740163
vn -0.99999888 0.00120000 0.00090000
vn -0.96348731 0.22199708 0.14969803
vn -0.99999896 0.00120000 0.00080000
vn -0.96343690 0.22720870 0.14200544
vn -0.99999884 0.00130000 0.00080000
vn -0.96442029 -0.19510410 -0.17840375
vn -0.96439525 -0.20199901 -0.17069916
vn -0.99999831 0.00130000 0.00130000
vn -0.96353564 0.18970702 0.18870698
vn -0.86035904 0.30868531 -0.40558069
vn -0.86048911 0.29069632 -0.41839471
vn -0.96432927 -0.20840633 -0.16320495
vn -0.96430067 -0.21420015 -0.15570011
vn -0.96424885 -0.21961112 -0.14830751
vn -0.96420175 -0.22470041 -0.14080026
vn -0.96449422 -0.18729888 -0.18619888
vn -0.96452584 -0.17870479 -0.19430520
vn 0.70249006 -0.24609652 0.66779055
vn 0.86068784 -0.17559752 0.47789325
vn 0.86089749 -0.15989953 0.48299859
vn 0.70278465 -0.22409510 0.67518525
vn -0.86157377 -0.37468859 -0.34248957
vn -0.86147932 -0.38799069 -0.32759214
vn -0.86132183 -0.40011014 -0.31310794
vn -0.86118608 -0.41119336 -0.29879517
vn -0.86107058 -0.42138560 -0.28459028
vn -0.86088882 -0.43099440 -0.27039649
vn -0.86169819 -0.35989925 -0.35769925
vn -0.86180789 -0.34330314 -0.37340342
vn 0.70099061 0.28259621 0.65479123
vn 0.85962891 0.20240681 0.46911578
vn 0.86018179 0.22229530 0.45899029
vn 0.70162859 0.31051265 0.64132613
vn -0.70322124 -0.52501586 -0.47941448
vn -0.70308038 -0.54348483 -0.45858720
vn -0.70289166 -0.56029335 -0.43819480
vn -0.70220459 -0.60290394 -0.37870247
vn -0.70340345 -0.50420247 -0.50100245
vn -0.70354646 -0.48096340 -0.52316019
vn -0.96311555 -0.16430265 0.21310344
vn -0.85872816 -0.31341028 0.40541330
vn -0.85909421 -0.29549801 0.41789719
vn -0.96324311 -0.15470692 0.21960983
vn -0.49967498 -0.63976797 -0.58397076
vn -0.49951196 -0.66231586 -0.55841337
vn -0.49930694 -0.68260948 -0.53360741
vn -0.49983090 -0.61453799 -0.61033773
vn -0.49998826 -0.58608624 -0.63758503
vn -0.49861138 -0.73381675 -0.46141053
vn -0.49759271 0.71928947 0.48479290
vn -0.70107937 0.59128260 0.39858827
vn -0.25989796 -0.71329440 -0.65089489
vn -0.25978541 -0.73835852 -0.62236504
vn -0.25968948 -0.76086919 -0.59467592
vn -0.25950782 -0.78132356 -0.56761711
vn -0.25939725 -0.80009153 -0.54089427
vn -0.25999438 -0.68518520 -0.68038530
vn -0.49759189 0.52289148 -0.69208873
vn -0.70127833 0.43068669 -0.56808245
vn -0.70152508 0.40551450 -0.58602095
vn -0.49790965 0.49220954 -0.71401383
vn 0.00000000 -0.73871711 -0.67401561
vn 0.00000000 -0.76469333 -0.64439438
vn 0.00000000 -0.78790156 -0.61580122
vn 0.00000000 -0.70960237 -0.70460235
vn -0.86310378 -0.48500212 0.14080062
vn -0.70621013 -0.67980975 0.19780284
vn -0.70429694 -0.67859705 0.20849909
vn -0.86187765 -0.48488742 0.14849615
vn 0.25989796 -0.71329440 -0.65089489
vn 0.25978541 -0.73835852 -0.62236504
vn 0.25968948 -0.76086919 -0.59467592
vn 0.25999438 -0.68518520 -0.68038530
vn 0.26010489 -0.65341229 -0.71091337
vn -0.69941866 0.70021868 -0.14320382
vn -0.85480984 0.49870574 -0.14350165
vn -0.49980834 -0.50060835 -0.70681179
vn -0.70339119 -0.41119485 -0.57979274
vn -0.70340888 -0.43360547 -0.56320711
vn -0.49990050 -0.52790053 -0.68660069
vn 0.49967498 -0.63976797 -0.58397076
vn 0.49948407 -0.66227888 -0.55848219
vn 0.49930694 -0.68260948 -0.53360741
vn 0.49910245 -0.70100345 -0.50940250
vn 0.49889043 -0.71798623 -0.48539069
vn 0.49980018 -0.61460022 -0.61030022
vn 0.49998826 -0.58608624 -0.63758503
vn -0.96393891 -0.01290052 0.26581073
vn -0.86099137 -0.02519975 0.50799491
vn -0.86103008 -0.01550054 0.50831776
vn -0.96396973 -0.00799975 0.26589165
vn 0.70322124 -0.52501586 -0.47941448
vn 0.70308038 -0.54348483 -0.45858720
vn 0.70289166 -0.56029335 -0.43819480
vn 0.70267276 -0.57557769 -0.41828378
vn 0.70248083 -0.58968390 -0.39848912
vn 0.70217799 -0.60288110 -0.37878813
vn 0.70340321 -0.50430230 -0.50090229
vn 0.70358327 -0.48098856 -0.52308756
vn -0.96379061 -0.09169911 0.25039756
vn -0.86068784 -0.17559752 0.47789325
vn -0.86091126 -0.15980209 0.48300632
vn -0.96383585 -0.08340310 0.25310941
vn 0.86160327 -0.37470142 -0.34240130
vn 0.86147932 -0.38799069 -0.32759214
vn 0.86132183 -0.40011014 -0.31310794
vn 0.86086554 -0.43098275 -0.27048917
vn 0.86169819 -0.35989925 -0.35769925
vn 0.86181048 -0.34340417 -0.37330454
vn 0.70598322 -0.68268377 0.18849552
vn 0.70660086 -0.68300083 0.18500023
vn 0.96439525 -0.20199901 -0.17069916
vn 0.96443910 -0.19500791 -0.17840723
vn 0.96432927 -0.20840633 -0.16320495
vn 0.96418817 -0.22469724 -0.14089827
vn 0.96449422 -0.18729888 -0.18619888
vn 0.96452584 -0.17870479 -0.19430520
vn 0.99999844 0.00130000 0.00120000
vn 0.99999866 0.00130000 0.00100000
vn 0.99999888 0.00120000 0.00090000
vn 0.99999896 0.00120000 0.00080000
vn 0.99999866 0.00130000 0.00100000
vn 0.25999999 -0.55779998 -0.78819997
vn 0.00000000 -0.57756225 -0.81634665
vn 0.00000000 -0.60920803 -0.79301045
vn 0.26009410 -0.58828665 -0.76568262
vn 0.99999904 0.00120000 0.00070000
vn 0.99999831 0.00130000 0.00130000
vn 0.99999818 0.00130000 0.00140000
vn 0.86301101 -0.48700621 0.13430171
vn 0.86346758 -0.48688172 0.13179505
vn 0.96354954 0.19728967 0.18069054
vn 0.96356028 0.20419158 0.17279288
vn 0.96354355 0.21060952 0.16500746
vn 0.96350999 0.21650225 0.15740163
vn 0.96348731 0.22199708 0.14969803
vn 0.96343690 0.22720870 0.14200544
vn 0.96353564 0.18970702 0.18870698
vn 0.96353117 0.18120586 0.19690637
vn 0.49979607 -0.34169731 -0.79589374
vn 0.25999854 -0.38069786 -0.88739501
vn 0.25969947 -0.42159914 -0.86879822
vn 0.49931099 -0.37820832 -0.77951716
vn 0.86011188 0.37610519 0.34460476
vn 0.86008257 0.38939211 0.32959332
vn 0.86000791 0.40160369 0.31480290
vn 0.85992069 0.41280993 0.30020722
vn 0.85978545 0.42339283 0.28549517
vn 0.85965209 0.43327585 0.27068491
vn 0.86010748 0.36160314 0.35980313
vn 0.96451414 -0.16990249 -0.20210296
vn 0.86172980 -0.32631129 -0.38851344
vn 0.70159127 0.52529346 0.48149401
vn 0.70150945 0.54380733 0.46060621
vn 0.70141031 0.56080824 0.43990646
vn 0.70126433 0.57657067 0.41927867
vn 0.70107937 0.59128260 0.39858827
vn 0.70080018 0.60510015 0.37780010
vn 0.70169486 0.50499630 0.50259632
vn -0.49642811 -0.75914298 0.42102384
vn -0.25810473 -0.84441548 0.46940861
vn -0.25780234 -0.82000745 0.51100464
vn -0.49619700 -0.73739554 0.45829723
vn 0.49826320 0.63905281 0.58595673
vn 0.49818056 0.66157418 0.56047813
vn 0.49762850 0.71924120 0.48482777
vn 0.49830819 0.61441009 0.61171005
vn 0.49829927 0.58739914 0.63769906
vn 0.00000000 -0.87390244 0.48610136
vn 0.00000000 -0.84849793 0.52919871
vn 0.25910779 0.71182139 0.65281962
vn 0.25898668 0.73686210 0.62446788
vn 0.25869758 0.80099251 0.53989495
vn 0.25908506 0.68446054 0.68146071
vn 0.25909478 0.65438680 0.71038568
vn 0.25999430 0.04239907 -0.96467885
vn 0.00000000 0.04370195 -0.99904461
vn 0.00000000 0.02730074 -0.99962727
vn 0.26019775 0.02649977 -0.96519164
vn 0.00000000 0.73699639 0.67589668
vn 0.00000000 0.76290814 0.64650690
vn 0.00000000 0.78671724 0.61731353
vn 0.00000000 0.80871014 0.58820737
vn -0.86000791 0.40160369 0.31480290
vn -0.85992069 0.41280993 0.30020722
vn 0.00000000 0.82922411 0.55891625
vn 0.00000000 0.84845302 0.52927070
vn 0.00000000 0.70860520 0.70560518
vn 0.00000000 0.67751135 0.73551232
vn 0.85899714 -0.44889851 0.24619918
vn 0.96319533 -0.23609885 0.12849938
vn 0.96308273 -0.22969588 0.14039748
vn 0.85875610 -0.43632851 0.26861755
vn -0.25910779 0.71182139 0.65281962
vn 0.00000000 0.73699639 0.67589668
vn 0.00000000 0.76290814 0.64650690
vn -0.25900285 0.73690812 0.62440688
vn -0.25889341 0.75988066 0.59628482
vn 0.00000000 0.78671724 0.61731353
vn 0.00000000 0.80871014 0.58820737
vn -0.25880149 0.78120450 0.56810327
vn 0.00000000 0.82922411 0.55891625
vn -0.25869758 0.80099251 0.53989495
vn -0.25910280 0.68440738 0.68150735
vn 0.00000000 0.70860520 0.70560518
vn -0.49829240 0.63909025 0.58589106
vn -0.49818056 0.66157418 0.56047813
vn -0.49738527 0.73597820 0.45928639
vn -0.49830819 0.61441009 0.61171005
vn 0.26000152 0.95500559 -0.14270084
vn 0.49827749 0.85516137 -0.14289355
vn -0.70150945 0.54380733 0.46060621
vn -0.70159127 0.52529346 0.48149401
vn -0.70169486 0.50499630 0.50259632
vn 0.26018858 -0.00059997 -0.96555763
vn 0.50008587 -0.00069998 -0.86597554
vn 0.50048771 0.01059974 -0.86567875
vn 0.26050044 0.01180002 -0.96540162
vn 0.25919360 0.53308683 0.80538010
vn 0.49840047 0.47840045 0.72300068
vn 0.49847300 0.50467266 0.70486182
vn 0.25920351 0.56250762 0.78511064
vn -0.86011188 0.37610519 0.34460476
vn -0.86008257 0.38939211 0.32959332
vn -0.85978545 0.42339283 0.28549517
vn 0.96443146 -0.15320500 -0.21540703
vn 0.86161628 -0.29390555 -0.41380782
vn 0.86168857 -0.30979589 -0.40189467
vn 0.96446851 -0.16149473 -0.20909317
vn -0.86013858 0.36151621 0.35981614
vn -0.86013557 0.34551429 0.37521552
vn 0.70349740 -0.00080000 -0.71069738
vn 0.70372136 0.00880027 -0.71042157
vn -0.70186222 0.39287885 0.59416802
vn -0.49847562 0.47837661 0.72296464
vn -0.49847300 0.50467266 0.70486182
vn -0.70190721 0.41440426 0.57930595
vn -0.99999904 0.00070000 0.00120000
vn -0.96363856 0.13150526 0.23260931
vn -0.96363314 0.13920479 0.22810785
vn -0.99999884 0.00080000 0.00130000
vn -0.99999884 0.00080000 0.00130000
vn -0.96361618 0.14720247 0.22310375
vn -0.96360346 0.15530056 0.21760078
vn -0.99999875 0.00090000 0.00130000
vn -0.96359392 0.16369897 0.21139867
vn -0.99999842 0.00110000 0.00140000
vn -0.96436262 -0.13009496 -0.23039107
vn -0.96438460 -0.13759780 -0.22589639
vn -0.99999910 0.00060000 0.00120000
vn -0.96363476 0.12400447 0.23670854
vn -0.96363013 0.11650364 0.24050752
vn -0.99999910 0.00060000 0.00120000
vn -0.96441145 -0.14530172 -0.22090262
vn -0.96445223 -0.15320830 -0.21531166
vn -0.96448408 -0.16139734 -0.20909655
vn -0.96451414 -0.16990249 -0.20210296
vn -0.96430410 -0.12280052 -0.23460100
vn -0.96428807 -0.11559857 -0.23829705
vn 0.26030511 0.32490638 -0.90921785
vn 0.26040027 0.29540030 -0.91920094
vn -0.86140949 -0.24950275 -0.44240487
vn -0.86151933 -0.26380592 -0.43380973
vn -0.86159870 -0.27859958 -0.42429936
vn -0.86161628 -0.29390555 -0.41380782
vn -0.86168857 -0.30979589 -0.40189467
vn -0.86175554 -0.32628317 -0.38847996
vn -0.86137406 -0.23549291 -0.45008645
vn 0.86111435 0.00170003 0.50840848
vn 0.70299255 0.00259997 0.71119246
vn 0.70331746 -0.00910023 0.71081765
vn 0.86132414 -0.00650018 0.50801424
vn -0.70308075 -0.34899044 -0.61958303
vn -0.70321739 -0.36900913 -0.60771503
vn -0.70328378 -0.38969101 -0.59458628
vn -0.70351764 -0.45681145 -0.54441365
vn -0.70295668 -0.32957969 -0.63026116
vn 0.49918326 -0.30008994 0.81287274
vn 0.49940092 -0.27340050 0.82210151
vn -0.49950018 -0.42500016 -0.75490028
vn -0.49961024 -0.44930921 -0.74061518
vn -0.49971361 -0.47441292 -0.72471973
vn -0.49939022 -0.40139214 -0.76778497
vn -0.49990533 -0.55640594 -0.66370708
vn -0.96330598 0.10620066 0.24650153
vn -0.85960598 0.20230141 0.46920326
vn -0.86018179 0.22229530 0.45899029
vn -0.49841192 0.53161272 0.68481638
vn -0.70189052 0.43659410 0.56279240
vn -0.25980145 -0.47350264 -0.84160469
vn -0.25990079 -0.50050153 -0.82580252
vn -0.25990109 -0.52860223 -0.80810340
vn -0.25999999 -0.55779998 -0.78819997
vn -0.26000086 -0.58830195 -0.76570253
vn -0.25971104 -0.44731901 -0.85583637
vn 0.96330598 0.10620066 0.24650153
vn 0.96363013 0.11650364 0.24050752
vn 0.00000000 -0.49028023 -0.87156485
vn 0.00000000 -0.51822636 -0.85524350
vn 0.00000000 -0.54731672 -0.83692557
vn 0.00000000 -0.46310248 -0.88630474
vn 0.00000000 -0.43662189 -0.89964511
vn 0.86159448 -0.00070000 -0.50759675
vn 0.96430300 -0.00050000 -0.26480082
vn 0.96438144 0.00329994 -0.26449491
vn 0.86187341 0.00629981 -0.50708435
vn 0.25980145 -0.47350264 -0.84160469
vn 0.25990079 -0.50050153 -0.82580252
vn 0.25999434 -0.52858848 -0.80808240
vn 0.25978206 -0.44726911 -0.85584089
vn 0.26009375 -0.62018510 -0.74008222
vn -0.49830844 -0.21850370 -0.83901420
vn -0.70216902 -0.18119201 -0.68856962
vn -0.70329137 -0.23369713 -0.67139176
vn -0.49951794 -0.28371019 -0.81852939
vn 0.49952141 -0.42491821 -0.75493236
vn 0.49963269 -0.44922939 -0.74064845
vn 0.49971361 -0.47441292 -0.72471973
vn 0.49980834 -0.50060835 -0.70681179
vn 0.49987411 -0.52797266 -0.68656445
vn 0.49990533 -0.55640594 -0.66370708
vn 0.49941027 -0.40130825 -0.76781578
vn 0.70308075 -0.34899044 -0.61958303
vn 0.70321739 -0.36900913 -0.60771503
vn 0.70328378 -0.38969101 -0.59458628
vn 0.70339119 -0.41119485 -0.57979274
vn 0.70340888 -0.43360547 -0.56320711
vn 0.70351764 -0.45681145 -0.54441365
vn 0.70295668 -0.32957969 -0.63026116
vn 0.70282176 -0.31050961 -0.64001981
vn 0.86140949 -0.24950275 -0.44240487
vn 0.86148195 -0.26379447 -0.43389091
vn 0.86156214 -0.27858776 -0.42438135
vn 0.86137406 -0.23549291 -0.45008645
vn 0.86129121 -0.22169774 -0.45719533
vn 0.96438460 -0.13759780 -0.22589639
vn 0.96436262 -0.13009496 -0.23039107
vn 0.96441145 -0.14530172 -0.22090262
vn 0.96430410 -0.12280052 -0.23460100
vn 0.96429921 -0.11549991 -0.23829981
vn 0.99999904 0.00070000 0.00120000
vn 0.99999904 0.00070000 0.00120000
vn 0.99999875 0.00090000 0.00130000
vn 0.99999866 0.00100000 0.00130000
vn 0.99999884 0.00080000 0.00130000
vn 0.25908590 -0.24198683 -0.93504913
vn 0.00010000 -0.24989314 -0.96827342
vn 0.00010000 -0.32628959 -0.94526985
vn 0.25988577 -0.31548272 -0.91265001
vn 0.99999830 0.00120000 0.00140000
vn 0.99999910 0.00060000 0.00120000
vn 0.99999910 0.00060000 0.00120000
vn -0.95483749 0.26001021 -0.14380565
vn -0.98959240 0.00000000 -0.14389889
vn 0.96363856 0.13150526 0.23260931
vn 0.96363314 0.13920479 0.22810785
vn 0.96363036 0.14710464 0.22310703
vn 0.96362443 0.15530394 0.21750551
vn 0.96359392 0.16369897 0.21139867
vn 0.96358434 0.17229720 0.20449668
vn 0.96363476 0.12400447 0.23670854
vn 0.86028409 0.25109536 0.44369179
vn 0.86028112 0.26589416 0.43499045
vn 0.86028183 0.28099406 0.42539101
vn 0.86028792 0.29639584 0.41479417
vn 0.86024888 0.31238144 0.40297605
vn 0.86021871 0.23660515 0.45170983
vn 0.70177528 0.35108763 0.61987816
vn 0.70180582 0.37170308 0.60770504
vn 0.70186222 0.39287885 0.59416802
vn 0.70182738 0.41451617 0.57932260
vn 0.70180913 0.43670568 0.56280732
vn 0.70168857 0.33069461 0.63108972
vn 0.25861040 0.85783448 -0.44411785
vn 0.00020000 0.88838782 -0.45909371
vn -0.00010000 0.86388406 -0.50369070
vn 0.25859973 0.83429914 -0.48689950
vn 0.49838958 0.42739107 0.75428423
vn 0.49840955 0.45260867 0.73941417
vn 0.49841192 0.53161272 0.68481638
vn 0.49839665 0.55919624 0.66249554
vn 0.49830510 0.40250412 0.76790785
vn 0.49820990 0.37780751 0.78041551
vn 0.00000000 0.39647624 0.91804498
vn 0.25869626 0.38299446 0.88678717
vn 0.25901032 0.42091677 0.86933464
vn 0.00000000 0.43569684 0.90009347
vn 0.25909957 0.47619920 0.84029860
vn 0.25921024 0.50441994 0.82363255
vn 0.25920178 0.59240408 0.76280525
vn 0.25918934 0.62307438 0.73796965
vn 0.25911237 0.44842141 0.85544084
vn 0.00000000 0.49308826 0.86997929
vn 0.00000000 0.52228299 0.85277223
vn 0.00000000 0.55202030 0.83383067
vn 0.00000000 0.58240112 0.81290156
vn -0.86028183 0.28099406 0.42539101
vn -0.86028792 0.29639584 0.41479417
vn 0.00000000 0.61343507 0.78974515
vn 0.00000000 0.64515747 0.76404963
vn 0.00000000 0.46429095 0.88568274
vn -0.25919285 0.47618686 0.84027682
vn 0.00000000 0.49308826 0.86997929
vn 0.00000000 0.52228299 0.85277223
vn -0.25921024 0.50441994 0.82363255
vn -0.25921447 0.53312977 0.80534496
vn 0.00000000 0.55202030 0.83383067
vn 0.00000000 0.58240112 0.81290156
vn -0.25919774 0.56239510 0.78519315
vn 0.00000000 0.61343507 0.78974515
vn -0.25920178 0.59240408 0.76280525
vn -0.25911237 0.44842141 0.85544084
vn 0.00000000 0.46429095 0.88568274
vn -0.25901032 0.42091677 0.86933464
vn 0.00000000 0.43577785 0.90005426
vn 0.49751665 0.52291750 -0.69212316
vn 0.25849710 0.58149347 -0.77139134
vn 0.25868978 0.54727839 -0.79596857
vn 0.49779888 0.49219890 -0.71409840
vn -0.49838958 0.42739107 0.75428423
vn -0.49840955 0.45260867 0.73941417
vn -0.49830510 0.40250412 0.76790785
vn -0.49819108 0.37789323 0.78038603
vn -0.00010000 0.60159879 -0.79879840
vn -0.00010000 0.56618501 -0.82427818
vn -0.70182237 0.37181185 0.60761937
vn -0.70179991 0.35099996 0.61989992
vn -0.70168857 0.33069461 0.63108972
vn -0.70160680 0.31060301 0.64130622
vn -0.70598322 -0.68268377 0.18849552
vn -0.86302259 -0.48701275 0.13420351
vn -0.86345619 -0.48687530 0.13189331
vn -0.70663605 -0.68293484 0.18510944
vn 0.25751018 0.20380806 0.94453734
vn 0.49550219 0.18210081 0.84930376
vn 0.49629578 0.23729798 0.83509291
vn 0.25800132 0.26460135 0.92920474
vn -0.86028409 0.25109536 0.44369179
vn -0.86028112 0.26589416 0.43499045
vn -0.86022288 0.31240831 0.40301072
vn 0.96447104 -0.06909793 -0.25499234
vn 0.86111814 -0.13110276 -0.49121035
vn 0.86179579 -0.16779918 -0.47869766
vn 0.96468074 -0.08769825 -0.24839504
vn -0.86019581 0.32869840 0.38989810
vn -0.86021871 0.23660515 0.45170983
vn -0.69901625 0.14850345 0.69951626
vn -0.49569516 0.18209822 0.84919170
vn -0.49628965 0.23699506 0.83518257
vn -0.69976116 0.19388924 0.68756184
vn -0.99999855 0.00010000 0.00170000
vn -0.96292634 0.02800077 0.26830734
vn -0.96286573 0.03939860 0.26709049
vn -0.99999734 0.00020000 0.00229999
vn -0.99999600 0.00040000 0.00279999
vn -0.96286874 0.05459823 0.26439142
vn -0.96296250 0.07219719 0.25978988
vn -0.99999464 0.00070000 0.00319998
vn -0.96308620 0.09029871 0.25359637
vn -0.99999470 0.00099999 0.00309998
vn -0.99999686 0.00100000 0.00229999
vn -0.96373283 -0.02590088 -0.26560905
vn -0.96391707 -0.03710066 -0.26360467
vn -0.99999928 0.00010000 0.00120000
vn -0.96311317 0.01930026 0.26840367
vn -0.96320687 0.01180008 0.26850192
vn -0.99999928 0.00000000 0.00120000
vn -0.96413439 -0.05130183 -0.26040929
vn -0.96453352 -0.06890239 -0.25480885
vn -0.96469764 -0.08749979 -0.24839939
vn -0.96459031 -0.10419895 -0.24229757
vn -0.96362091 -0.01740038 -0.26670579
vn -0.96382758 -0.01080031 -0.26630762
vn -0.85915716 -0.04779762 -0.50947460
vn -0.85948131 -0.06899850 -0.50648898
vn -0.86022838 -0.09690320 -0.50061652
vn -0.86116655 -0.13089492 -0.49118092
vn -0.86182470 -0.16760480 -0.47871372
vn -0.85927851 -0.03229919 -0.51048723
vn -0.85971014 -0.01960023 -0.51040602
vn -0.69920528 -0.06450049 -0.71200538
vn -0.69957581 -0.09379676 -0.70837550
vn -0.70068462 -0.13289708 -0.70098461
vn -0.69950978 -0.04330061 -0.71330998
vn -0.70028569 -0.02609947 -0.71338543
vn -0.86053358 0.45031757 -0.23810929
vn -0.86050459 0.43780233 -0.26050139
vn -0.49521321 -0.07620203 -0.86542309
vn -0.49558474 -0.11149657 -0.86137348
vn -0.49670647 -0.15910207 -0.85321112
vn -0.49570042 -0.05090004 -0.86700074
vn -0.49681248 -0.03050077 -0.86732178
vn -0.49701144 0.29400677 0.81641879
vn -0.70052653 0.24120914 0.67162544
vn -0.25691237 -0.08320401 -0.96284637
vn -0.25710679 -0.12220323 -0.95862530
vn -0.25779537 -0.17519685 -0.95018293
vn -0.25919087 -0.24219147 -0.93496705
vn -0.25970746 -0.31540906 -0.91272622
vn -0.25719228 -0.05539834 -0.96477104
vn -0.25780690 -0.03320089 -0.96562586
vn -0.25839010 0.85786714 -0.44418299
vn -0.25850280 0.83420905 -0.48710529
vn 0.00020001 -0.08550325 -0.99633787
vn 0.00019999 -0.12579446 -0.99205631
vn 0.00019999 -0.18059229 -0.98355802
vn 0.00000000 -0.39420894 -0.91902084
vn -0.00019999 -0.05709820 -0.99836855
vn 0.00010000 -0.03400074 -0.99942180
vn 0.96408194 0.16119698 -0.21109605
vn 0.86044704 0.30851687 -0.40552217
vn 0.86052511 0.29070848 -0.41831221
vn 0.96414234 0.15190667 -0.21760956
vn 0.25719255 -0.08319759 -0.96277212
vn 0.25738693 -0.12219380 -0.95855133
vn 0.25809991 -0.17519994 -0.95009969
vn 0.25740386 -0.05540083 -0.96471447
vn 0.25820520 -0.03320067 -0.96551944
vn -0.49868750 -0.01339966 -0.86667827
vn -0.70229330 -0.01159989 -0.71179321
vn 0.49540701 -0.07620108 -0.86531225
vn 0.49570287 -0.11150065 -0.86130498
vn 0.49681627 -0.15920521 -0.85312794
vn 0.49840362 -0.21870159 -0.83890610
vn 0.49961970 -0.28381119 -0.81843226
vn 0.49577584 -0.05089752 -0.86695776
vn 0.49700467 -0.03060029 -0.86720815
vn 0.69920528 -0.06450049 -0.71200538
vn 0.69957581 -0.09379676 -0.70837550
vn 0.70067531 -0.13299531 -0.70097529
vn 0.70219191 -0.18139791 -0.68849207
vn 0.70330570 -0.23390190 -0.67130544
vn 0.70338328 -0.28059333 -0.65308448
vn 0.69951281 -0.04320079 -0.71331306
vn 0.70048750 -0.02609953 -0.71318727
vn 0.85900898 -0.04800050 -0.50970533
vn 0.85941756 -0.06890141 -0.50661035
vn 0.86017698 -0.09699740 -0.50068660
vn 0.86172746 -0.20040639 -0.46611486
vn 0.85921124 -0.03220042 -0.51060668
vn 0.85966794 -0.01949927 -0.51048096
vn 0.99999815 -0.00170000 0.00090000
vn 0.99999778 -0.00180000 0.00110000
vn 0.96387337 -0.03689898 -0.26379271
vn 0.96372782 -0.02610075 -0.26560767
vn 0.96414461 -0.05160239 -0.26031204
vn 0.96460362 -0.10430039 -0.24220091
vn 0.96364323 -0.01760079 -0.26661196
vn 0.96386138 -0.01069957 -0.26618933
vn 0.86049483 0.45039729 -0.23809857
vn 0.70130615 0.63140554 -0.33090290
vn 0.70128995 0.61389120 -0.36239481
vn 0.86041853 0.43790943 -0.26060561
vn 0.99999902 0.00010000 0.00140000
vn 0.99999798 0.00020000 0.00200000
vn 0.99999526 0.00070000 0.00299999
vn 0.99999530 0.00100000 0.00289999
vn 0.99999680 0.00040000 0.00249999
vn 0.25929736 -0.01439985 -0.96569018
vn 0.00010000 -0.01479986 -0.99989047
vn 0.99999686 0.00100000 0.00229999
vn 0.99999950 0.00010000 0.00100000
vn 0.99999950 0.00000000 0.00100000
vn 0.96417132 0.23409304 -0.12479629
vn 0.96415302 0.22748892 -0.13659334
vn 0.96298526 0.02799957 0.26809590
vn 0.96288384 0.03959934 0.26699552
vn 0.96287924 0.05439883 0.26439430
vn 0.96294409 0.07200330 0.25991190
vn 0.96308620 0.09029871 0.25359637
vn 0.96317394 0.01919948 0.26819274
vn 0.96326465 0.01189956 0.26829016
vn 0.85823118 0.05490199 0.51031854
vn 0.85812670 0.07710240 0.50761579
vn 0.85832113 0.10520259 0.50221236
vn 0.85873929 0.13820632 0.49342258
vn 0.85920804 0.17240161 0.48170451
vn 0.85861571 0.03800070 0.51120936
vn 0.85896985 0.02359917 0.51148204
vn 0.69865877 0.07829538 0.71115804
vn 0.69859210 0.10949876 0.70709200
vn 0.69900587 0.14860125 0.69950587
vn 0.69973109 0.19410862 0.68753054
vn 0.70041165 0.24130401 0.67171117
vn 0.69917678 0.05439819 0.71287633
vn 0.69966370 0.03399824 0.71366297
vn 0.49519171 0.09669838 0.86338554
vn 0.49502428 0.13490662 0.85834210
vn 0.49701144 0.29400677 0.81641879
vn 0.49770064 0.34380044 0.79630103
vn 0.49568574 0.06749806 0.86587508
vn 0.49619018 0.04229916 0.86718284
vn 0.25708815 0.10869499 0.96025574
vn 0.25720992 0.15130583 0.95443680
vn 0.25841376 0.32771744 0.90874837
vn 0.25740092 0.07610027 0.96330344
vn 0.25801537 0.04780285 0.96495749
vn 0.96480185 0.25360049 -0.06960013
vn 0.96480169 0.25390044 -0.06850012
vn 0.00000000 0.11290071 0.99360627
vn 0.00000000 0.15680470 0.98762963
vn 0.00000000 0.21139992 0.97739965
vn 0.00000000 0.27440413 0.96161446
vn -0.85819049 0.10539883 0.50239443
vn -0.85860960 0.13800154 0.49370552
vn 0.00000000 0.33941345 0.94063729
vn 0.00000000 0.07899800 0.99687477
vn 0.00000000 0.04969822 0.99876428
vn 0.49758603 0.76947839 -0.40038876
vn 0.49752069 0.74833112 -0.43871824
vn -0.25729961 0.10869984 0.96019855
vn 0.00000000 0.11290071 0.99360627
vn 0.00000000 0.15680470 0.98762963
vn -0.25731108 0.15110651 0.95444111
vn -0.25759830 0.20389865 0.94449376
vn 0.00000000 0.21139992 0.97739965
vn 0.00000000 0.27440413 0.96161446
vn -0.25801163 0.26481194 0.92914188
vn 0.00000000 0.33941345 0.94063729
vn -0.25841376 0.32771744 0.90874837
vn 0.00000000 0.39647624 0.91804498
vn -0.25870617 0.38290912 0.88682113
vn -0.25749429 0.07609831 0.96327864
vn 0.00000000 0.07899800 0.99687477
vn -0.25780255 0.04790047 0.96500953
vn 0.00000000 0.04969822 0.99876428
vn -0.49508304 0.09649669 0.86347042
vn -0.49509309 0.13499812 0.85828803
vn -0.49758578 0.34379017 0.79637724
vn -0.49572531 0.06760345 0.86584421
vn -0.49630649 0.04240055 0.86711133
vn 0.25979951 -0.04939991 0.96439819
vn 0.25988760 -0.03059854 0.96515396
vn -0.69877794 0.10969654 0.70687768
vn -0.69882025 0.07810226 0.71102060
vn -0.70101041 0.28250420 0.65480973
vn -0.69917298 0.05449789 0.71287245
vn -0.69991555 0.03400076 0.71341585
vn -0.00010000 0.33619703 -0.94179167
vn -0.00010000 0.30570812 -0.95212527
vn 0.25900264 0.02270023 0.96560983
vn 0.49821358 0.02000055 0.86682363
vn -0.85818738 0.05489919 0.51039249
vn -0.85798283 0.07689846 0.50788984
vn -0.85909906 0.17239981 0.48189947
vn 0.96401463 -0.00490007 -0.26580403
vn 0.86090066 -0.00860001 -0.50870039
vn -0.85857182 0.03799875 0.51128322
vn -0.85919793 0.02359994 0.51109877
vn -0.70243940 -0.24611381 0.66783746
vn -0.49920886 -0.30020533 0.81281442
vn -0.49938726 -0.27349302 0.82207903
vn -0.70278465 -0.22409510 0.67518525
vn -0.70169530 0.01609989 0.71229523
vn -0.49828675 0.02019946 0.86677696
vn -0.96405331 -0.00339984 0.26568713
vn -0.99999976 0.00000000 0.00070000
vn -0.99999968 0.00000000 0.00080000
vn -0.99999960 0.00000000 0.00090000
vn -0.96368220 0.00549990 0.26699507
vn -0.96440694 0.00330002 -0.26440190
vn -0.96435184 0.00760041 -0.26451422
vn -0.99999982 0.00000000 0.00060000
vn -0.96400027 0.00080000 0.26590007
vn -0.96404072 -0.00480020 -0.26571122
vn -0.96430295 -0.00060000 -0.26480081
vn -0.85453386 -0.49911978 -0.14370569
vn -0.69943755 -0.70013759 -0.14350771
vn -0.86166229 0.01439937 -0.50727780
vn -0.86071671 -0.00870017 -0.50900988
vn -0.70356019 0.01979888 -0.71035981
vn -0.49977427 -0.00069996 -0.86615541
vn -0.50048771 0.01059974 -0.86567875
vn -0.50011755 0.02380084 -0.86563038
vn -0.26019843 0.02639984 -0.96519419
vn -0.25929699 -0.01449983 -0.96568878
vn -0.25760791 -0.59281820 0.76302343
vn -0.25790011 -0.55990023 0.78740032
vn 0.00000000 -0.61360825 0.78961061
vn 0.00000000 -0.57960053 0.81490075
vn -0.49991179 0.07840185 -0.86252035
vn -0.70349909 0.06519992 -0.70769909
vn -0.70329843 0.04609990 -0.70939842
vn -0.49978587 0.05539843 -0.86437556
vn 0.49841885 -0.01340051 -0.86683278
vn 0.00000000 -0.61360825 0.78961061
vn 0.00000000 -0.57960053 0.81490075
vn 0.70229491 -0.01139992 -0.71179484
vn -0.99999903 -0.00050000 0.00130000
vn -0.99999908 -0.00040000 0.00130000
vn 0.99999968 0.00000000 0.00080000
vn 0.26000436 0.08660145 -0.96171613
vn -0.00010000 0.08939963 -0.99599583
vn -0.00010000 0.06310045 -0.99800718
vn 0.25989855 0.06119966 -0.96369463
vn 0.96370793 0.00550005 0.26690220
vn 0.49650756 -0.75921157 0.42080641
vn 0.49609888 -0.73739833 0.45839896
vn 0.86102739 -0.01570050 0.50831617
vn 0.86028659 0.01099983 0.50969205
vn -0.25959691 -0.33489601 0.90578922
vn -0.25979149 -0.30519000 0.91616999
vn 0.70169643 0.01599992 0.71229637
vn 0.49957817 0.00339985 0.86626214
vn 0.49990519 -0.01110012 0.86600900
vn 0.25990684 0.00400011 0.96562541
vn 0.26010052 -0.01240002 0.96550192
vn 0.70127833 0.43068669 -0.56808245
vn 0.70152508 0.40551450 -0.58602095
vn 0.00000000 0.00419996 0.99999118
vn 0.00000000 -0.01290022 0.99991679
vn 0.00000000 -0.03169992 0.99949743
vn 0.00000000 0.02370045 0.99971910
vn -0.86028564 0.01109981 0.50969149
vn 0.00000000 0.00419996 0.99999118
vn 0.00000000 -0.01290022 0.99991679
vn -0.26209683 0.93098873 -0.25409692
vn -0.26230614 0.93182182 -0.25080587
vn -0.25879045 0.02279916 0.96566438
vn 0.00000000 0.02370045 0.99971910
vn -0.49949564 -0.02709976 0.86589244
vn -0.70299236 0.00269997 0.71119227
vn -0.70331746 -0.00910023 0.71081765
vn -0.96430554 0.01240007 -0.26450152
vn -0.99999976 0.00000000 0.00070000
vn -0.70292417 -0.02200076 0.71092445
vn -0.86111420 0.00180003 0.50840839
vn -0.86114119 -0.00650031 0.50832431
vn 0.25960485 -0.13510253 0.95621788
vn 0.49929779 -0.12059947 0.85799620
vn 0.49921499 -0.08870266 0.86192588
vn 0.25959419 -0.09949777 0.96057850
vn 0.96444606 0.02509860 -0.26308528
vn 0.86169970 0.04739998 -0.50519983
vn 0.86163254 0.03360127 -0.50641912
vn 0.96435961 0.01789925 -0.26398894
vn -0.25861036 0.58152329 -0.77133089
vn -0.25880368 0.54730779 -0.79591133
vn -0.70247442 -0.09839642 0.70487434
vn -0.49909877 -0.12069970 0.85809789
vn -0.49918081 -0.08849660 0.86196686
vn -0.70259616 -0.07239960 0.70789613
vn -0.99999767 -0.00050000 0.00210000
vn -0.96368136 -0.06099882 0.25999497
vn -0.96364269 -0.04779716 0.26288437
vn -0.99999796 -0.00030000 0.00200000
vn -0.99999854 -0.00020000 0.00170000
vn -0.96368359 -0.03609939 0.26459549
vn -0.96377598 -0.02649934 0.26539339
vn -0.99999915 -0.00010000 0.00130000
vn -0.96381605 -0.01880031 0.26590443
vn -0.99999950 0.00000000 0.00100000
vn -0.96476488 0.05909785 -0.25639067
vn -0.96469624 0.04609982 -0.25929899
vn -0.99999802 -0.00060000 0.00190000
vn -0.96373523 -0.07360269 0.25650938
vn -0.96455210 0.03460187 -0.26161413
vn -0.96441369 0.02510036 -0.26320374
vn -0.96432886 0.01780053 -0.26410790
vn -0.96471822 0.07180136 -0.25330478
vn -0.96451502 0.08190128 -0.25100391
vn -0.86247796 0.11269712 -0.49338739
vn -0.86229182 0.08749917 -0.49879527
vn -0.86192433 0.06530184 -0.50281419
vn -0.86170378 0.04730021 -0.50520222
vn -0.86154815 0.03349798 -0.50656951
vn -0.86158139 0.02319950 -0.50708904
vn -0.86242204 0.13730351 -0.48721245
vn -0.86200518 0.15660094 -0.48210290
vn 0.96309502 -0.16429915 0.21319890
vn 0.99999788 -0.00130000 0.00160000
vn 0.99999827 -0.00110000 0.00150000
vn 0.96320705 -0.15480113 0.21970161
vn -0.70459350 0.15669855 -0.69209361
vn -0.70428154 0.12129682 -0.69948166
vn -0.70382406 0.09020308 -0.70462408
vn -0.70338903 0.03189950 -0.71008893
vn -0.70455397 0.19138750 -0.68335535
vn -0.70402508 0.21850779 -0.67572408
vn 0.69941166 -0.43770730 0.56500942
vn 0.69992296 -0.41311355 0.58261912
vn -0.50110808 0.18980306 -0.84431362
vn -0.50070710 0.14660208 -0.85311209
vn -0.50022583 0.10870561 -0.85904436
vn -0.50102512 0.23241165 -0.83364180
vn -0.50050838 0.26550445 -0.82401380
vn -0.49991551 0.03830119 -0.86522685
vn 0.85872816 -0.31341028 0.40541330
vn 0.85905831 -0.29548566 0.41797972
vn -0.49899442 -0.06329929 0.86429033
vn -0.70240842 -0.05150062 0.70990851
vn -0.26079926 0.21079940 -0.94209732
vn -0.26059752 0.16239846 -0.95169095
vn -0.26030415 0.12020192 -0.95801527
vn -0.26009760 0.08659920 -0.96169112
vn -0.25999179 0.06119807 -0.96366958
vn -0.26008753 0.04239797 -0.96465377
vn -0.26080979 0.25850971 -0.93013493
vn -0.26049348 0.29539261 -0.91917700
vn -0.00010000 0.21801038 -0.97594645
vn -0.00010000 0.16790067 -0.98580391
vn -0.00010000 0.12419473 -0.99225786
vn -0.00010000 0.26739629 -0.96358664
vn 0.26070606 0.21080490 -0.94212189
vn 0.26050431 0.16240269 -0.95171575
vn 0.26020779 0.12030360 -0.95802868
vn 0.26069908 0.25839908 -0.93019670
vn -0.49980247 0.34720171 -0.79350392
vn -0.70330586 0.28580238 -0.65090542
vn -0.70357877 0.26269207 -0.66028008
vn -0.50009659 0.31919782 -0.80499451
vn 0.50099088 0.18979655 -0.84438463
vn 0.50067172 0.14649172 -0.85315181
vn 0.50018286 0.10869628 -0.85907056
vn 0.49986868 0.07839509 -0.86254595
vn 0.49978587 0.05539843 -0.86437556
vn 0.50098336 0.23239228 -0.83367230
vn 0.70460453 0.15660101 -0.69210445
vn 0.70428154 0.12129682 -0.69948166
vn 0.70382406 0.09020308 -0.70462408
vn 0.70349909 0.06519992 -0.70769909
vn 0.70329519 0.04619968 -0.70939514
vn 0.70455397 0.19138750 -0.68335535
vn 0.86258866 0.11269852 -0.49319352
vn 0.86236800 0.08739676 -0.49868150
vn 0.86199337 0.06529950 -0.50269613
vn 0.86243388 0.13720539 -0.48721914
vn 0.86200518 0.15660094 -0.48210290
vn 0.86099137 -0.02519975 0.50799491
vn 0.96470068 0.04600003 -0.25930018
vn 0.96478390 0.05919901 -0.25629572
vn 0.96458429 0.03459944 -0.26149574
vn 0.96474266 0.07180317 -0.25321120
vn 0.96453922 0.08190333 -0.25091020
vn 0.99999746 -0.00050000 0.00219999
vn 0.99999775 -0.00030000 0.00210000
vn 0.99999902 -0.00010000 0.00140000
vn 0.99999940 0.00000000 0.00110000
vn 0.99999836 -0.00020000 0.00180000
vn 0.25988987 0.38638494 -0.88496550
vn -0.00010000 0.39980088 -0.91660201
vn -0.00010000 0.36759453 -0.92998616
vn 0.26009435 0.35519228 -0.89788049
vn 0.99999782 -0.00060000 0.00200000
vn 0.99999903 -0.00050000 0.00130000
vn 0.96365630 -0.06099723 0.26008821
vn 0.96363555 -0.04780176 0.26290970
vn 0.96368706 -0.03599952 0.26459645
vn 0.96374837 -0.02630132 0.26551333
vn 0.96381786 -0.01870035 0.26590493
vn 0.96371050 -0.07360080 0.25660280
vn 0.96382781 -0.08350241 0.25310730
vn 0.86069409 -0.11699920 0.49549660
vn 0.86062847 -0.09220305 0.50081657
vn 0.86060139 -0.06960011 0.50450081
vn 0.86067889 -0.05099875 0.50658758
vn 0.86077692 -0.03629903 0.50768639
vn 0.86076710 -0.14099461 0.48908131
vn 0.70265544 -0.16448957 0.69225610
vn 0.70256457 -0.12989345 0.69966472
vn 0.70247442 -0.09839642 0.70487434
vn 0.70241061 -0.07210109 0.70811070
vn 0.70260945 -0.05150069 0.70970955
vn 0.70271838 -0.19780517 0.68341788
vn 0.49940378 -0.20110152 0.84270638
vn 0.49940810 -0.15920258 0.85161381
vn 0.49930594 -0.06330075 0.86411029
vn 0.49941333 -0.24150645 0.83202221
vn 0.25990690 -0.22470596 0.93912493
vn 0.25970591 -0.17810405 0.94912159
vn 0.25969394 -0.07099834 0.96307751
vn 0.25990884 -0.26960917 0.92723152
vn 0.00000000 -0.34681272 0.93793440
vn 0.00000000 -0.31610776 0.94872329
vn 0.00000000 -0.23290016 0.97250065
vn 0.00000000 -0.18450590 0.98283141
vn 0.00000000 -0.14020322 0.99012275
vn 0.00000000 -0.10309703 0.99467130
vn -0.86070815 -0.06970066 0.50430477
vn -0.86073125 -0.05080184 0.50651839
vn 0.00000000 -0.07369856 0.99728056
vn 0.00000000 -0.05129914 0.99868333
vn 0.00000000 -0.27930104 0.96020359
vn -0.25980781 -0.22480676 0.93912823
vn 0.00000000 -0.23290016 0.97250065
vn 0.00000000 -0.18450590 0.98283141
vn -0.25971053 -0.17800722 0.94913849
vn -0.25960134 -0.13520070 0.95620495
vn 0.00000000 -0.14020322 0.99012275
vn 0.00000000 -0.10309703 0.99467130
vn -0.25959677 -0.09939876 0.96058805
vn 0.00000000 -0.07369856 0.99728056
vn -0.25959883 -0.07109968 0.96309568
vn -0.25979149 -0.26959117 0.92726964
vn 0.00000000 -0.27930104 0.96020359
vn -0.49948888 -0.20099552 0.84268123
vn -0.49919673 -0.15889896 0.85179443
vn -0.49949598 -0.04409964 0.86519304
vn -0.49941333 -0.24150645 0.83202221
vn -0.70250480 -0.13000089 0.69970478
vn -0.70289101 -0.16459790 0.69199115
vn -0.70274245 -0.03580216 0.71054293
vn -0.70271838 -0.19780517 0.68341788
vn 0.25900641 -0.42931062 0.86522140
vn 0.49827471 -0.38498046 0.77686058
vn 0.49860417 -0.35610298 0.79030661
vn 0.25919266 -0.39718875 0.88037507
vn -0.86072666 -0.11710363 0.49541534
vn -0.86070543 -0.09210058 0.50070316
vn -0.86081749 -0.03640074 0.50761031
vn 0.96443122 0.10700346 -0.24170783
vn 0.86161510 0.20480359 -0.46440814
vn 0.86180124 0.18830027 -0.47100068
vn 0.96445875 0.09849579 -0.24518951
vn -0.86076710 -0.14099461 0.48908131
vn -0.70158728 -0.31599427 0.63868842
vn -0.49818036 -0.38508482 0.77686937
vn -0.49858252 -0.35598752 0.79037229
vn -0.70186627 -0.29208596 0.64966878
vn -0.99999862 -0.00090000 0.00140000
vn -0.96341589 -0.13640225 0.23070381
vn -0.96348018 -0.12709738 0.23569515
vn -0.99999870 -0.00080000 0.00140000
vn -0.99999878 -0.00070000 0.00140000
vn -0.96356504 -0.11809571 0.23999129
vn -0.96362796 -0.10900316 0.24400708
vn -0.99999898 -0.00060000 0.00130000
vn -0.96370745 -0.10030078 0.24740191
vn -0.99999898 -0.00060000 0.00130000
vn -0.96424823 0.13389281 -0.22868772
vn -0.96430157 0.12490020 -0.23350038
vn -0.99999852 -0.00100000 0.00140000
vn -0.96334511 -0.14560682 0.22531055
vn -0.96437637 0.11589716 -0.23779417
vn -0.96439758 0.10709973 -0.24179939
vn -0.96446126 0.09840625 -0.24521558
vn -0.96448498 0.09009860 -0.24829613
vn -0.96418158 0.14299727 -0.22339573
vn 0.96449366 0.08999941 -0.24829837
vn 0.86193291 0.17210657 -0.47691821
vn -0.86100836 0.25610249 -0.43940427
vn -0.86122892 0.23880802 -0.44861506
vn -0.86143512 0.22170904 -0.45691863
vn -0.86161510 0.20480359 -0.46440814
vn -0.86176064 0.18829140 -0.47107849
vn -0.86187697 0.17219540 -0.47698725
vn -0.86076670 0.27348942 -0.42928339
vn -0.70237757 0.35738859 -0.61558034
vn -0.70269503 0.33329764 -0.62859556
vn -0.70302761 0.30941215 -0.64032515
vn -0.70381028 0.24030351 -0.66850977
vn -0.70199010 0.38149462 -0.60139152
vn -0.49877318 0.43397667 -0.75025966
vn -0.49916852 0.40477448 -0.76615169
vn -0.49948445 0.37578830 -0.78057570
vn -0.49830011 0.46320011 -0.73290017
vn -0.50028581 0.29189172 -0.81517687
vn -0.49898164 -0.32768794 0.80227049
vn -0.70209782 -0.26879917 0.65939795
vn -0.25939742 0.48269520 -0.83649168
vn -0.25960120 0.45030208 -0.85430396
vn -0.25981302 0.41812095 -0.87044361
vn -0.26000611 0.38640909 -0.88492081
vn -0.26021094 0.35521493 -0.89783775
vn -0.26040679 0.32480847 -0.90922371
vn -0.25910650 0.51511292 -0.81702050
vn -0.00010000 0.49950601 -0.86631042
vn -0.00010000 0.46599370 -0.88478803
vn -0.00010000 0.43271481 -0.90153086
vn -0.00010000 0.53300687 -0.84611091
vn 0.25921086 0.48272023 -0.83653506
vn 0.25950794 0.45031377 -0.85432613
vn 0.25969715 0.41809541 -0.87049045
vn 0.25899205 0.51508418 -0.81707491
vn -0.49720212 0.59220252 -0.63410270
vn -0.70090875 0.48700608 -0.52110651
vn -0.70100251 0.45830164 -0.54640195
vn -0.49731054 0.55681180 -0.66531410
vn 0.49869806 0.43399831 -0.75029708
vn 0.49909344 0.40479468 -0.76618993
vn 0.49939063 0.37589295 -0.78058535
vn 0.49971009 0.34730701 -0.79351602
vn 0.50000563 0.31930359 -0.80500906
vn 0.49830011 0.46320011 -0.73290017
vn 0.86328704 0.48679269 -0.13329800
vn 0.86348232 0.48699003 -0.13129731
vn 0.70237757 0.35738859 -0.61558034
vn 0.70269503 0.33329764 -0.62859556
vn 0.70302761 0.30941215 -0.64032515
vn 0.70330586 0.28580238 -0.65090542
vn 0.70360674 0.26280252 -0.66020632
vn 0.70199010 0.38149462 -0.60139152
vn 0.86108782 0.25619638 -0.43919379
vn 0.86131394 0.23870386 -0.44850726
vn 0.86146091 0.22168994 -0.45687927
vn 0.86082719 0.27340863 -0.42921355
vn 0.96431361 0.12480176 -0.23350329
vn 0.96427774 0.13349692 -0.22879472
vn 0.96437637 0.11589716 -0.23779417
vn 0.96421690 0.14290251 -0.22330391
vn 0.99999847 -0.00090000 0.00150000
vn 0.99999856 -0.00080000 0.00150000
vn 0.99999878 -0.00070000 0.00140000
vn 0.99999884 -0.00060000 0.00140000
vn 0.99999856 -0.00080000 0.00150000
vn 0.25830233 0.65920594 -0.70620637
vn 0.00000000 0.68228618 -0.73108520
vn -0.00010000 0.64091199 -0.76761436
vn 0.25829364 0.61938476 -0.74138176
vn 0.99999890 -0.00050000 0.00140000
vn 0.99999838 -0.00100000 0.00150000
vn 0.96339366 -0.13639910 0.23079848
vn 0.96349063 -0.12719876 0.23559771
vn 0.96356504 -0.11809571 0.23999129
vn 0.96361746 -0.10910198 0.24400442
vn 0.96370745 -0.10030078 0.24740191
vn 0.96376647 -0.09169681 0.25049129
vn 0.96330169 -0.14560025 0.22550039
vn 0.85960655 -0.26060198 0.43950335
vn 0.85988417 -0.24309552 0.44889173
vn 0.86009194 -0.22569788 0.45749571
vn 0.86032234 -0.20860542 0.46511208
vn 0.86051055 -0.19190235 0.47190579
vn 0.85932202 -0.27810713 0.42921100
vn 0.70080171 -0.36450089 0.61320149
vn 0.70118421 -0.34019234 0.62658589
vn 0.70158728 -0.31599427 0.63868842
vn 0.70191187 -0.29210494 0.64961099
vn 0.70219481 -0.26879801 0.65929513
vn 0.70039803 -0.38889891 0.59849832
vn -0.86328704 0.48679269 -0.13329800
vn -0.70627564 0.68287644 -0.18669356
vn -0.70662169 0.68322097 -0.18410565
vn -0.86347098 0.48698364 -0.13139558
vn 0.49741839 -0.44391641 0.74532756
vn 0.49790722 -0.41440601 0.76181104
vn 0.49890654 -0.32770429 0.80231051
vn 0.49701581 -0.47341505 0.72722313
vn -0.50298020 0.83376718 -0.22769104
vn -0.50336854 0.83434785 -0.22468596
vn 0.25858667 -0.49477450 0.82965724
vn 0.25879556 -0.46199207 0.84828544
vn 0.25940832 -0.36551173 0.89392869
vn 0.25828663 -0.52747270 0.80935812
vn 0.00000000 -0.51230289 0.85880484
vn 0.00000000 -0.47837565 0.87815530
vn 0.00000000 -0.44461164 0.89572345
vn 0.00000000 -0.41130001 0.91150003
vn -0.86015730 -0.22568880 0.45737729
vn -0.86036627 -0.20849183 0.46508176
vn 0.00000000 -0.37862116 0.92555174
vn 0.00000000 -0.54610915 0.83771403
vn -0.25849336 -0.49478729 0.82967869
vn 0.00000000 -0.51230289 0.85880484
vn 0.00000000 -0.47829853 0.87819731
vn -0.25879556 -0.46199207 0.84828544
vn -0.25900641 -0.42931062 0.86522140
vn 0.00000000 -0.44461164 0.89572345
vn 0.00000000 -0.41130001 0.91150003
vn -0.25920295 -0.39710453 0.88041003
vn 0.00000000 -0.37862116 0.92555174
vn -0.25939884 -0.36559837 0.89389601
vn -0.25819331 -0.52748633 0.80937902
vn 0.00000000 -0.54610915 0.83771403
vn -0.70008143 -0.62508342 0.34519084
vn -0.69952476 -0.60762150 0.37611331
vn -0.49749364 -0.44389433 0.74529048
vn -0.49790722 -0.41440601 0.76181104
vn -0.49690436 -0.47340415 0.72730638
vn -0.70116035 -0.34028076 0.62656457
vn -0.70075873 -0.36447854 0.61326389
vn -0.70039803 -0.38889891 0.59849832
vn 0.25710740 -0.69582004 0.67061931
vn 0.49510190 -0.62570240 0.60280231
vn 0.49531290 -0.59451549 0.63341650
vn 0.25711663 -0.66144279 0.70454558
vn -0.85960655 -0.26060198 0.43950335
vn -0.85990506 -0.24300143 0.44890264
vn -0.86057710 -0.19189489 0.47178745
vn 0.96406768 0.18149391 -0.19399350
vn 0.86019433 0.34829770 -0.37249755
vn 0.86029065 0.32809643 -0.39019576
vn 0.96406042 0.17129297 -0.20309166
vn -0.85938506 -0.27809516 0.42909254
vn -0.69860117 -0.51550086 0.49620083
vn -0.49520723 -0.62570913 0.60270879
vn -0.49531290 -0.59451549 0.63341650
vn -0.69871299 -0.48950910 0.52170970
vn -0.99999688 -0.00199999 0.00150000
vn -0.96289849 -0.21369966 0.16479974
vn -0.96290433 -0.20420092 0.17640079
vn -0.99999692 -0.00189999 0.00160000
vn -0.99999728 -0.00170000 0.00160000
vn -0.96289299 -0.19459858 0.18699864
vn -0.96290661 -0.18450127 0.19690135
vn -0.99999760 -0.00150000 0.00160000
vn -0.96297317 -0.17439514 0.20559427
vn -0.99999774 -0.00140000 0.00160000
vn -0.96415108 0.21108929 -0.16079184
vn -0.96411810 0.20170379 -0.17260324
vn -0.99999702 -0.00199999 0.00140000
vn -0.96293483 -0.22220804 0.15290553
vn -0.96408952 0.19179792 -0.18369800
vn -0.96408637 0.18149743 -0.19389726
vn -0.96406042 0.17129297 -0.20309166
vn -0.96419157 0.21959808 -0.14869870
vn -0.86029230 0.40639636 -0.30779725
vn -0.86020246 0.38810111 -0.33080094
vn -0.86017151 0.36858779 -0.35248832
vn -0.86016437 0.34838557 -0.37248457
vn -0.86020285 0.32820109 -0.39030129
vn -0.86040568 0.42300279 -0.28420188
vn -0.70096989 0.56967553 -0.42908157
vn -0.70088690 0.54368984 -0.46169137
vn -0.70087604 0.51588236 -0.49258316
vn -0.70109792 0.59319824 -0.39569882
vn -0.96461408 -0.25420371 0.07000102
vn -0.96478845 -0.25389696 0.06869918
vn -0.49718963 0.69418552 -0.52048914
vn -0.49709957 0.66219942 -0.56069951
vn -0.49708806 0.62788492 -0.59888562
vn -0.49729869 0.72309810 -0.47939874
vn -0.49560024 -0.56320027 0.66120032
vn -0.69890295 -0.46350196 0.54470230
vn -0.25819750 0.77389252 -0.57829441
vn -0.25821086 0.73793103 -0.62352622
vn -0.25819441 0.69928486 -0.66658557
vn -0.25830233 0.65920594 -0.70620637
vn -0.25840612 0.61941468 -0.74131757
vn -0.25819026 0.80616959 -0.53237992
vn 0.00010000 0.80133007 -0.59822245
vn 0.00009999 0.76404963 -0.64515747
vn 0.00000000 0.72390245 -0.68990234
vn 0.00010000 0.83482450 -0.55051616
vn 0.00000000 0.98978080 -0.14259723
vn -0.26000152 0.95500559 -0.14270084
vn 0.25838920 0.77376767 -0.57837584
vn 0.25828809 0.73786596 -0.62357124
vn 0.25830580 0.69921570 -0.66661497
vn 0.25849105 0.80607210 -0.53238157
vn -0.49807543 0.79906058 -0.33678339
vn -0.70188000 0.65568132 -0.27829207
vn -0.70151961 0.64511803 -0.30280846
vn -0.49770214 0.78620337 -0.36630157
vn 0.49729942 0.69409918 -0.52049939
vn 0.49717989 0.66207322 -0.56077732
vn 0.49708950 0.62778674 -0.59898735
vn 0.49709530 0.59219441 -0.63419401
vn 0.49730514 0.55670575 -0.66540687
vn 0.49738607 0.72297975 -0.47948657
vn 0.70097974 0.56958354 -0.42918760
vn 0.70089264 0.54359429 -0.46179515
vn 0.70084313 0.51575815 -0.49276002
vn 0.70090636 0.48690442 -0.52120473
vn 0.70099632 0.45819760 -0.54649713
vn 0.70113951 0.59313342 -0.39572230
vn 0.86018683 0.40639378 -0.30809528
vn 0.86011460 0.38820659 -0.33090562
vn 0.86017288 0.36848838 -0.35258888
vn 0.86035525 0.42302716 -0.28431826
vn 0.96411810 0.20170379 -0.17260324
vn 0.96413917 0.21120858 -0.16070653
vn 0.96407181 0.19179439 -0.18379463
vn 0.96419905 0.21969978 -0.14849985
vn 0.99999676 -0.00179999 0.00179999
vn 0.99999726 -0.00180000 0.00150000
vn 0.99999744 -0.00160000 0.00160000
vn 0.99999774 -0.00140000 0.00160000
vn 0.99999728 -0.00170000 0.00160000
vn 0.25899942 0.89069802 -0.37359917
vn 0.00020000 0.92237718 -0.38629044
vn 0.00020000 0.90751983 -0.42000918
vn 0.25880533 0.87631804 -0.40630837
vn 0.99999754 -0.00180000 0.00130000
vn 0.96291906 -0.21360423 0.16480326
vn 0.96288197 -0.20439617 0.17629670
vn 0.96289299 -0.19459858 0.18699864
vn 0.96290661 -0.18450127 0.19690135
vn 0.96298996 -0.17429818 0.20559786
vn 0.96299292 -0.22209837 0.15269888
vn 0.85831084 -0.40560512 0.31430397
vn 0.85821368 -0.38820619 0.33580535
vn 0.85820083 -0.36990036 0.35590035
vn 0.85821982 -0.35110811 0.37440865
vn 0.85842413 -0.33210934 0.39091099
vn 0.85849984 -0.42169992 0.29179994
vn 0.69888491 -0.56458781 0.43909052
vn 0.69869441 -0.54059567 0.46859625
vn 0.69860251 -0.51540185 0.49630178
vn 0.69871299 -0.48950910 0.52170970
vn 0.69902456 -0.46341628 0.54461914
vn 0.69920166 -0.58700139 0.40810097
vn 0.69949844 -0.60759865 0.37619916
vn 0.49542255 -0.68503118 0.53412431
vn 0.49519921 -0.65599895 0.56959909
vn 0.49560024 -0.56320027 0.66120032
vn 0.49577557 -0.71226491 0.49687552
vn 0.25721871 -0.76165542 0.59474327
vn 0.25719930 -0.72939803 0.63389829
vn 0.25729742 -0.62689371 0.73539262
vn 0.25740107 -0.79200328 0.55360229
vn 0.00000000 -0.78807440 0.61558000
vn 0.00000000 -0.75473468 0.65603015
vn 0.00000000 -0.71998704 0.69398751
vn 0.00000000 -0.68445652 0.72905368
vn -0.85814273 -0.37001842 0.35591772
vn -0.85827829 -0.35109112 0.37429053
vn 0.00000000 -0.64877975 0.76097624
vn 0.00000000 -0.81949022 0.57309316
vn 0.00000000 -0.96380675 0.26660187
vn 0.00000000 -0.96512063 0.26180560
vn -0.25740548 -0.76161622 0.59471266
vn 0.00000000 -0.78807440 0.61558000
vn 0.00000000 -0.75473468 0.65603015
vn -0.25719930 -0.72939803 0.63389829
vn -0.25710740 -0.69582004 0.67061931
vn 0.00000000 -0.71998704 0.69398751
vn 0.00000000 -0.68450642 0.72900683
vn -0.25721002 -0.66142578 0.70452746
vn 0.00000000 -0.64877975 0.76097624
vn -0.25729742 -0.62689371 0.73539262
vn -0.25758780 -0.79196249 0.55357378
vn 0.00000000 -0.81949022 0.57309316
vn -0.49538113 -0.68517390 0.53397966
vn -0.49519921 -0.65599895 0.56959909
vn -0.49580021 -0.71230030 0.49680021
vn -0.69878335 -0.54048712 0.46858884
vn -0.69898863 -0.56469082 0.43879286
vn -0.69918915 -0.58709089 0.40799367
vn 0.25910602 -0.89332075 0.36720853
vn 0.49829927 -0.80219882 0.32889952
vn 0.49738284 -0.79117270 0.35588772
vn 0.25870339 -0.88051154 0.39720521
vn -0.85830300 -0.40570142 0.31420110
vn -0.85817585 -0.38838907 0.33569055
vn -0.85848399 -0.33209381 0.39079271
vn 0.96413960 0.24361001 -0.10530432
vn 0.86070488 0.46800266 -0.20040114
vn 0.86043820 0.46042044 -0.21830969
vn 0.96418484 0.23919624 -0.11459820
vn -0.85848868 -0.42179444 0.29169615
vn 0.85478529 -0.49869142 -0.14369753
vn 0.95482375 -0.26000647 -0.14390358
vn -0.70158343 -0.65978442 0.26919364
vn -0.49829927 -0.80219882 0.32889952
vn -0.49739657 -0.79129454 0.35559754
vn -0.70107146 -0.65097350 0.29108815
vn -0.99999942 -0.00100000 0.00040000
vn -0.96392453 -0.25250643 0.08420214
vn -0.96368037 -0.25089489 0.09149814
vn -0.99999875 -0.00150000 0.00050000
vn -0.99999903 -0.00130000 0.00050000
vn -0.96361957 -0.24790504 0.09990203
vn -0.96342772 -0.24510705 0.10830312
vn -0.99999863 -0.00150000 0.00070000
vn -0.96331131 -0.24110283 0.11790138
vn -0.99999824 -0.00170000 0.00080000
vn -0.96443625 0.25110944 -0.08250310
vn -0.96438610 0.24889641 -0.08949871
vn -0.96477738 0.25369405 -0.06959837
vn -0.96479507 0.25389870 -0.06859965
vn 0.69991606 -0.62531435 0.34510792
vn -0.96424282 0.24651095 -0.09730432
vn -0.96420374 0.24340094 -0.10520041
vn -0.96418385 0.23929599 -0.11439808
vn -0.86187122 0.48208390 -0.15739474
vn -0.86272215 0.48441244 -0.14510372
vn -0.96469434 0.25219852 -0.07589955
vn -0.86142293 0.47841273 -0.17050454
vn -0.86101978 0.47361088 -0.18530426
vn -0.86077107 0.46788428 -0.20039327
vn -0.86058604 0.46029253 -0.21799646
vn -0.70389764 0.67569774 -0.21899927
vn -0.70532499 0.67922407 -0.20290719
vn -0.70291759 0.67051678 -0.23730594
vn -0.70231826 0.66361725 -0.25760670
vn -0.50008618 0.82417722 -0.26579265
vn -0.50167023 0.82905080 -0.24698534
vn -0.49930161 0.81730264 -0.28760093
vn -0.49860533 0.80880864 -0.31180333
vn -0.26029166 0.91917055 -0.29559053
vn -0.26128919 0.92526170 -0.27498862
vn -0.49719773 -0.77689645 0.38629823
vn -0.70070522 -0.63940476 0.31650236
vn -0.25958412 0.91134424 -0.31948045
vn -0.25910247 0.90170861 -0.34610330
vn -0.25880315 0.89071086 -0.37370456
vn -0.25850273 0.87640925 -0.40630429
vn 0.00010000 0.95212527 -0.30570812
vn 0.00000000 0.95858802 -0.28479644
vn 0.00010000 0.94383652 -0.33041279
vn 0.00010000 0.93376505 -0.35788660
vn 0.26020526 0.91931858 -0.29520597
vn 0.26120581 0.92522058 -0.27520612
vn 0.25980259 0.91130907 -0.31940318
vn 0.25931241 0.90164316 -0.34611657
vn 0.50018634 0.82427749 -0.26529275
vn 0.50179103 0.82888519 -0.24729558
vn 0.49937668 0.81726183 -0.28758657
vn 0.49868046 0.80876831 -0.31178778
vn 0.49820719 0.79901153 -0.33670486
vn 0.49779559 0.78619303 -0.36619676
vn 0.70378146 0.67598219 -0.21849424
vn 0.70521743 0.67921679 -0.20330502
vn 0.70327793 0.67017897 -0.23719256
vn 0.70228974 0.66369030 -0.25749624
vn 0.70182926 0.65572734 -0.27831160
vn 0.70151961 0.64511803 -0.30280846
vn 0.86178853 0.48239358 -0.15689791
vn 0.86271379 0.48430774 -0.14550233
vn 0.86128814 0.47869341 -0.17039765
vn 0.86097900 0.47368845 -0.18529548
vn 0.96446706 0.25109143 -0.08219719
vn 0.96473565 0.25200931 -0.07600281
vn 0.96437934 0.24899467 -0.08929809
vn 0.96418588 0.24669639 -0.09739857
vn 0.99999955 -0.00090000 0.00030000
vn 0.99999946 -0.00100000 0.00030000
vn 0.99999903 -0.00130000 0.00050000
vn 0.99999898 -0.00130000 0.00060000
vn 0.99999812 -0.00160000 0.00110000
vn 0.99999938 -0.00100000 0.00050000
vn -0.50258159 0.83146955 -0.23679133
vn -0.70613668 0.68083537 -0.19451011
vn 0.96393258 -0.25260854 0.08380283
vn 0.96418260 -0.25369542 0.07739860
vn 0.96366271 -0.25089029 0.09169645
vn 0.96362919 -0.24790751 0.09980302
vn 0.96339366 -0.24519839 0.10839929
vn 0.96331078 -0.24120270 0.11770132
vn 0.86108816 -0.48229337 0.16099779
vn 0.86190663 -0.48480373 0.14860114
vn 0.86038492 -0.47829162 0.17599692
vn 0.86014056 -0.47266734 0.19168675
vn 0.85972182 -0.46671185 0.20750527
vn 0.85933171 -0.45891694 0.22570833
vn 0.70320738 -0.67390707 0.22660238
vn 0.70438043 -0.67848115 0.20859420
vn 0.70199921 -0.66789925 0.24719972
vn 0.70158343 -0.65978442 0.26919364
vn 0.70097978 -0.65098122 0.29129160
vn 0.70039586 -0.63969622 0.31659813
vn 0.49971992 -0.82083271 0.27661102
vn 0.50099221 -0.82718714 0.25449604
vn 0.49850415 -0.81250677 0.30220252
vn 0.49689461 -0.77709156 0.38629581
vn 0.25999976 -0.91479915 0.30909971
vn 0.26089058 -0.92246669 0.28458972
vn 0.25939499 -0.90488253 0.33749348
vn 0.25830951 -0.86453184 0.43111588
vn 0.00000000 -0.94725380 0.32048437
vn 0.00000000 -0.95556254 0.29478844
vn 0.00000000 -0.93693192 0.34951191
vn 0.00000000 -0.92478368 0.38049329
vn 0.00000000 -0.91146254 0.41138309
vn -0.86001486 -0.47280817 0.19190332
vn -0.85959316 -0.46699628 0.20739835
vn 0.00000000 -0.89468704 0.44669353
vn -0.25999942 -0.91469796 0.30939931
vn -0.26091284 -0.92254541 0.28431400
vn 0.00000000 -0.95556254 0.29478844
vn 0.00000000 -0.94725380 0.32048437
vn 0.00000000 -0.96380675 0.26660187
vn 0.00000000 -0.96509536 0.26189874
vn 0.00000000 -0.93693192 0.34951191
vn -0.25941250 -0.90494359 0.33731625
vn -0.25909650 -0.89328795 0.36729504
vn 0.00000000 -0.92478368 0.38049329
vn 0.00000000 -0.91146254 0.41138309
vn -0.25871367 -0.88054652 0.39712098
vn 0.00000000 -0.89468704 0.44669353
vn -0.25839170 -0.86447223 0.43118615
vn -0.49958956 -0.82078285 0.27699421
vn -0.50099221 -0.82718714 0.25449604
vn -0.49857930 -0.81246626 0.30218745
vn -0.70319144 -0.67389180 0.22669724
vn -0.70210897 -0.66770853 0.24740316
vn -0.86108787 -0.48209321 0.16159772
vn 0.26199632 0.92828696 -0.26389629
vn 0.00000000 0.96190040 -0.27340011
vn -0.86027663 -0.47848700 0.17599522
vn -0.85922730 -0.45901459 0.22590718
vn 0.26200300 -0.92641060 0.27040309
vn 0.50290200 -0.82980329 0.24190096
vn -0.96417304 -0.25379290 0.07719784
vn -0.99999946 -0.00100000 0.00030000
vn 0.86312371 0.48551333 -0.13890382
vn 0.96472876 0.25300754 -0.07270217
vn -0.14110049 -0.25420088 -0.95680331
vn -0.13610289 -0.21840465 -0.96632055
vn 0.65081911 -0.36081059 -0.66801961
vn 0.67460915 -0.18960257 -0.71340967
vn -0.50277339 -0.82985608 0.24198719
vn -0.95639525 -0.28569858 -0.06069970
vn -1.00000000 0.00000000 0.00000000
vn -0.99110654 -0.03420023 -0.12860085
vn -0.99999999 -0.00010000 0.00010000
vn -0.96468650 -0.25299646 0.07329897
vn -0.12149595 -0.18569380 -0.97506746
vn 0.58319785 -0.51829809 -0.62549769
vn -0.96472876 0.25300754 -0.07270217
vn -0.09939914 -0.15819863 -0.98239147
vn 0.47770471 -0.65100641 -0.58990581
vn -0.86317911 0.48538825 -0.13899664
vn -0.07089707 -0.13679435 -0.98805916
vn 0.34019117 -0.75298045 -0.56328537
vn -0.38950339 0.82880722 0.40170350
vn -0.54889444 0.71409276 0.43449560
vn -0.56987992 0.36588711 -0.73577408
vn -0.40661731 0.48802078 -0.77233288
vn -0.03700152 -0.12280505 -0.99174080
vn 0.00000000 -0.11790298 -0.99302512
vn 0.00000000 -0.84116548 -0.54077781
vn 0.17710270 -0.81831246 -0.54680833
vn 0.26019957 0.88899854 -0.37679938
vn 0.00000000 0.92258505 -0.38579375
vn -0.21939996 0.60789988 -0.76309986
vn 0.00000000 0.63621187 -0.77151439
vn 0.00000000 0.59391857 -0.80452516
vn -0.21200425 0.56651135 -0.79631595
vn 0.03700198 -0.12270655 -0.99175297
vn -0.17710270 -0.81831246 -0.54680833
vn 0.20239356 0.90207131 0.38118788
vn 0.00000000 0.92754270 0.37371720
vn 0.21200425 0.56651135 -0.79631595
vn 0.07089707 -0.13679435 -0.98805916
vn -0.34019117 -0.75298045 -0.56328537
vn -0.26198940 0.92826246 -0.26398932
vn 0.09939914 -0.15819863 -0.98239147
vn -0.47770471 -0.65100641 -0.58990581
vn 0.50258159 0.83146955 -0.23679133
vn 0.95616785 0.21719270 -0.19639340
vn 0.85588315 0.44799118 -0.25839491
vn 0.70569561 0.68129577 -0.19449879
vn 0.12149595 -0.18569380 -0.97506746
vn 0.13610289 -0.21840465 -0.96632055
vn -0.65081911 -0.36081059 -0.66801961
vn -0.58326383 -0.51826786 -0.62546121
vn 0.75520531 0.38390270 0.53130374
vn 0.67330868 0.56380727 0.47830617
vn 0.69457669 0.20739304 -0.68887688
vn 0.77330273 0.02060007 -0.63370224
vn 0.14110049 -0.25420088 -0.95680331
vn -0.67460915 -0.18960257 -0.71340967
vn 0.78645206 0.18581230 0.58903900
vn 0.79910680 -0.18160155 -0.57310488
vn 0.13609997 -0.28999993 -0.94729976
vn -0.65102940 -0.01820082 -0.75883427
vn 1.00000000 0.00000000 0.00000000
vn -0.99999995 -0.00030000 0.00010000
vn 0.12160265 -0.32280704 -0.93862048
vn -0.58367381 0.13979373 -0.79986411
vn 0.96469357 -0.25299831 0.07319951
vn 0.49959442 -0.86099039 0.09539894
vn 0.70102627 -0.71102665 0.05480205
vn 0.86311592 -0.48500895 0.14070260
vn 0.09950000 -0.35039998 -0.93129995
vn 0.07099959 -0.37179784 -0.92559463
vn -0.34059622 0.37499584 -0.86219043
vn -0.47817722 0.27298700 -0.83476023
vn 0.70580350 -0.68020337 0.19790098
vn 0.03710124 -0.38581287 -0.92183075
vn -0.17729544 0.44008869 -0.88027738
vn -0.26049640 -0.95778676 0.12159832
vn 0.00000000 -0.99140863 0.13080114
vn 0.00000000 -0.95991147 0.28030335
vn 0.00000000 -0.39070650 -0.92051531
vn -0.03710124 -0.38581287 -0.92183075
vn 0.17729544 0.44008869 -0.88027738
vn 0.00000000 0.46298288 -0.88636722
vn -0.07099959 -0.37179784 -0.92559463
vn 0.34059622 0.37499584 -0.86219043
vn -0.26199591 -0.92638554 0.27049578
vn 0.00000000 -0.95991147 0.28030335
vn -0.09950000 -0.35039998 -0.93129995
vn 0.47817722 0.27298700 -0.83476023
vn -0.12160265 -0.32280704 -0.93862048
vn 0.58372050 0.13980491 -0.79982809
vn -0.68537450 -0.19899260 0.70047394
vn -0.56289144 -0.35609458 0.74588865
vn -0.56098611 -0.71928219 -0.40978985
vn -0.68671180 -0.56570972 -0.45650785
vn -0.42049619 0.52609524 -0.73919331
vn -0.58961453 0.40010986 -0.70161728
vn 0.21939996 0.60789988 -0.76309986
vn 0.21730120 -0.93020513 -0.29580163
vn 0.41680310 -0.85050632 -0.32080239
vn 0.71987747 0.23729257 -0.65227959
vn 0.80359466 0.04469970 -0.59349605
vn -0.41670709 -0.85051448 -0.32090546
vn -0.58547859 -0.72677343 -0.35918687
vn -0.83184019 -0.16530799 -0.52982560
vn -0.80147201 -0.37458692 -0.46618372
vn -0.80351512 0.04460084 -0.59361117
vn -0.71976525 0.23738854 -0.65236850
vn 0.42050515 0.52620645 -0.73910905
vn 0.58959093 0.40019385 -0.70158921
vn 0.83191506 -0.16530299 -0.52970959
vn 0.80158248 -0.37459181 -0.46598981
vn 0.71617476 -0.56618005 -0.40808562
vn 0.58539134 -0.72688925 -0.35909469
vn 0.00000000 -0.95783729 -0.28731119
vn -0.71613736 -0.56612954 -0.40822130
vn -0.21729477 -0.93017761 -0.29589288
vn 0.00000000 -0.95783729 -0.28731119
vn -0.76228956 -0.01369981 0.64709114
vn -0.79539508 -0.03959976 0.60479626
vn -0.71337583 -0.23139216 0.66147759
vn -0.58490642 -0.39340432 0.70930778
vn -0.40179455 -0.47699353 0.78168940
vn -0.41729660 -0.51899577 0.74599392
vn -0.20950102 -0.55490270 0.80510392
vn -0.21779854 -0.60049596 0.76939483
vn 0.00000000 -0.58222159 0.81303015
vn 0.00000000 -0.62872344 0.77762899
vn 0.20959663 -0.55489107 0.80508705
vn 0.00000000 -0.58222159 0.81303015
vn 0.00000000 -0.62872344 0.77762899
vn 0.21779854 -0.60049596 0.76939483
vn 0.40180679 -0.47710806 0.78161321
vn 0.41731826 -0.51892270 0.74603264
vn 0.56269276 -0.35619542 0.74599040
vn 0.58486493 -0.39337641 0.70935746
vn 0.68549624 -0.19919891 0.70029616
vn 0.71331252 -0.23120406 0.66161161
vn 0.76243009 -0.01370054 0.64692553
vn 0.79531338 -0.03950066 0.60491018
vn 0.82195338 0.16879043 0.54396915
vn 0.79040053 0.37590025 0.48370032
vn 0.70479525 0.56469619 0.42939710
vn 0.54891828 0.71412379 0.43441447
vn 0.57508600 0.72248241 0.38379065
vn 0.38951904 0.82884051 0.40161963
vn 0.40889086 0.84338114 0.34859220
vn 0.21289944 0.92129758 0.32539914
vn 0.00000000 0.94822228 0.31760746
vn -0.20239356 0.90207131 0.38118788
vn -0.21289944 0.92129758 0.32539914
vn -0.40890511 0.84341053 0.34850435
vn -0.57508600 0.72248241 0.38379065
vn -0.67318384 0.56388646 0.47838852
vn -0.70487583 0.56468063 0.42928528
vn -0.75512221 0.38391129 0.53141563
vn -0.79047628 0.37588872 0.48358549
vn -0.78650729 0.18600172 0.58890546
vn -0.82201196 0.16870245 0.54390791
vn -0.76878387 -0.38239198 -0.51258925
vn -0.79918873 -0.18159744 -0.57299192
vn -0.77339352 0.02049983 -0.63359469
vn -0.69450587 0.20720175 -0.68900583
vn 0.40650244 0.48800293 -0.77240463
vn 0.56979131 0.36579442 -0.73588878
vn 0.76870356 -0.38240177 -0.51270237
vn 0.68650454 -0.56580374 -0.45670302
vn 0.56082604 -0.71933340 -0.40991903
vn 0.39869185 -0.83718288 -0.37439235
vn 0.20739892 -0.91269523 -0.35209816
vn 0.00000000 -0.93889678 -0.34419882
vn 0.00000000 -0.93889678 -0.34419882
vn -0.20739892 -0.91269523 -0.35209816
vn -0.39870677 -0.83721422 -0.37430636
vn 0.99110654 -0.03420023 -0.12860085
vn -0.13609997 -0.28999993 -0.94729976
vn 0.65102940 -0.01820082 -0.75883427
vn 0.85628889 -0.51649330 0.00199997
vn 0.95640105 -0.28570031 -0.06060007
vn 0.00000000 -0.99140863 0.13080114
vn 0.26049640 -0.95778676 0.12159832
vn -0.49959919 -0.86099860 0.09529985
vn 0.00000000 -0.39070650 -0.92051531
vn 0.00000000 0.46298288 -0.88636722
vn -0.49918234 0.79227198 -0.35088759
vn -0.70060333 0.64240306 -0.31060148
vn -0.26029280 0.88897541 -0.37678958
vn -0.85628922 -0.51649350 0.00179998
vn -0.70108097 -0.71098070 0.05469851
vn -0.85588315 0.44799118 -0.25839491
vn -0.95616785 0.21719270 -0.19639340
vn 0.49891752 0.79242782 -0.35091232
vn 0.70060333 0.64240306 -0.31060148
vn 0.00000000 0.71029954 -0.70389954
vn -0.22769654 0.68078966 -0.69618943
vn 0.00000000 0.27568509 -0.96124801
vn -0.13469767 0.25809554 -0.95668345
vn 0.86826942 -0.12729552 -0.47948312
vn 0.83737978 0.09279776 -0.53868699
vn 0.51401927 -0.22020825 -0.82903107
vn 0.49558945 -0.08999808 -0.86388161
vn 0.83814633 -0.34761921 -0.42032323
vn 0.49609549 -0.35069681 -0.79429278
vn -0.83814694 -0.34767799 -0.42027339
vn -0.75062626 -0.55021925 -0.36581280
vn -0.49609549 -0.35069681 -0.79429278
vn -0.44401943 -0.47052059 -0.76253336
vn 0.74929755 0.29479904 -0.59299806
vn 0.61328646 0.46498974 -0.63848591
vn 0.44309602 0.02939974 -0.89599195
vn 0.36249553 0.12989840 -0.92288862
vn -0.43691010 0.59611378 -0.67361557
vn -0.25829349 0.20769476 -0.94347621
vn 0.00000000 -0.96746844 -0.25299175
vn 0.22849522 -0.93788037 -0.26109453
vn 0.00000000 -0.71802154 -0.69602088
vn 0.13520271 -0.70041406 -0.70081407
vn 0.22769654 0.68078966 -0.69618943
vn 0.13469767 0.25809554 -0.95668345
vn 0.61470949 -0.72101113 -0.31980494
vn 0.75059880 -0.55019912 -0.36589941
vn 0.36350615 -0.57160967 -0.73561244
vn 0.44401943 -0.47052059 -0.76253336
vn 0.43818757 -0.85277582 -0.28419194
vn 0.25920675 -0.64971693 -0.71461862
vn 0.43691010 0.59611378 -0.67361557
vn 0.25829885 0.20759908 -0.94349580
vn -0.61477170 -0.72096681 -0.31978528
vn -0.36350615 -0.57160967 -0.73561244
vn -0.74929755 0.29479904 -0.59299806
vn -0.83738755 0.09269862 -0.53869199
vn -0.44309602 0.02939974 -0.89599195
vn -0.49558945 -0.08999808 -0.86388161
vn -0.51401927 -0.22020825 -0.82903107
vn -0.86831105 -0.12730162 -0.47940610
vn -0.22840044 -0.93790179 -0.26110050
vn 0.00000000 -0.96746844 -0.25299175
vn -0.13520271 -0.70041406 -0.70081407
vn 0.00000000 -0.71802154 -0.69602088
vn -0.61322407 0.46501825 -0.63852507
vn -0.36249553 0.12989840 -0.92288862
vn -0.43818757 -0.85277582 -0.28419194
vn -0.25920675 -0.64971693 -0.71461862
vn 0.25949561 -0.95508383 -0.14309758
vn 0.49829158 -0.85508555 -0.14329758
vn 0.98959240 0.00000000 -0.14389889
vn -0.95482375 -0.26000647 -0.14390358
vn 0.69941866 0.70021868 -0.14320382
vn -0.49870596 0.85491021 -0.14290171
vn 0.69938858 -0.70018857 -0.14349766
vn 0.00000000 0.98978080 -0.14259723
vn -0.49860228 -0.85490391 -0.14330065
vn 0.34277879 0.34277879 -0.87464587
vn 0.24419470 0.41869091 -0.87468101
vn 0.39829702 0.68279489 -0.61249541
vn 0.55878918 0.55878918 -0.61278814
vn 0.12719257 -0.46777269 -0.87464894
vn 0.24419470 -0.41869091 -0.87468101
vn 0.39819128 -0.68268504 -0.61268658
vn 0.20759736 -0.76289029 -0.61229221
vn 0.34270228 -0.34270228 -0.87470583
vn 0.55871738 -0.55871738 -0.61291907
vn -0.48481062 0.00000000 -0.87461915
vn -0.46769457 -0.12719852 -0.87468984
vn -0.76266652 -0.20759089 -0.61257311
vn -0.79048162 0.00000000 -0.61248576
vn 0.12720370 0.46781360 -0.87462543
vn 0.00000000 0.48488711 -0.87457675
vn 0.00000000 0.79087358 -0.61197956
vn 0.20770263 0.76300965 -0.61210774
vn -0.41869091 0.24419470 -0.87468101
vn -0.46769457 0.12719852 -0.87468984
vn -0.76271323 0.20760360 -0.61251063
vn -0.68258982 0.39819406 -0.61279086
vn 0.41869091 -0.24419470 -0.87468101
vn 0.68249457 -0.39819683 -0.61289513
vn -0.41860844 -0.24420492 -0.87471763
vn -0.68258982 -0.39819406 -0.61279086
vn 0.41869091 0.24419470 -0.87468101
vn 0.68263164 0.39821846 -0.61272840
vn 0.00000000 -0.48488711 -0.87457675
vn 0.00000000 -0.79070185 -0.61220143
vn -0.12720370 0.46781360 -0.87462543
vn -0.24419470 0.41869091 -0.87468101
vn -0.39829702 0.68279489 -0.61249541
vn -0.20770263 0.76300965 -0.61210774
vn -0.34277879 0.34277879 -0.87464587
vn -0.55878918 0.55878918 -0.61278814
vn 0.46769457 -0.12719852 -0.87468984
vn 0.48481062 0.00000000 -0.87461915
vn 0.79048162 0.00000000 -0.61248576
vn 0.76266652 -0.20759089 -0.61257311
vn -0.34269054 -0.34279054 -0.87467585
vn -0.24419470 -0.41869091 -0.87468101
vn -0.39819128 -0.68268504 -0.61268658
vn -0.55871738 -0.55871738 -0.61291907
vn 0.46769457 0.12719852 -0.87468984
vn 0.76271323 0.20760360 -0.61251063
vn -0.12720370 -0.46781360 -0.87462543
vn -0.20759736 -0.76289029 -0.61229221
vn 0.00000000 0.48488711 -0.87457675
vn 0.00000000 0.79087358 -0.61197956
vt 0.96229000 0.25155900
vt 0.96294600 0.25180800
vt 0.96493600 0.24669300
vt 0.96626900 0.25198400
vt 0.96692600 0.25180800
vt 0.95964700 0.24961200
vt 0.96029700 0.25026500
vt 0.96957500 0.25026500
vt 0.97022500 0.24961200
vt 0.97149200 0.24780800
vt 0.97209800 0.24651800
vt 0.96758200 0.25155900
vt 0.96096200 0.25080100
vt 0.96163100 0.25122900
vt 0.95900800 0.24880900
vt 0.96360300 0.25198400
vt 0.96426500 0.25209300
vt 0.95838000 0.24780800
vt 0.97267900 0.24472500
vt 0.96824200 0.25122900
vt 0.96560700 0.25209300
vt 0.96493600 0.25213400
vt 0.95777400 0.24651800
vt 0.97086500 0.24880900
vt 0.96891000 0.25080100
vt 0.95719300 0.24472500
vt 0.95022800 0.47427400
vt 0.94846700 0.47434300
vt 0.94858500 0.48401100
vt 0.95035100 0.48397700
vt 0.94861300 0.50669100
vt 0.95038900 0.50667800
vt 0.96493600 0.50660500
vt 0.96493600 0.48376300
vt 0.96303900 0.48376800
vt 0.96306200 0.50660600
vt 0.96297100 0.46595000
vt 0.96300200 0.47386400
vt 0.96493600 0.47385600
vt 0.96493600 0.46596300
vt 0.98758200 0.43554500
vt 0.98585700 0.43551400
vt 0.98582300 0.43713700
vt 0.98753600 0.43717700
vt 0.96307900 0.53235100
vt 0.96493600 0.53234900
vt 0.97224700 0.48382900
vt 0.97046200 0.48380200
vt 0.97040700 0.50661700
vt 0.97218600 0.50662600
vt 0.95931400 0.47393200
vt 0.96113700 0.47389000
vt 0.96107400 0.46591700
vt 0.95921300 0.46586700
vt 0.98423900 0.34624900
vt 0.98247200 0.34619700
vt 0.98221900 0.35013000
vt 0.98399700 0.35016200
vt 0.94867000 0.53245700
vt 0.95044500 0.53243600
vt 0.94813800 0.46554400
vt 0.94991600 0.46556600
vt 0.98681100 0.47450900
vt 0.98496300 0.47446200
vt 0.98485900 0.48406300
vt 0.98671900 0.48407800
vt 0.98484700 0.50670800
vt 0.98671500 0.50671200
vt 0.94564700 0.42189800
vt 0.94389300 0.42188400
vt 0.94387500 0.42359400
vt 0.94563000 0.42360400
vt 0.98479000 0.53250300
vt 0.98666100 0.53252800
vt 0.98712400 0.46563900
vt 0.98528800 0.46557700
vt 0.97236100 0.47398600
vt 0.97055700 0.47393200
vt 0.94315700 0.50671200
vt 0.94502500 0.50670800
vt 0.94501300 0.48406300
vt 0.94315300 0.48407800
vt 0.94306100 0.47450900
vt 0.94490900 0.47446200
vt 0.94458400 0.46557700
vt 0.94274800 0.46563900
vt 0.97626500 0.37116200
vt 0.97816000 0.37120800
vt 0.97824100 0.35997500
vt 0.97634100 0.35997300
vt 0.97036300 0.53236300
vt 0.97213300 0.53237200
vt 0.97250600 0.46580600
vt 0.97065900 0.46586700
vt 0.96862400 0.50661100
vt 0.96859100 0.53235600
vt 0.97964400 0.47427400
vt 0.97786200 0.47420100
vt 0.97773500 0.48393900
vt 0.97952100 0.48397700
vt 0.95782300 0.40913000
vt 0.95565000 0.40914200
vt 0.95565500 0.41058300
vt 0.95782900 0.41056800
vt 0.94321100 0.53252800
vt 0.94508200 0.53250300
vt 0.96873500 0.47389000
vt 0.96866500 0.48378100
vt 0.94683400 0.50670100
vt 0.94689000 0.53248000
vt 0.97814400 0.46560900
vt 0.97995600 0.46556600
vt 0.97768700 0.50666500
vt 0.97948300 0.50667800
vt 0.96879800 0.46591700
vt 0.98915700 0.32988300
vt 0.98736200 0.32977100
vt 0.98726500 0.33127400
vt 0.98905500 0.33139400
vt 0.97763000 0.53241700
vt 0.97942700 0.53243600
vt 0.97602000 0.47412400
vt 0.97416900 0.47405000
vt 0.97404600 0.48386200
vt 0.97589300 0.48389900
vt 0.97398400 0.50663800
vt 0.97583600 0.50665100
vt 0.97626100 0.46566900
vt 0.97436200 0.46573800
vt 0.96745700 0.43572600
vt 0.96493600 0.43573400
vt 0.96493600 0.43734700
vt 0.96746800 0.43734000
vt 0.97392700 0.53238500
vt 0.97577800 0.53239900
vt 0.95201000 0.47420100
vt 0.95213700 0.48393900
vt 0.95218500 0.50666500
vt 0.95172800 0.46560900
vt 0.96241500 0.43572600
vt 0.96240400 0.43734000
vt 0.95941000 0.48380200
vt 0.96120700 0.48378100
vt 0.95946500 0.50661700
vt 0.96124900 0.50661100
vt 0.96687000 0.47386400
vt 0.96683300 0.48376800
vt 0.96493600 0.27533700
vt 0.96666100 0.27529500
vt 0.96646800 0.26698400
vt 0.96493600 0.26700600
vt 0.95224200 0.53241700
vt 0.94670200 0.47440600
vt 0.94681400 0.48404000
vt 0.94636900 0.46554700
vt 0.95950900 0.53236300
vt 0.96128100 0.53235600
vt 0.98305800 0.48404000
vt 0.98128700 0.48401100
vt 0.98125800 0.50669100
vt 0.98303800 0.50670100
vt 0.96690100 0.46595000
vt 0.96032200 0.30329500
vt 0.95815100 0.30326900
vt 0.95801700 0.30525900
vt 0.96022600 0.30528800
vt 0.98317000 0.47440600
vt 0.98140500 0.47434300
vt 0.98173400 0.46554400
vt 0.98350300 0.46554700
vt 0.96245300 0.40911200
vt 0.96008700 0.40911900
vt 0.96009200 0.41055300
vt 0.96245600 0.41054300
vt 0.98120200 0.53245700
vt 0.98298200 0.53248000
vt 0.96312400 0.55571500
vt 0.96493600 0.55572200
vt 0.95403600 0.50665100
vt 0.95397900 0.48389900
vt 0.95385200 0.47412400
vt 0.95361100 0.46566900
vt 0.95570200 0.47405000
vt 0.95582600 0.48386200
vt 0.97883900 0.34614900
vt 0.97690500 0.34614800
vt 0.97666300 0.35012200
vt 0.97858400 0.35011200
vt 0.95409400 0.53239900
vt 0.95551000 0.46573800
vt 0.95588800 0.50663800
vt 0.97729100 0.55580300
vt 0.97904300 0.55584300
vt 0.95594500 0.53238500
vt 0.96681000 0.50660600
vt 0.96679300 0.53235100
vt 0.94999900 0.30304500
vt 0.94815800 0.30295400
vt 0.94795200 0.30494400
vt 0.94979500 0.30503100
vt 0.95334800 0.31717800
vt 0.95125400 0.31717800
vt 0.95127200 0.31874600
vt 0.95336800 0.31873200
vt 0.98690600 0.44540400
vt 0.98518300 0.44532300
vt 0.98473600 0.44899900
vt 0.98648400 0.44906600
vt 0.95751100 0.47398600
vt 0.95762400 0.48382900
vt 0.95768600 0.50662600
vt 0.95736600 0.46580600
vt 0.96834900 0.27526700
vt 0.97000900 0.27521500
vt 0.96942700 0.26682900
vt 0.96795500 0.26692500
vt 0.95773900 0.53237200
vt 0.94386300 0.34632300
vt 0.94205500 0.34642200
vt 0.94225600 0.35028100
vt 0.94408700 0.35021200
vt 0.94750000 0.43549800
vt 0.94573800 0.43549800
vt 0.94575900 0.43711500
vt 0.94750800 0.43711000
vt 0.96054300 0.45004500
vt 0.95846200 0.44990000
vt 0.95875800 0.45450000
vt 0.96075100 0.45466100
vt 0.96717900 0.45014100
vt 0.96493600 0.45017500
vt 0.96493600 0.45480600
vt 0.96707000 0.45476800
vt 0.96985600 0.43570100
vt 0.96987600 0.43731500
vt 0.98748100 0.45846600
vt 0.98566300 0.45838200
vt 0.95194200 0.44549700
vt 0.94999100 0.44539000
vt 0.95049400 0.44917600
vt 0.95243700 0.44933900
vt 0.95134600 0.44042800
vt 0.94939500 0.44039400
vt 0.94959200 0.44244400
vt 0.95154100 0.44250200
vt 0.95098000 0.45365200
vt 0.95290200 0.45385200
vt 0.94641000 0.44529900
vt 0.94468900 0.44532300
vt 0.94513600 0.44899900
vt 0.94688300 0.44900000
vt 0.97543500 0.44953100
vt 0.97343800 0.44972300
vt 0.97306900 0.45430000
vt 0.97500900 0.45407800
vt 0.95136300 0.45856800
vt 0.95326700 0.45871800
vt 0.95340200 0.44047600
vt 0.95358900 0.44257900
vt 0.95128700 0.43871300
vt 0.94932800 0.43868800
vt 0.94933900 0.43712200
vt 0.95131100 0.43714900
vt 0.97509500 0.27492000
vt 0.97684300 0.27477100
vt 0.97560700 0.26603400
vt 0.97400400 0.26629800
vt 0.95397200 0.44563000
vt 0.95443700 0.44953100
vt 0.95486300 0.45407800
vt 0.95519700 0.45888700
vt 0.95335000 0.43875100
vt 0.95338700 0.43718800
vt 0.97493600 0.34615900
vt 0.97299200 0.34617600
vt 0.97280300 0.35016400
vt 0.97471500 0.35014100
vt 0.95551000 0.44053200
vt 0.95567800 0.44266300
vt 0.95602300 0.44576800
vt 0.95643400 0.44972300
vt 0.95680300 0.45430000
vt 0.95709500 0.45905200
vt 0.95547000 0.43879700
vt 0.95550100 0.43723300
vt 0.95770300 0.44058500
vt 0.95784200 0.44274300
vt 0.95812700 0.44589700
vt 0.95899500 0.45920100
vt 0.95767200 0.43884100
vt 0.95769900 0.43727700
vt 0.94229000 0.43554500
vt 0.94051800 0.43559300
vt 0.94057200 0.43723400
vt 0.94233500 0.43717700
vt 0.95999800 0.44063000
vt 0.96009800 0.44280900
vt 0.96030400 0.44600300
vt 0.95997700 0.43887900
vt 0.95999600 0.43731500
vt 0.96091900 0.45932100
vt 0.94621800 0.27399300
vt 0.94794900 0.27421500
vt 0.94947900 0.26504300
vt 0.94779300 0.26464100
vt 0.94560000 0.45337300
vt 0.94736300 0.45340500
vt 0.96240600 0.44065900
vt 0.96245900 0.44285200
vt 0.96256700 0.44607400
vt 0.96269300 0.45014100
vt 0.96280200 0.45476800
vt 0.96289000 0.45940000
vt 0.96239600 0.43890400
vt 0.96493600 0.44066400
vt 0.96493600 0.44286300
vt 0.96493600 0.44609800
vt 0.96493600 0.45942900
vt 0.96493600 0.43891200
vt 0.95737400 0.37106900
vt 0.95922100 0.37103000
vt 0.95917500 0.35998200
vt 0.95731500 0.35997700
vt 0.96746600 0.44065900
vt 0.96741300 0.44285200
vt 0.96730500 0.44607400
vt 0.96747600 0.43890400
vt 0.96698200 0.45940000
vt 0.96297600 0.37097900
vt 0.96493600 0.37097200
vt 0.96493600 0.35999200
vt 0.96295800 0.35999000
vt 0.96003800 0.43235800
vt 0.95775100 0.43232700
vt 0.95774100 0.43401200
vt 0.96003000 0.43404600
vt 0.96987400 0.44063000
vt 0.96977400 0.44280900
vt 0.96956800 0.44600300
vt 0.96932900 0.45004500
vt 0.96912100 0.45466100
vt 0.96895300 0.45932100
vt 0.96989500 0.43887900
vt 0.98388400 0.45835600
vt 0.98211700 0.45838100
vt 0.97216900 0.44058500
vt 0.97203000 0.44274300
vt 0.97174500 0.44589700
vt 0.97141000 0.44990000
vt 0.97111300 0.45450000
vt 0.97087700 0.45920100
vt 0.97220000 0.43884100
vt 0.97217300 0.43727700
vt 0.97192900 0.32915500
vt 0.96969600 0.32911700
vt 0.96966400 0.33058900
vt 0.97188400 0.33062800
vt 0.97436100 0.44053200
vt 0.97419400 0.44266300
vt 0.97384900 0.44576800
vt 0.97277700 0.45905200
vt 0.97440200 0.43879700
vt 0.97437100 0.43723300
vt 0.97104300 0.34619500
vt 0.96906500 0.34621100
vt 0.96896000 0.35020700
vt 0.97089200 0.35018700
vt 0.97628300 0.44257900
vt 0.97647000 0.44047600
vt 0.97590000 0.44563000
vt 0.97467400 0.45888700
vt 0.97652200 0.43875100
vt 0.97648500 0.43718800
vt 0.94559400 0.31717700
vt 0.94383400 0.31717600
vt 0.94384500 0.31880700
vt 0.94560600 0.31879200
vt 0.97852600 0.44042800
vt 0.97833100 0.44250200
vt 0.97743500 0.44933900
vt 0.97697000 0.45385200
vt 0.97793000 0.44549700
vt 0.96744400 0.43237900
vt 0.96493600 0.43238600
vt 0.96493600 0.43407700
vt 0.96744900 0.43406900
vt 0.97660500 0.45871800
vt 0.97858500 0.43871300
vt 0.97856100 0.43714900
vt 0.98878400 0.30240000
vt 0.98698100 0.30257800
vt 0.98718600 0.30459500
vt 0.98899400 0.30443200
vt 0.98047700 0.44039400
vt 0.98028000 0.44244400
vt 0.97988100 0.44539000
vt 0.97937800 0.44917600
vt 0.97889200 0.45365100
vt 0.97850900 0.45856800
vt 0.98054300 0.43868800
vt 0.98053300 0.43712200
vt 0.98228400 0.44038100
vt 0.98209200 0.44241300
vt 0.98170800 0.44532200
vt 0.98121400 0.44906100
vt 0.98072500 0.45350000
vt 0.98033400 0.45845400
vt 0.98235900 0.43867900
vt 0.98236400 0.43711000
vt 0.96493600 0.42192800
vt 0.96243500 0.42192700
vt 0.96243400 0.42366900
vt 0.96493600 0.42367100
vt 0.98400900 0.44039100
vt 0.98382300 0.44241400
vt 0.98346200 0.44529900
vt 0.98298900 0.44900000
vt 0.98250900 0.45340500
vt 0.98409100 0.43868900
vt 0.98411300 0.43711500
vt 0.98780900 0.31717400
vt 0.98603800 0.31717600
vt 0.98602700 0.31880700
vt 0.98779800 0.31882500
vt 0.98569600 0.44042600
vt 0.98551800 0.44244900
vt 0.98427200 0.45337300
vt 0.98578500 0.43871800
vt 0.98422500 0.42189800
vt 0.98243300 0.42190800
vt 0.98244900 0.42361300
vt 0.98424200 0.42360400
vt 0.98738800 0.44048900
vt 0.98721800 0.44252500
vt 0.98604000 0.45341000
vt 0.98748300 0.43876900
vt 0.98192300 0.27421500
vt 0.98365400 0.27399300
vt 0.98207900 0.26464100
vt 0.98039300 0.26504300
vt 0.98914000 0.44058900
vt 0.98897400 0.44265500
vt 0.98867400 0.44555600
vt 0.98826800 0.44921200
vt 0.94816400 0.44532200
vt 0.94865800 0.44906100
vt 0.98784200 0.45352500
vt 0.98923800 0.43884200
vt 0.98930000 0.43723400
vt 0.94248400 0.44048900
vt 0.94073200 0.44058900
vt 0.94089800 0.44265500
vt 0.94265400 0.44252500
vt 0.94296600 0.44540400
vt 0.94119800 0.44555600
vt 0.94160400 0.44921200
vt 0.94338800 0.44906600
vt 0.94203000 0.45352500
vt 0.94383200 0.45341000
vt 0.94239100 0.45846600
vt 0.94420900 0.45838200
vt 0.94238900 0.43876900
vt 0.94063400 0.43884200
vt 0.94213700 0.42186700
vt 0.94032800 0.42184400
vt 0.94031100 0.42357400
vt 0.94211800 0.42358400
vt 0.94417600 0.44042600
vt 0.94435400 0.44244900
vt 0.94598700 0.45835600
vt 0.94408700 0.43871800
vt 0.94404900 0.43713700
vt 0.95132100 0.42192200
vt 0.94931200 0.42191600
vt 0.94929700 0.42362400
vt 0.95130800 0.42363400
vt 0.94604900 0.44241400
vt 0.94586300 0.44039100
vt 0.94775500 0.45838100
vt 0.94578100 0.43868900
vt 0.98769300 0.43048700
vt 0.98594500 0.43047200
vt 0.98591800 0.43217400
vt 0.98766000 0.43219400
vt 0.94758700 0.44038100
vt 0.94778000 0.44241300
vt 0.94914700 0.45350000
vt 0.97644600 0.43225200
vt 0.97431900 0.43229000
vt 0.97432700 0.43397200
vt 0.97645100 0.43393100
vt 0.94953800 0.45845400
vt 0.94751300 0.43867900
vt 0.95399600 0.30318600
vt 0.95196000 0.30312300
vt 0.95176300 0.30510700
vt 0.95381300 0.30517100
vt 0.94448100 0.37131200
vt 0.94629400 0.37130100
vt 0.94621900 0.36001000
vt 0.94441300 0.36003400
vt 0.94567300 0.43046800
vt 0.94392700 0.43047200
vt 0.94395400 0.43217400
vt 0.94569500 0.43216700
vt 0.95131100 0.42708000
vt 0.94930200 0.42706100
vt 0.94931300 0.42878000
vt 0.95132000 0.42880300
vt 0.95132800 0.43051800
vt 0.94932500 0.43049200
vt 0.94933600 0.43218900
vt 0.95133400 0.43221700
vt 0.94934300 0.43386500
vt 0.95133400 0.43389400
vt 0.94934400 0.43551200
vt 0.95132600 0.43554000
vt 0.95341300 0.42710200
vt 0.95342000 0.42883000
vt 0.95130600 0.42535500
vt 0.94929500 0.42534000
vt 0.95548100 0.31717800
vt 0.95550100 0.31872000
vt 0.95342500 0.43054900
vt 0.95342600 0.43225200
vt 0.95342100 0.43393100
vt 0.95340800 0.43557900
vt 0.95340900 0.42537100
vt 0.95341200 0.42364400
vt 0.98387300 0.32957900
vt 0.98209500 0.32949300
vt 0.98201300 0.33098000
vt 0.98378700 0.33107000
vt 0.95554800 0.42712500
vt 0.95555300 0.42885900
vt 0.95555500 0.43058300
vt 0.95555300 0.43229000
vt 0.95554500 0.43397200
vt 0.95552800 0.43562200
vt 0.95554600 0.42538700
vt 0.95554900 0.42365200
vt 0.98392300 0.40908800
vt 0.98217700 0.40912200
vt 0.98220400 0.41058500
vt 0.98396200 0.41055600
vt 0.95775100 0.42714600
vt 0.95775400 0.42888700
vt 0.95775400 0.43061600
vt 0.95772400 0.43566500
vt 0.95775000 0.42540100
vt 0.95775300 0.42366000
vt 0.94925400 0.31717800
vt 0.94738600 0.31717800
vt 0.94740000 0.31877600
vt 0.94926900 0.31876100
vt 0.96004100 0.42716400
vt 0.96004200 0.42890900
vt 0.96004200 0.43064300
vt 0.96004100 0.42541300
vt 0.96004400 0.42366500
vt 0.96001600 0.43570100
vt 0.94398300 0.43385700
vt 0.94571700 0.43384700
vt 0.96243100 0.42717600
vt 0.96243100 0.42892500
vt 0.96243000 0.43066200
vt 0.96242800 0.43237900
vt 0.96242300 0.43406900
vt 0.96243100 0.42542100
vt 0.95999300 0.31717800
vt 0.95768900 0.31717800
vt 0.95770700 0.31871000
vt 0.96000600 0.31870200
vt 0.96493600 0.42717900
vt 0.96493600 0.42892900
vt 0.96493600 0.43066800
vt 0.96493600 0.42542300
vt 0.95117700 0.27599400
vt 0.94947800 0.27581700
vt 0.94854300 0.28408400
vt 0.95028700 0.28421100
vt 0.96744100 0.42717600
vt 0.96744100 0.42892500
vt 0.96744200 0.43066200
vt 0.96744100 0.42542100
vt 0.96743800 0.42366900
vt 0.94911700 0.55589600
vt 0.95082900 0.55584300
vt 0.96006700 0.41850500
vt 0.95778900 0.41851500
vt 0.95777300 0.42021100
vt 0.96005700 0.42020500
vt 0.96983100 0.42716400
vt 0.96983000 0.42890900
vt 0.96983000 0.43064300
vt 0.96983400 0.43235800
vt 0.96984200 0.43404600
vt 0.96983100 0.42541300
vt 0.96982800 0.42366500
vt 0.95103300 0.34614900
vt 0.94919100 0.34616400
vt 0.94944800 0.35011400
vt 0.95128800 0.35011200
vt 0.97212100 0.42714600
vt 0.97211800 0.42888700
vt 0.97211800 0.43061600
vt 0.97212100 0.43232700
vt 0.97213100 0.43401200
vt 0.97214800 0.43566500
vt 0.97212200 0.42540100
vt 0.97211900 0.42366000
vt 0.94963300 0.32941200
vt 0.94777700 0.32949300
vt 0.94785900 0.33098000
vt 0.94971000 0.33089500
vt 0.97432400 0.42712500
vt 0.97431900 0.42885900
vt 0.97431700 0.43058300
vt 0.97434400 0.43562200
vt 0.97432600 0.42538700
vt 0.97432300 0.42365200
vt 0.98022800 0.27442000
vt 0.97877200 0.26540900
vt 0.97645200 0.42883000
vt 0.97645900 0.42710200
vt 0.97644700 0.43054900
vt 0.97646400 0.43557900
vt 0.97646300 0.42537100
vt 0.97646000 0.42364400
vt 0.97856100 0.42708000
vt 0.97855200 0.42880300
vt 0.97853800 0.43221700
vt 0.97853800 0.43389400
vt 0.97854400 0.43051800
vt 0.96742700 0.41849800
vt 0.96493600 0.41849700
vt 0.96493600 0.42020100
vt 0.96743300 0.42020100
vt 0.97854500 0.43554000
vt 0.97856600 0.42535500
vt 0.97856400 0.42363400
vt 0.97854300 0.27460600
vt 0.97718500 0.26573800
vt 0.98057000 0.42706100
vt 0.98055900 0.42878000
vt 0.98054600 0.43049200
vt 0.98053600 0.43218900
vt 0.98052900 0.43386500
vt 0.98052800 0.43551200
vt 0.98057700 0.42534000
vt 0.98057500 0.42362400
vt 0.96978500 0.40911900
vt 0.96741900 0.40911200
vt 0.96741600 0.41054300
vt 0.96978000 0.41055300
vt 0.98244200 0.42704700
vt 0.98242900 0.42876500
vt 0.98241300 0.43047500
vt 0.98239700 0.43217300
vt 0.98238300 0.43384900
vt 0.98237100 0.43549800
vt 0.98245000 0.42532800
vt 0.97644800 0.42192500
vt 0.97431300 0.42192700
vt 0.98423300 0.42703800
vt 0.98421800 0.42875600
vt 0.98419800 0.43046800
vt 0.98417700 0.43216700
vt 0.98415500 0.43384700
vt 0.98413300 0.43549800
vt 0.98424200 0.42531800
vt 0.94464200 0.30272400
vt 0.94289100 0.30257800
vt 0.94268600 0.30459500
vt 0.94443700 0.30472900
vt 0.98598700 0.42703500
vt 0.98596900 0.42875700
vt 0.98588800 0.43385700
vt 0.98599700 0.42531200
vt 0.98599700 0.42359400
vt 0.94108800 0.30240000
vt 0.94087900 0.30443200
vt 0.98774200 0.42703900
vt 0.98772100 0.42876700
vt 0.98762200 0.43388200
vt 0.98775400 0.42531000
vt 0.98775400 0.42358400
vt 0.96703900 0.34622300
vt 0.96493600 0.34622800
vt 0.96493600 0.35022600
vt 0.96698400 0.35022100
vt 0.98954800 0.42705400
vt 0.98952200 0.42879000
vt 0.98948800 0.43051800
vt 0.98944700 0.43223100
vt 0.94745900 0.43047500
vt 0.94747500 0.43217300
vt 0.98940300 0.43392400
vt 0.98935400 0.43559300
vt 0.98956200 0.42531300
vt 0.98956100 0.42357400
vt 0.98171500 0.30295400
vt 0.97987400 0.30304500
vt 0.98007700 0.30503100
vt 0.98192000 0.30494400
vt 0.94213000 0.42703900
vt 0.94032400 0.42705400
vt 0.94035000 0.42879000
vt 0.94215100 0.42876700
vt 0.94217900 0.43048700
vt 0.94038400 0.43051800
vt 0.94042400 0.43223100
vt 0.94221200 0.43219400
vt 0.94046900 0.43392400
vt 0.94225000 0.43388200
vt 0.94211800 0.42531000
vt 0.94031000 0.42531300
vt 0.94388500 0.42703500
vt 0.94390300 0.42875700
vt 0.94401500 0.43551400
vt 0.94387500 0.42531200
vt 0.98422600 0.55610000
vt 0.98247200 0.55596600
vt 0.94565400 0.42875600
vt 0.94563800 0.42703800
vt 0.94562900 0.42531800
vt 0.96689600 0.37097900
vt 0.96879100 0.37099900
vt 0.96882400 0.35998600
vt 0.96691400 0.35999000
vt 0.98762100 0.41681000
vt 0.98587300 0.41684500
vt 0.98591500 0.41850500
vt 0.98766700 0.41847500
vt 0.94743000 0.42704700
vt 0.94744300 0.42876500
vt 0.94748900 0.43384900
vt 0.97640500 0.41853600
vt 0.97427700 0.41852600
vt 0.97429700 0.42021700
vt 0.97642900 0.42022100
vt 0.94742200 0.42532800
vt 0.94742300 0.42361300
vt 0.97065100 0.37103000
vt 0.97069700 0.35998200
vt 0.94574600 0.41686900
vt 0.94399900 0.41684500
vt 0.94395700 0.41850500
vt 0.94570800 0.41852600
vt 0.95144900 0.41366200
vt 0.94945800 0.41366500
vt 0.94942900 0.41526000
vt 0.95142500 0.41525600
vt 0.95139800 0.41688500
vt 0.94939700 0.41688800
vt 0.94936600 0.41854400
vt 0.95137000 0.41854300
vt 0.94933600 0.42022100
vt 0.95134400 0.42022300
vt 0.95353100 0.41365000
vt 0.95351300 0.41524500
vt 0.95146700 0.41210900
vt 0.94948400 0.41210900
vt 0.94950600 0.41060000
vt 0.95148100 0.41060300
vt 0.95349100 0.41687500
vt 0.95346700 0.41853600
vt 0.95344300 0.42022100
vt 0.95342400 0.42192500
vt 0.95354300 0.41209900
vt 0.95355000 0.41059600
vt 0.96737100 0.32909200
vt 0.96735400 0.33056300
vt 0.95564500 0.41363400
vt 0.95563200 0.41522900
vt 0.95561500 0.41686200
vt 0.95559500 0.41852600
vt 0.95557500 0.42021700
vt 0.95555900 0.42192700
vt 0.95565300 0.41208300
vt 0.97998800 0.37124800
vt 0.98178600 0.37128000
vt 0.98186600 0.35999300
vt 0.98007000 0.35998100
vt 0.95782500 0.41361500
vt 0.95781600 0.41521100
vt 0.95780400 0.41684600
vt 0.95776000 0.42192700
vt 0.95783000 0.41206500
vt 0.98561600 0.32967100
vt 0.98552500 0.33116800
vt 0.96009200 0.41359800
vt 0.96008600 0.41519500
vt 0.96007800 0.41683300
vt 0.96009400 0.41204800
vt 0.96004800 0.42192700
vt 0.94952300 0.40914300
vt 0.94769500 0.40912200
vt 0.94766800 0.41058400
vt 0.94392100 0.42018700
vt 0.94567400 0.42020400
vt 0.96245600 0.41358600
vt 0.96245400 0.41518400
vt 0.96245000 0.41682400
vt 0.96244400 0.41849800
vt 0.96243900 0.42020100
vt 0.96245700 0.41203700
vt 0.98034900 0.40914300
vt 0.98036600 0.41060000
vt 0.96493600 0.41358300
vt 0.96493600 0.41518100
vt 0.96493600 0.41682100
vt 0.96493600 0.41203400
vt 0.96493600 0.41054000
vt 0.97249800 0.37106900
vt 0.97435800 0.37111300
vt 0.97442700 0.35997400
vt 0.97255700 0.35997700
vt 0.96741500 0.41358600
vt 0.96741800 0.41518400
vt 0.96742200 0.41682400
vt 0.96741500 0.41203700
vt 0.96743700 0.42192700
vt 0.96015000 0.40598100
vt 0.95791300 0.40599400
vt 0.95784400 0.40764300
vt 0.96010100 0.40763300
vt 0.96978000 0.41359800
vt 0.96978600 0.41519500
vt 0.96979500 0.41683300
vt 0.96980500 0.41850500
vt 0.96981500 0.42020500
vt 0.96982400 0.42192700
vt 0.96977800 0.41204800
vt 0.97204600 0.41361500
vt 0.97205600 0.41521100
vt 0.97206800 0.41684600
vt 0.97208300 0.41851500
vt 0.97209900 0.42021100
vt 0.97211100 0.42192700
vt 0.97204200 0.41206500
vt 0.97204300 0.41056800
vt 0.97422700 0.41363400
vt 0.97424000 0.41522900
vt 0.97425700 0.41686200
vt 0.97421900 0.41208300
vt 0.97421700 0.41058300
vt 0.97635900 0.41524500
vt 0.97634100 0.41365000
vt 0.97638100 0.41687500
vt 0.97632900 0.41209900
vt 0.97632200 0.41059600
vt 0.97842300 0.41366200
vt 0.97844700 0.41525600
vt 0.97850200 0.41854300
vt 0.97852800 0.42022300
vt 0.97847400 0.41688500
vt 0.96738600 0.40597300
vt 0.96493600 0.40597300
vt 0.96493600 0.40762900
vt 0.96741200 0.40762800
vt 0.97855100 0.42192200
vt 0.97840500 0.41210900
vt 0.97839100 0.41060300
vt 0.95258100 0.55580300
vt 0.95439100 0.55578200
vt 0.98041300 0.41366500
vt 0.98044300 0.41526000
vt 0.98047400 0.41688800
vt 0.98050600 0.41854400
vt 0.98053600 0.42022100
vt 0.98056000 0.42191600
vt 0.98038800 0.41210900
vt 0.98226900 0.41365700
vt 0.98230400 0.41525400
vt 0.98234000 0.41688300
vt 0.98237500 0.41853800
vt 0.98240700 0.42021500
vt 0.98223500 0.41209800
vt 0.98404300 0.41363800
vt 0.98408500 0.41523700
vt 0.98412600 0.41686900
vt 0.98416400 0.41852600
vt 0.98419800 0.42020400
vt 0.98400200 0.41207500
vt 0.96729500 0.30331200
vt 0.96493600 0.30332000
vt 0.96493600 0.30531600
vt 0.96734600 0.30530700
vt 0.98578000 0.41360600
vt 0.98582700 0.41521000
vt 0.98595100 0.42018700
vt 0.98597900 0.42188400
vt 0.98573100 0.41203900
vt 0.98568100 0.41051500
vt 0.98909900 0.40889200
vt 0.98733900 0.40897500
vt 0.98740100 0.41045800
vt 0.98916800 0.41038500
vt 0.98751600 0.41356100
vt 0.98757000 0.41517000
vt 0.98770600 0.42016300
vt 0.98773500 0.42186700
vt 0.98745900 0.41198900
vt 0.98929800 0.41350000
vt 0.98935900 0.41511400
vt 0.98941600 0.41675900
vt 0.98946800 0.41843200
vt 0.94753200 0.41688300
vt 0.94749700 0.41853800
vt 0.98951100 0.42012900
vt 0.98954300 0.42184400
vt 0.98923400 0.41192200
vt 0.94235600 0.41356100
vt 0.94057400 0.41350000
vt 0.94051300 0.41511400
vt 0.94230200 0.41517000
vt 0.94225100 0.41680900
vt 0.94045600 0.41675900
vt 0.94040400 0.41843200
vt 0.94220500 0.41847500
vt 0.94036100 0.42012900
vt 0.94216600 0.42016300
vt 0.94241200 0.41198900
vt 0.94063800 0.41192200
vt 0.94247100 0.41045800
vt 0.94070400 0.41038500
vt 0.96987900 0.31717800
vt 0.96746800 0.31717800
vt 0.96746100 0.31869700
vt 0.96986600 0.31870200
vt 0.94409200 0.41360600
vt 0.94404400 0.41521000
vt 0.94414100 0.41203900
vt 0.94419100 0.41051500
vt 0.96493600 0.31717600
vt 0.96493600 0.31869400
vt 0.94578700 0.41523700
vt 0.94582800 0.41363800
vt 0.94587000 0.41207500
vt 0.94591000 0.41055600
vt 0.94964500 0.27442000
vt 0.95133000 0.27460600
vt 0.95268700 0.26573800
vt 0.95110000 0.26540900
vt 0.98699000 0.40395100
vt 0.98528300 0.40404000
vt 0.98544500 0.40589600
vt 0.98714600 0.40581400
vt 0.94760300 0.41365700
vt 0.94756800 0.41525400
vt 0.94746500 0.42021500
vt 0.97619200 0.40602000
vt 0.97411000 0.40600800
vt 0.97419400 0.40765300
vt 0.97628800 0.40765900
vt 0.94743900 0.42190800
vt 0.94763700 0.41209800
vt 0.94629600 0.40409900
vt 0.94458900 0.40404000
vt 0.94442700 0.40589600
vt 0.94612600 0.40595500
vt 0.95236100 0.39922600
vt 0.95041300 0.39927400
vt 0.95011000 0.40193600
vt 0.95206000 0.40191300
vt 0.95181100 0.40414500
vt 0.94986000 0.40414900
vt 0.94968100 0.40601700
vt 0.95163300 0.40602500
vt 0.94957200 0.40764800
vt 0.95153000 0.40765900
vt 0.95148800 0.40915200
vt 0.95437000 0.39916100
vt 0.95408600 0.40187400
vt 0.95268300 0.39598500
vt 0.95074200 0.39605600
vt 0.95106400 0.39218800
vt 0.95299400 0.39209800
vt 0.95384900 0.40412700
vt 0.95368000 0.40602000
vt 0.95358400 0.40765900
vt 0.95355000 0.40915000
vt 0.95467100 0.39589600
vt 0.95495800 0.39199300
vt 0.95638000 0.39909000
vt 0.95612700 0.40182700
vt 0.95591400 0.40410100
vt 0.95576200 0.40600800
vt 0.95567800 0.40765300
vt 0.95664500 0.39580400
vt 0.95689500 0.39188900
vt 0.95842200 0.39902300
vt 0.95821400 0.40178100
vt 0.95803900 0.40407400
vt 0.95863800 0.39571900
vt 0.95883800 0.39179400
vt 0.95604900 0.30323300
vt 0.95588600 0.30522000
vt 0.96051600 0.39896600
vt 0.96036700 0.40174100
vt 0.96024100 0.40405000
vt 0.96067000 0.39564900
vt 0.96081100 0.39171600
vt 0.94431500 0.40753000
vt 0.94601500 0.40758500
vt 0.96268000 0.39892800
vt 0.96260100 0.40171500
vt 0.96253400 0.40403500
vt 0.96248600 0.40597300
vt 0.96246000 0.40762800
vt 0.96276000 0.39560200
vt 0.96283400 0.39166500
vt 0.96257700 0.30331200
vt 0.96252600 0.30530700
vt 0.96493600 0.39891500
vt 0.96493600 0.40170700
vt 0.96493600 0.40403200
vt 0.96493600 0.40911200
vt 0.96493600 0.39558500
vt 0.96493600 0.39164600
vt 0.97652400 0.31717800
vt 0.97439100 0.31717800
vt 0.97437100 0.31872000
vt 0.97650400 0.31873200
vt 0.96719200 0.39892800
vt 0.96727100 0.40171500
vt 0.96733800 0.40403500
vt 0.96711200 0.39560200
vt 0.96703800 0.39166500
vt 0.96100900 0.38199700
vt 0.95911900 0.38206200
vt 0.96935600 0.39896600
vt 0.96950400 0.40174100
vt 0.96963100 0.40405000
vt 0.96972200 0.40598100
vt 0.96977100 0.40763300
vt 0.96920200 0.39564900
vt 0.96906100 0.39171600
vt 0.97145000 0.39902300
vt 0.97165800 0.40178100
vt 0.97183300 0.40407400
vt 0.97195900 0.40599400
vt 0.97202800 0.40764300
vt 0.97204900 0.40913000
vt 0.97123400 0.39571900
vt 0.97103400 0.39179400
vt 0.97349200 0.39909000
vt 0.97374500 0.40182700
vt 0.97395800 0.40410100
vt 0.97422200 0.40914200
vt 0.97322700 0.39580400
vt 0.97297700 0.39188900
vt 0.97791200 0.30312300
vt 0.97810900 0.30510700
vt 0.97578600 0.40187400
vt 0.97550200 0.39916100
vt 0.97602300 0.40412700
vt 0.97632200 0.40915000
vt 0.97520100 0.39589600
vt 0.97491400 0.39199300
vt 0.97382300 0.30323300
vt 0.97172200 0.30326900
vt 0.97185500 0.30525900
vt 0.97398600 0.30522100
vt 0.97751100 0.39922600
vt 0.97781200 0.40191300
vt 0.97823800 0.40602500
vt 0.97834200 0.40765900
vt 0.97806000 0.40414500
vt 0.96693400 0.38195500
vt 0.96493600 0.38194000
vt 0.97838400 0.40915200
vt 0.97718900 0.39598500
vt 0.97687800 0.39209800
vt 0.97587600 0.30318600
vt 0.97606000 0.30517100
vt 0.97945900 0.39927400
vt 0.97976200 0.40193600
vt 0.98001200 0.40414900
vt 0.98019100 0.40601700
vt 0.98030000 0.40764800
vt 0.97913000 0.39605600
vt 0.97880800 0.39218800
vt 0.98129500 0.39929500
vt 0.98159000 0.40193700
vt 0.98183300 0.40413400
vt 0.98200900 0.40599500
vt 0.98211900 0.40762400
vt 0.98097100 0.39610100
vt 0.98065000 0.39225200
vt 0.98306400 0.39928700
vt 0.98334600 0.40191200
vt 0.98357600 0.40409900
vt 0.98374600 0.40595500
vt 0.98385700 0.40758500
vt 0.98275400 0.39611400
vt 0.98244400 0.39228700
vt 0.98480200 0.39924500
vt 0.98506600 0.40185800
vt 0.98555700 0.40753000
vt 0.98563000 0.40903900
vt 0.98450900 0.39609200
vt 0.98421900 0.39228800
vt 0.98653900 0.39916500
vt 0.98678600 0.40176900
vt 0.98725900 0.40745700
vt 0.98626700 0.39603100
vt 0.98600100 0.39225200
vt 0.97335200 0.27504300
vt 0.97242200 0.26652000
vt 0.98831200 0.39903700
vt 0.98854800 0.40163500
vt 0.98874600 0.40382300
vt 0.98889900 0.40570000
vt 0.94803900 0.40413400
vt 0.94786300 0.40599400
vt 0.98901300 0.40735900
vt 0.98805900 0.39592400
vt 0.98782300 0.39217500
vt 0.96955000 0.30329500
vt 0.96964600 0.30528800
vt 0.94333300 0.39916500
vt 0.94156000 0.39903700
vt 0.94132400 0.40163400
vt 0.94308600 0.40176900
vt 0.94288100 0.40395100
vt 0.94112600 0.40382300
vt 0.94097200 0.40570000
vt 0.94272600 0.40581400
vt 0.94085900 0.40735900
vt 0.94261300 0.40745700
vt 0.94077300 0.40889200
vt 0.94253300 0.40897500
vt 0.94360500 0.39603100
vt 0.94181300 0.39592400
vt 0.94387100 0.39225200
vt 0.94204900 0.39217400
vt 0.94507000 0.39924500
vt 0.94480600 0.40185800
vt 0.94424200 0.40903900
vt 0.94536300 0.39609200
vt 0.94565300 0.39228800
vt 0.98600900 0.34632300
vt 0.98578500 0.35021200
vt 0.94652600 0.40191200
vt 0.94680800 0.39928700
vt 0.94594900 0.40908800
vt 0.94711900 0.39611400
vt 0.94742800 0.39228700
vt 0.96493600 0.32908200
vt 0.96493600 0.33055200
vt 0.98557100 0.38255600
vt 0.98376300 0.38256000
vt 0.94857700 0.39929500
vt 0.94828200 0.40193700
vt 0.94775300 0.40762400
vt 0.97450800 0.38223300
vt 0.97262700 0.38214200
vt 0.94890200 0.39610100
vt 0.94922200 0.39225200
vt 0.94599900 0.32957900
vt 0.94425600 0.32967100
vt 0.94434700 0.33116800
vt 0.94608500 0.33107000
vt 0.94790000 0.38253600
vt 0.94610900 0.38256000
vt 0.95163100 0.35997500
vt 0.95353100 0.35997300
vt 0.95320900 0.35012200
vt 0.95344100 0.38232900
vt 0.95153400 0.38241700
vt 0.95544500 0.35997400
vt 0.95515700 0.35014100
vt 0.95360700 0.37116200
vt 0.95171200 0.37120800
vt 0.95536400 0.38223300
vt 0.95551400 0.37111300
vt 0.95795300 0.55573300
vt 0.95966000 0.55572600
vt 0.95707000 0.35016400
vt 0.95724500 0.38214200
vt 0.95898000 0.35018700
vt 0.96108100 0.37099900
vt 0.96104800 0.35998600
vt 0.96091200 0.35020700
vt 0.96288800 0.35022100
vt 0.96293800 0.38195500
vt 0.94206300 0.31717400
vt 0.94207400 0.31882500
vt 0.94023100 0.31717400
vt 0.94024300 0.31884500
vt 0.96056600 0.33991600
vt 0.95848900 0.33992100
vt 0.95866100 0.34279600
vt 0.96068800 0.34280400
vt 0.96886300 0.38199700
vt 0.98964200 0.31717400
vt 0.98963000 0.31884500
vt 0.97075300 0.38206200
vt 0.95161900 0.32933400
vt 0.95169000 0.33081400
vt 0.97643100 0.38232900
vt 0.96716500 0.33991300
vt 0.96493600 0.33991200
vt 0.96493600 0.34281200
vt 0.96710200 0.34281100
vt 0.97833800 0.38241700
vt 0.98523000 0.30272400
vt 0.98543500 0.30472900
vt 0.98042400 0.35011400
vt 0.98017300 0.38248700
vt 0.94251000 0.32977100
vt 0.94260700 0.33127400
vt 0.98197200 0.38253600
vt 0.98357800 0.37130200
vt 0.98365300 0.36001000
vt 0.98539100 0.37131200
vt 0.98545900 0.36003400
vt 0.97218300 0.31717800
vt 0.97216500 0.31871000
vt 0.98725500 0.37131000
vt 0.98731400 0.36006500
vt 0.98761600 0.35028100
vt 0.98742700 0.38252000
vt 0.94969900 0.38248700
vt 0.94261700 0.37131000
vt 0.94255800 0.36006500
vt 0.96321200 0.27529500
vt 0.96340400 0.26698400
vt 0.94430100 0.38255600
vt 0.94244500 0.38252000
vt 0.94587500 0.35016200
vt 0.94808700 0.37128000
vt 0.94800700 0.35999300
vt 0.95493700 0.34615900
vt 0.95296700 0.34614800
vt 0.94765300 0.35013000
vt 0.94988400 0.37124800
vt 0.94980200 0.35998100
vt 0.98671400 0.33802300
vt 0.98497600 0.33790500
vt 0.98475100 0.34021700
vt 0.98649700 0.34032700
vt 0.97542000 0.33994500
vt 0.97341400 0.33992900
vt 0.97320200 0.34278900
vt 0.97517700 0.34278600
vt 0.96240400 0.31717800
vt 0.96241100 0.31869700
vt 0.94663300 0.33780700
vt 0.94489600 0.33790500
vt 0.94512100 0.34021700
vt 0.94686700 0.34012900
vt 0.95186500 0.33385200
vt 0.94989600 0.33393200
vt 0.95004700 0.33566300
vt 0.95201100 0.33559100
vt 0.95220500 0.33760000
vt 0.95024600 0.33765700
vt 0.95048900 0.34000900
vt 0.95244200 0.33997100
vt 0.95075900 0.34281000
vt 0.95270300 0.34279200
vt 0.95391300 0.33378100
vt 0.95404900 0.33553000
vt 0.95176300 0.33229000
vt 0.94978900 0.33237300
vt 0.95423200 0.33755400
vt 0.95445300 0.33994500
vt 0.95469500 0.34278600
vt 0.95382000 0.33221600
vt 0.95375500 0.33074100
vt 0.95598100 0.33372100
vt 0.95610100 0.33548000
vt 0.95626300 0.33752000
vt 0.95645800 0.33992900
vt 0.95667000 0.34278900
vt 0.95688000 0.34617600
vt 0.95590000 0.33215300
vt 0.95584300 0.33067900
vt 0.98061800 0.31717800
vt 0.97861900 0.31717800
vt 0.97860000 0.31874600
vt 0.98060300 0.31876100
vt 0.95810000 0.33367300
vt 0.95819800 0.33544000
vt 0.95833000 0.33749400
vt 0.95882900 0.34619500
vt 0.95803300 0.33210100
vt 0.95798800 0.33062800
vt 0.98427800 0.31717700
vt 0.98426600 0.31879200
vt 0.96028800 0.33363600
vt 0.96035800 0.33541000
vt 0.96045300 0.33747600
vt 0.96024100 0.33206100
vt 0.96020800 0.33058900
vt 0.96080700 0.34621100
vt 0.98248600 0.31717800
vt 0.98247200 0.31877600
vt 0.94537400 0.34296600
vt 0.94713000 0.34289500
vt 0.96256000 0.33361100
vt 0.96259700 0.33539000
vt 0.96264700 0.33746400
vt 0.96270700 0.33991300
vt 0.96277100 0.34281100
vt 0.96283300 0.34622300
vt 0.96253500 0.33203500
vt 0.96251800 0.33056300
vt 0.96493600 0.33360000
vt 0.96493600 0.33538100
vt 0.96493600 0.33745800
vt 0.96493600 0.33202400
vt 0.96731200 0.33361100
vt 0.96727500 0.33539000
vt 0.96722500 0.33746400
vt 0.96733700 0.33203500
vt 0.96011600 0.32616900
vt 0.95785800 0.32620200
vt 0.95789900 0.32768000
vt 0.96014500 0.32764400
vt 0.96958400 0.33363600
vt 0.96951400 0.33541000
vt 0.96941900 0.33747600
vt 0.96930600 0.33991600
vt 0.96918400 0.34280400
vt 0.96963200 0.33206100
vt 0.97177300 0.33367300
vt 0.97167400 0.33544000
vt 0.97154200 0.33749400
vt 0.97138300 0.33992100
vt 0.97121100 0.34279600
vt 0.97183900 0.33210100
vt 0.97389100 0.33372100
vt 0.97377100 0.33548000
vt 0.97360900 0.33752000
vt 0.97397200 0.33215300
vt 0.97402900 0.33067900
vt 0.98068100 0.34616400
vt 0.97582300 0.33553000
vt 0.97595900 0.33378100
vt 0.97564100 0.33755400
vt 0.97605200 0.33221600
vt 0.97611700 0.33074100
vt 0.97800700 0.33385200
vt 0.97786200 0.33559100
vt 0.97743000 0.33997100
vt 0.97716900 0.34279200
vt 0.97766700 0.33760000
vt 0.96740300 0.32614700
vt 0.96493600 0.32613700
vt 0.96493600 0.32761000
vt 0.96738700 0.32762000
vt 0.97810900 0.33229000
vt 0.97818200 0.33081400
vt 0.97997600 0.33393200
vt 0.97982500 0.33566300
vt 0.97962600 0.33765700
vt 0.97938300 0.34000900
vt 0.97911300 0.34281000
vt 0.98008300 0.33237300
vt 0.98016200 0.33089500
vt 0.98181700 0.33401800
vt 0.98166500 0.33574300
vt 0.98146700 0.33772600
vt 0.98122700 0.34006100
vt 0.98095700 0.34284400
vt 0.98192800 0.33246000
vt 0.98358300 0.33411200
vt 0.98343200 0.33583300
vt 0.98323900 0.33780700
vt 0.98300500 0.34013000
vt 0.98274200 0.34289500
vt 0.98369700 0.33255400
vt 0.98531200 0.33421600
vt 0.98516300 0.33593600
vt 0.98449900 0.34296600
vt 0.98542900 0.33265600
vt 0.98704300 0.33433300
vt 0.98689500 0.33605500
vt 0.98625600 0.34306200
vt 0.98716300 0.33276800
vt 0.94071500 0.32988300
vt 0.94081700 0.33139400
vt 0.98882300 0.33446900
vt 0.98867400 0.33619900
vt 0.98849400 0.33817000
vt 0.98828200 0.34047000
vt 0.94840500 0.33772600
vt 0.94864500 0.34006100
vt 0.98804900 0.34318800
vt 0.98781700 0.34642300
vt 0.98894700 0.33289600
vt 0.94282900 0.33433300
vt 0.94104900 0.33446900
vt 0.94119800 0.33619900
vt 0.94297700 0.33605500
vt 0.94315900 0.33802300
vt 0.94137800 0.33817000
vt 0.94159000 0.34047000
vt 0.94337500 0.34032700
vt 0.94182300 0.34318800
vt 0.94361600 0.34306200
vt 0.94270900 0.33276800
vt 0.94092500 0.33289600
vt 0.94456000 0.33421600
vt 0.94470900 0.33593500
vt 0.94563400 0.34624900
vt 0.94444300 0.33265600
vt 0.94644000 0.33583300
vt 0.94628900 0.33411200
vt 0.94740100 0.34619700
vt 0.94617600 0.33255400
vt 0.98761100 0.32518600
vt 0.98585100 0.32511300
vt 0.98578100 0.32664500
vt 0.98753600 0.32672800
vt 0.94805500 0.33401800
vt 0.94820700 0.33574300
vt 0.94891500 0.34284400
vt 0.97630200 0.32629800
vt 0.97418900 0.32624500
vt 0.97413800 0.32772700
vt 0.97624400 0.32778300
vt 0.94794400 0.33246000
vt 0.94577500 0.32504500
vt 0.94402100 0.32511300
vt 0.94409100 0.32664500
vt 0.94584200 0.32656800
vt 0.95133400 0.32183100
vt 0.94933100 0.32187100
vt 0.94937600 0.32340200
vt 0.95137700 0.32335100
vt 0.95142900 0.32486000
vt 0.94943000 0.32491900
vt 0.94949100 0.32642600
vt 0.95148700 0.32635900
vt 0.94956000 0.32792300
vt 0.95155100 0.32785000
vt 0.95342900 0.32179300
vt 0.95347000 0.32330400
vt 0.95129900 0.32029600
vt 0.94929500 0.32032500
vt 0.95351700 0.32480500
vt 0.95357000 0.32629800
vt 0.95362900 0.32778300
vt 0.95369100 0.32926400
vt 0.95339500 0.32027000
vt 0.97618200 0.32926400
vt 0.97408500 0.32920400
vt 0.95555700 0.32176100
vt 0.95559400 0.32326400
vt 0.95563600 0.32475900
vt 0.95568300 0.32624500
vt 0.95573400 0.32772700
vt 0.95578800 0.32920400
vt 0.95552600 0.32024700
vt 0.95775500 0.32173500
vt 0.95778500 0.32323100
vt 0.95782000 0.32472000
vt 0.95794300 0.32915500
vt 0.95772900 0.32022800
vt 0.96004100 0.32171400
vt 0.96006300 0.32320500
vt 0.96008800 0.32469000
vt 0.96002200 0.32021400
vt 0.96017600 0.32911700
vt 0.94417000 0.32816400
vt 0.94591700 0.32807900
vt 0.96243000 0.32170000
vt 0.96244200 0.32318800
vt 0.96245500 0.32467000
vt 0.96247000 0.32614700
vt 0.96248500 0.32762000
vt 0.96250200 0.32909200
vt 0.96242000 0.32020400
vt 0.96493600 0.32169400
vt 0.96493600 0.32318100
vt 0.96493600 0.32466100
vt 0.96493600 0.32019900
vt 0.96744200 0.32170000
vt 0.96743000 0.32318800
vt 0.96741700 0.32467000
vt 0.96745200 0.32020400
vt 0.95999300 0.31405100
vt 0.95769000 0.31403500
vt 0.95768200 0.31562300
vt 0.95998700 0.31563100
vt 0.96983100 0.32171400
vt 0.96980900 0.32320500
vt 0.96978400 0.32469000
vt 0.96975600 0.32616900
vt 0.96972700 0.32764400
vt 0.96985000 0.32021400
vt 0.97166800 0.27514100
vt 0.97090700 0.26669500
vt 0.97211700 0.32173500
vt 0.97208700 0.32323100
vt 0.97205200 0.32472000
vt 0.97201400 0.32620200
vt 0.97197300 0.32768000
vt 0.97214400 0.32022800
vt 0.97431500 0.32176100
vt 0.97427800 0.32326400
vt 0.97423600 0.32475900
vt 0.97434600 0.32024700
vt 0.97640300 0.32330400
vt 0.97644300 0.32179300
vt 0.97635500 0.32480500
vt 0.97647700 0.32027000
vt 0.97853800 0.32183100
vt 0.97849500 0.32335100
vt 0.97838500 0.32635900
vt 0.97832200 0.32785000
vt 0.97844400 0.32486000
vt 0.96746700 0.31406200
vt 0.96493600 0.31406600
vt 0.96493600 0.31563700
vt 0.96747100 0.31563600
vt 0.97825300 0.32933400
vt 0.97857400 0.32029600
vt 0.98054100 0.32187100
vt 0.98049600 0.32340200
vt 0.98044200 0.32491900
vt 0.98038100 0.32642600
vt 0.98031300 0.32792300
vt 0.98023900 0.32941200
vt 0.98057700 0.32032500
vt 0.98241100 0.32191200
vt 0.98236500 0.32345400
vt 0.98230900 0.32498100
vt 0.98224400 0.32649500
vt 0.98217200 0.32799900
vt 0.98244700 0.32035400
vt 0.98420400 0.32195500
vt 0.98415600 0.32350800
vt 0.98409700 0.32504500
vt 0.98403000 0.32656800
vt 0.98395500 0.32807900
vt 0.98424100 0.32038400
vt 0.95820400 0.27514100
vt 0.95986400 0.27521500
vt 0.96044600 0.26682900
vt 0.95896500 0.26669500
vt 0.98596300 0.32200000
vt 0.98591300 0.32356500
vt 0.98570200 0.32816400
vt 0.98600200 0.32041500
vt 0.96152400 0.27526700
vt 0.96191800 0.26692500
vt 0.98773000 0.32204900
vt 0.98767600 0.32362700
vt 0.98745200 0.32825600
vt 0.98777100 0.32044900
vt 0.98955300 0.32210500
vt 0.98949400 0.32369700
vt 0.98942300 0.32526900
vt 0.98934200 0.32682200
vt 0.94756400 0.32498100
vt 0.94762800 0.32649500
vt 0.98925300 0.32835900
vt 0.98959900 0.32048800
vt 0.94214200 0.32204900
vt 0.94031900 0.32210500
vt 0.94037800 0.32369700
vt 0.94219600 0.32362700
vt 0.94226200 0.32518600
vt 0.94044900 0.32526900
vt 0.94053000 0.32682200
vt 0.94233700 0.32672800
vt 0.94061900 0.32835900
vt 0.94242000 0.32825600
vt 0.94210100 0.32044900
vt 0.94027300 0.32048800
vt 0.94638500 0.30284800
vt 0.94618000 0.30484400
vt 0.94390900 0.32200000
vt 0.94396000 0.32356500
vt 0.94387000 0.32041500
vt 0.94571600 0.32350800
vt 0.94566800 0.32195500
vt 0.94563100 0.32038400
vt 0.98770700 0.31204100
vt 0.98594300 0.31210400
vt 0.98599900 0.31382800
vt 0.98776600 0.31378600
vt 0.94746100 0.32191200
vt 0.94750800 0.32345400
vt 0.94770000 0.32799900
vt 0.97651700 0.31399100
vt 0.97438800 0.31401500
vt 0.97439800 0.31561200
vt 0.97653000 0.31560000
vt 0.94742500 0.32035400
vt 0.94568000 0.31216000
vt 0.94392900 0.31210400
vt 0.94387300 0.31382800
vt 0.94562800 0.31386600
vt 0.95147000 0.30883400
vt 0.94949200 0.30876800
vt 0.94938900 0.31054000
vt 0.95137300 0.31059600
vt 0.95130500 0.31230300
vt 0.94931600 0.31225800
vt 0.94926900 0.31393300
vt 0.95126600 0.31396400
vt 0.94925500 0.31557100
vt 0.95125000 0.31558600
vt 0.95353900 0.30889200
vt 0.95344900 0.31064600
vt 0.95160000 0.30700800
vt 0.94962700 0.30693500
vt 0.95338900 0.31234300
vt 0.95335500 0.31399100
vt 0.95334200 0.31560000
vt 0.95366000 0.30707000
vt 0.95564300 0.30893900
vt 0.95556400 0.31068800
vt 0.95551200 0.31237700
vt 0.95548400 0.31401500
vt 0.95547400 0.31561200
vt 0.95575100 0.30711900
vt 0.95781700 0.30897700
vt 0.95775300 0.31072200
vt 0.95771100 0.31240500
vt 0.95790600 0.30715900
vt 0.95302900 0.27477100
vt 0.95426500 0.26603400
vt 0.96008200 0.30900600
vt 0.96003600 0.31074900
vt 0.96000600 0.31242700
vt 0.96014600 0.30718900
vt 0.94384000 0.31551700
vt 0.94559900 0.31553600
vt 0.96245100 0.30902600
vt 0.96242600 0.31076700
vt 0.96241100 0.31244200
vt 0.96240500 0.31406200
vt 0.96240100 0.31563600
vt 0.96248400 0.30720900
vt 0.96493600 0.30903600
vt 0.96493600 0.31077700
vt 0.96493600 0.31245000
vt 0.96493600 0.30721900
vt 0.94379400 0.55634800
vt 0.94564600 0.55610000
vt 0.96742200 0.30902600
vt 0.96744600 0.31076700
vt 0.96746100 0.31244200
vt 0.96738800 0.30720900
vt 0.96054500 0.29897600
vt 0.95846400 0.29895700
vt 0.95830100 0.30117300
vt 0.96042900 0.30119600
vt 0.96979000 0.30900600
vt 0.96983600 0.31074900
vt 0.96986600 0.31242700
vt 0.96987900 0.31405100
vt 0.96988500 0.31563100
vt 0.96972600 0.30718900
vt 0.97205500 0.30897700
vt 0.97212000 0.31072200
vt 0.97216200 0.31240500
vt 0.97218300 0.31403500
vt 0.97219000 0.31562300
vt 0.97196700 0.30715900
vt 0.97422900 0.30893900
vt 0.97430800 0.31068800
vt 0.97436100 0.31237700
vt 0.97412200 0.30711900
vt 0.97642300 0.31064600
vt 0.97633300 0.30889200
vt 0.97648400 0.31234300
vt 0.97621200 0.30707000
vt 0.97840200 0.30883400
vt 0.97850000 0.31059600
vt 0.97860600 0.31396400
vt 0.97862200 0.31558600
vt 0.97856700 0.31230300
vt 0.96717700 0.29898800
vt 0.96493600 0.29899300
vt 0.96493600 0.30121600
vt 0.96723800 0.30121000
vt 0.97827200 0.30700800
vt 0.98038100 0.30876800
vt 0.98048400 0.31054000
vt 0.98055600 0.31225800
vt 0.98060300 0.31393300
vt 0.98061700 0.31557100
vt 0.98024600 0.30693500
vt 0.98222900 0.30869600
vt 0.98233500 0.31047900
vt 0.98241100 0.31221100
vt 0.98246000 0.31390100
vt 0.98248400 0.31555400
vt 0.98209100 0.30685400
vt 0.98400400 0.30861600
vt 0.98411200 0.31041200
vt 0.98419200 0.31216000
vt 0.98424500 0.31386600
vt 0.98427300 0.31553600
vt 0.98386400 0.30676300
vt 0.98369300 0.30484400
vt 0.98574900 0.30852700
vt 0.98586000 0.31033900
vt 0.98603200 0.31551700
vt 0.98560800 0.30666000
vt 0.98750600 0.30842400
vt 0.98762100 0.31025600
vt 0.98780100 0.31549600
vt 0.98736100 0.30654000
vt 0.98932400 0.30830300
vt 0.98944400 0.31015800
vt 0.98953500 0.31196800
vt 0.98959700 0.31373900
vt 0.94746100 0.31221100
vt 0.94741200 0.31390100
vt 0.98963100 0.31547200
vt 0.98917400 0.30639700
vt 0.94440500 0.27377300
vt 0.94601000 0.26420100
vt 0.94236600 0.30842400
vt 0.94054800 0.30830300
vt 0.94042800 0.31015800
vt 0.94225100 0.31025600
vt 0.94216500 0.31204100
vt 0.94033700 0.31196800
vt 0.94027600 0.31373900
vt 0.94210600 0.31378600
vt 0.94024100 0.31547200
vt 0.94207100 0.31549600
vt 0.94251100 0.30654000
vt 0.94069800 0.30639700
vt 0.94412300 0.30852700
vt 0.94401200 0.31033900
vt 0.94426500 0.30666000
vt 0.94576000 0.31041200
vt 0.94586800 0.30861600
vt 0.94600800 0.30676300
vt 0.98621400 0.29591200
vt 0.98445900 0.29607300
vt 0.98473800 0.29841500
vt 0.98649100 0.29825500
vt 0.94764400 0.30869600
vt 0.94753700 0.31047900
vt 0.94738800 0.31555400
vt 0.97543900 0.29888700
vt 0.97343900 0.29892800
vt 0.97363900 0.30114100
vt 0.97566700 0.30109600
vt 0.94778100 0.30685400
vt 0.97191900 0.55573300
vt 0.97367100 0.55575100
vt 0.94716100 0.29620800
vt 0.94541300 0.29607300
vt 0.94513400 0.29841500
vt 0.94688000 0.29854800
vt 0.95338300 0.29005400
vt 0.95149400 0.28997900
vt 0.95104800 0.29392500
vt 0.95296300 0.29400000
vt 0.95269300 0.29648800
vt 0.95076200 0.29641300
vt 0.95048800 0.29875300
vt 0.95243100 0.29882900
vt 0.95023200 0.30095800
vt 0.95218500 0.30103600
vt 0.95529900 0.29011000
vt 0.95491900 0.29405500
vt 0.95652000 0.27504300
vt 0.95745000 0.26652000
vt 0.98348700 0.30284800
vt 0.95467300 0.29654400
vt 0.95443300 0.29888700
vt 0.95420500 0.30109600
vt 0.95718200 0.29014800
vt 0.95757700 0.28453800
vt 0.95576500 0.28448500
vt 0.95685600 0.29409300
vt 0.95664300 0.29658300
vt 0.95643300 0.29892800
vt 0.95623300 0.30114100
vt 0.95906400 0.29017300
vt 0.95937600 0.28457600
vt 0.95880400 0.29411800
vt 0.95863300 0.29660900
vt 0.96096900 0.29018800
vt 0.96118600 0.28460200
vt 0.96078600 0.29413400
vt 0.96066500 0.29662600
vt 0.96291600 0.29019700
vt 0.96302900 0.28461800
vt 0.94487600 0.30062600
vt 0.94662000 0.30075600
vt 0.96282100 0.29414300
vt 0.96275800 0.29663600
vt 0.96269500 0.29898800
vt 0.96263400 0.30121000
vt 0.96493600 0.29020000
vt 0.96493600 0.28462300
vt 0.96493600 0.29414700
vt 0.96493600 0.29664000
vt 0.96695600 0.29019700
vt 0.96684300 0.28461800
vt 0.96705100 0.29414300
vt 0.96711400 0.29663600
vt 0.96890400 0.29018800
vt 0.96868600 0.28460200
vt 0.96908600 0.29413400
vt 0.96920700 0.29662600
vt 0.96932700 0.29897600
vt 0.96944300 0.30119600
vt 0.97080800 0.29017300
vt 0.97049600 0.28457600
vt 0.97106800 0.29411800
vt 0.97123900 0.29660900
vt 0.97140800 0.29895700
vt 0.97157100 0.30117400
vt 0.97269000 0.29014800
vt 0.97229500 0.28453800
vt 0.97301600 0.29409300
vt 0.97323000 0.29658300
vt 0.97457300 0.29011000
vt 0.97410700 0.28448500
vt 0.97495300 0.29405500
vt 0.97519900 0.29654400
vt 0.97648900 0.29005400
vt 0.97596400 0.28441200
vt 0.97690900 0.29400000
vt 0.97744100 0.29882900
vt 0.97768700 0.30103600
vt 0.97718000 0.29648800
vt 0.96148300 0.27662600
vt 0.95980200 0.27657400
vt 0.97837800 0.28997900
vt 0.97780800 0.28432000
vt 0.97882400 0.29392500
vt 0.97911000 0.29641300
vt 0.97938400 0.29875300
vt 0.97964000 0.30095800
vt 0.98018500 0.28988600
vt 0.97958500 0.28421100
vt 0.98064600 0.29383300
vt 0.98094000 0.29632100
vt 0.98121900 0.29866000
vt 0.98147900 0.30086600
vt 0.98195000 0.28977300
vt 0.98132900 0.28408400
vt 0.98241600 0.29372000
vt 0.98271200 0.29620800
vt 0.98299200 0.29854800
vt 0.98325200 0.30075600
vt 0.98370000 0.28963700
vt 0.98306900 0.28393600
vt 0.98416400 0.29358500
vt 0.98499700 0.30062600
vt 0.98546300 0.28947700
vt 0.98483000 0.28376500
vt 0.98592200 0.29342400
vt 0.98674800 0.30047100
vt 0.98727400 0.28928600
vt 0.98664600 0.28356800
vt 0.98772400 0.29323100
vt 0.98801300 0.29571700
vt 0.98828900 0.29806100
vt 0.94893300 0.29632100
vt 0.94865300 0.29866000
vt 0.98854800 0.30028300
vt 0.94440900 0.28947700
vt 0.94504300 0.28376500
vt 0.94322600 0.28356800
vt 0.94259900 0.28928600
vt 0.98546700 0.27377300
vt 0.98386300 0.26420100
vt 0.94214800 0.29323100
vt 0.94395100 0.29342400
vt 0.94365800 0.29591200
vt 0.94185900 0.29571700
vt 0.94158300 0.29806100
vt 0.94338200 0.29825500
vt 0.94132400 0.30028300
vt 0.94312500 0.30047100
vt 0.94617200 0.28963700
vt 0.94680300 0.28393600
vt 0.94570800 0.29358500
vt 0.94792200 0.28977300
vt 0.94745600 0.29372000
vt 0.94968700 0.28988600
vt 0.96668400 0.27665900
vt 0.96493600 0.27664700
vt 0.94922600 0.29383300
vt 0.94839300 0.30086600
vt 0.98384100 0.27540500
vt 0.98210200 0.27562000
vt 0.95206400 0.28432000
vt 0.95390900 0.28441200
vt 0.97175000 0.27650300
vt 0.97345400 0.27641100
vt 0.95762300 0.25844900
vt 0.95889800 0.25880700
vt 0.95893500 0.25866600
vt 0.95766700 0.25830900
vt 0.94777100 0.27562000
vt 0.95595300 0.25911200
vt 0.95586900 0.26629800
vt 0.95731100 0.25952500
vt 0.95465700 0.27629300
vt 0.95289200 0.27615200
vt 0.96012600 0.25908700
vt 0.96015500 0.25894300
vt 0.95641900 0.27641100
vt 0.96132000 0.25929900
vt 0.96134100 0.25916300
vt 0.95812200 0.27650300
vt 0.96250600 0.25944900
vt 0.96252100 0.25930700
vt 0.96150700 0.27590100
vt 0.95983600 0.27584700
vt 0.95983200 0.27591900
vt 0.96150400 0.27597200
vt 0.96370900 0.25953700
vt 0.96493600 0.25957200
vt 0.96493600 0.25943800
vt 0.96371600 0.25939900
vt 0.96621400 0.26057200
vt 0.96493600 0.26059200
vt 0.96319100 0.27650100
vt 0.96493600 0.27648700
vt 0.96493600 0.27601700
vt 0.96319800 0.27601400
vt 0.96616400 0.25953700
vt 0.96615700 0.25939900
vt 0.96667300 0.27594300
vt 0.96493600 0.27594600
vt 0.96667400 0.27601400
vt 0.96736600 0.25944900
vt 0.96735200 0.25930700
vt 0.96318800 0.27665900
vt 0.96855200 0.25929900
vt 0.96853100 0.25916300
vt 0.96838900 0.27662600
vt 0.97122700 0.25986900
vt 0.96994800 0.26013700
vt 0.97007000 0.27657400
vt 0.96974600 0.25908700
vt 0.97097400 0.25880700
vt 0.97093800 0.25866600
vt 0.96971700 0.25894300
vt 0.97340000 0.27567700
vt 0.97170600 0.27577400
vt 0.97171100 0.27584600
vt 0.97340700 0.27575000
vt 0.97224900 0.25844900
vt 0.97220600 0.25830900
vt 0.97515100 0.27555500
vt 0.97515900 0.27562800
vt 0.97354500 0.25801600
vt 0.97349200 0.25787000
vt 0.97521500 0.27629300
vt 0.95477700 0.27492000
vt 0.97483300 0.25752100
vt 0.97477000 0.25736700
vt 0.97698000 0.27615200
vt 0.97802400 0.25749500
vt 0.97662400 0.25810900
vt 0.97869600 0.27599400
vt 0.97612700 0.25696100
vt 0.97744700 0.25632200
vt 0.97736400 0.25616300
vt 0.97605800 0.25681200
vt 0.98039400 0.27581700
vt 0.97880100 0.25557000
vt 0.97870500 0.25541700
vt 0.95037700 0.25675900
vt 0.94878200 0.25579700
vt 0.98565000 0.27513800
vt 0.94972600 0.25461900
vt 0.95107100 0.25557000
vt 0.95116700 0.25541700
vt 0.94985000 0.25448600
vt 0.95242500 0.25632200
vt 0.95250800 0.25616300
vt 0.94603100 0.27540500
vt 0.94422200 0.27513800
vt 0.95374500 0.25696100
vt 0.95381400 0.25681200
vt 0.95503900 0.25752100
vt 0.95510200 0.25736700
vt 0.95125800 0.27524500
vt 0.94956600 0.27506300
vt 0.94955600 0.27513800
vt 0.95124800 0.27531900
vt 0.96149000 0.27646700
vt 0.95981100 0.27641500
vt 0.96668200 0.27650100
vt 0.98381700 0.27523700
vt 0.98207900 0.27545100
vt 0.97173800 0.27634300
vt 0.97343900 0.27624900
vt 0.94779300 0.27545100
vt 0.94949900 0.27564900
vt 0.95467400 0.27613000
vt 0.95291000 0.27598700
vt 0.95643300 0.27624900
vt 0.95813400 0.27634300
vt 0.96838300 0.27646700
vt 0.97006100 0.27641500
vt 0.97519900 0.27613000
vt 0.97696200 0.27598700
vt 0.97867500 0.27582800
vt 0.98037300 0.27564900
vt 0.98562400 0.27496900
vt 0.95119700 0.27582800
vt 0.94605500 0.27523700
vt 0.94424800 0.27496900
vt 0.95296600 0.27540900
vt 0.95301200 0.27491500
vt 0.95131100 0.27475000
vt 0.94962500 0.27456600
vt 0.94786500 0.27486100
vt 0.94792800 0.27436200
vt 0.94613600 0.27463200
vt 0.94619800 0.27414200
vt 0.94439000 0.27441000
vt 0.94438600 0.27392700
vt 0.98373700 0.27463200
vt 0.98548200 0.27441000
vt 0.98548600 0.27392700
vt 0.98367400 0.27414200
vt 0.98200700 0.27486000
vt 0.98194400 0.27436200
vt 0.98030700 0.27506300
vt 0.98024800 0.27456600
vt 0.97861400 0.27524500
vt 0.97856100 0.27475000
vt 0.97690600 0.27540900
vt 0.97686000 0.27491500
vt 0.97511000 0.27506100
vt 0.97336600 0.27518400
vt 0.97167900 0.27528000
vt 0.97003600 0.27584700
vt 0.97001700 0.27535400
vt 0.96836600 0.27590100
vt 0.96835400 0.27540600
vt 0.96666500 0.27543300
vt 0.96493600 0.27547200
vt 0.96319900 0.27594300
vt 0.96320700 0.27543300
vt 0.96151800 0.27540600
vt 0.95985500 0.27535400
vt 0.95816700 0.27577400
vt 0.95819300 0.27528000
vt 0.95647200 0.27567700
vt 0.95650600 0.27518400
vt 0.95472100 0.27555500
vt 0.95476200 0.27506100
vt 0.95295700 0.27548300
vt 0.95471300 0.27562800
vt 0.95646500 0.27575000
vt 0.95816100 0.27584600
vt 0.96836900 0.27597200
vt 0.97004000 0.27591900
vt 0.97691500 0.27548300
vt 0.97862400 0.27531900
vt 0.98031700 0.27513800
vt 0.98201800 0.27493600
vt 0.98374700 0.27470900
vt 0.98549200 0.27448500
vt 0.94438000 0.27448500
vt 0.94612500 0.27470900
vt 0.94785500 0.27493600
vt 0.97256100 0.25952500
vt 0.95632800 0.25801600
vt 0.95638100 0.25787000
vt 0.97526500 0.25864200
vt 0.97391900 0.25911200
vt 0.98109000 0.25579700
vt 0.97949500 0.25675900
vt 0.95184800 0.25749500
vt 0.98014600 0.25461900
vt 0.98002200 0.25448600
vt 0.96240800 0.26048400
vt 0.96117100 0.26034000
vt 0.96365800 0.26057200
vt 0.95460800 0.25864200
vt 0.95324800 0.25810900
vt 0.95992400 0.26013700
vt 0.95864500 0.25986900
vt 0.96746400 0.26048400
vt 0.96870100 0.26034000
vt 0.96493600 0.26025800
vt 0.96367300 0.26023900
vt 0.96493600 0.25992100
vt 0.96369000 0.25989500
vt 0.97246400 0.25917500
vt 0.97114800 0.25952400
vt 0.97236100 0.25881800
vt 0.97106500 0.25917200
vt 0.97380200 0.25875600
vt 0.97367900 0.25839200
vt 0.95607000 0.25875600
vt 0.95474200 0.25827700
vt 0.95619300 0.25839200
vt 0.95488500 0.25790600
vt 0.96988600 0.25979600
vt 0.96865500 0.26000200
vt 0.96981900 0.25944800
vt 0.96860600 0.25965700
vt 0.96243800 0.26014900
vt 0.96247100 0.25980500
vt 0.98080400 0.25537700
vt 0.97927500 0.25636200
vt 0.98048400 0.25498700
vt 0.97904600 0.25596800
vt 0.96619900 0.26023900
vt 0.96618200 0.25989500
vt 0.97646900 0.25773400
vt 0.97513000 0.25827700
vt 0.97630500 0.25735400
vt 0.97498700 0.25790600
vt 0.97784300 0.25711000
vt 0.97765200 0.25672100
vt 0.96743400 0.26014900
vt 0.96740200 0.25980500
vt 0.95340300 0.25773400
vt 0.95356800 0.25735400
vt 0.95998600 0.25979600
vt 0.95872400 0.25952400
vt 0.96005300 0.25944800
vt 0.95880700 0.25917200
vt 0.95751100 0.25881800
vt 0.95740800 0.25917500
vt 0.95059700 0.25636200
vt 0.94906800 0.25537700
vt 0.95082700 0.25596800
vt 0.94938800 0.25498700
vt 0.96121700 0.26000200
vt 0.96126600 0.25965700
vt 0.95202900 0.25711000
vt 0.95222000 0.25672100
vt 0.96674800 0.55571500
vt 0.96850300 0.55571700
vt 0.97548200 0.55578200
vt 0.95620100 0.55575100
vt 0.98075500 0.55589600
vt 0.94740000 0.55596600
vt 0.97021200 0.55572600
vt 0.98607800 0.55634800
vt 0.96136900 0.55571700
vt 0.98071000 0.55715700
vt 0.98239500 0.55726000
vt 0.98244700 0.55641900
vt 0.98074000 0.55634900
vt 0.96674600 0.55704000
vt 0.96850700 0.55701000
vt 0.96850100 0.55617300
vt 0.96674600 0.55617300
vt 0.97020500 0.55698700
vt 0.97020800 0.55617800
vt 0.95440900 0.55706400
vt 0.95621500 0.55707300
vt 0.95620500 0.55620800
vt 0.95439700 0.55624200
vt 0.98409100 0.55736300
vt 0.98577300 0.55762200
vt 0.98599400 0.55682100
vt 0.98417900 0.55655600
vt 0.95085200 0.55713200
vt 0.95260600 0.55712400
vt 0.95258900 0.55626000
vt 0.95083700 0.55629800
vt 0.97190100 0.55702300
vt 0.97191500 0.55618700
vt 0.95797100 0.55702300
vt 0.95795800 0.55618700
vt 0.97902000 0.55713200
vt 0.97903500 0.55629800
vt 0.96493600 0.55700600
vt 0.96493600 0.55618200
vt 0.94578100 0.55736300
vt 0.94747700 0.55726000
vt 0.94742500 0.55641900
vt 0.94569300 0.55655600
vt 0.94916200 0.55715700
vt 0.94913200 0.55634900
vt 0.97365700 0.55707300
vt 0.97546300 0.55706400
vt 0.97547500 0.55624200
vt 0.97366800 0.55620800
vt 0.95966700 0.55698700
vt 0.96136500 0.55701000
vt 0.96137100 0.55617300
vt 0.95966400 0.55617800
vt 0.97726600 0.55712400
vt 0.97728300 0.55626000
vt 0.96312600 0.55704000
vt 0.96312600 0.55617300
vt 0.94409900 0.55762200
vt 0.94387800 0.55682100
f 1/1/1 2/2/2 3/3/3
f 4/4/4 5/5/5 3/3/3
f 6/6/6 7/7/7 3/3/3
f 8/8/8 9/9/9 3/3/3
f 10/10/10 11/11/11 3/3/3
f 5/5/5 12/12/12 3/3/3
f 13/13/13 14/14/14 3/3/3
f 15/15/15 6/6/6 3/3/3
f 16/16/16 17/17/17 3/3/3
f 18/18/18 15/15/15 3/3/3
f 14/14/14 1/1/1 3/3/3
f 11/11/11 19/19/19 3/3/3
f 12/12/12 20/20/20 3/3/3
f 21/21/21 4/4/4 3/3/3
f 22/22/22 21/21/21 3/3/3
f 23/23/23 18/18/18 3/3/3
f 17/17/17 22/22/22 3/3/3
f 7/7/7 13/13/13 3/3/3
f 9/9/9 24/24/24 3/3/3
f 2/2/2 16/16/16 3/3/3
f 20/20/20 25/25/25 3/3/3
f 26/26/26 23/23/23 3/3/3
f 24/24/24 10/10/10 3/3/3
f 25/25/25 8/8/8 3/3/3
f 27/27/27 28/28/28 29/29/29
f 27/27/27 29/29/29 30/30/30
f 31/31/31 32/32/32 30/30/30
f 31/31/31 30/30/30 29/29/29
f 33/33/33 34/34/34 35/35/35
f 33/33/33 35/35/35 36/36/36
f 37/37/37 38/38/38 39/39/39
f 37/37/37 39/39/39 40/40/40
f 41/41/41 42/42/42 43/43/43
f 41/41/41 43/43/43 44/44/44
f 33/33/33 36/36/36 45/45/45
f 33/33/33 45/45/45 46/46/46
f 47/47/47 48/48/48 49/49/49
f 47/47/47 49/49/49 50/50/50
f 51/51/51 52/52/52 53/53/53
f 51/51/51 53/53/53 54/54/54
f 55/55/55 56/56/56 57/57/57
f 55/55/55 57/57/57 58/58/58
f 59/59/59 60/60/60 32/32/32
f 59/59/59 32/32/32 31/31/31
f 61/61/61 28/28/28 27/27/27
f 61/61/61 27/27/27 62/62/62
f 63/63/63 64/64/64 65/65/65
f 63/63/63 65/65/65 66/66/66
f 66/66/66 65/65/65 67/67/67
f 66/66/66 67/67/67 68/68/68
f 69/69/69 70/70/70 71/71/71
f 69/69/69 71/71/71 72/72/72
f 68/68/68 67/67/67 73/73/73
f 68/68/68 73/73/73 74/74/74
f 64/64/64 63/63/63 75/75/75
f 64/64/64 75/75/75 76/76/76
f 77/77/77 78/78/78 48/48/48
f 77/77/77 48/48/48 47/47/47
f 79/79/79 80/80/80 81/81/81
f 79/79/79 81/81/81 82/82/82
f 83/83/83 84/84/84 85/85/85
f 83/83/83 85/85/85 86/86/86
f 87/87/87 88/88/88 89/89/89
f 87/87/87 89/89/89 90/90/90
f 91/91/91 92/92/92 50/50/50
f 91/91/91 50/50/50 49/49/49
f 78/78/78 77/77/77 93/93/93
f 78/78/78 93/93/93 94/94/94
f 84/84/84 83/83/83 82/82/82
f 84/84/84 82/82/82 81/81/81
f 49/49/49 95/95/95 96/96/96
f 49/49/49 96/96/96 91/91/91
f 97/97/97 98/98/98 99/99/99
f 97/97/97 99/99/99 100/100/100
f 101/101/101 102/102/102 103/103/103
f 101/101/101 103/103/103 104/104/104
f 105/105/105 106/106/106 80/80/80
f 105/105/105 80/80/80 79/79/79
f 78/78/78 107/107/107 108/108/108
f 78/78/78 108/108/108 48/48/48
f 48/48/48 108/108/108 95/95/95
f 48/48/48 95/95/95 49/49/49
f 109/109/109 80/80/80 106/106/106
f 109/109/109 106/106/106 110/110/110
f 111/111/111 98/98/98 97/97/97
f 111/111/111 97/97/97 112/112/112
f 100/100/100 99/99/99 113/113/113
f 100/100/100 113/113/113 114/114/114
f 107/107/107 78/78/78 94/94/94
f 107/107/107 94/94/94 115/115/115
f 116/116/116 117/117/117 118/118/118
f 116/116/116 118/118/118 119/119/119
f 120/120/120 121/121/121 114/114/114
f 120/120/120 114/114/114 113/113/113
f 122/122/122 123/123/123 124/124/124
f 122/122/122 124/124/124 125/125/125
f 125/125/125 124/124/124 126/126/126
f 125/125/125 126/126/126 127/127/127
f 123/123/123 122/122/122 128/128/128
f 123/123/123 128/128/128 129/129/129
f 130/130/130 131/131/131 132/132/132
f 130/130/130 132/132/132 133/133/133
f 127/127/127 126/126/126 134/134/134
f 127/127/127 134/134/134 135/135/135
f 136/136/136 27/27/27 30/30/30
f 136/136/136 30/30/30 137/137/137
f 92/92/92 134/134/134 126/126/126
f 92/92/92 126/126/126 50/50/50
f 93/93/93 77/77/77 123/123/123
f 93/93/93 123/123/123 129/129/129
f 123/123/123 77/77/77 47/47/47
f 123/123/123 47/47/47 124/124/124
f 124/124/124 47/47/47 50/50/50
f 124/124/124 50/50/50 126/126/126
f 32/32/32 138/138/138 137/137/137
f 32/32/32 137/137/137 30/30/30
f 27/27/27 136/136/136 139/139/139
f 27/27/27 139/139/139 62/62/62
f 131/131/131 140/140/140 141/141/141
f 131/131/131 141/141/141 132/132/132
f 52/52/52 51/51/51 142/142/142
f 52/52/52 142/142/142 143/143/143
f 143/143/143 142/142/142 144/144/144
f 143/143/143 144/144/144 145/145/145
f 107/107/107 146/146/146 147/147/147
f 107/107/107 147/147/147 108/108/108
f 148/148/148 149/149/149 150/150/150
f 148/148/148 150/150/150 151/151/151
f 60/60/60 152/152/152 138/138/138
f 60/60/60 138/138/138 32/32/32
f 153/153/153 84/84/84 81/81/81
f 153/153/153 81/81/81 154/154/154
f 154/154/154 81/81/81 80/80/80
f 154/154/154 80/80/80 109/109/109
f 85/85/85 84/84/84 153/153/153
f 85/85/85 153/153/153 155/155/155
f 31/31/31 29/29/29 154/154/154
f 31/31/31 154/154/154 109/109/109
f 153/153/153 28/28/28 61/61/61
f 153/153/153 61/61/61 155/155/155
f 145/145/145 144/144/144 156/156/156
f 145/145/145 156/156/156 157/157/157
f 28/28/28 153/153/153 154/154/154
f 28/28/28 154/154/154 29/29/29
f 158/158/158 159/159/159 160/160/160
f 158/158/158 160/160/160 161/161/161
f 39/39/39 146/146/146 162/162/162
f 39/39/39 162/162/162 40/40/40
f 163/163/163 164/164/164 165/165/165
f 163/163/163 165/165/165 166/166/166
f 31/31/31 109/109/109 110/110/110
f 31/31/31 110/110/110 59/59/59
f 167/167/167 168/168/168 159/159/159
f 167/167/167 159/159/159 158/158/158
f 169/169/169 168/168/168 167/167/167
f 169/169/169 167/167/167 170/170/170
f 171/171/171 172/172/172 173/173/173
f 171/171/171 173/173/173 174/174/174
f 175/175/175 176/176/176 161/161/161
f 175/175/175 161/161/161 160/160/160
f 64/64/64 167/167/167 158/158/158
f 64/64/64 158/158/158 65/65/65
f 65/65/65 158/158/158 161/161/161
f 65/65/65 161/161/161 67/67/67
f 67/67/67 161/161/161 176/176/176
f 67/67/67 176/176/176 73/73/73
f 167/167/167 64/64/64 76/76/76
f 167/167/167 76/76/76 170/170/170
f 177/177/177 178/178/178 46/46/46
f 177/177/177 46/46/46 45/45/45
f 138/138/138 179/179/179 180/180/180
f 138/138/138 180/180/180 137/137/137
f 139/139/139 136/136/136 181/181/181
f 139/139/139 181/181/181 182/182/182
f 181/181/181 136/136/136 137/137/137
f 181/181/181 137/137/137 180/180/180
f 183/183/183 181/181/181 180/180/180
f 183/183/183 180/180/180 184/184/184
f 185/185/185 186/186/186 187/187/187
f 185/185/185 187/187/187 188/188/188
f 152/152/152 189/189/189 179/179/179
f 152/152/152 179/179/179 138/138/138
f 182/182/182 181/181/181 183/183/183
f 182/182/182 183/183/183 190/190/190
f 184/184/184 180/180/180 179/179/179
f 184/184/184 179/179/179 191/191/191
f 192/192/192 193/193/193 121/121/121
f 192/192/192 121/121/121 120/120/120
f 189/189/189 194/194/194 191/191/191
f 189/189/189 191/191/191 179/179/179
f 146/146/146 39/39/39 34/34/34
f 146/146/146 34/34/34 147/147/147
f 147/147/147 34/34/34 33/33/33
f 147/147/147 33/33/33 195/195/195
f 46/46/46 196/196/196 195/195/195
f 46/46/46 195/195/195 33/33/33
f 108/108/108 147/147/147 195/195/195
f 108/108/108 195/195/195 95/95/95
f 197/197/197 198/198/198 199/199/199
f 197/197/197 199/199/199 200/200/200
f 162/162/162 146/146/146 107/107/107
f 162/162/162 107/107/107 115/115/115
f 53/53/53 52/52/52 38/38/38
f 53/53/53 38/38/38 37/37/37
f 201/201/201 202/202/202 203/203/203
f 201/201/201 203/203/203 204/204/204
f 95/95/95 195/195/195 196/196/196
f 95/95/95 196/196/196 96/96/96
f 38/38/38 52/52/52 143/143/143
f 38/38/38 143/143/143 35/35/35
f 205/205/205 206/206/206 207/207/207
f 205/205/205 207/207/207 208/208/208
f 98/98/98 122/122/122 125/125/125
f 98/98/98 125/125/125 99/99/99
f 209/209/209 183/183/183 184/184/184
f 209/209/209 184/184/184 210/210/210
f 210/210/210 184/184/184 191/191/191
f 210/210/210 191/191/191 211/211/211
f 190/190/190 183/183/183 209/209/209
f 190/190/190 209/209/209 212/212/212
f 213/213/213 214/214/214 215/215/215
f 213/213/213 215/215/215 216/216/216
f 194/194/194 217/217/217 211/211/211
f 194/194/194 211/211/211 191/191/191
f 35/35/35 143/143/143 145/145/145
f 35/35/35 145/145/145 36/36/36
f 218/218/218 219/219/219 220/220/220
f 218/218/218 220/220/220 221/221/221
f 157/157/157 45/45/45 36/36/36
f 157/157/157 36/36/36 145/145/145
f 51/51/51 209/209/209 210/210/210
f 51/51/51 210/210/210 142/142/142
f 142/142/142 210/210/210 211/211/211
f 142/142/142 211/211/211 144/144/144
f 217/217/217 156/156/156 144/144/144
f 217/217/217 144/144/144 211/211/211
f 209/209/209 51/51/51 54/54/54
f 209/209/209 54/54/54 212/212/212
f 222/222/222 223/223/223 224/224/224
f 222/222/222 224/224/224 225/225/225
f 39/39/39 38/38/38 35/35/35
f 39/39/39 35/35/35 34/34/34
f 226/226/226 227/227/227 228/228/228
f 226/226/226 228/228/228 229/229/229
f 230/230/230 231/231/231 232/232/232
f 230/230/230 232/232/232 233/233/233
f 99/99/99 125/125/125 127/127/127
f 99/99/99 127/127/127 113/113/113
f 122/122/122 98/98/98 111/111/111
f 122/122/122 111/111/111 128/128/128
f 234/234/234 130/130/130 133/133/133
f 234/234/234 133/133/133 235/235/235
f 135/135/135 120/120/120 113/113/113
f 135/135/135 113/113/113 127/127/127
f 168/168/168 97/97/97 100/100/100
f 168/168/168 100/100/100 159/159/159
f 100/100/100 114/114/114 160/160/160
f 100/100/100 160/160/160 159/159/159
f 160/160/160 114/114/114 121/121/121
f 160/160/160 121/121/121 175/175/175
f 97/97/97 168/168/168 169/169/169
f 97/97/97 169/169/169 112/112/112
f 236/236/236 237/237/237 76/76/76
f 236/236/236 76/76/76 75/75/75
f 238/238/238 239/239/239 240/240/240
f 238/238/238 240/240/240 241/241/241
f 242/242/242 243/243/243 244/244/244
f 242/242/242 244/244/244 245/245/245
f 241/241/241 240/240/240 246/246/246
f 241/241/241 246/246/246 247/247/247
f 248/248/248 249/249/249 250/250/250
f 248/248/248 250/250/250 251/251/251
f 252/252/252 253/253/253 254/254/254
f 252/252/252 254/254/254 255/255/255
f 247/247/247 246/246/246 256/256/256
f 247/247/247 256/256/256 257/257/257
f 258/258/258 242/242/242 245/245/245
f 258/258/258 245/245/245 259/259/259
f 260/260/260 261/261/261 243/243/243
f 260/260/260 243/243/243 242/242/242
f 262/262/262 261/261/261 260/260/260
f 262/262/262 260/260/260 263/263/263
f 264/264/264 265/265/265 266/266/266
f 264/264/264 266/266/266 267/267/267
f 245/245/245 244/244/244 239/239/239
f 245/245/245 239/239/239 238/238/238
f 268/268/268 238/238/238 241/241/241
f 268/268/268 241/241/241 269/269/269
f 269/269/269 241/241/241 247/247/247
f 269/269/269 247/247/247 270/270/270
f 270/270/270 247/247/247 257/257/257
f 270/270/270 257/257/257 271/271/271
f 272/272/272 260/260/260 242/242/242
f 272/272/272 242/242/242 258/258/258
f 260/260/260 272/272/272 273/273/273
f 260/260/260 273/273/273 263/263/263
f 274/274/274 275/275/275 276/276/276
f 274/274/274 276/276/276 277/277/277
f 259/259/259 245/245/245 238/238/238
f 259/259/259 238/238/238 268/268/268
f 278/278/278 258/258/258 259/259/259
f 278/278/278 259/259/259 279/279/279
f 280/280/280 268/268/268 269/269/269
f 280/280/280 269/269/269 281/281/281
f 281/281/281 269/269/269 270/270/270
f 281/281/281 270/270/270 282/282/282
f 282/282/282 270/270/270 271/271/271
f 282/282/282 271/271/271 283/283/283
f 284/284/284 272/272/272 258/258/258
f 284/284/284 258/258/258 278/278/278
f 272/272/272 284/284/284 285/285/285
f 272/272/272 285/285/285 273/273/273
f 279/279/279 259/259/259 268/268/268
f 279/279/279 268/268/268 280/280/280
f 286/286/286 278/278/278 279/279/279
f 286/286/286 279/279/279 287/287/287
f 288/288/288 280/280/280 281/281/281
f 288/288/288 281/281/281 227/227/227
f 227/227/227 281/281/281 282/282/282
f 227/227/227 282/282/282 228/228/228
f 228/228/228 282/282/282 283/283/283
f 228/228/228 283/283/283 289/289/289
f 290/290/290 284/284/284 278/278/278
f 290/290/290 278/278/278 286/286/286
f 284/284/284 290/290/290 291/291/291
f 284/284/284 291/291/291 285/285/285
f 292/292/292 293/293/293 294/294/294
f 292/292/292 294/294/294 295/295/295
f 287/287/287 279/279/279 280/280/280
f 287/287/287 280/280/280 288/288/288
f 296/296/296 286/286/286 287/287/287
f 296/296/296 287/287/287 297/297/297
f 298/298/298 288/288/288 227/227/227
f 298/298/298 227/227/227 226/226/226
f 290/290/290 299/299/299 300/300/300
f 290/290/290 300/300/300 291/291/291
f 229/229/229 228/228/228 289/289/289
f 229/229/229 289/289/289 301/301/301
f 299/299/299 290/290/290 286/286/286
f 299/299/299 286/286/286 296/296/296
f 302/302/302 303/303/303 304/304/304
f 302/302/302 304/304/304 305/305/305
f 297/297/297 287/287/287 288/288/288
f 297/297/297 288/288/288 298/298/298
f 250/250/250 306/306/306 307/307/307
f 250/250/250 307/307/307 251/251/251
f 308/308/308 296/296/296 297/297/297
f 308/308/308 297/297/297 309/309/309
f 310/310/310 298/298/298 226/226/226
f 310/310/310 226/226/226 311/311/311
f 311/311/311 226/226/226 229/229/229
f 311/311/311 229/229/229 312/312/312
f 312/312/312 229/229/229 301/301/301
f 312/312/312 301/301/301 313/313/313
f 314/314/314 299/299/299 296/296/296
f 314/314/314 296/296/296 308/308/308
f 299/299/299 314/314/314 141/141/141
f 299/299/299 141/141/141 300/300/300
f 309/309/309 297/297/297 298/298/298
f 309/309/309 298/298/298 310/310/310
f 315/315/315 308/308/308 309/309/309
f 315/315/315 309/309/309 316/316/316
f 317/317/317 310/310/310 311/311/311
f 317/317/317 311/311/311 231/231/231
f 231/231/231 311/311/311 312/312/312
f 231/231/231 312/312/312 232/232/232
f 232/232/232 312/312/312 313/313/313
f 232/232/232 313/313/313 318/318/318
f 319/319/319 314/314/314 308/308/308
f 319/319/319 308/308/308 315/315/315
f 314/314/314 319/319/319 132/132/132
f 314/314/314 132/132/132 141/141/141
f 320/320/320 321/321/321 322/322/322
f 320/320/320 322/322/322 323/323/323
f 316/316/316 309/309/309 310/310/310
f 316/316/316 310/310/310 317/317/317
f 324/324/324 315/315/315 316/316/316
f 324/324/324 316/316/316 325/325/325
f 326/326/326 317/317/317 231/231/231
f 326/326/326 231/231/231 230/230/230
f 319/319/319 327/327/327 133/133/133
f 319/319/319 133/133/133 132/132/132
f 233/233/233 232/232/232 318/318/318
f 233/233/233 318/318/318 328/328/328
f 327/327/327 319/319/319 315/315/315
f 327/327/327 315/315/315 324/324/324
f 329/329/329 330/330/330 331/331/331
f 329/329/329 331/331/331 332/332/332
f 325/325/325 316/316/316 317/317/317
f 325/325/325 317/317/317 326/326/326
f 333/333/333 334/334/334 335/335/335
f 333/333/333 335/335/335 336/336/336
f 337/337/337 324/324/324 325/325/325
f 337/337/337 325/325/325 338/338/338
f 339/339/339 326/326/326 230/230/230
f 339/339/339 230/230/230 340/340/340
f 340/340/340 230/230/230 233/233/233
f 340/340/340 233/233/233 341/341/341
f 341/341/341 233/233/233 328/328/328
f 341/341/341 328/328/328 342/342/342
f 343/343/343 327/327/327 324/324/324
f 343/343/343 324/324/324 337/337/337
f 327/327/327 343/343/343 235/235/235
f 327/327/327 235/235/235 133/133/133
f 344/344/344 345/345/345 169/169/169
f 344/344/344 169/169/169 170/170/170
f 338/338/338 325/325/325 326/326/326
f 338/338/338 326/326/326 339/339/339
f 346/346/346 337/337/337 338/338/338
f 346/346/346 338/338/338 347/347/347
f 348/348/348 339/339/339 340/340/340
f 348/348/348 340/340/340 349/349/349
f 349/349/349 340/340/340 341/341/341
f 349/349/349 341/341/341 350/350/350
f 350/350/350 341/341/341 342/342/342
f 350/350/350 342/342/342 351/351/351
f 352/352/352 343/343/343 337/337/337
f 352/352/352 337/337/337 346/346/346
f 343/343/343 352/352/352 353/353/353
f 343/343/343 353/353/353 235/235/235
f 354/354/354 355/355/355 356/356/356
f 354/354/354 356/356/356 357/357/357
f 347/347/347 338/338/338 339/339/339
f 347/347/347 339/339/339 348/348/348
f 358/358/358 346/346/346 347/347/347
f 358/358/358 347/347/347 359/359/359
f 360/360/360 348/348/348 349/349/349
f 360/360/360 349/349/349 253/253/253
f 253/253/253 349/349/349 350/350/350
f 253/253/253 350/350/350 254/254/254
f 254/254/254 350/350/350 351/351/351
f 254/254/254 351/351/351 361/361/361
f 362/362/362 352/352/352 346/346/346
f 362/362/362 346/346/346 358/358/358
f 352/352/352 362/362/362 363/363/363
f 352/352/352 363/363/363 353/353/353
f 364/364/364 365/365/365 366/366/366
f 364/364/364 366/366/366 367/367/367
f 359/359/359 347/347/347 348/348/348
f 359/359/359 348/348/348 360/360/360
f 368/368/368 369/369/369 358/358/358
f 368/368/368 358/358/358 359/359/359
f 370/370/370 360/360/360 253/253/253
f 370/370/370 253/253/253 252/252/252
f 254/254/254 361/361/361 371/371/371
f 254/254/254 371/371/371 255/255/255
f 372/372/372 362/362/362 358/358/358
f 372/372/372 358/358/358 369/369/369
f 362/362/362 372/372/372 373/373/373
f 362/362/362 373/373/373 363/363/363
f 374/374/374 375/375/375 376/376/376
f 374/374/374 376/376/376 377/377/377
f 368/368/368 359/359/359 360/360/360
f 368/368/368 360/360/360 370/370/370
f 378/378/378 369/369/369 368/368/368
f 378/378/378 368/368/368 379/379/379
f 380/380/380 252/252/252 255/255/255
f 380/380/380 255/255/255 381/381/381
f 382/382/382 370/370/370 252/252/252
f 382/382/382 252/252/252 380/380/380
f 383/383/383 384/384/384 385/385/385
f 383/383/383 385/385/385 386/386/386
f 381/381/381 255/255/255 371/371/371
f 381/381/381 371/371/371 387/387/387
f 388/388/388 372/372/372 369/369/369
f 388/388/388 369/369/369 378/378/378
f 372/372/372 388/388/388 389/389/389
f 372/372/372 389/389/389 373/373/373
f 390/390/390 391/391/391 392/392/392
f 390/390/390 392/392/392 393/393/393
f 379/379/379 368/368/368 370/370/370
f 379/379/379 370/370/370 382/382/382
f 394/394/394 378/378/378 379/379/379
f 394/394/394 379/379/379 395/395/395
f 396/396/396 382/382/382 380/380/380
f 396/396/396 380/380/380 397/397/397
f 397/397/397 380/380/380 381/381/381
f 397/397/397 381/381/381 398/398/398
f 398/398/398 381/381/381 387/387/387
f 398/398/398 387/387/387 399/399/399
f 400/400/400 388/388/388 378/378/378
f 400/400/400 378/378/378 394/394/394
f 388/388/388 400/400/400 401/401/401
f 388/388/388 401/401/401 389/389/389
f 395/395/395 379/379/379 382/382/382
f 395/395/395 382/382/382 396/396/396
f 402/402/402 394/394/394 395/395/395
f 402/402/402 395/395/395 403/403/403
f 404/404/404 396/396/396 397/397/397
f 404/404/404 397/397/397 405/405/405
f 405/405/405 397/397/397 398/398/398
f 405/405/405 398/398/398 406/406/406
f 406/406/406 398/398/398 399/399/399
f 406/406/406 399/399/399 407/407/407
f 408/408/408 400/400/400 394/394/394
f 408/408/408 394/394/394 402/402/402
f 400/400/400 408/408/408 409/409/409
f 400/400/400 409/409/409 401/401/401
f 410/410/410 411/411/411 412/412/412
f 410/410/410 412/412/412 413/413/413
f 403/403/403 395/395/395 396/396/396
f 403/403/403 396/396/396 404/404/404
f 414/414/414 402/402/402 403/403/403
f 414/414/414 403/403/403 415/415/415
f 416/416/416 404/404/404 405/405/405
f 416/416/416 405/405/405 417/417/417
f 417/417/417 405/405/405 406/406/406
f 417/417/417 406/406/406 418/418/418
f 418/418/418 406/406/406 407/407/407
f 418/418/418 407/407/407 345/345/345
f 419/419/419 408/408/408 402/402/402
f 419/419/419 402/402/402 414/414/414
f 408/408/408 419/419/419 420/420/420
f 408/408/408 420/420/420 409/409/409
f 421/421/421 422/422/422 423/423/423
f 421/421/421 423/423/423 424/424/424
f 415/415/415 403/403/403 404/404/404
f 415/415/415 404/404/404 416/416/416
f 425/425/425 414/414/414 415/415/415
f 425/425/425 415/415/415 426/426/426
f 206/206/206 416/416/416 417/417/417
f 206/206/206 417/417/417 207/207/207
f 207/207/207 417/417/417 418/418/418
f 207/207/207 418/418/418 427/427/427
f 427/427/427 418/418/418 345/345/345
f 427/427/427 345/345/345 344/344/344
f 428/428/428 419/419/419 414/414/414
f 428/428/428 414/414/414 425/425/425
f 419/419/419 428/428/428 43/43/43
f 419/419/419 43/43/43 420/420/420
f 429/429/429 430/430/430 431/431/431
f 429/429/429 431/431/431 432/432/432
f 426/426/426 415/415/415 416/416/416
f 426/426/426 416/416/416 206/206/206
f 433/433/433 425/425/425 426/426/426
f 433/433/433 426/426/426 434/434/434
f 207/207/207 427/427/427 435/435/435
f 207/207/207 435/435/435 208/208/208
f 435/435/435 427/427/427 344/344/344
f 435/435/435 344/344/344 237/237/237
f 436/436/436 428/428/428 425/425/425
f 436/436/436 425/425/425 433/433/433
f 428/428/428 436/436/436 44/44/44
f 428/428/428 44/44/44 43/43/43
f 437/437/437 438/438/438 439/439/439
f 437/437/437 439/439/439 440/440/440
f 205/205/205 434/434/434 426/426/426
f 205/205/205 426/426/426 206/206/206
f 441/441/441 433/433/433 434/434/434
f 441/441/441 434/434/434 442/442/442
f 443/443/443 205/205/205 208/208/208
f 443/443/443 208/208/208 444/444/444
f 239/239/239 445/445/445 446/446/446
f 239/239/239 446/446/446 240/240/240
f 444/444/444 208/208/208 435/435/435
f 444/444/444 435/435/435 447/447/447
f 447/447/447 435/435/435 237/237/237
f 447/447/447 237/237/237 236/236/236
f 448/448/448 436/436/436 433/433/433
f 448/448/448 433/433/433 441/441/441
f 436/436/436 448/448/448 449/449/449
f 436/436/436 449/449/449 44/44/44
f 442/442/442 434/434/434 205/205/205
f 442/442/442 205/205/205 443/443/443
f 450/450/450 451/451/451 452/452/452
f 450/450/450 452/452/452 453/453/453
f 454/454/454 455/455/455 456/456/456
f 454/454/454 456/456/456 457/457/457
f 457/457/457 456/456/456 458/458/458
f 457/457/457 458/458/458 459/459/459
f 459/459/459 458/458/458 460/460/460
f 459/459/459 460/460/460 461/461/461
f 462/462/462 463/463/463 451/451/451
f 462/462/462 451/451/451 450/450/450
f 463/463/463 462/462/462 295/295/295
f 463/463/463 295/295/295 294/294/294
f 464/464/464 465/465/465 466/466/466
f 464/464/464 466/466/466 467/467/467
f 453/453/453 452/452/452 455/455/455
f 453/453/453 455/455/455 454/454/454
f 468/468/468 450/450/450 453/453/453
f 468/468/468 453/453/453 469/469/469
f 249/249/249 454/454/454 457/457/457
f 249/249/249 457/457/457 250/250/250
f 250/250/250 457/457/457 459/459/459
f 250/250/250 459/459/459 306/306/306
f 306/306/306 459/459/459 461/461/461
f 306/306/306 461/461/461 470/470/470
f 471/471/471 462/462/462 450/450/450
f 471/471/471 450/450/450 468/468/468
f 462/462/462 471/471/471 472/472/472
f 462/462/462 472/472/472 295/295/295
f 473/473/473 474/474/474 475/475/475
f 473/473/473 475/475/475 476/476/476
f 469/469/469 453/453/453 454/454/454
f 469/469/469 454/454/454 249/249/249
f 477/477/477 478/478/478 468/468/468
f 477/477/477 468/468/468 469/469/469
f 306/306/306 470/470/470 479/479/479
f 306/306/306 479/479/479 307/307/307
f 480/480/480 471/471/471 468/468/468
f 480/480/480 468/468/468 478/478/478
f 471/471/471 480/480/480 224/224/224
f 471/471/471 224/224/224 472/472/472
f 283/283/283 271/271/271 190/190/190
f 283/283/283 190/190/190 212/212/212
f 477/477/477 469/469/469 249/249/249
f 477/477/477 249/249/249 248/248/248
f 481/481/481 482/482/482 483/483/483
f 481/481/481 483/483/483 484/484/484
f 485/485/485 478/478/478 477/477/477
f 485/485/485 477/477/477 486/486/486
f 446/446/446 251/251/251 307/307/307
f 446/446/446 307/307/307 487/487/487
f 445/445/445 248/248/248 251/251/251
f 445/445/445 251/251/251 446/446/446
f 488/488/488 489/489/489 490/490/490
f 488/488/488 490/490/490 491/491/491
f 487/487/487 307/307/307 479/479/479
f 487/487/487 479/479/479 492/492/492
f 493/493/493 480/480/480 478/478/478
f 493/493/493 478/478/478 485/485/485
f 480/480/480 493/493/493 225/225/225
f 480/480/480 225/225/225 224/224/224
f 494/494/494 495/495/495 496/496/496
f 494/494/494 496/496/496 497/497/497
f 486/486/486 477/477/477 248/248/248
f 486/486/486 248/248/248 445/445/445
f 243/243/243 485/485/485 486/486/486
f 243/243/243 486/486/486 244/244/244
f 446/446/446 487/487/487 246/246/246
f 446/446/446 246/246/246 240/240/240
f 246/246/246 487/487/487 492/492/492
f 246/246/246 492/492/492 256/256/256
f 261/261/261 493/493/493 485/485/485
f 261/261/261 485/485/485 243/243/243
f 493/493/493 261/261/261 262/262/262
f 493/493/493 262/262/262 225/225/225
f 498/498/498 499/499/499 500/500/500
f 498/498/498 500/500/500 501/501/501
f 239/239/239 244/244/244 486/486/486
f 239/239/239 486/486/486 445/445/445
f 502/502/502 503/503/503 504/504/504
f 502/502/502 504/504/504 505/505/505
f 506/506/506 507/507/507 508/508/508
f 506/506/506 508/508/508 509/509/509
f 510/510/510 511/511/511 512/512/512
f 510/510/510 512/512/512 513/513/513
f 513/513/513 512/512/512 514/514/514
f 513/513/513 514/514/514 515/515/515
f 515/515/515 514/514/514 516/516/516
f 515/515/515 516/516/516 517/517/517
f 518/518/518 506/506/506 509/509/509
f 518/518/518 509/509/509 519/519/519
f 520/520/520 521/521/521 507/507/507
f 520/520/520 507/507/507 506/506/506
f 475/475/475 521/521/521 520/520/520
f 475/475/475 520/520/520 476/476/476
f 522/522/522 201/201/201 204/204/204
f 522/522/522 204/204/204 523/523/523
f 509/509/509 508/508/508 511/511/511
f 509/509/509 511/511/511 510/510/510
f 524/524/524 510/510/510 513/513/513
f 524/524/524 513/513/513 525/525/525
f 525/525/525 513/513/513 515/515/515
f 525/525/525 515/515/515 526/526/526
f 526/526/526 515/515/515 517/517/517
f 526/526/526 517/517/517 527/527/527
f 528/528/528 520/520/520 506/506/506
f 528/528/528 506/506/506 518/518/518
f 520/520/520 528/528/528 529/529/529
f 520/520/520 529/529/529 476/476/476
f 530/530/530 531/531/531 532/532/532
f 530/530/530 532/532/532 533/533/533
f 519/519/519 509/509/509 510/510/510
f 519/519/519 510/510/510 524/524/524
f 534/534/534 518/518/518 519/519/519
f 534/534/534 519/519/519 535/535/535
f 536/536/536 524/524/524 525/525/525
f 536/536/536 525/525/525 537/537/537
f 537/537/537 525/525/525 526/526/526
f 537/537/537 526/526/526 538/538/538
f 538/538/538 526/526/526 527/527/527
f 538/538/538 527/527/527 539/539/539
f 540/540/540 528/528/528 518/518/518
f 540/540/540 518/518/518 534/534/534
f 528/528/528 540/540/540 541/541/541
f 528/528/528 541/541/541 529/529/529
f 542/542/542 543/543/543 544/544/544
f 542/542/542 544/544/544 545/545/545
f 535/535/535 519/519/519 524/524/524
f 535/535/535 524/524/524 536/536/536
f 546/546/546 534/534/534 535/535/535
f 546/546/546 535/535/535 547/547/547
f 548/548/548 536/536/536 537/537/537
f 548/548/548 537/537/537 334/334/334
f 334/334/334 537/537/537 538/538/538
f 334/334/334 538/538/538 335/335/335
f 335/335/335 538/538/538 539/539/539
f 335/335/335 539/539/539 549/549/549
f 550/550/550 540/540/540 534/534/534
f 550/550/550 534/534/534 546/546/546
f 540/540/540 550/550/550 551/551/551
f 540/540/540 551/551/551 541/541/541
f 552/552/552 553/553/553 554/554/554
f 552/552/552 554/554/554 555/555/555
f 547/547/547 535/535/535 536/536/536
f 547/547/547 536/536/536 548/548/548
f 556/556/556 546/546/546 547/547/547
f 556/556/556 547/547/547 557/557/557
f 558/558/558 548/548/548 334/334/334
f 558/558/558 334/334/334 333/333/333
f 550/550/550 559/559/559 560/560/560
f 550/550/550 560/560/560 551/551/551
f 336/336/336 335/335/335 549/549/549
f 336/336/336 549/549/549 561/561/561
f 559/559/559 550/550/550 546/546/546
f 559/559/559 546/546/546 556/556/556
f 470/470/470 461/461/461 85/85/85
f 470/470/470 85/85/85 155/155/155
f 557/557/557 547/547/547 548/548/548
f 557/557/557 548/548/548 558/558/558
f 504/504/504 562/562/562 563/563/563
f 504/504/504 563/563/563 505/505/505
f 564/564/564 556/556/556 557/557/557
f 564/564/564 557/557/557 565/565/565
f 566/566/566 558/558/558 333/333/333
f 566/566/566 333/333/333 567/567/567
f 567/567/567 333/333/333 336/336/336
f 567/567/567 336/336/336 568/568/568
f 568/568/568 336/336/336 561/561/561
f 568/568/568 561/561/561 140/140/140
f 569/569/569 559/559/559 556/556/556
f 569/569/569 556/556/556 564/564/564
f 559/559/559 569/569/569 412/412/412
f 559/559/559 412/412/412 560/560/560
f 570/570/570 571/571/571 572/572/572
f 570/570/570 572/572/572 573/573/573
f 565/565/565 557/557/557 558/558/558
f 565/565/565 558/558/558 566/566/566
f 574/574/574 564/564/564 565/565/565
f 574/574/574 565/565/565 575/575/575
f 576/576/576 566/566/566 567/567/567
f 576/576/576 567/567/567 384/384/384
f 384/384/384 567/567/567 568/568/568
f 384/384/384 568/568/568 385/385/385
f 385/385/385 568/568/568 140/140/140
f 385/385/385 140/140/140 131/131/131
f 577/577/577 569/569/569 564/564/564
f 577/577/577 564/564/564 574/574/574
f 569/569/569 577/577/577 413/413/413
f 569/569/569 413/413/413 412/412/412
f 578/578/578 579/579/579 580/580/580
f 578/578/578 580/580/580 581/581/581
f 575/575/575 565/565/565 566/566/566
f 575/575/575 566/566/566 576/576/576
f 582/582/582 574/574/574 575/575/575
f 582/582/582 575/575/575 583/583/583
f 584/584/584 576/576/576 384/384/384
f 584/584/584 384/384/384 383/383/383
f 577/577/577 585/585/585 586/586/586
f 577/577/577 586/586/586 413/413/413
f 386/386/386 385/385/385 131/131/131
f 386/386/386 131/131/131 130/130/130
f 585/585/585 577/577/577 574/574/574
f 585/585/585 574/574/574 582/582/582
f 587/587/587 588/588/588 60/60/60
f 587/587/587 60/60/60 59/59/59
f 583/583/583 575/575/575 576/576/576
f 583/583/583 576/576/576 584/584/584
f 589/589/589 590/590/590 591/591/591
f 589/589/589 591/591/591 592/592/592
f 593/593/593 582/582/582 583/583/583
f 593/593/593 583/583/583 594/594/594
f 595/595/595 584/584/584 383/383/383
f 595/595/595 383/383/383 596/596/596
f 596/596/596 383/383/383 386/386/386
f 596/596/596 386/386/386 597/597/597
f 597/597/597 386/386/386 130/130/130
f 597/597/597 130/130/130 234/234/234
f 598/598/598 585/585/585 582/582/582
f 598/598/598 582/582/582 593/593/593
f 585/585/585 598/598/598 599/599/599
f 585/585/585 599/599/599 586/586/586
f 600/600/600 601/601/601 602/602/602
f 600/600/600 602/602/602 603/603/603
f 594/594/594 583/583/583 584/584/584
f 594/594/594 584/584/584 595/595/595
f 604/604/604 593/593/593 594/594/594
f 604/604/604 594/594/594 605/605/605
f 606/606/606 595/595/595 596/596/596
f 606/606/606 596/596/596 607/607/607
f 607/607/607 596/596/596 597/597/597
f 607/607/607 597/597/597 608/608/608
f 608/608/608 597/597/597 234/234/234
f 608/608/608 234/234/234 609/609/609
f 610/610/610 598/598/598 593/593/593
f 610/610/610 593/593/593 604/604/604
f 598/598/598 610/610/610 611/611/611
f 598/598/598 611/611/611 599/599/599
f 612/612/612 613/613/613 614/614/614
f 612/612/612 614/614/614 615/615/615
f 605/605/605 594/594/594 595/595/595
f 605/605/605 595/595/595 606/606/606
f 616/616/616 604/604/604 605/605/605
f 616/616/616 605/605/605 617/617/617
f 618/618/618 606/606/606 607/607/607
f 618/618/618 607/607/607 489/489/489
f 489/489/489 607/607/607 608/608/608
f 489/489/489 608/608/608 490/490/490
f 490/490/490 608/608/608 609/609/609
f 490/490/490 609/609/609 619/619/619
f 620/620/620 610/610/610 604/604/604
f 620/620/620 604/604/604 616/616/616
f 610/610/610 620/620/620 621/621/621
f 610/610/610 621/621/621 611/611/611
f 622/622/622 437/437/437 440/440/440
f 622/622/622 440/440/440 623/623/623
f 617/617/617 605/605/605 606/606/606
f 617/617/617 606/606/606 618/618/618
f 624/624/624 625/625/625 616/616/616
f 624/624/624 616/616/616 617/617/617
f 626/626/626 618/618/618 489/489/489
f 626/626/626 489/489/489 488/488/488
f 490/490/490 619/619/619 627/627/627
f 490/490/490 627/627/627 491/491/491
f 628/628/628 620/620/620 616/616/616
f 628/628/628 616/616/616 625/625/625
f 620/620/620 628/628/628 629/629/629
f 620/620/620 629/629/629 621/621/621
f 237/237/237 344/344/344 170/170/170
f 237/237/237 170/170/170 76/76/76
f 624/624/624 617/617/617 618/618/618
f 624/624/624 618/618/618 626/626/626
f 630/630/630 625/625/625 624/624/624
f 630/630/630 624/624/624 631/631/631
f 632/632/632 488/488/488 491/491/491
f 632/632/632 491/491/491 633/633/633
f 634/634/634 626/626/626 488/488/488
f 634/634/634 488/488/488 632/632/632
f 635/635/635 636/636/636 637/637/637
f 635/635/635 637/637/637 638/638/638
f 633/633/633 491/491/491 627/627/627
f 633/633/633 627/627/627 639/639/639
f 640/640/640 628/628/628 625/625/625
f 640/640/640 625/625/625 630/630/630
f 628/628/628 640/640/640 641/641/641
f 628/628/628 641/641/641 629/629/629
f 265/265/265 642/642/642 643/643/643
f 265/265/265 643/643/643 266/266/266
f 631/631/631 624/624/624 626/626/626
f 631/631/631 626/626/626 634/634/634
f 644/644/644 630/630/630 631/631/631
f 644/644/644 631/631/631 645/645/645
f 646/646/646 634/634/634 632/632/632
f 646/646/646 632/632/632 647/647/647
f 647/647/647 632/632/632 633/633/633
f 647/647/647 633/633/633 648/648/648
f 648/648/648 633/633/633 639/639/639
f 648/648/648 639/639/639 649/649/649
f 650/650/650 640/640/640 630/630/630
f 650/650/650 630/630/630 644/644/644
f 640/640/640 650/650/650 651/651/651
f 640/640/640 651/651/651 641/641/641
f 652/652/652 653/653/653 654/654/654
f 652/652/652 654/654/654 655/655/655
f 645/645/645 631/631/631 634/634/634
f 645/645/645 634/634/634 646/646/646
f 656/656/656 644/644/644 645/645/645
f 656/656/656 645/645/645 657/657/657
f 658/658/658 646/646/646 647/647/647
f 658/658/658 647/647/647 659/659/659
f 659/659/659 647/647/647 648/648/648
f 659/659/659 648/648/648 660/660/660
f 660/660/660 648/648/648 649/649/649
f 660/660/660 649/649/649 661/661/661
f 662/662/662 650/650/650 644/644/644
f 662/662/662 644/644/644 656/656/656
f 650/650/650 662/662/662 431/431/431
f 650/650/650 431/431/431 651/651/651
f 663/663/663 664/664/664 621/621/621
f 663/663/663 621/621/621 629/629/629
f 657/657/657 645/645/645 646/646/646
f 657/657/657 646/646/646 658/658/658
f 665/665/665 656/656/656 657/657/657
f 665/665/665 657/657/657 666/666/666
f 667/667/667 658/658/658 659/659/659
f 667/667/667 659/659/659 668/668/668
f 668/668/668 659/659/659 660/660/660
f 668/668/668 660/660/660 669/669/669
f 669/669/669 660/660/660 661/661/661
f 669/669/669 661/661/661 670/670/670
f 671/671/671 662/662/662 656/656/656
f 671/671/671 656/656/656 665/665/665
f 662/662/662 671/671/671 432/432/432
f 662/662/662 432/432/432 431/431/431
f 672/672/672 673/673/673 674/674/674
f 672/672/672 674/674/674 675/675/675
f 666/666/666 657/657/657 658/658/658
f 666/666/666 658/658/658 667/667/667
f 676/676/676 665/665/665 666/666/666
f 676/676/676 666/666/666 677/677/677
f 482/482/482 667/667/667 668/668/668
f 482/482/482 668/668/668 483/483/483
f 483/483/483 668/668/668 669/669/669
f 483/483/483 669/669/669 678/678/678
f 678/678/678 669/669/669 670/670/670
f 678/678/678 670/670/670 42/42/42
f 679/679/679 671/671/671 665/665/665
f 679/679/679 665/665/665 676/676/676
f 671/671/671 679/679/679 680/680/680
f 671/671/671 680/680/680 432/432/432
f 673/673/673 681/681/681 682/682/682
f 673/673/673 682/682/682 674/674/674
f 677/677/677 666/666/666 667/667/667
f 677/677/677 667/667/667 482/482/482
f 683/683/683 676/676/676 677/677/677
f 683/683/683 677/677/677 684/684/684
f 483/483/483 678/678/678 685/685/685
f 483/483/483 685/685/685 484/484/484
f 685/685/685 678/678/678 42/42/42
f 685/685/685 42/42/42 41/41/41
f 686/686/686 679/679/679 676/676/676
f 686/686/686 676/676/676 683/683/683
f 679/679/679 686/686/686 687/687/687
f 679/679/679 687/687/687 680/680/680
f 688/688/688 689/689/689 690/690/690
f 688/688/688 690/690/690 691/691/691
f 481/481/481 684/684/684 677/677/677
f 481/481/481 677/677/677 482/482/482
f 692/692/692 683/683/683 684/684/684
f 692/692/692 684/684/684 693/693/693
f 694/694/694 481/481/481 484/484/484
f 694/694/694 484/484/484 695/695/695
f 511/511/511 696/696/696 697/697/697
f 511/511/511 697/697/697 512/512/512
f 695/695/695 484/484/484 685/685/685
f 695/695/695 685/685/685 698/698/698
f 698/698/698 685/685/685 41/41/41
f 698/698/698 41/41/41 699/699/699
f 700/700/700 686/686/686 683/683/683
f 700/700/700 683/683/683 692/692/692
f 686/686/686 700/700/700 701/701/701
f 686/686/686 701/701/701 687/687/687
f 702/702/702 703/703/703 704/704/704
f 702/702/702 704/704/704 705/705/705
f 693/693/693 684/684/684 481/481/481
f 693/693/693 481/481/481 694/694/694
f 706/706/706 707/707/707 708/708/708
f 706/706/706 708/708/708 709/709/709
f 710/710/710 711/711/711 712/712/712
f 710/710/710 712/712/712 713/713/713
f 713/713/713 712/712/712 714/714/714
f 713/713/713 714/714/714 715/715/715
f 715/715/715 714/714/714 293/293/293
f 715/715/715 293/293/293 292/292/292
f 716/716/716 717/717/717 707/707/707
f 716/716/716 707/707/707 706/706/706
f 717/717/717 716/716/716 467/467/467
f 717/717/717 467/467/467 466/466/466
f 301/301/301 289/289/289 54/54/54
f 301/301/301 54/54/54 53/53/53
f 709/709/709 708/708/708 711/711/711
f 709/709/709 711/711/711 710/710/710
f 718/718/718 706/706/706 709/709/709
f 718/718/718 709/709/709 719/719/719
f 503/503/503 710/710/710 713/713/713
f 503/503/503 713/713/713 504/504/504
f 504/504/504 713/713/713 715/715/715
f 504/504/504 715/715/715 562/562/562
f 562/562/562 715/715/715 292/292/292
f 562/562/562 292/292/292 720/720/720
f 721/721/721 716/716/716 706/706/706
f 721/721/721 706/706/706 718/718/718
f 716/716/716 721/721/721 71/71/71
f 716/716/716 71/71/71 467/467/467
f 722/722/722 73/73/73 176/176/176
f 722/722/722 176/176/176 723/723/723
f 719/719/719 709/709/709 710/710/710
f 719/719/719 710/710/710 503/503/503
f 724/724/724 725/725/725 718/718/718
f 724/724/724 718/718/718 719/719/719
f 562/562/562 720/720/720 223/223/223
f 562/562/562 223/223/223 563/563/563
f 726/726/726 721/721/721 718/718/718
f 726/726/726 718/718/718 725/725/725
f 721/721/721 726/726/726 72/72/72
f 721/721/721 72/72/72 71/71/71
f 727/727/727 728/728/728 729/729/729
f 727/727/727 729/729/729 730/730/730
f 724/724/724 719/719/719 503/503/503
f 724/724/724 503/503/503 502/502/502
f 731/731/731 732/732/732 733/733/733
f 731/731/731 733/733/733 734/734/734
f 735/735/735 725/725/725 724/724/724
f 735/735/735 724/724/724 736/736/736
f 697/697/697 505/505/505 563/563/563
f 697/697/697 563/563/563 737/737/737
f 696/696/696 502/502/502 505/505/505
f 696/696/696 505/505/505 697/697/697
f 738/738/738 739/739/739 740/740/740
f 738/738/738 740/740/740 741/741/741
f 737/737/737 563/563/563 223/223/223
f 737/737/737 223/223/223 222/222/222
f 742/742/742 726/726/726 725/725/725
f 742/742/742 725/725/725 735/735/735
f 726/726/726 742/742/742 743/743/743
f 726/726/726 743/743/743 72/72/72
f 728/728/728 744/744/744 745/745/745
f 728/728/728 745/745/745 729/729/729
f 736/736/736 724/724/724 502/502/502
f 736/736/736 502/502/502 696/696/696
f 507/507/507 735/735/735 736/736/736
f 507/507/507 736/736/736 508/508/508
f 697/697/697 737/737/737 514/514/514
f 697/697/697 514/514/514 512/512/512
f 514/514/514 737/737/737 222/222/222
f 514/514/514 222/222/222 516/516/516
f 521/521/521 742/742/742 735/735/735
f 521/521/521 735/735/735 507/507/507
f 742/742/742 521/521/521 475/475/475
f 742/742/742 475/475/475 743/743/743
f 539/539/539 527/527/527 273/273/273
f 539/539/539 273/273/273 285/285/285
f 511/511/511 508/508/508 736/736/736
f 511/511/511 736/736/736 696/696/696
f 746/746/746 747/747/747 748/748/748
f 746/746/746 748/748/748 749/749/749
f 750/750/750 751/751/751 752/752/752
f 750/750/750 752/752/752 753/753/753
f 754/754/754 755/755/755 756/756/756
f 754/754/754 756/756/756 757/757/757
f 757/757/757 756/756/756 758/758/758
f 757/757/757 758/758/758 759/759/759
f 759/759/759 758/758/758 474/474/474
f 759/759/759 474/474/474 473/473/473
f 760/760/760 750/750/750 753/753/753
f 760/760/760 753/753/753 761/761/761
f 762/762/762 763/763/763 751/751/751
f 762/762/762 751/751/751 750/750/750
f 764/764/764 763/763/763 762/762/762
f 764/764/764 762/762/762 765/765/765
f 571/571/571 522/522/522 523/523/523
f 571/571/571 523/523/523 572/572/572
f 753/753/753 752/752/752 755/755/755
f 753/753/753 755/755/755 754/754/754
f 766/766/766 754/754/754 757/757/757
f 766/766/766 757/757/757 767/767/767
f 767/767/767 757/757/757 759/759/759
f 767/767/767 759/759/759 768/768/768
f 768/768/768 759/759/759 473/473/473
f 768/768/768 473/473/473 769/769/769
f 770/770/770 762/762/762 750/750/750
f 770/770/770 750/750/750 760/760/760
f 762/762/762 770/770/770 771/771/771
f 762/762/762 771/771/771 765/765/765
f 355/355/355 772/772/772 773/773/773
f 355/355/355 773/773/773 356/356/356
f 761/761/761 753/753/753 754/754/754
f 761/761/761 754/754/754 766/766/766
f 774/774/774 760/760/760 761/761/761
f 774/774/774 761/761/761 775/775/775
f 776/776/776 766/766/766 767/767/767
f 776/776/776 767/767/767 777/777/777
f 777/777/777 767/767/767 768/768/768
f 777/777/777 768/768/768 778/778/778
f 778/778/778 768/768/768 769/769/769
f 778/778/778 769/769/769 779/779/779
f 780/780/780 770/770/770 760/760/760
f 780/780/780 760/760/760 774/774/774
f 770/770/770 780/780/780 103/103/103
f 770/770/770 103/103/103 771/771/771
f 781/781/781 782/782/782 783/783/783
f 781/781/781 783/783/783 784/784/784
f 775/775/775 761/761/761 766/766/766
f 775/775/775 766/766/766 776/776/776
f 785/785/785 774/774/774 775/775/775
f 785/785/785 775/775/775 786/786/786
f 787/787/787 776/776/776 777/777/777
f 787/787/787 777/777/777 590/590/590
f 590/590/590 777/777/777 778/778/778
f 590/590/590 778/778/778 591/591/591
f 591/591/591 778/778/778 779/779/779
f 591/591/591 779/779/779 788/788/788
f 789/789/789 780/780/780 774/774/774
f 789/789/789 774/774/774 785/785/785
f 780/780/780 789/789/789 104/104/104
f 780/780/780 104/104/104 103/103/103
f 117/117/117 790/790/790 791/791/791
f 117/117/117 791/791/791 118/118/118
f 786/786/786 775/775/775 776/776/776
f 786/786/786 776/776/776 787/787/787
f 792/792/792 785/785/785 786/786/786
f 792/792/792 786/786/786 793/793/793
f 794/794/794 787/787/787 590/590/590
f 794/794/794 590/590/590 589/589/589
f 789/789/789 795/795/795 173/173/173
f 789/789/789 173/173/173 104/104/104
f 592/592/592 591/591/591 788/788/788
f 592/592/592 788/788/788 796/796/796
f 795/795/795 789/789/789 785/785/785
f 795/795/795 785/785/785 792/792/792
f 797/797/797 798/798/798 799/799/799
f 797/797/797 799/799/799 764/764/764
f 793/793/793 786/786/786 787/787/787
f 793/793/793 787/787/787 794/794/794
f 748/748/748 800/800/800 801/801/801
f 748/748/748 801/801/801 749/749/749
f 802/802/802 792/792/792 793/793/793
f 802/802/802 793/793/793 803/803/803
f 804/804/804 794/794/794 589/589/589
f 804/804/804 589/589/589 805/805/805
f 805/805/805 589/589/589 592/592/592
f 805/805/805 592/592/592 806/806/806
f 806/806/806 592/592/592 796/796/796
f 806/806/806 796/796/796 411/411/411
f 807/807/807 795/795/795 792/792/792
f 807/807/807 792/792/792 802/802/802
f 795/795/795 807/807/807 174/174/174
f 795/795/795 174/174/174 173/173/173
f 543/543/543 808/808/808 809/809/809
f 543/543/543 809/809/809 544/544/544
f 803/803/803 793/793/793 794/794/794
f 803/803/803 794/794/794 804/804/804
f 810/810/810 802/802/802 803/803/803
f 810/810/810 803/803/803 811/811/811
f 812/812/812 804/804/804 805/805/805
f 812/812/812 805/805/805 636/636/636
f 636/636/636 805/805/805 806/806/806
f 636/636/636 806/806/806 637/637/637
f 637/637/637 806/806/806 411/411/411
f 637/637/637 411/411/411 410/410/410
f 813/813/813 807/807/807 802/802/802
f 813/813/813 802/802/802 810/810/810
f 807/807/807 813/813/813 814/814/814
f 807/807/807 814/814/814 174/174/174
f 815/815/815 816/816/816 817/817/817
f 815/815/815 817/817/817 818/818/818
f 811/811/811 803/803/803 804/804/804
f 811/811/811 804/804/804 812/812/812
f 819/819/819 810/810/810 811/811/811
f 819/819/819 811/811/811 820/820/820
f 821/821/821 812/812/812 636/636/636
f 821/821/821 636/636/636 635/635/635
f 813/813/813 822/822/822 654/654/654
f 813/813/813 654/654/654 814/814/814
f 638/638/638 637/637/637 410/410/410
f 638/638/638 410/410/410 823/823/823
f 822/822/822 813/813/813 810/810/810
f 822/822/822 810/810/810 819/819/819
f 553/553/553 374/374/374 377/377/377
f 553/553/553 377/377/377 554/554/554
f 820/820/820 811/811/811 812/812/812
f 820/820/820 812/812/812 821/821/821
f 824/824/824 825/825/825 826/826/826
f 824/824/824 826/826/826 827/827/827
f 828/828/828 819/819/819 820/820/820
f 828/828/828 820/820/820 829/829/829
f 830/830/830 821/821/821 635/635/635
f 830/830/830 635/635/635 831/831/831
f 831/831/831 635/635/635 638/638/638
f 831/831/831 638/638/638 832/832/832
f 832/832/832 638/638/638 823/823/823
f 832/832/832 823/823/823 833/833/833
f 834/834/834 822/822/822 819/819/819
f 834/834/834 819/819/819 828/828/828
f 822/822/822 834/834/834 655/655/655
f 822/822/822 655/655/655 654/654/654
f 345/345/345 407/407/407 112/112/112
f 345/345/345 112/112/112 169/169/169
f 829/829/829 820/820/820 821/821/821
f 829/829/829 821/821/821 830/830/830
f 835/835/835 828/828/828 829/829/829
f 835/835/835 829/829/829 836/836/836
f 837/837/837 830/830/830 831/831/831
f 837/837/837 831/831/831 838/838/838
f 838/838/838 831/831/831 832/832/832
f 838/838/838 832/832/832 839/839/839
f 839/839/839 832/832/832 833/833/833
f 839/839/839 833/833/833 840/840/840
f 841/841/841 834/834/834 828/828/828
f 841/841/841 828/828/828 835/835/835
f 834/834/834 841/841/841 842/842/842
f 834/834/834 842/842/842 655/655/655
f 479/479/479 470/470/470 155/155/155
f 479/479/479 155/155/155 61/61/61
f 836/836/836 829/829/829 830/830/830
f 836/836/836 830/830/830 837/837/837
f 843/843/843 835/835/835 836/836/836
f 843/843/843 836/836/836 844/844/844
f 845/845/845 837/837/837 838/838/838
f 845/845/845 838/838/838 739/739/739
f 739/739/739 838/838/838 839/839/839
f 739/739/739 839/839/839 740/740/740
f 740/740/740 839/839/839 840/840/840
f 740/740/740 840/840/840 664/664/664
f 846/846/846 841/841/841 835/835/835
f 846/846/846 835/835/835 843/843/843
f 841/841/841 846/846/846 847/847/847
f 841/841/841 847/847/847 842/842/842
f 289/289/289 283/283/283 212/212/212
f 289/289/289 212/212/212 54/54/54
f 844/844/844 836/836/836 837/837/837
f 844/844/844 837/837/837 845/845/845
f 848/848/848 849/849/849 843/843/843
f 848/848/848 843/843/843 844/844/844
f 850/850/850 845/845/845 739/739/739
f 850/850/850 739/739/739 738/738/738
f 740/740/740 664/664/664 663/663/663
f 740/740/740 663/663/663 741/741/741
f 851/851/851 846/846/846 843/843/843
f 851/851/851 843/843/843 849/849/849
f 846/846/846 851/851/851 852/852/852
f 846/846/846 852/852/852 847/847/847
f 275/275/275 364/364/364 367/367/367
f 275/275/275 367/367/367 276/276/276
f 848/848/848 844/844/844 845/845/845
f 848/848/848 845/845/845 850/850/850
f 853/853/853 849/849/849 848/848/848
f 853/853/853 848/848/848 854/854/854
f 855/855/855 738/738/738 741/741/741
f 855/855/855 741/741/741 856/856/856
f 857/857/857 850/850/850 738/738/738
f 857/857/857 738/738/738 855/855/855
f 858/858/858 859/859/859 860/860/860
f 858/858/858 860/860/860 861/861/861
f 856/856/856 741/741/741 663/663/663
f 856/856/856 663/663/663 862/862/862
f 863/863/863 851/851/851 849/849/849
f 863/863/863 849/849/849 853/853/853
f 851/851/851 863/863/863 864/864/864
f 851/851/851 864/864/864 852/852/852
f 865/865/865 866/866/866 189/189/189
f 865/865/865 189/189/189 152/152/152
f 854/854/854 848/848/848 850/850/850
f 854/854/854 850/850/850 857/857/857
f 867/867/867 853/853/853 854/854/854
f 867/867/867 854/854/854 868/868/868
f 869/869/869 857/857/857 855/855/855
f 869/869/869 855/855/855 870/870/870
f 870/870/870 855/855/855 856/856/856
f 870/870/870 856/856/856 871/871/871
f 871/871/871 856/856/856 862/862/862
f 871/871/871 862/862/862 872/872/872
f 873/873/873 863/863/863 853/853/853
f 873/873/873 853/853/853 867/867/867
f 863/863/863 873/873/873 809/809/809
f 863/863/863 809/809/809 864/864/864
f 186/186/186 274/274/274 277/277/277
f 186/186/186 277/277/277 187/187/187
f 868/868/868 854/854/854 857/857/857
f 868/868/868 857/857/857 869/869/869
f 874/874/874 867/867/867 868/868/868
f 874/874/874 868/868/868 875/875/875
f 876/876/876 869/869/869 870/870/870
f 876/876/876 870/870/870 877/877/877
f 877/877/877 870/870/870 871/871/871
f 877/877/877 871/871/871 878/878/878
f 878/878/878 871/871/871 872/872/872
f 878/878/878 872/872/872 430/430/430
f 879/879/879 873/873/873 867/867/867
f 879/879/879 867/867/867 874/874/874
f 873/873/873 879/879/879 544/544/544
f 873/873/873 544/544/544 809/809/809
f 492/492/492 479/479/479 61/61/61
f 492/492/492 61/61/61 62/62/62
f 875/875/875 868/868/868 869/869/869
f 875/875/875 869/869/869 876/876/876
f 880/880/880 874/874/874 875/875/875
f 880/880/880 875/875/875 881/881/881
f 882/882/882 876/876/876 877/877/877
f 882/882/882 877/877/877 883/883/883
f 883/883/883 877/877/877 878/878/878
f 883/883/883 878/878/878 884/884/884
f 884/884/884 878/878/878 430/430/430
f 884/884/884 430/430/430 429/429/429
f 885/885/885 879/879/879 874/874/874
f 885/885/885 874/874/874 880/880/880
f 879/879/879 885/885/885 545/545/545
f 879/879/879 545/545/545 544/544/544
f 886/886/886 887/887/887 888/888/888
f 886/886/886 888/888/888 889/889/889
f 881/881/881 875/875/875 876/876/876
f 881/881/881 876/876/876 882/882/882
f 890/890/890 880/880/880 881/881/881
f 890/890/890 881/881/881 891/891/891
f 732/732/732 882/882/882 883/883/883
f 732/732/732 883/883/883 733/733/733
f 733/733/733 883/883/883 884/884/884
f 733/733/733 884/884/884 892/892/892
f 892/892/892 884/884/884 429/429/429
f 892/892/892 429/429/429 893/893/893
f 894/894/894 885/885/885 880/880/880
f 894/894/894 880/880/880 890/890/890
f 885/885/885 894/894/894 895/895/895
f 885/885/885 895/895/895 545/545/545
f 896/896/896 897/897/897 898/898/898
f 896/896/896 898/898/898 899/899/899
f 891/891/891 881/881/881 882/882/882
f 891/891/891 882/882/882 732/732/732
f 900/900/900 890/890/890 891/891/891
f 900/900/900 891/891/891 901/901/901
f 733/733/733 892/892/892 902/902/902
f 733/733/733 902/902/902 734/734/734
f 902/902/902 892/892/892 893/893/893
f 902/902/902 893/893/893 903/903/903
f 904/904/904 894/894/894 890/890/890
f 904/904/904 890/890/890 900/900/900
f 894/894/894 904/904/904 898/898/898
f 894/894/894 898/898/898 895/895/895
f 399/399/399 387/387/387 128/128/128
f 399/399/399 128/128/128 111/111/111
f 731/731/731 901/901/901 891/891/891
f 731/731/731 891/891/891 732/732/732
f 905/905/905 900/900/900 901/901/901
f 905/905/905 901/901/901 906/906/906
f 907/907/907 731/731/731 734/734/734
f 907/907/907 734/734/734 908/908/908
f 755/755/755 909/909/909 910/910/910
f 755/755/755 910/910/910 756/756/756
f 908/908/908 734/734/734 902/902/902
f 908/908/908 902/902/902 911/911/911
f 911/911/911 902/902/902 903/903/903
f 911/911/911 903/903/903 912/912/912
f 913/913/913 904/904/904 900/900/900
f 913/913/913 900/900/900 905/905/905
f 904/904/904 913/913/913 899/899/899
f 904/904/904 899/899/899 898/898/898
f 202/202/202 552/552/552 555/555/555
f 202/202/202 555/555/555 203/203/203
f 906/906/906 901/901/901 731/731/731
f 906/906/906 731/731/731 907/907/907
f 914/914/914 915/915/915 916/916/916
f 914/914/914 916/916/916 917/917/917
f 918/918/918 919/919/919 920/920/920
f 918/918/918 920/920/920 921/921/921
f 921/921/921 920/920/920 922/922/922
f 921/921/921 922/922/922 923/923/923
f 923/923/923 922/922/922 465/465/465
f 923/923/923 465/465/465 464/464/464
f 924/924/924 925/925/925 915/915/915
f 924/924/924 915/915/915 914/914/914
f 925/925/925 924/924/924 926/926/926
f 925/925/925 926/926/926 927/927/927
f 928/928/928 929/929/929 930/930/930
f 928/928/928 930/930/930 931/931/931
f 917/917/917 916/916/916 919/919/919
f 917/917/917 919/919/919 918/918/918
f 932/932/932 914/914/914 917/917/917
f 932/932/932 917/917/917 933/933/933
f 747/747/747 918/918/918 921/921/921
f 747/747/747 921/921/921 748/748/748
f 748/748/748 921/921/921 923/923/923
f 748/748/748 923/923/923 800/800/800
f 800/800/800 923/923/923 464/464/464
f 800/800/800 464/464/464 70/70/70
f 934/934/934 924/924/924 914/914/914
f 934/934/934 914/914/914 932/932/932
f 924/924/924 934/934/934 935/935/935
f 924/924/924 935/935/935 926/926/926
f 929/929/929 936/936/936 937/937/937
f 929/929/929 937/937/937 930/930/930
f 933/933/933 917/917/917 918/918/918
f 933/933/933 918/918/918 747/747/747
f 938/938/938 939/939/939 932/932/932
f 938/938/938 932/932/932 933/933/933
f 800/800/800 70/70/70 69/69/69
f 800/800/800 69/69/69 801/801/801
f 940/940/940 934/934/934 932/932/932
f 940/940/940 932/932/932 939/939/939
f 934/934/934 940/940/940 941/941/941
f 934/934/934 941/941/941 935/935/935
f 942/942/942 943/943/943 944/944/944
f 942/942/942 944/944/944 945/945/945
f 938/938/938 933/933/933 747/747/747
f 938/938/938 747/747/747 746/746/746
f 946/946/946 947/947/947 948/948/948
f 946/946/946 948/948/948 949/949/949
f 950/950/950 939/939/939 938/938/938
f 950/950/950 938/938/938 951/951/951
f 910/910/910 749/749/749 801/801/801
f 910/910/910 801/801/801 952/952/952
f 909/909/909 746/746/746 749/749/749
f 909/909/909 749/749/749 910/910/910
f 953/953/953 954/954/954 955/955/955
f 953/953/953 955/955/955 956/956/956
f 952/952/952 801/801/801 69/69/69
f 952/952/952 69/69/69 957/957/957
f 958/958/958 940/940/940 939/939/939
f 958/958/958 939/939/939 950/950/950
f 940/940/940 958/958/958 799/799/799
f 940/940/940 799/799/799 941/941/941
f 42/42/42 670/670/670 420/420/420
f 42/42/42 420/420/420 43/43/43
f 951/951/951 938/938/938 746/746/746
f 951/951/951 746/746/746 909/909/909
f 751/751/751 950/950/950 951/951/951
f 751/751/751 951/951/951 752/752/752
f 910/910/910 952/952/952 758/758/758
f 910/910/910 758/758/758 756/756/756
f 758/758/758 952/952/952 957/957/957
f 758/758/758 957/957/957 474/474/474
f 763/763/763 958/958/958 950/950/950
f 763/763/763 950/950/950 751/751/751
f 958/958/958 763/763/763 764/764/764
f 958/958/958 764/764/764 799/799/799
f 140/140/140 561/561/561 300/300/300
f 140/140/140 300/300/300 141/141/141
f 755/755/755 752/752/752 951/951/951
f 755/755/755 951/951/951 909/909/909
f 959/959/959 960/960/960 961/961/961
f 959/959/959 961/961/961 962/962/962
f 963/963/963 964/964/964 965/965/965
f 963/963/963 965/965/965 966/966/966
f 967/967/967 968/968/968 969/969/969
f 967/967/967 969/969/969 970/970/970
f 970/970/970 969/969/969 971/971/971
f 970/970/970 971/971/971 972/972/972
f 972/972/972 971/971/971 797/797/797
f 972/972/972 797/797/797 973/973/973
f 974/974/974 963/963/963 966/966/966
f 974/974/974 966/966/966 975/975/975
f 976/976/976 977/977/977 964/964/964
f 976/976/976 964/964/964 963/963/963
f 978/978/978 977/977/977 976/976/976
f 978/978/978 976/976/976 979/979/979
f 609/609/609 234/234/234 235/235/235
f 609/609/609 235/235/235 353/353/353
f 966/966/966 965/965/965 968/968/968
f 966/966/966 968/968/968 967/967/967
f 980/980/980 967/967/967 970/970/970
f 980/980/980 970/970/970 981/981/981
f 981/981/981 970/970/970 972/972/972
f 981/981/981 972/972/972 982/982/982
f 982/982/982 972/972/972 973/973/973
f 982/982/982 973/973/973 983/983/983
f 984/984/984 976/976/976 963/963/963
f 984/984/984 963/963/963 974/974/974
f 976/976/976 984/984/984 985/985/985
f 976/976/976 985/985/985 979/979/979
f 975/975/975 966/966/966 967/967/967
f 975/975/975 967/967/967 980/980/980
f 986/986/986 974/974/974 975/975/975
f 986/986/986 975/975/975 987/987/987
f 988/988/988 980/980/980 981/981/981
f 988/988/988 981/981/981 989/989/989
f 989/989/989 981/981/981 982/982/982
f 989/989/989 982/982/982 990/990/990
f 990/990/990 982/982/982 983/983/983
f 990/990/990 983/983/983 102/102/102
f 991/991/991 984/984/984 974/974/974
f 991/991/991 974/974/974 986/986/986
f 984/984/984 991/991/991 992/992/992
f 984/984/984 992/992/992 985/985/985
f 769/769/769 473/473/473 476/476/476
f 769/769/769 476/476/476 529/529/529
f 987/987/987 975/975/975 980/980/980
f 987/987/987 980/980/980 988/988/988
f 993/993/993 986/986/986 987/987/987
f 993/993/993 987/987/987 994/994/994
f 995/995/995 988/988/988 989/989/989
f 995/995/995 989/989/989 825/825/825
f 825/825/825 989/989/989 990/990/990
f 825/825/825 990/990/990 826/826/826
f 826/826/826 990/990/990 102/102/102
f 826/826/826 102/102/102 101/101/101
f 996/996/996 991/991/991 986/986/986
f 996/996/996 986/986/986 993/993/993
f 991/991/991 996/996/996 997/997/997
f 991/991/991 997/997/997 992/992/992
f 998/998/998 494/494/494 497/497/497
f 998/998/998 497/497/497 999/999/999
f 994/994/994 987/987/987 988/988/988
f 994/994/994 988/988/988 995/995/995
f 1000/1000/1000 993/993/993 994/994/994
f 1000/1000/1000 994/994/994 1001/1001/1001
f 1002/1002/1002 995/995/995 825/825/825
f 1002/1002/1002 825/825/825 824/824/824
f 996/996/996 1003/1003/1003 1004/1004/1004
f 996/996/996 1004/1004/1004 997/997/997
f 827/827/827 826/826/826 101/101/101
f 827/827/827 101/101/101 172/172/172
f 1003/1003/1003 996/996/996 993/993/993
f 1003/1003/1003 993/993/993 1000/1000/1000
f 164/164/164 998/998/998 999/999/999
f 164/164/164 999/999/999 165/165/165
f 1001/1001/1001 994/994/994 995/995/995
f 1001/1001/1001 995/995/995 1002/1002/1002
f 961/961/961 1005/1005/1005 1006/1006/1006
f 961/961/961 1006/1006/1006 962/962/962
f 1007/1007/1007 1000/1000/1000 1001/1001/1001
f 1007/1007/1007 1001/1001/1001 1008/1008/1008
f 1009/1009/1009 1002/1002/1002 824/824/824
f 1009/1009/1009 824/824/824 1010/1010/1010
f 1010/1010/1010 824/824/824 827/827/827
f 1010/1010/1010 827/827/827 1011/1011/1011
f 1011/1011/1011 827/827/827 172/172/172
f 1011/1011/1011 172/172/172 171/171/171
f 1012/1012/1012 1003/1003/1003 1000/1000/1000
f 1012/1012/1012 1000/1000/1000 1007/1007/1007
f 1003/1003/1003 1012/1012/1012 1013/1013/1013
f 1003/1003/1003 1013/1013/1013 1004/1004/1004
f 1014/1014/1014 163/163/163 166/166/166
f 1014/1014/1014 166/166/166 1015/1015/1015
f 1008/1008/1008 1001/1001/1001 1002/1002/1002
f 1008/1008/1008 1002/1002/1002 1009/1009/1009
f 1016/1016/1016 1007/1007/1007 1008/1008/1008
f 1016/1016/1016 1008/1008/1008 1017/1017/1017
f 1018/1018/1018 1009/1009/1009 1010/1010/1010
f 1018/1018/1018 1010/1010/1010 859/859/859
f 859/859/859 1010/1010/1010 1011/1011/1011
f 859/859/859 1011/1011/1011 860/860/860
f 860/860/860 1011/1011/1011 171/171/171
f 860/860/860 171/171/171 1019/1019/1019
f 1020/1020/1020 1012/1012/1012 1007/1007/1007
f 1020/1020/1020 1007/1007/1007 1016/1016/1016
f 1012/1012/1012 1020/1020/1020 1021/1021/1021
f 1012/1012/1012 1021/1021/1021 1013/1013/1013
f 1022/1022/1022 1023/1023/1023 1024/1024/1024
f 1022/1022/1022 1024/1024/1024 1025/1025/1025
f 1017/1017/1017 1008/1008/1008 1009/1009/1009
f 1017/1017/1017 1009/1009/1009 1018/1018/1018
f 1026/1026/1026 1016/1016/1016 1017/1017/1017
f 1026/1026/1026 1017/1017/1017 1027/1027/1027
f 1028/1028/1028 1018/1018/1018 859/859/859
f 1028/1028/1028 859/859/859 858/858/858
f 1020/1020/1020 1029/1029/1029 1030/1030/1030
f 1020/1020/1020 1030/1030/1030 1021/1021/1021
f 861/861/861 860/860/860 1019/1019/1019
f 861/861/861 1019/1019/1019 653/653/653
f 1029/1029/1029 1020/1020/1020 1016/1016/1016
f 1029/1029/1029 1016/1016/1016 1026/1026/1026
f 256/256/256 492/492/492 62/62/62
f 256/256/256 62/62/62 139/139/139
f 1027/1027/1027 1017/1017/1017 1018/1018/1018
f 1027/1027/1027 1018/1018/1018 1028/1028/1028
f 997/997/997 1004/1004/1004 1031/1031/1031
f 997/997/997 1031/1031/1031 1032/1032/1032
f 1033/1033/1033 1026/1026/1026 1027/1027/1027
f 1033/1033/1033 1027/1027/1027 1034/1034/1034
f 1035/1035/1035 1028/1028/1028 858/858/858
f 1035/1035/1035 858/858/858 1036/1036/1036
f 1036/1036/1036 858/858/858 861/861/861
f 1036/1036/1036 861/861/861 1037/1037/1037
f 1037/1037/1037 861/861/861 653/653/653
f 1037/1037/1037 653/653/653 652/652/652
f 1038/1038/1038 1029/1029/1029 1026/1026/1026
f 1038/1038/1038 1026/1026/1026 1033/1033/1033
f 1029/1029/1029 1038/1038/1038 1039/1039/1039
f 1029/1029/1029 1039/1039/1039 1030/1030/1030
f 271/271/271 257/257/257 182/182/182
f 271/271/271 182/182/182 190/190/190
f 1034/1034/1034 1027/1027/1027 1028/1028/1028
f 1034/1034/1034 1028/1028/1028 1035/1035/1035
f 1040/1040/1040 1033/1033/1033 1034/1034/1034
f 1040/1040/1040 1034/1034/1034 1041/1041/1041
f 1042/1042/1042 1035/1035/1035 1036/1036/1036
f 1042/1042/1042 1036/1036/1036 1043/1043/1043
f 1043/1043/1043 1036/1036/1036 1037/1037/1037
f 1043/1043/1043 1037/1037/1037 1044/1044/1044
f 1044/1044/1044 1037/1037/1037 652/652/652
f 1044/1044/1044 652/652/652 1045/1045/1045
f 1046/1046/1046 1038/1038/1038 1033/1033/1033
f 1046/1046/1046 1033/1033/1033 1040/1040/1040
f 1038/1038/1038 1046/1046/1046 1047/1047/1047
f 1038/1038/1038 1047/1047/1047 1039/1039/1039
f 779/779/779 769/769/769 529/529/529
f 779/779/779 529/529/529 541/541/541
f 1041/1041/1041 1034/1034/1034 1035/1035/1035
f 1041/1041/1041 1035/1035/1035 1042/1042/1042
f 1048/1048/1048 1040/1040/1040 1041/1041/1041
f 1048/1048/1048 1041/1041/1041 1049/1049/1049
f 1050/1050/1050 1042/1042/1042 1043/1043/1043
f 1050/1050/1050 1043/1043/1043 954/954/954
f 954/954/954 1043/1043/1043 1044/1044/1044
f 954/954/954 1044/1044/1044 955/955/955
f 955/955/955 1044/1044/1044 1045/1045/1045
f 955/955/955 1045/1045/1045 1051/1051/1051
f 1052/1052/1052 1046/1046/1046 1040/1040/1040
f 1052/1052/1052 1040/1040/1040 1048/1048/1048
f 1046/1046/1046 1052/1052/1052 1053/1053/1053
f 1046/1046/1046 1053/1053/1053 1047/1047/1047
f 703/703/703 1054/1054/1054 1055/1055/1055
f 703/703/703 1055/1055/1055 704/704/704
f 1049/1049/1049 1041/1041/1041 1042/1042/1042
f 1049/1049/1049 1042/1042/1042 1050/1050/1050
f 1056/1056/1056 1057/1057/1057 1048/1048/1048
f 1056/1056/1056 1048/1048/1048 1049/1049/1049
f 1058/1058/1058 1050/1050/1050 954/954/954
f 1058/1058/1058 954/954/954 953/953/953
f 955/955/955 1051/1051/1051 1059/1059/1059
f 955/955/955 1059/1059/1059 956/956/956
f 1060/1060/1060 1052/1052/1052 1048/1048/1048
f 1060/1060/1060 1048/1048/1048 1057/1057/1057
f 1052/1052/1052 1060/1060/1060 1061/1061/1061
f 1052/1052/1052 1061/1061/1061 1053/1053/1053
f 1062/1062/1062 1063/1063/1063 1064/1064/1064
f 1062/1062/1062 1064/1064/1064 1065/1065/1065
f 1056/1056/1056 1049/1049/1049 1050/1050/1050
f 1056/1056/1056 1050/1050/1050 1058/1058/1058
f 1066/1066/1066 1057/1057/1057 1056/1056/1056
f 1066/1066/1066 1056/1056/1056 1067/1067/1067
f 1068/1068/1068 953/953/953 956/956/956
f 1068/1068/1068 956/956/956 1069/1069/1069
f 1070/1070/1070 1058/1058/1058 953/953/953
f 1070/1070/1070 953/953/953 1068/1068/1068
f 1071/1071/1071 1072/1072/1072 1021/1021/1021
f 1071/1071/1071 1021/1021/1021 1030/1030/1030
f 1069/1069/1069 956/956/956 1059/1059/1059
f 1069/1069/1069 1059/1059/1059 1073/1073/1073
f 1074/1074/1074 1060/1060/1060 1057/1057/1057
f 1074/1074/1074 1057/1057/1057 1066/1066/1066
f 1060/1060/1060 1074/1074/1074 1075/1075/1075
f 1060/1060/1060 1075/1075/1075 1061/1061/1061
f 1076/1076/1076 1062/1062/1062 1065/1065/1065
f 1076/1076/1076 1065/1065/1065 1077/1077/1077
f 1067/1067/1067 1056/1056/1056 1058/1058/1058
f 1067/1067/1067 1058/1058/1058 1070/1070/1070
f 1078/1078/1078 1066/1066/1066 1067/1067/1067
f 1078/1078/1078 1067/1067/1067 1079/1079/1079
f 1080/1080/1080 1070/1070/1070 1068/1068/1068
f 1080/1080/1080 1068/1068/1068 1081/1081/1081
f 1081/1081/1081 1068/1068/1068 1069/1069/1069
f 1081/1081/1081 1069/1069/1069 1082/1082/1082
f 1082/1082/1082 1069/1069/1069 1073/1073/1073
f 1082/1082/1082 1073/1073/1073 808/808/808
f 1083/1083/1083 1074/1074/1074 1066/1066/1066
f 1083/1083/1083 1066/1066/1066 1078/1078/1078
f 1074/1074/1074 1083/1083/1083 1084/1084/1084
f 1074/1074/1074 1084/1084/1084 1075/1075/1075
f 407/407/407 399/399/399 111/111/111
f 407/407/407 111/111/111 112/112/112
f 1079/1079/1079 1067/1067/1067 1070/1070/1070
f 1079/1079/1079 1070/1070/1070 1080/1080/1080
f 1085/1085/1085 1078/1078/1078 1079/1079/1079
f 1085/1085/1085 1079/1079/1079 1086/1086/1086
f 1087/1087/1087 1080/1080/1080 1081/1081/1081
f 1087/1087/1087 1081/1081/1081 1088/1088/1088
f 1088/1088/1088 1081/1081/1081 1082/1082/1082
f 1088/1088/1088 1082/1082/1082 1089/1089/1089
f 1089/1089/1089 1082/1082/1082 808/808/808
f 1089/1089/1089 808/808/808 543/543/543
f 1090/1090/1090 1083/1083/1083 1078/1078/1078
f 1090/1090/1090 1078/1078/1078 1085/1085/1085
f 1083/1083/1083 1090/1090/1090 1091/1091/1091
f 1083/1083/1083 1091/1091/1091 1084/1084/1084
f 833/833/833 823/823/823 586/586/586
f 833/833/833 586/586/586 599/599/599
f 1086/1086/1086 1079/1079/1079 1080/1080/1080
f 1086/1086/1086 1080/1080/1080 1087/1087/1087
f 1092/1092/1092 1085/1085/1085 1086/1086/1086
f 1092/1092/1092 1086/1086/1086 1093/1093/1093
f 1094/1094/1094 1087/1087/1087 1088/1088/1088
f 1094/1094/1094 1088/1088/1088 1095/1095/1095
f 1095/1095/1095 1088/1088/1088 1089/1089/1089
f 1095/1095/1095 1089/1089/1089 1096/1096/1096
f 1096/1096/1096 1089/1089/1089 543/543/543
f 1096/1096/1096 543/543/543 542/542/542
f 1097/1097/1097 1090/1090/1090 1085/1085/1085
f 1097/1097/1097 1085/1085/1085 1092/1092/1092
f 1090/1090/1090 1097/1097/1097 1098/1098/1098
f 1090/1090/1090 1098/1098/1098 1091/1091/1091
f 303/303/303 942/942/942 945/945/945
f 303/303/303 945/945/945 304/304/304
f 1093/1093/1093 1086/1086/1086 1087/1087/1087
f 1093/1093/1093 1087/1087/1087 1094/1094/1094
f 1099/1099/1099 1092/1092/1092 1093/1093/1093
f 1099/1099/1099 1093/1093/1093 1100/1100/1100
f 947/947/947 1094/1094/1094 1095/1095/1095
f 947/947/947 1095/1095/1095 948/948/948
f 948/948/948 1095/1095/1095 1096/1096/1096
f 948/948/948 1096/1096/1096 1101/1101/1101
f 1101/1101/1101 1096/1096/1096 542/542/542
f 1101/1101/1101 542/542/542 1102/1102/1102
f 1103/1103/1103 1097/1097/1097 1092/1092/1092
f 1103/1103/1103 1092/1092/1092 1099/1099/1099
f 1097/1097/1097 1103/1103/1103 1104/1104/1104
f 1097/1097/1097 1104/1104/1104 1098/1098/1098
f 653/653/653 1019/1019/1019 814/814/814
f 653/653/653 814/814/814 654/654/654
f 1100/1100/1100 1093/1093/1093 1094/1094/1094
f 1100/1100/1100 1094/1094/1094 947/947/947
f 1105/1105/1105 1099/1099/1099 1100/1100/1100
f 1105/1105/1105 1100/1100/1100 1106/1106/1106
f 948/948/948 1101/1101/1101 1107/1107/1107
f 948/948/948 1107/1107/1107 949/949/949
f 1107/1107/1107 1101/1101/1101 1102/1102/1102
f 1107/1107/1107 1102/1102/1102 897/897/897
f 1108/1108/1108 1103/1103/1103 1099/1099/1099
f 1108/1108/1108 1099/1099/1099 1105/1105/1105
f 1103/1103/1103 1108/1108/1108 1109/1109/1109
f 1103/1103/1103 1109/1109/1109 1104/1104/1104
f 1110/1110/1110 264/264/264 267/267/267
f 1110/1110/1110 267/267/267 1111/1111/1111
f 946/946/946 1106/1106/1106 1100/1100/1100
f 946/946/946 1100/1100/1100 947/947/947
f 1112/1112/1112 1105/1105/1105 1106/1106/1106
f 1112/1112/1112 1106/1106/1106 1113/1113/1113
f 1114/1114/1114 946/946/946 949/949/949
f 1114/1114/1114 949/949/949 1115/1115/1115
f 968/968/968 1116/1116/1116 1117/1117/1117
f 968/968/968 1117/1117/1117 969/969/969
f 1115/1115/1115 949/949/949 1107/1107/1107
f 1115/1115/1115 1107/1107/1107 1118/1118/1118
f 1118/1118/1118 1107/1107/1107 897/897/897
f 1118/1118/1118 897/897/897 896/896/896
f 1119/1119/1119 1108/1108/1108 1105/1105/1105
f 1119/1119/1119 1105/1105/1105 1112/1112/1112
f 1108/1108/1108 1119/1119/1119 1120/1120/1120
f 1108/1108/1108 1120/1120/1120 1109/1109/1109
f 1121/1121/1121 886/886/886 889/889/889
f 1121/1121/1121 889/889/889 1122/1122/1122
f 1113/1113/1113 1106/1106/1106 946/946/946
f 1113/1113/1113 946/946/946 1114/1114/1114
f 1123/1123/1123 1124/1124/1124 1125/1125/1125
f 1123/1123/1123 1125/1125/1125 1126/1126/1126
f 1127/1127/1127 1128/1128/1128 1129/1129/1129
f 1127/1127/1127 1129/1129/1129 1130/1130/1130
f 1130/1130/1130 1129/1129/1129 1131/1131/1131
f 1130/1130/1130 1131/1131/1131 1132/1132/1132
f 1132/1132/1132 1131/1131/1131 1133/1133/1133
f 1132/1132/1132 1133/1133/1133 1134/1134/1134
f 1135/1135/1135 1136/1136/1136 1124/1124/1124
f 1135/1135/1135 1124/1124/1124 1123/1123/1123
f 1136/1136/1136 1135/1135/1135 1137/1137/1137
f 1136/1136/1136 1137/1137/1137 1138/1138/1138
f 313/313/313 301/301/301 53/53/53
f 313/313/313 53/53/53 37/37/37
f 1126/1126/1126 1125/1125/1125 1128/1128/1128
f 1126/1126/1126 1128/1128/1128 1127/1127/1127
f 1139/1139/1139 1123/1123/1123 1126/1126/1126
f 1139/1139/1139 1126/1126/1126 1140/1140/1140
f 960/960/960 1127/1127/1127 1130/1130/1130
f 960/960/960 1130/1130/1130 961/961/961
f 961/961/961 1130/1130/1130 1132/1132/1132
f 961/961/961 1132/1132/1132 1005/1005/1005
f 1005/1005/1005 1132/1132/1132 1134/1134/1134
f 1005/1005/1005 1134/1134/1134 1141/1141/1141
f 1142/1142/1142 1135/1135/1135 1123/1123/1123
f 1142/1142/1142 1123/1123/1123 1139/1139/1139
f 1135/1135/1135 1142/1142/1142 1143/1143/1143
f 1135/1135/1135 1143/1143/1143 1137/1137/1137
f 1144/1144/1144 55/55/55 58/58/58
f 1144/1144/1144 58/58/58 1145/1145/1145
f 1140/1140/1140 1126/1126/1126 1127/1127/1127
f 1140/1140/1140 1127/1127/1127 960/960/960
f 1146/1146/1146 1147/1147/1147 1139/1139/1139
f 1146/1146/1146 1139/1139/1139 1140/1140/1140
f 1005/1005/1005 1141/1141/1141 1148/1148/1148
f 1005/1005/1005 1148/1148/1148 1006/1006/1006
f 1149/1149/1149 1142/1142/1142 1139/1139/1139
f 1149/1149/1149 1139/1139/1139 1147/1147/1147
f 1142/1142/1142 1149/1149/1149 1150/1150/1150
f 1142/1142/1142 1150/1150/1150 1143/1143/1143
f 772/772/772 1151/1151/1151 1152/1152/1152
f 772/772/772 1152/1152/1152 773/773/773
f 1146/1146/1146 1140/1140/1140 960/960/960
f 1146/1146/1146 960/960/960 959/959/959
f 1104/1104/1104 1109/1109/1109 1153/1153/1153
f 1104/1104/1104 1153/1153/1153 1154/1154/1154
f 1155/1155/1155 1147/1147/1147 1146/1146/1146
f 1155/1155/1155 1146/1146/1146 1156/1156/1156
f 1117/1117/1117 962/962/962 1006/1006/1006
f 1117/1117/1117 1006/1006/1006 1157/1157/1157
f 1116/1116/1116 959/959/959 962/962/962
f 1116/1116/1116 962/962/962 1117/1117/1117
f 1053/1053/1053 1061/1061/1061 1158/1158/1158
f 1053/1053/1053 1158/1158/1158 1159/1159/1159
f 1157/1157/1157 1006/1006/1006 1148/1148/1148
f 1157/1157/1157 1148/1148/1148 798/798/798
f 1160/1160/1160 1149/1149/1149 1147/1147/1147
f 1160/1160/1160 1147/1147/1147 1155/1155/1155
f 1149/1149/1149 1160/1160/1160 1161/1161/1161
f 1149/1149/1149 1161/1161/1161 1150/1150/1150
f 1162/1162/1162 1163/1163/1163 1164/1164/1164
f 1162/1162/1162 1164/1164/1164 1165/1165/1165
f 1156/1156/1156 1146/1146/1146 959/959/959
f 1156/1156/1156 959/959/959 1116/1116/1116
f 964/964/964 1155/1155/1155 1156/1156/1156
f 964/964/964 1156/1156/1156 965/965/965
f 1117/1117/1117 1157/1157/1157 971/971/971
f 1117/1117/1117 971/971/971 969/969/969
f 971/971/971 1157/1157/1157 798/798/798
f 971/971/971 798/798/798 797/797/797
f 977/977/977 1160/1160/1160 1155/1155/1155
f 977/977/977 1155/1155/1155 964/964/964
f 1160/1160/1160 977/977/977 978/978/978
f 1160/1160/1160 978/978/978 1161/1161/1161
f 613/613/613 1162/1162/1162 1165/1165/1165
f 613/613/613 1165/1165/1165 614/614/614
f 968/968/968 965/965/965 1156/1156/1156
f 968/968/968 1156/1156/1156 1116/1116/1116
f 1143/1143/1143 1150/1150/1150 1166/1166/1166
f 1143/1143/1143 1166/1166/1166 1167/1167/1167
f 603/603/603 1168/1168/1168 1169/1169/1169
f 603/603/603 1169/1169/1169 1170/1170/1170
f 978/978/978 979/979/979 1171/1171/1171
f 978/978/978 1171/1171/1171 1172/1172/1172
f 1173/1173/1173 1174/1174/1174 1170/1170/1170
f 1173/1173/1173 1170/1170/1170 1169/1169/1169
f 1172/1172/1172 1171/1171/1171 1175/1175/1175
f 1172/1172/1172 1175/1175/1175 1176/1176/1176
f 387/387/387 371/371/371 129/129/129
f 387/387/387 129/129/129 128/128/128
f 979/979/979 985/985/985 1177/1177/1177
f 979/979/979 1177/1177/1177 1171/1171/1171
f 1178/1178/1178 320/320/320 323/323/323
f 1178/1178/1178 323/323/323 1173/1173/1173
f 1171/1171/1171 1177/1177/1177 1178/1178/1178
f 1171/1171/1171 1178/1178/1178 1175/1175/1175
f 1179/1179/1179 1180/1180/1180 156/156/156
f 1179/1179/1179 156/156/156 217/217/217
f 323/323/323 1181/1181/1181 1174/1174/1174
f 323/323/323 1174/1174/1174 1173/1173/1173
f 1182/1182/1182 1177/1177/1177 985/985/985
f 1182/1182/1182 985/985/985 992/992/992
f 1177/1177/1177 1182/1182/1182 320/320/320
f 1177/1177/1177 320/320/320 1178/1178/1178
f 893/893/893 429/429/429 432/432/432
f 893/893/893 432/432/432 680/680/680
f 322/322/322 1183/1183/1183 1181/1181/1181
f 322/322/322 1181/1181/1181 323/323/323
f 992/992/992 997/997/997 1032/1032/1032
f 992/992/992 1032/1032/1032 1182/1182/1182
f 321/321/321 1184/1184/1184 1185/1185/1185
f 321/321/321 1185/1185/1185 322/322/322
f 1182/1182/1182 1032/1032/1032 321/321/321
f 1182/1182/1182 321/321/321 320/320/320
f 322/322/322 1185/1185/1185 1186/1186/1186
f 322/322/322 1186/1186/1186 1183/1183/1183
f 1184/1184/1184 321/321/321 1032/1032/1032
f 1184/1184/1184 1032/1032/1032 1031/1031/1031
f 1184/1184/1184 329/329/329 332/332/332
f 1184/1184/1184 332/332/332 1185/1185/1185
f 1019/1019/1019 171/171/171 174/174/174
f 1019/1019/1019 174/174/174 814/814/814
f 332/332/332 1187/1187/1187 1186/1186/1186
f 332/332/332 1186/1186/1186 1185/1185/1185
f 1188/1188/1188 1031/1031/1031 1004/1004/1004
f 1188/1188/1188 1004/1004/1004 1013/1013/1013
f 1031/1031/1031 1188/1188/1188 329/329/329
f 1031/1031/1031 329/329/329 1184/1184/1184
f 375/375/375 1189/1189/1189 1190/1190/1190
f 375/375/375 1190/1190/1190 376/376/376
f 331/331/331 690/690/690 1187/1187/1187
f 331/331/331 1187/1187/1187 332/332/332
f 1013/1013/1013 1021/1021/1021 1072/1072/1072
f 1013/1013/1013 1072/1072/1072 1188/1188/1188
f 330/330/330 727/727/727 730/730/730
f 330/330/330 730/730/730 331/331/331
f 1188/1188/1188 1072/1072/1072 330/330/330
f 1188/1188/1188 330/330/330 329/329/329
f 1189/1189/1189 1191/1191/1191 1192/1192/1192
f 1189/1189/1189 1192/1192/1192 1190/1190/1190
f 331/331/331 730/730/730 691/691/691
f 331/331/331 691/691/691 690/690/690
f 727/727/727 330/330/330 1072/1072/1072
f 727/727/727 1072/1072/1072 1071/1071/1071
f 1193/1193/1193 1194/1194/1194 1195/1195/1195
f 1193/1193/1193 1195/1195/1195 1196/1196/1196
f 729/729/729 366/366/366 691/691/691
f 729/729/729 691/691/691 730/730/730
f 1197/1197/1197 1071/1071/1071 1030/1030/1030
f 1197/1197/1197 1030/1030/1030 1039/1039/1039
f 1071/1071/1071 1197/1197/1197 728/728/728
f 1071/1071/1071 728/728/728 727/727/727
f 1198/1198/1198 421/421/421 424/424/424
f 1198/1198/1198 424/424/424 1199/1199/1199
f 745/745/745 367/367/367 366/366/366
f 745/745/745 366/366/366 729/729/729
f 1039/1039/1039 1047/1047/1047 1200/1200/1200
f 1039/1039/1039 1200/1200/1200 1197/1197/1197
f 744/744/744 815/815/815 818/818/818
f 744/744/744 818/818/818 745/745/745
f 1197/1197/1197 1200/1200/1200 744/744/744
f 1197/1197/1197 744/744/744 728/728/728
f 461/461/461 460/460/460 86/86/86
f 461/461/461 86/86/86 85/85/85
f 818/818/818 276/276/276 367/367/367
f 818/818/818 367/367/367 745/745/745
f 1159/1159/1159 1200/1200/1200 1047/1047/1047
f 1159/1159/1159 1047/1047/1047 1053/1053/1053
f 1200/1200/1200 1159/1159/1159 815/815/815
f 1200/1200/1200 815/815/815 744/744/744
f 1201/1201/1201 612/612/612 615/615/615
f 1201/1201/1201 615/615/615 1202/1202/1202
f 817/817/817 277/277/277 276/276/276
f 817/817/817 276/276/276 818/818/818
f 816/816/816 87/87/87 90/90/90
f 816/816/816 90/90/90 817/817/817
f 816/816/816 815/815/815 1159/1159/1159
f 816/816/816 1159/1159/1159 1158/1158/1158
f 798/798/798 1148/1148/1148 941/941/941
f 798/798/798 941/941/941 799/799/799
f 90/90/90 187/187/187 277/277/277
f 90/90/90 277/277/277 817/817/817
f 1203/1203/1203 1158/1158/1158 1061/1061/1061
f 1203/1203/1203 1061/1061/1061 1075/1075/1075
f 1204/1204/1204 1205/1205/1205 1206/1206/1206
f 1204/1204/1204 1206/1206/1206 1207/1207/1207
f 87/87/87 816/816/816 1158/1158/1158
f 87/87/87 1158/1158/1158 1203/1203/1203
f 639/639/639 627/627/627 373/373/373
f 639/639/639 373/373/373 389/389/389
f 89/89/89 188/188/188 187/187/187
f 89/89/89 187/187/187 90/90/90
f 1075/1075/1075 1084/1084/1084 1208/1208/1208
f 1075/1075/1075 1208/1208/1208 1203/1203/1203
f 88/88/88 781/781/781 784/784/784
f 88/88/88 784/784/784 89/89/89
f 1203/1203/1203 1208/1208/1208 88/88/88
f 1203/1203/1203 88/88/88 87/87/87
f 391/391/391 1209/1209/1209 1210/1210/1210
f 391/391/391 1210/1210/1210 392/392/392
f 784/784/784 1211/1211/1211 188/188/188
f 784/784/784 188/188/188 89/89/89
f 1212/1212/1212 1208/1208/1208 1084/1084/1084
f 1212/1212/1212 1084/1084/1084 1091/1091/1091
f 1208/1208/1208 1212/1212/1212 781/781/781
f 1208/1208/1208 781/781/781 88/88/88
f 1163/1163/1163 1213/1213/1213 1214/1214/1214
f 1163/1163/1163 1214/1214/1214 1164/1164/1164
f 783/783/783 57/57/57 1211/1211/1211
f 783/783/783 1211/1211/1211 784/784/784
f 1091/1091/1091 1098/1098/1098 1215/1215/1215
f 1091/1091/1091 1215/1215/1215 1212/1212/1212
f 782/782/782 1216/1216/1216 1217/1217/1217
f 782/782/782 1217/1217/1217 783/783/783
f 1212/1212/1212 1215/1215/1215 782/782/782
f 1212/1212/1212 782/782/782 781/781/781
f 495/495/495 197/197/197 200/200/200
f 495/495/495 200/200/200 496/496/496
f 1217/1217/1217 58/58/58 57/57/57
f 1217/1217/1217 57/57/57 783/783/783
f 1098/1098/1098 1104/1104/1104 1154/1154/1154
f 1098/1098/1098 1154/1154/1154 1215/1215/1215
f 1218/1218/1218 1219/1219/1219 1217/1217/1217
f 1218/1218/1218 1217/1217/1217 1216/1216/1216
f 1215/1215/1215 1154/1154/1154 1216/1216/1216
f 1215/1215/1215 1216/1216/1216 782/782/782
f 1023/1023/1023 1220/1220/1220 1221/1221/1221
f 1023/1023/1023 1221/1221/1221 1024/1024/1024
f 1219/1219/1219 1145/1145/1145 58/58/58
f 1219/1219/1219 58/58/58 1217/1217/1217
f 1218/1218/1218 1222/1222/1222 1223/1223/1223
f 1218/1218/1218 1223/1223/1223 1219/1219/1219
f 1154/1154/1154 1153/1153/1153 1218/1218/1218
f 1154/1154/1154 1218/1218/1218 1216/1216/1216
f 957/957/957 69/69/69 72/72/72
f 957/957/957 72/72/72 743/743/743
f 1223/1223/1223 1224/1224/1224 1145/1145/1145
f 1223/1223/1223 1145/1145/1145 1219/1219/1219
f 1109/1109/1109 1120/1120/1120 1225/1225/1225
f 1109/1109/1109 1225/1225/1225 1153/1153/1153
f 1161/1161/1161 978/978/978 1172/1172/1172
f 1161/1161/1161 1172/1172/1172 1226/1226/1226
f 1227/1227/1227 498/498/498 501/501/501
f 1227/1227/1227 501/501/501 1228/1228/1228
f 1153/1153/1153 1225/1225/1225 1222/1222/1222
f 1153/1153/1153 1222/1222/1222 1218/1218/1218
f 1229/1229/1229 148/148/148 151/151/151
f 1229/1229/1229 151/151/151 1230/1230/1230
f 501/501/501 221/221/221 220/220/220
f 501/501/501 220/220/220 1228/1228/1228
f 1231/1231/1231 1232/1232/1232 1138/1138/1138
f 1231/1231/1231 1138/1138/1138 1137/1137/1137
f 1232/1232/1232 1231/1231/1231 498/498/498
f 1232/1232/1232 498/498/498 1227/1227/1227
f 500/500/500 1233/1233/1233 221/221/221
f 500/500/500 221/221/221 501/501/501
f 1137/1137/1137 1143/1143/1143 1167/1167/1167
f 1137/1137/1137 1167/1167/1167 1231/1231/1231
f 499/499/499 1234/1234/1234 1235/1235/1235
f 499/499/499 1235/1235/1235 500/500/500
f 1231/1231/1231 1167/1167/1167 499/499/499
f 1231/1231/1231 499/499/499 498/498/498
f 1236/1236/1236 1237/1237/1237 1170/1170/1170
f 1236/1236/1236 1170/1170/1170 1174/1174/1174
f 1235/1235/1235 1238/1238/1238 1233/1233/1233
f 1235/1235/1235 1233/1233/1233 500/500/500
f 1234/1234/1234 1239/1239/1239 1240/1240/1240
f 1234/1234/1234 1240/1240/1240 1235/1235/1235
f 1167/1167/1167 1166/1166/1166 1234/1234/1234
f 1167/1167/1167 1234/1234/1234 499/499/499
f 1241/1241/1241 1242/1242/1242 1243/1243/1243
f 1241/1241/1241 1243/1243/1243 1244/1244/1244
f 1240/1240/1240 602/602/602 1238/1238/1238
f 1240/1240/1240 1238/1238/1238 1235/1235/1235
f 1150/1150/1150 1161/1161/1161 1226/1226/1226
f 1150/1150/1150 1226/1226/1226 1166/1166/1166
f 1245/1245/1245 1246/1246/1246 1247/1247/1247
f 1245/1245/1245 1247/1247/1247 1248/1248/1248
f 1176/1176/1176 1168/1168/1168 1240/1240/1240
f 1176/1176/1176 1240/1240/1240 1239/1239/1239
f 1239/1239/1239 1234/1234/1234 1166/1166/1166
f 1239/1239/1239 1166/1166/1166 1226/1226/1226
f 1249/1249/1249 570/570/570 573/573/573
f 1249/1249/1249 573/573/573 1250/1250/1250
f 1168/1168/1168 603/603/603 602/602/602
f 1168/1168/1168 602/602/602 1240/1240/1240
f 1176/1176/1176 1175/1175/1175 1169/1169/1169
f 1176/1176/1176 1169/1169/1169 1168/1168/1168
f 1226/1226/1226 1172/1172/1172 1176/1176/1176
f 1226/1226/1226 1176/1176/1176 1239/1239/1239
f 1251/1251/1251 1252/1252/1252 1253/1253/1253
f 1251/1251/1251 1253/1253/1253 1254/1254/1254
f 1255/1255/1255 1256/1256/1256 1257/1257/1257
f 1255/1255/1255 1257/1257/1257 1258/1258/1258
f 1259/1259/1259 1260/1260/1260 1261/1261/1261
f 1259/1259/1259 1261/1261/1261 1262/1262/1262
f 1262/1262/1262 1261/1261/1261 1263/1263/1263
f 1262/1262/1262 1263/1263/1263 1264/1264/1264
f 1264/1264/1264 1263/1263/1263 600/600/600
f 1264/1264/1264 600/600/600 1237/1237/1237
f 1265/1265/1265 1255/1255/1255 1258/1258/1258
f 1265/1265/1265 1258/1258/1258 1266/1266/1266
f 1267/1267/1267 1268/1268/1268 1256/1256/1256
f 1267/1267/1267 1256/1256/1256 1255/1255/1255
f 615/615/615 1268/1268/1268 1267/1267/1267
f 615/615/615 1267/1267/1267 1202/1202/1202
f 840/840/840 833/833/833 599/599/599
f 840/840/840 599/599/599 611/611/611
f 1258/1258/1258 1257/1257/1257 1260/1260/1260
f 1258/1258/1258 1260/1260/1260 1259/1259/1259
f 1269/1269/1269 1259/1259/1259 1262/1262/1262
f 1269/1269/1269 1262/1262/1262 1270/1270/1270
f 1270/1270/1270 1262/1262/1262 1264/1264/1264
f 1270/1270/1270 1264/1264/1264 1271/1271/1271
f 1271/1271/1271 1264/1264/1264 1237/1237/1237
f 1271/1271/1271 1237/1237/1237 1236/1236/1236
f 1272/1272/1272 1267/1267/1267 1255/1255/1255
f 1272/1272/1272 1255/1255/1255 1265/1265/1265
f 1267/1267/1267 1272/1272/1272 1273/1273/1273
f 1267/1267/1267 1273/1273/1273 1202/1202/1202
f 887/887/887 1014/1014/1014 1015/1015/1015
f 887/887/887 1015/1015/1015 888/888/888
f 1266/1266/1266 1258/1258/1258 1259/1259/1259
f 1266/1266/1266 1259/1259/1259 1269/1269/1269
f 1274/1274/1274 1265/1265/1265 1266/1266/1266
f 1274/1274/1274 1266/1266/1266 1275/1275/1275
f 1276/1276/1276 1269/1269/1269 1270/1270/1270
f 1276/1276/1276 1270/1270/1270 1277/1277/1277
f 1277/1277/1277 1270/1270/1270 1271/1271/1271
f 1277/1277/1277 1271/1271/1271 1278/1278/1278
f 1278/1278/1278 1271/1271/1271 1236/1236/1236
f 1278/1278/1278 1236/1236/1236 1279/1279/1279
f 1280/1280/1280 1272/1272/1272 1265/1265/1265
f 1280/1280/1280 1265/1265/1265 1274/1274/1274
f 1272/1272/1272 1280/1280/1280 1281/1281/1281
f 1272/1272/1272 1281/1281/1281 1273/1273/1273
f 1282/1282/1282 1283/1283/1283 1284/1284/1284
f 1282/1282/1282 1284/1284/1284 1285/1285/1285
f 1275/1275/1275 1266/1266/1266 1269/1269/1269
f 1275/1275/1275 1269/1269/1269 1276/1276/1276
f 1286/1286/1286 1274/1274/1274 1275/1275/1275
f 1286/1286/1286 1275/1275/1275 1287/1287/1287
f 1288/1288/1288 1276/1276/1276 1277/1277/1277
f 1288/1288/1288 1277/1277/1277 1194/1194/1194
f 1194/1194/1194 1277/1277/1277 1278/1278/1278
f 1194/1194/1194 1278/1278/1278 1195/1195/1195
f 1195/1195/1195 1278/1278/1278 1279/1279/1279
f 1195/1195/1195 1279/1279/1279 1289/1289/1289
f 1290/1290/1290 1280/1280/1280 1274/1274/1274
f 1290/1290/1290 1274/1274/1274 1286/1286/1286
f 1280/1280/1280 1290/1290/1290 1291/1291/1291
f 1280/1280/1280 1291/1291/1291 1281/1281/1281
f 422/422/422 1292/1292/1292 1293/1293/1293
f 422/422/422 1293/1293/1293 423/423/423
f 1287/1287/1287 1275/1275/1275 1276/1276/1276
f 1287/1287/1287 1276/1276/1276 1288/1288/1288
f 1294/1294/1294 1286/1286/1286 1287/1287/1287
f 1294/1294/1294 1287/1287/1287 1295/1295/1295
f 1296/1296/1296 1288/1288/1288 1194/1194/1194
f 1296/1296/1296 1194/1194/1194 1193/1193/1193
f 1290/1290/1290 1297/1297/1297 1298/1298/1298
f 1290/1290/1290 1298/1298/1298 1291/1291/1291
f 1196/1196/1196 1195/1195/1195 1289/1289/1289
f 1196/1196/1196 1289/1289/1289 1299/1299/1299
f 1297/1297/1297 1290/1290/1290 1286/1286/1286
f 1297/1297/1297 1286/1286/1286 1294/1294/1294
f 1292/1292/1292 1300/1300/1300 1301/1301/1301
f 1292/1292/1292 1301/1301/1301 1293/1293/1293
f 1295/1295/1295 1287/1287/1287 1288/1288/1288
f 1295/1295/1295 1288/1288/1288 1296/1296/1296
f 1253/1253/1253 1302/1302/1302 1303/1303/1303
f 1253/1253/1253 1303/1303/1303 1254/1254/1254
f 1304/1304/1304 1294/1294/1294 1295/1295/1295
f 1304/1304/1304 1295/1295/1295 1305/1305/1305
f 1306/1306/1306 1296/1296/1296 1193/1193/1193
f 1306/1306/1306 1193/1193/1193 1307/1307/1307
f 1307/1307/1307 1193/1193/1193 1196/1196/1196
f 1307/1307/1307 1196/1196/1196 1308/1308/1308
f 1308/1308/1308 1196/1196/1196 1299/1299/1299
f 1308/1308/1308 1299/1299/1299 1309/1309/1309
f 1310/1310/1310 1297/1297/1297 1294/1294/1294
f 1310/1310/1310 1294/1294/1294 1304/1304/1304
f 1297/1297/1297 1310/1310/1310 1311/1311/1311
f 1297/1297/1297 1311/1311/1311 1298/1298/1298
f 664/664/664 840/840/840 611/611/611
f 664/664/664 611/611/611 621/621/621
f 1305/1305/1305 1295/1295/1295 1296/1296/1296
f 1305/1305/1305 1296/1296/1296 1306/1306/1306
f 1312/1312/1312 1304/1304/1304 1305/1305/1305
f 1312/1312/1312 1305/1305/1305 1313/1313/1313
f 1314/1314/1314 1306/1306/1306 1307/1307/1307
f 1314/1314/1314 1307/1307/1307 1205/1205/1205
f 1205/1205/1205 1307/1307/1307 1308/1308/1308
f 1205/1205/1205 1308/1308/1308 1206/1206/1206
f 1206/1206/1206 1308/1308/1308 1309/1309/1309
f 1206/1206/1206 1309/1309/1309 689/689/689
f 1315/1315/1315 1310/1310/1310 1304/1304/1304
f 1315/1315/1315 1304/1304/1304 1312/1312/1312
f 1310/1310/1310 1315/1315/1315 1152/1152/1152
f 1310/1310/1310 1152/1152/1152 1311/1311/1311
f 1313/1313/1313 1305/1305/1305 1306/1306/1306
f 1313/1313/1313 1306/1306/1306 1314/1314/1314
f 1316/1316/1316 1312/1312/1312 1313/1313/1313
f 1316/1316/1316 1313/1313/1313 1317/1317/1317
f 1318/1318/1318 1314/1314/1314 1205/1205/1205
f 1318/1318/1318 1205/1205/1205 1204/1204/1204
f 1315/1315/1315 1319/1319/1319 773/773/773
f 1315/1315/1315 773/773/773 1152/1152/1152
f 1207/1207/1207 1206/1206/1206 689/689/689
f 1207/1207/1207 689/689/689 688/688/688
f 1319/1319/1319 1315/1315/1315 1312/1312/1312
f 1319/1319/1319 1312/1312/1312 1316/1316/1316
f 257/257/257 256/256/256 139/139/139
f 257/257/257 139/139/139 182/182/182
f 1317/1317/1317 1313/1313/1313 1314/1314/1314
f 1317/1317/1317 1314/1314/1314 1318/1318/1318
f 1320/1320/1320 1321/1321/1321 1322/1322/1322
f 1320/1320/1320 1322/1322/1322 1323/1323/1323
f 1324/1324/1324 1316/1316/1316 1317/1317/1317
f 1324/1324/1324 1317/1317/1317 1325/1325/1325
f 1326/1326/1326 1318/1318/1318 1204/1204/1204
f 1326/1326/1326 1204/1204/1204 1327/1327/1327
f 1327/1327/1327 1204/1204/1204 1207/1207/1207
f 1327/1327/1327 1207/1207/1207 1328/1328/1328
f 1328/1328/1328 1207/1207/1207 688/688/688
f 1328/1328/1328 688/688/688 365/365/365
f 1329/1329/1329 1319/1319/1319 1316/1316/1316
f 1329/1329/1329 1316/1316/1316 1324/1324/1324
f 1319/1319/1319 1329/1329/1329 356/356/356
f 1319/1319/1319 356/356/356 773/773/773
f 983/983/983 973/973/973 765/765/765
f 983/983/983 765/765/765 771/771/771
f 1325/1325/1325 1317/1317/1317 1318/1318/1318
f 1325/1325/1325 1318/1318/1318 1326/1326/1326
f 1330/1330/1330 1324/1324/1324 1325/1325/1325
f 1330/1330/1330 1325/1325/1325 1331/1331/1331
f 1332/1332/1332 1326/1326/1326 1327/1327/1327
f 1332/1332/1332 1327/1327/1327 1333/1333/1333
f 1333/1333/1333 1327/1327/1327 1328/1328/1328
f 1333/1333/1333 1328/1328/1328 1334/1334/1334
f 1334/1334/1334 1328/1328/1328 365/365/365
f 1334/1334/1334 365/365/365 364/364/364
f 1335/1335/1335 1329/1329/1329 1324/1324/1324
f 1335/1335/1335 1324/1324/1324 1330/1330/1330
f 1329/1329/1329 1335/1335/1335 357/357/357
f 1329/1329/1329 357/357/357 356/356/356
f 1331/1331/1331 1325/1325/1325 1326/1326/1326
f 1331/1331/1331 1326/1326/1326 1332/1332/1332
f 1336/1336/1336 1330/1330/1330 1331/1331/1331
f 1336/1336/1336 1331/1331/1331 1337/1337/1337
f 1338/1338/1338 1332/1332/1332 1333/1333/1333
f 1338/1338/1338 1333/1333/1333 1246/1246/1246
f 1246/1246/1246 1333/1333/1333 1334/1334/1334
f 1246/1246/1246 1334/1334/1334 1247/1247/1247
f 1247/1247/1247 1334/1334/1334 364/364/364
f 1247/1247/1247 364/364/364 275/275/275
f 1339/1339/1339 1335/1335/1335 1330/1330/1330
f 1339/1339/1339 1330/1330/1330 1336/1336/1336
f 1335/1335/1335 1339/1339/1339 1340/1340/1340
f 1335/1335/1335 1340/1340/1340 357/357/357
f 56/56/56 1341/1341/1341 1211/1211/1211
f 56/56/56 1211/1211/1211 57/57/57
f 1337/1337/1337 1331/1331/1331 1332/1332/1332
f 1337/1337/1337 1332/1332/1332 1338/1338/1338
f 1342/1342/1342 1343/1343/1343 1336/1336/1336
f 1342/1342/1342 1336/1336/1336 1337/1337/1337
f 1344/1344/1344 1338/1338/1338 1246/1246/1246
f 1344/1344/1344 1246/1246/1246 1245/1245/1245
f 1247/1247/1247 275/275/275 274/274/274
f 1247/1247/1247 274/274/274 1248/1248/1248
f 1345/1345/1345 1339/1339/1339 1336/1336/1336
f 1345/1345/1345 1336/1336/1336 1343/1343/1343
f 1339/1339/1339 1345/1345/1345 1346/1346/1346
f 1339/1339/1339 1346/1346/1346 1340/1340/1340
f 1342/1342/1342 1337/1337/1337 1338/1338/1338
f 1342/1342/1342 1338/1338/1338 1344/1344/1344
f 1347/1347/1347 1343/1343/1343 1342/1342/1342
f 1347/1347/1347 1342/1342/1342 1348/1348/1348
f 1349/1349/1349 1245/1245/1245 1248/1248/1248
f 1349/1349/1349 1248/1248/1248 1350/1350/1350
f 1351/1351/1351 1344/1344/1344 1245/1245/1245
f 1351/1351/1351 1245/1245/1245 1349/1349/1349
f 1352/1352/1352 1353/1353/1353 1354/1354/1354
f 1352/1352/1352 1354/1354/1354 1355/1355/1355
f 1350/1350/1350 1248/1248/1248 274/274/274
f 1350/1350/1350 274/274/274 186/186/186
f 1356/1356/1356 1345/1345/1345 1343/1343/1343
f 1356/1356/1356 1343/1343/1343 1347/1347/1347
f 1345/1345/1345 1356/1356/1356 1357/1357/1357
f 1345/1345/1345 1357/1357/1357 1346/1346/1346
f 1348/1348/1348 1342/1342/1342 1344/1344/1344
f 1348/1348/1348 1344/1344/1344 1351/1351/1351
f 1358/1358/1358 1347/1347/1347 1348/1348/1348
f 1358/1358/1358 1348/1348/1348 1359/1359/1359
f 1360/1360/1360 1351/1351/1351 1349/1349/1349
f 1360/1360/1360 1349/1349/1349 1361/1361/1361
f 1361/1361/1361 1349/1349/1349 1350/1350/1350
f 1361/1361/1361 1350/1350/1350 1362/1362/1362
f 1362/1362/1362 1350/1350/1350 186/186/186
f 1362/1362/1362 186/186/186 185/185/185
f 1363/1363/1363 1356/1356/1356 1347/1347/1347
f 1363/1363/1363 1347/1347/1347 1358/1358/1358
f 1356/1356/1356 1363/1363/1363 1364/1364/1364
f 1356/1356/1356 1364/1364/1364 1357/1357/1357
f 1359/1359/1359 1348/1348/1348 1351/1351/1351
f 1359/1359/1359 1351/1351/1351 1360/1360/1360
f 1365/1365/1365 1358/1358/1358 1359/1359/1359
f 1365/1365/1365 1359/1359/1359 1366/1366/1366
f 1367/1367/1367 1360/1360/1360 1361/1361/1361
f 1367/1367/1367 1361/1361/1361 1368/1368/1368
f 1368/1368/1368 1361/1361/1361 1362/1362/1362
f 1368/1368/1368 1362/1362/1362 1369/1369/1369
f 1369/1369/1369 1362/1362/1362 185/185/185
f 1369/1369/1369 185/185/185 1341/1341/1341
f 1370/1370/1370 1363/1363/1363 1358/1358/1358
f 1370/1370/1370 1358/1358/1358 1365/1365/1365
f 1363/1363/1363 1370/1370/1370 532/532/532
f 1363/1363/1363 532/532/532 1364/1364/1364
f 516/516/516 222/222/222 225/225/225
f 516/516/516 225/225/225 262/262/262
f 1366/1366/1366 1359/1359/1359 1360/1360/1360
f 1366/1366/1366 1360/1360/1360 1367/1367/1367
f 1371/1371/1371 1365/1365/1365 1366/1366/1366
f 1371/1371/1371 1366/1366/1366 1372/1372/1372
f 1373/1373/1373 1367/1367/1367 1368/1368/1368
f 1373/1373/1373 1368/1368/1368 1374/1374/1374
f 1374/1374/1374 1368/1368/1368 1369/1369/1369
f 1374/1374/1374 1369/1369/1369 1375/1375/1375
f 1375/1375/1375 1369/1369/1369 1341/1341/1341
f 1375/1375/1375 1341/1341/1341 56/56/56
f 1376/1376/1376 1370/1370/1370 1365/1365/1365
f 1376/1376/1376 1365/1365/1365 1371/1371/1371
f 1370/1370/1370 1376/1376/1376 533/533/533
f 1370/1370/1370 533/533/533 532/532/532
f 527/527/527 517/517/517 263/263/263
f 527/527/527 263/263/263 273/273/273
f 1372/1372/1372 1366/1366/1366 1367/1367/1367
f 1372/1372/1372 1367/1367/1367 1373/1373/1373
f 1377/1377/1377 1371/1371/1371 1372/1372/1372
f 1377/1377/1377 1372/1372/1372 1378/1378/1378
f 1242/1242/1242 1373/1373/1373 1374/1374/1374
f 1242/1242/1242 1374/1374/1374 1243/1243/1243
f 1243/1243/1243 1374/1374/1374 1375/1375/1375
f 1243/1243/1243 1375/1375/1375 1379/1379/1379
f 1379/1379/1379 1375/1375/1375 56/56/56
f 1379/1379/1379 56/56/56 55/55/55
f 1380/1380/1380 1376/1376/1376 1371/1371/1371
f 1380/1380/1380 1371/1371/1371 1377/1377/1377
f 1376/1376/1376 1380/1380/1380 791/791/791
f 1376/1376/1376 791/791/791 533/533/533
f 517/517/517 516/516/516 262/262/262
f 517/517/517 262/262/262 263/263/263
f 1378/1378/1378 1372/1372/1372 1373/1373/1373
f 1378/1378/1378 1373/1373/1373 1242/1242/1242
f 1381/1381/1381 1377/1377/1377 1378/1378/1378
f 1381/1381/1381 1378/1378/1378 1382/1382/1382
f 1243/1243/1243 1379/1379/1379 1383/1383/1383
f 1243/1243/1243 1383/1383/1383 1244/1244/1244
f 1383/1383/1383 1379/1379/1379 55/55/55
f 1383/1383/1383 55/55/55 1144/1144/1144
f 1384/1384/1384 1380/1380/1380 1377/1377/1377
f 1384/1384/1384 1377/1377/1377 1381/1381/1381
f 1380/1380/1380 1384/1384/1384 118/118/118
f 1380/1380/1380 118/118/118 791/791/791
f 1213/1213/1213 1385/1385/1385 1386/1386/1386
f 1213/1213/1213 1386/1386/1386 1214/1214/1214
f 1241/1241/1241 1382/1382/1382 1378/1378/1378
f 1241/1241/1241 1378/1378/1378 1242/1242/1242
f 1387/1387/1387 1381/1381/1381 1382/1382/1382
f 1387/1387/1387 1382/1382/1382 1388/1388/1388
f 1389/1389/1389 1241/1241/1241 1244/1244/1244
f 1389/1389/1389 1244/1244/1244 1390/1390/1390
f 1260/1260/1260 1391/1391/1391 1392/1392/1392
f 1260/1260/1260 1392/1392/1392 1261/1261/1261
f 1390/1390/1390 1244/1244/1244 1383/1383/1383
f 1390/1390/1390 1383/1383/1383 1393/1393/1393
f 1393/1393/1393 1383/1383/1383 1144/1144/1144
f 1393/1393/1393 1144/1144/1144 1394/1394/1394
f 1395/1395/1395 1384/1384/1384 1381/1381/1381
f 1395/1395/1395 1381/1381/1381 1387/1387/1387
f 1384/1384/1384 1395/1395/1395 119/119/119
f 1384/1384/1384 119/119/119 118/118/118
f 1388/1388/1388 1382/1382/1382 1241/1241/1241
f 1388/1388/1388 1241/1241/1241 1389/1389/1389
f 1396/1396/1396 1397/1397/1397 1398/1398/1398
f 1396/1396/1396 1398/1398/1398 1399/1399/1399
f 1400/1400/1400 1401/1401/1401 1402/1402/1402
f 1400/1400/1400 1402/1402/1402 1403/1403/1403
f 1403/1403/1403 1402/1402/1402 1404/1404/1404
f 1403/1403/1403 1404/1404/1404 1405/1405/1405
f 1405/1405/1405 1404/1404/1404 219/219/219
f 1405/1405/1405 219/219/219 218/218/218
f 1406/1406/1406 1407/1407/1407 1397/1397/1397
f 1406/1406/1406 1397/1397/1397 1396/1396/1396
f 1407/1407/1407 1406/1406/1406 1214/1214/1214
f 1407/1407/1407 1214/1214/1214 1386/1386/1386
f 1399/1399/1399 1398/1398/1398 1401/1401/1401
f 1399/1399/1399 1401/1401/1401 1400/1400/1400
f 1408/1408/1408 1396/1396/1396 1399/1399/1399
f 1408/1408/1408 1399/1399/1399 1409/1409/1409
f 1252/1252/1252 1400/1400/1400 1403/1403/1403
f 1252/1252/1252 1403/1403/1403 1253/1253/1253
f 1253/1253/1253 1403/1403/1403 1405/1405/1405
f 1253/1253/1253 1405/1405/1405 1302/1302/1302
f 1302/1302/1302 1405/1405/1405 218/218/218
f 1302/1302/1302 218/218/218 1410/1410/1410
f 1411/1411/1411 1406/1406/1406 1396/1396/1396
f 1411/1411/1411 1396/1396/1396 1408/1408/1408
f 1406/1406/1406 1411/1411/1411 1164/1164/1164
f 1406/1406/1406 1164/1164/1164 1214/1214/1214
f 897/897/897 1102/1102/1102 895/895/895
f 897/897/897 895/895/895 898/898/898
f 1409/1409/1409 1399/1399/1399 1400/1400/1400
f 1409/1409/1409 1400/1400/1400 1252/1252/1252
f 1412/1412/1412 1413/1413/1413 1408/1408/1408
f 1412/1412/1412 1408/1408/1408 1409/1409/1409
f 1302/1302/1302 1410/1410/1410 1414/1414/1414
f 1302/1302/1302 1414/1414/1414 1303/1303/1303
f 1415/1415/1415 1411/1411/1411 1408/1408/1408
f 1415/1415/1415 1408/1408/1408 1413/1413/1413
f 1411/1411/1411 1415/1415/1415 1165/1165/1165
f 1411/1411/1411 1165/1165/1165 1164/1164/1164
f 102/102/102 983/983/983 771/771/771
f 102/102/102 771/771/771 103/103/103
f 1412/1412/1412 1409/1409/1409 1252/1252/1252
f 1412/1412/1412 1252/1252/1252 1251/1251/1251
f 1416/1416/1416 1417/1417/1417 1418/1418/1418
f 1416/1416/1416 1418/1418/1418 1419/1419/1419
f 1420/1420/1420 1413/1413/1413 1412/1412/1412
f 1420/1420/1420 1412/1412/1412 1421/1421/1421
f 1392/1392/1392 1254/1254/1254 1303/1303/1303
f 1392/1392/1392 1303/1303/1303 1422/1422/1422
f 1391/1391/1391 1251/1251/1251 1254/1254/1254
f 1391/1391/1391 1254/1254/1254 1392/1392/1392
f 1423/1423/1423 1424/1424/1424 1425/1425/1425
f 1423/1423/1423 1425/1425/1425 1426/1426/1426
f 1422/1422/1422 1303/1303/1303 1414/1414/1414
f 1422/1422/1422 1414/1414/1414 601/601/601
f 1427/1427/1427 1415/1415/1415 1413/1413/1413
f 1427/1427/1427 1413/1413/1413 1420/1420/1420
f 1415/1415/1415 1427/1427/1427 614/614/614
f 1415/1415/1415 614/614/614 1165/1165/1165
f 342/342/342 328/328/328 162/162/162
f 342/342/342 162/162/162 115/115/115
f 1421/1421/1421 1412/1412/1412 1251/1251/1251
f 1421/1421/1421 1251/1251/1251 1391/1391/1391
f 1256/1256/1256 1420/1420/1420 1421/1421/1421
f 1256/1256/1256 1421/1421/1421 1257/1257/1257
f 1392/1392/1392 1422/1422/1422 1263/1263/1263
f 1392/1392/1392 1263/1263/1263 1261/1261/1261
f 1263/1263/1263 1422/1422/1422 601/601/601
f 1263/1263/1263 601/601/601 600/600/600
f 1268/1268/1268 1427/1427/1427 1420/1420/1420
f 1268/1268/1268 1420/1420/1420 1256/1256/1256
f 1427/1427/1427 1268/1268/1268 615/615/615
f 1427/1427/1427 615/615/615 614/614/614
f 172/172/172 101/101/101 104/104/104
f 172/172/172 104/104/104 173/173/173
f 1260/1260/1260 1257/1257/1257 1421/1421/1421
f 1260/1260/1260 1421/1421/1421 1391/1391/1391
f 1428/1428/1428 1429/1429/1429 1430/1430/1430
f 1428/1428/1428 1430/1430/1430 1431/1431/1431
f 1432/1432/1432 1433/1433/1433 1434/1434/1434
f 1432/1432/1432 1434/1434/1434 1435/1435/1435
f 1436/1436/1436 1437/1437/1437 1438/1438/1438
f 1436/1436/1436 1438/1438/1438 1439/1439/1439
f 1439/1439/1439 1438/1438/1438 1440/1440/1440
f 1439/1439/1439 1440/1440/1440 1441/1441/1441
f 1441/1441/1441 1440/1440/1440 612/612/612
f 1441/1441/1441 612/612/612 1201/1201/1201
f 1442/1442/1442 1432/1432/1432 1435/1435/1435
f 1442/1442/1442 1435/1435/1435 1443/1443/1443
f 1444/1444/1444 1445/1445/1445 1433/1433/1433
f 1444/1444/1444 1433/1433/1433 1432/1432/1432
f 555/555/555 1445/1445/1445 1444/1444/1444
f 555/555/555 1444/1444/1444 203/203/203
f 912/912/912 903/903/903 687/687/687
f 912/912/912 687/687/687 701/701/701
f 1435/1435/1435 1434/1434/1434 1437/1437/1437
f 1435/1435/1435 1437/1437/1437 1436/1436/1436
f 1446/1446/1446 1436/1436/1436 1439/1439/1439
f 1446/1446/1446 1439/1439/1439 1447/1447/1447
f 1447/1447/1447 1439/1439/1439 1441/1441/1441
f 1447/1447/1447 1441/1441/1441 1448/1448/1448
f 1448/1448/1448 1441/1441/1441 1201/1201/1201
f 1448/1448/1448 1201/1201/1201 1449/1449/1449
f 1450/1450/1450 1444/1444/1444 1432/1432/1432
f 1450/1450/1450 1432/1432/1432 1442/1442/1442
f 1444/1444/1444 1450/1450/1450 204/204/204
f 1444/1444/1444 204/204/204 203/203/203
f 1451/1451/1451 1452/1452/1452 1340/1340/1340
f 1451/1451/1451 1340/1340/1340 1346/1346/1346
f 1443/1443/1443 1435/1435/1435 1436/1436/1436
f 1443/1443/1443 1436/1436/1436 1446/1446/1446
f 1453/1453/1453 1442/1442/1442 1443/1443/1443
f 1453/1453/1453 1443/1443/1443 1454/1454/1454
f 1455/1455/1455 1446/1446/1446 1447/1447/1447
f 1455/1455/1455 1447/1447/1447 1456/1456/1456
f 1456/1456/1456 1447/1447/1447 1448/1448/1448
f 1456/1456/1456 1448/1448/1448 1457/1457/1457
f 1457/1457/1457 1448/1448/1448 1449/1449/1449
f 1457/1457/1457 1449/1449/1449 1458/1458/1458
f 1459/1459/1459 1450/1450/1450 1442/1442/1442
f 1459/1459/1459 1442/1442/1442 1453/1453/1453
f 1450/1450/1450 1459/1459/1459 523/523/523
f 1450/1450/1450 523/523/523 204/204/204
f 561/561/561 549/549/549 291/291/291
f 561/561/561 291/291/291 300/300/300
f 1454/1454/1454 1443/1443/1443 1446/1446/1446
f 1454/1454/1454 1446/1446/1446 1455/1455/1455
f 1460/1460/1460 1453/1453/1453 1454/1454/1454
f 1460/1460/1460 1454/1454/1454 1461/1461/1461
f 1462/1462/1462 1455/1455/1455 1456/1456/1456
f 1462/1462/1462 1456/1456/1456 1321/1321/1321
f 1321/1321/1321 1456/1456/1456 1457/1457/1457
f 1321/1321/1321 1457/1457/1457 1322/1322/1322
f 1322/1322/1322 1457/1457/1457 1458/1458/1458
f 1322/1322/1322 1458/1458/1458 1463/1463/1463
f 1464/1464/1464 1459/1459/1459 1453/1453/1453
f 1464/1464/1464 1453/1453/1453 1460/1460/1460
f 1459/1459/1459 1464/1464/1464 572/572/572
f 1459/1459/1459 572/572/572 523/523/523
f 549/549/549 539/539/539 285/285/285
f 549/549/549 285/285/285 291/291/291
f 1461/1461/1461 1454/1454/1454 1455/1455/1455
f 1461/1461/1461 1455/1455/1455 1462/1462/1462
f 1465/1465/1465 1460/1460/1460 1461/1461/1461
f 1465/1465/1465 1461/1461/1461 1466/1466/1466
f 1467/1467/1467 1462/1462/1462 1321/1321/1321
f 1467/1467/1467 1321/1321/1321 1320/1320/1320
f 1464/1464/1464 1468/1468/1468 573/573/573
f 1464/1464/1464 573/573/573 572/572/572
f 1323/1323/1323 1322/1322/1322 1463/1463/1463
f 1323/1323/1323 1463/1463/1463 1469/1469/1469
f 1468/1468/1468 1464/1464/1464 1460/1460/1460
f 1468/1468/1468 1460/1460/1460 1465/1465/1465
f 361/361/361 351/351/351 94/94/94
f 361/361/361 94/94/94 93/93/93
f 1466/1466/1466 1461/1461/1461 1462/1462/1462
f 1466/1466/1466 1462/1462/1462 1467/1467/1467
f 1430/1430/1430 1470/1470/1470 1471/1471/1471
f 1430/1430/1430 1471/1471/1471 1431/1431/1431
f 1472/1472/1472 1465/1465/1465 1466/1466/1466
f 1472/1472/1472 1466/1466/1466 1473/1473/1473
f 1474/1474/1474 1467/1467/1467 1320/1320/1320
f 1474/1474/1474 1320/1320/1320 1475/1475/1475
f 1475/1475/1475 1320/1320/1320 1323/1323/1323
f 1475/1475/1475 1323/1323/1323 1476/1476/1476
f 1476/1476/1476 1323/1323/1323 1469/1469/1469
f 1476/1476/1476 1469/1469/1469 1477/1477/1477
f 1478/1478/1478 1468/1468/1468 1465/1465/1465
f 1478/1478/1478 1465/1465/1465 1472/1472/1472
f 1468/1468/1468 1478/1478/1478 1250/1250/1250
f 1468/1468/1468 1250/1250/1250 573/573/573
f 371/371/371 361/361/361 93/93/93
f 371/371/371 93/93/93 129/129/129
f 1473/1473/1473 1466/1466/1466 1467/1467/1467
f 1473/1473/1473 1467/1467/1467 1474/1474/1474
f 1479/1479/1479 1472/1472/1472 1473/1473/1473
f 1479/1479/1479 1473/1473/1473 1480/1480/1480
f 1481/1481/1481 1474/1474/1474 1475/1475/1475
f 1481/1481/1481 1475/1475/1475 1353/1353/1353
f 1353/1353/1353 1475/1475/1475 1476/1476/1476
f 1353/1353/1353 1476/1476/1476 1354/1354/1354
f 1354/1354/1354 1476/1476/1476 1477/1477/1477
f 1354/1354/1354 1477/1477/1477 1151/1151/1151
f 1482/1482/1482 1478/1478/1478 1472/1472/1472
f 1482/1482/1482 1472/1472/1472 1479/1479/1479
f 1478/1478/1478 1482/1482/1482 937/937/937
f 1478/1478/1478 937/937/937 1250/1250/1250
f 1480/1480/1480 1473/1473/1473 1474/1474/1474
f 1480/1480/1480 1474/1474/1474 1481/1481/1481
f 1483/1483/1483 1479/1479/1479 1480/1480/1480
f 1483/1483/1483 1480/1480/1480 1484/1484/1484
f 1485/1485/1485 1481/1481/1481 1353/1353/1353
f 1485/1485/1485 1353/1353/1353 1352/1352/1352
f 1482/1482/1482 1486/1486/1486 930/930/930
f 1482/1482/1482 930/930/930 937/937/937
f 1355/1355/1355 1354/1354/1354 1151/1151/1151
f 1355/1355/1355 1151/1151/1151 772/772/772
f 1486/1486/1486 1482/1482/1482 1479/1479/1479
f 1486/1486/1486 1479/1479/1479 1483/1483/1483
f 1045/1045/1045 652/652/652 655/655/655
f 1045/1045/1045 655/655/655 842/842/842
f 1484/1484/1484 1480/1480/1480 1481/1481/1481
f 1484/1484/1484 1481/1481/1481 1485/1485/1485
f 1487/1487/1487 1488/1488/1488 1489/1489/1489
f 1487/1487/1487 1489/1489/1489 1490/1490/1490
f 1491/1491/1491 1483/1483/1483 1484/1484/1484
f 1491/1491/1491 1484/1484/1484 1492/1492/1492
f 1493/1493/1493 1485/1485/1485 1352/1352/1352
f 1493/1493/1493 1352/1352/1352 1494/1494/1494
f 1494/1494/1494 1352/1352/1352 1355/1355/1355
f 1494/1494/1494 1355/1355/1355 1495/1495/1495
f 1495/1495/1495 1355/1355/1355 772/772/772
f 1495/1495/1495 772/772/772 355/355/355
f 1496/1496/1496 1486/1486/1486 1483/1483/1483
f 1496/1496/1496 1483/1483/1483 1491/1491/1491
f 1486/1486/1486 1496/1496/1496 931/931/931
f 1486/1486/1486 931/931/931 930/930/930
f 1497/1497/1497 1110/1110/1110 1111/1111/1111
f 1497/1497/1497 1111/1111/1111 1498/1498/1498
f 1492/1492/1492 1484/1484/1484 1485/1485/1485
f 1492/1492/1492 1485/1485/1485 1493/1493/1493
f 1499/1499/1499 1491/1491/1491 1492/1492/1492
f 1499/1499/1499 1492/1492/1492 1500/1500/1500
f 1501/1501/1501 1493/1493/1493 1494/1494/1494
f 1501/1501/1501 1494/1494/1494 1502/1502/1502
f 1502/1502/1502 1494/1494/1494 1495/1495/1495
f 1502/1502/1502 1495/1495/1495 1503/1503/1503
f 1503/1503/1503 1495/1495/1495 355/355/355
f 1503/1503/1503 355/355/355 354/354/354
f 1504/1504/1504 1496/1496/1496 1491/1491/1491
f 1504/1504/1504 1491/1491/1491 1499/1499/1499
f 1496/1496/1496 1504/1504/1504 1221/1221/1221
f 1496/1496/1496 1221/1221/1221 931/931/931
f 627/627/627 619/619/619 363/363/363
f 627/627/627 363/363/363 373/373/373
f 1500/1500/1500 1492/1492/1492 1493/1493/1493
f 1500/1500/1500 1493/1493/1493 1501/1501/1501
f 1505/1505/1505 1499/1499/1499 1500/1500/1500
f 1505/1505/1505 1500/1500/1500 1506/1506/1506
f 1507/1507/1507 1501/1501/1501 1502/1502/1502
f 1507/1507/1507 1502/1502/1502 1424/1424/1424
f 1424/1424/1424 1502/1502/1502 1503/1503/1503
f 1424/1424/1424 1503/1503/1503 1425/1425/1425
f 1425/1425/1425 1503/1503/1503 354/354/354
f 1425/1425/1425 354/354/354 1452/1452/1452
f 1508/1508/1508 1504/1504/1504 1499/1499/1499
f 1508/1508/1508 1499/1499/1499 1505/1505/1505
f 1504/1504/1504 1508/1508/1508 1024/1024/1024
f 1504/1504/1504 1024/1024/1024 1221/1221/1221
f 1506/1506/1506 1500/1500/1500 1501/1501/1501
f 1506/1506/1506 1501/1501/1501 1507/1507/1507
f 1509/1509/1509 1510/1510/1510 1505/1505/1505
f 1509/1509/1509 1505/1505/1505 1506/1506/1506
f 1511/1511/1511 1507/1507/1507 1424/1424/1424
f 1511/1511/1511 1424/1424/1424 1423/1423/1423
f 1425/1425/1425 1452/1452/1452 1451/1451/1451
f 1425/1425/1425 1451/1451/1451 1426/1426/1426
f 1512/1512/1512 1508/1508/1508 1505/1505/1505
f 1512/1512/1512 1505/1505/1505 1510/1510/1510
f 1508/1508/1508 1512/1512/1512 1025/1025/1025
f 1508/1508/1508 1025/1025/1025 1024/1024/1024
f 411/411/411 796/796/796 560/560/560
f 411/411/411 560/560/560 412/412/412
f 1509/1509/1509 1506/1506/1506 1507/1507/1507
f 1509/1509/1509 1507/1507/1507 1511/1511/1511
f 1513/1513/1513 1510/1510/1510 1509/1509/1509
f 1513/1513/1513 1509/1509/1509 1514/1514/1514
f 1515/1515/1515 1423/1423/1423 1426/1426/1426
f 1515/1515/1515 1426/1426/1426 1516/1516/1516
f 1517/1517/1517 1511/1511/1511 1423/1423/1423
f 1517/1517/1517 1423/1423/1423 1515/1515/1515
f 1518/1518/1518 1519/1519/1519 1520/1520/1520
f 1518/1518/1518 1520/1520/1520 1521/1521/1521
f 1516/1516/1516 1426/1426/1426 1451/1451/1451
f 1516/1516/1516 1451/1451/1451 1522/1522/1522
f 1523/1523/1523 1512/1512/1512 1510/1510/1510
f 1523/1523/1523 1510/1510/1510 1513/1513/1513
f 1512/1512/1512 1523/1523/1523 1284/1284/1284
f 1512/1512/1512 1284/1284/1284 1025/1025/1025
f 619/619/619 609/609/609 353/353/353
f 619/619/619 353/353/353 363/363/363
f 1514/1514/1514 1509/1509/1509 1511/1511/1511
f 1514/1514/1514 1511/1511/1511 1517/1517/1517
f 1524/1524/1524 1513/1513/1513 1514/1514/1514
f 1524/1524/1524 1514/1514/1514 1525/1525/1525
f 1526/1526/1526 1517/1517/1517 1515/1515/1515
f 1526/1526/1526 1515/1515/1515 1527/1527/1527
f 1527/1527/1527 1515/1515/1515 1516/1516/1516
f 1527/1527/1527 1516/1516/1516 1528/1528/1528
f 1528/1528/1528 1516/1516/1516 1522/1522/1522
f 1528/1528/1528 1522/1522/1522 1529/1529/1529
f 1530/1530/1530 1523/1523/1523 1513/1513/1513
f 1530/1530/1530 1513/1513/1513 1524/1524/1524
f 1523/1523/1523 1530/1530/1530 1285/1285/1285
f 1523/1523/1523 1285/1285/1285 1284/1284/1284
f 1237/1237/1237 600/600/600 603/603/603
f 1237/1237/1237 603/603/603 1170/1170/1170
f 1525/1525/1525 1514/1514/1514 1517/1517/1517
f 1525/1525/1525 1517/1517/1517 1526/1526/1526
f 1531/1531/1531 1524/1524/1524 1525/1525/1525
f 1531/1531/1531 1525/1525/1525 1532/1532/1532
f 1533/1533/1533 1526/1526/1526 1527/1527/1527
f 1533/1533/1533 1527/1527/1527 1534/1534/1534
f 1534/1534/1534 1527/1527/1527 1528/1528/1528
f 1534/1534/1534 1528/1528/1528 1535/1535/1535
f 1535/1535/1535 1528/1528/1528 1529/1529/1529
f 1535/1535/1535 1529/1529/1529 531/531/531
f 1536/1536/1536 1530/1530/1530 1524/1524/1524
f 1536/1536/1536 1524/1524/1524 1531/1531/1531
f 1530/1530/1530 1536/1536/1536 1301/1301/1301
f 1530/1530/1530 1301/1301/1301 1285/1285/1285
f 649/649/649 639/639/639 389/389/389
f 649/649/649 389/389/389 401/401/401
f 1532/1532/1532 1525/1525/1525 1526/1526/1526
f 1532/1532/1532 1526/1526/1526 1533/1533/1533
f 1537/1537/1537 1531/1531/1531 1532/1532/1532
f 1537/1537/1537 1532/1532/1532 1538/1538/1538
f 1539/1539/1539 1533/1533/1533 1534/1534/1534
f 1539/1539/1539 1534/1534/1534 1540/1540/1540
f 1540/1540/1540 1534/1534/1534 1535/1535/1535
f 1540/1540/1540 1535/1535/1535 1541/1541/1541
f 1541/1541/1541 1535/1535/1535 531/531/531
f 1541/1541/1541 531/531/531 530/530/530
f 1542/1542/1542 1536/1536/1536 1531/1531/1531
f 1542/1542/1542 1531/1531/1531 1537/1537/1537
f 1536/1536/1536 1542/1542/1542 1293/1293/1293
f 1536/1536/1536 1293/1293/1293 1301/1301/1301
f 1543/1543/1543 1544/1544/1544 1545/1545/1545
f 1543/1543/1543 1545/1545/1545 1546/1546/1546
f 1538/1538/1538 1532/1532/1532 1533/1533/1533
f 1538/1538/1538 1533/1533/1533 1539/1539/1539
f 1547/1547/1547 1537/1537/1537 1538/1538/1538
f 1547/1547/1547 1538/1538/1538 1548/1548/1548
f 1417/1417/1417 1539/1539/1539 1540/1540/1540
f 1417/1417/1417 1540/1540/1540 1418/1418/1418
f 1418/1418/1418 1540/1540/1540 1541/1541/1541
f 1418/1418/1418 1541/1541/1541 1549/1549/1549
f 1549/1549/1549 1541/1541/1541 530/530/530
f 1549/1549/1549 530/530/530 790/790/790
f 1550/1550/1550 1542/1542/1542 1537/1537/1537
f 1550/1550/1550 1537/1537/1537 1547/1547/1547
f 1542/1542/1542 1550/1550/1550 423/423/423
f 1542/1542/1542 423/423/423 1293/1293/1293
f 1544/1544/1544 1551/1551/1551 1552/1552/1552
f 1544/1544/1544 1552/1552/1552 1545/1545/1545
f 1548/1548/1548 1538/1538/1538 1539/1539/1539
f 1548/1548/1548 1539/1539/1539 1417/1417/1417
f 1553/1553/1553 1547/1547/1547 1548/1548/1548
f 1553/1553/1553 1548/1548/1548 1554/1554/1554
f 1418/1418/1418 1549/1549/1549 1555/1555/1555
f 1418/1418/1418 1555/1555/1555 1419/1419/1419
f 1555/1555/1555 1549/1549/1549 790/790/790
f 1555/1555/1555 790/790/790 117/117/117
f 1556/1556/1556 1550/1550/1550 1547/1547/1547
f 1556/1556/1556 1547/1547/1547 1553/1553/1553
f 1550/1550/1550 1556/1556/1556 424/424/424
f 1550/1550/1550 424/424/424 423/423/423
f 351/351/351 342/342/342 115/115/115
f 351/351/351 115/115/115 94/94/94
f 1416/1416/1416 1554/1554/1554 1548/1548/1548
f 1416/1416/1416 1548/1548/1548 1417/1417/1417
f 1557/1557/1557 1553/1553/1553 1554/1554/1554
f 1557/1557/1557 1554/1554/1554 1558/1558/1558
f 1559/1559/1559 1416/1416/1416 1419/1419/1419
f 1559/1559/1559 1419/1419/1419 1560/1560/1560
f 1437/1437/1437 1561/1561/1561 1562/1562/1562
f 1437/1437/1437 1562/1562/1562 1438/1438/1438
f 1560/1560/1560 1419/1419/1419 1555/1555/1555
f 1560/1560/1560 1555/1555/1555 1563/1563/1563
f 1563/1563/1563 1555/1555/1555 117/117/117
f 1563/1563/1563 117/117/117 116/116/116
f 1564/1564/1564 1556/1556/1556 1553/1553/1553
f 1564/1564/1564 1553/1553/1553 1557/1557/1557
f 1556/1556/1556 1564/1564/1564 1199/1199/1199
f 1556/1556/1556 1199/1199/1199 424/424/424
f 1059/1059/1059 1051/1051/1051 847/847/847
f 1059/1059/1059 847/847/847 852/852/852
f 1558/1558/1558 1554/1554/1554 1416/1416/1416
f 1558/1558/1558 1416/1416/1416 1559/1559/1559
f 1565/1565/1565 1566/1566/1566 1567/1567/1567
f 1565/1565/1565 1567/1567/1567 1568/1568/1568
f 1569/1569/1569 1570/1570/1570 1571/1571/1571
f 1569/1569/1569 1571/1571/1571 1572/1572/1572
f 1572/1572/1572 1571/1571/1571 1573/1573/1573
f 1572/1572/1572 1573/1573/1573 1574/1574/1574
f 1574/1574/1574 1573/1573/1573 1385/1385/1385
f 1574/1574/1574 1385/1385/1385 1213/1213/1213
f 1575/1575/1575 1576/1576/1576 1566/1566/1566
f 1575/1575/1575 1566/1566/1566 1565/1565/1565
f 1576/1576/1576 1575/1575/1575 1190/1190/1190
f 1576/1576/1576 1190/1190/1190 1192/1192/1192
f 198/198/198 1577/1577/1577 1578/1578/1578
f 198/198/198 1578/1578/1578 199/199/199
f 1568/1568/1568 1567/1567/1567 1570/1570/1570
f 1568/1568/1568 1570/1570/1570 1569/1569/1569
f 1579/1579/1579 1565/1565/1565 1568/1568/1568
f 1579/1579/1579 1568/1568/1568 1580/1580/1580
f 1429/1429/1429 1569/1569/1569 1572/1572/1572
f 1429/1429/1429 1572/1572/1572 1430/1430/1430
f 1430/1430/1430 1572/1572/1572 1574/1574/1574
f 1430/1430/1430 1574/1574/1574 1470/1470/1470
f 1470/1470/1470 1574/1574/1574 1213/1213/1213
f 1470/1470/1470 1213/1213/1213 1163/1163/1163
f 1581/1581/1581 1575/1575/1575 1565/1565/1565
f 1581/1581/1581 1565/1565/1565 1579/1579/1579
f 1575/1575/1575 1581/1581/1581 376/376/376
f 1575/1575/1575 376/376/376 1190/1190/1190
f 1054/1054/1054 1076/1076/1076 1077/1077/1077
f 1054/1054/1054 1077/1077/1077 1055/1055/1055
f 1580/1580/1580 1568/1568/1568 1569/1569/1569
f 1580/1580/1580 1569/1569/1569 1429/1429/1429
f 1582/1582/1582 1583/1583/1583 1579/1579/1579
f 1582/1582/1582 1579/1579/1579 1580/1580/1580
f 1470/1470/1470 1163/1163/1163 1162/1162/1162
f 1470/1470/1470 1162/1162/1162 1471/1471/1471
f 1584/1584/1584 1581/1581/1581 1579/1579/1579
f 1584/1584/1584 1579/1579/1579 1583/1583/1583
f 1581/1581/1581 1584/1584/1584 377/377/377
f 1581/1581/1581 377/377/377 376/376/376
f 903/903/903 893/893/893 680/680/680
f 903/903/903 680/680/680 687/687/687
f 1582/1582/1582 1580/1580/1580 1429/1429/1429
f 1582/1582/1582 1429/1429/1429 1428/1428/1428
f 1585/1585/1585 1586/1586/1586 1587/1587/1587
f 1585/1585/1585 1587/1587/1587 1588/1588/1588
f 1589/1589/1589 1583/1583/1583 1582/1582/1582
f 1589/1589/1589 1582/1582/1582 1590/1590/1590
f 1562/1562/1562 1431/1431/1431 1471/1471/1471
f 1562/1562/1562 1471/1471/1471 1591/1591/1591
f 1561/1561/1561 1428/1428/1428 1431/1431/1431
f 1561/1561/1561 1431/1431/1431 1562/1562/1562
f 1592/1592/1592 1593/1593/1593 1594/1594/1594
f 1592/1592/1592 1594/1594/1594 1595/1595/1595
f 1591/1591/1591 1471/1471/1471 1162/1162/1162
f 1591/1591/1591 1162/1162/1162 613/613/613
f 1596/1596/1596 1584/1584/1584 1583/1583/1583
f 1596/1596/1596 1583/1583/1583 1589/1589/1589
f 1584/1584/1584 1596/1596/1596 554/554/554
f 1584/1584/1584 554/554/554 377/377/377
f 823/823/823 410/410/410 413/413/413
f 823/823/823 413/413/413 586/586/586
f 1590/1590/1590 1582/1582/1582 1428/1428/1428
f 1590/1590/1590 1428/1428/1428 1561/1561/1561
f 1433/1433/1433 1589/1589/1589 1590/1590/1590
f 1433/1433/1433 1590/1590/1590 1434/1434/1434
f 1562/1562/1562 1591/1591/1591 1440/1440/1440
f 1562/1562/1562 1440/1440/1440 1438/1438/1438
f 1440/1440/1440 1591/1591/1591 613/613/613
f 1440/1440/1440 613/613/613 612/612/612
f 1445/1445/1445 1596/1596/1596 1589/1589/1589
f 1445/1445/1445 1589/1589/1589 1433/1433/1433
f 1596/1596/1596 1445/1445/1445 555/555/555
f 1596/1596/1596 555/555/555 554/554/554
f 1477/1477/1477 1469/1469/1469 1298/1298/1298
f 1477/1477/1477 1298/1298/1298 1311/1311/1311
f 1437/1437/1437 1434/1434/1434 1590/1590/1590
f 1437/1437/1437 1590/1590/1590 1561/1561/1561
f 1597/1597/1597 1598/1598/1598 1599/1599/1599
f 1597/1597/1597 1599/1599/1599 1600/1600/1600
f 1601/1601/1601 1602/1602/1602 1603/1603/1603
f 1601/1601/1601 1603/1603/1603 1604/1604/1604
f 1605/1605/1605 1606/1606/1606 1607/1607/1607
f 1605/1605/1605 1607/1607/1607 1608/1608/1608
f 1608/1608/1608 1607/1607/1607 1609/1609/1609
f 1608/1608/1608 1609/1609/1609 1610/1610/1610
f 1610/1610/1610 1609/1609/1609 552/552/552
f 1610/1610/1610 552/552/552 202/202/202
f 1611/1611/1611 1601/1601/1601 1604/1604/1604
f 1611/1611/1611 1604/1604/1604 1612/1612/1612
f 1613/1613/1613 1614/1614/1614 1602/1602/1602
f 1613/1613/1613 1602/1602/1602 1601/1601/1601
f 200/200/200 1614/1614/1614 1613/1613/1613
f 200/200/200 1613/1613/1613 496/496/496
f 1604/1604/1604 1603/1603/1603 1606/1606/1606
f 1604/1604/1604 1606/1606/1606 1605/1605/1605
f 1615/1615/1615 1605/1605/1605 1608/1608/1608
f 1615/1615/1615 1608/1608/1608 1616/1616/1616
f 1616/1616/1616 1608/1608/1608 1610/1610/1610
f 1616/1616/1616 1610/1610/1610 1617/1617/1617
f 1617/1617/1617 1610/1610/1610 202/202/202
f 1617/1617/1617 202/202/202 201/201/201
f 1618/1618/1618 1613/1613/1613 1601/1601/1601
f 1618/1618/1618 1601/1601/1601 1611/1611/1611
f 1613/1613/1613 1618/1618/1618 497/497/497
f 1613/1613/1613 497/497/497 496/496/496
f 790/790/790 530/530/530 533/533/533
f 790/790/790 533/533/533 791/791/791
f 1612/1612/1612 1604/1604/1604 1605/1605/1605
f 1612/1612/1612 1605/1605/1605 1615/1615/1615
f 1619/1619/1619 1611/1611/1611 1612/1612/1612
f 1619/1619/1619 1612/1612/1612 1620/1620/1620
f 1621/1621/1621 1615/1615/1615 1616/1616/1616
f 1621/1621/1621 1616/1616/1616 1622/1622/1622
f 1622/1622/1622 1616/1616/1616 1617/1617/1617
f 1622/1622/1622 1617/1617/1617 1623/1623/1623
f 1623/1623/1623 1617/1617/1617 201/201/201
f 1623/1623/1623 201/201/201 522/522/522
f 1624/1624/1624 1618/1618/1618 1611/1611/1611
f 1624/1624/1624 1611/1611/1611 1619/1619/1619
f 1618/1618/1618 1624/1624/1624 999/999/999
f 1618/1618/1618 999/999/999 497/497/497
f 1529/1529/1529 1522/1522/1522 1357/1357/1357
f 1529/1529/1529 1357/1357/1357 1364/1364/1364
f 1620/1620/1620 1612/1612/1612 1615/1615/1615
f 1620/1620/1620 1615/1615/1615 1621/1621/1621
f 1625/1625/1625 1619/1619/1619 1620/1620/1620
f 1625/1625/1625 1620/1620/1620 1626/1626/1626
f 1627/1627/1627 1621/1621/1621 1622/1622/1622
f 1627/1627/1627 1622/1622/1622 1488/1488/1488
f 1488/1488/1488 1622/1622/1622 1623/1623/1623
f 1488/1488/1488 1623/1623/1623 1489/1489/1489
f 1489/1489/1489 1623/1623/1623 522/522/522
f 1489/1489/1489 522/522/522 571/571/571
f 1628/1628/1628 1624/1624/1624 1619/1619/1619
f 1628/1628/1628 1619/1619/1619 1625/1625/1625
f 1624/1624/1624 1628/1628/1628 165/165/165
f 1624/1624/1624 165/165/165 999/999/999
f 943/943/943 1629/1629/1629 1630/1630/1630
f 943/943/943 1630/1630/1630 944/944/944
f 1626/1626/1626 1620/1620/1620 1621/1621/1621
f 1626/1626/1626 1621/1621/1621 1627/1627/1627
f 1631/1631/1631 1625/1625/1625 1626/1626/1626
f 1631/1631/1631 1626/1626/1626 1632/1632/1632
f 1633/1633/1633 1627/1627/1627 1488/1488/1488
f 1633/1633/1633 1488/1488/1488 1487/1487/1487
f 1628/1628/1628 1634/1634/1634 166/166/166
f 1628/1628/1628 166/166/166 165/165/165
f 1490/1490/1490 1489/1489/1489 571/571/571
f 1490/1490/1490 571/571/571 570/570/570
f 1634/1634/1634 1628/1628/1628 1625/1625/1625
f 1634/1634/1634 1625/1625/1625 1631/1631/1631
f 1102/1102/1102 542/542/542 545/545/545
f 1102/1102/1102 545/545/545 895/895/895
f 1632/1632/1632 1626/1626/1626 1627/1627/1627
f 1632/1632/1632 1627/1627/1627 1633/1633/1633
f 1599/1599/1599 1635/1635/1635 1636/1636/1636
f 1599/1599/1599 1636/1636/1636 1600/1600/1600
f 1637/1637/1637 1631/1631/1631 1632/1632/1632
f 1637/1637/1637 1632/1632/1632 1638/1638/1638
f 1639/1639/1639 1633/1633/1633 1487/1487/1487
f 1639/1639/1639 1487/1487/1487 1640/1640/1640
f 1640/1640/1640 1487/1487/1487 1490/1490/1490
f 1640/1640/1640 1490/1490/1490 1641/1641/1641
f 1641/1641/1641 1490/1490/1490 570/570/570
f 1641/1641/1641 570/570/570 1249/1249/1249
f 1642/1642/1642 1634/1634/1634 1631/1631/1631
f 1642/1642/1642 1631/1631/1631 1637/1637/1637
f 1634/1634/1634 1642/1642/1642 1015/1015/1015
f 1634/1634/1634 1015/1015/1015 166/166/166
f 1063/1063/1063 1121/1121/1121 1122/1122/1122
f 1063/1063/1063 1122/1122/1122 1064/1064/1064
f 1638/1638/1638 1632/1632/1632 1633/1633/1633
f 1638/1638/1638 1633/1633/1633 1639/1639/1639
f 1643/1643/1643 1637/1637/1637 1638/1638/1638
f 1643/1643/1643 1638/1638/1638 1644/1644/1644
f 1645/1645/1645 1639/1639/1639 1640/1640/1640
f 1645/1645/1645 1640/1640/1640 1519/1519/1519
f 1519/1519/1519 1640/1640/1640 1641/1641/1641
f 1519/1519/1519 1641/1641/1641 1520/1520/1520
f 1520/1520/1520 1641/1641/1641 1249/1249/1249
f 1520/1520/1520 1249/1249/1249 936/936/936
f 1646/1646/1646 1642/1642/1642 1637/1637/1637
f 1646/1646/1646 1637/1637/1637 1643/1643/1643
f 1642/1642/1642 1646/1646/1646 888/888/888
f 1642/1642/1642 888/888/888 1015/1015/1015
f 1647/1647/1647 1648/1648/1648 106/106/106
f 1647/1647/1647 106/106/106 105/105/105
f 1644/1644/1644 1638/1638/1638 1639/1639/1639
f 1644/1644/1644 1639/1639/1639 1645/1645/1645
f 1649/1649/1649 1643/1643/1643 1644/1644/1644
f 1649/1649/1649 1644/1644/1644 1650/1650/1650
f 1651/1651/1651 1645/1645/1645 1519/1519/1519
f 1651/1651/1651 1519/1519/1519 1518/1518/1518
f 1646/1646/1646 1652/1652/1652 889/889/889
f 1646/1646/1646 889/889/889 888/888/888
f 1521/1521/1521 1520/1520/1520 936/936/936
f 1521/1521/1521 936/936/936 929/929/929
f 1652/1652/1652 1646/1646/1646 1643/1643/1643
f 1652/1652/1652 1643/1643/1643 1649/1649/1649
f 214/214/214 1497/1497/1497 1498/1498/1498
f 214/214/214 1498/1498/1498 215/215/215
f 1650/1650/1650 1644/1644/1644 1645/1645/1645
f 1650/1650/1650 1645/1645/1645 1651/1651/1651
f 1653/1653/1653 1654/1654/1654 1655/1655/1655
f 1653/1653/1653 1655/1655/1655 1656/1656/1656
f 1657/1657/1657 1649/1649/1649 1650/1650/1650
f 1657/1657/1657 1650/1650/1650 1658/1658/1658
f 1659/1659/1659 1651/1651/1651 1518/1518/1518
f 1659/1659/1659 1518/1518/1518 1660/1660/1660
f 1660/1660/1660 1518/1518/1518 1521/1521/1521
f 1660/1660/1660 1521/1521/1521 1661/1661/1661
f 1661/1661/1661 1521/1521/1521 929/929/929
f 1661/1661/1661 929/929/929 928/928/928
f 1662/1662/1662 1652/1652/1652 1649/1649/1649
f 1662/1662/1662 1649/1649/1649 1657/1657/1657
f 1652/1652/1652 1662/1662/1662 1122/1122/1122
f 1652/1652/1652 1122/1122/1122 889/889/889
f 661/661/661 649/649/649 401/401/401
f 661/661/661 401/401/401 409/409/409
f 1658/1658/1658 1650/1650/1650 1651/1651/1651
f 1658/1658/1658 1651/1651/1651 1659/1659/1659
f 1663/1663/1663 1657/1657/1657 1658/1658/1658
f 1663/1663/1663 1658/1658/1658 1664/1664/1664
f 1665/1665/1665 1659/1659/1659 1660/1660/1660
f 1665/1665/1665 1660/1660/1660 1666/1666/1666
f 1666/1666/1666 1660/1660/1660 1661/1661/1661
f 1666/1666/1666 1661/1661/1661 1667/1667/1667
f 1667/1667/1667 1661/1661/1661 928/928/928
f 1667/1667/1667 928/928/928 1220/1220/1220
f 1668/1668/1668 1662/1662/1662 1657/1657/1657
f 1668/1668/1668 1657/1657/1657 1663/1663/1663
f 1662/1662/1662 1668/1668/1668 1064/1064/1064
f 1662/1662/1662 1064/1064/1064 1122/1122/1122
f 318/318/318 313/313/313 37/37/37
f 318/318/318 37/37/37 40/40/40
f 1664/1664/1664 1658/1658/1658 1659/1659/1659
f 1664/1664/1664 1659/1659/1659 1665/1665/1665
f 1669/1669/1669 1663/1663/1663 1664/1664/1664
f 1669/1669/1669 1664/1664/1664 1670/1670/1670
f 1671/1671/1671 1665/1665/1665 1666/1666/1666
f 1671/1671/1671 1666/1666/1666 1593/1593/1593
f 1593/1593/1593 1666/1666/1666 1667/1667/1667
f 1593/1593/1593 1667/1667/1667 1594/1594/1594
f 1594/1594/1594 1667/1667/1667 1220/1220/1220
f 1594/1594/1594 1220/1220/1220 1023/1023/1023
f 1672/1672/1672 1668/1668/1668 1663/1663/1663
f 1672/1672/1672 1663/1663/1663 1669/1669/1669
f 1668/1668/1668 1672/1672/1672 1065/1065/1065
f 1668/1668/1668 1065/1065/1065 1064/1064/1064
f 1670/1670/1670 1664/1664/1664 1665/1665/1665
f 1670/1670/1670 1665/1665/1665 1671/1671/1671
f 1673/1673/1673 1674/1674/1674 1669/1669/1669
f 1673/1673/1673 1669/1669/1669 1670/1670/1670
f 1675/1675/1675 1671/1671/1671 1593/1593/1593
f 1675/1675/1675 1593/1593/1593 1592/1592/1592
f 1594/1594/1594 1023/1023/1023 1022/1022/1022
f 1594/1594/1594 1022/1022/1022 1595/1595/1595
f 1676/1676/1676 1672/1672/1672 1669/1669/1669
f 1676/1676/1676 1669/1669/1669 1674/1674/1674
f 1672/1672/1672 1676/1676/1676 1077/1077/1077
f 1672/1672/1672 1077/1077/1077 1065/1065/1065
f 1141/1141/1141 1134/1134/1134 926/926/926
f 1141/1141/1141 926/926/926 935/935/935
f 1673/1673/1673 1670/1670/1670 1671/1671/1671
f 1673/1673/1673 1671/1671/1671 1675/1675/1675
f 1677/1677/1677 1674/1674/1674 1673/1673/1673
f 1677/1677/1677 1673/1673/1673 1678/1678/1678
f 1679/1679/1679 1592/1592/1592 1595/1595/1595
f 1679/1679/1679 1595/1595/1595 1680/1680/1680
f 1681/1681/1681 1675/1675/1675 1592/1592/1592
f 1681/1681/1681 1592/1592/1592 1679/1679/1679
f 1682/1682/1682 1683/1683/1683 1684/1684/1684
f 1682/1682/1682 1684/1684/1684 1685/1685/1685
f 1680/1680/1680 1595/1595/1595 1022/1022/1022
f 1680/1680/1680 1022/1022/1022 1283/1283/1283
f 1686/1686/1686 1676/1676/1676 1674/1674/1674
f 1686/1686/1686 1674/1674/1674 1677/1677/1677
f 1676/1676/1676 1686/1686/1686 1055/1055/1055
f 1676/1676/1676 1055/1055/1055 1077/1077/1077
f 1148/1148/1148 1141/1141/1141 935/935/935
f 1148/1148/1148 935/935/935 941/941/941
f 1678/1678/1678 1673/1673/1673 1675/1675/1675
f 1678/1678/1678 1675/1675/1675 1681/1681/1681
f 1687/1687/1687 1677/1677/1677 1678/1678/1678
f 1687/1687/1687 1678/1678/1678 1688/1688/1688
f 1689/1689/1689 1681/1681/1681 1679/1679/1679
f 1689/1689/1689 1679/1679/1679 1690/1690/1690
f 1690/1690/1690 1679/1679/1679 1680/1680/1680
f 1690/1690/1690 1680/1680/1680 1691/1691/1691
f 1691/1691/1691 1680/1680/1680 1283/1283/1283
f 1691/1691/1691 1283/1283/1283 1282/1282/1282
f 1692/1692/1692 1686/1686/1686 1677/1677/1677
f 1692/1692/1692 1677/1677/1677 1687/1687/1687
f 1686/1686/1686 1692/1692/1692 704/704/704
f 1686/1686/1686 704/704/704 1055/1055/1055
f 1688/1688/1688 1678/1678/1678 1681/1681/1681
f 1688/1688/1688 1681/1681/1681 1689/1689/1689
f 1693/1693/1693 1687/1687/1687 1688/1688/1688
f 1693/1693/1693 1688/1688/1688 1694/1694/1694
f 1695/1695/1695 1689/1689/1689 1690/1690/1690
f 1695/1695/1695 1690/1690/1690 1696/1696/1696
f 1696/1696/1696 1690/1690/1690 1691/1691/1691
f 1696/1696/1696 1691/1691/1691 1697/1697/1697
f 1697/1697/1697 1691/1691/1691 1282/1282/1282
f 1697/1697/1697 1282/1282/1282 1300/1300/1300
f 1698/1698/1698 1692/1692/1692 1687/1687/1687
f 1698/1698/1698 1687/1687/1687 1693/1693/1693
f 1692/1692/1692 1698/1698/1698 705/705/705
f 1692/1692/1692 705/705/705 704/704/704
f 1694/1694/1694 1688/1688/1688 1689/1689/1689
f 1694/1694/1694 1689/1689/1689 1695/1695/1695
f 1699/1699/1699 1693/1693/1693 1694/1694/1694
f 1699/1699/1699 1694/1694/1694 1700/1700/1700
f 1701/1701/1701 1695/1695/1695 1696/1696/1696
f 1701/1701/1701 1696/1696/1696 1702/1702/1702
f 1702/1702/1702 1696/1696/1696 1697/1697/1697
f 1702/1702/1702 1697/1697/1697 1703/1703/1703
f 1703/1703/1703 1697/1697/1697 1300/1300/1300
f 1703/1703/1703 1300/1300/1300 1292/1292/1292
f 1704/1704/1704 1698/1698/1698 1693/1693/1693
f 1704/1704/1704 1693/1693/1693 1699/1699/1699
f 1698/1698/1698 1704/1704/1704 1705/1705/1705
f 1698/1698/1698 1705/1705/1705 705/705/705
f 720/720/720 292/292/292 295/295/295
f 720/720/720 295/295/295 472/472/472
f 1700/1700/1700 1694/1694/1694 1695/1695/1695
f 1700/1700/1700 1695/1695/1695 1701/1701/1701
f 1706/1706/1706 1699/1699/1699 1700/1700/1700
f 1706/1706/1706 1700/1700/1700 1707/1707/1707
f 1586/1586/1586 1701/1701/1701 1702/1702/1702
f 1586/1586/1586 1702/1702/1702 1587/1587/1587
f 1587/1587/1587 1702/1702/1702 1703/1703/1703
f 1587/1587/1587 1703/1703/1703 1708/1708/1708
f 1708/1708/1708 1703/1703/1703 1292/1292/1292
f 1708/1708/1708 1292/1292/1292 422/422/422
f 1709/1709/1709 1704/1704/1704 1699/1699/1699
f 1709/1709/1709 1699/1699/1699 1706/1706/1706
f 1704/1704/1704 1709/1709/1709 1210/1210/1210
f 1704/1704/1704 1210/1210/1210 1705/1705/1705
f 1220/1220/1220 928/928/928 931/931/931
f 1220/1220/1220 931/931/931 1221/1221/1221
f 1707/1707/1707 1700/1700/1700 1701/1701/1701
f 1707/1707/1707 1701/1701/1701 1586/1586/1586
f 1710/1710/1710 1706/1706/1706 1707/1707/1707
f 1710/1710/1710 1707/1707/1707 1711/1711/1711
f 1587/1587/1587 1708/1708/1708 1712/1712/1712
f 1587/1587/1587 1712/1712/1712 1588/1588/1588
f 1712/1712/1712 1708/1708/1708 422/422/422
f 1712/1712/1712 422/422/422 421/421/421
f 1713/1713/1713 1709/1709/1709 1706/1706/1706
f 1713/1713/1713 1706/1706/1706 1710/1710/1710
f 1709/1709/1709 1713/1713/1713 392/392/392
f 1709/1709/1709 392/392/392 1210/1210/1210
f 1585/1585/1585 1711/1711/1711 1707/1707/1707
f 1585/1585/1585 1707/1707/1707 1586/1586/1586
f 1714/1714/1714 1710/1710/1710 1711/1711/1711
f 1714/1714/1714 1711/1711/1711 1715/1715/1715
f 1716/1716/1716 1585/1585/1585 1588/1588/1588
f 1716/1716/1716 1588/1588/1588 1717/1717/1717
f 1606/1606/1606 1718/1718/1718 1719/1719/1719
f 1606/1606/1606 1719/1719/1719 1607/1607/1607
f 1717/1717/1717 1588/1588/1588 1712/1712/1712
f 1717/1717/1717 1712/1712/1712 1720/1720/1720
f 1720/1720/1720 1712/1712/1712 421/421/421
f 1720/1720/1720 421/421/421 1198/1198/1198
f 1721/1721/1721 1713/1713/1713 1710/1710/1710
f 1721/1721/1721 1710/1710/1710 1714/1714/1714
f 1713/1713/1713 1721/1721/1721 393/393/393
f 1713/1713/1713 393/393/393 392/392/392
f 1722/1722/1722 302/302/302 305/305/305
f 1722/1722/1722 305/305/305 1723/1723/1723
f 1715/1715/1715 1711/1711/1711 1585/1585/1585
f 1715/1715/1715 1585/1585/1585 1716/1716/1716
f 1724/1724/1724 1725/1725/1725 1726/1726/1726
f 1724/1724/1724 1726/1726/1726 1727/1727/1727
f 1728/1728/1728 1729/1729/1729 1730/1730/1730
f 1728/1728/1728 1730/1730/1730 1731/1731/1731
f 1731/1731/1731 1730/1730/1730 1732/1732/1732
f 1731/1731/1731 1732/1732/1732 1733/1733/1733
f 1733/1733/1733 1732/1732/1732 1191/1191/1191
f 1733/1733/1733 1191/1191/1191 1189/1189/1189
f 1734/1734/1734 1735/1735/1735 1725/1725/1725
f 1734/1734/1734 1725/1725/1725 1724/1724/1724
f 1735/1735/1735 1734/1734/1734 674/674/674
f 1735/1735/1735 674/674/674 682/682/682
f 1151/1151/1151 1477/1477/1477 1311/1311/1311
f 1151/1151/1151 1311/1311/1311 1152/1152/1152
f 1727/1727/1727 1726/1726/1726 1729/1729/1729
f 1727/1727/1727 1729/1729/1729 1728/1728/1728
f 1736/1736/1736 1724/1724/1724 1727/1727/1727
f 1736/1736/1736 1727/1727/1727 1737/1737/1737
f 1598/1598/1598 1728/1728/1728 1731/1731/1731
f 1598/1598/1598 1731/1731/1731 1599/1599/1599
f 1599/1599/1599 1731/1731/1731 1733/1733/1733
f 1599/1599/1599 1733/1733/1733 1635/1635/1635
f 1635/1635/1635 1733/1733/1733 1189/1189/1189
f 1635/1635/1635 1189/1189/1189 375/375/375
f 1738/1738/1738 1734/1734/1734 1724/1724/1724
f 1738/1738/1738 1724/1724/1724 1736/1736/1736
f 1734/1734/1734 1738/1738/1738 675/675/675
f 1734/1734/1734 675/675/675 674/674/674
f 365/365/365 688/688/688 691/691/691
f 365/365/365 691/691/691 366/366/366
f 1737/1737/1737 1727/1727/1727 1728/1728/1728
f 1737/1737/1737 1728/1728/1728 1598/1598/1598
f 1739/1739/1739 1740/1740/1740 1736/1736/1736
f 1739/1739/1739 1736/1736/1736 1737/1737/1737
f 1635/1635/1635 375/375/375 374/374/374
f 1635/1635/1635 374/374/374 1636/1636/1636
f 1741/1741/1741 1738/1738/1738 1736/1736/1736
f 1741/1741/1741 1736/1736/1736 1740/1740/1740
f 1738/1738/1738 1741/1741/1741 1578/1578/1578
f 1738/1738/1738 1578/1578/1578 675/675/675
f 1739/1739/1739 1737/1737/1737 1598/1598/1598
f 1739/1739/1739 1598/1598/1598 1597/1597/1597
f 1742/1742/1742 1743/1743/1743 1744/1744/1744
f 1742/1742/1742 1744/1744/1744 1745/1745/1745
f 1746/1746/1746 1740/1740/1740 1739/1739/1739
f 1746/1746/1746 1739/1739/1739 1747/1747/1747
f 1719/1719/1719 1600/1600/1600 1636/1636/1636
f 1719/1719/1719 1636/1636/1636 1748/1748/1748
f 1718/1718/1718 1597/1597/1597 1600/1600/1600
f 1718/1718/1718 1600/1600/1600 1719/1719/1719
f 1749/1749/1749 1750/1750/1750 1751/1751/1751
f 1749/1749/1749 1751/1751/1751 1752/1752/1752
f 1748/1748/1748 1636/1636/1636 374/374/374
f 1748/1748/1748 374/374/374 553/553/553
f 1753/1753/1753 1741/1741/1741 1740/1740/1740
f 1753/1753/1753 1740/1740/1740 1746/1746/1746
f 1741/1741/1741 1753/1753/1753 199/199/199
f 1741/1741/1741 199/199/199 1578/1578/1578
f 1754/1754/1754 1755/1755/1755 134/134/134
f 1754/1754/1754 134/134/134 92/92/92
f 1747/1747/1747 1739/1739/1739 1597/1597/1597
f 1747/1747/1747 1597/1597/1597 1718/1718/1718
f 1602/1602/1602 1746/1746/1746 1747/1747/1747
f 1602/1602/1602 1747/1747/1747 1603/1603/1603
f 1719/1719/1719 1748/1748/1748 1609/1609/1609
f 1719/1719/1719 1609/1609/1609 1607/1607/1607
f 1609/1609/1609 1748/1748/1748 553/553/553
f 1609/1609/1609 553/553/553 552/552/552
f 1614/1614/1614 1753/1753/1753 1746/1746/1746
f 1614/1614/1614 1746/1746/1746 1602/1602/1602
f 1753/1753/1753 1614/1614/1614 200/200/200
f 1753/1753/1753 200/200/200 199/199/199
f 936/936/936 1249/1249/1249 1250/1250/1250
f 936/936/936 1250/1250/1250 937/937/937
f 1606/1606/1606 1603/1603/1603 1747/1747/1747
f 1606/1606/1606 1747/1747/1747 1718/1718/1718
f 1756/1756/1756 1757/1757/1757 1758/1758/1758
f 1756/1756/1756 1758/1758/1758 1759/1759/1759
f 1760/1760/1760 1761/1761/1761 1762/1762/1762
f 1760/1760/1760 1762/1762/1762 1763/1763/1763
f 1764/1764/1764 1765/1765/1765 1766/1766/1766
f 1764/1764/1764 1766/1766/1766 1767/1767/1767
f 1767/1767/1767 1766/1766/1766 1768/1768/1768
f 1767/1767/1767 1768/1768/1768 1769/1769/1769
f 1769/1769/1769 1768/1768/1768 197/197/197
f 1769/1769/1769 197/197/197 495/495/495
f 1770/1770/1770 1760/1760/1760 1763/1763/1763
f 1770/1770/1770 1763/1763/1763 1771/1771/1771
f 1772/1772/1772 1543/1543/1543 1546/1546/1546
f 1772/1772/1772 1546/1546/1546 1773/1773/1773
f 1774/1774/1774 702/702/702 705/705/705
f 1774/1774/1774 705/705/705 1705/1705/1705
f 1763/1763/1763 1762/1762/1762 1765/1765/1765
f 1763/1763/1763 1765/1765/1765 1764/1764/1764
f 1775/1775/1775 1764/1764/1764 1767/1767/1767
f 1775/1775/1775 1767/1767/1767 1776/1776/1776
f 1776/1776/1776 1767/1767/1767 1769/1769/1769
f 1776/1776/1776 1769/1769/1769 1777/1777/1777
f 1777/1777/1777 1769/1769/1769 495/495/495
f 1777/1777/1777 495/495/495 494/494/494
f 1778/1778/1778 1779/1779/1779 1780/1780/1780
f 1778/1778/1778 1780/1780/1780 1770/1770/1770
f 1300/1300/1300 1282/1282/1282 1285/1285/1285
f 1300/1300/1300 1285/1285/1285 1301/1301/1301
f 1771/1771/1771 1763/1763/1763 1764/1764/1764
f 1771/1771/1771 1764/1764/1764 1775/1775/1775
f 1778/1778/1778 1770/1770/1770 1771/1771/1771
f 1778/1778/1778 1771/1771/1771 1781/1781/1781
f 1782/1782/1782 1775/1775/1775 1776/1776/1776
f 1782/1782/1782 1776/1776/1776 1783/1783/1783
f 1783/1783/1783 1776/1776/1776 1777/1777/1777
f 1783/1783/1783 1777/1777/1777 1784/1784/1784
f 1784/1784/1784 1777/1777/1777 494/494/494
f 1784/1784/1784 494/494/494 998/998/998
f 1785/1785/1785 1786/1786/1786 1779/1779/1779
f 1785/1785/1785 1779/1779/1779 1778/1778/1778
f 1134/1134/1134 1133/1133/1133 927/927/927
f 1134/1134/1134 927/927/927 926/926/926
f 1781/1781/1781 1771/1771/1771 1775/1775/1775
f 1781/1781/1781 1775/1775/1775 1782/1782/1782
f 1785/1785/1785 1778/1778/1778 1781/1781/1781
f 1785/1785/1785 1781/1781/1781 1787/1787/1787
f 1788/1788/1788 1782/1782/1782 1783/1783/1783
f 1788/1788/1788 1783/1783/1783 1654/1654/1654
f 1654/1654/1654 1783/1783/1783 1784/1784/1784
f 1654/1654/1654 1784/1784/1784 1655/1655/1655
f 1655/1655/1655 1784/1784/1784 998/998/998
f 1655/1655/1655 998/998/998 164/164/164
f 1785/1785/1785 1789/1789/1789 1790/1790/1790
f 1785/1785/1785 1790/1790/1790 1786/1786/1786
f 1787/1787/1787 1781/1781/1781 1782/1782/1782
f 1787/1787/1787 1782/1782/1782 1788/1788/1788
f 1789/1789/1789 1785/1785/1785 1787/1787/1787
f 1789/1789/1789 1787/1787/1787 1791/1791/1791
f 1792/1792/1792 1788/1788/1788 1654/1654/1654
f 1792/1792/1792 1654/1654/1654 1653/1653/1653
f 1793/1793/1793 1794/1794/1794 1790/1790/1790
f 1793/1793/1793 1790/1790/1790 1789/1789/1789
f 1656/1656/1656 1655/1655/1655 164/164/164
f 1656/1656/1656 164/164/164 163/163/163
f 328/328/328 318/318/318 40/40/40
f 328/328/328 40/40/40 162/162/162
f 1791/1791/1791 1787/1787/1787 1788/1788/1788
f 1791/1791/1791 1788/1788/1788 1792/1792/1792
f 1758/1758/1758 1795/1795/1795 1796/1796/1796
f 1758/1758/1758 1796/1796/1796 1759/1759/1759
f 1793/1793/1793 1789/1789/1789 1791/1791/1791
f 1793/1793/1793 1791/1791/1791 1797/1797/1797
f 1798/1798/1798 1792/1792/1792 1653/1653/1653
f 1798/1798/1798 1653/1653/1653 1799/1799/1799
f 1799/1799/1799 1653/1653/1653 1656/1656/1656
f 1799/1799/1799 1656/1656/1656 1800/1800/1800
f 1800/1800/1800 1656/1656/1656 163/163/163
f 1800/1800/1800 163/163/163 1014/1014/1014
f 1801/1801/1801 1802/1802/1802 1794/1794/1794
f 1801/1801/1801 1794/1794/1794 1793/1793/1793
f 1410/1410/1410 218/218/218 221/221/221
f 1410/1410/1410 221/221/221 1233/1233/1233
f 1797/1797/1797 1791/1791/1791 1792/1792/1792
f 1797/1797/1797 1792/1792/1792 1798/1798/1798
f 1801/1801/1801 1793/1793/1793 1797/1797/1797
f 1801/1801/1801 1797/1797/1797 1803/1803/1803
f 1804/1804/1804 1798/1798/1798 1799/1799/1799
f 1804/1804/1804 1799/1799/1799 1683/1683/1683
f 1683/1683/1683 1799/1799/1799 1800/1800/1800
f 1683/1683/1683 1800/1800/1800 1684/1684/1684
f 1684/1684/1684 1800/1800/1800 1014/1014/1014
f 1684/1684/1684 1014/1014/1014 887/887/887
f 1801/1801/1801 1805/1805/1805 1806/1806/1806
f 1801/1801/1801 1806/1806/1806 1802/1802/1802
f 1803/1803/1803 1797/1797/1797 1798/1798/1798
f 1803/1803/1803 1798/1798/1798 1804/1804/1804
f 1805/1805/1805 1801/1801/1801 1803/1803/1803
f 1805/1805/1805 1803/1803/1803 1807/1807/1807
f 1808/1808/1808 1804/1804/1804 1683/1683/1683
f 1808/1808/1808 1683/1683/1683 1682/1682/1682
f 1809/1809/1809 1810/1810/1810 1806/1806/1806
f 1809/1809/1809 1806/1806/1806 1805/1805/1805
f 1685/1685/1685 1684/1684/1684 887/887/887
f 1685/1685/1685 887/887/887 886/886/886
f 699/699/699 41/41/41 44/44/44
f 699/699/699 44/44/44 449/449/449
f 1807/1807/1807 1803/1803/1803 1804/1804/1804
f 1807/1807/1807 1804/1804/1804 1808/1808/1808
f 1809/1809/1809 1805/1805/1805 1807/1807/1807
f 1809/1809/1809 1807/1807/1807 1811/1811/1811
f 1812/1812/1812 1808/1808/1808 1682/1682/1682
f 1812/1812/1812 1682/1682/1682 1813/1813/1813
f 1813/1813/1813 1682/1682/1682 1685/1685/1685
f 1813/1813/1813 1685/1685/1685 1814/1814/1814
f 1814/1814/1814 1685/1685/1685 886/886/886
f 1814/1814/1814 886/886/886 1121/1121/1121
f 1815/1815/1815 1816/1816/1816 1810/1810/1810
f 1815/1815/1815 1810/1810/1810 1809/1809/1809
f 223/223/223 720/720/720 472/472/472
f 223/223/223 472/472/472 224/224/224
f 1811/1811/1811 1807/1807/1807 1808/1808/1808
f 1811/1811/1811 1808/1808/1808 1812/1812/1812
f 1815/1815/1815 1809/1809/1809 1811/1811/1811
f 1815/1815/1815 1811/1811/1811 1817/1817/1817
f 1818/1818/1818 1812/1812/1812 1813/1813/1813
f 1818/1818/1818 1813/1813/1813 1819/1819/1819
f 1819/1819/1819 1813/1813/1813 1814/1814/1814
f 1819/1819/1819 1814/1814/1814 1820/1820/1820
f 1820/1820/1820 1814/1814/1814 1121/1121/1121
f 1820/1820/1820 1121/1121/1121 1063/1063/1063
f 1821/1821/1821 1822/1822/1822 1816/1816/1816
f 1821/1821/1821 1816/1816/1816 1815/1815/1815
f 670/670/670 661/661/661 409/409/409
f 670/670/670 409/409/409 420/420/420
f 1817/1817/1817 1811/1811/1811 1812/1812/1812
f 1817/1817/1817 1812/1812/1812 1818/1818/1818
f 1821/1821/1821 1815/1815/1815 1817/1817/1817
f 1821/1821/1821 1817/1817/1817 1823/1823/1823
f 1824/1824/1824 1818/1818/1818 1819/1819/1819
f 1824/1824/1824 1819/1819/1819 1750/1750/1750
f 1750/1750/1750 1819/1819/1819 1820/1820/1820
f 1750/1750/1750 1820/1820/1820 1751/1751/1751
f 1751/1751/1751 1820/1820/1820 1063/1063/1063
f 1751/1751/1751 1063/1063/1063 1062/1062/1062
f 1825/1825/1825 1826/1826/1826 1822/1822/1822
f 1825/1825/1825 1822/1822/1822 1821/1821/1821
f 1452/1452/1452 354/354/354 357/357/357
f 1452/1452/1452 357/357/357 1340/1340/1340
f 1823/1823/1823 1817/1817/1817 1818/1818/1818
f 1823/1823/1823 1818/1818/1818 1824/1824/1824
f 1827/1827/1827 1825/1825/1825 1821/1821/1821
f 1827/1827/1827 1821/1821/1821 1823/1823/1823
f 1828/1828/1828 1824/1824/1824 1750/1750/1750
f 1828/1828/1828 1750/1750/1750 1749/1749/1749
f 1751/1751/1751 1062/1062/1062 1076/1076/1076
f 1751/1751/1751 1076/1076/1076 1752/1752/1752
f 1829/1829/1829 1830/1830/1830 1826/1826/1826
f 1829/1829/1829 1826/1826/1826 1825/1825/1825
f 1551/1551/1551 1229/1229/1229 1230/1230/1230
f 1551/1551/1551 1230/1230/1230 1552/1552/1552
f 1827/1827/1827 1823/1823/1823 1824/1824/1824
f 1827/1827/1827 1824/1824/1824 1828/1828/1828
f 1829/1829/1829 1825/1825/1825 1827/1827/1827
f 1829/1829/1829 1827/1827/1827 1831/1831/1831
f 1832/1832/1832 1749/1749/1749 1752/1752/1752
f 1832/1832/1832 1752/1752/1752 1833/1833/1833
f 1834/1834/1834 1828/1828/1828 1749/1749/1749
f 1834/1834/1834 1749/1749/1749 1832/1832/1832
f 1835/1835/1835 1836/1836/1836 1786/1786/1786
f 1835/1835/1835 1786/1786/1786 1790/1790/1790
f 1833/1833/1833 1752/1752/1752 1076/1076/1076
f 1833/1833/1833 1076/1076/1076 1054/1054/1054
f 1837/1837/1837 1838/1838/1838 1830/1830/1830
f 1837/1837/1837 1830/1830/1830 1829/1829/1829
f 1522/1522/1522 1451/1451/1451 1346/1346/1346
f 1522/1522/1522 1346/1346/1346 1357/1357/1357
f 1831/1831/1831 1827/1827/1827 1828/1828/1828
f 1831/1831/1831 1828/1828/1828 1834/1834/1834
f 1837/1837/1837 1829/1829/1829 1831/1831/1831
f 1837/1837/1837 1831/1831/1831 1839/1839/1839
f 1840/1840/1840 1834/1834/1834 1832/1832/1832
f 1840/1840/1840 1832/1832/1832 1841/1841/1841
f 1841/1841/1841 1832/1832/1832 1833/1833/1833
f 1841/1841/1841 1833/1833/1833 1842/1842/1842
f 1842/1842/1842 1833/1833/1833 1054/1054/1054
f 1842/1842/1842 1054/1054/1054 703/703/703
f 1843/1843/1843 1844/1844/1844 1838/1838/1838
f 1843/1843/1843 1838/1838/1838 1837/1837/1837
f 973/973/973 797/797/797 764/764/764
f 973/973/973 764/764/764 765/765/765
f 1839/1839/1839 1831/1831/1831 1834/1834/1834
f 1839/1839/1839 1834/1834/1834 1840/1840/1840
f 1843/1843/1843 1837/1837/1837 1839/1839/1839
f 1843/1843/1843 1839/1839/1839 1845/1845/1845
f 1846/1846/1846 1840/1840/1840 1841/1841/1841
f 1846/1846/1846 1841/1841/1841 1847/1847/1847
f 1847/1847/1847 1841/1841/1841 1842/1842/1842
f 1847/1847/1847 1842/1842/1842 1848/1848/1848
f 1848/1848/1848 1842/1842/1842 703/703/703
f 1848/1848/1848 703/703/703 702/702/702
f 1849/1849/1849 1850/1850/1850 1844/1844/1844
f 1849/1849/1849 1844/1844/1844 1843/1843/1843
f 689/689/689 1309/1309/1309 1187/1187/1187
f 689/689/689 1187/1187/1187 690/690/690
f 1845/1845/1845 1839/1839/1839 1840/1840/1840
f 1845/1845/1845 1840/1840/1840 1846/1846/1846
f 1849/1849/1849 1843/1843/1843 1845/1845/1845
f 1849/1849/1849 1845/1845/1845 1851/1851/1851
f 1852/1852/1852 1846/1846/1846 1847/1847/1847
f 1852/1852/1852 1847/1847/1847 1853/1853/1853
f 1853/1853/1853 1847/1847/1847 1848/1848/1848
f 1853/1853/1853 1848/1848/1848 1854/1854/1854
f 1854/1854/1854 1848/1848/1848 702/702/702
f 1854/1854/1854 702/702/702 1774/1774/1774
f 1855/1855/1855 1856/1856/1856 1850/1850/1850
f 1855/1855/1855 1850/1850/1850 1849/1849/1849
f 788/788/788 779/779/779 541/541/541
f 788/788/788 541/541/541 551/551/551
f 1851/1851/1851 1845/1845/1845 1846/1846/1846
f 1851/1851/1851 1846/1846/1846 1852/1852/1852
f 1855/1855/1855 1849/1849/1849 1851/1851/1851
f 1855/1855/1855 1851/1851/1851 1857/1857/1857
f 1743/1743/1743 1852/1852/1852 1853/1853/1853
f 1743/1743/1743 1853/1853/1853 1744/1744/1744
f 1744/1744/1744 1853/1853/1853 1854/1854/1854
f 1744/1744/1744 1854/1854/1854 1858/1858/1858
f 1858/1858/1858 1854/1854/1854 1774/1774/1774
f 1858/1858/1858 1774/1774/1774 1209/1209/1209
f 1859/1859/1859 1860/1860/1860 1856/1856/1856
f 1859/1859/1859 1856/1856/1856 1855/1855/1855
f 808/808/808 1073/1073/1073 864/864/864
f 808/808/808 864/864/864 809/809/809
f 1857/1857/1857 1851/1851/1851 1852/1852/1852
f 1857/1857/1857 1852/1852/1852 1743/1743/1743
f 1859/1859/1859 1855/1855/1855 1857/1857/1857
f 1859/1859/1859 1857/1857/1857 1861/1861/1861
f 1744/1744/1744 1858/1858/1858 1862/1862/1862
f 1744/1744/1744 1862/1862/1862 1745/1745/1745
f 1862/1862/1862 1858/1858/1858 1209/1209/1209
f 1862/1862/1862 1209/1209/1209 391/391/391
f 1863/1863/1863 1864/1864/1864 1860/1860/1860
f 1863/1863/1863 1860/1860/1860 1859/1859/1859
f 642/642/642 622/622/622 623/623/623
f 642/642/642 623/623/623 643/643/643
f 1742/1742/1742 1861/1861/1861 1857/1857/1857
f 1742/1742/1742 1857/1857/1857 1743/1743/1743
f 1863/1863/1863 1859/1859/1859 1861/1861/1861
f 1863/1863/1863 1861/1861/1861 1865/1865/1865
f 1866/1866/1866 1742/1742/1742 1745/1745/1745
f 1866/1866/1866 1745/1745/1745 1867/1867/1867
f 1765/1765/1765 1868/1868/1868 1869/1869/1869
f 1765/1765/1765 1869/1869/1869 1766/1766/1766
f 1867/1867/1867 1745/1745/1745 1862/1862/1862
f 1867/1867/1867 1862/1862/1862 1870/1870/1870
f 1870/1870/1870 1862/1862/1862 391/391/391
f 1870/1870/1870 391/391/391 390/390/390
f 1871/1871/1871 1872/1872/1872 1873/1873/1873
f 1871/1871/1871 1873/1873/1873 1874/1874/1874
f 438/438/438 1875/1875/1875 1876/1876/1876
f 438/438/438 1876/1876/1876 439/439/439
f 1865/1865/1865 1861/1861/1861 1742/1742/1742
f 1865/1865/1865 1742/1742/1742 1866/1866/1866
f 1871/1871/1871 1874/1874/1874 1877/1877/1877
f 1871/1871/1871 1877/1877/1877 1878/1878/1878
f 1879/1879/1879 1880/1880/1880 1881/1881/1881
f 1879/1879/1879 1881/1881/1881 1882/1882/1882
f 1882/1882/1882 1881/1881/1881 1883/1883/1883
f 1882/1882/1882 1883/1883/1883 1884/1884/1884
f 1884/1884/1884 1883/1883/1883 681/681/681
f 1884/1884/1884 681/681/681 673/673/673
f 1885/1885/1885 1886/1886/1886 1872/1872/1872
f 1885/1885/1885 1872/1872/1872 1871/1871/1871
f 1878/1878/1878 1877/1877/1877 1880/1880/1880
f 1878/1878/1878 1880/1880/1880 1879/1879/1879
f 1885/1885/1885 1871/1871/1871 1878/1878/1878
f 1885/1885/1885 1878/1878/1878 1887/1887/1887
f 1757/1757/1757 1879/1879/1879 1882/1882/1882
f 1757/1757/1757 1882/1882/1882 1758/1758/1758
f 1758/1758/1758 1882/1882/1882 1884/1884/1884
f 1758/1758/1758 1884/1884/1884 1795/1795/1795
f 1795/1795/1795 1884/1884/1884 673/673/673
f 1795/1795/1795 673/673/673 672/672/672
f 1888/1888/1888 580/580/580 1886/1886/1886
f 1888/1888/1888 1886/1886/1886 1885/1885/1885
f 1341/1341/1341 185/185/185 188/188/188
f 1341/1341/1341 188/188/188 1211/1211/1211
f 1887/1887/1887 1878/1878/1878 1879/1879/1879
f 1887/1887/1887 1879/1879/1879 1757/1757/1757
f 1889/1889/1889 1888/1888/1888 1885/1885/1885
f 1889/1889/1889 1885/1885/1885 1887/1887/1887
f 1795/1795/1795 672/672/672 1577/1577/1577
f 1795/1795/1795 1577/1577/1577 1796/1796/1796
f 1890/1890/1890 581/581/581 580/580/580
f 1890/1890/1890 580/580/580 1888/1888/1888
f 1209/1209/1209 1774/1774/1774 1705/1705/1705
f 1209/1209/1209 1705/1705/1705 1210/1210/1210
f 1889/1889/1889 1887/1887/1887 1757/1757/1757
f 1889/1889/1889 1757/1757/1757 1756/1756/1756
f 1891/1891/1891 1892/1892/1892 1802/1802/1802
f 1891/1891/1891 1802/1802/1802 1806/1806/1806
f 1890/1890/1890 1888/1888/1888 1889/1889/1889
f 1890/1890/1890 1889/1889/1889 1893/1893/1893
f 1869/1869/1869 1759/1759/1759 1796/1796/1796
f 1869/1869/1869 1796/1796/1796 1894/1894/1894
f 1868/1868/1868 1756/1756/1756 1759/1759/1759
f 1868/1868/1868 1759/1759/1759 1869/1869/1869
f 1895/1895/1895 1896/1896/1896 1856/1856/1856
f 1895/1895/1895 1856/1856/1856 1860/1860/1860
f 1894/1894/1894 1796/1796/1796 1577/1577/1577
f 1894/1894/1894 1577/1577/1577 198/198/198
f 1761/1761/1761 1897/1897/1897 581/581/581
f 1761/1761/1761 581/581/581 1890/1890/1890
f 1449/1449/1449 1201/1201/1201 1202/1202/1202
f 1449/1449/1449 1202/1202/1202 1273/1273/1273
f 1893/1893/1893 1889/1889/1889 1756/1756/1756
f 1893/1893/1893 1756/1756/1756 1868/1868/1868
f 1761/1761/1761 1890/1890/1890 1893/1893/1893
f 1761/1761/1761 1893/1893/1893 1762/1762/1762
f 1869/1869/1869 1894/1894/1894 1768/1768/1768
f 1869/1869/1869 1768/1768/1768 1766/1766/1766
f 1768/1768/1768 1894/1894/1894 198/198/198
f 1768/1768/1768 198/198/198 197/197/197
f 1897/1897/1897 1761/1761/1761 1760/1760/1760
f 1897/1897/1897 1760/1760/1760 1898/1898/1898
f 796/796/796 788/788/788 551/551/551
f 796/796/796 551/551/551 560/560/560
f 1765/1765/1765 1762/1762/1762 1893/1893/1893
f 1765/1765/1765 1893/1893/1893 1868/1868/1868
f 1899/1899/1899 1822/1822/1822 1826/1826/1826
f 1899/1899/1899 1826/1826/1826 1900/1900/1900
f 1901/1901/1901 1902/1902/1902 1903/1903/1903
f 1901/1901/1901 1903/1903/1903 1904/1904/1904
f 1905/1905/1905 1886/1886/1886 580/580/580
f 1905/1905/1905 580/580/580 579/579/579
f 1906/1906/1906 1630/1630/1630 1907/1907/1907
f 1906/1906/1906 1907/1907/1907 1908/1908/1908
f 1909/1909/1909 1910/1910/1910 1897/1897/1897
f 1909/1909/1909 1897/1897/1897 1898/1898/1898
f 1279/1279/1279 1236/1236/1236 1174/1174/1174
f 1279/1279/1279 1174/1174/1174 1181/1181/1181
f 1902/1902/1902 1911/1911/1911 1912/1912/1912
f 1902/1902/1902 1912/1912/1912 1903/1903/1903
f 1913/1913/1913 1909/1909/1909 1898/1898/1898
f 1913/1913/1913 1898/1898/1898 1780/1780/1780
f 1309/1309/1309 1299/1299/1299 1186/1186/1186
f 1309/1309/1309 1186/1186/1186 1187/1187/1187
f 1911/1911/1911 1914/1914/1914 1915/1915/1915
f 1911/1911/1911 1915/1915/1915 1912/1912/1912
f 1916/1916/1916 1913/1913/1913 1780/1780/1780
f 1916/1916/1916 1780/1780/1780 1779/1779/1779
f 1914/1914/1914 1917/1917/1917 1918/1918/1918
f 1914/1914/1914 1918/1918/1918 1915/1915/1915
f 1919/1919/1919 1920/1920/1920 1921/1921/1921
f 1919/1919/1919 1921/1921/1921 1922/1922/1922
f 1289/1289/1289 1279/1279/1279 1181/1181/1181
f 1289/1289/1289 1181/1181/1181 1183/1183/1183
f 1923/1923/1923 1924/1924/1924 1925/1925/1925
f 1923/1923/1923 1925/1925/1925 1926/1926/1926
f 1836/1836/1836 1916/1916/1916 1779/1779/1779
f 1836/1836/1836 1779/1779/1779 1786/1786/1786
f 601/601/601 1414/1414/1414 1238/1238/1238
f 601/601/601 1238/1238/1238 602/602/602
f 151/151/151 150/150/150 1927/1927/1927
f 151/151/151 1927/1927/1927 1928/1928/1928
f 1929/1929/1929 1930/1930/1930 1931/1931/1931
f 1929/1929/1929 1931/1931/1931 1932/1932/1932
f 149/149/149 213/213/213 216/216/216
f 149/149/149 216/216/216 150/150/150
f 430/430/430 872/872/872 651/651/651
f 430/430/430 651/651/651 431/431/431
f 1924/1924/1924 1933/1933/1933 1934/1934/1934
f 1924/1924/1924 1934/1934/1934 1925/1925/1925
f 1935/1935/1935 1936/1936/1936 1931/1931/1931
f 1935/1935/1935 1931/1931/1931 1937/1937/1937
f 1299/1299/1299 1289/1289/1289 1183/1183/1183
f 1299/1299/1299 1183/1183/1183 1186/1186/1186
f 1933/1933/1933 1938/1938/1938 1939/1939/1939
f 1933/1933/1933 1939/1939/1939 1934/1934/1934
f 1802/1802/1802 1892/1892/1892 1940/1940/1940
f 1802/1802/1802 1940/1940/1940 1794/1794/1794
f 862/862/862 663/663/663 629/629/629
f 862/862/862 629/629/629 641/641/641
f 1938/1938/1938 1941/1941/1941 1942/1942/1942
f 1938/1938/1938 1942/1942/1942 1939/1939/1939
f 1943/1943/1943 1891/1891/1891 1806/1806/1806
f 1943/1943/1943 1806/1806/1806 1810/1810/1810
f 1051/1051/1051 1045/1045/1045 842/842/842
f 1051/1051/1051 842/842/842 847/847/847
f 1111/1111/1111 1944/1944/1944 1945/1945/1945
f 1111/1111/1111 1945/1945/1945 1498/1498/1498
f 1946/1946/1946 1943/1943/1943 1810/1810/1810
f 1946/1946/1946 1810/1810/1810 1816/1816/1816
f 1577/1577/1577 672/672/672 675/675/675
f 1577/1577/1577 675/675/675 1578/1578/1578
f 1947/1947/1947 1948/1948/1948 1949/1949/1949
f 1947/1947/1947 1949/1949/1949 1950/1950/1950
f 1951/1951/1951 1952/1952/1952 1953/1953/1953
f 1951/1951/1951 1953/1953/1953 1954/1954/1954
f 1073/1073/1073 1059/1059/1059 852/852/852
f 1073/1073/1073 852/852/852 864/864/864
f 1948/1948/1948 1955/1955/1955 1956/1956/1956
f 1948/1948/1948 1956/1956/1956 1949/1949/1949
f 1899/1899/1899 1946/1946/1946 1816/1816/1816
f 1899/1899/1899 1816/1816/1816 1822/1822/1822
f 1957/1957/1957 1951/1951/1951 1954/1954/1954
f 1957/1957/1957 1954/1954/1954 1958/1958/1958
f 1458/1458/1458 1449/1449/1449 1273/1273/1273
f 1458/1458/1458 1273/1273/1273 1281/1281/1281
f 1955/1955/1955 1959/1959/1959 1960/1960/1960
f 1955/1955/1955 1960/1960/1960 1956/1956/1956
f 1961/1961/1961 1900/1900/1900 1826/1826/1826
f 1961/1961/1961 1826/1826/1826 1830/1830/1830
f 1629/1629/1629 1962/1962/1962 1907/1907/1907
f 1629/1629/1629 1907/1907/1907 1630/1630/1630
f 1959/1959/1959 1963/1963/1963 1964/1964/1964
f 1959/1959/1959 1964/1964/1964 1960/1960/1960
f 1965/1965/1965 1961/1961/1961 1830/1830/1830
f 1965/1965/1965 1830/1830/1830 1838/1838/1838
f 1469/1469/1469 1463/1463/1463 1291/1291/1291
f 1469/1469/1469 1291/1291/1291 1298/1298/1298
f 440/440/440 1966/1966/1966 1967/1967/1967
f 440/440/440 1967/1967/1967 623/623/623
f 1968/1968/1968 1965/1965/1965 1838/1838/1838
f 1968/1968/1968 1838/1838/1838 1844/1844/1844
f 1463/1463/1463 1458/1458/1458 1281/1281/1281
f 1463/1463/1463 1281/1281/1281 1291/1291/1291
f 1969/1969/1969 1970/1970/1970 1971/1971/1971
f 1969/1969/1969 1971/1971/1971 1972/1972/1972
f 1973/1973/1973 1968/1968/1968 1844/1844/1844
f 1973/1973/1973 1844/1844/1844 1850/1850/1850
f 70/70/70 464/464/464 467/467/467
f 70/70/70 467/467/467 71/71/71
f 1970/1970/1970 1974/1974/1974 1975/1975/1975
f 1970/1970/1970 1975/1975/1975 1971/1971/1971
f 1394/1394/1394 1144/1144/1144 1145/1145/1145
f 1394/1394/1394 1145/1145/1145 1224/1224/1224
f 305/305/305 1976/1976/1976 1977/1977/1977
f 305/305/305 1977/1977/1977 1723/1723/1723
f 1896/1896/1896 1973/1973/1973 1850/1850/1850
f 1896/1896/1896 1850/1850/1850 1856/1856/1856
f 1978/1978/1978 1895/1895/1895 1860/1860/1860
f 1978/1978/1978 1860/1860/1860 1864/1864/1864
f 1414/1414/1414 1410/1410/1410 1233/1233/1233
f 1414/1414/1414 1233/1233/1233 1238/1238/1238
f 1979/1979/1979 1980/1980/1980 1981/1981/1981
f 1979/1979/1979 1981/1981/1981 1982/1982/1982
f 1910/1910/1910 578/578/578 581/581/581
f 1910/1910/1910 581/581/581 1897/1897/1897
f 1980/1980/1980 1983/1983/1983 1984/1984/1984
f 1980/1980/1980 1984/1984/1984 1981/1981/1981
f 1985/1985/1985 1986/1986/1986 1873/1873/1873
f 1985/1985/1985 1873/1873/1873 1872/1872/1872
f 872/872/872 862/862/862 641/641/641
f 872/872/872 641/641/641 651/651/651
f 1983/1983/1983 1987/1987/1987 1988/1988/1988
f 1983/1983/1983 1988/1988/1988 1984/1984/1984
f 531/531/531 1529/1529/1529 1364/1364/1364
f 531/531/531 1364/1364/1364 532/532/532
f 1987/1987/1987 1989/1989/1989 1990/1990/1990
f 1987/1987/1987 1990/1990/1990 1988/1988/1988
f 1905/1905/1905 1985/1985/1985 1872/1872/1872
f 1905/1905/1905 1872/1872/1872 1886/1886/1886
f 1991/1991/1991 1992/1992/1992 1993/1993/1993
f 1991/1991/1991 1993/1993/1993 1994/1994/1994
f 474/474/474 957/957/957 743/743/743
f 474/474/474 743/743/743 475/475/475
f 1283/1283/1283 1022/1022/1022 1025/1025/1025
f 1283/1283/1283 1025/1025/1025 1284/1284/1284
f 1175/1175/1175 1178/1178/1178 1173/1173/1173
f 1175/1175/1175 1173/1173/1173 1169/1169/1169
f 1770/1770/1770 1780/1780/1780 1898/1898/1898
f 1770/1770/1770 1898/1898/1898 1760/1760/1760
f 1940/1940/1940 1835/1835/1835 1790/1790/1790
f 1940/1940/1940 1790/1790/1790 1794/1794/1794
f 1995/1995/1995 1996/1996/1996 1836/1836/1836
f 1995/1995/1995 1836/1836/1836 1835/1835/1835
f 1997/1997/1997 1930/1930/1930 1892/1892/1892
f 1997/1997/1997 1892/1892/1892 1891/1891/1891
f 1998/1998/1998 1999/1999/1999 1896/1896/1896
f 1998/1998/1998 1896/1896/1896 1895/1895/1895
f 2000/2000/2000 1899/1899/1899 1900/1900/1900
f 2000/2000/2000 1900/1900/1900 2001/2001/2001
f 2002/2002/2002 1905/1905/1905 579/579/579
f 2002/2002/2002 579/579/579 2003/2003/2003
f 2004/2004/2004 2005/2005/2005 1910/1910/1910
f 2004/2004/2004 1910/1910/1910 1909/1909/1909
f 2006/2006/2006 2004/2004/2004 1909/1909/1909
f 2006/2006/2006 1909/1909/1909 1913/1913/1913
f 2007/2007/2007 2006/2006/2006 1913/1913/1913
f 2007/2007/2007 1913/1913/1913 1916/1916/1916
f 1996/1996/1996 2007/2007/2007 1916/1916/1916
f 1996/1996/1996 1916/1916/1916 1836/1836/1836
f 1929/1929/1929 1995/1995/1995 1835/1835/1835
f 1929/1929/1929 1835/1835/1835 1940/1940/1940
f 2008/2008/2008 1997/1997/1997 1891/1891/1891
f 2008/2008/2008 1891/1891/1891 1943/1943/1943
f 2009/2009/2009 2008/2008/2008 1943/1943/1943
f 2009/2009/2009 1943/1943/1943 1946/1946/1946
f 2000/2000/2000 2009/2009/2009 1946/1946/1946
f 2000/2000/2000 1946/1946/1946 1899/1899/1899
f 2010/2010/2010 2001/2001/2001 1900/1900/1900
f 2010/2010/2010 1900/1900/1900 1961/1961/1961
f 2011/2011/2011 2010/2010/2010 1961/1961/1961
f 2011/2011/2011 1961/1961/1961 1965/1965/1965
f 2012/2012/2012 2011/2011/2011 1965/1965/1965
f 2012/2012/2012 1965/1965/1965 1968/1968/1968
f 2013/2013/2013 2012/2012/2012 1968/1968/1968
f 2013/2013/2013 1968/1968/1968 1973/1973/1973
f 1999/1999/1999 2013/2013/2013 1973/1973/1973
f 1999/1999/1999 1973/1973/1973 1896/1896/1896
f 2014/2014/2014 1998/1998/1998 1895/1895/1895
f 2014/2014/2014 1895/1895/1895 1978/1978/1978
f 2005/2005/2005 2015/2015/2015 578/578/578
f 2005/2005/2005 578/578/578 1910/1910/1910
f 2016/2016/2016 2017/2017/2017 1986/1986/1986
f 2016/2016/2016 1986/1986/1986 1985/1985/1985
f 2002/2002/2002 2016/2016/2016 1985/1985/1985
f 2002/2002/2002 1985/1985/1985 1905/1905/1905
f 2015/2015/2015 2003/2003/2003 579/579/579
f 2015/2015/2015 579/579/579 578/578/578
f 1991/1991/1991 2018/2018/2018 2019/2019/2019
f 1991/1991/1991 2019/2019/2019 2020/2020/2020
f 943/943/943 942/942/942 2021/2021/2021
f 943/943/943 2021/2021/2021 2020/2020/2020
f 2022/2022/2022 1992/1992/1992 2021/2021/2021
f 2022/2022/2022 2021/2021/2021 2023/2023/2023
f 2024/2024/2024 2022/2022/2022 2023/2023/2023
f 2024/2024/2024 2023/2023/2023 2025/2025/2025
f 2026/2026/2026 2024/2024/2024 2025/2025/2025
f 2026/2026/2026 2025/2025/2025 2027/2027/2027
f 2028/2028/2028 2029/2029/2029 2030/2030/2030
f 2028/2028/2028 2030/2030/2030 2031/2031/2031
f 2032/2032/2032 2028/2028/2028 2031/2031/2031
f 2032/2032/2032 2031/2031/2031 2033/2033/2033
f 2034/2034/2034 2032/2032/2032 2033/2033/2033
f 2034/2034/2034 2033/2033/2033 2035/2035/2035
f 2036/2036/2036 2034/2034/2034 2035/2035/2035
f 2036/2036/2036 2035/2035/2035 2037/2037/2037
f 2038/2038/2038 2036/2036/2036 2037/2037/2037
f 2038/2038/2038 2037/2037/2037 2039/2039/2039
f 1957/1957/1957 2038/2038/2038 2039/2039/2039
f 1957/1957/1957 2039/2039/2039 2040/2040/2040
f 264/264/264 1110/1110/1110 2041/2041/2041
f 264/264/264 2041/2041/2041 2040/2040/2040
f 1110/1110/1110 1497/1497/1497 2042/2042/2042
f 1110/1110/1110 2042/2042/2042 2041/2041/2041
f 2043/2043/2043 1952/1952/1952 2042/2042/2042
f 2043/2043/2043 2042/2042/2042 2044/2044/2044
f 2045/2045/2045 2043/2043/2043 2044/2044/2044
f 2045/2045/2045 2044/2044/2044 2046/2046/2046
f 1935/1935/1935 2045/2045/2045 2046/2046/2046
f 1935/1935/1935 2046/2046/2046 2047/2047/2047
f 149/149/149 148/148/148 2048/2048/2048
f 149/149/149 2048/2048/2048 2047/2047/2047
f 2049/2049/2049 1936/1936/1936 2048/2048/2048
f 2049/2049/2049 2048/2048/2048 2050/2050/2050
f 1919/1919/1919 2049/2049/2049 2050/2050/2050
f 1919/1919/1919 2050/2050/2050 2051/2051/2051
f 1551/1551/1551 1544/1544/1544 2052/2052/2052
f 1551/1551/1551 2052/2052/2052 2051/2051/2051
f 2053/2053/2053 1920/1920/1920 2052/2052/2052
f 2053/2053/2053 2052/2052/2052 2054/2054/2054
f 2055/2055/2055 2053/2053/2053 2054/2054/2054
f 2055/2055/2055 2054/2054/2054 2056/2056/2056
f 2057/2057/2057 2055/2055/2055 2056/2056/2056
f 2057/2057/2057 2056/2056/2056 2058/2058/2058
f 2018/2018/2018 2057/2057/2057 2058/2058/2058
f 2018/2018/2018 2058/2058/2058 2019/2019/2019
f 2059/2059/2059 2060/2060/2060 2057/2057/2057
f 2059/2059/2059 2057/2057/2057 2018/2018/2018
f 2060/2060/2060 2061/2061/2061 2055/2055/2055
f 2060/2060/2060 2055/2055/2055 2057/2057/2057
f 2061/2061/2061 2062/2062/2062 2053/2053/2053
f 2061/2061/2061 2053/2053/2053 2055/2055/2055
f 2062/2062/2062 1921/1921/1921 1920/1920/1920
f 2062/2062/2062 1920/1920/1920 2053/2053/2053
f 1922/1922/1922 1932/1932/1932 2049/2049/2049
f 1922/1922/1922 2049/2049/2049 1919/1919/1919
f 1932/1932/1932 1931/1931/1931 1936/1936/1936
f 1932/1932/1932 1936/1936/1936 2049/2049/2049
f 1937/1937/1937 2063/2063/2063 2045/2045/2045
f 1937/1937/1937 2045/2045/2045 1935/1935/1935
f 2063/2063/2063 2064/2064/2064 2043/2043/2043
f 2063/2063/2063 2043/2043/2043 2045/2045/2045
f 2064/2064/2064 1953/1953/1953 1952/1952/1952
f 2064/2064/2064 1952/1952/1952 2043/2043/2043
f 1958/1958/1958 2065/2065/2065 2038/2038/2038
f 1958/1958/1958 2038/2038/2038 1957/1957/1957
f 2065/2065/2065 2066/2066/2066 2036/2036/2036
f 2065/2065/2065 2036/2036/2036 2038/2038/2038
f 2066/2066/2066 2067/2067/2067 2034/2034/2034
f 2066/2066/2066 2034/2034/2034 2036/2036/2036
f 2067/2067/2067 2068/2068/2068 2032/2032/2032
f 2067/2067/2067 2032/2032/2032 2034/2034/2034
f 2068/2068/2068 2069/2069/2069 2028/2028/2028
f 2068/2068/2068 2028/2028/2028 2032/2032/2032
f 2069/2069/2069 2070/2070/2070 2029/2029/2029
f 2069/2069/2069 2029/2029/2029 2028/2028/2028
f 2071/2071/2071 2072/2072/2072 2024/2024/2024
f 2071/2071/2071 2024/2024/2024 2026/2026/2026
f 2072/2072/2072 2073/2073/2073 2022/2022/2022
f 2072/2072/2072 2022/2022/2022 2024/2024/2024
f 2073/2073/2073 1993/1993/1993 1992/1992/1992
f 2073/2073/2073 1992/1992/1992 2022/2022/2022
f 1994/1994/1994 2059/2059/2059 2018/2018/2018
f 1994/1994/1994 2018/2018/2018 1991/1991/1991
f 2020/2020/2020 2021/2021/2021 1992/1992/1992
f 2020/2020/2020 1992/1992/1992 1991/1991/1991
f 2040/2040/2040 2041/2041/2041 1951/1951/1951
f 2040/2040/2040 1951/1951/1951 1957/1957/1957
f 2041/2041/2041 2042/2042/2042 1952/1952/1952
f 2041/2041/2041 1952/1952/1952 1951/1951/1951
f 2047/2047/2047 2048/2048/2048 1936/1936/1936
f 2047/2047/2047 1936/1936/1936 1935/1935/1935
f 2051/2051/2051 2052/2052/2052 1920/1920/1920
f 2051/2051/2051 1920/1920/1920 1919/1919/1919
f 1994/1994/1994 1993/1993/1993 2003/2003/2003
f 1994/1994/1994 2003/2003/2003 2015/2015/2015
f 2073/2073/2073 2072/2072/2072 2016/2016/2016
f 2073/2073/2073 2016/2016/2016 2002/2002/2002
f 2072/2072/2072 2071/2071/2071 2017/2017/2017
f 2072/2072/2072 2017/2017/2017 2016/2016/2016
f 2059/2059/2059 1994/1994/1994 2015/2015/2015
f 2059/2059/2059 2015/2015/2015 2005/2005/2005
f 2070/2070/2070 2069/2069/2069 1998/1998/1998
f 2070/2070/2070 1998/1998/1998 2014/2014/2014
f 2068/2068/2068 2067/2067/2067 2013/2013/2013
f 2068/2068/2068 2013/2013/2013 1999/1999/1999
f 2067/2067/2067 2066/2066/2066 2012/2012/2012
f 2067/2067/2067 2012/2012/2012 2013/2013/2013
f 2066/2066/2066 2065/2065/2065 2011/2011/2011
f 2066/2066/2066 2011/2011/2011 2012/2012/2012
f 2065/2065/2065 1958/1958/1958 2010/2010/2010
f 2065/2065/2065 2010/2010/2010 2011/2011/2011
f 1958/1958/1958 1954/1954/1954 2001/2001/2001
f 1958/1958/1958 2001/2001/2001 2010/2010/2010
f 1953/1953/1953 2064/2064/2064 2009/2009/2009
f 1953/1953/1953 2009/2009/2009 2000/2000/2000
f 2064/2064/2064 2063/2063/2063 2008/2008/2008
f 2064/2064/2064 2008/2008/2008 2009/2009/2009
f 2063/2063/2063 1937/1937/1937 1997/1997/1997
f 2063/2063/2063 1997/1997/1997 2008/2008/2008
f 1932/1932/1932 1922/1922/1922 1995/1995/1995
f 1932/1932/1932 1995/1995/1995 1929/1929/1929
f 1921/1921/1921 2062/2062/2062 2007/2007/2007
f 1921/1921/1921 2007/2007/2007 1996/1996/1996
f 2062/2062/2062 2061/2061/2061 2006/2006/2006
f 2062/2062/2062 2006/2006/2006 2007/2007/2007
f 2061/2061/2061 2060/2060/2060 2004/2004/2004
f 2061/2061/2061 2004/2004/2004 2006/2006/2006
f 2060/2060/2060 2059/2059/2059 2005/2005/2005
f 2060/2060/2060 2005/2005/2005 2004/2004/2004
f 2073/2073/2073 2002/2002/2002 2003/2003/2003
f 2073/2073/2073 2003/2003/2003 1993/1993/1993
f 1953/1953/1953 2000/2000/2000 2001/2001/2001
f 1953/1953/1953 2001/2001/2001 1954/1954/1954
f 2069/2069/2069 2068/2068/2068 1999/1999/1999
f 2069/2069/2069 1999/1999/1999 1998/1998/1998
f 1937/1937/1937 1931/1931/1931 1930/1930/1930
f 1937/1937/1937 1930/1930/1930 1997/1997/1997
f 1922/1922/1922 1921/1921/1921 1996/1996/1996
f 1922/1922/1922 1996/1996/1996 1995/1995/1995
f 1940/1940/1940 1892/1892/1892 1930/1930/1930
f 1940/1940/1940 1930/1930/1930 1929/1929/1929
f 2020/2020/2020 2019/2019/2019 1629/1629/1629
f 2020/2020/2020 1629/1629/1629 943/943/943
f 2023/2023/2023 2021/2021/2021 942/942/942
f 2023/2023/2023 942/942/942 303/303/303
f 2025/2025/2025 2023/2023/2023 303/303/303
f 2025/2025/2025 303/303/303 302/302/302
f 2027/2027/2027 2025/2025/2025 302/302/302
f 2027/2027/2027 302/302/302 1722/1722/1722
f 2031/2031/2031 2030/2030/2030 1875/1875/1875
f 2031/2031/2031 1875/1875/1875 438/438/438
f 2033/2033/2033 2031/2031/2031 438/438/438
f 2033/2033/2033 438/438/438 437/437/437
f 2035/2035/2035 2033/2033/2033 437/437/437
f 2035/2035/2035 437/437/437 622/622/622
f 2037/2037/2037 2035/2035/2035 622/622/622
f 2037/2037/2037 622/622/622 642/642/642
f 2039/2039/2039 2037/2037/2037 642/642/642
f 2039/2039/2039 642/642/642 265/265/265
f 2040/2040/2040 2039/2039/2039 265/265/265
f 2040/2040/2040 265/265/265 264/264/264
f 2044/2044/2044 2042/2042/2042 1497/1497/1497
f 2044/2044/2044 1497/1497/1497 214/214/214
f 2046/2046/2046 2044/2044/2044 214/214/214
f 2046/2046/2046 214/214/214 213/213/213
f 2047/2047/2047 2046/2046/2046 213/213/213
f 2047/2047/2047 213/213/213 149/149/149
f 2050/2050/2050 2048/2048/2048 148/148/148
f 2050/2050/2050 148/148/148 1229/1229/1229
f 2051/2051/2051 2050/2050/2050 1229/1229/1229
f 2051/2051/2051 1229/1229/1229 1551/1551/1551
f 2054/2054/2054 2052/2052/2052 1544/1544/1544
f 2054/2054/2054 1544/1544/1544 1543/1543/1543
f 2056/2056/2056 2054/2054/2054 1543/1543/1543
f 2056/2056/2056 1543/1543/1543 1772/1772/1772
f 2058/2058/2058 2056/2056/2056 1772/1772/1772
f 2058/2058/2058 1772/1772/1772 1962/1962/1962
f 2019/2019/2019 2058/2058/2058 1962/1962/1962
f 2019/2019/2019 1962/1962/1962 1629/1629/1629
f 1962/1962/1962 1772/1772/1772 1773/1773/1773
f 1962/1962/1962 1773/1773/1773 1907/1907/1907
f 267/267/267 2074/2074/2074 1944/1944/1944
f 267/267/267 1944/1944/1944 1111/1111/1111
f 1989/1989/1989 2075/2075/2075 2076/2076/2076
f 1989/1989/1989 2076/2076/2076 1990/1990/1990
f 643/643/643 2077/2077/2077 2078/2078/2078
f 643/643/643 2078/2078/2078 266/266/266
f 266/266/266 2078/2078/2078 2074/2074/2074
f 266/266/266 2074/2074/2074 267/267/267
f 1876/1876/1876 2079/2079/2079 2080/2080/2080
f 1876/1876/1876 2080/2080/2080 439/439/439
f 1941/1941/1941 1947/1947/1947 1950/1950/1950
f 1941/1941/1941 1950/1950/1950 1942/1942/1942
f 304/304/304 2081/2081/2081 1976/1976/1976
f 304/304/304 1976/1976/1976 305/305/305
f 1974/1974/1974 2082/2082/2082 2083/2083/2083
f 1974/1974/1974 2083/2083/2083 1975/1975/1975
f 1545/1545/1545 1552/1552/1552 2084/2084/2084
f 1545/1545/1545 2084/2084/2084 2085/2085/2085
f 439/439/439 2080/2080/2080 1966/1966/1966
f 439/439/439 1966/1966/1966 440/440/440
f 1917/1917/1917 1923/1923/1923 1926/1926/1926
f 1917/1917/1917 1926/1926/1926 1918/1918/1918
f 1230/1230/1230 2086/2086/2086 2084/2084/2084
f 1230/1230/1230 2084/2084/2084 1552/1552/1552
f 623/623/623 1967/1967/1967 2077/2077/2077
f 623/623/623 2077/2077/2077 643/643/643
f 1630/1630/1630 1906/1906/1906 2087/2087/2087
f 1630/1630/1630 2087/2087/2087 944/944/944
f 1963/1963/1963 1969/1969/1969 1972/1972/1972
f 1963/1963/1963 1972/1972/1972 1964/1964/1964
f 151/151/151 1928/1928/1928 2086/2086/2086
f 151/151/151 2086/2086/2086 1230/1230/1230
f 945/945/945 2088/2088/2088 2081/2081/2081
f 945/945/945 2081/2081/2081 304/304/304
f 2075/2075/2075 1901/1901/1901 1904/1904/1904
f 2075/2075/2075 1904/1904/1904 2076/2076/2076
f 1546/1546/1546 2089/2089/2089 2090/2090/2090
f 1546/1546/1546 2090/2090/2090 1773/1773/1773
f 1545/1545/1545 2085/2085/2085 2089/2089/2089
f 1545/1545/1545 2089/2089/2089 1546/1546/1546
f 216/216/216 2091/2091/2091 1927/1927/1927
f 216/216/216 1927/1927/1927 150/150/150
f 944/944/944 2087/2087/2087 2088/2088/2088
f 944/944/944 2088/2088/2088 945/945/945
f 1498/1498/1498 1945/1945/1945 2092/2092/2092
f 1498/1498/1498 2092/2092/2092 215/215/215
f 215/215/215 2092/2092/2092 2091/2091/2091
f 215/215/215 2091/2091/2091 216/216/216
f 1975/1975/1975 2083/2083/2083 19/19/19
f 1975/1975/1975 19/19/19 11/11/11
f 1950/1950/1950 1949/1949/1949 20/20/20
f 1950/1950/1950 20/20/20 12/12/12
f 1934/1934/1934 1939/1939/1939 4/4/4
f 1934/1934/1934 4/4/4 21/21/21
f 1925/1925/1925 1934/1934/1934 21/21/21
f 1925/1925/1925 21/21/21 22/22/22
f 1981/1981/1981 1984/1984/1984 18/18/18
f 1981/1981/1981 18/18/18 23/23/23
f 1926/1926/1926 1925/1925/1925 22/22/22
f 1926/1926/1926 22/22/22 17/17/17
f 2076/2076/2076 1904/1904/1904 13/13/13
f 2076/2076/2076 13/13/13 7/7/7
f 1964/1964/1964 1972/1972/1972 24/24/24
f 1964/1964/1964 24/24/24 9/9/9
f 1915/1915/1915 1918/1918/1918 16/16/16
f 1915/1915/1915 16/16/16 2/2/2
f 1949/1949/1949 1956/1956/1956 25/25/25
f 1949/1949/1949 25/25/25 20/20/20
f 1982/1982/1982 1981/1981/1981 23/23/23
f 1982/1982/1982 23/23/23 26/26/26
f 1972/1972/1972 1971/1971/1971 10/10/10
f 1972/1972/1972 10/10/10 24/24/24
f 1956/1956/1956 1960/1960/1960 8/8/8
f 1956/1956/1956 8/8/8 25/25/25
f 1912/1912/1912 1915/1915/1915 2/2/2
f 1912/1912/1912 2/2/2 1/1/1
f 1939/1939/1939 1942/1942/1942 5/5/5
f 1939/1939/1939 5/5/5 4/4/4
f 1990/1990/1990 2076/2076/2076 7/7/7
f 1990/1990/1990 7/7/7 6/6/6
f 1960/1960/1960 1964/1964/1964 9/9/9
f 1960/1960/1960 9/9/9 8/8/8
f 1971/1971/1971 1975/1975/1975 11/11/11
f 1971/1971/1971 11/11/11 10/10/10
f 1942/1942/1942 1950/1950/1950 12/12/12
f 1942/1942/1942 12/12/12 5/5/5
f 1904/1904/1904 1903/1903/1903 14/14/14
f 1904/1904/1904 14/14/14 13/13/13
f 1988/1988/1988 1990/1990/1990 6/6/6
f 1988/1988/1988 6/6/6 15/15/15
f 1918/1918/1918 1926/1926/1926 17/17/17
f 1918/1918/1918 17/17/17 16/16/16
f 1984/1984/1984 1988/1988/1988 15/15/15
f 1984/1984/1984 15/15/15 18/18/18
f 1903/1903/1903 1912/1912/1912 1/1/1
f 1903/1903/1903 1/1/1 14/14/14
f 2086/2086/2086 1928/1928/1928 2093/2093/2093
f 2086/2086/2086 2093/2093/2093 2094/2094/2094
f 2094/2094/2094 2093/2093/2093 2095/2095/2095
f 2094/2094/2094 2095/2095/2095 2096/2096/2096
f 2096/2096/2096 2095/2095/2095 1924/1924/1924
f 2096/2096/2096 1924/1924/1924 1923/1923/1923
f 1944/1944/1944 2074/2074/2074 2097/2097/2097
f 1944/1944/1944 2097/2097/2097 2098/2098/2098
f 2098/2098/2098 2097/2097/2097 2099/2099/2099
f 2098/2098/2098 2099/2099/2099 2100/2100/2100
f 2100/2100/2100 2099/2099/2099 1955/1955/1955
f 2100/2100/2100 1955/1955/1955 1948/1948/1948
f 2074/2074/2074 2078/2078/2078 2101/2101/2101
f 2074/2074/2074 2101/2101/2101 2097/2097/2097
f 2097/2097/2097 2101/2101/2101 2102/2102/2102
f 2097/2097/2097 2102/2102/2102 2099/2099/2099
f 2099/2099/2099 2102/2102/2102 1959/1959/1959
f 2099/2099/2099 1959/1959/1959 1955/1955/1955
f 2087/2087/2087 1906/1906/1906 2103/2103/2103
f 2087/2087/2087 2103/2103/2103 2104/2104/2104
f 2104/2104/2104 2103/2103/2103 2105/2105/2105
f 2104/2104/2104 2105/2105/2105 2106/2106/2106
f 2106/2106/2106 2105/2105/2105 2075/2075/2075
f 2106/2106/2106 2075/2075/2075 1989/1989/1989
f 2092/2092/2092 1945/1945/1945 2107/2107/2107
f 2092/2092/2092 2107/2107/2107 2108/2108/2108
f 2108/2108/2108 2107/2107/2107 2109/2109/2109
f 2108/2108/2108 2109/2109/2109 2110/2110/2110
f 2110/2110/2110 2109/2109/2109 1947/1947/1947
f 2110/2110/2110 1947/1947/1947 1941/1941/1941
f 2084/2084/2084 2086/2086/2086 2094/2094/2094
f 2084/2084/2084 2094/2094/2094 2111/2111/2111
f 2111/2111/2111 2094/2094/2094 2096/2096/2096
f 2111/2111/2111 2096/2096/2096 2112/2112/2112
f 2112/2112/2112 2096/2096/2096 1923/1923/1923
f 2112/2112/2112 1923/1923/1923 1917/1917/1917
f 2080/2080/2080 2079/2079/2079 2113/2113/2113
f 2080/2080/2080 2113/2113/2113 2114/2114/2114
f 2114/2114/2114 2113/2113/2113 2115/2115/2115
f 2114/2114/2114 2115/2115/2115 2116/2116/2116
f 2116/2116/2116 2115/2115/2115 2082/2082/2082
f 2116/2116/2116 2082/2082/2082 1974/1974/1974
f 1928/1928/1928 1927/1927/1927 2117/2117/2117
f 1928/1928/1928 2117/2117/2117 2093/2093/2093
f 2093/2093/2093 2117/2117/2117 2118/2118/2118
f 2093/2093/2093 2118/2118/2118 2095/2095/2095
f 2095/2095/2095 2118/2118/2118 1933/1933/1933
f 2095/2095/2095 1933/1933/1933 1924/1924/1924
f 2077/2077/2077 1967/1967/1967 2119/2119/2119
f 2077/2077/2077 2119/2119/2119 2120/2120/2120
f 2120/2120/2120 2119/2119/2119 2121/2121/2121
f 2120/2120/2120 2121/2121/2121 2122/2122/2122
f 2122/2122/2122 2121/2121/2121 1969/1969/1969
f 2122/2122/2122 1969/1969/1969 1963/1963/1963
f 1967/1967/1967 1966/1966/1966 2123/2123/2123
f 1967/1967/1967 2123/2123/2123 2119/2119/2119
f 2119/2119/2119 2123/2123/2123 2124/2124/2124
f 2119/2119/2119 2124/2124/2124 2121/2121/2121
f 2121/2121/2121 2124/2124/2124 1970/1970/1970
f 2121/2121/2121 1970/1970/1970 1969/1969/1969
f 2091/2091/2091 2092/2092/2092 2108/2108/2108
f 2091/2091/2091 2108/2108/2108 2125/2125/2125
f 2125/2125/2125 2108/2108/2108 2110/2110/2110
f 2125/2125/2125 2110/2110/2110 2126/2126/2126
f 2126/2126/2126 2110/2110/2110 1941/1941/1941
f 2126/2126/2126 1941/1941/1941 1938/1938/1938
f 1966/1966/1966 2080/2080/2080 2114/2114/2114
f 1966/1966/1966 2114/2114/2114 2123/2123/2123
f 2123/2123/2123 2114/2114/2114 2116/2116/2116
f 2123/2123/2123 2116/2116/2116 2124/2124/2124
f 2124/2124/2124 2116/2116/2116 1974/1974/1974
f 2124/2124/2124 1974/1974/1974 1970/1970/1970
f 2088/2088/2088 2087/2087/2087 2104/2104/2104
f 2088/2088/2088 2104/2104/2104 2127/2127/2127
f 2127/2127/2127 2104/2104/2104 2106/2106/2106
f 2127/2127/2127 2106/2106/2106 2128/2128/2128
f 2128/2128/2128 2106/2106/2106 1989/1989/1989
f 2128/2128/2128 1989/1989/1989 1987/1987/1987
f 2090/2090/2090 2089/2089/2089 2129/2129/2129
f 2090/2090/2090 2129/2129/2129 2130/2130/2130
f 2130/2130/2130 2129/2129/2129 2131/2131/2131
f 2130/2130/2130 2131/2131/2131 2132/2132/2132
f 2132/2132/2132 2131/2131/2131 1911/1911/1911
f 2132/2132/2132 1911/1911/1911 1902/1902/1902
f 1927/1927/1927 2091/2091/2091 2125/2125/2125
f 1927/1927/1927 2125/2125/2125 2117/2117/2117
f 2117/2117/2117 2125/2125/2125 2126/2126/2126
f 2117/2117/2117 2126/2126/2126 2118/2118/2118
f 2118/2118/2118 2126/2126/2126 1938/1938/1938
f 2118/2118/2118 1938/1938/1938 1933/1933/1933
f 1901/1901/1901 2075/2075/2075 2105/2105/2105
f 1901/1901/1901 2105/2105/2105 2133/2133/2133
f 2133/2133/2133 2105/2105/2105 2103/2103/2103
f 2133/2133/2133 2103/2103/2103 2134/2134/2134
f 2134/2134/2134 2103/2103/2103 1906/1906/1906
f 2134/2134/2134 1906/1906/1906 1908/1908/1908
f 1977/1977/1977 1976/1976/1976 2135/2135/2135
f 1977/1977/1977 2135/2135/2135 2136/2136/2136
f 2136/2136/2136 2135/2135/2135 2137/2137/2137
f 2136/2136/2136 2137/2137/2137 2138/2138/2138
f 2138/2138/2138 2137/2137/2137 1980/1980/1980
f 2138/2138/2138 1980/1980/1980 1979/1979/1979
f 2089/2089/2089 2085/2085/2085 2139/2139/2139
f 2089/2089/2089 2139/2139/2139 2129/2129/2129
f 2129/2129/2129 2139/2139/2139 2140/2140/2140
f 2129/2129/2129 2140/2140/2140 2131/2131/2131
f 2131/2131/2131 2140/2140/2140 1914/1914/1914
f 2131/2131/2131 1914/1914/1914 1911/1911/1911
f 2078/2078/2078 2077/2077/2077 2120/2120/2120
f 2078/2078/2078 2120/2120/2120 2101/2101/2101
f 2101/2101/2101 2120/2120/2120 2122/2122/2122
f 2101/2101/2101 2122/2122/2122 2102/2102/2102
f 2102/2102/2102 2122/2122/2122 1963/1963/1963
f 2102/2102/2102 1963/1963/1963 1959/1959/1959
f 1908/1908/1908 2090/2090/2090 2130/2130/2130
f 1908/1908/1908 2130/2130/2130 2134/2134/2134
f 2134/2134/2134 2130/2130/2130 2132/2132/2132
f 2134/2134/2134 2132/2132/2132 2133/2133/2133
f 2133/2133/2133 2132/2132/2132 1902/1902/1902
f 2133/2133/2133 1902/1902/1902 1901/1901/1901
f 2081/2081/2081 2088/2088/2088 2127/2127/2127
f 2081/2081/2081 2127/2127/2127 2141/2141/2141
f 2141/2141/2141 2127/2127/2127 2128/2128/2128
f 2141/2141/2141 2128/2128/2128 2142/2142/2142
f 2142/2142/2142 2128/2128/2128 1987/1987/1987
f 2142/2142/2142 1987/1987/1987 1983/1983/1983
f 1945/1945/1945 1944/1944/1944 2098/2098/2098
f 1945/1945/1945 2098/2098/2098 2107/2107/2107
f 2107/2107/2107 2098/2098/2098 2100/2100/2100
f 2107/2107/2107 2100/2100/2100 2109/2109/2109
f 2109/2109/2109 2100/2100/2100 1948/1948/1948
f 2109/2109/2109 1948/1948/1948 1947/1947/1947
f 1976/1976/1976 2081/2081/2081 2141/2141/2141
f 1976/1976/1976 2141/2141/2141 2135/2135/2135
f 2135/2135/2135 2141/2141/2141 2142/2142/2142
f 2135/2135/2135 2142/2142/2142 2137/2137/2137
f 2137/2137/2137 2142/2142/2142 1983/1983/1983
f 2137/2137/2137 1983/1983/1983 1980/1980/1980
f 2085/2085/2085 2084/2084/2084 2111/2111/2111
f 2085/2085/2085 2111/2111/2111 2139/2139/2139
f 2139/2139/2139 2111/2111/2111 2112/2112/2112
f 2139/2139/2139 2112/2112/2112 2140/2140/2140
f 2140/2140/2140 2112/2112/2112 1917/1917/1917
f 2140/2140/2140 1917/1917/1917 1914/1914/1914
f 1773/1773/1773 2090/2090/2090 1908/1908/1908
f 1773/1773/1773 1908/1908/1908 1907/1907/1907
f 2143/2143/2143 2144/2144/2144 96/96/96
f 2143/2143/2143 96/96/96 196/196/196
f 2145/2145/2145 135/135/135 134/134/134
f 2145/2145/2145 134/134/134 1755/1755/1755
f 866/866/866 2146/2146/2146 194/194/194
f 866/866/866 194/194/194 189/189/189
f 2147/2147/2147 723/723/723 176/176/176
f 2147/2147/2147 176/176/176 175/175/175
f 2145/2145/2145 192/192/192 120/120/120
f 2145/2145/2145 120/120/120 135/135/135
f 2146/2146/2146 1179/1179/1179 217/217/217
f 2146/2146/2146 217/217/217 194/194/194
f 2148/2148/2148 587/587/587 59/59/59
f 2148/2148/2148 59/59/59 110/110/110
f 588/588/588 865/865/865 152/152/152
f 588/588/588 152/152/152 60/60/60
f 2144/2144/2144 2149/2149/2149 91/91/91
f 2144/2144/2144 91/91/91 96/96/96
f 722/722/722 2150/2150/2150 74/74/74
f 722/722/722 74/74/74 73/73/73
f 2151/2151/2151 157/157/157 156/156/156
f 2151/2151/2151 156/156/156 1180/1180/1180
f 178/178/178 2143/2143/2143 196/196/196
f 178/178/178 196/196/196 46/46/46
f 1648/1648/1648 2148/2148/2148 110/110/110
f 1648/1648/1648 110/110/110 106/106/106
f 1754/1754/1754 92/92/92 91/91/91
f 1754/1754/1754 91/91/91 2149/2149/2149
f 2151/2151/2151 177/177/177 45/45/45
f 2151/2151/2151 45/45/45 157/157/157
f 193/193/193 2147/2147/2147 175/175/175
f 193/193/193 175/175/175 121/121/121
f 2152/2152/2152 2153/2153/2153 2154/2154/2154
f 2152/2152/2152 2154/2154/2154 2155/2155/2155
f 2155/2155/2155 2154/2154/2154 723/723/723
f 2155/2155/2155 723/723/723 2147/2147/2147
f 2156/2156/2156 2157/2157/2157 2158/2158/2158
f 2156/2156/2156 2158/2158/2158 2159/2159/2159
f 2159/2159/2159 2158/2158/2158 2144/2144/2144
f 2159/2159/2159 2144/2144/2144 2143/2143/2143
f 2157/2157/2157 2160/2160/2160 2161/2161/2161
f 2157/2157/2157 2161/2161/2161 2158/2158/2158
f 2158/2158/2158 2161/2161/2161 2149/2149/2149
f 2158/2158/2158 2149/2149/2149 2144/2144/2144
f 2162/2162/2162 2163/2163/2163 2164/2164/2164
f 2162/2162/2162 2164/2164/2164 2165/2165/2165
f 2165/2165/2165 2164/2164/2164 2146/2146/2146
f 2165/2165/2165 2146/2146/2146 866/866/866
f 2166/2166/2166 2167/2167/2167 2168/2168/2168
f 2166/2166/2166 2168/2168/2168 2169/2169/2169
f 2169/2169/2169 2168/2168/2168 2150/2150/2150
f 2169/2169/2169 2150/2150/2150 722/722/722
f 2170/2170/2170 2171/2171/2171 2172/2172/2172
f 2170/2170/2170 2172/2172/2172 2173/2173/2173
f 2173/2173/2173 2172/2172/2172 865/865/865
f 2173/2173/2173 865/865/865 588/588/588
f 2160/2160/2160 2174/2174/2174 2175/2175/2175
f 2160/2160/2160 2175/2175/2175 2161/2161/2161
f 2161/2161/2161 2175/2175/2175 1754/1754/1754
f 2161/2161/2161 1754/1754/1754 2149/2149/2149
f 2163/2163/2163 2176/2176/2176 2177/2177/2177
f 2163/2163/2163 2177/2177/2177 2164/2164/2164
f 2164/2164/2164 2177/2177/2177 1179/1179/1179
f 2164/2164/2164 1179/1179/1179 2146/2146/2146
f 2178/2178/2178 2152/2152/2152 2155/2155/2155
f 2178/2178/2178 2155/2155/2155 2179/2179/2179
f 2179/2179/2179 2155/2155/2155 2147/2147/2147
f 2179/2179/2179 2147/2147/2147 193/193/193
f 2180/2180/2180 2156/2156/2156 2159/2159/2159
f 2180/2180/2180 2159/2159/2159 2181/2181/2181
f 2181/2181/2181 2159/2159/2159 2143/2143/2143
f 2181/2181/2181 2143/2143/2143 178/178/178
f 2182/2182/2182 2183/2183/2183 2184/2184/2184
f 2182/2182/2182 2184/2184/2184 2185/2185/2185
f 2185/2185/2185 2184/2184/2184 2148/2148/2148
f 2185/2185/2185 2148/2148/2148 1648/1648/1648
f 2183/2183/2183 2186/2186/2186 2187/2187/2187
f 2183/2183/2183 2187/2187/2187 2184/2184/2184
f 2184/2184/2184 2187/2187/2187 587/587/587
f 2184/2184/2184 587/587/587 2148/2148/2148
f 2188/2188/2188 2189/2189/2189 2190/2190/2190
f 2188/2188/2188 2190/2190/2190 2191/2191/2191
f 2191/2191/2191 2190/2190/2190 2145/2145/2145
f 2191/2191/2191 2145/2145/2145 1755/1755/1755
f 2192/2192/2192 2193/2193/2193 2194/2194/2194
f 2192/2192/2192 2194/2194/2194 2195/2195/2195
f 2195/2195/2195 2194/2194/2194 2151/2151/2151
f 2195/2195/2195 2151/2151/2151 1180/1180/1180
f 2189/2189/2189 2196/2196/2196 2197/2197/2197
f 2189/2189/2189 2197/2197/2197 2190/2190/2190
f 2190/2190/2190 2197/2197/2197 192/192/192
f 2190/2190/2190 192/192/192 2145/2145/2145
f 2193/2193/2193 2198/2198/2198 2199/2199/2199
f 2193/2193/2193 2199/2199/2199 2194/2194/2194
f 2194/2194/2194 2199/2199/2199 177/177/177
f 2194/2194/2194 177/177/177 2151/2151/2151
f 2186/2186/2186 2170/2170/2170 2173/2173/2173
f 2186/2186/2186 2173/2173/2173 2187/2187/2187
f 2187/2187/2187 2173/2173/2173 588/588/588
f 2187/2187/2187 588/588/588 587/587/587
f 2153/2153/2153 2166/2166/2166 2169/2169/2169
f 2153/2153/2153 2169/2169/2169 2154/2154/2154
f 2154/2154/2154 2169/2169/2169 722/722/722
f 2154/2154/2154 722/722/722 723/723/723
f 2200/2200/2200 2182/2182/2182 2185/2185/2185
f 2200/2200/2200 2185/2185/2185 2201/2201/2201
f 2201/2201/2201 2185/2185/2185 1648/1648/1648
f 2201/2201/2201 1648/1648/1648 1647/1647/1647
f 2196/2196/2196 2178/2178/2178 2179/2179/2179
f 2196/2196/2196 2179/2179/2179 2197/2197/2197
f 2197/2197/2197 2179/2179/2179 193/193/193
f 2197/2197/2197 193/193/193 192/192/192
f 2198/2198/2198 2180/2180/2180 2181/2181/2181
f 2198/2198/2198 2181/2181/2181 2199/2199/2199
f 2199/2199/2199 2181/2181/2181 178/178/178
f 2199/2199/2199 178/178/178 177/177/177
f 2174/2174/2174 2188/2188/2188 2191/2191/2191
f 2174/2174/2174 2191/2191/2191 2175/2175/2175
f 2175/2175/2175 2191/2191/2191 1755/1755/1755
f 2175/2175/2175 1755/1755/1755 1754/1754/1754
f 2171/2171/2171 2162/2162/2162 2165/2165/2165
f 2171/2171/2171 2165/2165/2165 2172/2172/2172
f 2172/2172/2172 2165/2165/2165 866/866/866
f 2172/2172/2172 866/866/866 865/865/865
f 2176/2176/2176 2192/2192/2192 2195/2195/2195
f 2176/2176/2176 2195/2195/2195 2177/2177/2177
f 2177/2177/2177 2195/2195/2195 1180/1180/1180
f 2177/2177/2177 1180/1180/1180 1179/1179/1179